{
    "params": {
        "amounts": [
            -0.831576859303771,
            0.8642968234412084,
            0.99
        ],
        "qs": [
            0.1557394799944677,
            0.04836662608253527,
            0.22038773236021322
        ]
    },
    "window": 70,
    "sd": 0.23606867795817058
}