{
    "params": {
        "amounts": [
            0.8681072261390618,
            0.99,
            -0.9641335149561049,
            -0.6184145410938363
        ],
        "qs": [
            0.3953485292677232,
            0.9340032897554018,
            0.04759808824644561,
            0.99
        ]
    },
    "window": 40,
    "sd": 0.00957265664530584
}