{
    "params": {
        "qs": [
            0.199727985450123,
            0.99,
            -0.8900758088500145,
            0.32107301949176564
        ],
        "amounts": [
            -0.99,
            0.6811584318429357,
            0.022916027489142406,
            0.99
        ]
    },
    "window": 56,
    "sd": 0.007338033361675062
}