{
    "params": {
        "qs": [
            -0.38239467153495915,
            -0.29436675874329055
        ],
        "amounts": [
            -0.8950222994713632,
            0.9346999079809988
        ]
    },
    "window": 114,
    "sd": 0.5491386626121575
}