{
    "params": {
        "amounts": [
            -0.99,
            0.99,
            0.99
        ],
        "qs": [
            0.04096408114976097,
            0.2769043885489338,
            -0.020652991502051687
        ]
    },
    "window": 40,
    "sd": 0.033960167838434245
}