{
    "params": {
        "qs": [
            -0.8061822689534162,
            0.9074583139984693,
            -0.41066697588600376
        ],
        "amounts": [
            0.9553723593953259,
            -0.9886493950164083,
            0.9773420251812474
        ]
    },
    "window": 232,
    "sd": 0.5891632639763748
}