{
    "params": {
        "amounts": [
            -0.99,
            0.99
        ],
        "qs": [
            -0.05640356270901736,
            0.21465217686930005
        ]
    },
    "window": 40,
    "sd": 0.04372848577847822
}