{
    "params": {
        "qs": [
            -0.646172668013804,
            -0.4964676536022228
        ],
        "amounts": [
            0.99,
            -0.7352182876355093
        ]
    },
    "window": 630,
    "sd": 0.012801026633773584
}