{
    "params": {
        "amounts": [
            0.99,
            -0.9847882982830337
        ],
        "qs": [
            0.5924374923784882,
            -0.07574750584502826
        ]
    },
    "window": 45,
    "sd": 0.07814654352035211
}