{
    "params": {
        "amounts": [
            0
        ],
        "qs": [
            0.46936017411731346
        ]
    },
    "window": 20,
    "sd": 0.12916654520521856
}