{
    "params": {
        "amounts": [
            0
        ],
        "qs": [
            -0.5530725938753147
        ]
    },
    "window": 20,
    "sd": 0.047279132955640554
}