{
    "params": {
        "qs": [
            0.99,
            0.99,
            -0.16463869054629682
        ],
        "amounts": [
            0.2672329074702927,
            -0.674350934240894,
            0.5684744988532662
        ]
    },
    "window": 615,
    "sd": 0.16517096656124505
}