{
    "params": {
        "qs": [
            0.23909768929408992,
            -0.542085940297595,
            0.19034797181724317,
            0.623765515406849
        ],
        "amounts": [
            0.7237474338758154,
            -0.99,
            0.99,
            0.99
        ]
    },
    "window": 20,
    "sd": 0.15170047134472145
}