{
    "params": {
        "qs": [
            -0.3783712442925801,
            -0.8841038857604839,
            -0.12347413964201025
        ],
        "amounts": [
            -0.21754638136489854,
            0.49458965535256244,
            0.666625585858276
        ]
    },
    "window": 281,
    "sd": 0.05517888887692733
}