{
    "params": {
        "amounts": [
            0
        ],
        "qs": [
            -0.3462718831453224
        ]
    },
    "window": 20,
    "sd": 0.08640877089430517
}