{
    "params": {
        "qs": [
            0.7576879638790872
        ],
        "amounts": [
            -0.9524333719827183
        ]
    },
    "window": 608,
    "sd": 0.10853795444361906
}