{
    "params": {
        "amounts": [
            -0.976356870617924,
            0.9654168886193454
        ],
        "qs": [
            -0.018651957320411805,
            -0.01
        ]
    },
    "window": 230,
    "sd": 0.05665470737532989
}