{
    "params": {
        "qs": [
            0.073076629000201
        ],
        "amounts": [
            -0.99
        ]
    },
    "window": 361,
    "sd": 0.04192027877831799
}