{
    "params": {
        "amounts": [
            0.8870374478929434,
            0.99,
            -0.886716737524649
        ],
        "qs": [
            -0.12702629195751486,
            0.27827689832310626,
            -0.28414146169379356
        ]
    },
    "window": 40,
    "sd": 0.07814654352035211
}