{
    "params": {
        "qs": [
            0.5796395122042041,
            0.9891012182061659,
            -0.31942227050474736,
            -0.19699539752481718
        ],
        "amounts": [
            0.9034225621127964,
            -0.7074543273456522,
            -0.9263171165837252,
            0.9803470021976699
        ]
    },
    "window": 545,
    "sd": 0.0379146151793563
}