{
    "params": {
        "amounts": [
            -0.99,
            0.99,
            0.9363582161575963,
            0.8067872392617149
        ],
        "qs": [
            -0.07108879130928389,
            0.9806582432194016,
            0.1121756531165295,
            -0.0133560615153857
        ]
    },
    "window": 61,
    "sd": 0.29448561599166895
}