{
    "params": {
        "qs": [
            0.05714071114297509,
            0.851557710097242
        ],
        "amounts": [
            0.3714080561987594,
            -0.5482418829396456
        ]
    },
    "window": 1000,
    "sd": 0.08413224045236488
}