{
    "params": {
        "amounts": [
            0
        ],
        "qs": [
            -0.25008467906597853
        ]
    },
    "window": 20,
    "sd": 0.12916654520521856
}