{
    "params": {
        "qs": [
            -0.5771816111785719,
            -0.26560555231494787
        ],
        "amounts": [
            0.99,
            -0.14958757081357005
        ]
    },
    "window": 222,
    "sd": 0.03041036479914269
}