{
    "params": {
        "qs": [
            0.9805085920627169,
            0.99,
            -0.99
        ],
        "amounts": [
            0.30264846378612964,
            -0.9014380546786613,
            0.9812114479212127
        ]
    },
    "window": 33,
    "sd": 0.03753282921941786
}