{
    "params": {
        "qs": [
            0.01,
            -0.99,
            0.9413485737420387,
            0.99
        ],
        "amounts": [
            0.0022480009995556874,
            0.99,
            0.4901947277836315,
            -0.99
        ]
    },
    "window": 34,
    "sd": 0.01807786870147699
}