{
    "params": {
        "amounts": [
            0
        ],
        "qs": [
            0.7644801169030193
        ]
    },
    "window": 20,
    "sd": 1.0036224
}