{
    "params": {
        "qs": [
            0.247366873283269,
            0.023688283663096055,
            -0.7407449871862165
        ],
        "amounts": [
            0.99,
            -0.7184365939125169,
            0.09096338213249922
        ]
    },
    "window": 45,
    "sd": 0.01911219231319654
}