{
    "params": {
        "qs": [
            -0.9158955420249455,
            0.011975576789795061
        ],
        "amounts": [
            0.8747709174728322,
            -0.2675055713089096
        ]
    },
    "window": 20,
    "sd": 0.07687967331858213
}