{
    "params": {
        "qs": [
            -0.99,
            0.99,
            -0.99,
            0.99
        ],
        "amounts": [
            0.9670749013113832,
            -0.7413742529553167,
            0.99,
            0.26425509688725224
        ]
    },
    "window": 20,
    "sd": 0.8718927576011524
}