{
    "params": {
        "qs": [
            -0.04407797521899044,
            0.99,
            -0.99
        ],
        "amounts": [
            0.99,
            -0.99,
            0.99
        ]
    },
    "window": 20,
    "sd": 0.08468923635350849
}