{
    "params": {
        "qs": [
            0.4393518983750382,
            0.9539557817925053,
            -0.8203638919835584,
            -0.7365250231160066
        ],
        "amounts": [
            0.24678418803926827,
            -0.5307495920956228,
            0.45856945647374303,
            0.8785804871416646
        ]
    },
    "window": 339,
    "sd": 0.1210775504676386
}