{
    "params": {
        "qs": [
            -0.7278160646491707,
            -0.5510200604402969
        ],
        "amounts": [
            -0.9551740095274909,
            0.9799936131535489
        ]
    },
    "window": 320,
    "sd": 0.004310910671397553
}