{
    "params": {
        "qs": [
            -0.0922401050957571,
            0.9493747177662503
        ],
        "amounts": [
            0.715748134029596,
            -0.2300339305981945
        ]
    },
    "window": 476,
    "sd": 0.6384900043685885
}