{
    "params": {
        "qs": [
            0.4782118949616154,
            0.2707704379924941
        ],
        "amounts": [
            -0.06382175736915263,
            0.6071305919172136
        ]
    },
    "window": 630,
    "sd": 0.024035923994789488
}