{
    "params": {
        "qs": [
            -0.7262491762466567
        ],
        "amounts": [
            -0.12839549674254713
        ]
    },
    "window": 687,
    "sd": 0.0716350499327887
}