{
    "params": {
        "qs": [
            0.7924004015507765,
            0.8519761663770221,
            0.8894625216722318,
            -0.517100466305259
        ],
        "amounts": [
            -0.9011602119687978,
            0.9456660750036964,
            -0.9748955539618722,
            0.9399952939987924
        ]
    },
    "window": 276,
    "sd": 0.0055954874388768365
}