{
    "params": {
        "amounts": [
            0
        ],
        "qs": [
            0.08815667877878242
        ]
    },
    "window": 20,
    "sd": 0.047279132955640554
}