{
    "params": {
        "qs": [
            -0.7473764824073751,
            -0.6343742494359275
        ],
        "amounts": [
            -0.21731317131931824,
            0.99
        ]
    },
    "window": 113,
    "sd": 0.007965840174504892
}