{
    "params": {
        "amounts": [
            0
        ],
        "qs": [
            -0.07839064458375034
        ]
    },
    "window": 20,
    "sd": 0.00956456987955115
}