{
    "params": {
        "qs": [
            0.7291794963592143,
            0.99,
            -0.99,
            -0.99
        ],
        "amounts": [
            0.5938629702357945,
            0.99,
            -0.06505949085248197,
            0.22306977083413337
        ]
    },
    "window": 730,
    "sd": 0.583271631336611
}