{
    "params": {
        "qs": [
            -0.44105495612491763,
            -0.9806900046161695,
            0.99
        ],
        "amounts": [
            0.9268792862300037,
            0.99,
            -0.99
        ]
    },
    "window": 20,
    "sd": 0.06926791395334622
}