{
    "params": {
        "amounts": [
            0
        ],
        "qs": [
            0.5843839180475214
        ]
    },
    "window": 20,
    "sd": 0.047279132955640554
}