{
    "params": {
        "qs": [
            -0.99,
            -0.6599702302278252,
            -0.7239573083924783,
            0.7097713472856467
        ],
        "amounts": [
            0.99,
            0.8917104114549823,
            0.08457027450524557,
            -0.24052820484053405
        ]
    },
    "window": 323,
    "sd": 0.473924306894824
}