{
    "params": {
        "qs": [
            -0.99,
            0.6967815824403483,
            0.838679016120168,
            -0.48318420218183167
        ],
        "amounts": [
            -0.99,
            0.99,
            -0.99,
            -0.1345086936931167
        ]
    },
    "window": 630,
    "sd": 0.13998080507555644
}