{
    "params": {
        "qs": [
            0.037299342588344386,
            -0.99,
            0.3320483639767409,
            0.06302466999750866
        ],
        "amounts": [
            -0.99,
            -0.99,
            0.1286177148155503,
            0.99
        ]
    },
    "window": 20,
    "sd": 0.5153787048468034
}