{
    "params": {
        "qs": [
            0.01,
            -0.99,
            0.1159316934422504
        ],
        "amounts": [
            -0.5908505629826266,
            0.99,
            0.99
        ]
    },
    "window": 20,
    "sd": 0.023476436093168282
}