{
    "params": {
        "qs": [
            0.8018845543501676,
            -0.6361383583979184,
            0.6611510803853987
        ],
        "amounts": [
            -0.9813847986857982,
            0.99,
            0.31160449180816974
        ]
    },
    "window": 106,
    "sd": 0.05107651146619907
}