{
    "params": {
        "qs": [
            -0.8459363955133504,
            0.99
        ],
        "amounts": [
            0.99,
            -0.99
        ]
    },
    "window": 20,
    "sd": 0.10997985868046085
}