{
    "params": {
        "qs": [
            -0.721748328060181,
            -0.4818671600436522,
            -0.5647548713917969
        ],
        "amounts": [
            -0.9730000530101742,
            0.802049531427812,
            0.9527891142103105
        ]
    },
    "window": 339,
    "sd": 0.016260045026347137
}