{"ma": {"trend": "ma", "time_param": 1008, "q_params": {"(0.0, 0.25)": 1.0, "(0.25, 0.5)": 0.999, "(0.5, 0.75)": 0.998001, "(0.75, 1.0)": 0.997002999}, "pct": 1, "best_return": 13.251489883067313}, "ew_ma": {"trend": "ew_ma", "time_param": 1008, "q_params": {"(0.0, 0.25)": 1.0, "(0.25, 0.5)": 0.999, "(0.5, 0.75)": 0.998001, "(0.75, 1.0)": 0.997002999}, "pct": 1, "best_return": 13.251489883067313}, "rel_minmax": {"trend": "rel_minmax", "time_param": 1008, "q_params": {"(0.0, 0.25)": 1.0, "(0.25, 0.5)": 0.999, "(0.5, 0.75)": 0.998001, "(0.75, 1.0)": 0.997002999}, "pct": 1, "best_return": 13.251489883067313}, "ew_rel_minmax": {"time_param": 1961, "trend": "ew_rel_minmax", "q_params": {"(0, 0.8492593540095446)": 0.9947893567679224, "(0.8492593540095446, 0.8970453533330726)": 0.9809809980581383, "(0.8970453533330726, 0.9173466426423506)": 0.9575603815153161, "(0.9173466426423506, 1.0)": 0.02053245299509072}, "pct": 0.9947893567679224, "best_return": 20.159195908294166}}