{"ma": {"trend": "ma", "time_param": 1079, "q_params": {"(0, 0.3370949920231676)": 0.9999696364279989, "(0.3370949920231676, 0.42269819613335197)": 0.9998320089206445, "(0.42269819613335197, 0.4800716292256592)": 0.9991667179424633, "(0.4800716292256592, 0.4947863262233465)": 0.9647243240474841, "(0.4947863262233465, 0.5398456074537861)": 0.9605982671000677, "(0.5398456074537861, 0.5703760843388025)": 0.9571272208204724, "(0.5703760843388025, 0.9779650871322294)": 0.955912196734288, "(0.9779650871322294, 0.9793952252100337)": 0.8570199813533413, "(0.9793952252100337, 0.9859843531553929)": 0.2876619321944916, "(0.9859843531553929, 1.0)": 0.012572518036371855}, "best_return": 3.916479759350862, "pct": 0.955912196734288}, "ew_ma": {"trend": "ew_ma", "time_param": 1079, "q_params": {"(0, 0.5252924681833113)": 0.9999967438207322, "(0.5252924681833113, 0.644739722866653)": 0.9999342994620353, "(0.644739722866653, 0.6548596421086301)": 0.9997532550070493, "(0.6548596421086301, 0.6678500254048082)": 0.9991528632289007, "(0.6678500254048082, 0.6706929672662795)": 0.9796575367827222, "(0.6706929672662795, 0.76978026651724)": 0.9591610628548267, "(0.76978026651724, 0.962830298929044)": 0.9587292676878186, "(0.962830298929044, 0.971415613040114)": 0.8801890814519617, "(0.971415613040114, 0.9889463363048893)": 0.8743623622591083, "(0.9889463363048893, 1.0)": 0.0006163967045583216}, "best_return": 3.857157203898743, "pct": 0.9587292676878186}, "rel_minmax": {"trend": "rel_minmax", "time_param": 1079, "q_params": {"(0.0, 0.038927364716529314)": 0.9999797552935611, "(0.038927364716529314, 0.4527494331164098)": 0.999943135395487, "(0.4527494331164098, 0.5293655180271948)": 0.9998397659995687, "(0.5293655180271948, 0.712542729330817)": 0.9952764921620892, "(0.712542729330817, 0.7158467302057906)": 0.9817392306768905, "(0.7158467302057906, 0.7189858842075536)": 0.9152462219319493, "(0.7189858842075536, 0.7314891516080506)": 0.9051383166617656, "(0.7314891516080506, 0.8112117679354311)": 0.904799902844001, "(0.8112117679354311, 0.8146003234092419)": 0.5910484539838179, "(0.8146003234092419, 1.0)": 0.4697867627736083}, "best_return": 3.806051124408582, "pct": 1}, "ew_rel_minmax": {"trend": "ew_rel_minmax", "time_param": 1079, "q_params": {"(0.0, 0.44740351481986596)": 0.9999948455360361, "(0.44740351481986596, 0.6624248447591614)": 0.9973194093716212, "(0.6624248447591614, 0.684022512336762)": 0.996648689794079, "(0.684022512336762, 0.713019407678048)": 0.9961257915141695, "(0.713019407678048, 0.7247501384292304)": 0.9605178409308881, "(0.7247501384292304, 0.7253833201593212)": 0.9485580959105763, "(0.7253833201593212, 0.7548660267022007)": 0.9389515538158497, "(0.7548660267022007, 0.7841674656400827)": 0.8751023792118061, "(0.7841674656400827, 0.9799825726552961)": 0.5020006707423822, "(0.9799825726552961, 1.0)": 0.48196137219519336}, "best_return": 3.806051124408582, "pct": 1}}