{"ma": {"trend": "ma", "time_param": 1079, "q_params": {"(0, 0.34919633012329776)": 0.9999964738633594, "(0.34919633012329776, 0.4393056828056544)": 0.9998320089206445, "(0.4393056828056544, 0.47162950691728683)": 0.9989028387564176, "(0.47162950691728683, 0.49490081901366095)": 0.979973674688858, "(0.49490081901366095, 0.5340183179595396)": 0.9752968191907163, "(0.5340183179595396, 0.5703760843388025)": 0.9657962972217593, "(0.5703760843388025, 0.9779650871322294)": 0.955625640619872, "(0.9779650871322294, 0.9792936774128941)": 0.8925048609350332, "(0.9792936774128941, 0.9828767723144519)": 0.297826160247239, "(0.9828767723144519, 1.0)": 0.03687497356663303}, "best_return": 16.274567757440327, "pct": 0.955625640619872}, "ew_ma": {"trend": "ew_ma", "time_param": 1079, "q_params": {"(0, 0.4684030225849748)": 0.9999667703529358, "(0.4684030225849748, 0.6306739459940521)": 0.999886631891563, "(0.6306739459940521, 0.6577807030922163)": 0.9998326194405407, "(0.6577807030922163, 0.6687874978943863)": 0.9991528632289007, "(0.6687874978943863, 0.6710244757465357)": 0.9741704265189953, "(0.6710244757465357, 0.6804994598973634)": 0.9610598356189886, "(0.6804994598973634, 0.962830298929044)": 0.9587292676878186, "(0.962830298929044, 0.971415613040114)": 0.9092894045920277, "(0.971415613040114, 0.9799776034115991)": 0.8725955208703879, "(0.9799776034115991, 1.0)": 0.0006163967045583216}, "best_return": 18.062050377144892, "pct": 0.9587292676878186}, "rel_minmax": {"trend": "rel_minmax", "time_param": 1079, "q_params": {"(0, 0.038927364716529314)": 0.9999797552935611, "(0.038927364716529314, 0.3650703504049371)": 0.9998511359137587, "(0.3650703504049371, 0.4909159780218666)": 0.9968758542800739, "(0.4909159780218666, 0.712542729330817)": 0.9952764921620892, "(0.712542729330817, 0.7202610868390117)": 0.9827479876673179, "(0.7202610868390117, 0.7204443596760154)": 0.9596994061119315, "(0.7204443596760154, 0.7614351780545588)": 0.9051383166617656, "(0.7614351780545588, 0.8127337862381601)": 0.904799902844001, "(0.8127337862381601, 0.8218405638229366)": 0.623340162694068, "(0.8218405638229366, 1.0)": 0.5018845919779505}, "best_return": 15.565132686359728, "pct": 0.5018845919779505}, "ew_rel_minmax": {"trend": "ew_rel_minmax", "time_param": 1079, "q_params": {"(0, 0.44740351481986596)": 0.9999948455360361, "(0.44740351481986596, 0.6624248447591614)": 0.9997280704257683, "(0.6624248447591614, 0.6826933194703468)": 0.9984161995239014, "(0.6826933194703468, 0.7021672139956273)": 0.9947459725706344, "(0.7021672139956273, 0.7156785599232212)": 0.991932954560899, "(0.7156785599232212, 0.7205363073127965)": 0.9646413142727409, "(0.7205363073127965, 0.7343407245989682)": 0.9389515538158497, "(0.7343407245989682, 0.7882841905631873)": 0.678833964436911, "(0.7882841905631873, 0.823871004950421)": 0.47881324998186786, "(0.823871004950421, 1.0)": 0.4742917798522086}, "best_return": 16.135028895467443, "pct": 0.4742917798522086}}