{"ma": {"trend": "ma", "time_param": 1079, "q_params": {"(0, 0.34119034902058887)": 0.999848519642591, "(0.34119034902058887, 0.43491679373546954)": 0.9998320089206445, "(0.43491679373546954, 0.4800716292256592)": 0.9991667179424633, "(0.4800716292256592, 0.5214679751940496)": 0.9704944680312224, "(0.5214679751940496, 0.5313710119671962)": 0.9605982671000677, "(0.5313710119671962, 0.5703760843388025)": 0.9571272208204724, "(0.5703760843388025, 0.9779650871322294)": 0.955625640619872, "(0.9779650871322294, 0.9793952252100337)": 0.8441839294230221, "(0.9793952252100337, 0.9820520002586077)": 0.2876619321944916, "(0.9820520002586077, 1.0)": 0.030778666850742}, "best_return": 16.2075516253128, "pct": 0.955625640619872}, "ew_ma": {"trend": "ew_ma", "time_param": 1079, "q_params": {"(0, 0.5252924681833113)": 0.9999967438207322, "(0.5252924681833113, 0.6464368043175355)": 0.9999273417448625, "(0.6464368043175355, 0.6548596421086301)": 0.9997532550070493, "(0.6548596421086301, 0.6678500254048082)": 0.9991528632289007, "(0.6678500254048082, 0.6710244757465357)": 0.9796575367827222, "(0.6710244757465357, 0.76978026651724)": 0.9591610628548267, "(0.76978026651724, 0.962830298929044)": 0.9587292676878186, "(0.962830298929044, 0.971415613040114)": 0.8801890814519617, "(0.971415613040114, 0.9799776034115991)": 0.8743623622591083, "(0.9799776034115991, 1.0)": 0.0006163967045583216}, "best_return": 17.75796413267457, "pct": 0.9587292676878186}, "rel_minmax": {"trend": "rel_minmax", "time_param": 1079, "q_params": {"(0, 0.038927364716529314)": 0.9999797552935611, "(0.038927364716529314, 0.4527494331164098)": 0.999943135395487, "(0.4527494331164098, 0.5293655180271948)": 0.9998397659995687, "(0.5293655180271948, 0.712542729330817)": 0.9952764921620892, "(0.712542729330817, 0.7158467302057906)": 0.9817392306768905, "(0.7158467302057906, 0.7189858842075536)": 0.9152462219319493, "(0.7189858842075536, 0.7314891516080506)": 0.9051383166617656, "(0.7314891516080506, 0.8127337862381601)": 0.904799902844001, "(0.8127337862381601, 0.8218405638229366)": 0.5910484539838179, "(0.8218405638229366, 1.0)": 0.4697867627736083}, "best_return": 15.485204944479165, "pct": 0.4697867627736083}, "ew_rel_minmax": {"trend": "ew_rel_minmax", "time_param": 1079, "q_params": {"(0, 0.44740351481986596)": 0.9999948455360361, "(0.44740351481986596, 0.6624248447591614)": 0.9973194093716212, "(0.6624248447591614, 0.68875591209025)": 0.9966880221846788, "(0.68875591209025, 0.713019407678048)": 0.9961257915141695, "(0.713019407678048, 0.7156785599232212)": 0.9942846370240509, "(0.7156785599232212, 0.7253833201593212)": 0.9485580959105763, "(0.7253833201593212, 0.7548660267022007)": 0.9389515538158497, "(0.7548660267022007, 0.7841674656400827)": 0.8792891906308173, "(0.7841674656400827, 0.97197223712554)": 0.5020006707423822, "(0.97197223712554, 1.0)": 0.48196137219519336}, "best_return": 14.960632233805587, "pct": 0.48196137219519336}}