{"ma": {"time_param": 122, "trend": "ma", "q_params": {"(0.0, 0.7612816566023307)": 0.9999798769853651, "(0.7612816566023307, 0.8643990093579744)": 0.997957052500685, "(0.8643990093579744, 0.8811284140816875)": 0.9795224771170296, "(0.8811284140816875, 1.0)": 0.00010410079278394047}, "pct": 0.9999798769853651, "best_return": 1.771882388076694}, "ew_ma": {"time_param": 74, "trend": "ew_ma", "q_params": {"(0.0, 0.8731870152108896)": 0.9999991192494154, "(0.8731870152108896, 0.9127374316439528)": 0.999864818616023, "(0.9127374316439528, 0.9215511332275275)": 0.9544416377325713, "(0.9215511332275275, 1.0)": 0.014825945536804809}, "pct": 0.9999991192494154, "best_return": 1.7919050711499738}, "rel_minmax": {"trend": "rel_minmax", "time_param": 126, "q_params": {"(0.0, 0.2961360932393888)": 1.0, "(0.2961360932393888, 0.6126184819503204)": 0.999964005808455, "(0.6126184819503204, 0.9625879000664486)": 0.9993137668149114, "(0.9625879000664486, 1.0)": 0.997002999}, "pct": 1, "best_return": 1.6230439877846239}, "ew_rel_minmax": {"trend": "ew_rel_minmax", "time_param": 126, "q_params": {"(0.0, 0.49720742962278763)": 0.9997601553718571, "(0.49720742962278763, 0.7773011700057928)": 0.9996559619129175, "(0.7773011700057928, 0.8694193586260366)": 0.998830348254433, "(0.8694193586260366, 1.0)": 0.997002999}, "pct": 1, "best_return": 1.6230439877846239}}