{"ma": {"trend": "ma", "time_param": 1079, "q_params": {"(0, 0.3532469158638402)": 1.0, "(0.3532469158638402, 0.41469249373359024)": 0.9999996563611747, "(0.41469249373359024, 0.47966625816710007)": 0.9999942872883524, "(0.47966625816710007, 0.5161117525591755)": 0.9987939101106076, "(0.5161117525591755, 0.5345160311679861)": 0.9944012363749573, "(0.5345160311679861, 0.541249312515114)": 0.9941457682940352, "(0.541249312515114, 0.549864038382621)": 0.9941449320575919, "(0.549864038382621, 0.97666521271372)": 0.9933360511613009, "(0.97666521271372, 0.9869061397972456)": 0.1804802289048927, "(0.9869061397972456, 1.0)": 0.08554371674566233}, "best_return": 16.30608115779524, "pct": 0.9933360511613009}, "ew_ma": {"trend": "ew_ma", "time_param": 1079, "q_params": {"(0, 0.5809210554858096)": 0.9999999895441194, "(0.5809210554858096, 0.6225377796818692)": 0.999999989316828, "(0.6225377796818692, 0.6270476152791731)": 0.9999998644981718, "(0.6270476152791731, 0.6612065310754175)": 0.9999997009751395, "(0.6612065310754175, 0.6721315003600081)": 0.9999945308450745, "(0.6721315003600081, 0.6837966945887629)": 0.9999920166093267, "(0.6837966945887629, 0.7067183373472881)": 0.9999478394479366, "(0.7067183373472881, 0.7223758642653892)": 0.9928230481794899, "(0.7223758642653892, 0.9912593086036349)": 0.9707295669473758, "(0.9912593086036349, 1.0)": 0.023177611452347563}, "best_return": 18.650683455313256, "pct": 0.9707295669473758}, "rel_minmax": {"trend": "rel_minmax", "time_param": 1079, "q_params": {"(0, 0.5044733500499634)": 0.9999996657513844, "(0.5044733500499634, 0.6550707949919663)": 0.9999989199371292, "(0.6550707949919663, 0.7228643240346881)": 0.9999908688007098, "(0.7228643240346881, 0.7273840215629515)": 0.9996514396087836, "(0.7273840215629515, 0.7286815467553945)": 0.9927761908469538, "(0.7286815467553945, 0.7304308521951713)": 0.992744669706617, "(0.7304308521951713, 0.7321998417522697)": 0.9918692898254042, "(0.7321998417522697, 0.7383692767731961)": 0.9913528023237791, "(0.7383692767731961, 0.8237810908368255)": 0.7599529430228902, "(0.8237810908368255, 1.0)": 0.4348363780868415}, "best_return": 16.381550878365665, "pct": 0.4348363780868415}, "ew_rel_minmax": {"trend": "ew_rel_minmax", "time_param": 1079, "q_params": {"(0, 0.2957397101786319)": 0.999978999370892, "(0.2957397101786319, 0.6697449217287723)": 0.999958082333232, "(0.6697449217287723, 0.6763364435355547)": 0.9999565648350474, "(0.6763364435355547, 0.6820776363284512)": 0.9999407026045856, "(0.6820776363284512, 0.7127191982896188)": 0.99646780934136, "(0.7127191982896188, 0.7277813854729486)": 0.980939051241316, "(0.7277813854729486, 0.7345046311175194)": 0.9210492339730426, "(0.7345046311175194, 0.7349424059190995)": 0.5177831523686737, "(0.7349424059190995, 0.7382573488562376)": 0.5150907796912025, "(0.7382573488562376, 1.0)": 0.49848126407134385}, "best_return": 17.657277918265613, "pct": 0.49848126407134385}}