{"ma": {"trend": "ma", "time_param": 1079, "q_params": {"(0, 0.35031698745825557)": 1.0, "(0.35031698745825557, 0.4446484296280949)": 0.9999995589750493, "(0.4446484296280949, 0.47966625816710007)": 0.9999942872883524, "(0.47966625816710007, 0.5004403566079355)": 0.9942197705186034, "(0.5004403566079355, 0.5322590767156264)": 0.9942176241045002, "(0.5322590767156264, 0.5416048027718566)": 0.9941457682940352, "(0.5416048027718566, 0.5480703712601668)": 0.9941446139462556, "(0.5480703712601668, 0.9796664501473815)": 0.9941446043093198, "(0.9796664501473815, 0.9801823579942408)": 0.3575863950670806, "(0.9801823579942408, 1.0)": 0.08380397850751628}, "best_return": 16.926811759452775, "pct": 0.9941446043093198}, "ew_ma": {"trend": "ew_ma", "time_param": 1079, "q_params": {"(0, 0.5995321353865296)": 1.0, "(0.5995321353865296, 0.6201806128187284)": 0.9999999744869397, "(0.6201806128187284, 0.6478165664847853)": 0.9999986270882638, "(0.6478165664847853, 0.6612736165211193)": 0.9999970330494925, "(0.6612736165211193, 0.6638153278197721)": 0.9999969219960798, "(0.6638153278197721, 0.6837966945887629)": 0.999985064547096, "(0.6837966945887629, 0.6977086635227031)": 0.9999478394479366, "(0.6977086635227031, 0.7142056897230548)": 0.9928868522021831, "(0.7142056897230548, 0.9912593086036349)": 0.9927877123806145, "(0.9912593086036349, 1.0)": 0.006242933374082315}, "best_return": 18.658091203789468, "pct": 0.9927877123806145}, "rel_minmax": {"trend": "rel_minmax", "time_param": 1079, "q_params": {"(0, 0.4981027265475139)": 1.0, "(0.4981027265475139, 0.5237382094577805)": 0.9999999127832476, "(0.5237382094577805, 0.7228643240346881)": 0.9999987404317582, "(0.7228643240346881, 0.7260454687015893)": 0.9996514396087836, "(0.7260454687015893, 0.7279997953247768)": 0.9991154541442293, "(0.7279997953247768, 0.7286931035155678)": 0.9968392450350924, "(0.7286931035155678, 0.7353540097988089)": 0.9913763252561189, "(0.7353540097988089, 0.7421036552325818)": 0.9913711342207702, "(0.7421036552325818, 0.8237810908368255)": 0.9913492504060158, "(0.8237810908368255, 1.0)": 0.413628877488843}, "best_return": 17.071314366265483, "pct": 0.413628877488843}, "ew_rel_minmax": {"trend": "ew_rel_minmax", "time_param": 1079, "q_params": {"(0, 0.6556010509465579)": 1.0, "(0.6556010509465579, 0.6705743509863761)": 0.9999965844958004, "(0.6705743509863761, 0.6763364435355547)": 0.9999410934852686, "(0.6763364435355547, 0.6820776363284512)": 0.999940639925953, "(0.6820776363284512, 0.7211111429610751)": 0.9999406228282148, "(0.7211111429610751, 0.7226113077356784)": 0.9996509737160443, "(0.7226113077356784, 0.7306559450720658)": 0.9990192129241721, "(0.7306559450720658, 0.7380526735922702)": 0.5786869029372693, "(0.7380526735922702, 0.7382573488562376)": 0.5254949378928606, "(0.7382573488562376, 1.0)": 0.5101182858139324}, "best_return": 17.907739378108786, "pct": 0.5101182858139324}}