{"ma": {"time_param": 110, "trend": "ma", "q_params": {"(0, 0.6386859202636538)": 0.9999462091674697, "(0.6386859202636538, 0.7783521468530563)": 0.9990862610476935, "(0.7783521468530563, 0.8315456215527864)": 0.9715978136691433, "(0.8315456215527864, 1.0)": 0.0001465240447292747}, "pct": 0.9999462091674697, "best_return": 1.6415377464470302}, "ew_ma": {"time_param": 25, "trend": "ew_ma", "q_params": {"(0, 0.923017509986831)": 0.9999785681377161, "(0.923017509986831, 0.9695118655621747)": 0.9995674922612653, "(0.9695118655621747, 0.9870423687879185)": 0.9746266882448228, "(0.9870423687879185, 1.0)": 0.017346927384730704}, "pct": 0.9999785681377161, "best_return": 1.5225102060491278}, "rel_minmax": {"trend": "rel_minmax", "time_param": 75, "q_params": {"(0.0, 0.25)": 1.0, "(0.25, 0.5)": 0.999, "(0.5, 0.75)": 0.998001, "(0.75, 1.0)": 0.997002999}, "pct": 1, "best_return": 1.4506211065439887}, "ew_rel_minmax": {"time_param": 96, "trend": "ew_rel_minmax", "q_params": {"(0.0, 0.6145998166965266)": 0.9997128256148289, "(0.6145998166965266, 0.9649603528770577)": 0.9960068158496989, "(0.9649603528770577, 0.9650459534435543)": 0.865234623408815, "(0.9650459534435543, 1.0)": 0.04103136177584655}, "pct": 0.9997128256148289, "best_return": 1.6047273045255928}}