{"ma": {"trend": "ma", "time_param": 1079, "q_params": {"(0, 0.35631798905513856)": 0.9999983741558345, "(0.35631798905513856, 0.42970204232106096)": 0.9999983127254786, "(0.42970204232106096, 0.4951738511236872)": 0.9989181163612071, "(0.4951738511236872, 0.49769050392227815)": 0.996433094084596, "(0.49769050392227815, 0.5163921031555382)": 0.9959243016107088, "(0.5163921031555382, 0.5369344489281418)": 0.9943661736857371, "(0.5369344489281418, 0.6345987003167872)": 0.9936051853784403, "(0.6345987003167872, 0.9571721377579564)": 0.9933360511613009, "(0.9571721377579564, 0.9896023681820029)": 0.16690638513335146, "(0.9896023681820029, 1.0)": 0.0902885352782644}, "best_return": 15.61798333732471, "pct": 0.9933360511613009}, "ew_ma": {"trend": "ew_ma", "time_param": 1079, "q_params": {"(0, 0.5846002222267617)": 0.9999999966729524, "(0.5846002222267617, 0.5960904438384176)": 0.999999989316828, "(0.5960904438384176, 0.6227574147536439)": 0.9999994382485002, "(0.6227574147536439, 0.6547770940684277)": 0.9999982585514734, "(0.6547770940684277, 0.6721315003600081)": 0.9999951970489864, "(0.6721315003600081, 0.702999189119651)": 0.9900480692688975, "(0.702999189119651, 0.7067183373472881)": 0.9895936937623605, "(0.7067183373472881, 0.7318858817686327)": 0.9740205319682782, "(0.7318858817686327, 0.9942988534498401)": 0.944719125399565, "(0.9942988534498401, 1.0)": 0.03186820378056612}, "best_return": 15.502324493838028, "pct": 0.944719125399565}, "rel_minmax": {"trend": "rel_minmax", "time_param": 1079, "q_params": {"(0, 0.48397859609643196)": 0.9999998964639223, "(0.48397859609643196, 0.6916335268866197)": 0.9999989199371292, "(0.6916335268866197, 0.7239707965206678)": 0.9996840049808925, "(0.7239707965206678, 0.7276692256054009)": 0.9996514396087836, "(0.7276692256054009, 0.7280594472375974)": 0.993571155978239, "(0.7280594472375974, 0.7336491410748849)": 0.9923734588058387, "(0.7336491410748849, 0.7353978617961109)": 0.9918692898254042, "(0.7353978617961109, 0.7425717708550171)": 0.9634612230680983, "(0.7425717708550171, 0.8237810908368255)": 0.7187845497473248, "(0.8237810908368255, 1.0)": 0.4490158199141899}, "best_return": 15.956084516075652, "pct": 0.4490158199141899}, "ew_rel_minmax": {"trend": "ew_rel_minmax", "time_param": 1079, "q_params": {"(0, 0.2760628178821628)": 0.9999961003578258, "(0.2760628178821628, 0.5896438735264989)": 0.999958082333232, "(0.5896438735264989, 0.6642002865879616)": 0.9999565648350474, "(0.6642002865879616, 0.6744665042452478)": 0.9877863970473278, "(0.6744665042452478, 0.6912518467932699)": 0.9823664400587379, "(0.6912518467932699, 0.708417672183895)": 0.97533042643545, "(0.708417672183895, 0.7130247630802024)": 0.9210492339730426, "(0.7130247630802024, 0.7307688535468776)": 0.5325363480251681, "(0.7307688535468776, 0.7876484108118071)": 0.510516791085565, "(0.7876484108118071, 1.0)": 0.49848126407134385}, "best_return": 16.50960734655116, "pct": 0.49848126407134385}}