{"ma": {"time_param": 338, "trend": "ma", "q_params": {"(0, 0.865992387635475)": 0.9998872886344835, "(0.865992387635475, 0.8904469646123891)": 0.9902786730151122, "(0.8904469646123891, 0.9130823904602112)": 0.0029505155130498256, "(0.9130823904602112, 1.0)": 3.686926473090651e-05}, "pct": 0.9998872886344835, "best_return": 4.8618950380883295}, "ew_ma": {"time_param": 811, "trend": "ew_ma", "q_params": {"(0, 0.9095127526269013)": 0.9999911635069066, "(0.9095127526269013, 0.949029503152491)": 0.9996932886072432, "(0.949029503152491, 0.9606642514093129)": 0.9777441236135751, "(0.9606642514093129, 1.0)": 0.01149968561488586}, "pct": 0.9996932886072432, "best_return": 5.176548082752048}, "rel_minmax": {"trend": "rel_minmax", "time_param": 755, "q_params": {"(0.0, 0.25)": 1.0, "(0.25, 0.5)": 0.999, "(0.5, 0.75)": 0.998001, "(0.75, 1.0)": 0.997002999}, "pct": 1, "best_return": 4.007356850404823}, "ew_rel_minmax": {"time_param": 1135, "trend": "ew_rel_minmax", "q_params": {"(0, 0.9756440540234709)": 0.9998475898262481, "(0.9756440540234709, 0.9886687421425324)": 0.9938982410626784, "(0.9886687421425324, 0.9892508508964879)": 0.0678128266298682, "(0.9892508508964879, 1.0)": 0.00622706788347349}, "pct": 0.9998475898262481, "best_return": 4.745396584384466}}