{"ma": {"time_param": 1860, "trend": "ma", "q_params": {"(0.0, 0.9713084896240731)": 0.9999997422331914, "(0.9713084896240731, 0.9804814369125191)": 0.9999847994607263, "(0.9804814369125191, 0.9838493118648207)": 0.03791797633701592, "(0.9838493118648207, 1.0)": 3.943380044047406e-06}, "pct": 0.9999997422331914, "best_return": 48.01985979834639}, "ew_ma": {"trend": "ew_ma", "time_param": 1260, "q_params": {"(0.0, 0.9610748308117399)": 1.0, "(0.9610748308117399, 0.9753922769977244)": 0.9999174582049544, "(0.9753922769977244, 0.9851508536080655)": 0.9999172163303723, "(0.9851508536080655, 1.0)": 8.407783554241174e-05}, "pct": 1.0, "best_return": 48.98540961747846}, "rel_minmax": {"trend": "rel_minmax", "time_param": 1260, "q_params": {"(0.0, 0.25)": 1.0, "(0.25, 0.5)": 0.999, "(0.5, 0.75)": 0.998001, "(0.75, 1.0)": 0.997002999}, "pct": 1, "best_return": 37.92272964095147}, "ew_rel_minmax": {"time_param": 1668, "trend": "ew_rel_minmax", "q_params": {"(0.0, 0.924881515737264)": 0.9999999898484626, "(0.924881515737264, 0.9339918992108763)": 0.9999987981916508, "(0.9339918992108763, 0.9473355872760868)": 0.9998415355479037, "(0.9473355872760868, 1.0)": 0.0004811048128951607}, "pct": 0.9999999898484626, "best_return": 71.65165052744126}}