{"ma": {"trend": "ma", "time_param": 1079, "q_params": {"(0, 0.35053156799629875)": 0.9999335108115517, "(0.35053156799629875, 0.4133385093706581)": 0.9998813960201508, "(0.4133385093706581, 0.4683973118953392)": 0.998759371574893, "(0.4683973118953392, 0.49769050392227815)": 0.9981060169791123, "(0.49769050392227815, 0.4982821492789775)": 0.9963794213284655, "(0.4982821492789775, 0.5215878493971856)": 0.9951294721754333, "(0.5215878493971856, 0.6281398444553993)": 0.991405119952615, "(0.6281398444553993, 0.9571721377579564)": 0.9686847769104423, "(0.9571721377579564, 0.961004704694208)": 0.21595047854066393, "(0.961004704694208, 1.0)": 0.09923961948162735}, "best_return": 15.961080302032485, "pct": 0.9686847769104423}, "ew_ma": {"trend": "ew_ma", "time_param": 1079, "q_params": {"(0, 0.5205493104645257)": 0.9999997029167601, "(0.5205493104645257, 0.5474184458378385)": 0.9968645827524996, "(0.5474184458378385, 0.6383761211994017)": 0.9968238512395127, "(0.6383761211994017, 0.6570348168418308)": 0.9967823188164229, "(0.6570348168418308, 0.6934812635583782)": 0.9816317957955322, "(0.6934812635583782, 0.7062730930653929)": 0.9566741713416397, "(0.7062730930653929, 0.708127107612091)": 0.9502121358355292, "(0.708127107612091, 0.7598421182179304)": 0.9476166621987023, "(0.7598421182179304, 0.9869558323030218)": 0.9153767919115688, "(0.9869558323030218, 1.0)": 0.5344600833716261}, "best_return": 16.3806244555158, "pct": 0.9153767919115688}, "rel_minmax": {"trend": "rel_minmax", "time_param": 1079, "q_params": {"(0, 0.43210370647076035)": 0.9999901904846904, "(0.43210370647076035, 0.6852172807277314)": 0.9998021365806171, "(0.6852172807277314, 0.7228681488062685)": 0.9996180236480505, "(0.7228681488062685, 0.7282910413891561)": 0.9993365535731601, "(0.7282910413891561, 0.7401330377992771)": 0.9989594522696094, "(0.7401330377992771, 0.7411055684232553)": 0.9989420017023546, "(0.7411055684232553, 0.7698672595306099)": 0.996037199535167, "(0.7698672595306099, 0.8013385747821419)": 0.9781257878792016, "(0.8013385747821419, 0.8116448421833374)": 0.7629246549429213, "(0.8116448421833374, 1.0)": 0.47272493273919136}, "best_return": 16.25539300102892, "pct": 0.47272493273919136}, "ew_rel_minmax": {"trend": "ew_rel_minmax", "time_param": 1079, "q_params": {"(0, 0.2464118295106051)": 0.999906513964043, "(0.2464118295106051, 0.6372736821910345)": 0.9992810997673434, "(0.6372736821910345, 0.6762878623172306)": 0.9917731913082822, "(0.6762878623172306, 0.6803386515737582)": 0.9768406615825787, "(0.6803386515737582, 0.6984052227868642)": 0.955620782747551, "(0.6984052227868642, 0.6991250828500035)": 0.9315881948574938, "(0.6991250828500035, 0.7360405233657287)": 0.8075359088562546, "(0.7360405233657287, 0.7612487479055589)": 0.6031670199076306, "(0.7612487479055589, 0.7922055403955609)": 0.5075508004443875, "(0.7922055403955609, 1.0)": 0.43231953731520184}, "best_return": 16.71748345568647, "pct": 0.43231953731520184}}