{"ma": {"trend": "ma", "time_param": 1079, "q_params": {"(0, 0.35353870852665154)": 0.9991682391952442, "(0.35353870852665154, 0.44326863528524785)": 0.9991567048635952, "(0.44326863528524785, 0.4732081746001813)": 0.9989028387564176, "(0.4732081746001813, 0.48007576549715714)": 0.9853493485410697, "(0.48007576549715714, 0.5100270851817165)": 0.9789781605930057, "(0.5100270851817165, 0.5768855913242272)": 0.9770879752223929, "(0.5768855913242272, 0.9496681581271195)": 0.9770808713871958, "(0.9496681581271195, 0.9613291605340488)": 0.937180945080666, "(0.9613291605340488, 0.98859532356826)": 0.4293576111677362, "(0.98859532356826, 1.0)": 0.06910251630865145}, "best_return": 16.127836122189887, "pct": 0.9770808713871958}, "ew_ma": {"trend": "ew_ma", "time_param": 1079, "q_params": {"(0.0, 0.5259880998785897)": 0.9999540742574257, "(0.5259880998785897, 0.5337357029775678)": 0.9995146212467382, "(0.5337357029775678, 0.6243868902061984)": 0.9944687342110612, "(0.6243868902061984, 0.6703704663510053)": 0.9926616201579342, "(0.6703704663510053, 0.6733407450731005)": 0.9182139511421226, "(0.6733407450731005, 0.6798709622034119)": 0.9176046131924226, "(0.6798709622034119, 0.6860917657595796)": 0.9024855116576614, "(0.6860917657595796, 0.7122748816756055)": 0.8810352646285149, "(0.7122748816756055, 0.9799776034115991)": 0.8796707509847723, "(0.9799776034115991, 1.0)": 0.28513001945123984}, "best_return": 17.895095289059263, "pct": 0.8796707509847723}, "rel_minmax": {"trend": "rel_minmax", "time_param": 1079, "q_params": {"(0, 0.059004977591725044)": 0.9999797552935611, "(0.059004977591725044, 0.21416450077844654)": 0.999976790831894, "(0.21416450077844654, 0.7035946678527576)": 0.999886868553307, "(0.7035946678527576, 0.7193099773221124)": 0.996255695077301, "(0.7193099773221124, 0.7229929891461777)": 0.9606505252003535, "(0.7229929891461777, 0.7316332698483856)": 0.9574114046952563, "(0.7316332698483856, 0.7956337045889862)": 0.9541115324067199, "(0.7956337045889862, 0.8122963747680321)": 0.9497740231317144, "(0.8122963747680321, 0.8128918978024595)": 0.8119249692166963, "(0.8128918978024595, 1.0)": 0.5888699855894899}, "best_return": 16.858196875524158, "pct": 0.5888699855894899}, "ew_rel_minmax": {"trend": "ew_rel_minmax", "time_param": 1079, "q_params": {"(0, 0.4423294836448236)": 0.9995760970167854, "(0.4423294836448236, 0.45273290445113573)": 0.9990442614603039, "(0.45273290445113573, 0.6650932185414586)": 0.9979029628550359, "(0.6650932185414586, 0.7032991201051587)": 0.9801587643149712, "(0.7032991201051587, 0.7178617782624456)": 0.9798102174877449, "(0.7178617782624456, 0.7246186470040118)": 0.9349823217400269, "(0.7246186470040118, 0.7464105784513877)": 0.9297874545225335, "(0.7464105784513877, 0.8009800401221117)": 0.5217811671391154, "(0.8009800401221117, 0.8325232057373435)": 0.47489760410099546, "(0.8325232057373435, 1.0)": 0.47405528746532993}, "best_return": 16.649566042023714, "pct": 0.47405528746532993}}