{"ma": {"trend": "ma", "time_param": 1079, "q_params": {"(0, 0.35631798905513856)": 0.9999335108115517, "(0.35631798905513856, 0.4629192410520174)": 0.9998041286448673, "(0.4629192410520174, 0.4951738511236872)": 0.9994585630743844, "(0.4951738511236872, 0.49769050392227815)": 0.9981060169791123, "(0.49769050392227815, 0.5199624732472399)": 0.9950855595093431, "(0.5199624732472399, 0.5448555116962447)": 0.9949330072318908, "(0.5448555116962447, 0.6538771428582832)": 0.9933414666383915, "(0.6538771428582832, 0.9571721377579564)": 0.9933360511613009, "(0.9571721377579564, 0.9710978612783658)": 0.1973460515098044, "(0.9710978612783658, 1.0)": 0.12147981870101121}, "best_return": 15.972515701899193, "pct": 0.9933360511613009}, "ew_ma": {"trend": "ew_ma", "time_param": 1079, "q_params": {"(0, 0.5691294258220809)": 0.9999997029167601, "(0.5691294258220809, 0.5771599649341864)": 0.9999995947623155, "(0.5771599649341864, 0.6465129152679352)": 0.9999993305643633, "(0.6465129152679352, 0.6616562421975152)": 0.9999982585514734, "(0.6616562421975152, 0.6946518575851249)": 0.9999951970489864, "(0.6946518575851249, 0.703917797017464)": 0.9727140671928717, "(0.703917797017464, 0.7167967765495666)": 0.9695941421764852, "(0.7167967765495666, 0.7565785244227865)": 0.9476166621987023, "(0.7565785244227865, 0.9876128511672805)": 0.9249933232866938, "(0.9876128511672805, 1.0)": 0.010303555824028584}, "best_return": 17.80761346119241, "pct": 0.9249933232866938}, "rel_minmax": {"trend": "rel_minmax", "time_param": 1079, "q_params": {"(0, 0.4312087248268889)": 0.9999990618338616, "(0.4312087248268889, 0.7137202487743011)": 0.999788383006195, "(0.7137202487743011, 0.7239707965206678)": 0.9996126887460715, "(0.7239707965206678, 0.7284372635769636)": 0.9994701493530869, "(0.7284372635769636, 0.7306552127747816)": 0.9992681976360389, "(0.7306552127747816, 0.7314568743169881)": 0.9968682202066657, "(0.7314568743169881, 0.7353978617961109)": 0.9955669235235635, "(0.7353978617961109, 0.7698846255393214)": 0.980103135924819, "(0.7698846255393214, 0.8169384123001033)": 0.6990609683685092, "(0.8169384123001033, 1.0)": 0.45750668680917445}, "best_return": 15.857626187265712, "pct": 0.45750668680917445}, "ew_rel_minmax": {"trend": "ew_rel_minmax", "time_param": 1079, "q_params": {"(0, 0.25935986384876575)": 0.999906513964043, "(0.25935986384876575, 0.6224354139870968)": 0.9953919641701778, "(0.6224354139870968, 0.6719857529487386)": 0.9935338787566924, "(0.6719857529487386, 0.6744665042452478)": 0.9877863970473278, "(0.6744665042452478, 0.6916029314309686)": 0.9754812591032254, "(0.6916029314309686, 0.6926549195642925)": 0.9249798692009077, "(0.6926549195642925, 0.7130247630802024)": 0.9210492339730426, "(0.7130247630802024, 0.7740680754356386)": 0.5625287709448177, "(0.7740680754356386, 0.8010677699258094)": 0.48501910113829544, "(0.8010677699258094, 1.0)": 0.43377735991030825}, "best_return": 16.09793202124193, "pct": 0.43377735991030825}}