{"ma": {"trend": "ma", "time_param": 1079, "q_params": {"(0.0, 0.34919633012329776)": 0.9997767089378099, "(0.34919633012329776, 0.4361569465491333)": 0.9997665851742992, "(0.4361569465491333, 0.47428363623329317)": 0.9989028387564176, "(0.47428363623329317, 0.49618524845942413)": 0.9815393201994224, "(0.49618524845942413, 0.5371927283771664)": 0.9806508019266718, "(0.5371927283771664, 0.5703760843388025)": 0.9780931954215827, "(0.5703760843388025, 0.9779650871322294)": 0.9659847948731715, "(0.9779650871322294, 0.9792936774128941)": 0.950212054423671, "(0.9792936774128941, 0.9858214823108101)": 0.297826160247239, "(0.9858214823108101, 1.0)": 0.024957882847246867}, "best_return": 17.1539350509625, "pct": 0.9659847948731715}, "ew_ma": {"trend": "ew_ma", "time_param": 1079, "q_params": {"(0, 0.41992100315022557)": 0.9999667703529358, "(0.41992100315022557, 0.6334863021811984)": 0.9998741103336422, "(0.6334863021811984, 0.6461322114342344)": 0.9995103587520007, "(0.6461322114342344, 0.6685482061274642)": 0.9991528632289007, "(0.6685482061274642, 0.6710244757465357)": 0.9735106114948818, "(0.6710244757465357, 0.6789678013820425)": 0.9591914177708316, "(0.6789678013820425, 0.9613193845459614)": 0.9547322252095481, "(0.9613193845459614, 0.963212510470721)": 0.9256732871824918, "(0.963212510470721, 0.9799776034115991)": 0.8796707509847723, "(0.9799776034115991, 1.0)": 0.00447155794218336}, "best_return": 18.347173521558624, "pct": 0.9547322252095481}, "rel_minmax": {"trend": "rel_minmax", "time_param": 1079, "q_params": {"(0, 0.038927364716529314)": 0.9999797552935611, "(0.038927364716529314, 0.3650703504049371)": 0.9997071992155154, "(0.3650703504049371, 0.44482402190482684)": 0.9968564068197461, "(0.44482402190482684, 0.7069073837880439)": 0.9839904781913877, "(0.7069073837880439, 0.7102618589106525)": 0.9587254801294646, "(0.7102618589106525, 0.7223004103042174)": 0.913448497537729, "(0.7223004103042174, 0.7614351780545588)": 0.9057101820505101, "(0.7614351780545588, 0.8127337862381601)": 0.904799902844001, "(0.8127337862381601, 0.8128918978024595)": 0.6728178795852308, "(0.8128918978024595, 1.0)": 0.4962382509421024}, "best_return": 16.374437444330347, "pct": 0.4962382509421024}, "ew_rel_minmax": {"trend": "ew_rel_minmax", "time_param": 1079, "q_params": {"(0.0, 0.4428329470456265)": 0.9999948455360361, "(0.4428329470456265, 0.6602192292870411)": 0.9997280704257683, "(0.6602192292870411, 0.6826933194703468)": 0.998041042706764, "(0.6826933194703468, 0.7100501159899116)": 0.9920401558535443, "(0.7100501159899116, 0.7156785599232212)": 0.9771106834663448, "(0.7156785599232212, 0.7402672054361306)": 0.9683696687931731, "(0.7402672054361306, 0.7480607092158361)": 0.9490453665666958, "(0.7480607092158361, 0.7970188786760547)": 0.6767259287552494, "(0.7970188786760547, 0.823871004950421)": 0.47881324998186786, "(0.823871004950421, 1.0)": 0.4742917798522086}, "best_return": 16.512006468874034, "pct": 0.4742917798522086}}