{"ma": {"trend": "ma", "time_param": 1079, "q_params": {"(0, 0.3769819405943366)": 0.9999335108115517, "(0.3769819405943366, 0.4199882274047349)": 0.9990244448094365, "(0.4199882274047349, 0.4683973118953392)": 0.9988641125279754, "(0.4683973118953392, 0.4800469891247817)": 0.9981060169791123, "(0.4800469891247817, 0.5062062450229982)": 0.996529127744476, "(0.5062062450229982, 0.5215878493971856)": 0.9901679431778364, "(0.5215878493971856, 0.6274984489110751)": 0.9812658055526927, "(0.6274984489110751, 0.9571721377579564)": 0.9686847769104423, "(0.9571721377579564, 0.9623757243056149)": 0.21595047854066393, "(0.9623757243056149, 1.0)": 0.12738708053570263}, "best_return": 16.03345425901932, "pct": 0.9686847769104423}, "ew_ma": {"trend": "ew_ma", "time_param": 1079, "q_params": {"(0, 0.5205493104645257)": 0.9999997029167601, "(0.5205493104645257, 0.5288032773008596)": 0.9968645827524996, "(0.5288032773008596, 0.6383761211994017)": 0.9962688047568738, "(0.6383761211994017, 0.6631471519762291)": 0.9899309292031098, "(0.6631471519762291, 0.6805336202566353)": 0.9827162761034455, "(0.6805336202566353, 0.6999378600920749)": 0.9629910771834932, "(0.6999378600920749, 0.7094980825162467)": 0.9510400533070702, "(0.7094980825162467, 0.7598421182179304)": 0.9476166621987023, "(0.7598421182179304, 0.9769645242038761)": 0.9292826032349089, "(0.9769645242038761, 1.0)": 0.5427412142912289}, "best_return": 16.154237026531582, "pct": 0.9292826032349089}, "rel_minmax": {"trend": "rel_minmax", "time_param": 1079, "q_params": {"(0, 0.4307036227612672)": 0.9999901904846904, "(0.4307036227612672, 0.6759775775555069)": 0.9998132727696962, "(0.6759775775555069, 0.7228681488062685)": 0.999470167456432, "(0.7228681488062685, 0.7337885180115978)": 0.9991278247409116, "(0.7337885180115978, 0.7395727138789132)": 0.9990747961505108, "(0.7395727138789132, 0.7659525534321976)": 0.9989420017023546, "(0.7659525534321976, 0.7881711278492834)": 0.9901053576956163, "(0.7881711278492834, 0.7882117584958224)": 0.932902838511343, "(0.7882117584958224, 0.8116448421833374)": 0.7664646717851162, "(0.8116448421833374, 1.0)": 0.473986315068924}, "best_return": 16.086313156977027, "pct": 0.473986315068924}, "ew_rel_minmax": {"trend": "ew_rel_minmax", "time_param": 1079, "q_params": {"(0, 0.2430245725663102)": 0.9997667825895868, "(0.2430245725663102, 0.6372736821910345)": 0.9953447373446813, "(0.6372736821910345, 0.6527836772388697)": 0.9917731913082822, "(0.6527836772388697, 0.6742683902982293)": 0.9806178602171566, "(0.6742683902982293, 0.6949415107307617)": 0.9544432401013169, "(0.6949415107307617, 0.7253384281877295)": 0.9112684123109002, "(0.7253384281877295, 0.75813513083832)": 0.7961393750700827, "(0.75813513083832, 0.7631311375070554)": 0.5898386022362199, "(0.7631311375070554, 0.7980746710389752)": 0.5073896647495028, "(0.7980746710389752, 1.0)": 0.42908712447851766}, "best_return": 16.40660884023542, "pct": 0.42908712447851766}}