{"ma": {"trend": "ma", "time_param": 1079, "q_params": {"(0, 0.35353870852665154)": 0.9998014737828845, "(0.35353870852665154, 0.44326863528524785)": 0.9992582056788002, "(0.44326863528524785, 0.46280424695932104)": 0.9989028387564176, "(0.46280424695932104, 0.48007576549715714)": 0.9850393437024463, "(0.48007576549715714, 0.5371927283771664)": 0.9806469561819054, "(0.5371927283771664, 0.7410843464935862)": 0.9783903453151496, "(0.7410843464935862, 0.9496681581271195)": 0.9777892483962765, "(0.9496681581271195, 0.9702472021309987)": 0.9733889528244268, "(0.9702472021309987, 0.9769615491811826)": 0.45519611728307185, "(0.9769615491811826, 1.0)": 0.055270121323699566}, "best_return": 16.09937777307061, "pct": 0.9777892483962765}, "ew_ma": {"trend": "ew_ma", "time_param": 1079, "q_params": {"(0, 0.5259880998785897)": 0.9999540742574257, "(0.5259880998785897, 0.5471420160486778)": 0.9995146212467382, "(0.5471420160486778, 0.647447384134473)": 0.9995103587520007, "(0.647447384134473, 0.6642182814125253)": 0.9926616201579342, "(0.6642182814125253, 0.6781696691809608)": 0.9735106114948818, "(0.6781696691809608, 0.6851720608007887)": 0.9669091405023029, "(0.6851720608007887, 0.6879083752807508)": 0.9560837718833132, "(0.6879083752807508, 0.7039755689061079)": 0.893463911144058, "(0.7039755689061079, 0.9799776034115991)": 0.8796707509847723, "(0.9799776034115991, 1.0)": 0.10952190254710056}, "best_return": 17.975628666167026, "pct": 0.8796707509847723}, "rel_minmax": {"trend": "rel_minmax", "time_param": 1079, "q_params": {"(0, 0.038927364716529314)": 0.9999797552935611, "(0.038927364716529314, 0.12195486467183568)": 0.999976790831894, "(0.12195486467183568, 0.7035946678527576)": 0.999886868553307, "(0.7035946678527576, 0.7160078063966276)": 0.9945521626486699, "(0.7160078063966276, 0.7234766928075211)": 0.957501792563279, "(0.7234766928075211, 0.7316332698483856)": 0.9574114046952563, "(0.7316332698483856, 0.7329266539772634)": 0.901152706548344, "(0.7329266539772634, 0.7426128865097221)": 0.8853617069276095, "(0.7426128865097221, 0.8128918978024595)": 0.7297732412252801, "(0.8128918978024595, 1.0)": 0.5303973009649005}, "best_return": 15.787983051709134, "pct": 0.5303973009649005}, "ew_rel_minmax": {"trend": "ew_rel_minmax", "time_param": 1079, "q_params": {"(0, 0.4423294836448236)": 0.9998866340456585, "(0.4423294836448236, 0.6468442314301285)": 0.9988756426682666, "(0.6468442314301285, 0.6826933194703468)": 0.9979029628550359, "(0.6826933194703468, 0.7032991201051587)": 0.9892884201235205, "(0.7032991201051587, 0.7178617782624456)": 0.9771106834663448, "(0.7178617782624456, 0.7419121742808114)": 0.9297910996817855, "(0.7419121742808114, 0.7464105784513877)": 0.9297874545225335, "(0.7464105784513877, 0.7872000438319429)": 0.49228815356952027, "(0.7872000438319429, 0.8325232057373435)": 0.47489760410099546, "(0.8325232057373435, 1.0)": 0.47405528746532993}, "best_return": 16.470114634559675, "pct": 0.47405528746532993}}