{"ma": {"trend": "ma", "time_param": 1079, "q_params": {"(0, 0.35031698745825557)": 1.0, "(0.35031698745825557, 0.4446484296280949)": 0.9999995589750493, "(0.4446484296280949, 0.47966625816710007)": 0.9999942872883524, "(0.47966625816710007, 0.5004403566079355)": 0.9942197705186034, "(0.5004403566079355, 0.531784534655084)": 0.9942173764045054, "(0.531784534655084, 0.5416048027718566)": 0.9941457682940352, "(0.5416048027718566, 0.5542046607288632)": 0.9941446139462556, "(0.5542046607288632, 0.9787376949365748)": 0.9941446043093198, "(0.9787376949365748, 0.9801823579942408)": 0.4293363427394765, "(0.9801823579942408, 1.0)": 0.24821196938350032}, "best_return": 16.300603004166355, "pct": 0.9941446043093198}, "ew_ma": {"trend": "ew_ma", "time_param": 1079, "q_params": {"(0, 0.5995321353865296)": 1.0, "(0.5995321353865296, 0.6239201381528846)": 0.9999999744869397, "(0.6239201381528846, 0.6478165664847853)": 0.9999981582180877, "(0.6478165664847853, 0.6541671980255127)": 0.9999966745505924, "(0.6541671980255127, 0.6638153278197721)": 0.9999891345187369, "(0.6638153278197721, 0.6837966945887629)": 0.999985064547096, "(0.6837966945887629, 0.6977086635227031)": 0.9999478394479366, "(0.6977086635227031, 0.7142056897230548)": 0.9928868522021831, "(0.7142056897230548, 0.9912593086036349)": 0.9927877123806145, "(0.9912593086036349, 1.0)": 0.006242933374082315}, "best_return": 18.331563903237473, "pct": 0.9927877123806145}, "rel_minmax": {"trend": "rel_minmax", "time_param": 1079, "q_params": {"(0, 0.4981027265475139)": 1.0, "(0.4981027265475139, 0.5237382094577805)": 0.9999999127832476, "(0.5237382094577805, 0.7149461950888661)": 0.9999987404317582, "(0.7149461950888661, 0.7265219424369345)": 0.999955818007482, "(0.7265219424369345, 0.7274771491246684)": 0.9986604188563165, "(0.7274771491246684, 0.7286931035155678)": 0.9925251421086166, "(0.7286931035155678, 0.7353540097988089)": 0.9913763252561189, "(0.7353540097988089, 0.7421036552325818)": 0.9913553441565824, "(0.7421036552325818, 0.8290967154153454)": 0.9913492504060158, "(0.8290967154153454, 1.0)": 0.45646949029251455}, "best_return": 16.468336941402463, "pct": 0.45646949029251455}, "ew_rel_minmax": {"trend": "ew_rel_minmax", "time_param": 1079, "q_params": {"(0.0, 0.6518307555847224)": 1.0, "(0.6518307555847224, 0.6710003475415883)": 0.9999965844958004, "(0.6710003475415883, 0.6712235692688782)": 0.9999747641713942, "(0.6712235692688782, 0.6820776363284512)": 0.999940639925953, "(0.6820776363284512, 0.7211111429610751)": 0.9999406228282148, "(0.7211111429610751, 0.7244377184512816)": 0.9996064042775095, "(0.7244377184512816, 0.7306559450720658)": 0.9990192129241721, "(0.7306559450720658, 0.7381920623590457)": 0.6783880189969701, "(0.7381920623590457, 0.7382573488562376)": 0.5839941557242123, "(0.7382573488562376, 1.0)": 0.5048877221335815}, "best_return": 17.669843411957487, "pct": 0.5048877221335815}}