{"ma": {"trend": "ma", "time_param": 251, "q_params": {"(0, 0.966646533143556)": 1.0, "(0.966646533143556, 0.9777726305158096)": 0.9999994954465455, "(0.9777726305158096, 0.98220933094856)": 0.9989052903213695, "(0.98220933094856, 1.0)": 0.00017925517250162411}, "pct": 1.0, "best_return": 2.495703037250726}, "ew_ma": {"trend": "ew_ma", "time_param": 251, "q_params": {"(0.0, 0.5698096400287631)": 1.0, "(0.5698096400287631, 0.6193148945408008)": 0.9996569037912487, "(0.6193148945408008, 0.9730319673347614)": 0.999656773146526, "(0.9730319673347614, 1.0)": 9.459264683467525e-05}, "pct": 0.999656773146526, "best_return": 2.496714101839327}, "rel_minmax": {"trend": "rel_minmax", "time_param": 251, "q_params": {"(0.0, 0.6935642307481255)": 1.0, "(0.6935642307481255, 0.7930767795568511)": 0.9994790083324628, "(0.7930767795568511, 0.9760723170055063)": 0.9994510514622429, "(0.9760723170055063, 1.0)": 0.028137958213343292}, "pct": 1, "best_return": 2.35546553409469}, "ew_rel_minmax": {"trend": "ew_rel_minmax", "time_param": 251, "q_params": {"(0.0, 0.9774983901851467)": 1.0, "(0.9774983901851467, 0.9848130407445498)": 0.9999944472383401, "(0.9848130407445498, 0.9864029492431797)": 0.008973372471562449, "(0.9864029492431797, 1.0)": 0.0006724426435947461}, "pct": 1.0, "best_return": 2.62093244744254}}