{"ma": {"trend": "ma", "time_param": 1079, "q_params": {"(0.0, 0.46437823730745575)": 0.9999999999999688, "(0.46437823730745575, 0.4935193162443768)": 0.9999999997777954, "(0.4935193162443768, 0.5193105580462242)": 0.9999999596913979, "(0.5193105580462242, 0.5563434699711635)": 0.9999961152273148, "(0.5563434699711635, 0.5705110279304698)": 0.9997381315577133, "(0.5705110279304698, 0.590206834283228)": 0.9608506642886054, "(0.590206834283228, 0.6127015915299658)": 0.9607465218243132, "(0.6127015915299658, 0.9825793728715169)": 0.9607454308175882, "(0.9825793728715169, 0.9859649362593303)": 0.00658172257904563, "(0.9859649362593303, 1.0)": 5.1336889844712155e-05}, "best_return": 3.972572048818941, "pct": 0.9607454308175882}, "ew_ma": {"trend": "ew_ma", "time_param": 1079, "q_params": {"(0.0, 0.020168532571436044)": 0.9999998401210763, "(0.020168532571436044, 0.6059372757664221)": 0.9994041116584154, "(0.6059372757664221, 0.6536809289943086)": 0.9993951111583655, "(0.6536809289943086, 0.659820526492041)": 0.999190066009187, "(0.659820526492041, 0.664309813156241)": 0.9771612529495587, "(0.664309813156241, 0.9459380994328422)": 0.9771612469328146, "(0.9459380994328422, 0.9885103904745)": 0.9771609152690672, "(0.9885103904745, 0.9919766950630865)": 0.9770780956497239, "(0.9919766950630865, 0.9947724722699497)": 0.0004941842572608118, "(0.9947724722699497, 1.0)": 6.573421997806936e-05}, "best_return": 3.9332340884213814, "pct": 0.9771609152690672}, "rel_minmax": {"trend": "rel_minmax", "time_param": 1079, "q_params": {"(0.0, 0.038927364716529314)": 0.9999797552935611, "(0.038927364716529314, 0.4527494331164098)": 0.999943135395487, "(0.4527494331164098, 0.5293655180271948)": 0.9998397659995687, "(0.5293655180271948, 0.712542729330817)": 0.9952764921620892, "(0.712542729330817, 0.7158467302057906)": 0.9817392306768905, "(0.7158467302057906, 0.7189858842075536)": 0.9152462219319493, "(0.7189858842075536, 0.7314891516080506)": 0.9051383166617656, "(0.7314891516080506, 0.8112117679354311)": 0.904799902844001, "(0.8112117679354311, 0.8146003234092419)": 0.5910484539838179, "(0.8146003234092419, 1.0)": 0.4697867627736083}, "best_return": 3.7053995523273566, "pct": 1}, "ew_rel_minmax": {"trend": "ew_rel_minmax", "time_param": 1079, "q_params": {"(0.0, 0.44740351481986596)": 0.9999948455360361, "(0.44740351481986596, 0.6624248447591614)": 0.9973194093716212, "(0.6624248447591614, 0.684022512336762)": 0.996648689794079, "(0.684022512336762, 0.713019407678048)": 0.9961257915141695, "(0.713019407678048, 0.7247501384292304)": 0.9605178409308881, "(0.7247501384292304, 0.7253833201593212)": 0.9485580959105763, "(0.7253833201593212, 0.7548660267022007)": 0.9389515538158497, "(0.7548660267022007, 0.7841674656400827)": 0.8751023792118061, "(0.7841674656400827, 0.9799825726552961)": 0.5020006707423822, "(0.9799825726552961, 1.0)": 0.48196137219519336}, "best_return": 3.7053995523273566, "pct": 1}}