{"ma": {"time_param": 1860, "trend": "ma", "q_params": {"(0.0, 0.59814562996844)": 0.9835749240625405, "(0.59814562996844, 0.7741024075784061)": 0.9727042127242016, "(0.7741024075784061, 0.9778115063709971)": 0.9350409474562739, "(0.9778115063709971, 1.0)": 0.3160915311883261}, "pct": 1, "best_return": 40.490424861538415}, "ew_ma": {"trend": "ew_ma", "time_param": 1260, "q_params": {"(0, 0.970686680228581)": 1.0, "(0.970686680228581, 0.9759346572320535)": 0.9999190119001801, "(0.9759346572320535, 0.9851508536080655)": 0.9999172163303723, "(0.9851508536080655, 1.0)": 0.005019238414564798}, "pct": 1.0, "best_return": 52.61561132729223}, "rel_minmax": {"trend": "rel_minmax", "time_param": 1260, "q_params": {"(0.0, 0.25)": 1.0, "(0.25, 0.5)": 0.999, "(0.5, 0.75)": 0.998001, "(0.75, 1.0)": 0.997002999}, "pct": 1, "best_return": 40.490424861538415}, "ew_rel_minmax": {"time_param": 1668, "trend": "ew_rel_minmax", "q_params": {"(0, 0.9115338652403919)": 0.9999922605583998, "(0.9115338652403919, 0.9396951212171776)": 0.9994783731193504, "(0.9396951212171776, 0.9476098137506674)": 0.9643325688950094, "(0.9476098137506674, 1.0)": 0.00330132176691283}, "pct": 0.9999922605583998, "best_return": 70.51415512306227}}