{"ma": {"trend": "ma", "time_param": 1079, "q_params": {"(0, 0.3779116541631221)": 0.9999870938419889, "(0.3779116541631221, 0.39684383256395456)": 0.9999481062949004, "(0.39684383256395456, 0.4528734011395606)": 0.9967878002901668, "(0.4528734011395606, 0.4820657284661187)": 0.996669215965115, "(0.4820657284661187, 0.4877920265552713)": 0.9883146472361686, "(0.4877920265552713, 0.5279658069965449)": 0.9822966677593793, "(0.5279658069965449, 0.6032007324010201)": 0.9688291504614525, "(0.6032007324010201, 0.9571721377579564)": 0.9686847769104423, "(0.9571721377579564, 0.9623757243056149)": 0.21541514678836932, "(0.9623757243056149, 1.0)": 0.134880195721877}, "best_return": 16.759453954557195, "pct": 0.9686847769104423}, "ew_ma": {"trend": "ew_ma", "time_param": 1079, "q_params": {"(0, 0.507656272076843)": 0.9989689072911095, "(0.507656272076843, 0.5368618148084091)": 0.9978963993492975, "(0.5368618148084091, 0.6620515579401103)": 0.9968870660914086, "(0.6620515579401103, 0.6754286833635521)": 0.9921200925854239, "(0.6754286833635521, 0.6779845229294238)": 0.9771393432426604, "(0.6779845229294238, 0.6821635296142886)": 0.9629910771834932, "(0.6821635296142886, 0.6929462345747278)": 0.9349355759624199, "(0.6929462345747278, 0.7454847073741525)": 0.9317762784269119, "(0.7454847073741525, 0.9799776034115991)": 0.9270274393431336, "(0.9799776034115991, 1.0)": 0.5247441126329838}, "best_return": 16.481185187582394, "pct": 0.9270274393431336}, "rel_minmax": {"trend": "rel_minmax", "time_param": 1079, "q_params": {"(0, 0.4284978937411726)": 0.9999901904846904, "(0.4284978937411726, 0.6830755252381315)": 0.999976790831894, "(0.6830755252381315, 0.7189482153701915)": 0.999886868553307, "(0.7189482153701915, 0.7290746499635127)": 0.9959372345232361, "(0.7290746499635127, 0.7403326947251434)": 0.9944148224308077, "(0.7403326947251434, 0.7708374331050897)": 0.9908330812124505, "(0.7708374331050897, 0.782648053626912)": 0.9741362098847575, "(0.782648053626912, 0.7985285069488451)": 0.9432194862838442, "(0.7985285069488451, 0.8116448421833374)": 0.7884337802979913, "(0.8116448421833374, 1.0)": 0.463711951407996}, "best_return": 16.704021441549056, "pct": 0.463711951407996}, "ew_rel_minmax": {"trend": "ew_rel_minmax", "time_param": 1079, "q_params": {"(0, 0.2681035583331839)": 0.999904950553223, "(0.2681035583331839, 0.6374682606128825)": 0.9997338773848725, "(0.6374682606128825, 0.6700027095347237)": 0.9937990786445602, "(0.6700027095347237, 0.6986778162100021)": 0.9623430345094617, "(0.6986778162100021, 0.7103021447916411)": 0.9482494491006375, "(0.7103021447916411, 0.7246186470040118)": 0.9291291400584466, "(0.7246186470040118, 0.7550944307521209)": 0.8084749842866641, "(0.7550944307521209, 0.7631311375070554)": 0.576434145788748, "(0.7631311375070554, 0.7972256054034299)": 0.5128290075296578, "(0.7972256054034299, 1.0)": 0.42955610779121584}, "best_return": 17.166299843754707, "pct": 0.42955610779121584}}