{"ma": {"time_param": 1860, "trend": "ma", "q_params": {"(0, 0.8595852806519894)": 0.9999997422331914, "(0.8595852806519894, 0.9804866620157076)": 0.9999847994607263, "(0.9804866620157076, 0.9813160088743625)": 0.9998309062186317, "(0.9813160088743625, 1.0)": 0.0005597504556243439}, "pct": 0.9999997422331914, "best_return": 46.96569712543824}, "ew_ma": {"trend": "ew_ma", "time_param": 1260, "q_params": {"(0.0, 0.9610748308117399)": 1.0, "(0.9610748308117399, 0.9753922769977244)": 0.9999175297276367, "(0.9753922769977244, 0.9851508536080655)": 0.9999172163303723, "(0.9851508536080655, 1.0)": 0.0003973609540286413}, "pct": 1.0, "best_return": 50.434293494047516}, "rel_minmax": {"trend": "rel_minmax", "time_param": 1260, "q_params": {"(0.0, 0.25)": 1.0, "(0.25, 0.5)": 0.999, "(0.5, 0.75)": 0.998001, "(0.75, 1.0)": 0.997002999}, "pct": 1, "best_return": 38.906724700151436}, "ew_rel_minmax": {"time_param": 1668, "trend": "ew_rel_minmax", "q_params": {"(0, 0.92582345290086)": 0.9999998748328378, "(0.92582345290086, 0.9339918992108763)": 0.9999987981916508, "(0.9339918992108763, 0.9469342634222526)": 0.9998415355479037, "(0.9469342634222526, 1.0)": 0.0004811048128951607}, "pct": 0.9999998748328378, "best_return": 73.36341652775434}}