{"ma": {"trend": "ma", "time_param": 1079, "q_params": {"(0, 0.3577737035768296)": 1.0, "(0.3577737035768296, 0.4446484296280949)": 0.9999996563611747, "(0.4446484296280949, 0.47966625816710007)": 0.9999942872883524, "(0.47966625816710007, 0.5004403566079355)": 0.9942197705186034, "(0.5004403566079355, 0.5322590767156264)": 0.994219359130283, "(0.5322590767156264, 0.5369338482551994)": 0.9941457682940352, "(0.5369338482551994, 0.549864038382621)": 0.9941446139462556, "(0.549864038382621, 0.9796664501473815)": 0.9941446043093198, "(0.9796664501473815, 0.9801823579942408)": 0.1804802289048927, "(0.9801823579942408, 1.0)": 0.009648630313545717}, "best_return": 17.49429085466437, "pct": 0.9941446043093198}, "ew_ma": {"trend": "ew_ma", "time_param": 1079, "q_params": {"(0, 0.5995321353865296)": 1.0, "(0.5995321353865296, 0.6225377796818692)": 0.9999999902076363, "(0.6225377796818692, 0.6478165664847853)": 0.9999998644981718, "(0.6478165664847853, 0.6612065310754175)": 0.9999984209047277, "(0.6612065310754175, 0.6638153278197721)": 0.9999945308450745, "(0.6638153278197721, 0.6837966945887629)": 0.9999920166093267, "(0.6837966945887629, 0.6977086635227031)": 0.9999478394479366, "(0.6977086635227031, 0.7142056897230548)": 0.9928230481794899, "(0.7142056897230548, 0.9912593086036349)": 0.9927877123806145, "(0.9912593086036349, 1.0)": 0.006242933374082315}, "best_return": 19.060416970803423, "pct": 0.9927877123806145}, "rel_minmax": {"trend": "rel_minmax", "time_param": 1079, "q_params": {"(0, 0.4981027265475139)": 1.0, "(0.4981027265475139, 0.5237382094577805)": 0.9999999349923737, "(0.5237382094577805, 0.7228643240346881)": 0.9999987404317582, "(0.7228643240346881, 0.7277555064105499)": 0.9996514396087836, "(0.7277555064105499, 0.7277776395023876)": 0.9927761908469538, "(0.7277776395023876, 0.7304308521951713)": 0.991507767805316, "(0.7304308521951713, 0.7317822620574488)": 0.9913710519010956, "(0.7317822620574488, 0.7421036552325818)": 0.9913528023237791, "(0.7421036552325818, 0.8237810908368255)": 0.9913492504060158, "(0.8237810908368255, 1.0)": 0.413628877488843}, "best_return": 17.312393268154302, "pct": 0.413628877488843}, "ew_rel_minmax": {"trend": "ew_rel_minmax", "time_param": 1079, "q_params": {"(0.0, 0.6689820434212068)": 1.0, "(0.6689820434212068, 0.6705743509863761)": 0.9999468871565056, "(0.6705743509863761, 0.6763364435355547)": 0.9999410934852686, "(0.6763364435355547, 0.6820776363284512)": 0.9999410075752526, "(0.6820776363284512, 0.7265535050107833)": 0.9999406228282148, "(0.7265535050107833, 0.7298011916951738)": 0.9882487527002585, "(0.7298011916951738, 0.7306559450720658)": 0.9210492339730426, "(0.7306559450720658, 0.7349424059190995)": 0.5177831523686737, "(0.7349424059190995, 0.7382573488562376)": 0.5109365908637366, "(0.7382573488562376, 1.0)": 0.5101182858139324}, "best_return": 17.97544670162865, "pct": 0.5101182858139324}}