{"ma": {"trend": "ma", "time_param": 1079, "q_params": {"(0.0, 0.0489857022483989)": 0.9999999066114008, "(0.0489857022483989, 0.49224445987446525)": 0.9999994866708312, "(0.49224445987446525, 0.503319973573492)": 0.9999971441102097, "(0.503319973573492, 0.556496815467005)": 0.9999890564868541, "(0.556496815467005, 0.5724025304887207)": 0.9997381315577133, "(0.5724025304887207, 0.5934042743419068)": 0.9609781925056285, "(0.5934042743419068, 0.6519154135536817)": 0.9607507974369872, "(0.6519154135536817, 0.9814808082463243)": 0.9607454308175882, "(0.9814808082463243, 0.9853069983401862)": 0.0009249760403705052, "(0.9853069983401862, 1.0)": 0.00015749754861128445}, "best_return": 4.197289824532245, "pct": 0.9607454308175882}, "ew_ma": {"trend": "ew_ma", "time_param": 1079, "q_params": {"(0.0, 0.6319318823242616)": 0.999999706151211, "(0.6319318823242616, 0.6416279512531057)": 0.9999922290480971, "(0.6416279512531057, 0.6513388148833164)": 0.9765240510378027, "(0.6513388148833164, 0.6569354273967075)": 0.9764484328606807, "(0.6569354273967075, 0.6874880867505867)": 0.976444434240331, "(0.6874880867505867, 0.9274607740720551)": 0.9764442616152498, "(0.9274607740720551, 0.9337912258764014)": 0.9744140301037755, "(0.9337912258764014, 0.9915346385355032)": 0.9743898367843051, "(0.9915346385355032, 0.99470541986009)": 0.30219570850463223, "(0.99470541986009, 1.0)": 0.0005710029008012278}, "best_return": 4.127543599304234, "pct": 0.9743898367843051}, "rel_minmax": {"trend": "rel_minmax", "time_param": 1079, "q_params": {"(0.0, 0.038927364716529314)": 0.9999797552935611, "(0.038927364716529314, 0.4527494331164098)": 0.999943135395487, "(0.4527494331164098, 0.5293655180271948)": 0.9998397659995687, "(0.5293655180271948, 0.712542729330817)": 0.9952764921620892, "(0.712542729330817, 0.7158467302057906)": 0.9817392306768905, "(0.7158467302057906, 0.7189858842075536)": 0.9152462219319493, "(0.7189858842075536, 0.7314891516080506)": 0.9051383166617656, "(0.7314891516080506, 0.8112117679354311)": 0.904799902844001, "(0.8112117679354311, 0.8146003234092419)": 0.5910484539838179, "(0.8146003234092419, 1.0)": 0.4697867627736083}, "best_return": 3.907400008115249, "pct": 1}, "ew_rel_minmax": {"trend": "ew_rel_minmax", "time_param": 1079, "q_params": {"(0.0, 0.44740351481986596)": 0.9999948455360361, "(0.44740351481986596, 0.6624248447591614)": 0.9973194093716212, "(0.6624248447591614, 0.684022512336762)": 0.996648689794079, "(0.684022512336762, 0.713019407678048)": 0.9961257915141695, "(0.713019407678048, 0.7247501384292304)": 0.9605178409308881, "(0.7247501384292304, 0.7253833201593212)": 0.9485580959105763, "(0.7253833201593212, 0.7548660267022007)": 0.9389515538158497, "(0.7548660267022007, 0.7841674656400827)": 0.8751023792118061, "(0.7841674656400827, 0.9799825726552961)": 0.5020006707423822, "(0.9799825726552961, 1.0)": 0.48196137219519336}, "best_return": 3.907400008115249, "pct": 1}}