{"ma": {"trend": "ma", "time_param": 1079, "q_params": {"(0, 0.38330104971899714)": 0.9993208470596184, "(0.38330104971899714, 0.44326863528524785)": 0.9991567048635952, "(0.44326863528524785, 0.4732081746001813)": 0.9989028387564176, "(0.4732081746001813, 0.4772246869856954)": 0.9853493485410697, "(0.4772246869856954, 0.4881837805951321)": 0.9850336153280997, "(0.4881837805951321, 0.5839004769501923)": 0.9777367585177197, "(0.5839004769501923, 0.5938521093172999)": 0.9770808713871958, "(0.5938521093172999, 0.9571721377579564)": 0.9509004071352654, "(0.9571721377579564, 0.98859532356826)": 0.36901698031554325, "(0.98859532356826, 1.0)": 0.06910251630865145}, "best_return": 16.202142449255003, "pct": 0.9509004071352654}, "ew_ma": {"trend": "ew_ma", "time_param": 1079, "q_params": {"(0.0, 0.48422489990693485)": 0.9996902801992067, "(0.48422489990693485, 0.5337357029775678)": 0.9995146212467382, "(0.5337357029775678, 0.6243868902061984)": 0.9984506688912218, "(0.6243868902061984, 0.6703704663510053)": 0.9926616201579342, "(0.6703704663510053, 0.6783925908795325)": 0.9182139511421226, "(0.6783925908795325, 0.6818702783437547)": 0.9176046131924226, "(0.6818702783437547, 0.704124811893429)": 0.8864756817593202, "(0.704124811893429, 0.7454847073741525)": 0.884901598600416, "(0.7454847073741525, 0.9799776034115991)": 0.8796707509847723, "(0.9799776034115991, 1.0)": 0.32687798803875023}, "best_return": 17.42556587497665, "pct": 0.8796707509847723}, "rel_minmax": {"trend": "rel_minmax", "time_param": 1079, "q_params": {"(0.0, 0.13549043445360992)": 0.9999797552935611, "(0.13549043445360992, 0.6788153648860143)": 0.999976790831894, "(0.6788153648860143, 0.7034616722114672)": 0.999886868553307, "(0.7034616722114672, 0.7193099773221124)": 0.996255695077301, "(0.7193099773221124, 0.7204566072255111)": 0.9695888744514883, "(0.7204566072255111, 0.7337823357384051)": 0.9574114046952563, "(0.7337823357384051, 0.7956337045889862)": 0.9540804545133359, "(0.7956337045889862, 0.8020004236340118)": 0.9497740231317144, "(0.8020004236340118, 0.8128918978024595)": 0.8104170419558047, "(0.8128918978024595, 1.0)": 0.4708781751364213}, "best_return": 17.09398070151974, "pct": 0.4708781751364213}, "ew_rel_minmax": {"trend": "ew_rel_minmax", "time_param": 1079, "q_params": {"(0, 0.4191216968495133)": 0.9999535431593648, "(0.4191216968495133, 0.6385950948375065)": 0.9991625726741689, "(0.6385950948375065, 0.6650932185414586)": 0.9979029628550359, "(0.6650932185414586, 0.6664081761189733)": 0.9898192628406104, "(0.6664081761189733, 0.6912612606293785)": 0.9559595226093087, "(0.6912612606293785, 0.7246186470040118)": 0.9558090420789149, "(0.7246186470040118, 0.7507675366949842)": 0.9297874545225335, "(0.7507675366949842, 0.7736344959877534)": 0.5217811671391154, "(0.7736344959877534, 0.8325232057373435)": 0.5074552201484377, "(0.8325232057373435, 1.0)": 0.47405528746532993}, "best_return": 17.33286123140815, "pct": 0.47405528746532993}}