{"ma": {"time_param": 110, "trend": "ma", "q_params": {"(0, 0.716060385664538)": 0.9999998959943376, "(0.716060385664538, 0.8243409490926632)": 0.9999985031256322, "(0.8243409490926632, 0.8338714196524905)": 0.9998921855265082, "(0.8338714196524905, 1.0)": 0.00011168054682288068}, "pct": 0.9999998959943376, "best_return": 1.6233242867274962}, "ew_ma": {"time_param": 25, "trend": "ew_ma", "q_params": {"(0, 0.9253653697984882)": 0.9999986709346202, "(0.9253653697984882, 0.9695118655621747)": 0.999988467660726, "(0.9695118655621747, 0.9951602630597295)": 0.9992668250969813, "(0.9951602630597295, 1.0)": 0.00018864511293745917}, "pct": 0.9999986709346202, "best_return": 1.4968179804801147}, "rel_minmax": {"trend": "rel_minmax", "time_param": 75, "q_params": {"(0, 0.45912634714753636)": 1.0, "(0.45912634714753636, 0.6363959555050221)": 0.9999875710461701, "(0.6363959555050221, 0.6434559956405848)": 0.9990376006056726, "(0.6434559956405848, 1.0)": 0.44131017581286014}, "pct": 1.0, "best_return": 1.419293779174043}, "ew_rel_minmax": {"time_param": 96, "trend": "ew_rel_minmax", "q_params": {"(0, 0.6031138523113131)": 0.9999674676400869, "(0.6031138523113131, 0.9649603528770577)": 0.9983553521583274, "(0.9649603528770577, 0.9717208143306193)": 0.8997931398323811, "(0.9717208143306193, 1.0)": 0.000721402673794615}, "pct": 0.9999674676400869, "best_return": 1.5276596294109852}}