{"ma": {"trend": "ma", "time_param": 1008, "q_params": {"(0.0, 0.22495379851824962)": 1.0, "(0.22495379851824962, 0.5006520362365533)": 0.9995866141399151, "(0.5006520362365533, 0.75)": 0.9981096289683522, "(0.75, 1.0)": 0.997002999}, "pct": 1, "best_return": 12.916343263900336}, "ew_ma": {"trend": "ew_ma", "time_param": 1008, "q_params": {"(0.0, 0.4039846345619902)": 1.0, "(0.4039846345619902, 0.559520121693619)": 0.9996076988896393, "(0.559520121693619, 0.7334247759224457)": 0.9988878299733178, "(0.7334247759224457, 1.0)": 0.997002999}, "pct": 1, "best_return": 12.916343263900336}, "rel_minmax": {"trend": "rel_minmax", "time_param": 1008, "q_params": {"(0.0, 0.212098943184068)": 1.0, "(0.212098943184068, 0.5704731171005756)": 0.999, "(0.5704731171005756, 0.6107097731115173)": 0.9980811896120064, "(0.6107097731115173, 1.0)": 0.997002999}, "pct": 1, "best_return": 12.916343263900336}, "ew_rel_minmax": {"time_param": 1961, "trend": "ew_rel_minmax", "q_params": {"(0.0, 0.9010632071480532)": 0.9999959720203087, "(0.9010632071480532, 0.9093595639638226)": 0.9986848823974942, "(0.9093595639638226, 0.9221458349972551)": 0.9986791034702573, "(0.9221458349972551, 1.0)": 0.0002063417668462221}, "pct": 0.9999959720203087, "best_return": 22.339355585632454}}