{"ma": {"trend": "ma", "time_param": 251, "q_params": {"(0.0, 0.943410221489418)": 1.0, "(0.943410221489418, 0.9768800412759988)": 0.9999027763532871, "(0.9768800412759988, 0.9815562033247366)": 0.9522116050028988, "(0.9815562033247366, 1.0)": 0.05621383610122399}, "pct": 1.0, "best_return": 2.6160273291099503}, "ew_ma": {"trend": "ew_ma", "time_param": 251, "q_params": {"(0.0, 0.5709891354227621)": 1.0, "(0.5709891354227621, 0.6935229433553016)": 0.9996569037912487, "(0.6935229433553016, 0.9764312446074028)": 0.999656773146526, "(0.9764312446074028, 1.0)": 0.005686790018400112}, "pct": 0.999656773146526, "best_return": 2.574390696928112}, "rel_minmax": {"trend": "rel_minmax", "time_param": 251, "q_params": {"(0, 0.6935642307481255)": 1.0, "(0.6935642307481255, 0.7930767795568511)": 0.9994790083324628, "(0.7930767795568511, 0.9760723170055063)": 0.9994510514622429, "(0.9760723170055063, 1.0)": 0.028137958213343292}, "pct": 1.0, "best_return": 2.617343299528183}, "ew_rel_minmax": {"trend": "ew_rel_minmax", "time_param": 251, "q_params": {"(0.0, 0.9638214064732372)": 1.0, "(0.9638214064732372, 0.9807518623371538)": 0.9999833224032978, "(0.9807518623371538, 0.9870480338860562)": 0.9989889777824245, "(0.9870480338860562, 1.0)": 0.05014657602880957}, "pct": 1.0, "best_return": 2.6979208132455326}}