{"ma": {"trend": "ma", "time_param": 1079, "q_params": {"(0, 0.3438557983455032)": 0.9999335108115517, "(0.3438557983455032, 0.45451521228096703)": 0.9998813960201508, "(0.45451521228096703, 0.4630581953842066)": 0.998759371574893, "(0.4630581953842066, 0.49769050392227815)": 0.9981060169791123, "(0.49769050392227815, 0.5125112207495314)": 0.9980930474967957, "(0.5125112207495314, 0.5460429429087821)": 0.9962534077327412, "(0.5460429429087821, 0.6292998422442971)": 0.9954342624111622, "(0.6292998422442971, 0.9571721377579564)": 0.9848206387373731, "(0.9571721377579564, 0.9710978612783658)": 0.1836676103998165, "(0.9710978612783658, 1.0)": 0.10236245864930643}, "best_return": 15.771028631990852, "pct": 0.9848206387373731}, "ew_ma": {"trend": "ew_ma", "time_param": 1079, "q_params": {"(0, 0.5104697569085045)": 0.9999997029167601, "(0.5104697569085045, 0.5518151087202632)": 0.9999995338233123, "(0.5518151087202632, 0.6383761211994017)": 0.9999993305643633, "(0.6383761211994017, 0.6685213966386879)": 0.9884960403301338, "(0.6685213966386879, 0.6835599982618118)": 0.9862560416102063, "(0.6835599982618118, 0.703917797017464)": 0.9824000584931506, "(0.703917797017464, 0.708127107612091)": 0.9502121358355292, "(0.708127107612091, 0.7390697230211757)": 0.9476166621987023, "(0.7390697230211757, 0.9869558323030218)": 0.9315698751662844, "(0.9869558323030218, 1.0)": 0.006129771324460837}, "best_return": 17.830850753406224, "pct": 0.9315698751662844}, "rel_minmax": {"trend": "rel_minmax", "time_param": 1079, "q_params": {"(0, 0.4312087248268889)": 0.9999990618338616, "(0.4312087248268889, 0.7227834544274518)": 0.999788383006195, "(0.7227834544274518, 0.7239707965206678)": 0.9996180236480505, "(0.7239707965206678, 0.7263699990302103)": 0.9993365535731601, "(0.7263699990302103, 0.7306552127747816)": 0.9990432519187467, "(0.7306552127747816, 0.7452989270214972)": 0.9989420017023546, "(0.7452989270214972, 0.7698672595306099)": 0.9955669235235635, "(0.7698672595306099, 0.8029340983561756)": 0.9789296367038034, "(0.8029340983561756, 0.8169384123001033)": 0.7652190412829767, "(0.8169384123001033, 1.0)": 0.47272493273919136}, "best_return": 15.966986572413898, "pct": 0.47272493273919136}, "ew_rel_minmax": {"trend": "ew_rel_minmax", "time_param": 1079, "q_params": {"(0, 0.25566106460972743)": 0.999906513964043, "(0.25566106460972743, 0.6156928447276815)": 0.9992810997673434, "(0.6156928447276815, 0.6719857529487386)": 0.9856502347119924, "(0.6719857529487386, 0.675969063400922)": 0.9768406615825787, "(0.675969063400922, 0.6995461169034465)": 0.9759957078154302, "(0.6995461169034465, 0.704525578843231)": 0.9315881948574938, "(0.704525578843231, 0.7348678897584449)": 0.8075359088562546, "(0.7348678897584449, 0.7612487479055589)": 0.5717367372286372, "(0.7612487479055589, 0.8148160566456596)": 0.509429723414034, "(0.8148160566456596, 1.0)": 0.42666161137709496}, "best_return": 16.397647341427295, "pct": 0.42666161137709496}}