{"ma": {"trend": "ma", "time_param": 1079, "q_params": {"(0, 0.3769819405943366)": 0.9996631971007504, "(0.3769819405943366, 0.39684383256395456)": 0.9990244448094365, "(0.39684383256395456, 0.4530328977520547)": 0.9990186851921931, "(0.4530328977520547, 0.47018710546897263)": 0.9981060169791123, "(0.47018710546897263, 0.4973868656663452)": 0.9930247090783371, "(0.4973868656663452, 0.5215878493971856)": 0.9823819297534345, "(0.5215878493971856, 0.6274984489110751)": 0.9812658055526927, "(0.6274984489110751, 0.9571721377579564)": 0.9686847769104423, "(0.9571721377579564, 0.9623757243056149)": 0.21541514678836932, "(0.9623757243056149, 1.0)": 0.12738708053570263}, "best_return": 15.99071865429112, "pct": 0.9686847769104423}, "ew_ma": {"trend": "ew_ma", "time_param": 1079, "q_params": {"(0, 0.5097162189070061)": 0.9988241924454199, "(0.5097162189070061, 0.542397240998051)": 0.9978963993492975, "(0.542397240998051, 0.6450078046448225)": 0.9962688047568738, "(0.6450078046448225, 0.6631471519762291)": 0.9870347819093069, "(0.6631471519762291, 0.6805336202566353)": 0.9827162761034455, "(0.6805336202566353, 0.6999378600920749)": 0.9629910771834932, "(0.6999378600920749, 0.7094980825162467)": 0.9510400533070702, "(0.7094980825162467, 0.7598421182179304)": 0.9438961565775319, "(0.7598421182179304, 0.9769645242038761)": 0.9213708820845472, "(0.9769645242038761, 1.0)": 0.5427412142912289}, "best_return": 16.004522166711997, "pct": 0.9213708820845472}, "rel_minmax": {"trend": "rel_minmax", "time_param": 1079, "q_params": {"(0, 0.4284978937411726)": 0.9999901904846904, "(0.4284978937411726, 0.6830755252381315)": 0.9992636043173856, "(0.6830755252381315, 0.7168812682442326)": 0.9991822748541797, "(0.7168812682442326, 0.7337885180115978)": 0.9991297228977609, "(0.7337885180115978, 0.7395727138789132)": 0.9991196632178609, "(0.7395727138789132, 0.7692945635998539)": 0.9908330812124505, "(0.7692945635998539, 0.7881711278492834)": 0.9901053576956163, "(0.7881711278492834, 0.7882117584958224)": 0.9432194862838442, "(0.7882117584958224, 0.8116448421833374)": 0.7733545074645115, "(0.8116448421833374, 1.0)": 0.45723160685118747}, "best_return": 16.175158320439966, "pct": 0.45723160685118747}, "ew_rel_minmax": {"trend": "ew_rel_minmax", "time_param": 1079, "q_params": {"(0, 0.26498277172130175)": 0.9997667825895868, "(0.26498277172130175, 0.6387531821248931)": 0.9953447373446813, "(0.6387531821248931, 0.6895401966330317)": 0.9917731913082822, "(0.6895401966330317, 0.6986778162100021)": 0.9806178602171566, "(0.6986778162100021, 0.6998488122772747)": 0.955440555671702, "(0.6998488122772747, 0.7061806990861021)": 0.9051631426005484, "(0.7061806990861021, 0.75813513083832)": 0.7951205470947417, "(0.75813513083832, 0.7631311375070554)": 0.5898386022362199, "(0.7631311375070554, 0.8000853868295088)": 0.5073896647495028, "(0.8000853868295088, 1.0)": 0.42908712447851766}, "best_return": 16.27649637959214, "pct": 0.42908712447851766}}