{"ma": {"time_param": 338, "trend": "ma", "q_params": {"(0.0, 0.865992387635475)": 0.9999989411191972, "(0.865992387635475, 0.8961179847661829)": 0.9998116202934967, "(0.8961179847661829, 0.9095652785803553)": 0.0004035346906263019, "(0.9095652785803553, 1.0)": 1.9347938750657642e-05}, "pct": 0.9999989411191972, "best_return": 4.884749077993391}, "ew_ma": {"time_param": 811, "trend": "ew_ma", "q_params": {"(0, 0.9458181610815967)": 0.9999999027474755, "(0.9458181610815967, 0.9488717754523897)": 0.9998340932658137, "(0.9488717754523897, 0.9617645214729333)": 0.9998337404356822, "(0.9617645214729333, 1.0)": 0.00060087375644874}, "pct": 0.9999999027474755, "best_return": 5.159262393765425}, "rel_minmax": {"trend": "rel_minmax", "time_param": 755, "q_params": {"(0.0, 0.43555447491586924)": 1.0, "(0.43555447491586924, 0.47681674741686064)": 0.9987697677707763, "(0.47681674741686064, 0.9965995101932722)": 0.9987180910476395, "(0.9965995101932722, 1.0)": 0.997002999}, "pct": 1, "best_return": 3.987282482098885}, "ew_rel_minmax": {"time_param": 1135, "trend": "ew_rel_minmax", "q_params": {"(0.0, 0.9856135201591051)": 0.9999894569769583, "(0.9856135201591051, 0.9863607101567199)": 0.9995393397325886, "(0.9863607101567199, 0.9899556616213235)": 0.0008643935005910635, "(0.9899556616213235, 1.0)": 3.6614176902534685e-06}, "pct": 0.9999894569769583, "best_return": 4.774334128346197}}