{"ma": {"trend": "ma", "time_param": 1079, "q_params": {"(0, 0.2784579287928064)": 1.0, "(0.2784579287928064, 0.49778888544145006)": 0.999894675537813, "(0.49778888544145006, 0.5527105974017033)": 0.999484323830266, "(0.5527105974017033, 0.5827970323876073)": 0.9994825570041621, "(0.5827970323876073, 0.603222427764165)": 0.9980632624321495, "(0.603222427764165, 0.6261712275083854)": 0.9980409368501396, "(0.6261712275083854, 0.6312615610459981)": 0.994014980014994, "(0.6312615610459981, 0.9718514272083698)": 0.9940045956789944, "(0.9718514272083698, 0.9729714738768416)": 0.9936359688591617, "(0.9729714738768416, 1.0)": 0.0007924801341974534}, "pct": 0.9940045956789944, "best_return": 43.99971910082014}, "ew_ma": {"trend": "ew_ma", "time_param": 1079, "q_params": {"(0.0, 0.414495065881438)": 1.0, "(0.414495065881438, 0.45402516765959094)": 0.999993278118286, "(0.45402516765959094, 0.4596326770497081)": 0.9998837472117182, "(0.4596326770497081, 0.469686033902745)": 0.9989231459902361, "(0.469686033902745, 0.4807624634933167)": 0.9961140231920027, "(0.4807624634933167, 0.4870253626881097)": 0.9946907696505702, "(0.4870253626881097, 0.4937849443161353)": 0.9946881637118533, "(0.4937849443161353, 0.9849539651419553)": 0.994672157936413, "(0.9849539651419553, 0.9857112484853217)": 0.9923478279728679, "(0.9857112484853217, 1.0)": 0.007365008777169585}, "pct": 0.994672157936413, "best_return": 42.47334876095551}, "rel_minmax": {"trend": "rel_minmax", "time_param": 1079, "q_params": {"(0, 0.11376572850766302)": 1.0, "(0.11376572850766302, 0.40393793731095756)": 0.9999996548808228, "(0.40393793731095756, 0.5797092336865918)": 0.9999995826867664, "(0.5797092336865918, 0.6019759544804836)": 0.9999941166029488, "(0.6019759544804836, 0.6237249996744026)": 0.9998909704764627, "(0.6237249996744026, 0.6256104659241718)": 0.9981000829702632, "(0.6256104659241718, 0.6273056114284276)": 0.9910462152113677, "(0.6273056114284276, 0.6330550292165645)": 0.9910424649057392, "(0.6330550292165645, 0.8257627501349293)": 0.9910363157953817, "(0.8257627501349293, 1.0)": 0.9910359161258742}, "pct": 0.9910359161258742, "best_return": 34.93790839514823}, "ew_rel_minmax": {"trend": "ew_rel_minmax", "time_param": 1079, "q_params": {"(0, 0.42242360404977475)": 1.0, "(0.42242360404977475, 0.45008360722709373)": 0.999997153633101, "(0.45008360722709373, 0.5569021823453215)": 0.9965331851067203, "(0.5569021823453215, 0.5770738257041126)": 0.9964310506684636, "(0.5770738257041126, 0.60012108681301)": 0.9949794312631621, "(0.60012108681301, 0.6082835065530885)": 0.9949381720670284, "(0.6082835065530885, 0.7161924755971844)": 0.9949294157358396, "(0.7161924755971844, 0.7306713490810349)": 0.9840859888109509, "(0.7306713490810349, 0.7315555033008135)": 0.5835756921233558, "(0.7315555033008135, 1.0)": 0.5662881559564924}, "pct": 0.5662881559564924, "best_return": 40.44277584426797}}