{"ma": {"time_param": 626, "trend": "ma", "q_params": {"(0.0, 0.8992699592994384)": 0.9999925274752438, "(0.8992699592994384, 0.9782552648591247)": 0.9995713542780825, "(0.9782552648591247, 0.986450779607795)": 0.0006567372061748072, "(0.986450779607795, 1.0)": 4.7544618766890635e-05}, "pct": 0.9999925274752438, "best_return": 112.64249182792159}, "ew_ma": {"trend": "ew_ma", "time_param": 1260, "q_params": {"(0.0, 0.25)": 1.0, "(0.25, 0.5)": 0.999, "(0.5, 0.75)": 0.998001, "(0.75, 1.0)": 0.997002999}, "pct": 1, "best_return": 76.73494829876621}, "rel_minmax": {"trend": "rel_minmax", "time_param": 1260, "q_params": {"(0.0, 0.25)": 1.0, "(0.25, 0.5)": 0.999, "(0.5, 0.75)": 0.998001, "(0.75, 1.0)": 0.997002999}, "pct": 1, "best_return": 76.73494829876621}, "ew_rel_minmax": {"trend": "ew_rel_minmax", "time_param": 1260, "q_params": {"(0.0, 0.25)": 1.0, "(0.25, 0.5)": 0.999, "(0.5, 0.75)": 0.998001, "(0.75, 1.0)": 0.997002999}, "pct": 1, "best_return": 76.73494829876621}}