{"ma": {"trend": "ma", "time_param": 1079, "q_params": {"(0, 0.38289850605931985)": 0.9999862203857226, "(0.38289850605931985, 0.45820020647864756)": 0.9995760076633546, "(0.45820020647864756, 0.5611744698973234)": 0.9989387154641877, "(0.5611744698973234, 0.6254441257998521)": 0.9986235212367676, "(0.6254441257998521, 0.7749876759023909)": 0.9941367051226976, "(0.7749876759023909, 0.8094710983938929)": 0.9865549365121108, "(0.8094710983938929, 0.9565504668471865)": 0.9816934994429145, "(0.9565504668471865, 0.9721824443909666)": 0.9363028122835485, "(0.9721824443909666, 0.9839507252001204)": 0.24585752620763948, "(0.9839507252001204, 1.0)": 0.036649852502022164}, "pct": 0.9816934994429145, "best_return": 38.735296741305994}, "ew_ma": {"trend": "ew_ma", "time_param": 1079, "q_params": {"(0, 0.42134076382257424)": 0.9999575577930406, "(0.42134076382257424, 0.4298198791307004)": 0.9996688073202994, "(0.4298198791307004, 0.43207055612391365)": 0.9992615436285349, "(0.43207055612391365, 0.47160213341299734)": 0.9989925051437418, "(0.47160213341299734, 0.9335871038577936)": 0.9983830725693198, "(0.9335871038577936, 0.9396695325724872)": 0.9916832608214163, "(0.9396695325724872, 0.9574084447014078)": 0.9913059868462284, "(0.9574084447014078, 0.9633417518608305)": 0.9856582257042233, "(0.9633417518608305, 0.9835295742484595)": 0.8243564477580831, "(0.9835295742484595, 1.0)": 0.35786071059996827}, "pct": 0.9983830725693198, "best_return": 36.8812260985479}, "rel_minmax": {"trend": "rel_minmax", "time_param": 1079, "q_params": {"(0.0, 0.19987783474752802)": 0.9998069906926824, "(0.19987783474752802, 0.5613798705746892)": 0.9998025450307769, "(0.5613798705746892, 0.6164550621621037)": 0.9994999363681264, "(0.6164550621621037, 0.6250021531921265)": 0.9982204067310464, "(0.6250021531921265, 0.6624610977720201)": 0.9963964514464728, "(0.6624610977720201, 0.6639179101801339)": 0.993940834344201, "(0.6639179101801339, 0.6939462688886738)": 0.9916215490953407, "(0.6939462688886738, 0.6941624264503263)": 0.6480022358399586, "(0.6941624264503263, 0.7279311966272694)": 0.501715789542719, "(0.7279311966272694, 1.0)": 0.28950963636948795}, "pct": 0.28950963636948795, "best_return": 51.96911193605581}, "ew_rel_minmax": {"trend": "ew_rel_minmax", "time_param": 1079, "q_params": {"(0, 0.4430870253760768)": 0.9997489510141, "(0.4430870253760768, 0.5632147042621407)": 0.9994921698344845, "(0.5632147042621407, 0.5687890702037132)": 0.9989136045904963, "(0.5687890702037132, 0.5746283558815116)": 0.9963797181238191, "(0.5746283558815116, 0.5779845280767765)": 0.9797386340404318, "(0.5779845280767765, 0.6380415374731174)": 0.9517031170275856, "(0.6380415374731174, 0.6583409585724532)": 0.9382622836160677, "(0.6583409585724532, 0.7103387207324944)": 0.8756423318902868, "(0.7103387207324944, 0.7130295663863725)": 0.8683377345368888, "(0.7130295663863725, 1.0)": 0.5556720336393881}, "pct": 0.5556720336393881, "best_return": 36.13822777865195}}