{"ma": {"trend": "ma", "time_param": 1079, "q_params": {"(0.0, 0.23199330894398182)": 0.9999589264142921, "(0.23199330894398182, 0.4723198657551973)": 0.9993772272219908, "(0.4723198657551973, 0.5530297811388563)": 0.9992766252675784, "(0.5530297811388563, 0.6015299078858392)": 0.9986235212367676, "(0.6015299078858392, 0.6029469242989528)": 0.9907785499813997, "(0.6029469242989528, 0.7560988753365143)": 0.9803116115700972, "(0.7560988753365143, 0.831324972380709)": 0.9782285094379591, "(0.831324972380709, 0.9558681146265653)": 0.9720331582370679, "(0.9558681146265653, 0.9821357160514972)": 0.8919438980363988, "(0.9821357160514972, 1.0)": 0.11602163089062886}, "pct": 1, "best_return": 36.04074977193677}, "ew_ma": {"trend": "ew_ma", "time_param": 1079, "q_params": {"(0, 0.18760168540261501)": 0.9994665774782558, "(0.18760168540261501, 0.4182847528587136)": 0.9988613595692927, "(0.4182847528587136, 0.46734664603031884)": 0.9983333136915759, "(0.46734664603031884, 0.47270613392256317)": 0.9975283254096708, "(0.47270613392256317, 0.49220029481141403)": 0.9935816307990655, "(0.49220029481141403, 0.6240349516846925)": 0.9760970153606807, "(0.6240349516846925, 0.9362694326888892)": 0.9736518982429079, "(0.9362694326888892, 0.9716359492986781)": 0.9615934827836614, "(0.9716359492986781, 0.9985049220959415)": 0.8712414308697696, "(0.9985049220959415, 1.0)": 0.012316675484080598}, "pct": 0.9615934827836614, "best_return": 37.63246959519875}, "rel_minmax": {"trend": "rel_minmax", "time_param": 1079, "q_params": {"(0, 0.1494694386194534)": 0.9999999080181026, "(0.1494694386194534, 0.482904254901593)": 0.9998025450307769, "(0.482904254901593, 0.5582009810797186)": 0.9992261205886386, "(0.5582009810797186, 0.578863300468146)": 0.9988045612411626, "(0.578863300468146, 0.58493197721966)": 0.9930701785548528, "(0.58493197721966, 0.5972800036869171)": 0.9858834749225374, "(0.5972800036869171, 0.6225498054854588)": 0.9848711029168312, "(0.6225498054854588, 0.6623635520204693)": 0.9684464923077047, "(0.6623635520204693, 0.8941444227724545)": 0.9582149442904182, "(0.8941444227724545, 1.0)": 0.9579806714443441}, "pct": 0.9579806714443441, "best_return": 37.01464601376824}, "ew_rel_minmax": {"trend": "ew_rel_minmax", "time_param": 1079, "q_params": {"(0.0, 0.4389118168838266)": 0.999412971689209, "(0.4389118168838266, 0.4903490619893249)": 0.9992736005875918, "(0.4903490619893249, 0.5078553217355627)": 0.9972804228975043, "(0.5078553217355627, 0.5357424445748055)": 0.9964392918665227, "(0.5357424445748055, 0.6111568784674613)": 0.9963514935089685, "(0.6111568784674613, 0.6246695874285884)": 0.9951964252494778, "(0.6246695874285884, 0.6481219311403142)": 0.9382622836160677, "(0.6481219311403142, 0.6655346341442797)": 0.5941164180441778, "(0.6655346341442797, 0.7370705670534765)": 0.5856174266417726, "(0.7370705670534765, 1.0)": 0.5556720336393881}, "pct": 1, "best_return": 36.04074977193677}}