{"ma": {"trend": "ma", "time_param": 1079, "q_params": {"(0, 0.24460249425349306)": 1.0, "(0.24460249425349306, 0.49778888544145006)": 0.9999989265876718, "(0.49778888544145006, 0.569563079884002)": 0.9999830775974352, "(0.569563079884002, 0.5788731255019414)": 0.999914870627464, "(0.5788731255019414, 0.6010637966197795)": 0.9980632624321495, "(0.6010637966197795, 0.6260993543331825)": 0.9980409368501396, "(0.6260993543331825, 0.6312615610459981)": 0.994014980014994, "(0.6312615610459981, 0.9718514272083698)": 0.9940107880613743, "(0.9718514272083698, 0.9729714738768416)": 0.9936359688591617, "(0.9729714738768416, 1.0)": 0.0007924801341974534}, "pct": 0.9940107880613743, "best_return": 44.73690792809951}, "ew_ma": {"trend": "ew_ma", "time_param": 1079, "q_params": {"(0, 0.43580204538601663)": 1.0, "(0.43580204538601663, 0.4561505855258016)": 0.999996880387511, "(0.4561505855258016, 0.45844993447503524)": 0.9998837472117182, "(0.45844993447503524, 0.46910919154914843)": 0.9949768727030947, "(0.46910919154914843, 0.47438232293742744)": 0.9947531665163967, "(0.47438232293742744, 0.47969306065300127)": 0.9947503210845141, "(0.47969306065300127, 0.490603510806762)": 0.9946734054792306, "(0.490603510806762, 0.9849539651419553)": 0.994672157936413, "(0.9849539651419553, 0.9857112484853217)": 0.9923478279728679, "(0.9857112484853217, 1.0)": 0.0011538020835876522}, "pct": 0.994672157936413, "best_return": 43.25264357587853}, "rel_minmax": {"trend": "rel_minmax", "time_param": 1079, "q_params": {"(0, 0.11376572850766302)": 1.0, "(0.11376572850766302, 0.45143077653473773)": 0.9999999922241186, "(0.45143077653473773, 0.6044278838071734)": 0.9999998456855496, "(0.6044278838071734, 0.6166351856535008)": 0.9999979461424447, "(0.6166351856535008, 0.6215184982013374)": 0.9999928364031826, "(0.6215184982013374, 0.6270765111655006)": 0.9998747598540183, "(0.6270765111655006, 0.6297148879170239)": 0.9942151913464462, "(0.6297148879170239, 0.6330550292165645)": 0.9910955535106416, "(0.6330550292165645, 0.8272153775454245)": 0.9910363157953817, "(0.8272153775454245, 1.0)": 0.9910359161258742}, "pct": 0.9910359161258742, "best_return": 35.56696328907317}, "ew_rel_minmax": {"trend": "ew_rel_minmax", "time_param": 1079, "q_params": {"(0, 0.4482094756192668)": 1.0, "(0.4482094756192668, 0.45008360722709373)": 0.999997153633101, "(0.45008360722709373, 0.5513879063454006)": 0.9965331851067203, "(0.5513879063454006, 0.5770738257041126)": 0.9964392918665227, "(0.5770738257041126, 0.6060987956686137)": 0.9949794312631621, "(0.6060987956686137, 0.623216654848521)": 0.9949786472721163, "(0.623216654848521, 0.7142952937649542)": 0.9949294157358396, "(0.7142952937649542, 0.7303479661672196)": 0.9890814515773684, "(0.7303479661672196, 0.7315555033008135)": 0.582900102187257, "(0.7315555033008135, 1.0)": 0.5825704267912382}, "pct": 0.5825704267912382, "best_return": 40.86265396008682}}