{"ma": {"trend": "ma", "time_param": 1079, "q_params": {"(0.0, 0.2784579287928064)": 1.0, "(0.2784579287928064, 0.49778888544145006)": 0.9999494792696658, "(0.49778888544145006, 0.5688371811434023)": 0.9997801404471536, "(0.5688371811434023, 0.5827970323876073)": 0.9994825570041621, "(0.5827970323876073, 0.5998433803089664)": 0.9980632624321495, "(0.5998433803089664, 0.6261712275083854)": 0.9980409368501396, "(0.6261712275083854, 0.6312615610459981)": 0.994014980014994, "(0.6312615610459981, 0.9718514272083698)": 0.9940107880613743, "(0.9718514272083698, 0.9729714738768416)": 0.9936359688591617, "(0.9729714738768416, 1.0)": 0.0007924801341974534}, "pct": 0.9940107880613743, "best_return": 44.56994489410473}, "ew_ma": {"trend": "ew_ma", "time_param": 1079, "q_params": {"(0, 0.432835757121922)": 1.0, "(0.432835757121922, 0.45402516765959094)": 0.999993278118286, "(0.45402516765959094, 0.45844993447503524)": 0.9998837472117182, "(0.45844993447503524, 0.46910919154914843)": 0.9958969301409353, "(0.46910919154914843, 0.47496885749122886)": 0.9947531665163967, "(0.47496885749122886, 0.47969306065300127)": 0.9947503210845141, "(0.47969306065300127, 0.49344926954282065)": 0.9946824039529517, "(0.49344926954282065, 0.9849539651419553)": 0.994672157936413, "(0.9849539651419553, 0.9857112484853217)": 0.9923478279728679, "(0.9857112484853217, 1.0)": 0.0011538020835876522}, "pct": 0.994672157936413, "best_return": 43.088384239735674}, "rel_minmax": {"trend": "rel_minmax", "time_param": 1079, "q_params": {"(0, 0.11376572850766302)": 1.0, "(0.11376572850766302, 0.45143077653473773)": 0.9999999922241186, "(0.45143077653473773, 0.5977206316086667)": 0.9999998456855496, "(0.5977206316086667, 0.602547700325015)": 0.9999941166029488, "(0.602547700325015, 0.6212982237531319)": 0.9999914705527484, "(0.6212982237531319, 0.6273718978498155)": 0.9995723356638692, "(0.6273718978498155, 0.6277885704949252)": 0.9969700977007702, "(0.6277885704949252, 0.6330550292165645)": 0.9941937150579913, "(0.6330550292165645, 0.8272153775454245)": 0.9910363157953817, "(0.8272153775454245, 1.0)": 0.9910359161258742}, "pct": 0.9910359161258742, "best_return": 35.43328589156122}, "ew_rel_minmax": {"trend": "ew_rel_minmax", "time_param": 1079, "q_params": {"(0, 0.4475149134097491)": 1.0, "(0.4475149134097491, 0.45008360722709373)": 0.999997153633101, "(0.45008360722709373, 0.5600041089005517)": 0.9965331851067203, "(0.5600041089005517, 0.5770738257041126)": 0.9964392918665227, "(0.5770738257041126, 0.6060987956686137)": 0.9949794312631621, "(0.6060987956686137, 0.6251431420362689)": 0.9949677830401223, "(0.6251431420362689, 0.7161924755971844)": 0.9949294157358396, "(0.7161924755971844, 0.7303479661672196)": 0.9854919130033842, "(0.7303479661672196, 0.7315555033008135)": 0.582900102187257, "(0.7315555033008135, 1.0)": 0.5825704267912382}, "pct": 0.5825704267912382, "best_return": 40.732343181439006}}