{"ma": {"time_param": 150, "trend": "ma", "q_params": {"(0, 0.8635065658841585)": 0.9999889848999205, "(0.8635065658841585, 0.8788940016615131)": 0.9830318237678629, "(0.8788940016615131, 0.9175233819257735)": 0.02346867930626456, "(0.9175233819257735, 1.0)": 0.00035397205144252887}, "pct": 0.9999889848999205, "best_return": 1.8511634791434284}, "ew_ma": {"time_param": 102, "trend": "ew_ma", "q_params": {"(0.0, 0.9845239740529398)": 0.9960000707867868, "(0.9845239740529398, 0.9861052806615137)": 0.977199837426641, "(0.9861052806615137, 0.9865131051740454)": 0.09360335995634947, "(0.9865131051740454, 1.0)": 0.0015019868040768818}, "pct": 0.9960000707867868, "best_return": 1.7665569360351698}, "rel_minmax": {"trend": "rel_minmax", "time_param": 75, "q_params": {"(0.0, 0.25)": 1.0, "(0.25, 0.5)": 0.999, "(0.5, 0.75)": 0.998001, "(0.75, 1.0)": 0.997002999}, "pct": 1, "best_return": 1.6164629786763716}, "ew_rel_minmax": {"time_param": 21, "trend": "ew_rel_minmax", "q_params": {"(0, 0.5217162054883372)": 0.999930623621637, "(0.5217162054883372, 0.6533319759174909)": 0.9943952675767588, "(0.6533319759174909, 0.6543647619886749)": 0.8852822302803736, "(0.6543647619886749, 1.0)": 0.03534099975780891}, "pct": 0.9943952675767588, "best_return": 1.8680946919256474}}