{"ma": {"time_param": 17, "trend": "ma", "q_params": {"(0.0, 0.4170630755788838)": 0.9999568046112787, "(0.4170630755788838, 0.6951171843343289)": 0.9980491072499301, "(0.6951171843343289, 0.8292574400411824)": 0.9597459046355267, "(0.8292574400411824, 1.0)": 0.021722199361762635}, "pct": 0.9999568046112787, "best_return": 2.083294708560862}, "ew_ma": {"time_param": 247, "trend": "ew_ma", "q_params": {"(0, 0.9058561605712754)": 0.99973019778187, "(0.9058561605712754, 0.9203217601976125)": 0.9855803753820556, "(0.9203217601976125, 0.9546371306396165)": 0.016343076256387642, "(0.9546371306396165, 1.0)": 0.0002512054693659844}, "pct": 0.99973019778187, "best_return": 2.311800964547567}, "rel_minmax": {"trend": "rel_minmax", "time_param": 126, "q_params": {"(0.0, 0.25)": 1.0, "(0.25, 0.5)": 0.999, "(0.5, 0.75)": 0.998001, "(0.75, 1.0)": 0.997002999}, "pct": 1, "best_return": 1.9395872441775175}, "ew_rel_minmax": {"trend": "ew_rel_minmax", "time_param": 126, "q_params": {"(0.0, 0.25)": 1.0, "(0.25, 0.5)": 0.999, "(0.5, 0.75)": 0.998001, "(0.75, 1.0)": 0.997002999}, "pct": 1, "best_return": 1.9395872441775175}}