{"ma": {"trend": "ma", "time_param": 1079, "q_params": {"(0, 0.18628935058505547)": 0.999925836952993, "(0.18628935058505547, 0.5247621803177557)": 0.9996919147733002, "(0.5247621803177557, 0.5540431089092024)": 0.9996301791922099, "(0.5540431089092024, 0.5942525185972609)": 0.9991472633029435, "(0.5942525185972609, 0.6032990682693246)": 0.9976908656656728, "(0.6032990682693246, 0.6473859884132862)": 0.9829771476669069, "(0.6473859884132862, 0.7033374151337239)": 0.9829160730440916, "(0.7033374151337239, 0.9382055512400942)": 0.9491495876445433, "(0.9382055512400942, 0.9708476182650814)": 0.9307602265500948, "(0.9708476182650814, 1.0)": 0.07253065539856304}, "pct": 0.9491495876445433, "best_return": 36.008760597890756}, "ew_ma": {"trend": "ew_ma", "time_param": 1079, "q_params": {"(0, 0.27802823734045207)": 0.9999147238624556, "(0.27802823734045207, 0.43003590747182424)": 0.9993549557503666, "(0.43003590747182424, 0.45164810282331597)": 0.9986162417298975, "(0.45164810282331597, 0.47060674366192)": 0.998063677524975, "(0.47060674366192, 0.47705510028836695)": 0.9979520972465178, "(0.47705510028836695, 0.4834752765995676)": 0.9940581893632499, "(0.4834752765995676, 0.9442537370364081)": 0.9819565150486148, "(0.9442537370364081, 0.9633182909396335)": 0.9495553012464197, "(0.9633182909396335, 0.9981478471906076)": 0.8686343488369503, "(0.9981478471906076, 1.0)": 0.02467147485408451}, "pct": 0.9495553012464197, "best_return": 37.36791631119593}, "rel_minmax": {"trend": "rel_minmax", "time_param": 1079, "q_params": {"(0, 0.1362711440479561)": 0.9999999345319259, "(0.1362711440479561, 0.4866285400855331)": 0.9999999213854927, "(0.4866285400855331, 0.5486388057783724)": 0.9995994644536244, "(0.5486388057783724, 0.5884184790574083)": 0.9995853787770436, "(0.5884184790574083, 0.5968856025162758)": 0.9995770747446893, "(0.5968856025162758, 0.6091871033807786)": 0.9995421377278495, "(0.6091871033807786, 0.6128156704914548)": 0.9976156624969601, "(0.6128156704914548, 0.6366883927898336)": 0.9938463973354602, "(0.6366883927898336, 0.9006819498826835)": 0.9726385081209006, "(0.9006819498826835, 1.0)": 0.9532434052031251}, "pct": 0.9532434052031251, "best_return": 36.11476072765506}, "ew_rel_minmax": {"trend": "ew_rel_minmax", "time_param": 1079, "q_params": {"(0.0, 0.4520773394088142)": 0.9993785383170954, "(0.4520773394088142, 0.5041650827222685)": 0.9986890085182734, "(0.5041650827222685, 0.510551814467384)": 0.9972804228975043, "(0.510551814467384, 0.5338858028612614)": 0.9964392918665227, "(0.5338858028612614, 0.6111568784674613)": 0.9963514935089685, "(0.6111568784674613, 0.6246695874285884)": 0.9951964252494778, "(0.6246695874285884, 0.6481219311403142)": 0.961186615299844, "(0.6481219311403142, 0.6655346341442797)": 0.5904465513457894, "(0.6655346341442797, 0.7399743163491546)": 0.5856174266417726, "(0.7399743163491546, 1.0)": 0.5453029837129796}, "pct": 1, "best_return": 35.82267782152013}}