{"ma": {"trend": "ma", "time_param": 1008, "q_params": {"(0, 0.8352564227547882)": 1.0, "(0.8352564227547882, 0.951519288220965)": 0.9999982598206595, "(0.951519288220965, 0.9691576921216296)": 0.9999014936489571, "(0.9691576921216296, 1.0)": 0.03755576456123903}, "pct": 1.0, "best_return": 37.116364635268454}, "ew_ma": {"time_param": 315, "trend": "ew_ma", "q_params": {"(0.0, 0.00022417899866517487)": 0.9999831931094662, "(0.00022417899866517487, 0.9758137359160663)": 0.9992705212032629, "(0.9758137359160663, 0.976079331632527)": 0.9947188596987132, "(0.976079331632527, 1.0)": 0.0010973130350315444}, "pct": 0.9992705212032629, "best_return": 42.45368439947393}, "rel_minmax": {"trend": "rel_minmax", "time_param": 1008, "q_params": {"(0.0, 0.25)": 1.0, "(0.25, 0.5)": 0.999, "(0.5, 0.75)": 0.998001, "(0.75, 1.0)": 0.997002999}, "pct": 1, "best_return": 30.984173282054737}, "ew_rel_minmax": {"time_param": 1747, "trend": "ew_rel_minmax", "q_params": {"(0.0, 0.947288196556736)": 0.9999914608083119, "(0.947288196556736, 0.9612422419278901)": 0.9992828959733288, "(0.9612422419278901, 0.9695126143037688)": 0.00021730920928914865, "(0.9695126143037688, 1.0)": 1.781625026494841e-06}, "pct": 0.9999914608083119, "best_return": 38.31610277421359}}