{"ma": {"trend": "ma", "time_param": 1079, "q_params": {"(0, 0.2537795460628037)": 0.9999998613057942, "(0.2537795460628037, 0.49324572300955166)": 0.9999989265876718, "(0.49324572300955166, 0.5403987773268448)": 0.9992206840463013, "(0.5403987773268448, 0.5788731255019414)": 0.9981423896140174, "(0.5788731255019414, 0.6028803078358198)": 0.9980632624321495, "(0.6028803078358198, 0.6234503772674466)": 0.9958295508619783, "(0.6234503772674466, 0.627542685748929)": 0.9958015290160108, "(0.627542685748929, 0.9687718990578535)": 0.9946862667634415, "(0.9687718990578535, 0.9729714738768416)": 0.9604715714500427, "(0.9729714738768416, 1.0)": 0.09529953290262162}, "pct": 0.9946862667634415, "best_return": 41.73339522088702}, "ew_ma": {"trend": "ew_ma", "time_param": 1079, "q_params": {"(0, 0.44252805992864536)": 1.0, "(0.44252805992864536, 0.456057723492491)": 0.999973514135299, "(0.456057723492491, 0.4622758558680437)": 0.9993603773968377, "(0.4622758558680437, 0.47060674366192)": 0.9990600447914899, "(0.47060674366192, 0.47438232293742744)": 0.9973593857101855, "(0.47438232293742744, 0.4748734885886836)": 0.9969388134799929, "(0.4748734885886836, 0.5090010260265617)": 0.9946747156204547, "(0.5090010260265617, 0.9550512049177002)": 0.994672157936413, "(0.9550512049177002, 0.9857112484853217)": 0.9923478279728679, "(0.9857112484853217, 1.0)": 0.01562746112019871}, "pct": 0.9923478279728679, "best_return": 35.4820162439976}, "rel_minmax": {"trend": "rel_minmax", "time_param": 1079, "q_params": {"(0, 0.11015408927459548)": 0.9999999911812028, "(0.11015408927459548, 0.492560561284488)": 0.9999998898694452, "(0.492560561284488, 0.5766352450465995)": 0.9999998456855496, "(0.5766352450465995, 0.6100310779456724)": 0.9999940619148163, "(0.6100310779456724, 0.6232939764451139)": 0.9997709085836882, "(0.6232939764451139, 0.6243233339149405)": 0.9993989528773101, "(0.6243233339149405, 0.6259140039173675)": 0.9965667821782955, "(0.6259140039173675, 0.6330550292165645)": 0.994717962783658, "(0.6330550292165645, 0.9085943450012735)": 0.9922414734965417, "(0.9085943450012735, 1.0)": 0.9910359161258742}, "pct": 0.9910359161258742, "best_return": 35.84729611013645}, "ew_rel_minmax": {"trend": "ew_rel_minmax", "time_param": 1079, "q_params": {"(0, 0.47391907673670997)": 0.9996030920522105, "(0.47391907673670997, 0.4783261672925142)": 0.9986890085182734, "(0.4783261672925142, 0.510551814467384)": 0.9979381455698841, "(0.510551814467384, 0.565100982211289)": 0.9964392918665227, "(0.565100982211289, 0.6011287273602446)": 0.9960245954501995, "(0.6011287273602446, 0.6077464190862281)": 0.9949786472721163, "(0.6077464190862281, 0.7080858522883611)": 0.9949294157358396, "(0.7080858522883611, 0.7122128860531667)": 0.5904465513457894, "(0.7122128860531667, 0.7269666544339023)": 0.5878512977357648, "(0.7269666544339023, 1.0)": 0.5351528260362237}, "pct": 0.5351528260362237, "best_return": 38.14494045790589}}