{"ma": {"trend": "ma", "time_param": 1079, "q_params": {"(0, 0.23016024791441486)": 0.9999589264142921, "(0.23016024791441486, 0.4723198657551973)": 0.9994657984959878, "(0.4723198657551973, 0.5607721400971644)": 0.9991799553366331, "(0.5607721400971644, 0.6139443119817722)": 0.9986235212367676, "(0.6139443119817722, 0.6243200550841854)": 0.9898156258410242, "(0.6243200550841854, 0.7601920064598408)": 0.9884109279963796, "(0.7601920064598408, 0.8270626258251236)": 0.9846383350114474, "(0.8270626258251236, 0.97478493806415)": 0.974904568444293, "(0.97478493806415, 0.9771077694632989)": 0.9111730102596509, "(0.9771077694632989, 1.0)": 0.11602163089062886}, "pct": 0.974904568444293, "best_return": 36.83559250108211}, "ew_ma": {"trend": "ew_ma", "time_param": 1079, "q_params": {"(0, 0.19057967468224274)": 0.9994665774782558, "(0.19057967468224274, 0.43597972760850007)": 0.9990973628947198, "(0.43597972760850007, 0.46222706887969883)": 0.9982667840294268, "(0.46222706887969883, 0.4740043524771909)": 0.9975283254096708, "(0.4740043524771909, 0.49220029481141403)": 0.9955403281759282, "(0.49220029481141403, 0.6240349516846925)": 0.9842820923279826, "(0.6240349516846925, 0.9486916763975571)": 0.9822645036853441, "(0.9486916763975571, 0.9633417518608305)": 0.9673321138335493, "(0.9633417518608305, 0.9859303784355671)": 0.877887161937371, "(0.9859303784355671, 1.0)": 0.016198209399483816}, "pct": 0.9673321138335493, "best_return": 41.916841114807106}, "rel_minmax": {"trend": "rel_minmax", "time_param": 1079, "q_params": {"(0, 0.13176057374457198)": 0.9998498761391398, "(0.13176057374457198, 0.48430451063280455)": 0.9998025450307769, "(0.48430451063280455, 0.5656801580283535)": 0.9995671426883447, "(0.5656801580283535, 0.5834450975084993)": 0.9993608618825698, "(0.5834450975084993, 0.58493197721966)": 0.9941714526283697, "(0.58493197721966, 0.6007301567962096)": 0.9928559366893275, "(0.6007301567962096, 0.6267869102986229)": 0.9892151764518684, "(0.6267869102986229, 0.6646277165703333)": 0.9832456648657928, "(0.6646277165703333, 0.8941444227724545)": 0.9582149442904182, "(0.8941444227724545, 1.0)": 0.9579806714443441}, "pct": 0.9579806714443441, "best_return": 36.63953092899768}, "ew_rel_minmax": {"trend": "ew_rel_minmax", "time_param": 1079, "q_params": {"(0.0, 0.4389118168838266)": 0.999412971689209, "(0.4389118168838266, 0.4903490619893249)": 0.9992736005875918, "(0.4903490619893249, 0.5078553217355627)": 0.9972804228975043, "(0.5078553217355627, 0.5357424445748055)": 0.9964392918665227, "(0.5357424445748055, 0.6111568784674613)": 0.9963514935089685, "(0.6111568784674613, 0.6246695874285884)": 0.9951964252494778, "(0.6246695874285884, 0.6481219311403142)": 0.9382622836160677, "(0.6481219311403142, 0.6655346341442797)": 0.5941164180441778, "(0.6655346341442797, 0.7370705670534765)": 0.5856174266417726, "(0.7370705670534765, 1.0)": 0.5556720336393881}, "pct": 1, "best_return": 35.04596096478463}}