{"ma": {"trend": "ma", "time_param": 755, "q_params": {"(0, 0.9336909324168917)": 1.0, "(0.9336909324168917, 0.9506845357104761)": 0.999999523675256, "(0.9506845357104761, 0.9563947895000434)": 0.9997852624072637, "(0.9563947895000434, 1.0)": 0.02716767034050826}, "pct": 1.0, "best_return": 9.524562976369717}, "ew_ma": {"time_param": 435, "trend": "ew_ma", "q_params": {"(0, 0.9354838847679046)": 0.999999990622487, "(0.9354838847679046, 0.9514283534312004)": 0.999994223470736, "(0.9514283534312004, 0.9571886013239983)": 0.999017703061785, "(0.9571886013239983, 1.0)": 0.0002222848676595359}, "pct": 0.999999990622487, "best_return": 9.883761953307008}, "rel_minmax": {"trend": "rel_minmax", "time_param": 755, "q_params": {"(0.0, 0.3434368903143566)": 0.9999769558404296, "(0.3434368903143566, 0.7635979239780952)": 0.999868230347813, "(0.7635979239780952, 0.9725621272267242)": 0.9992281196630314, "(0.9725621272267242, 1.0)": 0.46552761901986894}, "pct": 1, "best_return": 7.3884925960408365}, "ew_rel_minmax": {"trend": "ew_rel_minmax", "time_param": 755, "q_params": {"(0.0, 0.008708664375046736)": 0.9991352429939633, "(0.008708664375046736, 0.6190658215903238)": 0.9991236026706922, "(0.6190658215903238, 0.6316088028901247)": 0.9987723037080044, "(0.6316088028901247, 1.0)": 0.997002999}, "pct": 1, "best_return": 7.3884925960408365}}