{"ma": {"trend": "ma", "time_param": 1079, "q_params": {"(0.0, 0.5638451287954513)": 0.9999999604428574, "(0.5638451287954513, 0.6244345348220687)": 0.99999915394393, "(0.6244345348220687, 0.6573254546622097)": 0.9999991483497517, "(0.6573254546622097, 0.8379455019610029)": 0.9999897367110886, "(0.8379455019610029, 0.9314508455988313)": 0.9989975256704129, "(0.9314508455988313, 0.9393941796134391)": 0.9989940158529739, "(0.9393941796134391, 0.9422123005242499)": 0.9989092081575016, "(0.9422123005242499, 0.9422131634314613)": 0.2563259707080173, "(0.9422131634314613, 0.9515052506772581)": 0.0004511164339160437, "(0.9515052506772581, 1.0)": 1.729860353531254e-05}, "pct": 0.9999897367110886, "best_return": 9.076291200608294}, "ew_ma": {"trend": "ew_ma", "time_param": 1079, "q_params": {"(0.0, 0.4498426595911276)": 0.9999992741587349, "(0.4498426595911276, 0.46586043302357016)": 0.9999900276998058, "(0.46586043302357016, 0.4881555850862307)": 0.9981827677069598, "(0.4881555850862307, 0.5143284587029654)": 0.9981825066668935, "(0.5143284587029654, 0.9645330948955886)": 0.9981724148244561, "(0.9645330948955886, 0.9712078498083494)": 0.9977268598839552, "(0.9712078498083494, 0.9727623929124237)": 0.9611807667635514, "(0.9727623929124237, 0.978539280644353)": 0.9601961622314359, "(0.978539280644353, 0.9803686435076594)": 0.0005042287608327015, "(0.9803686435076594, 1.0)": 2.494738827213394e-05}, "pct": 0.9981724148244561, "best_return": 9.420408794611273}, "rel_minmax": {"trend": "rel_minmax", "time_param": 1079, "q_params": {"(0.0, 0.20794768520032164)": 0.9999298938425055, "(0.20794768520032164, 0.6057140403589844)": 0.9999264613034445, "(0.6057140403589844, 0.6635165947610253)": 0.9998752358500154, "(0.6635165947610253, 0.6868057615300014)": 0.9991561791447188, "(0.6868057615300014, 0.6929594233922212)": 0.9855449083962086, "(0.6929594233922212, 0.6940730392082916)": 0.96334315226926, "(0.6940730392082916, 0.6995737776350514)": 0.8739564688528595, "(0.6995737776350514, 0.7269868787538561)": 0.5927498275476504, "(0.7269868787538561, 0.7279311966272694)": 0.5878988448392812, "(0.7279311966272694, 1.0)": 0.2684465132664133}, "pct": 1, "best_return": 7.482458632701502}, "ew_rel_minmax": {"time_param": 1242, "trend": "ew_rel_minmax", "q_params": {"(0, 0.35344340600696134)": 0.9992772921353258, "(0.35344340600696134, 0.392278891356009)": 0.9986284134267828, "(0.392278891356009, 0.4119887051570467)": 0.819576516851486, "(0.4119887051570467, 0.4533724167675969)": 0.8191816641568039, "(0.4533724167675969, 0.47525979880476366)": 0.67468128597125, "(0.47525979880476366, 0.4860025048945859)": 0.6677714717836044, "(0.4860025048945859, 0.4935531530765694)": 0.3422227521432229, "(0.4935531530765694, 0.5147653137556015)": 0.32322493417569353, "(0.5147653137556015, 0.9860589557288649)": 0.322839679901653, "(0.9860589557288649, 1.0)": 0.07475296374055712}, "pct": 0.07475296374055712, "best_return": 12.4830982710707}}