{"ma": {"trend": "ma", "time_param": 1079, "q_params": {"(0, 0.4263053927164046)": 0.9999862203857226, "(0.4263053927164046, 0.4802376211734683)": 0.9997838638812767, "(0.4802376211734683, 0.5624529545940631)": 0.9995441058174893, "(0.5624529545940631, 0.6145598067866203)": 0.9993022833049473, "(0.6145598067866203, 0.7633618690206732)": 0.9972759998461759, "(0.7633618690206732, 0.788340301340297)": 0.9858874073188693, "(0.788340301340297, 0.9700238640657931)": 0.9843832616733135, "(0.9700238640657931, 0.9731256597746142)": 0.6929616725668434, "(0.9731256597746142, 0.982115704846723)": 0.09405555283461686, "(0.982115704846723, 1.0)": 0.011109451232374577}, "pct": 0.9972759998461759, "best_return": 40.750907531956216}, "ew_ma": {"trend": "ew_ma", "time_param": 1079, "q_params": {"(0, 0.42116086542924486)": 0.9999664027713403, "(0.42116086542924486, 0.4481238772922144)": 0.9992818995080376, "(0.4481238772922144, 0.4755676040036141)": 0.9989318794465493, "(0.4755676040036141, 0.5130983484338251)": 0.9980607965747351, "(0.5130983484338251, 0.9355743008502174)": 0.9980594882823609, "(0.9355743008502174, 0.9443610233120328)": 0.9977165961700387, "(0.9443610233120328, 0.9491498068111566)": 0.9971655413815157, "(0.9491498068111566, 0.9633417518608305)": 0.9386558431708113, "(0.9633417518608305, 0.9855632054675814)": 0.8606077663236704, "(0.9855632054675814, 1.0)": 0.1847083225183313}, "pct": 0.9980594882823609, "best_return": 35.06015066520857}, "rel_minmax": {"trend": "rel_minmax", "time_param": 1079, "q_params": {"(0, 0.20794768520032164)": 0.9999298938425055, "(0.20794768520032164, 0.6271558821385071)": 0.9999264613034445, "(0.6271558821385071, 0.6383860063040827)": 0.9998752358500154, "(0.6383860063040827, 0.6563729085780526)": 0.9991561791447188, "(0.6563729085780526, 0.6909119308155905)": 0.999044640592417, "(0.6909119308155905, 0.698198110673402)": 0.9612455120123653, "(0.698198110673402, 0.6995737776350514)": 0.8694006766738142, "(0.6995737776350514, 0.7269868787538561)": 0.5927498275476504, "(0.7269868787538561, 0.7279311966272694)": 0.5793914360023753, "(0.7279311966272694, 1.0)": 0.23759959723470603}, "pct": 0.23759959723470603, "best_return": 54.121070576988}, "ew_rel_minmax": {"trend": "ew_rel_minmax", "time_param": 1079, "q_params": {"(0.0, 0.43768849161491696)": 0.9999806793554629, "(0.43768849161491696, 0.5106913485859184)": 0.9840182871187863, "(0.5106913485859184, 0.5649375290027199)": 0.9808763941142815, "(0.5649375290027199, 0.5678701787772819)": 0.980403796318124, "(0.5678701787772819, 0.5726693898268823)": 0.9536148992707033, "(0.5726693898268823, 0.5971899443108034)": 0.938996661533555, "(0.5971899443108034, 0.63302266987592)": 0.9354518178162756, "(0.63302266987592, 0.7030650902091111)": 0.9138246727814684, "(0.7030650902091111, 0.7170279477352791)": 0.8392448539152229, "(0.7170279477352791, 1.0)": 0.4770031469894128}, "pct": 0.4770031469894128, "best_return": 36.233499736066555}}