{"ma": {"trend": "ma", "time_param": 1079, "q_params": {"(0, 0.43691548923840434)": 0.9999862203857226, "(0.43691548923840434, 0.45375170958559835)": 0.9999201637603796, "(0.45375170958559835, 0.47897630426483695)": 0.9998514017575035, "(0.47897630426483695, 0.6145598067866203)": 0.9996528998109415, "(0.6145598067866203, 0.7633618690206732)": 0.9972759998461759, "(0.7633618690206732, 0.788340301340297)": 0.9858874073188693, "(0.788340301340297, 0.9700238640657931)": 0.9843832616733135, "(0.9700238640657931, 0.9731256597746142)": 0.735232466661554, "(0.9731256597746142, 0.9861884474903269)": 0.09405555283461686, "(0.9861884474903269, 1.0)": 0.08115353481647294}, "pct": 0.9972759998461759, "best_return": 37.058319360957455}, "ew_ma": {"trend": "ew_ma", "time_param": 1079, "q_params": {"(0, 0.42116086542924486)": 0.9999664027713403, "(0.42116086542924486, 0.45048826592487723)": 0.999344086004842, "(0.45048826592487723, 0.4755676040036141)": 0.9983072929640724, "(0.4755676040036141, 0.5130983484338251)": 0.9980607965747351, "(0.5130983484338251, 0.940594772066169)": 0.9980594882823609, "(0.940594772066169, 0.9597010848117593)": 0.9947258068938396, "(0.9597010848117593, 0.9631705767440915)": 0.9891503197874171, "(0.9631705767440915, 0.9864937415748471)": 0.9386558431708113, "(0.9864937415748471, 0.9970635283071542)": 0.8606077663236704, "(0.9970635283071542, 1.0)": 0.1847083225183313}, "pct": 0.9980594882823609, "best_return": 33.443927037378096}, "rel_minmax": {"trend": "rel_minmax", "time_param": 1079, "q_params": {"(0, 0.20794768520032164)": 0.9999298938425055, "(0.20794768520032164, 0.6057140403589844)": 0.9999264613034445, "(0.6057140403589844, 0.6635165947610253)": 0.9998752358500154, "(0.6635165947610253, 0.6868057615300014)": 0.9991561791447188, "(0.6868057615300014, 0.6929594233922212)": 0.9644932579660604, "(0.6929594233922212, 0.6975893500065369)": 0.96334315226926, "(0.6975893500065369, 0.6995737776350514)": 0.8680918891928009, "(0.6995737776350514, 0.7269868787538561)": 0.5927498275476504, "(0.7269868787538561, 0.7279311966272694)": 0.5878988448392812, "(0.7279311966272694, 1.0)": 0.2684465132664133}, "pct": 0.2684465132664133, "best_return": 51.839591150211035}, "ew_rel_minmax": {"trend": "ew_rel_minmax", "time_param": 1079, "q_params": {"(0, 0.43768849161491696)": 0.9999806793554629, "(0.43768849161491696, 0.5615516435631664)": 0.9985992568944845, "(0.5615516435631664, 0.5651600096624112)": 0.9808763941142815, "(0.5651600096624112, 0.5678701787772819)": 0.9758175031835035, "(0.5678701787772819, 0.5698059871104286)": 0.9697202660962023, "(0.5698059871104286, 0.5970705251713234)": 0.9426349589477848, "(0.5970705251713234, 0.6397108391049289)": 0.9381642994651967, "(0.6397108391049289, 0.7030650902091111)": 0.9304825785892509, "(0.7030650902091111, 0.7170279477352791)": 0.8563186511489089, "(0.7170279477352791, 1.0)": 0.4770031469894128}, "pct": 0.4770031469894128, "best_return": 36.30834913963576}}