{"ma": {"trend": "ma", "time_param": 1079, "q_params": {"(0, 0.2784579287928064)": 1.0, "(0.2784579287928064, 0.49778888544145006)": 0.999894675537813, "(0.49778888544145006, 0.5547884876393574)": 0.999484323830266, "(0.5547884876393574, 0.5827970323876073)": 0.9994825570041621, "(0.5827970323876073, 0.603222427764165)": 0.9980632624321495, "(0.603222427764165, 0.6261712275083854)": 0.9980409368501396, "(0.6261712275083854, 0.6312615610459981)": 0.994014980014994, "(0.6312615610459981, 0.9718514272083698)": 0.9940102097929278, "(0.9718514272083698, 0.9729714738768416)": 0.9936359688591617, "(0.9729714738768416, 1.0)": 0.0007924801341974534}, "pct": 0.9940102097929278, "best_return": 44.40971632614628}, "ew_ma": {"trend": "ew_ma", "time_param": 1079, "q_params": {"(0, 0.414495065881438)": 1.0, "(0.414495065881438, 0.45402516765959094)": 0.999993278118286, "(0.45402516765959094, 0.45844993447503524)": 0.9998837472117182, "(0.45844993447503524, 0.469686033902745)": 0.9963223618686412, "(0.469686033902745, 0.47496885749122886)": 0.9947531665163967, "(0.47496885749122886, 0.4794217555303309)": 0.9947446132782245, "(0.4794217555303309, 0.49344926954282065)": 0.9946886702612964, "(0.49344926954282065, 0.9849539651419553)": 0.994672157936413, "(0.9849539651419553, 0.9857112484853217)": 0.9923478279728679, "(0.9857112484853217, 1.0)": 0.007365008777169585}, "pct": 0.994672157936413, "best_return": 42.8784328218006}, "rel_minmax": {"trend": "rel_minmax", "time_param": 1079, "q_params": {"(0, 0.11376572850766302)": 1.0, "(0.11376572850766302, 0.45143077653473773)": 0.9999999922241186, "(0.45143077653473773, 0.5797092336865918)": 0.9999998456855496, "(0.5797092336865918, 0.6063072936857326)": 0.9999941166029488, "(0.6063072936857326, 0.6237249996744026)": 0.9998909704764627, "(0.6237249996744026, 0.6246047768477138)": 0.9987376535812936, "(0.6246047768477138, 0.6266962137625823)": 0.9977624823531662, "(0.6266962137625823, 0.6330550292165645)": 0.9910400095365512, "(0.6330550292165645, 0.8272153775454245)": 0.9910363157953817, "(0.8272153775454245, 1.0)": 0.9910359161258742}, "pct": 0.9910359161258742, "best_return": 35.27238384110265}, "ew_rel_minmax": {"trend": "ew_rel_minmax", "time_param": 1079, "q_params": {"(0, 0.42242360404977475)": 1.0, "(0.42242360404977475, 0.45008360722709373)": 0.999997153633101, "(0.45008360722709373, 0.5569021823453215)": 0.9965331851067203, "(0.5569021823453215, 0.5770738257041126)": 0.9964310506684636, "(0.5770738257041126, 0.6060987956686137)": 0.9949794312631621, "(0.6060987956686137, 0.6082835065530885)": 0.9949381720670284, "(0.6082835065530885, 0.7161924755971844)": 0.9949294157358396, "(0.7161924755971844, 0.7306713490810349)": 0.9840859888109509, "(0.7306713490810349, 0.7315555033008135)": 0.582900102187257, "(0.7315555033008135, 1.0)": 0.5662881559564924}, "pct": 0.5662881559564924, "best_return": 40.7736970541825}}