{"ma": {"trend": "ma", "time_param": 1079, "q_params": {"(0.0, 0.3221460242609871)": 0.9999862203857226, "(0.3221460242609871, 0.4802376211734683)": 0.9997838638812767, "(0.4802376211734683, 0.5624529545940631)": 0.9993200737445838, "(0.5624529545940631, 0.6254441257998521)": 0.9986235212367676, "(0.6254441257998521, 0.7633618690206732)": 0.9925771302415103, "(0.7633618690206732, 0.7916516913504826)": 0.9861618000837652, "(0.7916516913504826, 0.9667355156380608)": 0.9843832616733135, "(0.9667355156380608, 0.9721824443909666)": 0.6861019339816342, "(0.9721824443909666, 0.9839507252001204)": 0.13801571462968953, "(0.9839507252001204, 1.0)": 0.0018615877887059665}, "pct": 0.9925771302415103, "best_return": 37.09709373651897}, "ew_ma": {"trend": "ew_ma", "time_param": 1079, "q_params": {"(0, 0.42116086542924486)": 0.9999664027713403, "(0.42116086542924486, 0.42767075579373337)": 0.9994668496167752, "(0.42767075579373337, 0.4358653730642176)": 0.9987924452663255, "(0.4358653730642176, 0.45227252141688673)": 0.9987894355463216, "(0.45227252141688673, 0.9335871038577936)": 0.9979544267122431, "(0.9335871038577936, 0.9378380272606484)": 0.9939910477864035, "(0.9378380272606484, 0.962509282317347)": 0.9913059868462284, "(0.962509282317347, 0.9633417518608305)": 0.9147164359469021, "(0.9633417518608305, 0.9835295742484595)": 0.9141860909358933, "(0.9835295742484595, 1.0)": 0.22493269486689213}, "pct": 0.9979544267122431, "best_return": 36.873213542372284}, "rel_minmax": {"trend": "rel_minmax", "time_param": 1079, "q_params": {"(0, 0.22482352781757606)": 0.9999262725125395, "(0.22482352781757606, 0.5844382052292334)": 0.9998025450307769, "(0.5844382052292334, 0.6160639828322177)": 0.9997883591852209, "(0.6160639828322177, 0.6379609380088312)": 0.9993456275722739, "(0.6379609380088312, 0.6635284972462971)": 0.998800317893443, "(0.6635284972462971, 0.6639179101801339)": 0.9969763536632441, "(0.6639179101801339, 0.6948196101179265)": 0.9916106132330939, "(0.6948196101179265, 0.724820430397861)": 0.6093897831754829, "(0.724820430397861, 0.7279311966272694)": 0.5918155994292266, "(0.7279311966272694, 1.0)": 0.2807858988871573}, "pct": 0.2807858988871573, "best_return": 52.67670892862587}, "ew_rel_minmax": {"trend": "ew_rel_minmax", "time_param": 1079, "q_params": {"(0, 0.46903724893907)": 0.9999806793554629, "(0.46903724893907, 0.5632147042621407)": 0.9999516460182691, "(0.5632147042621407, 0.5681124047185504)": 0.9990302877340149, "(0.5681124047185504, 0.5777549093941897)": 0.9753306075480435, "(0.5777549093941897, 0.5779845280767765)": 0.9686682522820144, "(0.5779845280767765, 0.630217749277963)": 0.9443974048109888, "(0.630217749277963, 0.6560742743713722)": 0.9416129210322148, "(0.6560742743713722, 0.7128143373709377)": 0.9138246727814684, "(0.7128143373709377, 0.7130295663863725)": 0.8683377345368888, "(0.7130295663863725, 1.0)": 0.45461791315965533}, "pct": 0.45461791315965533, "best_return": 35.429990247763335}}