{"ma": {"time_param": 626, "trend": "ma", "q_params": {"(0.0, 0.9735988464026532)": 0.9999925274752438, "(0.9735988464026532, 0.9781607557249021)": 0.9995713542780825, "(0.9781607557249021, 0.986450779607795)": 0.0006567372061748072, "(0.986450779607795, 1.0)": 5.655562473309443e-06}, "pct": 0.9999925274752438, "best_return": 112.93697788290159}, "ew_ma": {"trend": "ew_ma", "time_param": 1260, "q_params": {"(0.0, 0.25)": 1.0, "(0.25, 0.5)": 0.999, "(0.5, 0.75)": 0.998001, "(0.75, 1.0)": 0.997002999}, "pct": 1, "best_return": 74.00410069904046}, "rel_minmax": {"trend": "rel_minmax", "time_param": 1260, "q_params": {"(0.0, 0.25)": 1.0, "(0.25, 0.5)": 0.999, "(0.5, 0.75)": 0.998001, "(0.75, 1.0)": 0.997002999}, "pct": 1, "best_return": 74.00410069904046}, "ew_rel_minmax": {"trend": "ew_rel_minmax", "time_param": 1260, "q_params": {"(0.0, 0.25)": 1.0, "(0.25, 0.5)": 0.999, "(0.5, 0.75)": 0.998001, "(0.75, 1.0)": 0.997002999}, "pct": 1, "best_return": 74.00410069904046}}