{"ma": {"trend": "ma", "time_param": 1079, "q_params": {"(0, 0.4053536632907482)": 0.9998392057917409, "(0.4053536632907482, 0.48003064715925026)": 0.9997160062291784, "(0.48003064715925026, 0.5470112709420958)": 0.9989604750410599, "(0.5470112709420958, 0.618653708900979)": 0.9986235212367676, "(0.618653708900979, 0.6727546123526704)": 0.9900679885832171, "(0.6727546123526704, 0.7659497297042505)": 0.9898628687254479, "(0.7659497297042505, 0.7672301470930367)": 0.9882415589909646, "(0.7672301470930367, 0.9721824443909666)": 0.9851806914755514, "(0.9721824443909666, 0.9839507252001204)": 0.12401565668838192, "(0.9839507252001204, 1.0)": 0.008481117692048068}, "pct": 0.9851806914755514, "best_return": 48.627507104463035}, "ew_ma": {"trend": "ew_ma", "time_param": 1079, "q_params": {"(0, 0.17501622106042403)": 0.9997921572179927, "(0.17501622106042403, 0.43365107687713433)": 0.9997419549238, "(0.43365107687713433, 0.44213295665046204)": 0.9990401469613748, "(0.44213295665046204, 0.4763639542486963)": 0.9983739408568957, "(0.4763639542486963, 0.6431381649529587)": 0.9886847804008602, "(0.6431381649529587, 0.6516000326811833)": 0.9835775989013027, "(0.6516000326811833, 0.9553510084457214)": 0.9827346185599326, "(0.9553510084457214, 0.9633417518608305)": 0.971307877810225, "(0.9633417518608305, 0.9862005933907166)": 0.8802743996788949, "(0.9862005933907166, 1.0)": 0.016198209399483816}, "pct": 0.971307877810225, "best_return": 43.02944587678339}, "rel_minmax": {"trend": "rel_minmax", "time_param": 1079, "q_params": {"(0, 0.1001696680605142)": 0.9998168877082728, "(0.1001696680605142, 0.5589018925941399)": 0.9998025450307769, "(0.5589018925941399, 0.5656801580283535)": 0.9995671426883447, "(0.5656801580283535, 0.5834450975084993)": 0.9970172627661514, "(0.5834450975084993, 0.5856794470529147)": 0.9969152488593741, "(0.5856794470529147, 0.6007301567962096)": 0.9940890266865181, "(0.6007301567962096, 0.6241399306275768)": 0.9892151764518684, "(0.6241399306275768, 0.7458280659546204)": 0.985857748784346, "(0.7458280659546204, 0.8018275441802187)": 0.9656104982592923, "(0.8018275441802187, 1.0)": 0.9574156709095994}, "pct": 0.9574156709095994, "best_return": 39.9932816869108}, "ew_rel_minmax": {"trend": "ew_rel_minmax", "time_param": 1079, "q_params": {"(0.0, 0.4389118168838266)": 0.999412971689209, "(0.4389118168838266, 0.4903490619893249)": 0.9992736005875918, "(0.4903490619893249, 0.5078553217355627)": 0.9972804228975043, "(0.5078553217355627, 0.5357424445748055)": 0.9964392918665227, "(0.5357424445748055, 0.6111568784674613)": 0.9963514935089685, "(0.6111568784674613, 0.6246695874285884)": 0.9951964252494778, "(0.6246695874285884, 0.6481219311403142)": 0.9382622836160677, "(0.6481219311403142, 0.6655346341442797)": 0.5941164180441778, "(0.6655346341442797, 0.7370705670534765)": 0.5856174266417726, "(0.7370705670534765, 1.0)": 0.5556720336393881}, "pct": 1, "best_return": 36.99306056184781}}