{"ma": {"trend": "ma", "time_param": 755, "q_params": {"(0.0, 0.25)": 1.0, "(0.25, 0.5)": 0.999, "(0.5, 0.75)": 0.998001, "(0.75, 1.0)": 0.997002999}, "pct": 1, "best_return": 7.3995122879303645}, "ew_ma": {"time_param": 435, "trend": "ew_ma", "q_params": {"(0, 0.9379175300786736)": 0.9999752327605425, "(0.9379175300786736, 0.9432363759575884)": 0.9980865333623664, "(0.9432363759575884, 0.9549508745378039)": 0.976252744439758, "(0.9549508745378039, 1.0)": 0.01371967772463611}, "pct": 0.9999752327605425, "best_return": 9.451203323078886}, "rel_minmax": {"trend": "rel_minmax", "time_param": 755, "q_params": {"(0.0, 0.25)": 1.0, "(0.25, 0.5)": 0.999, "(0.5, 0.75)": 0.998001, "(0.75, 1.0)": 0.997002999}, "pct": 1, "best_return": 7.3995122879303645}, "ew_rel_minmax": {"trend": "ew_rel_minmax", "time_param": 755, "q_params": {"(0.0, 0.25)": 1.0, "(0.25, 0.5)": 0.999, "(0.5, 0.75)": 0.998001, "(0.75, 1.0)": 0.997002999}, "pct": 1, "best_return": 7.3995122879303645}}