{"ma": {"trend": "ma", "time_param": 1079, "q_params": {"(0, 0.25782022924366055)": 1.0, "(0.25782022924366055, 0.4780071269874411)": 0.9999989265876718, "(0.4780071269874411, 0.5593117656685155)": 0.9999383640667459, "(0.5593117656685155, 0.5788731255019414)": 0.999914870627464, "(0.5788731255019414, 0.6028803078358198)": 0.9980632624321495, "(0.6028803078358198, 0.6260993543331825)": 0.9980409368501396, "(0.6260993543331825, 0.6312615610459981)": 0.9958015290160108, "(0.6312615610459981, 0.9687718990578535)": 0.9946862667634415, "(0.9687718990578535, 0.9729714738768416)": 0.9618578550795127, "(0.9729714738768416, 1.0)": 0.0007924801341974534}, "pct": 0.9946862667634415, "best_return": 40.96798360346467}, "ew_ma": {"trend": "ew_ma", "time_param": 1079, "q_params": {"(0, 0.45193587163636556)": 1.0, "(0.45193587163636556, 0.456057723492491)": 0.9999146755299572, "(0.456057723492491, 0.46159304818050223)": 0.9998837472117182, "(0.46159304818050223, 0.46629889512256145)": 0.9949768727030947, "(0.46629889512256145, 0.47438232293742744)": 0.9949582157289, "(0.47438232293742744, 0.48143475509110156)": 0.9946753127780924, "(0.48143475509110156, 0.4838420103971186)": 0.9946729689156618, "(0.4838420103971186, 0.9849539651419553)": 0.994672157936413, "(0.9849539651419553, 0.9857112484853217)": 0.9923478279728679, "(0.9857112484853217, 1.0)": 0.0011538020835876522}, "pct": 0.994672157936413, "best_return": 44.72145559504905}, "rel_minmax": {"trend": "rel_minmax", "time_param": 1079, "q_params": {"(0, 0.13973418679109043)": 1.0, "(0.13973418679109043, 0.5000655137624701)": 0.9999999922241186, "(0.5000655137624701, 0.6096564655590131)": 0.9999998456855496, "(0.6096564655590131, 0.6100310779456724)": 0.9999940619148163, "(0.6100310779456724, 0.6232939764451139)": 0.9999928364031826, "(0.6232939764451139, 0.6236841117274413)": 0.9993989528773101, "(0.6236841117274413, 0.6259140039173675)": 0.997249405463377, "(0.6259140039173675, 0.6330550292165645)": 0.9963398826784566, "(0.6330550292165645, 0.862251939366964)": 0.9910363157953817, "(0.862251939366964, 1.0)": 0.9910359161258742}, "pct": 0.9910359161258742, "best_return": 38.75757261131877}, "ew_rel_minmax": {"trend": "ew_rel_minmax", "time_param": 1079, "q_params": {"(0, 0.47391907673670997)": 1.0, "(0.47391907673670997, 0.4783261672925142)": 0.9989394884412541, "(0.4783261672925142, 0.5130685359829318)": 0.9979381455698841, "(0.5130685359829318, 0.5770738257041126)": 0.9964392918665227, "(0.5770738257041126, 0.6006777670995934)": 0.9956056245035626, "(0.6006777670995934, 0.6077464190862281)": 0.9949786472721163, "(0.6077464190862281, 0.7120986984968702)": 0.9949294157358396, "(0.7120986984968702, 0.7267209467995964)": 0.586268773927529, "(0.7267209467995964, 0.7315555033008135)": 0.582900102187257, "(0.7315555033008135, 1.0)": 0.5825704267912382}, "pct": 0.5825704267912382, "best_return": 34.82993333820271}}