{"ma": {"trend": "ma", "time_param": 1079, "q_params": {"(0, 0.21636511473638045)": 0.999925836952993, "(0.21636511473638045, 0.5247621803177557)": 0.9998147890847778, "(0.5247621803177557, 0.5651339465406953)": 0.9996301791922099, "(0.5651339465406953, 0.5719988547918043)": 0.9990554612406648, "(0.5719988547918043, 0.6003672454564617)": 0.9976908656656728, "(0.6003672454564617, 0.6473859884132862)": 0.9829771476669069, "(0.6473859884132862, 0.6788875701485313)": 0.9829160730440916, "(0.6788875701485313, 0.9382055512400942)": 0.9720331582370679, "(0.9382055512400942, 0.9708476182650814)": 0.9225897871754123, "(0.9708476182650814, 1.0)": 0.11038889727608497}, "pct": 0.9720331582370679, "best_return": 37.87885678181529}, "ew_ma": {"trend": "ew_ma", "time_param": 1079, "q_params": {"(0, 0.27802823734045207)": 0.9994167220565039, "(0.27802823734045207, 0.45111095853627875)": 0.9986087167962292, "(0.45111095853627875, 0.46140255170519356)": 0.9985263055227881, "(0.46140255170519356, 0.47060674366192)": 0.998063677524975, "(0.47060674366192, 0.4828618224798037)": 0.9947469275588372, "(0.4828618224798037, 0.4834752765995676)": 0.9940581893632499, "(0.4834752765995676, 0.9517274527564588)": 0.9819565150486148, "(0.9517274527564588, 0.9633182909396335)": 0.9615934827836614, "(0.9633182909396335, 0.9942146400303572)": 0.8686343488369503, "(0.9942146400303572, 1.0)": 0.02467147485408451}, "pct": 0.9615934827836614, "best_return": 40.7806273737085}, "rel_minmax": {"trend": "rel_minmax", "time_param": 1079, "q_params": {"(0, 0.1362711440479561)": 0.9999999345319259, "(0.1362711440479561, 0.4754967616510419)": 0.9998505448591457, "(0.4754967616510419, 0.5863791089877529)": 0.9997064744555378, "(0.5863791089877529, 0.5884184790574083)": 0.9995853787770436, "(0.5884184790574083, 0.5949666018806884)": 0.9991032758972094, "(0.5949666018806884, 0.6091871033807786)": 0.9987874252851667, "(0.6091871033807786, 0.6128156704914548)": 0.9976156624969601, "(0.6128156704914548, 0.6366883927898336)": 0.9938463973354602, "(0.6366883927898336, 0.9006819498826835)": 0.9726385081209006, "(0.9006819498826835, 1.0)": 0.965022657774552}, "pct": 0.965022657774552, "best_return": 39.02814245827319}, "ew_rel_minmax": {"trend": "ew_rel_minmax", "time_param": 1079, "q_params": {"(0, 0.4389118168838266)": 0.999412971689209, "(0.4389118168838266, 0.4903490619893249)": 0.9992736005875918, "(0.4903490619893249, 0.5078553217355627)": 0.9972804228975043, "(0.5078553217355627, 0.5357424445748055)": 0.9964392918665227, "(0.5357424445748055, 0.6111568784674613)": 0.9963514935089685, "(0.6111568784674613, 0.6246695874285884)": 0.9951964252494778, "(0.6246695874285884, 0.6481219311403142)": 0.9382622836160677, "(0.6481219311403142, 0.6655346341442797)": 0.5941164180441778, "(0.6655346341442797, 0.7370705670534765)": 0.5856174266417726, "(0.7370705670534765, 1.0)": 0.5556720336393881}, "pct": 0.5556720336393881, "best_return": 36.70561332491554}}