{"ma": {"trend": "ma", "time_param": 1079, "q_params": {"(0, 0.22227575649698345)": 0.9999589264142921, "(0.22227575649698345, 0.4880242274533097)": 0.9997652025660142, "(0.4880242274533097, 0.5838844903853884)": 0.9996301791922099, "(0.5838844903853884, 0.6015299078858392)": 0.9986235212367676, "(0.6015299078858392, 0.6029469242989528)": 0.9976908656656728, "(0.6029469242989528, 0.7113328961707742)": 0.991433992089239, "(0.7113328961707742, 0.831324972380709)": 0.9788944638483373, "(0.831324972380709, 0.962389703756782)": 0.9720331582370679, "(0.962389703756782, 0.9821357160514972)": 0.8919438980363988, "(0.9821357160514972, 1.0)": 0.11602163089062886}, "pct": 0.9720331582370679, "best_return": 36.26490221213926}, "ew_ma": {"trend": "ew_ma", "time_param": 1079, "q_params": {"(0, 0.19011644079923623)": 0.9994665774782558, "(0.19011644079923623, 0.4023010368630993)": 0.9987322569941285, "(0.4023010368630993, 0.4605845181929953)": 0.997451379795531, "(0.4605845181929953, 0.465777478373807)": 0.997363232844565, "(0.465777478373807, 0.4976754650751342)": 0.9911568705618101, "(0.4976754650751342, 0.6222536318285082)": 0.98975153351661, "(0.6222536318285082, 0.9550147226536773)": 0.9721222487432556, "(0.9550147226536773, 0.9914436595727193)": 0.9615934827836614, "(0.9914436595727193, 0.9951058735390922)": 0.8711404362299068, "(0.9951058735390922, 1.0)": 0.01781804490378508}, "pct": 0.9721222487432556, "best_return": 35.828634864191876}, "rel_minmax": {"trend": "rel_minmax", "time_param": 1079, "q_params": {"(0, 0.1362711440479561)": 0.9999999080181026, "(0.1362711440479561, 0.48724772459061)": 0.9999075196632639, "(0.48724772459061, 0.5700125398101108)": 0.9998803857713359, "(0.5700125398101108, 0.578863300468146)": 0.9988045612411626, "(0.578863300468146, 0.588975665630499)": 0.9972381877106354, "(0.588975665630499, 0.5919509169901717)": 0.9956250512107185, "(0.5919509169901717, 0.6115813529855351)": 0.9955966022860594, "(0.6115813529855351, 0.6561581238955767)": 0.9732560525226271, "(0.6561581238955767, 0.9202893789598955)": 0.9726385081209006, "(0.9202893789598955, 1.0)": 0.9562496822924152}, "pct": 0.9562496822924152, "best_return": 36.066482566812255}, "ew_rel_minmax": {"trend": "ew_rel_minmax", "time_param": 1079, "q_params": {"(0.0, 0.4389118168838266)": 0.999412971689209, "(0.4389118168838266, 0.4903490619893249)": 0.9992736005875918, "(0.4903490619893249, 0.5078553217355627)": 0.9972804228975043, "(0.5078553217355627, 0.5357424445748055)": 0.9964392918665227, "(0.5357424445748055, 0.6111568784674613)": 0.9963514935089685, "(0.6111568784674613, 0.6246695874285884)": 0.9951964252494778, "(0.6246695874285884, 0.6481219311403142)": 0.9382622836160677, "(0.6481219311403142, 0.6655346341442797)": 0.5941164180441778, "(0.6655346341442797, 0.7370705670534765)": 0.5856174266417726, "(0.7370705670534765, 1.0)": 0.5556720336393881}, "pct": 1, "best_return": 35.80692330824297}}