{"ma": {"trend": "ma", "time_param": 251, "q_params": {"(0.0, 0.9905410391914455)": 1.0, "(0.9905410391914455, 0.9919327745484137)": 0.9999469598855957, "(0.9919327745484137, 0.9924913295117576)": 0.01287078195821266, "(0.9924913295117576, 1.0)": 9.742906826205134e-05}, "pct": 1.0, "best_return": 3.6334844033284424}, "ew_ma": {"trend": "ew_ma", "time_param": 251, "q_params": {"(0, 0.9628763725932608)": 1.0, "(0.9628763725932608, 0.9640979918452456)": 0.9999995945470032, "(0.9640979918452456, 0.9790874476994763)": 0.002043674007506119, "(0.9790874476994763, 1.0)": 2.2385289959086035e-05}, "pct": 1.0, "best_return": 3.798417557820004}, "rel_minmax": {"trend": "rel_minmax", "time_param": 251, "q_params": {"(0.0, 0.6978708814264383)": 1.0, "(0.6978708814264383, 0.7359975389133501)": 0.9999994916449766, "(0.7359975389133501, 0.9479708150448024)": 0.9994393943863978, "(0.9479708150448024, 1.0)": 0.038775463061778745}, "pct": 1, "best_return": 3.2599230413853744}, "ew_rel_minmax": {"trend": "ew_rel_minmax", "time_param": 251, "q_params": {"(0.0, 0.5820851253132983)": 1.0, "(0.5820851253132983, 0.6003162565026237)": 0.9997474469051688, "(0.6003162565026237, 0.9989452159617281)": 0.9990153532156599, "(0.9989452159617281, 1.0)": 0.997002999}, "pct": 1, "best_return": 3.2599230413853744}}