{"ma": {"trend": "ma", "time_param": 1079, "q_params": {"(0.0, 0.7653204425557669)": 0.9999999873855532, "(0.7653204425557669, 0.8141999051627323)": 0.999999934904131, "(0.8141999051627323, 0.8218389718453091)": 0.9999991483497517, "(0.8218389718453091, 0.8379455019610029)": 0.9999939037577336, "(0.8379455019610029, 0.9314508455988313)": 0.9989975256704129, "(0.9314508455988313, 0.9371746164945173)": 0.9989940158529739, "(0.9371746164945173, 0.9422123005242499)": 0.9989092081575016, "(0.9422123005242499, 0.9422131634314613)": 0.2563259707080173, "(0.9422131634314613, 0.9516368826653743)": 0.0004511164339160437, "(0.9516368826653743, 1.0)": 1.729860353531254e-05}, "pct": 1, "best_return": 7.434511026029339}, "ew_ma": {"trend": "ew_ma", "time_param": 1079, "q_params": {"(0.0, 0.36860384167113674)": 0.9999999988304503, "(0.36860384167113674, 0.36956859695740213)": 0.9999998695985995, "(0.36956859695740213, 0.37649380285255096)": 0.9999960615112519, "(0.37649380285255096, 0.3912202085819595)": 0.9982053092991012, "(0.3912202085819595, 0.9654351224067894)": 0.9982041216772393, "(0.9654351224067894, 0.9703382960084805)": 0.9979474518605539, "(0.9703382960084805, 0.9713817176902801)": 0.9602132387636024, "(0.9713817176902801, 0.9777202637282908)": 0.9601961622314359, "(0.9777202637282908, 0.9796910213110713)": 0.0004391456668009398, "(0.9796910213110713, 1.0)": 7.042799389755268e-07}, "pct": 0.9982041216772393, "best_return": 9.739712858098407}, "rel_minmax": {"trend": "rel_minmax", "time_param": 1079, "q_params": {"(0.0, 0.20794768520032164)": 0.9999298938425055, "(0.20794768520032164, 0.6057140403589844)": 0.9999264613034445, "(0.6057140403589844, 0.6635165947610253)": 0.9998752358500154, "(0.6635165947610253, 0.6868057615300014)": 0.9991561791447188, "(0.6868057615300014, 0.6929594233922212)": 0.9855449083962086, "(0.6929594233922212, 0.6940730392082916)": 0.96334315226926, "(0.6940730392082916, 0.6995737776350514)": 0.8739564688528595, "(0.6995737776350514, 0.7269868787538561)": 0.5927498275476504, "(0.7269868787538561, 0.7279311966272694)": 0.5878988448392812, "(0.7279311966272694, 1.0)": 0.2684465132664133}, "pct": 1, "best_return": 7.434511026029339}, "ew_rel_minmax": {"time_param": 1242, "trend": "ew_rel_minmax", "q_params": {"(0.0, 0.38189096030073977)": 0.9999992560431991, "(0.38189096030073977, 0.3876960224946332)": 0.9999270716015025, "(0.3876960224946332, 0.44510071335886775)": 0.8925673239378287, "(0.44510071335886775, 0.45846246236116445)": 0.8925664239143394, "(0.45846246236116445, 0.4592850556546455)": 0.8524280221333984, "(0.4592850556546455, 0.4651198952507045)": 0.3417294937380834, "(0.4651198952507045, 0.4708814985184049)": 0.34150468846934856, "(0.4708814985184049, 0.4733129059637766)": 0.34149944934252, "(0.4733129059637766, 0.9844512998675055)": 0.34149827150533846, "(0.9844512998675055, 1.0)": 5.620934931582853e-06}, "pct": 1, "best_return": 7.434511026029339}}