{"ma": {"time_param": 17, "trend": "ma", "q_params": {"(0, 0.3908059955857815)": 0.9999379389457068, "(0.3908059955857815, 0.8667711095744015)": 0.9999362040440698, "(0.8667711095744015, 0.9675743721420397)": 0.999091253758559, "(0.9675743721420397, 1.0)": 0.0024590234605892302}, "pct": 0.9999379389457068, "best_return": 2.1049134549674915}, "ew_ma": {"time_param": 247, "trend": "ew_ma", "q_params": {"(0.0, 0.9058561605712754)": 0.9999848722907462, "(0.9058561605712754, 0.9192374283507941)": 0.9992599836382667, "(0.9192374283507941, 0.952098181507215)": 0.0018558213916998341, "(0.952098181507215, 1.0)": 5.96438771637045e-05}, "pct": 0.9999848722907462, "best_return": 2.226425103816386}, "rel_minmax": {"trend": "rel_minmax", "time_param": 126, "q_params": {"(0.0, 0.2907400456147325)": 1.0, "(0.2907400456147325, 0.33639595563931046)": 0.9995251811007726, "(0.33639595563931046, 0.7646776860589526)": 0.9990202428875489, "(0.7646776860589526, 1.0)": 0.997002999}, "pct": 1, "best_return": 1.8336624821876362}, "ew_rel_minmax": {"time_param": 15, "trend": "ew_rel_minmax", "q_params": {"(0.0, 0.4797935592772156)": 0.9999998038096501, "(0.4797935592772156, 0.6568987770989757)": 0.9999445221187654, "(0.6568987770989757, 0.7865345501208014)": 0.9984332018585348, "(0.7865345501208014, 1.0)": 0.003180484126872286}, "pct": 0.9999998038096501, "best_return": 2.2704804189441257}}