{"ma": {"trend": "ma", "time_param": 1079, "q_params": {"(0.0, 0.7653204425557669)": 0.9999999873855532, "(0.7653204425557669, 0.8141999051627323)": 0.999999934904131, "(0.8141999051627323, 0.8218389718453091)": 0.9999991483497517, "(0.8218389718453091, 0.8379455019610029)": 0.9999939037577336, "(0.8379455019610029, 0.9314508455988313)": 0.9989975256704129, "(0.9314508455988313, 0.9371746164945173)": 0.9989940158529739, "(0.9371746164945173, 0.9422123005242499)": 0.9989092081575016, "(0.9422123005242499, 0.9422131634314613)": 0.2563259707080173, "(0.9422131634314613, 0.9516368826653743)": 0.0004511164339160437, "(0.9516368826653743, 1.0)": 1.729860353531254e-05}, "pct": 1, "best_return": 6.899977996229624}, "ew_ma": {"trend": "ew_ma", "time_param": 1079, "q_params": {"(0.0, 0.29227339928427015)": 0.9999999721090578, "(0.29227339928427015, 0.36921052701487633)": 0.9999995516279194, "(0.36921052701487633, 0.3772524864034223)": 0.9999950234195963, "(0.3772524864034223, 0.38541031779282026)": 0.9982053092991012, "(0.38541031779282026, 0.9654351224067894)": 0.9982041216772393, "(0.9654351224067894, 0.9703382960084805)": 0.9979474518605539, "(0.9703382960084805, 0.9714217733047287)": 0.9602132387636024, "(0.9714217733047287, 0.9773485587364399)": 0.9601961622314359, "(0.9773485587364399, 0.9796910213110713)": 0.0004391456668009398, "(0.9796910213110713, 1.0)": 7.230847675725866e-06}, "pct": 0.9982041216772393, "best_return": 9.073671928852336}, "rel_minmax": {"trend": "rel_minmax", "time_param": 1079, "q_params": {"(0.0, 0.20794768520032164)": 0.9999298938425055, "(0.20794768520032164, 0.6057140403589844)": 0.9999264613034445, "(0.6057140403589844, 0.6635165947610253)": 0.9998752358500154, "(0.6635165947610253, 0.6868057615300014)": 0.9991561791447188, "(0.6868057615300014, 0.6929594233922212)": 0.9855449083962086, "(0.6929594233922212, 0.6940730392082916)": 0.96334315226926, "(0.6940730392082916, 0.6995737776350514)": 0.8739564688528595, "(0.6995737776350514, 0.7269868787538561)": 0.5927498275476504, "(0.7269868787538561, 0.7279311966272694)": 0.5878988448392812, "(0.7279311966272694, 1.0)": 0.2684465132664133}, "pct": 1, "best_return": 6.899977996229624}, "ew_rel_minmax": {"time_param": 1242, "trend": "ew_rel_minmax", "q_params": {"(0.0, 0.38189096030073977)": 0.9999992560431991, "(0.38189096030073977, 0.388978735715663)": 0.9999270716015025, "(0.388978735715663, 0.4468666631639629)": 0.8925673239378287, "(0.4468666631639629, 0.45831845041687236)": 0.8925664239143394, "(0.45831845041687236, 0.45860372222351703)": 0.8923612062505223, "(0.45860372222351703, 0.46579982636610595)": 0.3417294937380834, "(0.46579982636610595, 0.4718625314203372)": 0.34172227854963116, "(0.4718625314203372, 0.5068223821806289)": 0.3417220225849556, "(0.5068223821806289, 0.9854879861108026)": 0.34149827150533846, "(0.9854879861108026, 1.0)": 5.620934931582853e-06}, "pct": 5.620934931582853e-06, "best_return": 9.974972902291908}}