{"ma": {"trend": "ma", "time_param": 1079, "q_params": {"(0, 0.4174888354169338)": 0.9999989027499334, "(0.4174888354169338, 0.45375170958559835)": 0.9999532476740081, "(0.45375170958559835, 0.47897630426483695)": 0.9996564283858465, "(0.47897630426483695, 0.6185638809618962)": 0.9996528998109415, "(0.6185638809618962, 0.7569772470325956)": 0.9988472688041834, "(0.7569772470325956, 0.9261980635125747)": 0.9971991588502481, "(0.9261980635125747, 0.9700238640657931)": 0.9949959196839988, "(0.9700238640657931, 0.9731256597746142)": 0.7532350331551144, "(0.9731256597746142, 0.9861884474903269)": 0.08220410101544674, "(0.9861884474903269, 1.0)": 0.08115353481647294}, "pct": 0.9971991588502481, "best_return": 7.914164707451911}, "ew_ma": {"trend": "ew_ma", "time_param": 1079, "q_params": {"(0, 0.37344643916430476)": 0.9999664027713403, "(0.37344643916430476, 0.45413214177308875)": 0.9989419550051791, "(0.45413214177308875, 0.49031091851362657)": 0.9981827677069598, "(0.49031091851362657, 0.5017024444860458)": 0.9981122186938176, "(0.5017024444860458, 0.940594772066169)": 0.9980594882823609, "(0.940594772066169, 0.9613689033310203)": 0.9960458089855905, "(0.9613689033310203, 0.9631705767440915)": 0.9891503197874171, "(0.9631705767440915, 0.9864937415748471)": 0.9597311667221068, "(0.9864937415748471, 0.9876893436347983)": 0.8606077663236704, "(0.9876893436347983, 1.0)": 0.1502120830600474}, "pct": 0.9980594882823609, "best_return": 8.117762929359865}, "rel_minmax": {"trend": "rel_minmax", "time_param": 1079, "q_params": {"(0.0, 0.20794768520032164)": 0.9999298938425055, "(0.20794768520032164, 0.6057140403589844)": 0.9999264613034445, "(0.6057140403589844, 0.6635165947610253)": 0.9998752358500154, "(0.6635165947610253, 0.6868057615300014)": 0.9991561791447188, "(0.6868057615300014, 0.6929594233922212)": 0.9855449083962086, "(0.6929594233922212, 0.6940730392082916)": 0.96334315226926, "(0.6940730392082916, 0.6995737776350514)": 0.8739564688528595, "(0.6995737776350514, 0.7269868787538561)": 0.5927498275476504, "(0.7269868787538561, 0.7279311966272694)": 0.5878988448392812, "(0.7279311966272694, 1.0)": 0.2684465132664133}, "pct": 1, "best_return": 7.293947982104275}, "ew_rel_minmax": {"trend": "ew_rel_minmax", "time_param": 1079, "q_params": {"(0.0, 0.43768849161491696)": 0.9999806793554629, "(0.43768849161491696, 0.5615516435631664)": 0.9985992568944845, "(0.5615516435631664, 0.5651600096624112)": 0.9808763941142815, "(0.5651600096624112, 0.5678701787772819)": 0.9758175031835035, "(0.5678701787772819, 0.5682426796761529)": 0.9697202660962023, "(0.5682426796761529, 0.5970705251713234)": 0.9426349589477848, "(0.5970705251713234, 0.6566955220532122)": 0.9399032987560832, "(0.6566955220532122, 0.7030650902091111)": 0.9304825785892509, "(0.7030650902091111, 0.7170279477352791)": 0.8563761271401443, "(0.7170279477352791, 1.0)": 0.4770031469894128}, "pct": 1, "best_return": 7.293947982104275}}