{"ma": {"trend": "ma", "time_param": 1079, "q_params": {"(0.0, 0.25355503077224006)": 0.9998814863808392, "(0.25355503077224006, 0.48003064715925026)": 0.9994236999368676, "(0.48003064715925026, 0.5532758904607956)": 0.9990358917719496, "(0.5532758904607956, 0.618653708900979)": 0.9986235212367676, "(0.618653708900979, 0.76488936647229)": 0.9941367051226976, "(0.76488936647229, 0.7659497297042505)": 0.9914890700682153, "(0.7659497297042505, 0.7672301470930367)": 0.9852451720343879, "(0.7672301470930367, 0.9721824443909666)": 0.9851806914755514, "(0.9721824443909666, 0.9839507252001204)": 0.2625768396588504, "(0.9839507252001204, 1.0)": 0.036649852502022164}, "pct": 0.9851806914755514, "best_return": 34.37624785030902}, "ew_ma": {"trend": "ew_ma", "time_param": 1079, "q_params": {"(0.0, 0.42134076382257424)": 0.9999575577930406, "(0.42134076382257424, 0.4298198791307004)": 0.9997872790823872, "(0.4298198791307004, 0.44213295665046204)": 0.9995678943692753, "(0.44213295665046204, 0.47160213341299734)": 0.9934889053781513, "(0.47160213341299734, 0.8577447330989538)": 0.9933910193793575, "(0.8577447330989538, 0.9396695325724872)": 0.9916832608214163, "(0.9396695325724872, 0.9553510084457214)": 0.9913059868462284, "(0.9553510084457214, 0.9633417518608305)": 0.9856582257042233, "(0.9633417518608305, 0.9851925386388514)": 0.8991371484549112, "(0.9851925386388514, 1.0)": 0.016198209399483816}, "pct": 0.9916832608214163, "best_return": 40.01409499959335}, "rel_minmax": {"trend": "rel_minmax", "time_param": 1079, "q_params": {"(0, 0.17967408093615014)": 0.9998069906926824, "(0.17967408093615014, 0.530168168886082)": 0.9998025450307769, "(0.530168168886082, 0.5958209696038503)": 0.9996630312714446, "(0.5958209696038503, 0.6493118039726379)": 0.9987744137350265, "(0.6493118039726379, 0.673282415960885)": 0.994616951982146, "(0.673282415960885, 0.6859484542610647)": 0.993940834344201, "(0.6859484542610647, 0.6939462688886738)": 0.9916215490953407, "(0.6939462688886738, 0.6941624264503263)": 0.9896493483404608, "(0.6941624264503263, 0.8018275441802187)": 0.9614072413893634, "(0.8018275441802187, 1.0)": 0.9574156709095994}, "pct": 0.9574156709095994, "best_return": 36.056013528278456}, "ew_rel_minmax": {"trend": "ew_rel_minmax", "time_param": 1079, "q_params": {"(0, 0.4389118168838266)": 0.999412971689209, "(0.4389118168838266, 0.566697960522178)": 0.9992862890723793, "(0.566697960522178, 0.5695352494440261)": 0.9985194783722082, "(0.5695352494440261, 0.6170513824509785)": 0.997104183830551, "(0.6170513824509785, 0.6313854806943695)": 0.9963514935089685, "(0.6313854806943695, 0.6380415374731174)": 0.9685024109659668, "(0.6380415374731174, 0.6575982549843041)": 0.9382622836160677, "(0.6575982549843041, 0.6753701807501425)": 0.5941164180441778, "(0.6753701807501425, 0.7130295663863725)": 0.5856174266417726, "(0.7130295663863725, 1.0)": 0.5556720336393881}, "pct": 0.5556720336393881, "best_return": 34.684756668266346}}