{"ma": {"trend": "ma", "time_param": 1079, "q_params": {"(0, 0.2428646882550602)": 0.9999589264142921, "(0.2428646882550602, 0.47695703581762755)": 0.9996169693909683, "(0.47695703581762755, 0.5607721400971644)": 0.9991799553366331, "(0.5607721400971644, 0.618653708900979)": 0.9986235212367676, "(0.618653708900979, 0.6243200550841854)": 0.9900679885832171, "(0.6243200550841854, 0.7601920064598408)": 0.9894084967649566, "(0.7601920064598408, 0.8279477717729101)": 0.9888923037408204, "(0.8279477717729101, 0.9721899913418373)": 0.974904568444293, "(0.9721899913418373, 0.9835432055186693)": 0.9106597617228193, "(0.9835432055186693, 1.0)": 0.11602163089062886}, "pct": 0.974904568444293, "best_return": 40.774761459047504}, "ew_ma": {"trend": "ew_ma", "time_param": 1079, "q_params": {"(0, 0.1786768074029837)": 0.9995267781523364, "(0.1786768074029837, 0.43597972760850007)": 0.9990973628947198, "(0.43597972760850007, 0.45826052335538314)": 0.9990401469613748, "(0.45826052335538314, 0.4740043524771909)": 0.9975283254096708, "(0.4740043524771909, 0.49220029481141403)": 0.9955403281759282, "(0.49220029481141403, 0.6240349516846925)": 0.9835775989013027, "(0.6240349516846925, 0.9486916763975571)": 0.9818153363417654, "(0.9486916763975571, 0.9633417518608305)": 0.971307877810225, "(0.9633417518608305, 0.9859303784355671)": 0.8802743996788949, "(0.9859303784355671, 1.0)": 0.016198209399483816}, "pct": 0.9818153363417654, "best_return": 43.8133831236286}, "rel_minmax": {"trend": "rel_minmax", "time_param": 1079, "q_params": {"(0, 0.1001696680605142)": 0.9998498761391398, "(0.1001696680605142, 0.48430451063280455)": 0.9998025450307769, "(0.48430451063280455, 0.5656801580283535)": 0.9995671426883447, "(0.5656801580283535, 0.5834450975084993)": 0.9967257170751422, "(0.5834450975084993, 0.5912039704801246)": 0.9963019597870878, "(0.5912039704801246, 0.6007301567962096)": 0.9940890266865181, "(0.6007301567962096, 0.6267869102986229)": 0.9892151764518684, "(0.6267869102986229, 0.6646277165703333)": 0.9813659047430565, "(0.6646277165703333, 0.8928187923891132)": 0.9582149442904182, "(0.8928187923891132, 1.0)": 0.9579806714443441}, "pct": 0.9579806714443441, "best_return": 37.927663459072264}, "ew_rel_minmax": {"trend": "ew_rel_minmax", "time_param": 1079, "q_params": {"(0.0, 0.4389118168838266)": 0.999412971689209, "(0.4389118168838266, 0.4903490619893249)": 0.9992736005875918, "(0.4903490619893249, 0.5078553217355627)": 0.9972804228975043, "(0.5078553217355627, 0.5357424445748055)": 0.9964392918665227, "(0.5357424445748055, 0.6111568784674613)": 0.9963514935089685, "(0.6111568784674613, 0.6246695874285884)": 0.9951964252494778, "(0.6246695874285884, 0.6481219311403142)": 0.9382622836160677, "(0.6481219311403142, 0.6655346341442797)": 0.5941164180441778, "(0.6655346341442797, 0.7370705670534765)": 0.5856174266417726, "(0.7370705670534765, 1.0)": 0.5556720336393881}, "pct": 1, "best_return": 34.126734372480335}}