{"ma": {"trend": "ma", "time_param": 1079, "q_params": {"(0, 0.24617099435736628)": 0.9998893295308153, "(0.24617099435736628, 0.48003064715925026)": 0.9994236999368676, "(0.48003064715925026, 0.5532758904607956)": 0.9990358917719496, "(0.5532758904607956, 0.5778616878904538)": 0.9986235212367676, "(0.5778616878904538, 0.76488936647229)": 0.9941367051226976, "(0.76488936647229, 0.7659497297042505)": 0.9865549365121108, "(0.7659497297042505, 0.8142066104599415)": 0.9852451720343879, "(0.8142066104599415, 0.9721824443909666)": 0.9851806914755514, "(0.9721824443909666, 0.9839507252001204)": 0.2625768396588504, "(0.9839507252001204, 1.0)": 0.036649852502022164}, "pct": 0.9851806914755514, "best_return": 41.93285209344435}, "ew_ma": {"trend": "ew_ma", "time_param": 1079, "q_params": {"(0, 0.42134076382257424)": 0.9999575577930406, "(0.42134076382257424, 0.4298198791307004)": 0.9997872790823872, "(0.4298198791307004, 0.44213295665046204)": 0.9995678943692753, "(0.44213295665046204, 0.47160213341299734)": 0.9933483788132137, "(0.47160213341299734, 0.9335871038577936)": 0.9929676238588788, "(0.9335871038577936, 0.9396695325724872)": 0.9916832608214163, "(0.9396695325724872, 0.9574084447014078)": 0.9913059868462284, "(0.9574084447014078, 0.9633417518608305)": 0.9856582257042233, "(0.9633417518608305, 0.9851925386388514)": 0.8991371484549112, "(0.9851925386388514, 1.0)": 0.016198209399483816}, "pct": 0.9929676238588788, "best_return": 40.34564135563569}, "rel_minmax": {"trend": "rel_minmax", "time_param": 1079, "q_params": {"(0, 0.17967408093615014)": 0.9998069906926824, "(0.17967408093615014, 0.5613798705746892)": 0.9998025450307769, "(0.5613798705746892, 0.5958209696038503)": 0.9996630312714446, "(0.5958209696038503, 0.6493118039726379)": 0.9993925423159512, "(0.6493118039726379, 0.6624610977720201)": 0.9943231124736857, "(0.6624610977720201, 0.6859484542610647)": 0.993940834344201, "(0.6859484542610647, 0.6939462688886738)": 0.9916215490953407, "(0.6939462688886738, 0.6941624264503263)": 0.9638052021409345, "(0.6941624264503263, 0.7279311966272694)": 0.9614072413893634, "(0.7279311966272694, 1.0)": 0.24159147640795586}, "pct": 0.24159147640795586, "best_return": 52.32087172378968}, "ew_rel_minmax": {"trend": "ew_rel_minmax", "time_param": 1079, "q_params": {"(0, 0.4430870253760768)": 0.9997489510141, "(0.4430870253760768, 0.4918190747672148)": 0.9992862890723793, "(0.4918190747672148, 0.5695352494440261)": 0.9989576649656138, "(0.5695352494440261, 0.6170513824509785)": 0.9963797181238191, "(0.6170513824509785, 0.6313854806943695)": 0.9963514935089685, "(0.6313854806943695, 0.6380415374731174)": 0.9685024109659668, "(0.6380415374731174, 0.6440484284732675)": 0.9382622836160677, "(0.6440484284732675, 0.6797714584629562)": 0.8756423318902868, "(0.6797714584629562, 0.7130295663863725)": 0.8169830804622085, "(0.7130295663863725, 1.0)": 0.5556720336393881}, "pct": 0.5556720336393881, "best_return": 36.62027159139231}}