{"ma": {"time_param": 150, "trend": "ma", "q_params": {"(0, 0.8687146119200871)": 0.9999978061019762, "(0.8687146119200871, 0.8788940016615131)": 0.9998432840807071, "(0.8788940016615131, 0.9160962126862886)": 0.00022034616366341418, "(0.9160962126862886, 1.0)": 8.280875786057658e-06}, "pct": 0.9999978061019762, "best_return": 1.8268009915273047}, "ew_ma": {"time_param": 102, "trend": "ew_ma", "q_params": {"(0.0, 0.9855208795603302)": 0.9999752857303734, "(0.9855208795603302, 0.9861052806615137)": 0.9966859676957595, "(0.9861052806615137, 0.9865131051740454)": 0.09360335995634947, "(0.9865131051740454, 1.0)": 0.0008410609002947905}, "pct": 0.9999752857303734, "best_return": 1.7184905026762018}, "rel_minmax": {"trend": "rel_minmax", "time_param": 75, "q_params": {"(0, 0.20905750888515592)": 1.0, "(0.20905750888515592, 0.26138735704538524)": 0.9985039614521801, "(0.26138735704538524, 0.9902491922339229)": 0.9985003480125778, "(0.9902491922339229, 1.0)": 0.9982009936139772}, "pct": 1.0, "best_return": 1.5690476994340024}, "ew_rel_minmax": {"time_param": 21, "trend": "ew_rel_minmax", "q_params": {"(0, 0.5153585568796624)": 0.9999858087330544, "(0.5153585568796624, 0.6533319759174909)": 0.9995677597103542, "(0.6533319759174909, 0.7926865059144664)": 0.01404169705352101, "(0.7926865059144664, 1.0)": 0.014017819497206306}, "pct": 0.9999858087330544, "best_return": 1.9137265619849753}}