{"ma": {"trend": "ma", "time_param": 251, "q_params": {"(0, 0.9408966584500132)": 1.0, "(0.9408966584500132, 0.9521638960634533)": 0.9999372876548975, "(0.9521638960634533, 0.9938850269920693)": 0.9990353354525141, "(0.9938850269920693, 1.0)": 0.03061904256901383}, "pct": 1.0, "best_return": 3.684515749176056}, "ew_ma": {"trend": "ew_ma", "time_param": 251, "q_params": {"(0, 0.8929126950315354)": 1.0, "(0.8929126950315354, 0.9528482975624051)": 0.9999783878026232, "(0.9528482975624051, 0.9623996831501603)": 0.9994108373034022, "(0.9623996831501603, 1.0)": 0.06106115555854505}, "pct": 1.0, "best_return": 3.743935877858648}, "rel_minmax": {"trend": "rel_minmax", "time_param": 251, "q_params": {"(0.0, 0.6978708814264383)": 1.0, "(0.6978708814264383, 0.7715958908157666)": 0.999995593258268, "(0.7715958908157666, 0.9479708150448024)": 0.9994393943863978, "(0.9479708150448024, 1.0)": 0.038775463061778745}, "pct": 1.0, "best_return": 3.5426903530587963}, "ew_rel_minmax": {"trend": "ew_rel_minmax", "time_param": 251, "q_params": {"(0, 0.5820851253132983)": 1.0, "(0.5820851253132983, 0.6003162565026237)": 0.9997474469051688, "(0.6003162565026237, 0.9989452159617281)": 0.9990153532156599, "(0.9989452159617281, 1.0)": 0.997002999}, "pct": 1.0, "best_return": 3.426945895849351}}