{"ma": {"trend": "ma", "time_param": 1079, "q_params": {"(0, 0.4158021440684767)": 1.0, "(0.4158021440684767, 0.5790060225206296)": 0.9999992258160644, "(0.5790060225206296, 0.7534864246353187)": 0.9999912582620449, "(0.7534864246353187, 0.8029057323933801)": 0.9999420123907573, "(0.8029057323933801, 0.8509659569238948)": 0.9997118332515045, "(0.8509659569238948, 0.8737748544531643)": 0.9993689591251423, "(0.8737748544531643, 0.9676872430917213)": 0.9984466059496669, "(0.9676872430917213, 0.971633851288583)": 0.993020965034979, "(0.971633851288583, 0.9721179898374378)": 0.21922265183981232, "(0.9721179898374378, 1.0)": 0.0016686178399814011}, "pct": 0.9999912582620449, "best_return": 12.340384460367982}, "ew_ma": {"trend": "ew_ma", "time_param": 1079, "q_params": {"(0, 0.30757894523336066)": 1.0, "(0.30757894523336066, 0.3311042194376929)": 0.999978510623916, "(0.3311042194376929, 0.3459763670635103)": 0.9978130780723625, "(0.3459763670635103, 0.3612684971843092)": 0.9977813450751387, "(0.3612684971843092, 0.7114196632434855)": 0.9977800215719157, "(0.7114196632434855, 0.7157071208017961)": 0.9975501006882914, "(0.7157071208017961, 0.729358244668116)": 0.9959578127472928, "(0.729358244668116, 0.738203477449275)": 0.9327256508616067, "(0.738203477449275, 0.7557583664496029)": 0.9289311441099923, "(0.7557583664496029, 1.0)": 0.666822874273075}, "pct": 0.9289311441099923, "best_return": 9.835293348566635}, "rel_minmax": {"trend": "rel_minmax", "time_param": 1079, "q_params": {"(0, 0.4001790344665962)": 1.0, "(0.4001790344665962, 0.42755895736281857)": 0.9999856473579459, "(0.42755895736281857, 0.43239704387706746)": 0.9998486494152555, "(0.43239704387706746, 0.43392216664966204)": 0.9973298256629229, "(0.43392216664966204, 0.4476301044685169)": 0.9972251586883953, "(0.4476301044685169, 0.6453341231571188)": 0.9972175408281043, "(0.6453341231571188, 0.8398757455526341)": 0.9971382477874032, "(0.8398757455526341, 0.9001819822587276)": 0.9967113611630374, "(0.9001819822587276, 0.9007608299283614)": 0.9924302881742153, "(0.9007608299283614, 1.0)": 0.12292823983307799}, "pct": 0.12292823983307799, "best_return": 13.649449908078292}, "ew_rel_minmax": {"trend": "ew_rel_minmax", "time_param": 1079, "q_params": {"(0, 0.673120124169768)": 1.0, "(0.673120124169768, 0.7009506700163161)": 0.9999973639420342, "(0.7009506700163161, 0.7188105758842691)": 0.9999725919045582, "(0.7188105758842691, 0.7195200323554195)": 0.9999303256580986, "(0.7195200323554195, 0.7206449332605893)": 0.9977562730847738, "(0.7206449332605893, 0.7690142686918447)": 0.9974868757713223, "(0.7690142686918447, 0.770811916139757)": 0.9948592650691958, "(0.770811916139757, 0.7738967308750491)": 0.9948329153015666, "(0.7738967308750491, 0.7742798996018769)": 0.8027477226784476, "(0.7742798996018769, 1.0)": 0.008155693051930198}, "pct": 0.008155693051930198, "best_return": 13.250634754161684}}