{"ma": {"trend": "ma", "time_param": 126, "q_params": {"(0.0, 0.25)": 1.0, "(0.25, 0.5)": 0.999, "(0.5, 0.75)": 0.998001, "(0.75, 1.0)": 0.997002999}, "pct": 1, "best_return": 1.333639330344114}, "ew_ma": {"time_param": 228, "trend": "ew_ma", "q_params": {"(0, 0.9436156122016314)": 0.9986471020686096, "(0.9436156122016314, 0.9613724990065718)": 0.971276234962734, "(0.9613724990065718, 0.9684366600245784)": 0.07849562571163186, "(0.9684366600245784, 1.0)": 0.0018919563520323696}, "pct": 0.9986471020686096, "best_return": 1.3776191664052608}, "rel_minmax": {"trend": "rel_minmax", "time_param": 126, "q_params": {"(0.0, 0.25)": 1.0, "(0.25, 0.5)": 0.999, "(0.5, 0.75)": 0.998001, "(0.75, 1.0)": 0.997002999}, "pct": 1, "best_return": 1.333639330344114}, "ew_rel_minmax": {"time_param": 69, "trend": "ew_rel_minmax", "q_params": {"(0.0, 0.8585045147641467)": 0.9999641725001552, "(0.8585045147641467, 0.9255031452383613)": 0.9982935466868778, "(0.9255031452383613, 0.939527057909683)": 0.9839321896977904, "(0.939527057909683, 1.0)": 0.0011327172914507022}, "pct": 0.9999641725001552, "best_return": 1.5323745334781318}}