{"ma": {"trend": "ma", "time_param": 1079, "q_params": {"(0, 0.5972953474278414)": 0.9999999822449759, "(0.5972953474278414, 0.7597464759968939)": 0.999999538627495, "(0.7597464759968939, 0.8097918322798059)": 0.9999993980495885, "(0.8097918322798059, 0.811607777777565)": 0.9997537530879179, "(0.811607777777565, 0.856821077188614)": 0.9997118332515045, "(0.856821077188614, 0.8753545905599349)": 0.9941457346508489, "(0.8753545905599349, 0.9577940659051458)": 0.34087920984632514, "(0.9577940659051458, 0.9619236755650723)": 0.3000481734627526, "(0.9619236755650723, 0.9969628793916945)": 0.12427263466024664, "(0.9969628793916945, 1.0)": 0.04994184841765085}, "pct": 0.9999999822449759, "best_return": 10.889956691681098}, "ew_ma": {"trend": "ew_ma", "time_param": 1079, "q_params": {"(0, 0.31026336579500197)": 0.9999978442086735, "(0.31026336579500197, 0.32808785082773567)": 0.9999668115967194, "(0.32808785082773567, 0.47692243795395484)": 0.9998697861836187, "(0.47692243795395484, 0.7009899240748518)": 0.9997303368446248, "(0.7009899240748518, 0.7102024068057269)": 0.9943441752946035, "(0.7102024068057269, 0.7104810024626167)": 0.9855897396503155, "(0.7104810024626167, 0.7197086961039925)": 0.9771519239360075, "(0.7197086961039925, 0.7283117509524882)": 0.6014187711046746, "(0.7283117509524882, 0.7557583664496029)": 0.5821748097651516, "(0.7557583664496029, 1.0)": 0.5712832399970273}, "pct": 0.9997303368446248, "best_return": 10.045943215831798}, "rel_minmax": {"time_param": 195, "trend": "rel_minmax", "q_params": {"(0.0, 0.20273345555101152)": 0.9638810892191894, "(0.20273345555101152, 0.40456486732512514)": 0.8691053728996284, "(0.40456486732512514, 0.5257146758355166)": 0.8456103928544364, "(0.5257146758355166, 0.5271499814886559)": 0.7989052011779771, "(0.5271499814886559, 0.5704073733402251)": 0.7494542359879642, "(0.5704073733402251, 0.6743950061804139)": 0.7459336670499545, "(0.6743950061804139, 0.7746410476470457)": 0.6200788172995378, "(0.7746410476470457, 0.8701860433007875)": 0.4190315887628917, "(0.8701860433007875, 0.8734972638171101)": 0.1986996110844068, "(0.8734972638171101, 1.0)": 0.07758953445599559}, "pct": 1, "best_return": 9.348410440697585}, "ew_rel_minmax": {"time_param": 360, "trend": "ew_rel_minmax", "q_params": {"(0, 0.060168081531337)": 0.9763921767868627, "(0.060168081531337, 0.494094963230416)": 0.9749069952196582, "(0.494094963230416, 0.5898195243030278)": 0.9565651954641997, "(0.5898195243030278, 0.6315183247881136)": 0.9004995666795437, "(0.6315183247881136, 0.689118671871426)": 0.8505200720063026, "(0.689118671871426, 0.8329969785855605)": 0.7462222462905437, "(0.8329969785855605, 0.8830758803787472)": 0.672652393811347, "(0.8830758803787472, 0.8999779280880242)": 0.6711325233460854, "(0.8999779280880242, 0.9805444370121695)": 0.0979098968948068, "(0.9805444370121695, 1.0)": 0.024775094937345865}, "pct": 0.024775094937345865, "best_return": 12.996155212803387}}