{"ma": {"trend": "ma", "time_param": 1079, "q_params": {"(0.0, 0.38572242151325703)": 1.0, "(0.38572242151325703, 0.5591363700279597)": 0.9999991360695117, "(0.5591363700279597, 0.7534094195054997)": 0.9999990157883603, "(0.7534094195054997, 0.8270494371909309)": 0.9999949866827554, "(0.8270494371909309, 0.8658111960068018)": 0.9997118332515045, "(0.8658111960068018, 0.8737748544531643)": 0.9941457346508489, "(0.8737748544531643, 0.9559862885536101)": 0.9842985485828991, "(0.9559862885536101, 0.9661166393549029)": 0.28796032605163857, "(0.9661166393549029, 0.9948192336604691)": 0.17966840373297618, "(0.9948192336604691, 1.0)": 0.0016686178399814011}, "pct": 1, "best_return": 9.612041657310048}, "ew_ma": {"trend": "ew_ma", "time_param": 1079, "q_params": {"(0.0, 0.30834745898564586)": 1.0, "(0.30834745898564586, 0.3220558956092636)": 0.999978510623916, "(0.3220558956092636, 0.34765826334283023)": 0.9978130780723625, "(0.34765826334283023, 0.3612684971843092)": 0.9978127816839207, "(0.3612684971843092, 0.7014879037030217)": 0.9977800215719157, "(0.7014879037030217, 0.7163692413922529)": 0.9975501006882914, "(0.7163692413922529, 0.7202942597111262)": 0.9967790194029925, "(0.7202942597111262, 0.738203477449275)": 0.9131801790338918, "(0.738203477449275, 0.7557583664496029)": 0.7213078784673025, "(0.7557583664496029, 1.0)": 0.6922040144975944}, "pct": 1, "best_return": 9.612041657310048}, "rel_minmax": {"time_param": 195, "trend": "rel_minmax", "q_params": {"(0.0, 0.20273345555101152)": 0.9638810892191894, "(0.20273345555101152, 0.40456486732512514)": 0.8691053728996284, "(0.40456486732512514, 0.5257146758355166)": 0.8456103928544364, "(0.5257146758355166, 0.5271499814886559)": 0.7989052011779771, "(0.5271499814886559, 0.5704073733402251)": 0.7494542359879642, "(0.5704073733402251, 0.6743950061804139)": 0.7459336670499545, "(0.6743950061804139, 0.7746410476470457)": 0.6200788172995378, "(0.7746410476470457, 0.8701860433007875)": 0.4190315887628917, "(0.8701860433007875, 0.8734972638171101)": 0.1986996110844068, "(0.8734972638171101, 1.0)": 0.07758953445599559}, "pct": 1, "best_return": 9.612041657310048}, "ew_rel_minmax": {"trend": "ew_rel_minmax", "time_param": 1079, "q_params": {"(0.0, 0.7034921810289427)": 1.0, "(0.7034921810289427, 0.7125356644367047)": 0.9999732848268283, "(0.7125356644367047, 0.7188105758842691)": 0.9991794425439593, "(0.7188105758842691, 0.7196964591324295)": 0.9978764425283625, "(0.7196964591324295, 0.7362563356127286)": 0.9977483408374221, "(0.7362563356127286, 0.7386016539226601)": 0.986049216659658, "(0.7386016539226601, 0.7729547622340713)": 0.9824333201452211, "(0.7729547622340713, 0.7741904114816952)": 0.9250806256437807, "(0.7741904114816952, 0.7742798996018769)": 0.8084516681956059, "(0.7742798996018769, 1.0)": 0.5086306695946485}, "pct": 1, "best_return": 9.612041657310048}}