{"ma": {"time_param": 576, "trend": "ma", "q_params": {"(0, 0.9473800716391115)": 0.9998891474981061, "(0.9473800716391115, 0.9744261987752953)": 0.9972121279916958, "(0.9744261987752953, 0.9748990414448654)": 0.9399053465603066, "(0.9748990414448654, 1.0)": 0.0019325663271550168}, "pct": 0.9998891474981061, "best_return": 31.643246986257154}, "ew_ma": {"time_param": 2415, "trend": "ew_ma", "q_params": {"(0, 0.8958253995256226)": 0.9984559549350891, "(0.8958253995256226, 0.9553858655799474)": 0.9951858650162023, "(0.9553858655799474, 0.9599992179740514)": 0.976796435804385, "(0.9599992179740514, 1.0)": 0.0431696154734247}, "pct": 0.9984559549350891, "best_return": 32.32434063044643}, "rel_minmax": {"trend": "rel_minmax", "time_param": 1260, "q_params": {"(0.0, 0.25)": 1.0, "(0.25, 0.5)": 0.999, "(0.5, 0.75)": 0.998001, "(0.75, 1.0)": 0.997002999}, "pct": 1, "best_return": 24.558213754557055}, "ew_rel_minmax": {"time_param": 1375, "trend": "ew_rel_minmax", "q_params": {"(0, 0.8941105469140697)": 0.9999989158154482, "(0.8941105469140697, 0.8991119825743769)": 0.9992087395158532, "(0.8991119825743769, 0.9092821649435169)": 0.01287355210903173, "(0.9092821649435169, 1.0)": 0.0002486901321660472}, "pct": 0.9999989158154482, "best_return": 40.33058785043541}}