{"ma": {"trend": "ma", "time_param": 1079, "q_params": {"(0, 0.8407915972972316)": 0.9999999999999127, "(0.8407915972972316, 0.8510017285968066)": 0.9999999999786625, "(0.8510017285968066, 0.8577036434985982)": 0.9999999589027082, "(0.8577036434985982, 0.8663896705564973)": 0.9999925955431032, "(0.8663896705564973, 0.8712889582076697)": 0.7240124274004206, "(0.8712889582076697, 0.8863550293757461)": 0.7032420470072375, "(0.8863550293757461, 0.8989520529953426)": 0.6947891346380286, "(0.8989520529953426, 0.9093579495887256)": 9.708490852648882e-05, "(0.9093579495887256, 0.9383197949263026)": 1.9759272746880818e-06, "(0.9383197949263026, 1.0)": 2.989501796128686e-08}, "pct": 0.9999999999999127, "best_return": 3.1358966213101356}, "ew_ma": {"trend": "ew_ma", "time_param": 1079, "q_params": {"(0.0, 0.5923594337176205)": 0.9999999827676564, "(0.5923594337176205, 0.6034724764349975)": 0.9999987079227852, "(0.6034724764349975, 0.6154729908197086)": 0.999956131842907, "(0.6154729908197086, 0.6524608647705796)": 0.99384975179925, "(0.6524608647705796, 0.6784196319864442)": 0.9938482745818834, "(0.6784196319864442, 0.6937348432710304)": 0.9935078143946913, "(0.6937348432710304, 0.7066547430872839)": 0.591403082893457, "(0.7066547430872839, 0.8572624943868308)": 0.5914002729994807, "(0.8572624943868308, 0.8702012249483143)": 0.5909166854651543, "(0.8702012249483143, 1.0)": 8.35442929321995e-05}, "pct": 8.35442929321995e-05, "best_return": 2.9498233446227493}, "rel_minmax": {"time_param": 390, "trend": "rel_minmax", "q_params": {"(0.0, 0.6855039028882175)": 0.9999998837656997, "(0.6855039028882175, 0.7244038329100905)": 0.9999895908256885, "(0.7244038329100905, 0.727225408785926)": 0.9998122580336605, "(0.727225408785926, 0.7272819810218017)": 0.4603694655155262, "(0.7272819810218017, 0.7334540419968756)": 0.14764869458833366, "(0.7334540419968756, 0.7351578894548902)": 0.14749104450925893, "(0.7351578894548902, 0.7746513649360258)": 0.147481108193194, "(0.7746513649360258, 0.9889369600344422)": 0.14748023344845904, "(0.9889369600344422, 0.99457235448068)": 0.14709604690785252, "(0.99457235448068, 1.0)": 9.641106168328871e-05}, "pct": 0.14748023344845904, "best_return": 4.428198607182662}, "ew_rel_minmax": {"time_param": 436, "trend": "ew_rel_minmax", "q_params": {"(0.0, 0.49613898017562486)": 0.9999999999125013, "(0.49613898017562486, 0.6332328616562958)": 0.9999999812369202, "(0.6332328616562958, 0.6772075745185524)": 0.9999991643849457, "(0.6772075745185524, 0.6773708238665013)": 0.9995302660907666, "(0.6773708238665013, 0.6775330622904148)": 0.4595371448193771, "(0.6775330622904148, 0.8620709323146988)": 0.23859581278631584, "(0.8620709323146988, 0.8629435282282768)": 0.20043049336182117, "(0.8629435282282768, 0.8744292528188867)": 0.20037365486747086, "(0.8744292528188867, 0.8784835936365243)": 0.2003654780031191, "(0.8784835936365243, 1.0)": 7.393797298160083e-05}, "pct": 7.393797298160083e-05, "best_return": 4.740666662091119}}