{"ma": {"trend": "ma", "time_param": 1079, "q_params": {"(0.0, 0.8324735823723102)": 0.9999999998715677, "(0.8324735823723102, 0.844414730104772)": 0.9999999980940397, "(0.844414730104772, 0.8508820709396486)": 0.9999998774484317, "(0.8508820709396486, 0.8601091108516751)": 0.9999869450159016, "(0.8601091108516751, 0.8641128533265058)": 0.9996023012127564, "(0.8641128533265058, 0.8776158016793324)": 0.355524405362177, "(0.8776158016793324, 0.8998561121816089)": 0.35505070880638423, "(0.8998561121816089, 0.9088121347786128)": 0.0032270574864749183, "(0.9088121347786128, 0.9387401141629845)": 0.00011264434834404443, "(0.9387401141629845, 1.0)": 1.472940459589903e-05}, "pct": 0.9999999998715677, "best_return": 3.4247353266852683}, "ew_ma": {"trend": "ew_ma", "time_param": 1079, "q_params": {"(0.0, 0.45342879550485277)": 0.9999998213241938, "(0.45342879550485277, 0.530230927191959)": 0.9999917359059369, "(0.530230927191959, 0.5534155885463065)": 0.9988839907202919, "(0.5534155885463065, 0.638787643533735)": 0.9988831063925785, "(0.638787643533735, 0.6625691854510024)": 0.9988538238754039, "(0.6625691854510024, 0.6985526774195626)": 0.7731703116034384, "(0.6985526774195626, 0.7089911708720581)": 0.591403082893457, "(0.7089911708720581, 0.7802062565367072)": 0.5907509256252366, "(0.7802062565367072, 0.9660000060657871)": 0.5907402534402694, "(0.9660000060657871, 1.0)": 8.35442929321995e-05}, "pct": 0.5907402534402694, "best_return": 2.9568454277697933}, "rel_minmax": {"time_param": 390, "trend": "rel_minmax", "q_params": {"(0.0, 0.6852113617796538)": 0.9999885374286961, "(0.6852113617796538, 0.6991742176875989)": 0.9973325409698017, "(0.6991742176875989, 0.7271253530254067)": 0.9973316309922042, "(0.7271253530254067, 0.7410378123663778)": 0.9972546432608945, "(0.7410378123663778, 0.7410378936605121)": 0.8433305447706597, "(0.7410378936605121, 0.7497757858257528)": 0.14795375673828587, "(0.7497757858257528, 0.7885981617661457)": 0.14748776381531198, "(0.7885981617661457, 0.989567164797931)": 0.14748023344845904, "(0.989567164797931, 0.9947759234284922)": 0.14667794725645208, "(0.9947759234284922, 1.0)": 9.641106168328871e-05}, "pct": 0.14748023344845904, "best_return": 5.142448903867856}, "ew_rel_minmax": {"time_param": 436, "trend": "ew_rel_minmax", "q_params": {"(0, 0.3978752322334957)": 0.9999994771957428, "(0.3978752322334957, 0.5083673530195941)": 0.9999990902895158, "(0.5083673530195941, 0.6344605392661777)": 0.9999969861109884, "(0.6344605392661777, 0.6811175511571725)": 0.9995302660907666, "(0.6811175511571725, 0.8109629144356318)": 0.5128519065086654, "(0.8109629144356318, 0.8170655957391947)": 0.5126277023631117, "(0.8170655957391947, 0.8188270056698128)": 0.20057788380890465, "(0.8188270056698128, 0.8591046166643113)": 0.1997360415333315, "(0.8591046166643113, 0.8845978489067914)": 0.19966905600198365, "(0.8845978489067914, 1.0)": 7.393797298160083e-05}, "pct": 7.393797298160083e-05, "best_return": 5.082848961111889}}