{"ma": {"time_param": 576, "trend": "ma", "q_params": {"(0.0, 0.974496654078592)": 0.9999960152712853, "(0.974496654078592, 0.9748804752493471)": 0.9996497547644426, "(0.9748804752493471, 0.9748990414448654)": 0.9752817362705096, "(0.9748990414448654, 1.0)": 0.0010985694739668519}, "pct": 0.9999960152712853, "best_return": 30.561716366862985}, "ew_ma": {"time_param": 2415, "trend": "ew_ma", "q_params": {"(0.0, 0.9516000042712308)": 0.9999971737514832, "(0.9516000042712308, 0.9572994652187681)": 0.9948303064479385, "(0.9572994652187681, 0.9601131749601406)": 0.994704024801694, "(0.9601131749601406, 1.0)": 0.00012123771787255467}, "pct": 0.9999971737514832, "best_return": 33.038577145506075}, "rel_minmax": {"trend": "rel_minmax", "time_param": 1260, "q_params": {"(0.0, 0.25)": 1.0, "(0.25, 0.5)": 0.999, "(0.5, 0.75)": 0.998001, "(0.75, 1.0)": 0.997002999}, "pct": 1, "best_return": 23.768084489621547}, "ew_rel_minmax": {"time_param": 1375, "trend": "ew_rel_minmax", "q_params": {"(0.0, 0.8879411483140073)": 0.9999996535408934, "(0.8879411483140073, 0.8993645568793516)": 0.9999937584794973, "(0.8993645568793516, 0.9111057837378217)": 0.00034868631224925495, "(0.9111057837378217, 1.0)": 3.3288315120362134e-05}, "pct": 0.9999996535408934, "best_return": 40.01492599091606}}