{"ma": {"trend": "ma", "time_param": 1079, "q_params": {"(0, 0.38572242151325703)": 1.0, "(0.38572242151325703, 0.5790060225206296)": 0.999999361010852, "(0.5790060225206296, 0.7534094195054997)": 0.9999990157883603, "(0.7534094195054997, 0.8270494371909309)": 0.9999949866827554, "(0.8270494371909309, 0.8658111960068018)": 0.9997118332515045, "(0.8658111960068018, 0.8737748544531643)": 0.9979365511161313, "(0.8737748544531643, 0.9559862885536101)": 0.9934230930598549, "(0.9559862885536101, 0.9661166393549029)": 0.28796032605163857, "(0.9661166393549029, 0.9721179898374378)": 0.17966840373297618, "(0.9721179898374378, 1.0)": 0.0016686178399814011}, "pct": 0.9999990157883603, "best_return": 11.200390591947862}, "ew_ma": {"trend": "ew_ma", "time_param": 1079, "q_params": {"(0, 0.30834745898564586)": 1.0, "(0.30834745898564586, 0.3220558956092636)": 0.999978510623916, "(0.3220558956092636, 0.34765826334283023)": 0.9978130780723625, "(0.34765826334283023, 0.3612684971843092)": 0.9978127816839207, "(0.3612684971843092, 0.7014879037030217)": 0.9977800215719157, "(0.7014879037030217, 0.7163692413922529)": 0.9975501006882914, "(0.7163692413922529, 0.7202942597111262)": 0.9967790194029925, "(0.7202942597111262, 0.738203477449275)": 0.9131801790338918, "(0.738203477449275, 0.7557583664496029)": 0.7213078784673025, "(0.7557583664496029, 1.0)": 0.6922040144975944}, "pct": 0.9977800215719157, "best_return": 9.799787630062582}, "rel_minmax": {"trend": "rel_minmax", "time_param": 1079, "q_params": {"(0, 0.42664912996204274)": 1.0, "(0.42664912996204274, 0.43109957710831587)": 0.9999856473579459, "(0.43109957710831587, 0.4311871019787629)": 0.9998486494152555, "(0.4311871019787629, 0.4367061902030182)": 0.9973298256629229, "(0.4367061902030182, 0.43822111218566684)": 0.9973174576894825, "(0.43822111218566684, 0.6659138232990451)": 0.9973024678571484, "(0.6659138232990451, 0.845170627672949)": 0.9971814930256966, "(0.845170627672949, 0.8877710440179093)": 0.9967113611630374, "(0.8877710440179093, 0.901481391568427)": 0.87248614406189, "(0.901481391568427, 1.0)": 0.06242444442258005}, "pct": 0.06242444442258005, "best_return": 11.41243650414918}, "ew_rel_minmax": {"trend": "ew_rel_minmax", "time_param": 1079, "q_params": {"(0, 0.7034921810289427)": 1.0, "(0.7034921810289427, 0.7125356644367047)": 0.9999732848268283, "(0.7125356644367047, 0.7188105758842691)": 0.9999725919045582, "(0.7188105758842691, 0.7196964591324295)": 0.9978764425283625, "(0.7196964591324295, 0.7206449332605893)": 0.9977483408374221, "(0.7206449332605893, 0.7655859107004008)": 0.9976573852829563, "(0.7655859107004008, 0.7729547622340713)": 0.9749305860065515, "(0.7729547622340713, 0.7741904114816952)": 0.9208864253715539, "(0.7741904114816952, 0.7742798996018769)": 0.8084516681956059, "(0.7742798996018769, 1.0)": 0.5039029285019127}, "pct": 0.5039029285019127, "best_return": 11.767173308925962}}