{"ma": {"trend": "ma", "time_param": 1079, "q_params": {"(0, 0.4462171826585807)": 1.0, "(0.4462171826585807, 0.5591363700279597)": 0.9999997487859619, "(0.5591363700279597, 0.808019286341084)": 0.999998559965594, "(0.808019286341084, 0.8270494371909309)": 0.9999949866827554, "(0.8270494371909309, 0.8658111960068018)": 0.9997118332515045, "(0.8658111960068018, 0.8737748544531643)": 0.9941457346508489, "(0.8737748544531643, 0.8788555729965248)": 0.3738678152445384, "(0.8788555729965248, 0.9700321158934668)": 0.28796032605163857, "(0.9700321158934668, 0.9980575901298605)": 0.17444425797402927, "(0.9980575901298605, 1.0)": 0.08098652017877675}, "pct": 0.999998559965594, "best_return": 11.407081831196848}, "ew_ma": {"trend": "ew_ma", "time_param": 1079, "q_params": {"(0, 0.30834745898564586)": 1.0, "(0.30834745898564586, 0.32808785082773567)": 0.999978510623916, "(0.32808785082773567, 0.3437913587118959)": 0.9994315108412121, "(0.3437913587118959, 0.3612684971843092)": 0.9978127816839207, "(0.3612684971843092, 0.7014879037030217)": 0.9977800215719157, "(0.7014879037030217, 0.7103225614892025)": 0.9855897396503155, "(0.7103225614892025, 0.7202942597111262)": 0.9426966206817348, "(0.7202942597111262, 0.738203477449275)": 0.7434339879550838, "(0.738203477449275, 0.7557583664496029)": 0.7421331720703702, "(0.7557583664496029, 1.0)": 0.6357845854660801}, "pct": 0.7421331720703702, "best_return": 10.092898059348208}, "rel_minmax": {"time_param": 195, "trend": "rel_minmax", "q_params": {"(0.0, 0.20273345555101152)": 0.9638810892191894, "(0.20273345555101152, 0.40456486732512514)": 0.8691053728996284, "(0.40456486732512514, 0.5257146758355166)": 0.8456103928544364, "(0.5257146758355166, 0.5271499814886559)": 0.7989052011779771, "(0.5271499814886559, 0.5704073733402251)": 0.7494542359879642, "(0.5704073733402251, 0.6743950061804139)": 0.7459336670499545, "(0.6743950061804139, 0.7746410476470457)": 0.6200788172995378, "(0.7746410476470457, 0.8701860433007875)": 0.4190315887628917, "(0.8701860433007875, 0.8734972638171101)": 0.1986996110844068, "(0.8734972638171101, 1.0)": 0.07758953445599559}, "pct": 1, "best_return": 9.501417206215926}, "ew_rel_minmax": {"trend": "ew_rel_minmax", "time_param": 1079, "q_params": {"(0, 0.7034921810289427)": 1.0, "(0.7034921810289427, 0.7096677848192778)": 0.9984469282976532, "(0.7096677848192778, 0.717998712251475)": 0.9949516997399498, "(0.717998712251475, 0.7327931972520206)": 0.9947198056541053, "(0.7327931972520206, 0.7507548965797692)": 0.9886725019791076, "(0.7507548965797692, 0.7581370437653122)": 0.9880532162162338, "(0.7581370437653122, 0.7729547622340713)": 0.9852503687730553, "(0.7729547622340713, 0.7741904114816952)": 0.9250806256437807, "(0.7741904114816952, 0.7742798996018769)": 0.6382521571217346, "(0.7742798996018769, 1.0)": 0.4794541415905225}, "pct": 0.4794541415905225, "best_return": 11.56875359218649}}