{"ma": {"time_param": 616, "trend": "ma", "q_params": {"(0, 0.8206196141960832)": 0.9999999514344489, "(0.8206196141960832, 0.8462678404328996)": 0.9999894710408953, "(0.8462678404328996, 0.8671782386767404)": 0.9995171085988759, "(0.8671782386767404, 1.0)": 0.0010272184708239838}, "pct": 0.9999999514344489, "best_return": 2.5884998566810364}, "ew_ma": {"time_param": 655, "trend": "ew_ma", "q_params": {"(0.0, 0.8435188982737538)": 0.9998797634173974, "(0.8435188982737538, 0.9340323108185097)": 0.8578891501622188, "(0.9340323108185097, 0.9405383549480383)": 0.8578223339211177, "(0.9405383549480383, 1.0)": 0.0017109383002923244}, "pct": 0.8578891501622188, "best_return": 2.339667683492568}, "rel_minmax": {"trend": "rel_minmax", "time_param": 503, "q_params": {"(0.0, 0.40919849039553585)": 1.0, "(0.40919849039553585, 0.4366333941010041)": 0.999, "(0.4366333941010041, 0.9549371443126865)": 0.9989349415980411, "(0.9549371443126865, 1.0)": 0.997002999}, "pct": 1, "best_return": 2.0033011996973444}, "ew_rel_minmax": {"time_param": 787, "trend": "ew_rel_minmax", "q_params": {"(0, 0.023032868043659033)": 0.9639850443626793, "(0.023032868043659033, 0.6950068858224782)": 0.9638793577161805, "(0.6950068858224782, 0.741656522600853)": 0.6245894971124115, "(0.741656522600853, 1.0)": 0.0010149715801992113}, "pct": 0.0010149715801992113, "best_return": 2.184713410973761}}