{"ma": {"trend": "ma", "time_param": 1079, "q_params": {"(0, 0.4086503716628913)": 1.0, "(0.4086503716628913, 0.5790060225206296)": 0.9999992258160644, "(0.5790060225206296, 0.7534864246353187)": 0.9999990157883603, "(0.7534864246353187, 0.8029057323933801)": 0.9999745957708618, "(0.8029057323933801, 0.8509659569238948)": 0.9997118332515045, "(0.8509659569238948, 0.8737748544531643)": 0.9993689591251423, "(0.8737748544531643, 0.9676872430917213)": 0.9934230930598549, "(0.9676872430917213, 0.9715823254748363)": 0.993020965034979, "(0.9715823254748363, 0.9721179898374378)": 0.17590555244996248, "(0.9721179898374378, 1.0)": 0.0016686178399814011}, "pct": 0.9999990157883603, "best_return": 12.445464717449552}, "ew_ma": {"trend": "ew_ma", "time_param": 1079, "q_params": {"(0, 0.30757894523336066)": 1.0, "(0.30757894523336066, 0.3311042194376929)": 0.999978510623916, "(0.3311042194376929, 0.34765826334283023)": 0.9978130780723625, "(0.34765826334283023, 0.3612684971843092)": 0.9977813450751387, "(0.3612684971843092, 0.7114196632434855)": 0.9977800215719157, "(0.7114196632434855, 0.7274416693362533)": 0.9975501006882914, "(0.7274416693362533, 0.729358244668116)": 0.9959578127472928, "(0.729358244668116, 0.738203477449275)": 0.9327256508616067, "(0.738203477449275, 0.7557583664496029)": 0.9289311441099923, "(0.7557583664496029, 1.0)": 0.675652682896198}, "pct": 0.9977800215719157, "best_return": 9.837766112286642}, "rel_minmax": {"trend": "rel_minmax", "time_param": 1079, "q_params": {"(0, 0.42664912996204274)": 1.0, "(0.42664912996204274, 0.4316376014494402)": 0.9999856473579459, "(0.4316376014494402, 0.43239704387706746)": 0.9998486494152555, "(0.43239704387706746, 0.43422261791158434)": 0.9973298256629229, "(0.43422261791158434, 0.4476301044685169)": 0.9972251586883953, "(0.4476301044685169, 0.6659138232990451)": 0.9972175408281043, "(0.6659138232990451, 0.8398757455526341)": 0.9971382477874032, "(0.8398757455526341, 0.9001819822587276)": 0.9967113611630374, "(0.9001819822587276, 0.9007608299283614)": 0.87248614406189, "(0.9007608299283614, 1.0)": 0.1024285821126824}, "pct": 0.1024285821126824, "best_return": 13.688245078315418}, "ew_rel_minmax": {"trend": "ew_rel_minmax", "time_param": 1079, "q_params": {"(0, 0.6746949179533696)": 1.0, "(0.6746949179533696, 0.7114984337340204)": 0.9999973639420342, "(0.7114984337340204, 0.7188105758842691)": 0.9999725919045582, "(0.7188105758842691, 0.7193913164407106)": 0.9978764425283625, "(0.7193913164407106, 0.7206449332605893)": 0.9977562730847738, "(0.7206449332605893, 0.7690142686918447)": 0.9976573852829563, "(0.7690142686918447, 0.7729547622340713)": 0.9948592650691958, "(0.7729547622340713, 0.7741904114816952)": 0.9948329153015666, "(0.7741904114816952, 0.7742798996018769)": 0.7609610643711376, "(0.7742798996018769, 1.0)": 0.008155693051930198}, "pct": 0.008155693051930198, "best_return": 13.35320700553349}}