{"ma": {"trend": "ma", "time_param": 1008, "q_params": {"(0, 0.9153315573169521)": 1.0, "(0.9153315573169521, 0.9626226215764457)": 0.9999917347493295, "(0.9626226215764457, 0.9701096531956426)": 0.9996719238211621, "(0.9701096531956426, 1.0)": 0.014907729400780707}, "pct": 1.0, "best_return": 8.938114001008072}, "ew_ma": {"time_param": 696, "trend": "ew_ma", "q_params": {"(0, 0.9360244047740043)": 0.9999977953603059, "(0.9360244047740043, 0.9592115690284412)": 0.9997084542999563, "(0.9592115690284412, 0.9667526810709609)": 0.9642108118718483, "(0.9667526810709609, 1.0)": 0.028487158913077088}, "pct": 0.9999977953603059, "best_return": 10.860416428084335}, "rel_minmax": {"trend": "rel_minmax", "time_param": 1008, "q_params": {"(0.0, 0.5331715143879562)": 1.0, "(0.5331715143879562, 0.6604403870251041)": 0.9999984226946028, "(0.6604403870251041, 0.6998302149753209)": 0.9998031986216848, "(0.6998302149753209, 1.0)": 0.021905549102540542}, "pct": 1.0, "best_return": 9.3119492138267}, "ew_rel_minmax": {"time_param": 1473, "trend": "ew_rel_minmax", "q_params": {"(0.0, 0.8910939418205907)": 0.9999301271700618, "(0.8910939418205907, 0.9062872388652852)": 0.9967755791636194, "(0.9062872388652852, 0.9174604300973808)": 0.016922394806677104, "(0.9174604300973808, 1.0)": 7.705357016373634e-05}, "pct": 0.9999301271700618, "best_return": 14.409933416771217}}