{"ma": {"trend": "ma", "time_param": 1079, "q_params": {"(0, 0.6249126916659999)": 0.9999999637228756, "(0.6249126916659999, 0.7698538889650488)": 0.9999998199151565, "(0.7698538889650488, 0.7802725434318337)": 0.9999993980495885, "(0.7802725434318337, 0.8349685275130245)": 0.9998043659651659, "(0.8349685275130245, 0.8483947088466631)": 0.9995732416153573, "(0.8483947088466631, 0.8874342201848433)": 0.9992018944848425, "(0.8874342201848433, 0.950658000551402)": 0.3133588502249718, "(0.950658000551402, 0.9859545949680292)": 0.23102941303869437, "(0.9859545949680292, 0.9918195373858942)": 0.018994838301344078, "(0.9918195373858942, 1.0)": 0.0021967794415890603}, "pct": 0.9999998199151565, "best_return": 2.862638646611128}, "ew_ma": {"trend": "ew_ma", "time_param": 1079, "q_params": {"(0, 0.0828935844135834)": 0.999997993721839, "(0.0828935844135834, 0.4549806560072876)": 0.9999823390752557, "(0.4549806560072876, 0.5958823372131977)": 0.9999352568307566, "(0.5958823372131977, 0.6155675763480973)": 0.9992367717223863, "(0.6155675763480973, 0.6564825936515757)": 0.9988538238754039, "(0.6564825936515757, 0.6766067101019494)": 0.9918540233015223, "(0.6766067101019494, 0.716513547485675)": 0.990694501794048, "(0.716513547485675, 0.7355015472006883)": 0.5925975087308938, "(0.7355015472006883, 0.9660000060657871)": 0.5907402534402694, "(0.9660000060657871, 1.0)": 0.3694176330995973}, "pct": 0.5907402534402694, "best_return": 2.779926525923128}, "rel_minmax": {"time_param": 390, "trend": "rel_minmax", "q_params": {"(0, 0.1343954965608659)": 0.9801015613365838, "(0.1343954965608659, 0.4731998660235964)": 0.926118534257343, "(0.4731998660235964, 0.5774031275056543)": 0.8958744241030789, "(0.5774031275056543, 0.7188304254354759)": 0.7643294217246144, "(0.7188304254354759, 0.7735217552282472)": 0.4407206622523562, "(0.7735217552282472, 0.7751005327705196)": 0.37854829040556826, "(0.7751005327705196, 0.9228584537234484)": 0.3611080627163755, "(0.9228584537234484, 0.9571700316204785)": 0.2862418077223151, "(0.9571700316204785, 0.9950556418042673)": 0.123790877066971, "(0.9950556418042673, 1)": 0.004317299781030237}, "pct": 0.123790877066971, "best_return": 3.41815737313153}, "ew_rel_minmax": {"time_param": 432, "trend": "ew_rel_minmax", "q_params": {"(0, 0.34235445078731663)": 0.918957882184534, "(0.34235445078731663, 0.36563274065308315)": 0.8824163359585597, "(0.36563274065308315, 0.5679023515970103)": 0.8714309804127865, "(0.5679023515970103, 0.5801002157666321)": 0.7468796589600254, "(0.5801002157666321, 0.5935069572768004)": 0.593763260648044, "(0.5935069572768004, 0.6298678098726328)": 0.48023184535838337, "(0.6298678098726328, 0.674824598199452)": 0.4056692265339248, "(0.674824598199452, 0.8242426162720544)": 0.1392891248413276, "(0.8242426162720544, 0.9218956423941286)": 0.10521360293423576, "(0.9218956423941286, 1.0)": 0.027342476692614942}, "pct": 0.027342476692614942, "best_return": 3.6260645639725158}}