{"ma": {"trend": "ma", "time_param": 1079, "q_params": {"(0, 0.6370616611585315)": 0.9999999637228756, "(0.6370616611585315, 0.7043801582763676)": 0.9999999127885045, "(0.7043801582763676, 0.8097918322798059)": 0.9999993980495885, "(0.8097918322798059, 0.840581730544987)": 0.9999943804896853, "(0.840581730544987, 0.8615858327610499)": 0.9998125649190698, "(0.8615858327610499, 0.8753545905599349)": 0.9992018944848425, "(0.8753545905599349, 0.9714922557729435)": 0.32051217252164843, "(0.9714922557729435, 0.9726142229264797)": 0.3067167451524999, "(0.9726142229264797, 0.9884503933407466)": 0.09362372268288247, "(0.9884503933407466, 1.0)": 0.08855037445973088}, "pct": 0.9999999637228756, "best_return": 11.338808014235909}, "ew_ma": {"trend": "ew_ma", "time_param": 1079, "q_params": {"(0.0, 0.3054344078509311)": 0.9999678486478777, "(0.3054344078509311, 0.32808785082773567)": 0.9999668115967194, "(0.32808785082773567, 0.5586600197399981)": 0.9998842283041446, "(0.5586600197399981, 0.6521181410693981)": 0.9969340387920155, "(0.6521181410693981, 0.7070741987854712)": 0.9955242505541871, "(0.7070741987854712, 0.7104810024626167)": 0.9943219030039951, "(0.7104810024626167, 0.7197086961039925)": 0.990694501794048, "(0.7197086961039925, 0.7522528753225842)": 0.5925975087308938, "(0.7522528753225842, 0.9677405520343174)": 0.5907402534402694, "(0.9677405520343174, 1.0)": 0.5794570692387866}, "pct": 0.9969340387920155, "best_return": 9.79271753723177}, "rel_minmax": {"time_param": 195, "trend": "rel_minmax", "q_params": {"(0.0, 0.20273345555101152)": 0.9638810892191894, "(0.20273345555101152, 0.40456486732512514)": 0.8691053728996284, "(0.40456486732512514, 0.5257146758355166)": 0.8456103928544364, "(0.5257146758355166, 0.5271499814886559)": 0.7989052011779771, "(0.5271499814886559, 0.5704073733402251)": 0.7494542359879642, "(0.5704073733402251, 0.6743950061804139)": 0.7459336670499545, "(0.6743950061804139, 0.7746410476470457)": 0.6200788172995378, "(0.7746410476470457, 0.8701860433007875)": 0.4190315887628917, "(0.8701860433007875, 0.8734972638171101)": 0.1986996110844068, "(0.8734972638171101, 1.0)": 0.07758953445599559}, "pct": 1, "best_return": 9.451130822947235}, "ew_rel_minmax": {"time_param": 360, "trend": "ew_rel_minmax", "q_params": {"(0, 0.060168081531337)": 0.9885197607169132, "(0.060168081531337, 0.4958800078270665)": 0.9858823975235347, "(0.4958800078270665, 0.5955070691920584)": 0.9798178403138876, "(0.5955070691920584, 0.6519552955386261)": 0.953190568658526, "(0.6519552955386261, 0.6790694667668293)": 0.9366234398315804, "(0.6790694667668293, 0.8442381197580453)": 0.7696789912016656, "(0.8442381197580453, 0.8487006183869257)": 0.6321285406869172, "(0.8487006183869257, 0.9173862063685468)": 0.6297023972948613, "(0.9173862063685468, 0.9398536865540226)": 0.07968462390782784, "(0.9398536865540226, 1.0)": 0.009423898827172704}, "pct": 0.009423898827172704, "best_return": 14.098356695858493}}