{"ma": {"trend": "ma", "time_param": 1079, "q_params": {"(0, 0.6370616611585315)": 0.9999999637228756, "(0.6370616611585315, 0.7698538889650488)": 0.9999998199151565, "(0.7698538889650488, 0.8097918322798059)": 0.9999993980495885, "(0.8097918322798059, 0.8165162313276942)": 0.9998188582000428, "(0.8165162313276942, 0.8747169254450728)": 0.9997666961209889, "(0.8747169254450728, 0.8753545905599349)": 0.9992018944848425, "(0.8753545905599349, 0.9714922557729435)": 0.32051217252164843, "(0.9714922557729435, 0.9726142229264797)": 0.09539194928072814, "(0.9726142229264797, 0.9884503933407466)": 0.03887537971169517, "(0.9884503933407466, 1.0)": 0.007271446704131174}, "pct": 0.9999999637228756, "best_return": 11.397233189726833}, "ew_ma": {"trend": "ew_ma", "time_param": 1079, "q_params": {"(0, 0.3173455764130766)": 0.999997993721839, "(0.3173455764130766, 0.33877243667095663)": 0.9999925329314341, "(0.33877243667095663, 0.6033910639335681)": 0.9999254797897519, "(0.6033910639335681, 0.6228992469901153)": 0.9992367717223863, "(0.6228992469901153, 0.6564825936515757)": 0.9988538238754039, "(0.6564825936515757, 0.6619425487229118)": 0.9921556726612291, "(0.6619425487229118, 0.7197086961039925)": 0.990694501794048, "(0.7197086961039925, 0.7336229701415623)": 0.5925975087308938, "(0.7336229701415623, 0.9677405520343174)": 0.5907402534402694, "(0.9677405520343174, 1.0)": 0.3879192026532403}, "pct": 0.9992367717223863, "best_return": 9.760506149433603}, "rel_minmax": {"time_param": 195, "trend": "rel_minmax", "q_params": {"(0.0, 0.20273345555101152)": 0.9638810892191894, "(0.20273345555101152, 0.40456486732512514)": 0.8691053728996284, "(0.40456486732512514, 0.5257146758355166)": 0.8456103928544364, "(0.5257146758355166, 0.5271499814886559)": 0.7989052011779771, "(0.5271499814886559, 0.5704073733402251)": 0.7494542359879642, "(0.5704073733402251, 0.6743950061804139)": 0.7459336670499545, "(0.6743950061804139, 0.7746410476470457)": 0.6200788172995378, "(0.7746410476470457, 0.8701860433007875)": 0.4190315887628917, "(0.8701860433007875, 0.8734972638171101)": 0.1986996110844068, "(0.8734972638171101, 1.0)": 0.07758953445599559}, "pct": 1, "best_return": 9.164030034322673}, "ew_rel_minmax": {"time_param": 360, "trend": "ew_rel_minmax", "q_params": {"(0, 0.060168081531337)": 0.9885197607169132, "(0.060168081531337, 0.5578141698686979)": 0.987648239714901, "(0.5578141698686979, 0.600759951889039)": 0.9809432027225558, "(0.600759951889039, 0.6761214084592867)": 0.9669004309457147, "(0.6761214084592867, 0.6854202183766603)": 0.9523616083382014, "(0.6854202183766603, 0.8442381197580453)": 0.8521324841127623, "(0.8442381197580453, 0.8622483245189166)": 0.6767564895356268, "(0.8622483245189166, 0.872717469442572)": 0.39599461086257765, "(0.872717469442572, 0.9398536865540226)": 0.17005088826551382, "(0.9398536865540226, 1.0)": 0.009423898827172704}, "pct": 0.009423898827172704, "best_return": 13.733087754576069}}