{"ma": {"trend": "ma", "time_param": 75, "q_params": {"(0.0, 0.25)": 1.0, "(0.25, 0.5)": 0.999, "(0.5, 0.75)": 0.998001, "(0.75, 1.0)": 0.997002999}, "pct": 1, "best_return": 1.2469097584459574}, "ew_ma": {"time_param": 26, "trend": "ew_ma", "q_params": {"(0, 0.12444933765291977)": 0.9743118563957408, "(0.12444933765291977, 0.43354458729430456)": 0.966035924020326, "(0.43354458729430456, 0.9797329594168329)": 0.8744358681044433, "(0.9797329594168329, 1)": 0.34794016590747423}, "pct": 0.966035924020326, "best_return": 1.2602676710888154}, "rel_minmax": {"trend": "rel_minmax", "time_param": 75, "q_params": {"(0.0, 0.25)": 1.0, "(0.25, 0.5)": 0.999, "(0.5, 0.75)": 0.998001, "(0.75, 1.0)": 0.997002999}, "pct": 1, "best_return": 1.2469097584459574}, "ew_rel_minmax": {"time_param": 75, "trend": "ew_rel_minmax", "q_params": {"(0.0, 0.8676335918257068)": 0.9980104768394729, "(0.8676335918257068, 0.915739831062514)": 0.9703388603699081, "(0.915739831062514, 0.9172870876670227)": 0.060065206403462384, "(0.9172870876670227, 1.0)": 0.0018706072806049373}, "pct": 0.9980104768394729, "best_return": 1.46758232978217}}