{"ma": {"trend": "ma", "time_param": 1079, "q_params": {"(0.0, 0.8407915972972316)": 0.9999999999999127, "(0.8407915972972316, 0.8515186306227942)": 0.9999999999786625, "(0.8515186306227942, 0.8577036434985982)": 0.9999999589027082, "(0.8577036434985982, 0.8663896705564973)": 0.9999925955431032, "(0.8663896705564973, 0.8715882603347405)": 0.6959920776135392, "(0.8715882603347405, 0.8883140841756534)": 0.6950383049140281, "(0.8883140841756534, 0.9022807169409633)": 0.6950120882334692, "(0.9022807169409633, 0.9093579495887256)": 9.708490852648882e-05, "(0.9093579495887256, 0.9375652175696051)": 4.742286800769663e-07, "(0.9375652175696051, 1.0)": 1.6154645693115878e-08}, "pct": 0.9999999999999127, "best_return": 3.0982832587711715}, "ew_ma": {"trend": "ew_ma", "time_param": 1079, "q_params": {"(0, 0.5913089674862729)": 0.9999999981169104, "(0.5913089674862729, 0.6042111207468466)": 0.9999987079227852, "(0.6042111207468466, 0.6132833991794051)": 0.9939560299617435, "(0.6132833991794051, 0.6277372580901274)": 0.9938486234969766, "(0.6277372580901274, 0.6784196319864442)": 0.99384855851142, "(0.6784196319864442, 0.836406920348649)": 0.9935078143946913, "(0.836406920348649, 0.8630714827283467)": 0.9923586397872344, "(0.8630714827283467, 0.873586452980154)": 0.9292093189443598, "(0.873586452980154, 0.9091718803095552)": 0.009821880813157949, "(0.9091718803095552, 1.0)": 8.35442929321995e-05}, "pct": 8.35442929321995e-05, "best_return": 3.15971927687655}, "rel_minmax": {"time_param": 390, "trend": "rel_minmax", "q_params": {"(0.0, 0.6842308730920257)": 0.9999998837656997, "(0.6842308730920257, 0.7230336131854618)": 0.9999942515489038, "(0.7230336131854618, 0.7262661107319235)": 0.9998122580336605, "(0.7262661107319235, 0.7263124482541676)": 0.25024072951791815, "(0.7263124482541676, 0.7310563238494957)": 0.14753991760309682, "(0.7310563238494957, 0.7547507033284828)": 0.14748235438573665, "(0.7547507033284828, 0.7554179499720408)": 0.147481108193194, "(0.7554179499720408, 0.9890287264258585)": 0.14711773567138126, "(0.9890287264258585, 0.99457235448068)": 0.14709604690785252, "(0.99457235448068, 1.0)": 9.641106168328871e-05}, "pct": 1, "best_return": 2.4535454514897514}, "ew_rel_minmax": {"time_param": 436, "trend": "ew_rel_minmax", "q_params": {"(0.0, 0.4955000559382131)": 0.9999999999125013, "(0.4955000559382131, 0.6264979793407058)": 0.9999991667857512, "(0.6264979793407058, 0.6761373648541376)": 0.9999991643849457, "(0.6761373648541376, 0.6767744298992617)": 0.9995302660907666, "(0.6767744298992617, 0.6771626662658895)": 0.3411198934910235, "(0.6771626662658895, 0.8620709323146988)": 0.30072746933328853, "(0.8620709323146988, 0.868433816970626)": 0.20203659762876824, "(0.868433816970626, 0.8746170156650209)": 0.20191618059419975, "(0.8746170156650209, 0.8755652441084913)": 0.2018171503969942, "(0.8755652441084913, 1.0)": 7.393797298160083e-05}, "pct": 1, "best_return": 2.4535454514897514}}