{"ma": {"trend": "ma", "time_param": 251, "q_params": {"(0, 0.2894816496423665)": 1.0, "(0.2894816496423665, 0.9780117449137802)": 0.9981717495436374, "(0.9780117449137802, 0.9846732537445826)": 0.3474849187041216, "(0.9846732537445826, 1.0)": 0.12384952141407722}, "pct": 1.0, "best_return": 1.6401349858967846}, "ew_ma": {"trend": "ew_ma", "time_param": 251, "q_params": {"(0, 0.8766680106112403)": 1.0, "(0.8766680106112403, 0.8823137392225469)": 0.9999536434325524, "(0.8823137392225469, 0.9790103406949506)": 0.023551809596262685, "(0.9790103406949506, 1.0)": 0.012558695725581725}, "pct": 1.0, "best_return": 1.6556359641143532}, "rel_minmax": {"trend": "rel_minmax", "time_param": 251, "q_params": {"(0.0, 0.33731694864661205)": 1.0, "(0.33731694864661205, 0.3724968283096081)": 0.997086827571511, "(0.3724968283096081, 0.40512795686548514)": 0.997003276752364, "(0.40512795686548514, 1.0)": 0.997002999}, "pct": 1.0, "best_return": 1.6232952983092375}, "ew_rel_minmax": {"trend": "ew_rel_minmax", "time_param": 251, "q_params": {"(0, 0.4674378301822671)": 0.9999607122405131, "(0.4674378301822671, 0.5235997126040582)": 0.9980057041631126, "(0.5235997126040582, 0.9878606072913518)": 0.998001, "(0.9878606072913518, 1.0)": 0.1008699028413769}, "pct": 0.9999607122405131, "best_return": 1.6243539014919166}}