{"ma": {"time_param": 576, "trend": "ma", "q_params": {"(0.0, 0.9747828385636709)": 0.9999979919406592, "(0.9747828385636709, 0.9748804752493471)": 0.9996497547644426, "(0.9748804752493471, 0.9748990414448654)": 0.9752817362705096, "(0.9748990414448654, 1.0)": 0.0006927257689531691}, "pct": 0.9999979919406592, "best_return": 30.02587823229422}, "ew_ma": {"time_param": 2415, "trend": "ew_ma", "q_params": {"(0.0, 0.9514164216565193)": 0.9999971737514832, "(0.9514164216565193, 0.9573346436764394)": 0.9947106852714183, "(0.9573346436764394, 0.9601131749601406)": 0.994704024801694, "(0.9601131749601406, 1.0)": 0.00012123771787255467}, "pct": 0.9999971737514832, "best_return": 32.4577824496471}, "rel_minmax": {"trend": "rel_minmax", "time_param": 1260, "q_params": {"(0.0, 0.25)": 1.0, "(0.25, 0.5)": 0.999, "(0.5, 0.75)": 0.998001, "(0.75, 1.0)": 0.997002999}, "pct": 1, "best_return": 23.422241974195277}, "ew_rel_minmax": {"time_param": 1375, "trend": "ew_rel_minmax", "q_params": {"(0, 0.8876908419446682)": 0.9999998637604431, "(0.8876908419446682, 0.8991962430201044)": 0.9999937584794973, "(0.8991962430201044, 0.9108586851577745)": 0.00034868631224925495, "(0.9108586851577745, 1.0)": 3.032437963350759e-06}, "pct": 0.9999998637604431, "best_return": 39.34299653844904}}