{"ma": {"time_param": 616, "trend": "ma", "q_params": {"(0, 0.8077226794909407)": 0.9999358243123405, "(0.8077226794909407, 0.8433958211276396)": 0.9974995172730384, "(0.8433958211276396, 0.8671782386767404)": 0.9731717153608129, "(0.8671782386767404, 1.0)": 0.01768112183026312}, "pct": 0.9999358243123405, "best_return": 2.630357327236866}, "ew_ma": {"time_param": 655, "trend": "ew_ma", "q_params": {"(0, 0.8415247772005665)": 0.9996490480967484, "(0.8415247772005665, 0.9253473711451311)": 0.8588842047366059, "(0.9253473711451311, 0.9405383549480383)": 0.8573358022375797, "(0.9405383549480383, 1.0)": 0.010108419440023497}, "pct": 0.8588842047366059, "best_return": 2.3668592857350585}, "rel_minmax": {"trend": "rel_minmax", "time_param": 503, "q_params": {"(0.0, 0.25)": 1.0, "(0.25, 0.5)": 0.999, "(0.5, 0.75)": 0.998001, "(0.75, 1.0)": 0.997002999}, "pct": 1, "best_return": 2.0179730045981024}, "ew_rel_minmax": {"trend": "ew_rel_minmax", "time_param": 503, "q_params": {"(0.0, 0.25)": 1.0, "(0.25, 0.5)": 0.999, "(0.5, 0.75)": 0.998001, "(0.75, 1.0)": 0.997002999}, "pct": 1, "best_return": 2.0179730045981024}}