{"ma": {"trend": "ma", "time_param": 75, "q_params": {"(0, 0.014141423122482946)": 0.9999600940545982, "(0.014141423122482946, 0.4351088666743327)": 0.9985542481829035, "(0.4351088666743327, 0.9913845292072626)": 0.9985500189350609, "(0.9913845292072626, 1.0)": 0.032611294194108485}, "pct": 0.9985542481829035, "best_return": 1.3054566706743482}, "ew_ma": {"time_param": 26, "trend": "ew_ma", "q_params": {"(0.0, 0.9610301588241889)": 0.9999233705824239, "(0.9610301588241889, 0.974937750995714)": 0.9990392375060907, "(0.974937750995714, 0.9752442954771213)": 0.9203076081181449, "(0.9752442954771213, 1.0)": 0.001497838823461656}, "pct": 0.9999233705824239, "best_return": 1.33281859354493}, "rel_minmax": {"trend": "rel_minmax", "time_param": 75, "q_params": {"(0, 0.4192435818079591)": 1.0, "(0.4192435818079591, 0.4814553578512277)": 0.9999636414980536, "(0.4814553578512277, 0.5659995022660064)": 0.9970387901822636, "(0.5659995022660064, 1.0)": 0.997002999}, "pct": 1.0, "best_return": 1.2318087703935758}, "ew_rel_minmax": {"time_param": 75, "trend": "ew_rel_minmax", "q_params": {"(0, 0.8761312051083178)": 0.9999760641207338, "(0.8761312051083178, 0.9040276386954892)": 0.9973865462334043, "(0.9040276386954892, 0.9683844164701129)": 0.0001745297087854755, "(0.9683844164701129, 1.0)": 7.497910550229229e-06}, "pct": 0.9999760641207338, "best_return": 1.4559339887900964}}