{"ma": {"trend": "ma", "time_param": 1079, "q_params": {"(0, 0.4158021440684767)": 1.0, "(0.4158021440684767, 0.5790060225206296)": 0.9999938240111244, "(0.5790060225206296, 0.7534864246353187)": 0.999887676903952, "(0.7534864246353187, 0.8029057323933801)": 0.9997579298491094, "(0.8029057323933801, 0.8509659569238948)": 0.9996942730603678, "(0.8509659569238948, 0.8684129275690519)": 0.9993689591251423, "(0.8684129275690519, 0.9676872430917213)": 0.9984466059496669, "(0.9676872430917213, 0.971633851288583)": 0.993020965034979, "(0.971633851288583, 0.9721179898374378)": 0.2843503217611325, "(0.9721179898374378, 1.0)": 0.0016686178399814011}, "pct": 0.999887676903952, "best_return": 12.25384581415849}, "ew_ma": {"trend": "ew_ma", "time_param": 1079, "q_params": {"(0, 0.30757894523336066)": 1.0, "(0.30757894523336066, 0.3311042194376929)": 0.999978510623916, "(0.3311042194376929, 0.3459763670635103)": 0.9978362728215489, "(0.3459763670635103, 0.3612684971843092)": 0.9977982276821845, "(0.3612684971843092, 0.6888760370630194)": 0.9977800215719157, "(0.6888760370630194, 0.7028882069159837)": 0.9975501006882914, "(0.7028882069159837, 0.729358244668116)": 0.9958014825639355, "(0.729358244668116, 0.738203477449275)": 0.9327256508616067, "(0.738203477449275, 0.7557583664496029)": 0.9289311441099923, "(0.7557583664496029, 1.0)": 0.8671917426732749}, "pct": 0.9289311441099923, "best_return": 9.690397224783615}, "rel_minmax": {"trend": "rel_minmax", "time_param": 1079, "q_params": {"(0, 0.4001790344665962)": 1.0, "(0.4001790344665962, 0.42755895736281857)": 0.9999856473579459, "(0.42755895736281857, 0.43329758291528303)": 0.9998486494152555, "(0.43329758291528303, 0.43392216664966204)": 0.9974852843490529, "(0.43392216664966204, 0.4476301044685169)": 0.9972251586883953, "(0.4476301044685169, 0.6497397058039639)": 0.9972175408281043, "(0.6497397058039639, 0.6577580638480626)": 0.9971257760394349, "(0.6577580638480626, 0.9001819822587276)": 0.9957269141887743, "(0.9001819822587276, 0.9007608299283614)": 0.9924302881742153, "(0.9007608299283614, 1.0)": 0.1396647447630293}, "pct": 0.1396647447630293, "best_return": 13.64318017434639}, "ew_rel_minmax": {"trend": "ew_rel_minmax", "time_param": 1079, "q_params": {"(0, 0.6728170400033835)": 1.0, "(0.6728170400033835, 0.6884652929249176)": 0.9999973639420342, "(0.6884652929249176, 0.7129442041343766)": 0.9999661375460371, "(0.7129442041343766, 0.7153943966520508)": 0.99989798022289, "(0.7153943966520508, 0.7206449332605893)": 0.9998216163304771, "(0.7206449332605893, 0.7690142686918447)": 0.9955386969798914, "(0.7690142686918447, 0.770811916139757)": 0.9948592650691958, "(0.770811916139757, 0.7738967308750491)": 0.9948329153015666, "(0.7738967308750491, 0.7742798996018769)": 0.8635225265423857, "(0.7742798996018769, 1.0)": 0.022849668253183495}, "pct": 0.022849668253183495, "best_return": 12.95482911819335}}