{"ma": {"trend": "ma", "time_param": 1079, "q_params": {"(0, 0.6360380751185286)": 0.9999999473077806, "(0.6360380751185286, 0.757418094172926)": 0.9999999127885045, "(0.757418094172926, 0.8097918322798059)": 0.9999993980495885, "(0.8097918322798059, 0.8163206021296763)": 0.9997537530879179, "(0.8163206021296763, 0.856821077188614)": 0.9997118332515045, "(0.856821077188614, 0.8753545905599349)": 0.9941457346508489, "(0.8753545905599349, 0.9664931449679904)": 0.3286860997400539, "(0.9664931449679904, 0.9726142229264797)": 0.29491758771427656, "(0.9726142229264797, 0.9884503933407466)": 0.11094745909117934, "(0.9884503933407466, 1.0)": 0.031856007503943705}, "pct": 0.9999999473077806, "best_return": 11.412026421872977}, "ew_ma": {"trend": "ew_ma", "time_param": 1079, "q_params": {"(0, 0.3054344078509311)": 0.9999863172384429, "(0.3054344078509311, 0.32808785082773567)": 0.9999668115967194, "(0.32808785082773567, 0.5456614714069293)": 0.9998697861836187, "(0.5456614714069293, 0.5918556344931141)": 0.9969340387920155, "(0.5918556344931141, 0.7070741987854712)": 0.9952851933867898, "(0.7070741987854712, 0.7104810024626167)": 0.9943219030039951, "(0.7104810024626167, 0.7197086961039925)": 0.9831643891559583, "(0.7197086961039925, 0.7524738535546576)": 0.5925975087308938, "(0.7524738535546576, 0.7708997740848162)": 0.5899639043413801, "(0.7708997740848162, 1.0)": 0.5769468110393358}, "pct": 0.9952851933867898, "best_return": 10.083993394141556}, "rel_minmax": {"time_param": 195, "trend": "rel_minmax", "q_params": {"(0.0, 0.20273345555101152)": 0.9638810892191894, "(0.20273345555101152, 0.40456486732512514)": 0.8691053728996284, "(0.40456486732512514, 0.5257146758355166)": 0.8456103928544364, "(0.5257146758355166, 0.5271499814886559)": 0.7989052011779771, "(0.5271499814886559, 0.5704073733402251)": 0.7494542359879642, "(0.5704073733402251, 0.6743950061804139)": 0.7459336670499545, "(0.6743950061804139, 0.7746410476470457)": 0.6200788172995378, "(0.7746410476470457, 0.8701860433007875)": 0.4190315887628917, "(0.8701860433007875, 0.8734972638171101)": 0.1986996110844068, "(0.8734972638171101, 1.0)": 0.07758953445599559}, "pct": 1, "best_return": 9.499214141872475}, "ew_rel_minmax": {"time_param": 360, "trend": "ew_rel_minmax", "q_params": {"(0, 0.060168081531337)": 0.9943817850692963, "(0.060168081531337, 0.494094963230416)": 0.9848682064719357, "(0.494094963230416, 0.5898195243030278)": 0.9565651954641997, "(0.5898195243030278, 0.6653659170438287)": 0.9162356718762523, "(0.6653659170438287, 0.6790694667668293)": 0.8505200720063026, "(0.6790694667668293, 0.8442381197580453)": 0.7582687807193812, "(0.8442381197580453, 0.8830758803787472)": 0.6347052800689328, "(0.8830758803787472, 0.9173862063685468)": 0.6297023972948613, "(0.9173862063685468, 0.9441522009923407)": 0.09537121337107779, "(0.9441522009923407, 1.0)": 0.024775094937345865}, "pct": 0.024775094937345865, "best_return": 13.460483314709037}}