{"ma": {"trend": "ma", "time_param": 1079, "q_params": {"(0.0, 0.4158021440684767)": 1.0, "(0.4158021440684767, 0.5790060225206296)": 0.9999938240111244, "(0.5790060225206296, 0.7534864246353187)": 0.9999912582620449, "(0.7534864246353187, 0.8029057323933801)": 0.9998503830600176, "(0.8029057323933801, 0.8509659569238948)": 0.9996942730603678, "(0.8509659569238948, 0.8684129275690519)": 0.9993689591251423, "(0.8684129275690519, 0.9676872430917213)": 0.9984466059496669, "(0.9676872430917213, 0.971633851288583)": 0.993020965034979, "(0.971633851288583, 0.9721179898374378)": 0.26141055180303335, "(0.9721179898374378, 1.0)": 0.0016686178399814011}, "pct": 0.9999912582620449, "best_return": 12.324988712971784}, "ew_ma": {"trend": "ew_ma", "time_param": 1079, "q_params": {"(0, 0.30757894523336066)": 1.0, "(0.30757894523336066, 0.3311042194376929)": 0.999978510623916, "(0.3311042194376929, 0.3459763670635103)": 0.9978130780723625, "(0.3459763670635103, 0.3612684971843092)": 0.9977813450751387, "(0.3612684971843092, 0.6888760370630194)": 0.9977800215719157, "(0.6888760370630194, 0.7173231667952366)": 0.9975501006882914, "(0.7173231667952366, 0.729358244668116)": 0.9958014825639355, "(0.729358244668116, 0.738203477449275)": 0.9327256508616067, "(0.738203477449275, 0.7557583664496029)": 0.9289311441099923, "(0.7557583664496029, 1.0)": 0.7742759169416045}, "pct": 0.9289311441099923, "best_return": 9.791146081084701}, "rel_minmax": {"trend": "rel_minmax", "time_param": 1079, "q_params": {"(0, 0.4001790344665962)": 1.0, "(0.4001790344665962, 0.42755895736281857)": 0.9999856473579459, "(0.42755895736281857, 0.43239704387706746)": 0.9998486494152555, "(0.43239704387706746, 0.43392216664966204)": 0.9973298256629229, "(0.43392216664966204, 0.4476301044685169)": 0.9972251586883953, "(0.4476301044685169, 0.6497397058039639)": 0.9972175408281043, "(0.6497397058039639, 0.8698149598259652)": 0.9971382477874032, "(0.8698149598259652, 0.9001819822587276)": 0.9967113611630374, "(0.9001819822587276, 0.9007608299283614)": 0.9924302881742153, "(0.9007608299283614, 1.0)": 0.12408231986483811}, "pct": 0.12408231986483811, "best_return": 13.507563314280768}, "ew_rel_minmax": {"trend": "ew_rel_minmax", "time_param": 1079, "q_params": {"(0, 0.673120124169768)": 1.0, "(0.673120124169768, 0.6932703295454284)": 0.9999973639420342, "(0.6932703295454284, 0.7129442041343766)": 0.9999725919045582, "(0.7129442041343766, 0.7174957870442509)": 0.9999303256580986, "(0.7174957870442509, 0.7206449332605893)": 0.9998216163304771, "(0.7206449332605893, 0.7690142686918447)": 0.9973050074346732, "(0.7690142686918447, 0.770811916139757)": 0.9948592650691958, "(0.770811916139757, 0.7738967308750491)": 0.9948329153015666, "(0.7738967308750491, 0.7742798996018769)": 0.7850771676949118, "(0.7742798996018769, 1.0)": 0.008155693051930198}, "pct": 0.008155693051930198, "best_return": 12.858162479210034}}