{"ma": {"trend": "ma", "time_param": 251, "q_params": {"(0.0, 0.29074375407417097)": 1.0, "(0.29074375407417097, 0.9832526949686837)": 0.9994895302312103, "(0.9832526949686837, 0.9972095894563815)": 0.9858380147202823, "(0.9972095894563815, 1.0)": 0.0006779865375640716}, "pct": 1.0, "best_return": 1.6173509118473408}, "ew_ma": {"trend": "ew_ma", "time_param": 251, "q_params": {"(0.0, 0.9006312200028229)": 1.0, "(0.9006312200028229, 0.9592468451071756)": 0.9999536434325524, "(0.9592468451071756, 0.9794931598969503)": 0.0013031217600245088, "(0.9794931598969503, 1.0)": 9.768518059999414e-05}, "pct": 1.0, "best_return": 1.607010372903879}, "rel_minmax": {"trend": "rel_minmax", "time_param": 251, "q_params": {"(0.0, 0.33731694864661205)": 1.0, "(0.33731694864661205, 0.3724968283096081)": 0.997086827571511, "(0.3724968283096081, 0.40512795686548514)": 0.997003276752364, "(0.40512795686548514, 1.0)": 0.997002999}, "pct": 1, "best_return": 1.5676232924251536}, "ew_rel_minmax": {"trend": "ew_rel_minmax", "time_param": 251, "q_params": {"(0.0, 0.4674378301822671)": 0.9999607122405131, "(0.4674378301822671, 0.5235997126040582)": 0.9980057041631126, "(0.5235997126040582, 0.9878606072913518)": 0.998001, "(0.9878606072913518, 1.0)": 0.1008699028413769}, "pct": 1, "best_return": 1.5676232924251536}}