{"ma": {"trend": "ma", "time_param": 1079, "q_params": {"(0, 0.4462171826585807)": 1.0, "(0.4462171826585807, 0.5591363700279597)": 0.9999997487859619, "(0.5591363700279597, 0.808019286341084)": 0.9999993980495885, "(0.808019286341084, 0.8270494371909309)": 0.9998149921454964, "(0.8270494371909309, 0.8658111960068018)": 0.9997118332515045, "(0.8658111960068018, 0.8753545905599349)": 0.9941457346508489, "(0.8753545905599349, 0.9300911171233379)": 0.320305988374632, "(0.9300911171233379, 0.9700321158934668)": 0.28796032605163857, "(0.9700321158934668, 0.9776980695848638)": 0.14841473785471404, "(0.9776980695848638, 1.0)": 0.07570331451109513}, "pct": 0.9999993980495885, "best_return": 11.599485436770246}, "ew_ma": {"trend": "ew_ma", "time_param": 1079, "q_params": {"(0, 0.30834745898564586)": 0.9999830982929763, "(0.30834745898564586, 0.32808785082773567)": 0.999978510623916, "(0.32808785082773567, 0.3437913587118959)": 0.9994315108412121, "(0.3437913587118959, 0.5296546266387616)": 0.9978127816839207, "(0.5296546266387616, 0.7014879037030217)": 0.9977800215719157, "(0.7014879037030217, 0.7103225614892025)": 0.9855897396503155, "(0.7103225614892025, 0.7263236475582413)": 0.9426966206817348, "(0.7263236475582413, 0.738203477449275)": 0.7434339879550838, "(0.738203477449275, 0.7557583664496029)": 0.7421331720703702, "(0.7557583664496029, 1.0)": 0.6357845854660801}, "pct": 0.7421331720703702, "best_return": 10.269517577215954}, "rel_minmax": {"time_param": 195, "trend": "rel_minmax", "q_params": {"(0.0, 0.20273345555101152)": 0.9638810892191894, "(0.20273345555101152, 0.40456486732512514)": 0.8691053728996284, "(0.40456486732512514, 0.5257146758355166)": 0.8456103928544364, "(0.5257146758355166, 0.5271499814886559)": 0.7989052011779771, "(0.5271499814886559, 0.5704073733402251)": 0.7494542359879642, "(0.5704073733402251, 0.6743950061804139)": 0.7459336670499545, "(0.6743950061804139, 0.7746410476470457)": 0.6200788172995378, "(0.7746410476470457, 0.8701860433007875)": 0.4190315887628917, "(0.8701860433007875, 0.8734972638171101)": 0.1986996110844068, "(0.8734972638171101, 1.0)": 0.07758953445599559}, "pct": 1, "best_return": 9.69444422731476}, "ew_rel_minmax": {"trend": "ew_rel_minmax", "time_param": 1079, "q_params": {"(0, 0.7034921810289427)": 1.0, "(0.7034921810289427, 0.7148713489149349)": 0.9973764177010654, "(0.7148713489149349, 0.717998712251475)": 0.9949516997399498, "(0.717998712251475, 0.7327931972520206)": 0.9947198056541053, "(0.7327931972520206, 0.7335232585258923)": 0.9886725019791076, "(0.7335232585258923, 0.7581370437653122)": 0.9882697064845148, "(0.7581370437653122, 0.764745885023725)": 0.9852503687730553, "(0.764745885023725, 0.7730095855858413)": 0.9250806256437807, "(0.7730095855858413, 0.7742798996018769)": 0.6382521571217346, "(0.7742798996018769, 1.0)": 0.4794541415905225}, "pct": 0.4794541415905225, "best_return": 11.890978394217758}}