{"ma": {"trend": "ma", "time_param": 838, "q_params": {"(0, 0.9322477014422184)": 1.0, "(0.9322477014422184, 0.9415738938936503)": 0.999958879080392, "(0.9415738938936503, 0.9440945003931553)": 0.9983500591705584, "(0.9440945003931553, 1.0)": 0.005420660844799117}, "pct": 1.0, "best_return": 9.778931072361873}, "ew_ma": {"trend": "ew_ma", "time_param": 838, "q_params": {"(0.0, 0.954483537256723)": 1.0, "(0.954483537256723, 0.9625214281925589)": 0.9999722470292739, "(0.9625214281925589, 0.9724548730815068)": 0.004412161289260291, "(0.9724548730815068, 1.0)": 0.00033295142797296447}, "pct": 1.0, "best_return": 13.449556291558531}, "rel_minmax": {"trend": "rel_minmax", "time_param": 838, "q_params": {"(0, 0.4192418573040972)": 1.0, "(0.4192418573040972, 0.6045133718900405)": 0.99995073846543, "(0.6045133718900405, 0.7934342513608716)": 0.9970100219354822, "(0.7934342513608716, 1.0)": 0.997002999}, "pct": 1.0, "best_return": 8.378435872531583}, "ew_rel_minmax": {"trend": "ew_rel_minmax", "time_param": 838, "q_params": {"(0, 0.9053186577872869)": 1.0, "(0.9053186577872869, 0.9820506661164241)": 0.9999987426433694, "(0.9820506661164241, 0.9829163521449833)": 0.999731308528955, "(0.9829163521449833, 1.0)": 0.0010214407853684632}, "pct": 0.9999987426433694, "best_return": 8.81469872502906}}