{"ma": {"trend": "ma", "time_param": 838, "q_params": {"(0, 0.9357558591031767)": 1.0, "(0.9357558591031767, 0.9437342947553445)": 0.999958879080392, "(0.9437342947553445, 0.9469938812047591)": 0.00639977267523508, "(0.9469938812047591, 1.0)": 0.00046482274135946784}, "pct": 1.0, "best_return": 9.875407508207859}, "ew_ma": {"trend": "ew_ma", "time_param": 838, "q_params": {"(0.0, 0.9568713016256449)": 1.0, "(0.9568713016256449, 0.9625214281925589)": 0.9999722470292739, "(0.9625214281925589, 0.9726501137328419)": 0.0023321770184221947, "(0.9726501137328419, 1.0)": 8.084129129353269e-05}, "pct": 1.0, "best_return": 13.315609327211705}, "rel_minmax": {"trend": "rel_minmax", "time_param": 838, "q_params": {"(0.0, 0.4177699485780707)": 1.0, "(0.4177699485780707, 0.6051684426476989)": 0.999967189563506, "(0.6051684426476989, 0.7950907280740978)": 0.9970100219354822, "(0.7950907280740978, 1.0)": 0.997002999}, "pct": 1.0, "best_return": 8.226937673506912}, "ew_rel_minmax": {"trend": "ew_rel_minmax", "time_param": 838, "q_params": {"(0.0, 0.976979213900203)": 1.0, "(0.976979213900203, 0.9804388440580383)": 0.9997329220530738, "(0.9804388440580383, 0.9829163521449833)": 0.999731308528955, "(0.9829163521449833, 1.0)": 0.00014169150050715774}, "pct": 1.0, "best_return": 8.674495959253699}}