{"ma": {"trend": "ma", "time_param": 75, "q_params": {"(0.0, 0.25)": 1.0, "(0.25, 0.5)": 0.999, "(0.5, 0.75)": 0.998001, "(0.75, 1.0)": 0.997002999}, "pct": 1, "best_return": 1.4263907010263852}, "ew_ma": {"time_param": 74, "trend": "ew_ma", "q_params": {"(0, 0.8879648190169109)": 0.9998549436351082, "(0.8879648190169109, 0.9556686237986928)": 0.972210590480449, "(0.9556686237986928, 0.9664965604672943)": 0.06402467730243837, "(0.9664965604672943, 1.0)": 0.018664364923788833}, "pct": 0.9998549436351082, "best_return": 1.5377029255919645}, "rel_minmax": {"trend": "rel_minmax", "time_param": 75, "q_params": {"(0.0, 0.25)": 1.0, "(0.25, 0.5)": 0.999, "(0.5, 0.75)": 0.998001, "(0.75, 1.0)": 0.997002999}, "pct": 1, "best_return": 1.4263907010263852}, "ew_rel_minmax": {"time_param": 22, "trend": "ew_rel_minmax", "q_params": {"(0, 0.17402618230865952)": 0.9264109492094144, "(0.17402618230865952, 0.5744782231447466)": 0.9253564905925046, "(0.5744782231447466, 0.6806906181011312)": 0.8984468108468521, "(0.6806906181011312, 1.0)": 0.06705799286414452}, "pct": 0.8984468108468521, "best_return": 1.624565833479494}}