{"ma": {"trend": "ma", "time_param": 75, "q_params": {"(0, 0.9162411532494952)": 1.0, "(0.9162411532494952, 0.966795812194435)": 0.9999989332462064, "(0.966795812194435, 0.9881345005510886)": 0.9997228163301878, "(0.9881345005510886, 1.0)": 0.015764450579833333}, "pct": 1.0, "best_return": 1.5779525884438412}, "ew_ma": {"time_param": 74, "trend": "ew_ma", "q_params": {"(0, 0.902985543696137)": 0.9999778369614254, "(0.902985543696137, 0.9505751866016338)": 0.9981201636402142, "(0.9505751866016338, 0.9651094454306487)": 0.0005617719081183544, "(0.9651094454306487, 1.0)": 3.382954243346814e-06}, "pct": 0.9999778369614254, "best_return": 1.5378877969989866}, "rel_minmax": {"trend": "rel_minmax", "time_param": 75, "q_params": {"(0.0, 0.587600668065005)": 1.0, "(0.587600668065005, 0.7047147796868383)": 0.9995591064472383, "(0.7047147796868383, 0.9866305686134402)": 0.9994540631895172, "(0.9866305686134402, 1.0)": 0.6345892910750293}, "pct": 1, "best_return": 1.3952194085079372}, "ew_rel_minmax": {"time_param": 22, "trend": "ew_rel_minmax", "q_params": {"(0.0, 0.15721446102262102)": 0.9264109492094144, "(0.15721446102262102, 0.5097756447731014)": 0.9264079910573618, "(0.5097756447731014, 0.6797308048421653)": 0.9257937822299998, "(0.6797308048421653, 1.0)": 0.0014318944073184216}, "pct": 0.9264109492094144, "best_return": 1.6611321756696846}}