{"ma": {"trend": "ma", "time_param": 503, "q_params": {"(0, 0.9531915446136903)": 1.0, "(0.9531915446136903, 0.9600054092440665)": 0.9999930062679372, "(0.9600054092440665, 0.9629147228192372)": 0.0005104043050898331, "(0.9629147228192372, 1.0)": 4.4915956633968625e-07}, "pct": 1.0, "best_return": 3.717700807414666}, "ew_ma": {"trend": "ew_ma", "time_param": 503, "q_params": {"(0, 0.5589012898041987)": 1.0, "(0.5589012898041987, 0.8390345132961168)": 0.9999998018264726, "(0.8390345132961168, 0.8587949206340993)": 0.9998176192465689, "(0.8587949206340993, 1.0)": 0.001450442695768847}, "pct": 0.001450442695768847, "best_return": 4.163224623345993}, "rel_minmax": {"trend": "rel_minmax", "time_param": 503, "q_params": {"(0.0, 0.3043239363692508)": 1.0, "(0.3043239363692508, 0.7977080904902673)": 0.9999996081901567, "(0.7977080904902673, 0.9863283041445086)": 0.9999420410562452, "(0.9863283041445086, 1.0)": 0.009136542852359222}, "pct": 1, "best_return": 3.3896279966305407}, "ew_rel_minmax": {"trend": "ew_rel_minmax", "time_param": 503, "q_params": {"(0.0, 0.9582391883108389)": 1.0, "(0.9582391883108389, 0.9614015662888599)": 0.9998388906014244, "(0.9614015662888599, 0.9658301736721213)": 0.9876086333899259, "(0.9658301736721213, 1.0)": 0.0004830725234272803}, "pct": 1.0, "best_return": 3.7180344203601017}}