{"ma": {"trend": "ma", "time_param": 126, "q_params": {"(0.0, 0.2871661744582939)": 1.0, "(0.2871661744582939, 0.6538416712090442)": 0.9999373951507838, "(0.6538416712090442, 0.8253307665343876)": 0.9993273851520842, "(0.8253307665343876, 1.0)": 0.997002999}, "pct": 1, "best_return": 1.572291859447484}, "ew_ma": {"trend": "ew_ma", "time_param": 126, "q_params": {"(0, 0.8778056995363696)": 1.0, "(0.8778056995363696, 0.9578512475029798)": 0.9999873530843416, "(0.9578512475029798, 0.9618498892673895)": 0.9986317938986007, "(0.9618498892673895, 1.0)": 0.0028158460586499845}, "pct": 1.0, "best_return": 1.6958267931439477}, "rel_minmax": {"trend": "rel_minmax", "time_param": 126, "q_params": {"(0.0, 0.5376398516662253)": 1.0, "(0.5376398516662253, 0.6908075175931014)": 0.999, "(0.6908075175931014, 0.9992955205902899)": 0.998001, "(0.9992955205902899, 1.0)": 0.997002999}, "pct": 1, "best_return": 1.572291859447484}, "ew_rel_minmax": {"trend": "ew_rel_minmax", "time_param": 126, "q_params": {"(0, 0.9358936351172773)": 0.9999991823636122, "(0.9358936351172773, 0.9750726765278246)": 0.9998825402157233, "(0.9750726765278246, 0.982866219759914)": 0.9988984000750853, "(0.982866219759914, 1.0)": 0.01098301313117886}, "pct": 0.9999991823636122, "best_return": 1.7219853465800399}}