{"ma": {"time_param": 1307, "trend": "ma", "q_params": {"(0, 0.9560776927754834)": 0.99996878235621, "(0.9560776927754834, 0.9703467172726038)": 0.9985116533801045, "(0.9703467172726038, 0.9705227734093324)": 0.9827461600305207, "(0.9705227734093324, 1.0)": 0.002307670521544618}, "pct": 0.99996878235621, "best_return": 6.163170434310536}, "ew_ma": {"trend": "ew_ma", "time_param": 755, "q_params": {"(0, 0.9131680438059155)": 1.0, "(0.9131680438059155, 0.9240243536231622)": 0.9999819968217984, "(0.9240243536231622, 0.9465808271778854)": 0.9991019603775274, "(0.9465808271778854, 1.0)": 0.0037458023455217114}, "pct": 1.0, "best_return": 6.097751308726373}, "rel_minmax": {"trend": "rel_minmax", "time_param": 755, "q_params": {"(0.0, 0.5825268578921782)": 1.0, "(0.5825268578921782, 0.619785621748481)": 0.9999801977041913, "(0.619785621748481, 0.7804965482656712)": 0.9970188081964969, "(0.7804965482656712, 1.0)": 0.997002999}, "pct": 1.0, "best_return": 4.365026134543285}, "ew_rel_minmax": {"trend": "ew_rel_minmax", "time_param": 755, "q_params": {"(0, 0.8268098012713412)": 0.999997081787442, "(0.8268098012713412, 0.850987506737455)": 0.9995138851617372, "(0.850987506737455, 0.8625396758245266)": 0.007611739133043586, "(0.8625396758245266, 1.0)": 0.0002976238813599761}, "pct": 0.0002976238813599761, "best_return": 5.303651396909969}}