{"ma": {"trend": "ma", "time_param": 837, "q_params": {"(0.0, 0.9489767478591737)": 1.0, "(0.9489767478591737, 0.9584987860119231)": 0.4643953117593934, "(0.9584987860119231, 0.9913766242238368)": 0.46390853654956343, "(0.9913766242238368, 1.0)": 8.7410609854434e-05}, "pct": 1.0, "best_return": 9.512732996148795}, "ew_ma": {"trend": "ew_ma", "time_param": 837, "q_params": {"(0, 0.9578984325707793)": 1.0, "(0.9578984325707793, 0.9625150762281006)": 0.9999936674754789, "(0.9625150762281006, 0.9711731123121606)": 0.0008115158806447245, "(0.9711731123121606, 1.0)": 8.392331914025542e-07}, "pct": 1.0, "best_return": 13.541434289772058}, "rel_minmax": {"trend": "rel_minmax", "time_param": 837, "q_params": {"(0.0, 0.41847159547815493)": 1.0, "(0.41847159547815493, 0.6056145523685164)": 0.9999990196606638, "(0.6056145523685164, 0.7952783463947332)": 0.9993286795457564, "(0.7952783463947332, 1.0)": 0.9993277195163341}, "pct": 1.0, "best_return": 8.38282032961927}, "ew_rel_minmax": {"time_param": 1472, "trend": "ew_rel_minmax", "q_params": {"(0.0, 0.9157121169660807)": 0.9999998060768979, "(0.9157121169660807, 0.9343171696409373)": 0.9996385853863233, "(0.9343171696409373, 0.9566817536996096)": 2.3993779736681647e-05, "(0.9566817536996096, 1.0)": 8.110479192517054e-08}, "pct": 0.9999998060768979, "best_return": 11.829458201839298}}