{"ma": {"trend": "ma", "time_param": 251, "q_params": {"(0, 0.7268342017730148)": 1.0, "(0.7268342017730148, 0.9599575235342681)": 0.9999983854042636, "(0.9599575235342681, 0.9799242060888309)": 0.9998972947189703, "(0.9799242060888309, 1.0)": 0.0030640313824884116}, "pct": 1.0, "best_return": 2.420532445614287}, "ew_ma": {"trend": "ew_ma", "time_param": 251, "q_params": {"(0.0, 0.9172840755234057)": 1.0, "(0.9172840755234057, 0.924649294567954)": 0.9999483640528424, "(0.924649294567954, 0.9299409656134576)": 0.0007082668478299498, "(0.9299409656134576, 1.0)": 1.6824006491694156e-06}, "pct": 1.0, "best_return": 2.573416762407595}, "rel_minmax": {"trend": "rel_minmax", "time_param": 251, "q_params": {"(0.0, 0.28060247902251534)": 1.0, "(0.28060247902251534, 0.3234947633948567)": 0.9999937287269745, "(0.3234947633948567, 0.7215103848906015)": 0.997019948019348, "(0.7215103848906015, 1.0)": 0.997002999}, "pct": 1.0, "best_return": 2.2985172450044056}, "ew_rel_minmax": {"trend": "ew_rel_minmax", "time_param": 251, "q_params": {"(0.0, 0.4954040663149731)": 0.9999997344956832, "(0.4954040663149731, 0.7297487819879344)": 0.9999906405845074, "(0.7297487819879344, 0.7392030725151376)": 0.9970054428603286, "(0.7392030725151376, 1.0)": 0.997002999}, "pct": 0.9999997344956832, "best_return": 2.303574673232469}}