{"ma": {"trend": "ma", "time_param": 851, "q_params": {"(0.0, 0.41360712678214295)": 1.0, "(0.41360712678214295, 0.4599203558815896)": 0.9998834765564333, "(0.4599203558815896, 0.5245682999550197)": 0.9998753431396759, "(0.5245682999550197, 0.5706011409094778)": 0.9998491143081102, "(0.5706011409094778, 0.5718723166911118)": 0.9988517965302987, "(0.5718723166911118, 0.5746428456343455)": 0.9949522270849575, "(0.5746428456343455, 0.6163633916453862)": 0.9921471188723795, "(0.6163633916453862, 0.7874903039376125)": 0.9920681531780992, "(0.7874903039376125, 0.9579565863923706)": 0.9920279440699441, "(0.9579565863923706, 1.0)": 0.3839202942287027}, "pct": 1, "best_return": 92.23466796875}, "ew_ma": {"trend": "ew_ma", "time_param": 851, "q_params": {"(0.0, 0.2963487238926459)": 1.0, "(0.2963487238926459, 0.33416739040278126)": 0.999997664855474, "(0.33416739040278126, 0.35741870246171403)": 0.9997378319430276, "(0.35741870246171403, 0.43120234656329676)": 0.9962390901885055, "(0.43120234656329676, 0.5023772575306189)": 0.9961739921437724, "(0.5023772575306189, 0.5443805901125567)": 0.9935009641582704, "(0.5443805901125567, 0.7000000000000001)": 0.993373721375418, "(0.7000000000000001, 0.87699399166341)": 0.993371731636038, "(0.87699399166341, 0.9181046753709182)": 0.9920279440699441, "(0.9181046753709182, 1.0)": 0.28175737202491047}, "pct": 1, "best_return": 92.23466796875}, "rel_minmax": {"time_param": 556, "trend": "rel_minmax", "q_params": {"(0.0, 0.09809044847950087)": 0.9997458091208892, "(0.09809044847950087, 0.1216262140063735)": 0.9621843750997532, "(0.1216262140063735, 0.4658928288153006)": 0.9420036018923547, "(0.4658928288153006, 0.47290333093686304)": 0.44751207871931054, "(0.47290333093686304, 0.5281633927608202)": 0.43906324730246105, "(0.5281633927608202, 0.6576773845981588)": 0.4382617536885832, "(0.6576773845981588, 0.7340460228355876)": 0.437464696178902, "(0.7340460228355876, 0.9473089135464505)": 0.43309508620565706, "(0.9473089135464505, 0.9517497807378055)": 0.4236145830394293, "(0.9517497807378055, 1.0)": 0.0032377415922782496}, "pct": 1, "best_return": 92.23466796875}, "ew_rel_minmax": {"time_param": 701, "trend": "ew_rel_minmax", "q_params": {"(0.0, 0.07473050491689472)": 0.9989627000854813, "(0.07473050491689472, 0.10829062869694936)": 0.8876015791712568, "(0.10829062869694936, 0.23855662804442374)": 0.8856546250948657, "(0.23855662804442374, 0.31766075339894584)": 0.8595464598451534, "(0.31766075339894584, 0.44154171698841066)": 0.85890265122366, "(0.44154171698841066, 0.5124605910372708)": 0.5508555829932752, "(0.5124605910372708, 0.5398274875637962)": 0.5486166442637446, "(0.5398274875637962, 0.6591467825982785)": 0.47880489175649704, "(0.6591467825982785, 0.9174305185329789)": 0.47850666706204625, "(0.9174305185329789, 1.0)": 0.011912279576004688}, "pct": 1, "best_return": 92.23466796875}}