{"ma": {"time_param": 1499, "trend": "ma", "q_params": {"(0, 0.18600981963333452)": 0.9867804702650117, "(0.18600981963333452, 0.3846611931691166)": 0.9724946000229705, "(0.3846611931691166, 0.4368538995430833)": 0.9509221545396517, "(0.4368538995430833, 0.4645591414536594)": 0.709533364723486, "(0.4645591414536594, 0.6097317921220882)": 0.6485732462964944, "(0.6097317921220882, 0.6769682710201462)": 0.6030240682819695, "(0.6769682710201462, 0.9212157334336839)": 0.5906554038697542, "(0.9212157334336839, 0.971467831562567)": 0.4916748513521221, "(0.971467831562567, 0.9882344350487733)": 0.23825096934837178, "(0.9882344350487733, 1)": 0.19516906768126263}, "pct": 0.6485732462964944, "best_return": 268.3726747989862}, "ew_ma": {"time_param": 500, "trend": "ew_ma", "q_params": {"(0, 0.09328699226602111)": 0.9703988151213654, "(0.09328699226602111, 0.2933418039187351)": 0.9474856884457732, "(0.2933418039187351, 0.5002056431272766)": 0.8197476029741453, "(0.5002056431272766, 0.5640447840863657)": 0.6554517344308651, "(0.5640447840863657, 0.6463600109057901)": 0.6180949882204156, "(0.6463600109057901, 0.6548757822600535)": 0.40513607346507174, "(0.6548757822600535, 0.8333843254160632)": 0.31729637096150987, "(0.8333843254160632, 0.8626000901455503)": 0.25071287398776243, "(0.8626000901455503, 0.8861693698700173)": 0.04157757761936853, "(0.8861693698700173, 1)": 0.031867781807009395}, "pct": 0.31729637096150987, "best_return": 120.07634855453355}, "rel_minmax": {"time_param": 1573, "trend": "rel_minmax", "q_params": {"(0, 0.1781740231158594)": 0.9861202411175011, "(0.1781740231158594, 0.28167939177471324)": 0.9078972581020519, "(0.28167939177471324, 0.36781657017732594)": 0.867896943390486, "(0.36781657017732594, 0.43749892428701265)": 0.7179172179240064, "(0.43749892428701265, 0.50372779401422)": 0.581378089003698, "(0.50372779401422, 0.5570393044999683)": 0.5753244150532595, "(0.5570393044999683, 0.6974413372852597)": 0.35183303430157464, "(0.6974413372852597, 0.7494975803505681)": 0.21940701333963472, "(0.7494975803505681, 0.8955045547258026)": 0.21834674881335447, "(0.8955045547258026, 1)": 0.16797304606802643}, "pct": 0.16797304606802643, "best_return": 133.50839678870574}, "ew_rel_minmax": {"time_param": 1314, "trend": "ew_rel_minmax", "q_params": {"(0, 0.17500944326023848)": 0.9636604663065159, "(0.17500944326023848, 0.3854748418074222)": 0.8217006812695934, "(0.3854748418074222, 0.5543761736256811)": 0.6784895315443047, "(0.5543761736256811, 0.558888787660042)": 0.570592667856274, "(0.558888787660042, 0.7918708265320541)": 0.507332336942408, "(0.7918708265320541, 0.7952137801168857)": 0.3372357651370047, "(0.7952137801168857, 0.8037087999375416)": 0.28328385968055614, "(0.8037087999375416, 0.8826918229941415)": 0.18792654510037465, "(0.8826918229941415, 0.9106351255921413)": 0.11921289699459314, "(0.9106351255921413, 1)": 0.03519155715697951}, "pct": 0.03519155715697951, "best_return": 160.95713469696784}}