{"ma": {"time_param": 1486, "trend": "ma", "q_params": {"(0, 0.0042449241038524585)": 0.9190694300875295, "(0.0042449241038524585, 0.16548125052993196)": 0.9049883368663705, "(0.16548125052993196, 0.41469678778642594)": 0.813392009871641, "(0.41469678778642594, 0.5210151045357105)": 0.6077627243487532, "(0.5210151045357105, 0.6286636037474649)": 0.5856210806048852, "(0.6286636037474649, 0.6943457738534096)": 0.5786580659161408, "(0.6943457738534096, 0.8397182034816505)": 0.4496910245421432, "(0.8397182034816505, 0.938607296460714)": 0.36343258531273964, "(0.938607296460714, 0.9452535043633443)": 0.1415967733773518, "(0.9452535043633443, 1.0)": 0.12420813984356627}, "pct": 0.4496910245421432, "best_return": 124.0374808289803}, "ew_ma": {"trend": "ew_ma", "time_param": 851, "q_params": {"(0, 0.2963487238926459)": 0.9999997926097859, "(0.2963487238926459, 0.33416739040278126)": 0.9993341325133007, "(0.33416739040278126, 0.35741870246171403)": 0.9990197481461156, "(0.35741870246171403, 0.43432785339979507)": 0.9980949147353385, "(0.43432785339979507, 0.5023772575306189)": 0.9964597407579431, "(0.5023772575306189, 0.589165795117085)": 0.9935009641582704, "(0.589165795117085, 0.6980636156814719)": 0.993373721375418, "(0.6980636156814719, 0.9081643686432703)": 0.7386410146706315, "(0.9081643686432703, 0.9654309752625807)": 0.7333070872183926, "(0.9654309752625807, 1.0)": 0.2904822003505117}, "pct": 0.7386410146706315, "best_return": 190.62711520079117}, "rel_minmax": {"time_param": 1242, "trend": "rel_minmax", "q_params": {"(0, 0.29945722730199986)": 0.8160010789986459, "(0.29945722730199986, 0.40236048305504335)": 0.748381851887332, "(0.40236048305504335, 0.5242920226900053)": 0.7182569018012266, "(0.5242920226900053, 0.6340325794609375)": 0.6933105953574522, "(0.6340325794609375, 0.7423354159264696)": 0.5711877965520555, "(0.7423354159264696, 0.9077577740705685)": 0.4229616276830461, "(0.9077577740705685, 0.9264881189699378)": 0.3027640406254726, "(0.9264881189699378, 0.9635015956323062)": 0.28428120659910977, "(0.9635015956323062, 0.9993413307432231)": 0.06874759888223843, "(0.9993413307432231, 1)": 0.05890126914200809}, "pct": 0.06874759888223843, "best_return": 154.07575427204242}, "ew_rel_minmax": {"time_param": 917, "trend": "ew_rel_minmax", "q_params": {"(0, 0.12252755426855122)": 0.9464919745619562, "(0.12252755426855122, 0.17179856964930362)": 0.9408937877123522, "(0.17179856964930362, 0.3877150451962912)": 0.9095534564156036, "(0.3877150451962912, 0.5131894737638477)": 0.8985566907577364, "(0.5131894737638477, 0.676300247063797)": 0.6756965592561444, "(0.676300247063797, 0.72667760939316)": 0.5706995685277088, "(0.72667760939316, 0.7350011112551749)": 0.5102443334170538, "(0.7350011112551749, 0.8897551323243255)": 0.4331242843324641, "(0.8897551323243255, 0.9576266773632501)": 0.23947828103290072, "(0.9576266773632501, 1)": 0.1302662127763572}, "pct": 0.1302662127763572, "best_return": 163.120552537825}}