{"ma": {"time_param": 1173, "trend": "ma", "q_params": {"(0, 0.03995938617785946)": 0.9791732762203718, "(0.03995938617785946, 0.259771255805367)": 0.9553155207660792, "(0.259771255805367, 0.5270892904695323)": 0.7645915204408088, "(0.5270892904695323, 0.5434514187162132)": 0.7292206838575992, "(0.5434514187162132, 0.6498367784918738)": 0.6497867173942649, "(0.6498367784918738, 0.8787224948156224)": 0.6477497318570006, "(0.8787224948156224, 0.8939145054245208)": 0.6246081941859243, "(0.8939145054245208, 0.9153912099738459)": 0.22964393083434298, "(0.9153912099738459, 0.9166716758467504)": 0.017314501215271894, "(0.9166716758467504, 1)": 0.009037123622514435}, "pct": 0.7645915204408088, "best_return": 107.4317634455361}, "ew_ma": {"time_param": 323, "trend": "ew_ma", "q_params": {"(0.0, 0.12030271793240821)": 0.9983993453280458, "(0.12030271793240821, 0.20293727077432888)": 0.9616016535628709, "(0.20293727077432888, 0.39375332944382935)": 0.7338037708049032, "(0.39375332944382935, 0.4365597727473919)": 0.694164924352, "(0.4365597727473919, 0.4476893674468545)": 0.6554413446581829, "(0.4476893674468545, 0.45966688002417166)": 0.6346376389374675, "(0.45966688002417166, 0.528774778281353)": 0.6120583751456372, "(0.528774778281353, 0.5756560782490984)": 0.5800014612548409, "(0.5756560782490984, 0.6686695499567064)": 0.5080757191130519, "(0.6686695499567064, 1.0)": 0.13593890489447524}, "pct": 1, "best_return": 91.64138267780173}, "rel_minmax": {"time_param": 513, "trend": "rel_minmax", "q_params": {"(0, 0.017983391204554833)": 0.9195660833714552, "(0.017983391204554833, 0.06394488309970592)": 0.8614490903604219, "(0.06394488309970592, 0.24247442347780956)": 0.8298269772592245, "(0.24247442347780956, 0.2790136640181834)": 0.8210852231681105, "(0.2790136640181834, 0.36811390404430366)": 0.7146007646258099, "(0.36811390404430366, 0.4889256436639493)": 0.6627800281764594, "(0.4889256436639493, 0.6710224262158052)": 0.5872820277324207, "(0.6710224262158052, 0.9024568011508722)": 0.5731171540647523, "(0.9024568011508722, 0.9334627020831823)": 0.5100033304139079, "(0.9334627020831823, 1)": 0.3677092317716727}, "pct": 0.5100033304139079, "best_return": 137.49371824932996}, "ew_rel_minmax": {"time_param": 1724, "trend": "ew_rel_minmax", "q_params": {"(0, 0.05188816680746511)": 0.9921643443736088, "(0.05188816680746511, 0.3266828327338185)": 0.9086843309093723, "(0.3266828327338185, 0.3447987978498356)": 0.7840858260914627, "(0.3447987978498356, 0.5207676132206484)": 0.6823675318789849, "(0.5207676132206484, 0.6007198863320309)": 0.6817742539177273, "(0.6007198863320309, 0.6230988096840001)": 0.6633094642014413, "(0.6230988096840001, 0.8307569211776962)": 0.6603086378573437, "(0.8307569211776962, 0.8680580195428372)": 0.6484649765930846, "(0.8680580195428372, 0.9480421751332271)": 0.38997644163868106, "(0.9480421751332271, 1)": 0.36229656286760115}, "pct": 0.36229656286760115, "best_return": 183.42474672688687}}