{"ma": {"time_param": 725, "trend": "ma", "q_params": {"(0, 0.07384487854014532)": 0.9889197808116911, "(0.07384487854014532, 0.1687840174334643)": 0.945060840478645, "(0.1687840174334643, 0.24509564418005303)": 0.9050364599831976, "(0.24509564418005303, 0.2906794719232401)": 0.842093347848174, "(0.2906794719232401, 0.44035182393136996)": 0.7047413919874469, "(0.44035182393136996, 0.5609618895360818)": 0.6756797905004043, "(0.5609618895360818, 0.6854369008992562)": 0.39713191913373663, "(0.6854369008992562, 0.8333225298963216)": 0.37807501676985467, "(0.8333225298963216, 0.934369949887025)": 0.27916560874421437, "(0.934369949887025, 1)": 0.2771482549989704}, "pct": 0.39713191913373663, "best_return": 202.65360759711467}, "ew_ma": {"time_param": 1546, "trend": "ew_ma", "q_params": {"(0, 0.19392553482278765)": 0.964128409463596, "(0.19392553482278765, 0.47948662723766844)": 0.7592170714606772, "(0.47948662723766844, 0.5920548035805114)": 0.7457413269845321, "(0.5920548035805114, 0.6090281431441849)": 0.7062610426352482, "(0.6090281431441849, 0.7020493705685041)": 0.6819183098996066, "(0.7020493705685041, 0.7278702172217586)": 0.3501188823970115, "(0.7278702172217586, 0.7780561271076023)": 0.33706925826504175, "(0.7780561271076023, 0.8332990135331895)": 0.24951441614798775, "(0.8332990135331895, 0.9995883157383118)": 0.24539390684573592, "(0.9995883157383118, 1)": 0.10202725322735004}, "pct": 0.24539390684573592, "best_return": 113.23835524253064}, "rel_minmax": {"time_param": 660, "trend": "rel_minmax", "q_params": {"(0, 0.09617289187539657)": 0.9568272044039152, "(0.09617289187539657, 0.133327025480096)": 0.9349142617256895, "(0.133327025480096, 0.20744292082393467)": 0.879629383054222, "(0.20744292082393467, 0.3205555916886945)": 0.8693116926899408, "(0.3205555916886945, 0.6288580899784653)": 0.6192361781457331, "(0.6288580899784653, 0.7198358760368795)": 0.5428214700292091, "(0.7198358760368795, 0.7561401528396158)": 0.4939868102449951, "(0.7561401528396158, 0.912457965421798)": 0.48158070774456047, "(0.912457965421798, 0.9303659699202299)": 0.3884207370364948, "(0.9303659699202299, 1)": 0.09146528359755335}, "pct": 0.3884207370364948, "best_return": 299.29487225588383}, "ew_rel_minmax": {"time_param": 504, "trend": "ew_rel_minmax", "q_params": {"(0, 0.011424846533215759)": 0.8707711306511277, "(0.011424846533215759, 0.1859148238479401)": 0.7261026058046078, "(0.1859148238479401, 0.29090565135250945)": 0.642197168333102, "(0.29090565135250945, 0.35312846088700867)": 0.6273646033694568, "(0.35312846088700867, 0.5759196009229159)": 0.4947718662387708, "(0.5759196009229159, 0.8026748224416472)": 0.4631060118541661, "(0.8026748224416472, 0.889518591217292)": 0.4242496172251019, "(0.889518591217292, 0.9734444610480163)": 0.2730998166656056, "(0.9734444610480163, 0.9915401866871121)": 0.23153905786148643, "(0.9915401866871121, 1)": 0.11559024422239095}, "pct": 0.2730998166656056, "best_return": 236.74848432865932}}