{"ma": {"time_param": 80, "trend": "ma", "q_params": {"(0, 0.05592724227438095)": 0.9744625525886202, "(0.05592724227438095, 0.3279492300879018)": 0.9551781703253394, "(0.3279492300879018, 0.44056629020110893)": 0.895113255646415, "(0.44056629020110893, 0.5426143065706139)": 0.861677414433528, "(0.5426143065706139, 0.6265427467163276)": 0.839849857916735, "(0.6265427467163276, 0.6329260110891514)": 0.8180438045595569, "(0.6329260110891514, 0.7841203495934322)": 0.8007010236612178, "(0.7841203495934322, 0.9146399926519673)": 0.7250942357801263, "(0.9146399926519673, 0.9960697606472841)": 0.560939112483231, "(0.9960697606472841, 1)": 0.009922643891309924}, "pct": 0.839849857916735, "best_return": 142.4382715891904}, "ew_ma": {"time_param": 569, "trend": "ew_ma", "q_params": {"(0, 0.04890119841148732)": 0.9698451166210712, "(0.04890119841148732, 0.05976784460283768)": 0.9547953467122379, "(0.05976784460283768, 0.46421192406682243)": 0.9370737481103231, "(0.46421192406682243, 0.4793534395908494)": 0.9181675291720001, "(0.4793534395908494, 0.7124024851140739)": 0.8928355129193805, "(0.7124024851140739, 0.7817674300653394)": 0.8517251016902907, "(0.7817674300653394, 0.9068541349953578)": 0.6136027713576107, "(0.9068541349953578, 0.9384280076738629)": 0.3273100960450227, "(0.9384280076738629, 0.9827704642501492)": 0.12126866197468367, "(0.9827704642501492, 1)": 0.08145462699120495}, "pct": 0.6136027713576107, "best_return": 204.2574458454575}, "rel_minmax": {"time_param": 1295, "trend": "rel_minmax", "q_params": {"(0, 0.01315761064864951)": 0.9284488454608341, "(0.01315761064864951, 0.08599115872496157)": 0.9269003522400755, "(0.08599115872496157, 0.3796450573061433)": 0.8904760097283596, "(0.3796450573061433, 0.4463953055581408)": 0.7815912610575393, "(0.4463953055581408, 0.4763930015140767)": 0.6916722457419989, "(0.4763930015140767, 0.82436731410183)": 0.5604309898176559, "(0.82436731410183, 0.833006502672886)": 0.4979341185726098, "(0.833006502672886, 0.9009005646935393)": 0.41246297546454136, "(0.9009005646935393, 0.9444488167187189)": 0.03314752508283836, "(0.9444488167187189, 1)": 0.0020134030944685133}, "pct": 0.0020134030944685133, "best_return": 258.75962159840446}, "ew_rel_minmax": {"time_param": 53, "trend": "ew_rel_minmax", "q_params": {"(0, 0.03454409551026727)": 0.998257959275556, "(0.03454409551026727, 0.24994699868785586)": 0.9119871493373481, "(0.24994699868785586, 0.34842867056422994)": 0.7941915019785896, "(0.34842867056422994, 0.41812337578224856)": 0.7176125603068721, "(0.41812337578224856, 0.5054113515955334)": 0.5308154184452065, "(0.5054113515955334, 0.679158147806973)": 0.5027601495691668, "(0.679158147806973, 0.7371999936650815)": 0.3028888577908714, "(0.7371999936650815, 0.7801169239491705)": 0.2386516934950317, "(0.7801169239491705, 0.9403520658150822)": 0.23665845920689102, "(0.9403520658150822, 1)": 0.10336942392048509}, "pct": 0.10336942392048509, "best_return": 211.0438882221755}}