{"ma": {"trend": "ma", "time_param": 851, "q_params": {"(0, 0.004636034992914151)": 1.0, "(0.004636034992914151, 0.4438636074618693)": 0.9999967302590492, "(0.4438636074618693, 0.49762352595286996)": 0.9998753431396759, "(0.49762352595286996, 0.528383470743092)": 0.9992989584071728, "(0.528383470743092, 0.5718723166911118)": 0.9990310575172943, "(0.5718723166911118, 0.5746428456343455)": 0.9927082884199847, "(0.5746428456343455, 0.6163633916453862)": 0.9921471188723795, "(0.6163633916453862, 0.794453813865927)": 0.9920681531780992, "(0.794453813865927, 0.9579565863923706)": 0.9920279440699441, "(0.9579565863923706, 1.0)": 0.40938174549790923}, "pct": 0.9999967302590492, "best_return": 142.48567996679117}, "ew_ma": {"trend": "ew_ma", "time_param": 851, "q_params": {"(0, 0.27107650856097)": 1.0, "(0.27107650856097, 0.33416739040278126)": 0.999997664855474, "(0.33416739040278126, 0.35741870246171403)": 0.9996334350574025, "(0.35741870246171403, 0.43120234656329676)": 0.9962390901885055, "(0.43120234656329676, 0.5023772575306189)": 0.9961739921437724, "(0.5023772575306189, 0.5344853376005264)": 0.9935009641582704, "(0.5344853376005264, 0.7000000000000001)": 0.9933752079237105, "(0.7000000000000001, 0.9107168752841567)": 0.993371731636038, "(0.9107168752841567, 0.9181046753709182)": 0.9920279440699441, "(0.9181046753709182, 1.0)": 0.3402211621018564}, "pct": 0.993371731636038, "best_return": 125.48238590390568}, "rel_minmax": {"time_param": 556, "trend": "rel_minmax", "q_params": {"(0, 0.07694441415017748)": 0.9997458091208892, "(0.07694441415017748, 0.15693116161582185)": 0.9621916164372869, "(0.15693116161582185, 0.4658928288153006)": 0.9311585719365509, "(0.4658928288153006, 0.501921838347934)": 0.44751207871931054, "(0.501921838347934, 0.5281633927608202)": 0.43906324730246105, "(0.5281633927608202, 0.649602855943017)": 0.4382617536885832, "(0.649602855943017, 0.7513930308260841)": 0.43410681572172105, "(0.7513930308260841, 0.9473089135464505)": 0.4318026790705101, "(0.9473089135464505, 0.9601408291475794)": 0.4236145830394293, "(0.9601408291475794, 1.0)": 0.0032377415922782496}, "pct": 0.4318026790705101, "best_return": 464.20851017152904}, "ew_rel_minmax": {"time_param": 701, "trend": "ew_rel_minmax", "q_params": {"(0.0, 0.06372174923505695)": 0.9989627000854813, "(0.06372174923505695, 0.10829062869694936)": 0.8876015791712568, "(0.10829062869694936, 0.22353528732133426)": 0.8856546250948657, "(0.22353528732133426, 0.2948607724275787)": 0.8595464598451534, "(0.2948607724275787, 0.4493826278333325)": 0.85890265122366, "(0.4493826278333325, 0.5124605910372708)": 0.5508555829932752, "(0.5124605910372708, 0.5373139377213215)": 0.5494999071655595, "(0.5373139377213215, 0.6772616932100751)": 0.47880489175649704, "(0.6772616932100751, 0.920600440414754)": 0.47850666706204625, "(0.920600440414754, 1.0)": 0.011912279576004688}, "pct": 0.011912279576004688, "best_return": 391.7924548190472}}