{"ma": {"trend": "ma", "time_param": 851, "q_params": {"(0, 0.0026085114194280157)": 1.0, "(0.0026085114194280157, 0.4599203558815896)": 0.9999967302590492, "(0.4599203558815896, 0.49762352595286996)": 0.9998753431396759, "(0.49762352595286996, 0.5706011409094778)": 0.9998491143081102, "(0.5706011409094778, 0.5718723166911118)": 0.9990310575172943, "(0.5718723166911118, 0.5746428456343455)": 0.992664779398933, "(0.5746428456343455, 0.6163633916453862)": 0.9921471188723795, "(0.6163633916453862, 0.8066569204049298)": 0.9920681531780992, "(0.8066569204049298, 0.9579565863923706)": 0.9920279440699441, "(0.9579565863923706, 1.0)": 0.3972313174719927}, "pct": 0.9999967302590492, "best_return": 135.52362555606362}, "ew_ma": {"trend": "ew_ma", "time_param": 851, "q_params": {"(0, 0.2963487238926459)": 1.0, "(0.2963487238926459, 0.33416739040278126)": 0.999997664855474, "(0.33416739040278126, 0.35741870246171403)": 0.9997378319430276, "(0.35741870246171403, 0.43120234656329676)": 0.9962390901885055, "(0.43120234656329676, 0.5023772575306189)": 0.9961739921437724, "(0.5023772575306189, 0.5443805901125567)": 0.9935009641582704, "(0.5443805901125567, 0.7000000000000001)": 0.993373721375418, "(0.7000000000000001, 0.87699399166341)": 0.993371731636038, "(0.87699399166341, 0.9181046753709182)": 0.9920279440699441, "(0.9181046753709182, 1.0)": 0.28175737202491047}, "pct": 0.993371731636038, "best_return": 137.6825211161648}, "rel_minmax": {"time_param": 556, "trend": "rel_minmax", "q_params": {"(0, 0.07694441415017748)": 0.9997458091208892, "(0.07694441415017748, 0.15693116161582185)": 0.9621843750997532, "(0.15693116161582185, 0.4658928288153006)": 0.9420036018923547, "(0.4658928288153006, 0.4982706526821904)": 0.44751207871931054, "(0.4982706526821904, 0.5281633927608202)": 0.43906324730246105, "(0.5281633927608202, 0.649602855943017)": 0.4382617536885832, "(0.649602855943017, 0.7340460228355876)": 0.437464696178902, "(0.7340460228355876, 0.9473089135464505)": 0.4330773197845554, "(0.9473089135464505, 0.9601408291475794)": 0.4236145830394293, "(0.9601408291475794, 1.0)": 0.0032377415922782496}, "pct": 0.4330773197845554, "best_return": 404.922052185696}, "ew_rel_minmax": {"time_param": 701, "trend": "ew_rel_minmax", "q_params": {"(0, 0.0606660053077309)": 0.9989627000854813, "(0.0606660053077309, 0.10829062869694936)": 0.8876015791712568, "(0.10829062869694936, 0.23753630463714753)": 0.8856546250948657, "(0.23753630463714753, 0.2948607724275787)": 0.8595464598451534, "(0.2948607724275787, 0.4515540897643573)": 0.85890265122366, "(0.4515540897643573, 0.5124605910372708)": 0.5508555829932752, "(0.5124605910372708, 0.5373139377213215)": 0.5494999071655595, "(0.5373139377213215, 0.6591467825982785)": 0.47880489175649704, "(0.6591467825982785, 0.9174305185329789)": 0.47850666706204625, "(0.9174305185329789, 1.0)": 0.011912279576004688}, "pct": 0.011912279576004688, "best_return": 365.2039465024157}}