{"ma": {"time_param": 1072, "trend": "ma", "q_params": {"(0, 0.040524068954475245)": 0.9877504259902637, "(0.040524068954475245, 0.1911427011534481)": 0.9383111057148423, "(0.1911427011534481, 0.22824528615697948)": 0.8901434979414841, "(0.22824528615697948, 0.24008004661941562)": 0.845485992975785, "(0.24008004661941562, 0.4008688337177764)": 0.6983248024871902, "(0.4008688337177764, 0.47179341391948937)": 0.6350205216494152, "(0.47179341391948937, 0.4968653194305881)": 0.5915236262975775, "(0.4968653194305881, 0.7391983677608087)": 0.47015976285199446, "(0.7391983677608087, 0.8686399594891334)": 0.22305238815070205, "(0.8686399594891334, 1)": 0.169040614995694}, "pct": 0.47015976285199446, "best_return": 140.43726858573729}, "ew_ma": {"time_param": 1406, "trend": "ew_ma", "q_params": {"(0, 0.14527831395089716)": 0.983323130386439, "(0.14527831395089716, 0.2937299898981788)": 0.8131661494588666, "(0.2937299898981788, 0.3345371664436817)": 0.7342691487096621, "(0.3345371664436817, 0.7170699574394529)": 0.6738942034991731, "(0.7170699574394529, 0.7194457155574941)": 0.622714092582365, "(0.7194457155574941, 0.7370271193452834)": 0.410627407107671, "(0.7370271193452834, 0.7393337603061676)": 0.3872886951169501, "(0.7393337603061676, 0.8376487911342623)": 0.3055017591865745, "(0.8376487911342623, 0.8476192001687686)": 0.21155054456821865, "(0.8476192001687686, 1)": 0.043303939170406314}, "pct": 0.043303939170406314, "best_return": 134.12178283367857}, "rel_minmax": {"time_param": 158, "trend": "rel_minmax", "q_params": {"(0, 0.00901224983994442)": 0.9147051936893541, "(0.00901224983994442, 0.07237507886570328)": 0.8057858501983457, "(0.07237507886570328, 0.25948514746875695)": 0.786777843371647, "(0.25948514746875695, 0.29851734757959886)": 0.6680887542188677, "(0.29851734757959886, 0.4027018724519891)": 0.48937203161750364, "(0.4027018724519891, 0.4669235445369355)": 0.4515004866801887, "(0.4669235445369355, 0.5784778958539517)": 0.414016743403473, "(0.5784778958539517, 0.9310715004462745)": 0.39617621721721885, "(0.9310715004462745, 0.997126883134027)": 0.16608939041581172, "(0.997126883134027, 1)": 0.16607888636225399}, "pct": 0.16608939041581172, "best_return": 221.12483403267345}, "ew_rel_minmax": {"time_param": 625, "trend": "ew_rel_minmax", "q_params": {"(0, 0.14107652160915893)": 0.9863248400755877, "(0.14107652160915893, 0.21714008770884502)": 0.9859992896046241, "(0.21714008770884502, 0.3126970549908331)": 0.8841382455970916, "(0.3126970549908331, 0.41891530708286184)": 0.7779406836211293, "(0.41891530708286184, 0.4468053543411402)": 0.6872400866229248, "(0.4468053543411402, 0.6543594894446998)": 0.6667422770167065, "(0.6543594894446998, 0.7137365749482358)": 0.5256553615043933, "(0.7137365749482358, 0.9123318077052492)": 0.5075548976237746, "(0.9123318077052492, 0.9453813982070954)": 0.23552618328205366, "(0.9453813982070954, 1)": 0.1363228853107301}, "pct": 0.1363228853107301, "best_return": 507.9793922140141}}