{"ma": {"time_param": 1486, "trend": "ma", "q_params": {"(0, 0.0060957406792289115)": 0.9448857530145246, "(0.0060957406792289115, 0.2042965331526583)": 0.9238697934788563, "(0.2042965331526583, 0.41469678778642594)": 0.8093461269729909, "(0.41469678778642594, 0.5306560825913852)": 0.6241616276733848, "(0.5306560825913852, 0.6668192240845289)": 0.5856210806048852, "(0.6668192240845289, 0.7070159542869369)": 0.5723518591046596, "(0.7070159542869369, 0.8275561844872558)": 0.464697996515091, "(0.8275561844872558, 0.9111241612607301)": 0.38049350294947454, "(0.9111241612607301, 0.9486909118643946)": 0.15056651552044753, "(0.9486909118643946, 1)": 0.13298483427420893}, "pct": 0.6241616276733848, "best_return": 14.923019107497044}, "ew_ma": {"trend": "ew_ma", "time_param": 851, "q_params": {"(0.0, 0.2963487238926459)": 1.0, "(0.2963487238926459, 0.33416739040278126)": 0.999997664855474, "(0.33416739040278126, 0.35741870246171403)": 0.9997378319430276, "(0.35741870246171403, 0.43120234656329676)": 0.9962390901885055, "(0.43120234656329676, 0.5023772575306189)": 0.9961739921437724, "(0.5023772575306189, 0.5443805901125567)": 0.9935009641582704, "(0.5443805901125567, 0.7000000000000001)": 0.993373721375418, "(0.7000000000000001, 0.87699399166341)": 0.993371731636038, "(0.87699399166341, 0.9181046753709182)": 0.9920279440699441, "(0.9181046753709182, 1.0)": 0.28175737202491047}, "pct": 1, "best_return": NaN}, "rel_minmax": {"time_param": 334, "trend": "rel_minmax", "q_params": {"(0, 0.13033104054266578)": 0.8957614906799364, "(0.13033104054266578, 0.3295641039888588)": 0.8735402657129203, "(0.3295641039888588, 0.36541370643572724)": 0.6627290837107033, "(0.36541370643572724, 0.38608164301669434)": 0.5774407637499365, "(0.38608164301669434, 0.48917776567905685)": 0.5237934898442846, "(0.48917776567905685, 0.7421443331767956)": 0.44038446309504875, "(0.7421443331767956, 0.8133350482688985)": 0.2975449547747525, "(0.8133350482688985, 0.8678250428256012)": 0.22129511460262685, "(0.8678250428256012, 0.9035133701207222)": 0.20499112698821617, "(0.9035133701207222, 1)": 0.1251094939961732}, "pct": 0.1251094939961732, "best_return": 7.757089497130479}, "ew_rel_minmax": {"time_param": 927, "trend": "ew_rel_minmax", "q_params": {"(0, 0.0792383450215145)": 0.9976262798471356, "(0.0792383450215145, 0.11458253969946941)": 0.7014245769054342, "(0.11458253969946941, 0.3481658745482442)": 0.5553477012176976, "(0.3481658745482442, 0.3559757081419046)": 0.5520426882892002, "(0.3559757081419046, 0.41212178785827414)": 0.437257504302137, "(0.41212178785827414, 0.5525328493381911)": 0.28307259954662545, "(0.5525328493381911, 0.6060708116127123)": 0.26139734068277115, "(0.6060708116127123, 0.6284018265057116)": 0.1674429175762932, "(0.6284018265057116, 0.7656457639175018)": 0.16188686167979704, "(0.7656457639175018, 1)": 0.1192273158440748}, "pct": 0.1192273158440748, "best_return": 16.476585286158684}}