{"ma": {"time_param": 1486, "trend": "ma", "q_params": {"(0, 0.0042449241038524585)": 0.9448857530145246, "(0.0042449241038524585, 0.19431750667841285)": 0.9182835149300038, "(0.19431750667841285, 0.41469678778642594)": 0.8093461269729909, "(0.41469678778642594, 0.5210151045357105)": 0.6241616276733848, "(0.5210151045357105, 0.6286636037474649)": 0.5856210806048852, "(0.6286636037474649, 0.6943457738534096)": 0.5786580659161408, "(0.6943457738534096, 0.8275561844872558)": 0.46024340042106204, "(0.8275561844872558, 0.938607296460714)": 0.38049350294947454, "(0.938607296460714, 0.9486909118643946)": 0.16804606717997958, "(0.9486909118643946, 1.0)": 0.11918241748800568}, "pct": 0.5786580659161408, "best_return": 157.90914127442653}, "ew_ma": {"trend": "ew_ma", "time_param": 851, "q_params": {"(0, 0.2963487238926459)": 1.0, "(0.2963487238926459, 0.33416739040278126)": 0.999997664855474, "(0.33416739040278126, 0.35741870246171403)": 0.9997378319430276, "(0.35741870246171403, 0.43432785339979507)": 0.9980949147353385, "(0.43432785339979507, 0.5023772575306189)": 0.9947696050991343, "(0.5023772575306189, 0.5568585724391462)": 0.9935009641582704, "(0.5568585724391462, 0.7117404206057846)": 0.993373721375418, "(0.7117404206057846, 0.9081643686432703)": 0.9894277260987774, "(0.9081643686432703, 0.9158814319351226)": 0.7463108866909582, "(0.9158814319351226, 1.0)": 0.2904822003505117}, "pct": 0.9894277260987774, "best_return": 252.0651534363767}, "rel_minmax": {"time_param": 46, "trend": "rel_minmax", "q_params": {"(0, 0.17332405521278216)": 0.9676754863057728, "(0.17332405521278216, 0.18233468887078608)": 0.8938070738449437, "(0.18233468887078608, 0.22937069123065812)": 0.7976815715891099, "(0.22937069123065812, 0.31707359179978467)": 0.691850488449921, "(0.31707359179978467, 0.6463071119073104)": 0.6204418336336256, "(0.6463071119073104, 0.649260907180541)": 0.5762690299473794, "(0.649260907180541, 0.678123352320936)": 0.35394857176104394, "(0.678123352320936, 0.7607616341831767)": 0.3473525298962032, "(0.7607616341831767, 0.8726561707344557)": 0.3273057438197179, "(0.8726561707344557, 1)": 0.24666007765655862}, "pct": 0.24666007765655862, "best_return": 216.52230935782998}, "ew_rel_minmax": {"time_param": 341, "trend": "ew_rel_minmax", "q_params": {"(0, 0.07157637925785734)": 0.9118959686378314, "(0.07157637925785734, 0.7621866525250632)": 0.829845058643756, "(0.7621866525250632, 0.7674438803587615)": 0.6765158070448826, "(0.7674438803587615, 0.7864038542423835)": 0.666434697234044, "(0.7864038542423835, 0.7979874627875397)": 0.664432642323936, "(0.7979874627875397, 0.8095854233976253)": 0.6340427902897096, "(0.8095854233976253, 0.8237236004319988)": 0.6008784329946925, "(0.8237236004319988, 0.9631781809734312)": 0.5728788242124947, "(0.9631781809734312, 0.9849050849889872)": 0.3801427284019033, "(0.9849050849889872, 1)": 0.3485625884809984}, "pct": 0.3801427284019033, "best_return": 140.70559413562256}}