{"ma": {"time_param": 28, "trend": "ma", "q_params": {"(0, 0.013778960499572612)": 0.8015161046067959, "(0.013778960499572612, 0.02024632931539372)": 0.7571838209432084, "(0.02024632931539372, 0.29286674345677366)": 0.686070644465866, "(0.29286674345677366, 0.31134445029615276)": 0.5830914928937235, "(0.31134445029615276, 0.6977788596930655)": 0.43562370173996995, "(0.6977788596930655, 0.7051428719049186)": 0.36675945555505896, "(0.7051428719049186, 0.7672513017982171)": 0.3489707766096163, "(0.7672513017982171, 0.8069311709631287)": 0.24421336427475362, "(0.8069311709631287, 0.9473890916840627)": 0.19905444166335073, "(0.9473890916840627, 1)": 0.0011667613776230011}, "pct": 0.19905444166335073, "best_return": 1.0053519207252042}, "ew_ma": {"time_param": 28, "trend": "ew_ma", "q_params": {"(0, 0.029077591673071557)": 0.898926848926495, "(0.029077591673071557, 0.15912731034227223)": 0.8833486819666323, "(0.15912731034227223, 0.1958700525849768)": 0.8267909518499289, "(0.1958700525849768, 0.20803521298922112)": 0.7403055842149876, "(0.20803521298922112, 0.23700100340862307)": 0.470834083687792, "(0.23700100340862307, 0.3567936379804769)": 0.4022657732726687, "(0.3567936379804769, 0.5241315742010427)": 0.33885270768915216, "(0.5241315742010427, 0.5796357452535932)": 0.31262012941070905, "(0.5796357452535932, 0.8629803683177877)": 0.29218867977343954, "(0.8629803683177877, 1)": 0.11056041954549123}, "pct": 0.11056041954549123, "best_return": 1.0080115515141288}, "rel_minmax": {"time_param": 25, "trend": "rel_minmax", "q_params": {"(0, 0.19806195068268584)": 0.7927873373191904, "(0.19806195068268584, 0.29440105801656535)": 0.6126767896510305, "(0.29440105801656535, 0.3772985730779307)": 0.5781725394776287, "(0.3772985730779307, 0.4653166966999555)": 0.4302958591111028, "(0.4653166966999555, 0.4689758175346359)": 0.3577615242810718, "(0.4689758175346359, 0.6822065947987044)": 0.19680115420365932, "(0.6822065947987044, 0.7115830025909169)": 0.18678444578520045, "(0.7115830025909169, 0.7500743363175496)": 0.16732060753778233, "(0.7500743363175496, 0.9640428492140611)": 0.1366133940610743, "(0.9640428492140611, 1)": 0.13109872485794927}, "pct": 0.7927873373191904, "best_return": 1.0785927919122453}, "ew_rel_minmax": {"time_param": 33, "trend": "ew_rel_minmax", "q_params": {"(0, 0.16732843042023088)": 0.8702984442025088, "(0.16732843042023088, 0.3846562231358289)": 0.651486473064623, "(0.3846562231358289, 0.4017729520132609)": 0.5427470948545501, "(0.4017729520132609, 0.4815487034823892)": 0.4704120684681967, "(0.4815487034823892, 0.650537991207269)": 0.35601968738918366, "(0.650537991207269, 0.655956863683218)": 0.25320065571718287, "(0.655956863683218, 0.7234657603434014)": 0.09014734236620359, "(0.7234657603434014, 0.7546107025862555)": 0.056989267591685766, "(0.7546107025862555, 0.8927343972731822)": 0.046158906682189554, "(0.8927343972731822, 1)": 0.02392752823226596}, "pct": 0.8702984442025088, "best_return": 1.1032020055704932}}