{"ma": {"time_param": 18, "trend": "ma", "q_params": {"(0, 0.07339681995089599)": 0.9616757719802592, "(0.07339681995089599, 0.17294365439018733)": 0.950173582319663, "(0.17294365439018733, 0.34143137622593567)": 0.8894264524106417, "(0.34143137622593567, 0.372547983419131)": 0.5082020153418849, "(0.372547983419131, 0.45835538245162605)": 0.40827765503998714, "(0.45835538245162605, 0.543622783850903)": 0.18710291998718515, "(0.543622783850903, 0.7487026365014469)": 0.1833388346738848, "(0.7487026365014469, 0.8864369865173841)": 0.10497883220266574, "(0.8864369865173841, 0.9694840220622881)": 0.007943892906803059, "(0.9694840220622881, 1.0)": 0.0036906703575253497}, "pct": 0.40827765503998714, "best_return": 1.0038016543934971}, "ew_ma": {"time_param": 24, "trend": "ew_ma", "q_params": {"(0, 0.030759296851720408)": 0.8085386074634958, "(0.030759296851720408, 0.16495396362128523)": 0.7481002475243075, "(0.16495396362128523, 0.17620258323859184)": 0.4672874625828354, "(0.17620258323859184, 0.22554983994228317)": 0.4512868288214523, "(0.22554983994228317, 0.3703201824989625)": 0.3061635861945573, "(0.3703201824989625, 0.4866497520533802)": 0.2874687346685021, "(0.4866497520533802, 0.7037745831155598)": 0.2298091497813215, "(0.7037745831155598, 0.7771601861824262)": 0.15516920759265262, "(0.7771601861824262, 0.7824663428138351)": 0.13495498649909765, "(0.7824663428138351, 1)": 0.015600438042260745}, "pct": 0.2298091497813215, "best_return": 1.0211464074377876}, "rel_minmax": {"time_param": 25, "trend": "rel_minmax", "q_params": {"(0, 0.20592273595449573)": 0.7927873373191904, "(0.20592273595449573, 0.29440105801656535)": 0.6039114872198561, "(0.29440105801656535, 0.3772985730779307)": 0.5790337687379907, "(0.3772985730779307, 0.4653166966999555)": 0.4302958591111028, "(0.4653166966999555, 0.4689758175346359)": 0.3577615242810718, "(0.4689758175346359, 0.6763903951516733)": 0.1870669973776439, "(0.6763903951516733, 0.6895311691379582)": 0.18678444578520045, "(0.6895311691379582, 0.7340619602227065)": 0.16763473181973498, "(0.7340619602227065, 0.9640428492140611)": 0.1349267339225164, "(0.9640428492140611, 1.0)": 0.13109872485794927}, "pct": 0.1870669973776439, "best_return": 1.0030214628985876}, "ew_rel_minmax": {"time_param": 31, "trend": "ew_rel_minmax", "q_params": {"(0, 0.1088450074521573)": 0.9428689224411921, "(0.1088450074521573, 0.31103564865748945)": 0.8131237480563498, "(0.31103564865748945, 0.43760102244460986)": 0.7925504861886132, "(0.43760102244460986, 0.46574971095026396)": 0.7516120957626876, "(0.46574971095026396, 0.5412991420468832)": 0.74095082335521, "(0.5412991420468832, 0.5657035408026214)": 0.46343353659950287, "(0.5657035408026214, 0.5870861555634925)": 0.39574092260284216, "(0.5870861555634925, 0.6827434019434059)": 0.3606697246767934, "(0.6827434019434059, 0.9478004162403405)": 0.08245595754550983, "(0.9478004162403405, 1.0)": 0.051135547988784356}, "pct": 0.46343353659950287, "best_return": 1.0360874628158907}}