{"ma": {"time_param": 24, "trend": "ma", "q_params": {"(0, 0.02122238561575196)": 0.9635977113207861, "(0.02122238561575196, 0.23257494293746472)": 0.900162580981261, "(0.23257494293746472, 0.2484666844700243)": 0.799266372899471, "(0.2484666844700243, 0.4227726505283007)": 0.6511568354668164, "(0.4227726505283007, 0.5700265678789124)": 0.6391215211551917, "(0.5700265678789124, 0.5986573876612595)": 0.627578281971855, "(0.5986573876612595, 0.7204235916505185)": 0.5342382507795232, "(0.7204235916505185, 0.7211669773117835)": 0.2568592541480157, "(0.7211669773117835, 0.7575348357275536)": 0.04986911620616016, "(0.7575348357275536, 1)": 0.013498039779889504}, "pct": 0.04986911620616016, "best_return": 1.0619929332527787}, "ew_ma": {"time_param": 24, "trend": "ew_ma", "q_params": {"(0, 0.030759296851720408)": 0.8063764090170529, "(0.030759296851720408, 0.16495396362128523)": 0.7481002475243075, "(0.16495396362128523, 0.16669988418820042)": 0.5428824387873731, "(0.16669988418820042, 0.22554983994228317)": 0.47183523065810096, "(0.22554983994228317, 0.3703201824989625)": 0.3061635861945573, "(0.3703201824989625, 0.5574671265872626)": 0.3004815319346203, "(0.5574671265872626, 0.7037745831155598)": 0.2599984212635088, "(0.7037745831155598, 0.7771601861824262)": 0.15516920759265262, "(0.7771601861824262, 0.8252511352172777)": 0.1397331407205482, "(0.8252511352172777, 1.0)": 0.015600438042260745}, "pct": 0.1397331407205482, "best_return": 1.0422955747859297}, "rel_minmax": {"time_param": 42, "trend": "rel_minmax", "q_params": {"(0, 0.012867809733264304)": 0.8495043905848418, "(0.012867809733264304, 0.08364569812087552)": 0.8160704334092639, "(0.08364569812087552, 0.20360948715148783)": 0.5763336892616541, "(0.20360948715148783, 0.2171073452113651)": 0.550393383241937, "(0.2171073452113651, 0.47384665657352254)": 0.2978628319118875, "(0.47384665657352254, 0.5911068955873857)": 0.28615779556610715, "(0.5911068955873857, 0.6790456628012265)": 0.26863444180991547, "(0.6790456628012265, 0.7386228063131276)": 0.2650950200331653, "(0.7386228063131276, 0.8522339944130283)": 0.12931972110692885, "(0.8522339944130283, 1.0)": 0.035816886108512636}, "pct": 0.5763336892616541, "best_return": 1.063638063693886}, "ew_rel_minmax": {"time_param": 26, "trend": "ew_rel_minmax", "q_params": {"(0, 0.024113823783430577)": 0.8845285369744272, "(0.024113823783430577, 0.22003946330878865)": 0.8594100919880227, "(0.22003946330878865, 0.3264610556245704)": 0.8100757449162207, "(0.3264610556245704, 0.49152976193450165)": 0.7265704822047738, "(0.49152976193450165, 0.609421922908141)": 0.29051454089966944, "(0.609421922908141, 0.6187346274616095)": 0.2844906155141475, "(0.6187346274616095, 0.6994416449620237)": 0.25587378178378256, "(0.6994416449620237, 0.7067849364162965)": 0.12189326319286461, "(0.7067849364162965, 0.8772133618920231)": 0.09261775645458467, "(0.8772133618920231, 1.0)": 0.0014217728859392542}, "pct": 0.7265704822047738, "best_return": 1.1487481836356135}}