{"ma": {"time_param": 23, "trend": "ma", "q_params": {"(0, 0.26877288299495117)": 0.9883451571266155, "(0.26877288299495117, 0.29652518838122144)": 0.8145471443896796, "(0.29652518838122144, 0.3655504375817483)": 0.703378009501676, "(0.3655504375817483, 0.37250755253494017)": 0.5990591221866433, "(0.37250755253494017, 0.3831215977028818)": 0.4501044811227434, "(0.3831215977028818, 0.40595429623418)": 0.3728031468424089, "(0.40595429623418, 0.5307456975834705)": 0.27155211470804325, "(0.5307456975834705, 0.7394626006002866)": 0.25753714662060406, "(0.7394626006002866, 0.7723251398147728)": 0.21102450112688798, "(0.7723251398147728, 1)": 0.14023938136820416}, "pct": 0.25753714662060406, "best_return": 0.9761668380281288}, "ew_ma": {"time_param": 16, "trend": "ew_ma", "q_params": {"(0, 0.01782295283880015)": 0.9991525969268049, "(0.01782295283880015, 0.055933557227107265)": 0.7758584068282323, "(0.055933557227107265, 0.09418529043316326)": 0.769790216213115, "(0.09418529043316326, 0.25846739204494507)": 0.48028525762084867, "(0.25846739204494507, 0.2663964790270309)": 0.4799287203807582, "(0.2663964790270309, 0.5310605981267925)": 0.3992031559128801, "(0.5310605981267925, 0.5376847003612828)": 0.3895044825056452, "(0.5376847003612828, 0.5489422836684694)": 0.37860064909413993, "(0.5489422836684694, 0.566128712550494)": 0.24666786797689133, "(0.566128712550494, 1.0)": 0.10966871982359622}, "pct": 0.3992031559128801, "best_return": 0.9816591267882316}, "rel_minmax": {"time_param": 12, "trend": "rel_minmax", "q_params": {"(0, 0.09562810516782574)": 0.9914572074224056, "(0.09562810516782574, 0.1775524916772039)": 0.9725448796860111, "(0.1775524916772039, 0.3475280199964018)": 0.813872370452874, "(0.3475280199964018, 0.3608448444856287)": 0.4513188570171821, "(0.3608448444856287, 0.5210247915623252)": 0.3654345370008245, "(0.5210247915623252, 0.5312982106488415)": 0.28343656088534075, "(0.5312982106488415, 0.5497633089984394)": 0.11028022264820961, "(0.5497633089984394, 0.6088553616340593)": 0.08283714178601559, "(0.6088553616340593, 0.8534864685583069)": 0.07217379047137833, "(0.8534864685583069, 1.0)": 0.06875930621436839}, "pct": 0.4513188570171821, "best_return": 1.084508663599577}, "ew_rel_minmax": {"time_param": 16, "trend": "ew_rel_minmax", "q_params": {"(0, 0.05967693120689563)": 0.9972183847276715, "(0.05967693120689563, 0.1269769444414511)": 0.8093114584670085, "(0.1269769444414511, 0.1300485084078406)": 0.5205754746738103, "(0.1300485084078406, 0.25496001435444804)": 0.47399369102308364, "(0.25496001435444804, 0.275428442674149)": 0.3712298310677437, "(0.275428442674149, 0.285129658917755)": 0.1813376682980532, "(0.285129658917755, 0.2991294111106696)": 0.14718197182271622, "(0.2991294111106696, 0.40877222816507985)": 0.12406108187570344, "(0.40877222816507985, 0.5354817560370189)": 0.11720500966014719, "(0.5354817560370189, 1.0)": 0.012595234991754332}, "pct": 0.11720500966014719, "best_return": 1.0762698555329686}}