{"ma": {"time_param": 18, "trend": "ma", "q_params": {"(0, 0.0739018984634987)": 0.9789026049835093, "(0.0739018984634987, 0.17294365439018733)": 0.950173582319663, "(0.17294365439018733, 0.34143137622593567)": 0.8894264524106417, "(0.34143137622593567, 0.372547983419131)": 0.5082020153418849, "(0.372547983419131, 0.4519699607338592)": 0.39841857302720685, "(0.4519699607338592, 0.543622783850903)": 0.18710291998718515, "(0.543622783850903, 0.7458132100635648)": 0.1833388346738848, "(0.7458132100635648, 0.8864369865173841)": 0.10497883220266574, "(0.8864369865173841, 0.9694840220622881)": 0.013321570369506874, "(0.9694840220622881, 1)": 0.0036906703575253497}, "pct": 0.39841857302720685, "best_return": 0.9792082512132112}, "ew_ma": {"time_param": 28, "trend": "ew_ma", "q_params": {"(0, 0.038043330726601016)": 0.898926848926495, "(0.038043330726601016, 0.15912731034227223)": 0.8833486819666323, "(0.15912731034227223, 0.1958700525849768)": 0.8267909518499289, "(0.1958700525849768, 0.21746259430467793)": 0.7403055842149876, "(0.21746259430467793, 0.24001852168810106)": 0.4509635648289413, "(0.24001852168810106, 0.3567936379804769)": 0.4022657732726687, "(0.3567936379804769, 0.5290846243886995)": 0.33885270768915216, "(0.5290846243886995, 0.5796357452535932)": 0.31262012941070905, "(0.5796357452535932, 0.8629803683177877)": 0.29218867977343954, "(0.8629803683177877, 1.0)": 0.11056041954549123}, "pct": 0.29218867977343954, "best_return": 0.9971462985331607}, "rel_minmax": {"time_param": 25, "trend": "rel_minmax", "q_params": {"(0, 0.19806195068268584)": 0.7927873373191904, "(0.19806195068268584, 0.29440105801656535)": 0.6126767896510305, "(0.29440105801656535, 0.3772985730779307)": 0.5781725394776287, "(0.3772985730779307, 0.4653166966999555)": 0.4302958591111028, "(0.4653166966999555, 0.4689758175346359)": 0.3577615242810718, "(0.4689758175346359, 0.6822065947987044)": 0.19680115420365932, "(0.6822065947987044, 0.7115830025909169)": 0.18678444578520045, "(0.7115830025909169, 0.7340619602227065)": 0.16732060753778233, "(0.7340619602227065, 0.9640428492140611)": 0.1366133940610743, "(0.9640428492140611, 1.0)": 0.13109872485794927}, "pct": 0.4302958591111028, "best_return": 1.0118270301096541}, "ew_rel_minmax": {"time_param": 33, "trend": "ew_rel_minmax", "q_params": {"(0, 0.16732843042023088)": 0.8363988195571047, "(0.16732843042023088, 0.3957221281992)": 0.651486473064623, "(0.3957221281992, 0.4017729520132609)": 0.5427470948545501, "(0.4017729520132609, 0.4815487034823892)": 0.4704120684681967, "(0.4815487034823892, 0.650537991207269)": 0.3777396121655912, "(0.650537991207269, 0.655956863683218)": 0.25320065571718287, "(0.655956863683218, 0.7234657603434014)": 0.09014734236620359, "(0.7234657603434014, 0.7546107025862555)": 0.056989267591685766, "(0.7546107025862555, 0.8927343972731822)": 0.04229985418359798, "(0.8927343972731822, 1.0)": 0.02392752823226596}, "pct": 0.8363988195571047, "best_return": 1.0358927337397381}}