{"ma": {"time_param": 23, "trend": "ma", "q_params": {"(0, 0.2647802927825026)": 0.9883451571266155, "(0.2647802927825026, 0.2949432149123466)": 0.7772466077043236, "(0.2949432149123466, 0.3705772741311306)": 0.703378009501676, "(0.3705772741311306, 0.37250755253494017)": 0.6236382513134954, "(0.37250755253494017, 0.3831215977028818)": 0.4501044811227434, "(0.3831215977028818, 0.46435648624333026)": 0.27743493800005026, "(0.46435648624333026, 0.5462001443674207)": 0.2627861428286784, "(0.5462001443674207, 0.7576632305601647)": 0.22650070633234912, "(0.7576632305601647, 0.817371575518308)": 0.2157016424785991, "(0.817371575518308, 1.0)": 0.14023938136820416}, "pct": 0.703378009501676, "best_return": 0.9777160648475105}, "ew_ma": {"time_param": 26, "trend": "ew_ma", "q_params": {"(0, 0.015515031595677242)": 0.9458217931426656, "(0.015515031595677242, 0.08383798673943152)": 0.550915806904153, "(0.08383798673943152, 0.12646412877042623)": 0.47375715054527306, "(0.12646412877042623, 0.1919519687026625)": 0.41880991519637123, "(0.1919519687026625, 0.3244347392292316)": 0.24165744007713286, "(0.3244347392292316, 0.42517134700759757)": 0.22830598697019433, "(0.42517134700759757, 0.46634568280680155)": 0.21773153327006955, "(0.46634568280680155, 0.6629937110169845)": 0.18943808015653218, "(0.6629937110169845, 0.8322434001831676)": 0.048204093394897, "(0.8322434001831676, 1)": 0.007189879194913984}, "pct": 0.24165744007713286, "best_return": 0.9815633029573153}, "rel_minmax": {"time_param": 12, "trend": "rel_minmax", "q_params": {"(0, 0.05794289209547466)": 0.9846758179747683, "(0.05794289209547466, 0.18528405257619646)": 0.9805070204753454, "(0.18528405257619646, 0.3409320964720245)": 0.812523719544958, "(0.3409320964720245, 0.4111036650166373)": 0.3814494954237061, "(0.4111036650166373, 0.49209739967124766)": 0.3644146362748109, "(0.49209739967124766, 0.5406815818776894)": 0.30670300828611985, "(0.5406815818776894, 0.5793456539429873)": 0.0782047822219127, "(0.5793456539429873, 0.6088553616340593)": 0.07379496439824432, "(0.6088553616340593, 0.9296430358191187)": 0.06895356898790019, "(0.9296430358191187, 1.0)": 0.06875930621436839}, "pct": 0.3644146362748109, "best_return": 0.9605837831521453}, "ew_rel_minmax": {"time_param": 16, "trend": "ew_rel_minmax", "q_params": {"(0, 0.041654681382107275)": 0.8741553169973265, "(0.041654681382107275, 0.1269769444414511)": 0.7611224466384215, "(0.1269769444414511, 0.16528766996557556)": 0.5158590598914159, "(0.16528766996557556, 0.25496001435444804)": 0.47399369102308364, "(0.25496001435444804, 0.275428442674149)": 0.3712298310677437, "(0.275428442674149, 0.27741301981273014)": 0.1806382331133624, "(0.27741301981273014, 0.2991294111106696)": 0.16201283747449374, "(0.2991294111106696, 0.40877222816507985)": 0.11517576672771755, "(0.40877222816507985, 0.5440473668414261)": 0.015016252399785934, "(0.5440473668414261, 1.0)": 0.000153783468784547}, "pct": 0.47399369102308364, "best_return": 1.0278005914714257}}