{"ma": {"time_param": 38, "trend": "ma", "q_params": {"(0, 0.02594487967799264)": 0.8069477915529881, "(0.02594487967799264, 0.11697881628483486)": 0.7480822559373034, "(0.11697881628483486, 0.22116285584344508)": 0.6689400582834152, "(0.22116285584344508, 0.22652119741883403)": 0.5094687703132887, "(0.22652119741883403, 0.25046333230010454)": 0.5058245804410795, "(0.25046333230010454, 0.6161355167737124)": 0.3900708412356896, "(0.6161355167737124, 0.6774543298474769)": 0.23167085730887604, "(0.6774543298474769, 0.751313717025005)": 0.21092637674240122, "(0.751313717025005, 0.8110196048957341)": 0.15203830111208994, "(0.8110196048957341, 1)": 0.020097109271974174}, "pct": 0.6689400582834152, "best_return": 1.0620110687975528}, "ew_ma": {"time_param": 50, "trend": "ew_ma", "q_params": {"(0, 0.24039215205577147)": 0.8933894891974334, "(0.24039215205577147, 0.36201438957924204)": 0.8883979225871436, "(0.36201438957924204, 0.37397840157054807)": 0.7433169793142721, "(0.37397840157054807, 0.5312045505323704)": 0.507424803667691, "(0.5312045505323704, 0.6728582608417405)": 0.40298421498331993, "(0.6728582608417405, 0.7004628995041466)": 0.3291762428910847, "(0.7004628995041466, 0.7557624440942475)": 0.2025992660076787, "(0.7557624440942475, 0.8329846174323684)": 0.16700335145722844, "(0.8329846174323684, 0.9472187241380481)": 0.04503264531353324, "(0.9472187241380481, 1)": 0.020339219240884554}, "pct": 0.507424803667691, "best_return": 1.0683510230120894}, "rel_minmax": {"time_param": 47, "trend": "rel_minmax", "q_params": {"(0.0, 0.00038295852494618643)": 0.9150448628425265, "(0.00038295852494618643, 0.1329123696728437)": 0.8008142249260203, "(0.1329123696728437, 0.2607408368339331)": 0.8000333843604648, "(0.2607408368339331, 0.283646640856251)": 0.6332568402905661, "(0.283646640856251, 0.4584461918199345)": 0.28242819080258275, "(0.4584461918199345, 0.47021694483397275)": 0.21502475779225472, "(0.47021694483397275, 0.5039540239099999)": 0.1780568135387285, "(0.5039540239099999, 0.7268791905505143)": 0.09600233422507232, "(0.7268791905505143, 0.7336477356736513)": 0.06965182193855712, "(0.7336477356736513, 1.0)": 0.06360578119092197}, "pct": 0.06360578119092197, "best_return": 1.1404448096496478}, "ew_rel_minmax": {"time_param": 36, "trend": "ew_rel_minmax", "q_params": {"(0, 0.03281269769957004)": 0.8797552344492816, "(0.03281269769957004, 0.19546408740383403)": 0.782880998940028, "(0.19546408740383403, 0.5783411132298872)": 0.7814570322166868, "(0.5783411132298872, 0.6221582421179638)": 0.6391300900460355, "(0.6221582421179638, 0.6748645062718346)": 0.6336858454229093, "(0.6748645062718346, 0.7442683409390669)": 0.5772231623419313, "(0.7442683409390669, 0.7508126454507598)": 0.5419688685659484, "(0.7508126454507598, 0.7582808437865735)": 0.4412758004691011, "(0.7582808437865735, 0.7810357723905642)": 0.051232252414417645, "(0.7810357723905642, 1.0)": 0.00629139479551101}, "pct": 0.5772231623419313, "best_return": 1.1018043006628986}}