{"ma": {"time_param": 18, "trend": "ma", "q_params": {"(0, 0.07339681995089599)": 0.9661134408385604, "(0.07339681995089599, 0.17294365439018733)": 0.950173582319663, "(0.17294365439018733, 0.34143137622593567)": 0.8894264524106417, "(0.34143137622593567, 0.372547983419131)": 0.5082020153418849, "(0.372547983419131, 0.4519699607338592)": 0.39841857302720685, "(0.4519699607338592, 0.543622783850903)": 0.18710291998718515, "(0.543622783850903, 0.7487026365014469)": 0.1833388346738848, "(0.7487026365014469, 0.8864369865173841)": 0.10497883220266574, "(0.8864369865173841, 0.9694840220622881)": 0.007943892906803059, "(0.9694840220622881, 1.0)": 0.0036906703575253497}, "pct": 0.18710291998718515, "best_return": 1.0166400797756558}, "ew_ma": {"time_param": 28, "trend": "ew_ma", "q_params": {"(0, 0.038043330726601016)": 0.898926848926495, "(0.038043330726601016, 0.16216900361531794)": 0.8939363372475974, "(0.16216900361531794, 0.1958700525849768)": 0.8267909518499289, "(0.1958700525849768, 0.22295475051419977)": 0.7403055842149876, "(0.22295475051419977, 0.23146598314844713)": 0.4509635648289413, "(0.23146598314844713, 0.3567936379804769)": 0.4012388199426948, "(0.3567936379804769, 0.5290846243886995)": 0.3494432507881236, "(0.5290846243886995, 0.5796357452535932)": 0.31262012941070905, "(0.5796357452535932, 0.8629803683177877)": 0.29218867977343954, "(0.8629803683177877, 1.0)": 0.11056041954549123}, "pct": 0.29218867977343954, "best_return": 1.0047137176487722}, "rel_minmax": {"time_param": 25, "trend": "rel_minmax", "q_params": {"(0, 0.20592273595449573)": 0.7927873373191904, "(0.20592273595449573, 0.29440105801656535)": 0.6126767896510305, "(0.29440105801656535, 0.3772985730779307)": 0.5790337687379907, "(0.3772985730779307, 0.4653166966999555)": 0.4302958591111028, "(0.4653166966999555, 0.4689758175346359)": 0.3577615242810718, "(0.4689758175346359, 0.6822065947987044)": 0.18838544980690905, "(0.6822065947987044, 0.7095728493529284)": 0.18678444578520045, "(0.7095728493529284, 0.7340619602227065)": 0.16732060753778233, "(0.7340619602227065, 0.9640428492140611)": 0.1349267339225164, "(0.9640428492140611, 1.0)": 0.13109872485794927}, "pct": 0.4302958591111028, "best_return": 0.9965982541844904}, "ew_rel_minmax": {"time_param": 31, "trend": "ew_rel_minmax", "q_params": {"(0, 0.1088450074521573)": 0.9475230886060835, "(0.1088450074521573, 0.31103564865748945)": 0.8131237480563498, "(0.31103564865748945, 0.43760102244460986)": 0.7925504861886132, "(0.43760102244460986, 0.46574971095026396)": 0.7516120957626876, "(0.46574971095026396, 0.5412991420468832)": 0.74095082335521, "(0.5412991420468832, 0.5469833023848157)": 0.46111285840160543, "(0.5469833023848157, 0.5887596790695891)": 0.39574092260284216, "(0.5887596790695891, 0.6827434019434059)": 0.34528800142697835, "(0.6827434019434059, 0.9478004162403405)": 0.08245595754550983, "(0.9478004162403405, 1)": 0.044589766837177525}, "pct": 0.7516120957626876, "best_return": 1.015295611734227}}