{"ma": {"time_param": 12, "trend": "ma", "q_params": {"(0, 0.04507976343298992)": 0.8161404670846256, "(0.04507976343298992, 0.2792490843690588)": 0.7708737484875865, "(0.2792490843690588, 0.352855459470379)": 0.7655074366261232, "(0.352855459470379, 0.46299950925132405)": 0.7019273892076952, "(0.46299950925132405, 0.6172684153196526)": 0.698634413546313, "(0.6172684153196526, 0.6721189229249005)": 0.47558663612289115, "(0.6721189229249005, 0.7044187250691626)": 0.32827479950331195, "(0.7044187250691626, 0.7476952055038301)": 0.3073828418535415, "(0.7476952055038301, 0.7499116768287654)": 0.26919051619666934, "(0.7499116768287654, 1)": 0.1918703999306044}, "pct": 0.1918703999306044, "best_return": 0.8624951757238271}, "ew_ma": {"time_param": 17, "trend": "ew_ma", "q_params": {"(0, 0.37540969491763865)": 0.8174058237931662, "(0.37540969491763865, 0.40990600054600396)": 0.8020253104745751, "(0.40990600054600396, 0.43529996949537364)": 0.6476611553681442, "(0.43529996949537364, 0.49640923155815686)": 0.4053576009233093, "(0.49640923155815686, 0.6020390793970535)": 0.3085335154081389, "(0.6020390793970535, 0.741245346775936)": 0.2695713365622217, "(0.741245346775936, 0.7907740765843134)": 0.20308646365274602, "(0.7907740765843134, 0.8169699377598048)": 0.16103580699324838, "(0.8169699377598048, 0.8867794985868468)": 0.12285201924079026, "(0.8867794985868468, 1)": 0.06379052674813698}, "pct": 0.2695713365622217, "best_return": 0.9426708283407494}, "rel_minmax": {"time_param": 20, "trend": "rel_minmax", "q_params": {"(0, 0.15437980791893446)": 0.9802834822714184, "(0.15437980791893446, 0.3145531771432264)": 0.7642890004990397, "(0.3145531771432264, 0.4575376614362552)": 0.75573545283008, "(0.4575376614362552, 0.5145348369965038)": 0.7289826758261891, "(0.5145348369965038, 0.699966852190973)": 0.7018164729732503, "(0.699966852190973, 0.738722393986543)": 0.6071800354203721, "(0.738722393986543, 0.7823489992227733)": 0.5910646096352677, "(0.7823489992227733, 0.9456814106386936)": 0.23116696122913205, "(0.9456814106386936, 0.9823087063142021)": 0.12423219820952897, "(0.9823087063142021, 1)": 0.057489508081787925}, "pct": 0.9802834822714184, "best_return": 0.9155475598831504}, "ew_rel_minmax": {"time_param": 21, "trend": "ew_rel_minmax", "q_params": {"(0, 0.08635984493976068)": 0.8478370045267157, "(0.08635984493976068, 0.14897513713121902)": 0.801822258536658, "(0.14897513713121902, 0.1554817550553944)": 0.6488385873859203, "(0.1554817550553944, 0.17462311034191524)": 0.5580576572256778, "(0.17462311034191524, 0.5292222065263021)": 0.4810551348905281, "(0.5292222065263021, 0.5659066403925115)": 0.4726146933822569, "(0.5659066403925115, 0.8375087481685409)": 0.4639320799753881, "(0.8375087481685409, 0.8967845704655227)": 0.4609045912756947, "(0.8967845704655227, 0.9012505779995622)": 0.319732538528148, "(0.9012505779995622, 1)": 0.12459372155994901}, "pct": 0.8478370045267157, "best_return": 0.9241655264666181}}