{"ma": {"time_param": 23, "trend": "ma", "q_params": {"(0, 0.2494159185186852)": 0.9883451571266155, "(0.2494159185186852, 0.28518956311474025)": 0.7772466077043236, "(0.28518956311474025, 0.3705772741311306)": 0.703378009501676, "(0.3705772741311306, 0.37250755253494017)": 0.5990591221866433, "(0.37250755253494017, 0.3831215977028818)": 0.4501044811227434, "(0.3831215977028818, 0.46435648624333026)": 0.2870065652578266, "(0.46435648624333026, 0.592458171448633)": 0.27155211470804325, "(0.592458171448633, 0.7394626006002866)": 0.24907772205985085, "(0.7394626006002866, 0.817371575518308)": 0.2328981786906516, "(0.817371575518308, 1.0)": 0.14023938136820416}, "pct": 0.27155211470804325, "best_return": 1.0236611352495912}, "ew_ma": {"time_param": 16, "trend": "ew_ma", "q_params": {"(0, 0.01782295283880015)": 0.9991525969268049, "(0.01782295283880015, 0.055933557227107265)": 0.7608762661352776, "(0.055933557227107265, 0.06963259815783783)": 0.6878868474238419, "(0.06963259815783783, 0.20427048867326558)": 0.48028525762084867, "(0.20427048867326558, 0.24451826109438868)": 0.4799287203807582, "(0.24451826109438868, 0.42622324385813404)": 0.39169337867291654, "(0.42622324385813404, 0.49246320667488247)": 0.39074994276413016, "(0.49246320667488247, 0.5489422836684694)": 0.37860064909413993, "(0.5489422836684694, 0.566128712550494)": 0.2828282738767933, "(0.566128712550494, 1.0)": 0.10966871982359622}, "pct": 0.37860064909413993, "best_return": 0.9812878794042955}, "rel_minmax": {"time_param": 12, "trend": "rel_minmax", "q_params": {"(0, 0.05794289209547466)": 0.9846758179747683, "(0.05794289209547466, 0.18528405257619646)": 0.9805070204753454, "(0.18528405257619646, 0.3475280199964018)": 0.8109322403711781, "(0.3475280199964018, 0.4111036650166373)": 0.3814494954237061, "(0.4111036650166373, 0.5020033904407639)": 0.35168767622565483, "(0.5020033904407639, 0.5406815818776894)": 0.27933317754555154, "(0.5406815818776894, 0.5793456539429873)": 0.08593684596809754, "(0.5793456539429873, 0.6088553616340593)": 0.07379496439824432, "(0.6088553616340593, 0.9226044238280943)": 0.06895356898790019, "(0.9226044238280943, 1.0)": 0.06875930621436839}, "pct": 0.8109322403711781, "best_return": 0.974945343944883}, "ew_rel_minmax": {"time_param": 16, "trend": "ew_rel_minmax", "q_params": {"(0, 0.041654681382107275)": 0.8741553169973265, "(0.041654681382107275, 0.1269769444414511)": 0.7512161805513831, "(0.1269769444414511, 0.16528766996557556)": 0.5205754746738103, "(0.16528766996557556, 0.25496001435444804)": 0.47399369102308364, "(0.25496001435444804, 0.275428442674149)": 0.3712298310677437, "(0.275428442674149, 0.285129658917755)": 0.1806382331133624, "(0.285129658917755, 0.2991294111106696)": 0.16201283747449374, "(0.2991294111106696, 0.40877222816507985)": 0.12406108187570344, "(0.40877222816507985, 0.5354817560370189)": 0.015016252399785934, "(0.5354817560370189, 1.0)": 0.0048244169750731565}, "pct": 0.12406108187570344, "best_return": 1.01127001722726}}