{"ma": {"time_param": 28, "trend": "ma", "q_params": {"(0, 0.047697589359559464)": 0.9485601138245409, "(0.047697589359559464, 0.20056109090704344)": 0.9194947952446625, "(0.20056109090704344, 0.2410082583505864)": 0.8805384558157424, "(0.2410082583505864, 0.43613885593646595)": 0.8007245051575747, "(0.43613885593646595, 0.4543965593212737)": 0.6415055403714844, "(0.4543965593212737, 0.5113897510787768)": 0.35989543003744834, "(0.5113897510787768, 0.5208840291861667)": 0.32003263637176266, "(0.5208840291861667, 0.535968132850556)": 0.30626095504236395, "(0.535968132850556, 0.9027872157280575)": 0.2087834444892016, "(0.9027872157280575, 1)": 0.11371327594178704}, "pct": 0.2087834444892016, "best_return": 0.9460881983856141}, "ew_ma": {"time_param": 22, "trend": "ew_ma", "q_params": {"(0, 0.0940940015876568)": 0.9888554145530044, "(0.0940940015876568, 0.10600591487897025)": 0.8167751483541663, "(0.10600591487897025, 0.2917176783892571)": 0.47709062248679224, "(0.2917176783892571, 0.3309075992153474)": 0.45879137247525403, "(0.3309075992153474, 0.43907005708302216)": 0.4423647659665835, "(0.43907005708302216, 0.556448268569269)": 0.28526553322065523, "(0.556448268569269, 0.7358821193806466)": 0.22963837129939535, "(0.7358821193806466, 0.7479940486403239)": 0.15012826956567615, "(0.7479940486403239, 0.970806277127447)": 0.08634192398134322, "(0.970806277127447, 1)": 0.016462406819625408}, "pct": 0.22963837129939535, "best_return": 0.923112807467638}, "rel_minmax": {"time_param": 20, "trend": "rel_minmax", "q_params": {"(0, 0.010226286858224465)": 0.8599276070959613, "(0.010226286858224465, 0.07851491691551955)": 0.8589782093617129, "(0.07851491691551955, 0.10028137410330147)": 0.8368336924762386, "(0.10028137410330147, 0.16992744844449964)": 0.7874999875604892, "(0.16992744844449964, 0.22314209390647174)": 0.7331741835759237, "(0.22314209390647174, 0.22898721380439863)": 0.6706252356864818, "(0.22898721380439863, 0.718875406553081)": 0.46686347905519526, "(0.718875406553081, 0.9133111086051197)": 0.4096504473304098, "(0.9133111086051197, 0.9136620924407571)": 0.18633747305089668, "(0.9136620924407571, 1)": 0.12635860359941614}, "pct": 0.8589782093617129, "best_return": 0.9188275357065254}, "ew_rel_minmax": {"time_param": 25, "trend": "ew_rel_minmax", "q_params": {"(0, 0.018917100568034077)": 0.8958339849552992, "(0.018917100568034077, 0.12108279842858494)": 0.8332107791838996, "(0.12108279842858494, 0.1372329121328762)": 0.7959446730700619, "(0.1372329121328762, 0.33363418319983457)": 0.7196759761818172, "(0.33363418319983457, 0.3467229552430935)": 0.6863907140541532, "(0.3467229552430935, 0.4555415189647586)": 0.6303670211330811, "(0.4555415189647586, 0.6018548568619744)": 0.39299326700627346, "(0.6018548568619744, 0.9031215805043936)": 0.2865031727708317, "(0.9031215805043936, 0.9324907495480143)": 0.258904011689409, "(0.9324907495480143, 1)": 0.09907567239862647}, "pct": 0.8958339849552992, "best_return": 1.0231003960581906}}