{"ma": {"time_param": 11, "trend": "ma", "q_params": {"(0, 0.055286111303772284)": 0.9909543748645209, "(0.055286111303772284, 0.22617518122305436)": 0.9625160398970058, "(0.22617518122305436, 0.3508485263677933)": 0.9356733730788398, "(0.3508485263677933, 0.38657803176726463)": 0.8641784564508598, "(0.38657803176726463, 0.4604342885289363)": 0.7067658720248902, "(0.4604342885289363, 0.5340358187711116)": 0.5772279392102795, "(0.5340358187711116, 0.6118712557653324)": 0.39274553366973375, "(0.6118712557653324, 0.7203095148234466)": 0.378073138355443, "(0.7203095148234466, 0.7975729131177909)": 0.1807734669833307, "(0.7975729131177909, 1)": 0.149544413716998}, "pct": 0.378073138355443, "best_return": 0.8691886049277202}, "ew_ma": {"time_param": 15, "trend": "ew_ma", "q_params": {"(0, 0.0939251225661614)": 0.9014736264147291, "(0.0939251225661614, 0.123322453352964)": 0.8795700330091948, "(0.123322453352964, 0.2713144280170806)": 0.8483885504076132, "(0.2713144280170806, 0.345211874764939)": 0.6787437184775091, "(0.345211874764939, 0.43429358494935727)": 0.6497541098688938, "(0.43429358494935727, 0.5936377257611769)": 0.6274742547874036, "(0.5936377257611769, 0.6731183652776229)": 0.4293927897866524, "(0.6731183652776229, 0.6813749403917703)": 0.3957054217805626, "(0.6813749403917703, 0.8232836909679354)": 0.3136230337458039, "(0.8232836909679354, 1)": 0.14366134378926262}, "pct": 0.3136230337458039, "best_return": 0.9504102603842213}, "rel_minmax": {"time_param": 11, "trend": "rel_minmax", "q_params": {"(0, 0.3227094660513487)": 0.9816129074708032, "(0.3227094660513487, 0.3469379156610124)": 0.8005304009070029, "(0.3469379156610124, 0.4183179043680423)": 0.5637644221483069, "(0.4183179043680423, 0.5022414872991943)": 0.39827273385653583, "(0.5022414872991943, 0.5456955332307554)": 0.33373101801423, "(0.5456955332307554, 0.6654443992546172)": 0.2887572212743439, "(0.6654443992546172, 0.7357524513136627)": 0.24718346272247857, "(0.7357524513136627, 0.7390251842453166)": 0.15216404410837847, "(0.7390251842453166, 0.7740695581412379)": 0.09754471444899893, "(0.7740695581412379, 1)": 0.08036913989383082}, "pct": 0.9816129074708032, "best_return": 0.9563534328446239}, "ew_rel_minmax": {"time_param": 26, "trend": "ew_rel_minmax", "q_params": {"(0, 0.0070610052979070735)": 0.9326750016227563, "(0.0070610052979070735, 0.015449507620774683)": 0.8243680836406987, "(0.015449507620774683, 0.15725903386383233)": 0.8054725382535285, "(0.15725903386383233, 0.26019769122394387)": 0.7576981368178548, "(0.26019769122394387, 0.35052204317034996)": 0.747240679156213, "(0.35052204317034996, 0.37432652416146617)": 0.732827750675523, "(0.37432652416146617, 0.41402693280487046)": 0.36174476207871287, "(0.41402693280487046, 0.5557355627313388)": 0.3448710814734791, "(0.5557355627313388, 0.8701099645106304)": 0.2434751641372943, "(0.8701099645106304, 1)": 0.04626415211518775}, "pct": 0.7576981368178548, "best_return": 0.9936294002684276}}