{"ma": {"time_param": 10, "trend": "ma", "q_params": {"(0, 0.1499695659802187)": 0.9761542001349942, "(0.1499695659802187, 0.18940688831249475)": 0.8855722610926721, "(0.18940688831249475, 0.19007990883255266)": 0.88475217736889, "(0.19007990883255266, 0.2672325935199016)": 0.8332188205713021, "(0.2672325935199016, 0.3794272101132591)": 0.669202231434177, "(0.3794272101132591, 0.4261002059784532)": 0.564511343722748, "(0.4261002059784532, 0.5965174927300211)": 0.3198178905837167, "(0.5965174927300211, 0.8464988060340639)": 0.28360149474695934, "(0.8464988060340639, 0.902469697129156)": 0.23400395399067764, "(0.902469697129156, 1)": 0.09013733722449803}, "pct": 0.669202231434177, "best_return": 0.8786388810446721}, "ew_ma": {"time_param": 24, "trend": "ew_ma", "q_params": {"(0, 0.12914675402306008)": 0.943864917168225, "(0.12914675402306008, 0.13997597825756616)": 0.9277335786604143, "(0.13997597825756616, 0.2223108235167619)": 0.7809876821908052, "(0.2223108235167619, 0.24990412016262947)": 0.7760363023085434, "(0.24990412016262947, 0.3859678250927753)": 0.6999746126572461, "(0.3859678250927753, 0.6998703528685986)": 0.5122171683873707, "(0.6998703528685986, 0.7549472472785443)": 0.33745058199963907, "(0.7549472472785443, 0.8476809292373793)": 0.16693637573294062, "(0.8476809292373793, 0.8772259242164335)": 0.09293102239844542, "(0.8772259242164335, 1)": 0.04397157432871812}, "pct": 0.5122171683873707, "best_return": 0.8888619296882401}, "rel_minmax": {"time_param": 18, "trend": "rel_minmax", "q_params": {"(0, 0.16002397411476776)": 0.830913779104547, "(0.16002397411476776, 0.2548267685581415)": 0.5577250548799652, "(0.2548267685581415, 0.293177682586128)": 0.4494679992533215, "(0.293177682586128, 0.3062590651485425)": 0.3298748806937537, "(0.3062590651485425, 0.3195045327809294)": 0.31106028530401275, "(0.3195045327809294, 0.45628279717910797)": 0.2866109328914268, "(0.45628279717910797, 0.5412310375631552)": 0.2171537145624911, "(0.5412310375631552, 0.578757769628817)": 0.048601999180207356, "(0.578757769628817, 0.8160285155415333)": 0.01884119901649365, "(0.8160285155415333, 1)": 0.015891986220307963}, "pct": 0.01884119901649365, "best_return": 0.9668393821119581}, "ew_rel_minmax": {"time_param": 28, "trend": "ew_rel_minmax", "q_params": {"(0, 0.03754121112210291)": 0.8877568788287624, "(0.03754121112210291, 0.12772300961660998)": 0.8654611464779266, "(0.12772300961660998, 0.32874729351405835)": 0.8248892478937111, "(0.32874729351405835, 0.37293232062027903)": 0.7735239712659704, "(0.37293232062027903, 0.44577425238203616)": 0.7727102650879369, "(0.44577425238203616, 0.5460109388837797)": 0.7478727323996262, "(0.5460109388837797, 0.6162370522270731)": 0.4028073177305187, "(0.6162370522270731, 0.6847763516617101)": 0.30584820827790316, "(0.6847763516617101, 0.8487544212731792)": 0.2613180675232599, "(0.8487544212731792, 1)": 0.1901671066123325}, "pct": 0.8248892478937111, "best_return": 0.950348999778744}}