{"ma": {"trend": "ma", "time_param": 174, "q_params": {"(0, 0.10006551779441057)": 0.9999139361054937, "(0.10006551779441057, 0.11630834619036971)": 0.9988570343528517, "(0.11630834619036971, 0.20548636856287966)": 0.9977669398454818, "(0.20548636856287966, 0.6084530880954432)": 0.9975071427764464, "(0.6084530880954432, 0.7378827220849014)": 0.9974595151718446, "(0.7378827220849014, 0.7560927222309418)": 0.996849261760516, "(0.7560927222309418, 0.7955496572998916)": 0.9470811427177198, "(0.7955496572998916, 0.8619193145565671)": 0.9427261143781451, "(0.8619193145565671, 0.9674500424480414)": 0.8270977647869363, "(0.9674500424480414, 1.0)": 0.28847679697733397}, "pct": 0.9974595151718446, "best_return": 5.64483860207562}, "ew_ma": {"trend": "ew_ma", "time_param": 174, "q_params": {"(0.0, 0.27340022763592203)": 0.9999880949914128, "(0.27340022763592203, 0.2875288329422517)": 0.9987981172746763, "(0.2875288329422517, 0.36567134172719035)": 0.9980711582514735, "(0.36567134172719035, 0.4014611577898467)": 0.9979885322787998, "(0.4014611577898467, 0.5071299745766864)": 0.9957365581119016, "(0.5071299745766864, 0.6150527222409437)": 0.9941505253532775, "(0.6150527222409437, 0.7021893480718131)": 0.9928461345289584, "(0.7021893480718131, 0.771409175521424)": 0.9920276856751393, "(0.771409175521424, 0.9907172566382162)": 0.9919253006552184, "(0.9907172566382162, 1.0)": 0.6984743950995467}, "pct": 0.9920276856751393, "best_return": 5.499177001719582}, "rel_minmax": {"time_param": 368, "trend": "rel_minmax", "q_params": {"(0.0, 0.2284221446587995)": 0.9996797863357492, "(0.2284221446587995, 0.2519411616725957)": 0.9530040214379956, "(0.2519411616725957, 0.39604022583944753)": 0.9271847519252379, "(0.39604022583944753, 0.47082074336105983)": 0.8378420221709633, "(0.47082074336105983, 0.5756970639691039)": 0.6292049969499788, "(0.5756970639691039, 0.6490830267581387)": 0.6038796567089321, "(0.6490830267581387, 0.7308453294360615)": 0.5704300875065969, "(0.7308453294360615, 0.9251413638670487)": 0.4327208954802443, "(0.9251413638670487, 0.993181419611341)": 0.2697928522315286, "(0.993181419611341, 1.0)": 0.11196421034225257}, "pct": 1, "best_return": 5.343112132810253}, "ew_rel_minmax": {"time_param": 179, "trend": "ew_rel_minmax", "q_params": {"(0, 0.3692934710875512)": 0.9763123777300292, "(0.3692934710875512, 0.6374808960288546)": 0.8466151526727261, "(0.6374808960288546, 0.735303508157554)": 0.7779903327979278, "(0.735303508157554, 0.7889377065214326)": 0.7457615517151849, "(0.7889377065214326, 0.8294870295302721)": 0.6252462888301844, "(0.8294870295302721, 0.8660314937911543)": 0.5608713305107559, "(0.8660314937911543, 0.926874031397841)": 0.32665710371821777, "(0.926874031397841, 0.9832508926926988)": 0.16234773140175054, "(0.9832508926926988, 0.9954204523701946)": 0.14470871089670068, "(0.9954204523701946, 1.0)": 0.11639485675173547}, "pct": 0.32665710371821777, "best_return": 6.198588118174461}}