{"ma": {"trend": "ma", "time_param": 174, "q_params": {"(0, 0.03661974494609099)": 1.0, "(0.03661974494609099, 0.10887652552286166)": 0.9998655350269622, "(0.10887652552286166, 0.16036798007388017)": 0.9978429340607643, "(0.16036798007388017, 0.20741177756509732)": 0.997766268276126, "(0.20741177756509732, 0.6991400481663532)": 0.9977660616093841, "(0.6991400481663532, 0.7126158001086573)": 0.9977627555142574, "(0.7126158001086573, 0.7458435120576141)": 0.997746586601566, "(0.7458435120576141, 0.7581079516559578)": 0.9953509001856623, "(0.7581079516559578, 0.9651914240139547)": 0.9934348488270374, "(0.9651914240139547, 1.0)": 0.35300158980998786}, "pct": 0.997746586601566, "best_return": 6.821384080735546}, "ew_ma": {"trend": "ew_ma", "time_param": 174, "q_params": {"(0, 0.24306149684174533)": 1.0, "(0.24306149684174533, 0.2824374527758931)": 0.999206452208727, "(0.2824374527758931, 0.333315642751306)": 0.9989955811235955, "(0.333315642751306, 0.37295805064758886)": 0.9963530014814215, "(0.37295805064758886, 0.5231604448865161)": 0.9963040607150714, "(0.5231604448865161, 0.5778111111025337)": 0.9962392375145642, "(0.5778111111025337, 0.6196931772102562)": 0.9924526042593538, "(0.6196931772102562, 0.758291373523158)": 0.9923547772597759, "(0.758291373523158, 0.9848297229283233)": 0.9923532937382611, "(0.9848297229283233, 1.0)": 0.7396712316868082}, "pct": 0.9923547772597759, "best_return": 6.246303441674458}, "rel_minmax": {"trend": "rel_minmax", "time_param": 174, "q_params": {"(0, 0.28562201034769297)": 1.0, "(0.28562201034769297, 0.3381134144059614)": 0.9999651705036178, "(0.3381134144059614, 0.5050216724600871)": 0.99910723863695, "(0.5050216724600871, 0.5344003130406291)": 0.997002999, "(0.5344003130406291, 0.5358640330141717)": 0.9968328295434552, "(0.5358640330141717, 0.566625669552116)": 0.9944739817449894, "(0.566625669552116, 0.664556668167694)": 0.9944738114834204, "(0.664556668167694, 0.853884811919391)": 0.9938258387970803, "(0.853884811919391, 0.9088479445823093)": 0.9131269846912348, "(0.9088479445823093, 1.0)": 0.02273996785103201}, "pct": 0.9938258387970803, "best_return": 8.561156290812194}, "ew_rel_minmax": {"trend": "ew_rel_minmax", "time_param": 174, "q_params": {"(0, 0.3739755633999947)": 1.0, "(0.3739755633999947, 0.5063806652237579)": 0.9999988750514935, "(0.5063806652237579, 0.5139152847865698)": 0.9998835075451962, "(0.5139152847865698, 0.5170370874776048)": 0.9972614822672111, "(0.5170370874776048, 0.6127678372870845)": 0.9963084113392631, "(0.6127678372870845, 0.6943405434220663)": 0.9962874076570885, "(0.6943405434220663, 0.8192509281585068)": 0.996195710418666, "(0.8192509281585068, 0.8317061600646645)": 0.9946228375037478, "(0.8317061600646645, 0.910573188489836)": 0.9600051399032284, "(0.910573188489836, 1.0)": 0.6119373225673779}, "pct": 0.9963084113392631, "best_return": 7.178651129041839}}