{"ma": {"trend": "ma", "time_param": 174, "q_params": {"(0, 0.0925168311493827)": 0.9999139361054937, "(0.0925168311493827, 0.13321518384293765)": 0.9996181569696093, "(0.13321518384293765, 0.2000109186755044)": 0.998044634858985, "(0.2000109186755044, 0.5847370128164154)": 0.9975847808389109, "(0.5847370128164154, 0.7501388096608003)": 0.9974595151718446, "(0.7501388096608003, 0.7560927222309418)": 0.996969911157644, "(0.7560927222309418, 0.8057669139510556)": 0.9901573870326152, "(0.8057669139510556, 0.869971995337051)": 0.945395590123485, "(0.869971995337051, 0.9705791476532367)": 0.8270977647869363, "(0.9705791476532367, 1.0)": 0.28847679697733397}, "pct": 0.9975847808389109, "best_return": 5.363038164416758}, "ew_ma": {"trend": "ew_ma", "time_param": 174, "q_params": {"(0.0, 0.27290719464169766)": 0.9999880949914128, "(0.27290719464169766, 0.2875288329422517)": 0.9987981172746763, "(0.2875288329422517, 0.3737952851401155)": 0.9987771744044716, "(0.3737952851401155, 0.38930837509171895)": 0.9979885322787998, "(0.38930837509171895, 0.5071299745766864)": 0.9978466595423697, "(0.5071299745766864, 0.6019310397136624)": 0.9941505253532775, "(0.6019310397136624, 0.6894946792274238)": 0.9933305457060951, "(0.6894946792274238, 0.76333939824792)": 0.993122195565663, "(0.76333939824792, 0.9779236849829415)": 0.9919253006552184, "(0.9779236849829415, 1.0)": 0.7186499000979379}, "pct": 1, "best_return": 5.3610786444718865}, "rel_minmax": {"trend": "rel_minmax", "time_param": 174, "q_params": {"(0, 0.2608439034767454)": 0.9996931978719166, "(0.2608439034767454, 0.4400163393718142)": 0.9985622229629946, "(0.4400163393718142, 0.49694173582027273)": 0.9979156895384815, "(0.49694173582027273, 0.5032763579053743)": 0.9975387558006563, "(0.5032763579053743, 0.5499203602713896)": 0.9964533676161476, "(0.5499203602713896, 0.6176210625505422)": 0.9940688330927583, "(0.6176210625505422, 0.6326071983651819)": 0.9908141965401115, "(0.6326071983651819, 0.8878025760514977)": 0.9648487743493412, "(0.8878025760514977, 0.9201715297800023)": 0.8762675241555014, "(0.9201715297800023, 1.0)": 0.6122967138717749}, "pct": 0.9648487743493412, "best_return": 5.80294049150514}, "ew_rel_minmax": {"time_param": 179, "trend": "ew_rel_minmax", "q_params": {"(0, 0.3643904749574646)": 0.970035399989162, "(0.3643904749574646, 0.6200350253093023)": 0.8263738371789495, "(0.6200350253093023, 0.7469606874462781)": 0.7779903327979278, "(0.7469606874462781, 0.7889377065214326)": 0.7457615517151849, "(0.7889377065214326, 0.8067679951359444)": 0.624629738514208, "(0.8067679951359444, 0.8660314937911543)": 0.5694716197773274, "(0.8660314937911543, 0.917536641477028)": 0.30059740592310047, "(0.917536641477028, 0.9698897095308401)": 0.16234773140175054, "(0.9698897095308401, 0.9954204523701946)": 0.14270732121621282, "(0.9954204523701946, 1.0)": 0.12038701577790395}, "pct": 0.16234773140175054, "best_return": 6.1576575675879415}}