{"ma": {"trend": "ma", "time_param": 174, "q_params": {"(0, 0.08097475298367122)": 0.9999139361054937, "(0.08097475298367122, 0.13321518384293765)": 0.9998425678707078, "(0.13321518384293765, 0.2000109186755044)": 0.9982945511927857, "(0.2000109186755044, 0.20741177756509732)": 0.9978879908399302, "(0.20741177756509732, 0.7501388096608003)": 0.9975349566149151, "(0.7501388096608003, 0.7560927222309418)": 0.996969911157644, "(0.7560927222309418, 0.8026857923638637)": 0.9797262112114057, "(0.8026857923638637, 0.8918608063157296)": 0.9387984276013066, "(0.8918608063157296, 0.9705791476532367)": 0.8271030504066368, "(0.9705791476532367, 1.0)": 0.30917759376252657}, "pct": 0.9975349566149151, "best_return": 5.901685144001224}, "ew_ma": {"trend": "ew_ma", "time_param": 174, "q_params": {"(0, 0.27290719464169766)": 0.9999880949914128, "(0.27290719464169766, 0.2875288329422517)": 0.9987981172746763, "(0.2875288329422517, 0.3737952851401155)": 0.9987771744044716, "(0.3737952851401155, 0.38930837509171895)": 0.9979885322787998, "(0.38930837509171895, 0.5071299745766864)": 0.9978466595423697, "(0.5071299745766864, 0.6019310397136624)": 0.9941505253532775, "(0.6019310397136624, 0.6894946792274238)": 0.9933305457060951, "(0.6894946792274238, 0.76333939824792)": 0.993122195565663, "(0.76333939824792, 0.9779236849829415)": 0.9919253006552184, "(0.9779236849829415, 1.0)": 0.7186499000979379}, "pct": 0.993122195565663, "best_return": 5.728230313383597}, "rel_minmax": {"trend": "rel_minmax", "time_param": 174, "q_params": {"(0, 0.26231739792500364)": 0.9996931978719166, "(0.26231739792500364, 0.42860767795106475)": 0.9985622229629946, "(0.42860767795106475, 0.4960937074083857)": 0.9979156895384815, "(0.4960937074083857, 0.5032763579053743)": 0.9975387558006563, "(0.5032763579053743, 0.565569458887268)": 0.9968489356564179, "(0.565569458887268, 0.6134786032952294)": 0.9954991286208276, "(0.6134786032952294, 0.6355256552044972)": 0.9908141965401115, "(0.6355256552044972, 0.8784491533024965)": 0.9648487743493412, "(0.8784491533024965, 0.9338203409399843)": 0.8762675241555014, "(0.9338203409399843, 1.0)": 0.6122967138717749}, "pct": 0.9648487743493412, "best_return": 6.399732638895193}, "ew_rel_minmax": {"time_param": 179, "trend": "ew_rel_minmax", "q_params": {"(0, 0.3415349763186151)": 0.970035399989162, "(0.3415349763186151, 0.6200350253093023)": 0.8167173167743009, "(0.6200350253093023, 0.7392668807482407)": 0.7779903327979278, "(0.7392668807482407, 0.7889377065214326)": 0.7457615517151849, "(0.7889377065214326, 0.8067679951359444)": 0.624629738514208, "(0.8067679951359444, 0.8458177055926748)": 0.5560563864419508, "(0.8458177055926748, 0.9169170271035516)": 0.30456197431797144, "(0.9169170271035516, 0.9285251768990069)": 0.16234773140175054, "(0.9285251768990069, 0.9954204523701946)": 0.14270732121621282, "(0.9954204523701946, 1.0)": 0.12038701577790395}, "pct": 0.14270732121621282, "best_return": 6.398829235059619}}