{"ma": {"trend": "ma", "time_param": 174, "q_params": {"(0, 0.04526015325193104)": 0.9998784417979867, "(0.04526015325193104, 0.13321518384293765)": 0.9998425678707078, "(0.13321518384293765, 0.17104918019389093)": 0.9982945511927857, "(0.17104918019389093, 0.20741177756509732)": 0.9981020483672167, "(0.20741177756509732, 0.7501388096608003)": 0.9975349566149151, "(0.7501388096608003, 0.7563359223843059)": 0.9943890957093025, "(0.7563359223843059, 0.8026857923638637)": 0.9729556560419362, "(0.8026857923638637, 0.888178320131398)": 0.9387984276013066, "(0.888178320131398, 0.9881338727151388)": 0.8271030504066368, "(0.9881338727151388, 1.0)": 0.3181780188585705}, "pct": 0.9975349566149151, "best_return": 5.713662574701914}, "ew_ma": {"trend": "ew_ma", "time_param": 174, "q_params": {"(0, 0.27290719464169766)": 0.9999880949914128, "(0.27290719464169766, 0.2875288329422517)": 0.9999129444210108, "(0.2875288329422517, 0.3737952851401155)": 0.9988541521612737, "(0.3737952851401155, 0.38962470613772765)": 0.9979481603269283, "(0.38962470613772765, 0.5071299745766864)": 0.9960794969756288, "(0.5071299745766864, 0.6012283930221458)": 0.9941505253532775, "(0.6012283930221458, 0.6910622577917381)": 0.9933305457060951, "(0.6910622577917381, 0.76333939824792)": 0.9923782981291773, "(0.76333939824792, 0.9779236849829415)": 0.9919253006552184, "(0.9779236849829415, 1.0)": 0.742391494307126}, "pct": 0.9923782981291773, "best_return": 5.573373432179025}, "rel_minmax": {"trend": "rel_minmax", "time_param": 174, "q_params": {"(0, 0.26231739792500364)": 0.9997390818816716, "(0.26231739792500364, 0.42860767795106475)": 0.998159090615715, "(0.42860767795106475, 0.4960937074083857)": 0.9979156895384815, "(0.4960937074083857, 0.5032763579053743)": 0.9977773982080861, "(0.5032763579053743, 0.565569458887268)": 0.9968328295434552, "(0.565569458887268, 0.566625669552116)": 0.9954991286208276, "(0.566625669552116, 0.6355256552044972)": 0.9908141965401115, "(0.6355256552044972, 0.8680103101016271)": 0.9654658048841952, "(0.8680103101016271, 0.9200116669033557)": 0.8762675241555014, "(0.9200116669033557, 1.0)": 0.5852166019790018}, "pct": 0.9654658048841952, "best_return": 6.215163391907661}, "ew_rel_minmax": {"time_param": 179, "trend": "ew_rel_minmax", "q_params": {"(0, 0.3415349763186151)": 0.970035399989162, "(0.3415349763186151, 0.6200350253093023)": 0.8167173167743009, "(0.6200350253093023, 0.7409961629578008)": 0.794751759487424, "(0.7409961629578008, 0.7797108848275524)": 0.718229021588858, "(0.7797108848275524, 0.8067679951359444)": 0.6105198105198001, "(0.8067679951359444, 0.8458177055926748)": 0.5488018505207126, "(0.8458177055926748, 0.9168710243190731)": 0.3238656425946738, "(0.9168710243190731, 0.9368841014162943)": 0.15992644311095597, "(0.9368841014162943, 0.9564889530152233)": 0.1375918610289681, "(0.9564889530152233, 1.0)": 0.12627338362531615}, "pct": 0.12627338362531615, "best_return": 6.435590147008675}}