{"ma": {"trend": "ma", "time_param": 174, "q_params": {"(0, 0.04526015325193104)": 0.9999138316772764, "(0.04526015325193104, 0.13863967146784584)": 0.9991018328009794, "(0.13863967146784584, 0.17104918019389093)": 0.9979514673328077, "(0.17104918019389093, 0.20741177756509732)": 0.9978555267421364, "(0.20741177756509732, 0.7263187267954159)": 0.9977660616093841, "(0.7263187267954159, 0.7563359223843059)": 0.9977646631762705, "(0.7563359223843059, 0.7750481421238675)": 0.997746586601566, "(0.7750481421238675, 0.964589679429955)": 0.9752980911956926, "(0.964589679429955, 0.9696613048978343)": 0.8088235625283947, "(0.9696613048978343, 1.0)": 0.3181780188585705}, "pct": 0.9977660616093841, "best_return": 6.2247590278777505}, "ew_ma": {"trend": "ew_ma", "time_param": 174, "q_params": {"(0, 0.26081794219954685)": 0.999948005053098, "(0.26081794219954685, 0.2824374527758931)": 0.9999129444210108, "(0.2824374527758931, 0.3251142444100545)": 0.9988541521612737, "(0.3251142444100545, 0.38054293842331705)": 0.9966836748977512, "(0.38054293842331705, 0.5191699572224634)": 0.9960794969756288, "(0.5191699572224634, 0.5778111111025337)": 0.9959564160169286, "(0.5778111111025337, 0.6563467591517187)": 0.9924526042593538, "(0.6563467591517187, 0.7614246821013972)": 0.9921441107358485, "(0.7614246821013972, 0.9813881862896128)": 0.9919253006552184, "(0.9813881862896128, 1.0)": 0.7220004534466019}, "pct": 0.9921441107358485, "best_return": 5.762678444229481}, "rel_minmax": {"trend": "rel_minmax", "time_param": 174, "q_params": {"(0, 0.26231739792500364)": 0.9999838818740019, "(0.26231739792500364, 0.42860767795106475)": 0.9999651705036178, "(0.42860767795106475, 0.5050216724600871)": 0.9984543512869797, "(0.5050216724600871, 0.5148139965952405)": 0.9970479587501458, "(0.5148139965952405, 0.5213172173584358)": 0.9968328295434552, "(0.5213172173584358, 0.566625669552116)": 0.9963250168645357, "(0.566625669552116, 0.6530836570593355)": 0.9953615224314393, "(0.6530836570593355, 0.8492994568931802)": 0.9938258387970803, "(0.8492994568931802, 0.9385913874974029)": 0.8535374065169422, "(0.9385913874974029, 1.0)": 0.5625784888325273}, "pct": 0.9938258387970803, "best_return": 6.5199608888503935}, "ew_rel_minmax": {"trend": "ew_rel_minmax", "time_param": 174, "q_params": {"(0, 0.4026520329557657)": 0.9999997272054272, "(0.4026520329557657, 0.5093106413072102)": 0.9999988750514935, "(0.5093106413072102, 0.5104122084445326)": 0.9986203821194812, "(0.5104122084445326, 0.5170370874776048)": 0.9977109170389493, "(0.5170370874776048, 0.6445265195754053)": 0.9969792453712015, "(0.6445265195754053, 0.6639962335368245)": 0.9967709726797694, "(0.6639962335368245, 0.8130682605470928)": 0.996195710418666, "(0.8130682605470928, 0.8801442626841921)": 0.9781713445157065, "(0.8801442626841921, 0.8958303561285408)": 0.9146830386902669, "(0.8958303561285408, 1.0)": 0.6063766401872926}, "pct": 0.6063766401872926, "best_return": 6.312248137884065}}