{"ma": {"trend": "ma", "time_param": 174, "q_params": {"(0, 0.04526015325193104)": 0.9999138316772764, "(0.04526015325193104, 0.13863967146784584)": 0.9991018328009794, "(0.13863967146784584, 0.17104918019389093)": 0.9983575470595654, "(0.17104918019389093, 0.20741177756509732)": 0.9978502602259269, "(0.20741177756509732, 0.7501388096608003)": 0.9978448966645642, "(0.7501388096608003, 0.7563359223843059)": 0.9943890957093025, "(0.7563359223843059, 0.8026857923638637)": 0.9937573062645801, "(0.8026857923638637, 0.888178320131398)": 0.9569661984444848, "(0.888178320131398, 0.9881338727151388)": 0.8088235625283947, "(0.9881338727151388, 1.0)": 0.3181780188585705}, "pct": 0.9978448966645642, "best_return": 5.784315853634414}, "ew_ma": {"trend": "ew_ma", "time_param": 174, "q_params": {"(0, 0.280837950832299)": 0.9999623291935207, "(0.280837950832299, 0.29243697424809695)": 0.9999129444210108, "(0.29243697424809695, 0.3688556743724984)": 0.9988541521612737, "(0.3688556743724984, 0.3889193963456755)": 0.9982545109151367, "(0.3889193963456755, 0.5294053750703024)": 0.9960794969756288, "(0.5294053750703024, 0.6012283930221458)": 0.9933370483279776, "(0.6012283930221458, 0.6910622577917381)": 0.9924526042593538, "(0.6910622577917381, 0.76333939824792)": 0.9923782981291773, "(0.76333939824792, 0.9813881862896128)": 0.9919253006552184, "(0.9813881862896128, 1.0)": 0.7220004534466019}, "pct": 0.9923782981291773, "best_return": 5.855073746633153}, "rel_minmax": {"trend": "rel_minmax", "time_param": 174, "q_params": {"(0, 0.26231739792500364)": 0.9999838818740019, "(0.26231739792500364, 0.42860767795106475)": 0.998159090615715, "(0.42860767795106475, 0.5050216724600871)": 0.997782206536411, "(0.5050216724600871, 0.5148139965952405)": 0.9977773982080861, "(0.5148139965952405, 0.5489787536878658)": 0.9968328295434552, "(0.5489787536878658, 0.566625669552116)": 0.9962663933526412, "(0.566625669552116, 0.6530836570593355)": 0.9953615224314393, "(0.6530836570593355, 0.8680103101016271)": 0.9300895763973216, "(0.8680103101016271, 0.9395015167403301)": 0.8762675241555014, "(0.9395015167403301, 1.0)": 0.5852166019790018}, "pct": 0.9300895763973216, "best_return": 6.097490044896334}, "ew_rel_minmax": {"time_param": 179, "trend": "ew_rel_minmax", "q_params": {"(0, 0.3059187850042771)": 0.966591150939489, "(0.3059187850042771, 0.6200350253093023)": 0.8167173167743009, "(0.6200350253093023, 0.758087328365343)": 0.794751759487424, "(0.758087328365343, 0.7797108848275524)": 0.7291495386697159, "(0.7797108848275524, 0.8067679951359444)": 0.6105198105198001, "(0.8067679951359444, 0.8384315360699988)": 0.5406512829771254, "(0.8384315360699988, 0.9168710243190731)": 0.31904988078568863, "(0.9168710243190731, 0.9368841014162943)": 0.15992644311095597, "(0.9368841014162943, 0.9564889530152233)": 0.13031783096498786, "(0.9564889530152233, 1)": 0.1164601746868263}, "pct": 0.13031783096498786, "best_return": 6.180938549824623}}