{"ma": {"trend": "ma", "time_param": 174, "q_params": {"(0, 0.07404910576636521)": 0.9998271740947731, "(0.07404910576636521, 0.11630834619036971)": 0.9988570343528517, "(0.11630834619036971, 0.20548636856287966)": 0.9977669398454818, "(0.20548636856287966, 0.6171046633261648)": 0.9975083940107056, "(0.6171046633261648, 0.6973738661585637)": 0.9974595151718446, "(0.6973738661585637, 0.7162498006653136)": 0.996849261760516, "(0.7162498006653136, 0.7513373082831639)": 0.9470811427177198, "(0.7513373082831639, 0.9366487765603989)": 0.9467523079769425, "(0.9366487765603989, 0.964498088539925)": 0.8270977647869363, "(0.964498088539925, 1.0)": 0.10836883744362594}, "pct": 0.8270977647869363, "best_return": 8.85063044636361}, "ew_ma": {"trend": "ew_ma", "time_param": 174, "q_params": {"(0, 0.23455801489525738)": 0.999604434568866, "(0.23455801489525738, 0.3165077009972974)": 0.9959684606453256, "(0.3165077009972974, 0.32458345698454477)": 0.9957395147313854, "(0.32458345698454477, 0.34865627624066436)": 0.9954193230023886, "(0.34865627624066436, 0.5474827002269009)": 0.9942178086781345, "(0.5474827002269009, 0.8368490136014629)": 0.9934385055121034, "(0.8368490136014629, 0.8568821725686704)": 0.9932191364918224, "(0.8568821725686704, 0.8883164478962793)": 0.9923420130071848, "(0.8883164478962793, 0.9998897096467134)": 0.9919253006552184, "(0.9998897096467134, 1.0)": 0.24459791783306398}, "pct": 0.9919253006552184, "best_return": 7.635224881877356}, "rel_minmax": {"time_param": 368, "trend": "rel_minmax", "q_params": {"(0.0, 0.2284221446587995)": 0.9996797863357492, "(0.2284221446587995, 0.2519411616725957)": 0.9530040214379956, "(0.2519411616725957, 0.39604022583944753)": 0.9271847519252379, "(0.39604022583944753, 0.47082074336105983)": 0.8378420221709633, "(0.47082074336105983, 0.5756970639691039)": 0.6292049969499788, "(0.5756970639691039, 0.6490830267581387)": 0.6038796567089321, "(0.6490830267581387, 0.7308453294360615)": 0.5704300875065969, "(0.7308453294360615, 0.9251413638670487)": 0.4327208954802443, "(0.9251413638670487, 0.993181419611341)": 0.2697928522315286, "(0.993181419611341, 1.0)": 0.11196421034225257}, "pct": 1, "best_return": 7.536066088069481}, "ew_rel_minmax": {"time_param": 179, "trend": "ew_rel_minmax", "q_params": {"(0, 0.621768675053964)": 0.9875678877100195, "(0.621768675053964, 0.7464192928570074)": 0.8676813896996115, "(0.7464192928570074, 0.7876382107584677)": 0.7846827394642982, "(0.7876382107584677, 0.8203538515896481)": 0.7570624462036898, "(0.8203538515896481, 0.8500555201731417)": 0.7435181784326927, "(0.8500555201731417, 0.8569450429619795)": 0.49667122899463, "(0.8569450429619795, 0.9064508007980087)": 0.45426486537929034, "(0.9064508007980087, 0.9301183704032574)": 0.25425154842086417, "(0.9301183704032574, 0.9939548194322394)": 0.17595626067565878, "(0.9939548194322394, 1.0)": 0.07309555258641295}, "pct": 0.7435181784326927, "best_return": 9.30701120466054}}