{"ma": {"trend": "ma", "time_param": 174, "q_params": {"(0, 0.0925168311493827)": 0.9999139361054937, "(0.0925168311493827, 0.13321518384293765)": 0.9996181569696093, "(0.13321518384293765, 0.2000109186755044)": 0.998044634858985, "(0.2000109186755044, 0.5946397536226147)": 0.9975847808389109, "(0.5946397536226147, 0.7501388096608003)": 0.9974595151718446, "(0.7501388096608003, 0.7560927222309418)": 0.996849261760516, "(0.7560927222309418, 0.8023594543934863)": 0.9901573870326152, "(0.8023594543934863, 0.869971995337051)": 0.945395590123485, "(0.869971995337051, 0.9674500424480414)": 0.8270977647869363, "(0.9674500424480414, 1.0)": 0.28847679697733397}, "pct": 0.9975847808389109, "best_return": 5.2929200898769615}, "ew_ma": {"trend": "ew_ma", "time_param": 174, "q_params": {"(0.0, 0.27290719464169766)": 0.9999880949914128, "(0.27290719464169766, 0.2875288329422517)": 0.9987981172746763, "(0.2875288329422517, 0.3737952851401155)": 0.9987771744044716, "(0.3737952851401155, 0.38930837509171895)": 0.9979885322787998, "(0.38930837509171895, 0.5071299745766864)": 0.9978466595423697, "(0.5071299745766864, 0.6019310397136624)": 0.9941505253532775, "(0.6019310397136624, 0.6894946792274238)": 0.9933305457060951, "(0.6894946792274238, 0.76333939824792)": 0.993122195565663, "(0.76333939824792, 0.9779236849829415)": 0.9919253006552184, "(0.9779236849829415, 1.0)": 0.7186499000979379}, "pct": 1, "best_return": 5.135743881814782}, "rel_minmax": {"trend": "rel_minmax", "time_param": 174, "q_params": {"(0, 0.2608439034767454)": 0.9996931978719166, "(0.2608439034767454, 0.4501890837553146)": 0.9985622229629946, "(0.4501890837553146, 0.46442389090884445)": 0.9979156895384815, "(0.46442389090884445, 0.5032763579053743)": 0.9975387558006563, "(0.5032763579053743, 0.5386222571454137)": 0.9964533676161476, "(0.5386222571454137, 0.6306822875172181)": 0.9940688330927583, "(0.6306822875172181, 0.6326071983651819)": 0.9834848852071524, "(0.6326071983651819, 0.8810570442524401)": 0.9648487743493412, "(0.8810570442524401, 0.9201715297800023)": 0.8762675241555014, "(0.9201715297800023, 1.0)": 0.6122967138717749}, "pct": 0.9648487743493412, "best_return": 5.563309977560678}, "ew_rel_minmax": {"time_param": 179, "trend": "ew_rel_minmax", "q_params": {"(0, 0.3726243829173456)": 0.970035399989162, "(0.3726243829173456, 0.6200350253093023)": 0.8397116843401756, "(0.6200350253093023, 0.7469606874462781)": 0.7779903327979278, "(0.7469606874462781, 0.7889377065214326)": 0.7457615517151849, "(0.7889377065214326, 0.8067679951359444)": 0.6252462888301844, "(0.8067679951359444, 0.8660314937911543)": 0.5694716197773274, "(0.8660314937911543, 0.921368660710001)": 0.3091893434421977, "(0.921368660710001, 0.9741077079289387)": 0.16234773140175054, "(0.9741077079289387, 0.9954204523701946)": 0.14470871089670068, "(0.9954204523701946, 1.0)": 0.11639485675173547}, "pct": 0.16234773140175054, "best_return": 6.353579126597719}}