{"ma": {"trend": "ma", "time_param": 693, "q_params": {"(0, 0.12803996912017288)": 0.9989375546895676, "(0.12803996912017288, 0.18731591563806704)": 0.9988517903445728, "(0.18731591563806704, 0.21159712758553978)": 0.997236128342522, "(0.21159712758553978, 0.42785769989292427)": 0.996522245732775, "(0.42785769989292427, 0.5375270143710251)": 0.9928300987461175, "(0.5375270143710251, 0.845080530918167)": 0.9870887100436314, "(0.845080530918167, 0.9307094555662677)": 0.9784654405985572, "(0.9307094555662677, 0.9338733972025952)": 0.9656937304960428, "(0.9338733972025952, 0.9425406827901044)": 0.9261944848233159, "(0.9425406827901044, 1.0)": 0.12630288635602382}, "pct": 0.996522245732775, "best_return": 90.30577807796766}, "ew_ma": {"trend": "ew_ma", "time_param": 693, "q_params": {"(0, 0.1374832050665127)": 0.9999553656521284, "(0.1374832050665127, 0.2859261025317671)": 0.9998870816513574, "(0.2859261025317671, 0.33961621374706497)": 0.9996610813685648, "(0.33961621374706497, 0.4948641363284955)": 0.9989777390143356, "(0.4948641363284955, 0.5921161596058402)": 0.9988512545645226, "(0.5921161596058402, 0.7022308582795419)": 0.9904639853640931, "(0.7022308582795419, 0.8885779776567109)": 0.9721558400090752, "(0.8885779776567109, 0.9006130246677063)": 0.9720566070208694, "(0.9006130246677063, 0.9421218503682253)": 0.6931170069307426, "(0.9421218503682253, 1.0)": 0.018315222189269037}, "pct": 0.9989777390143356, "best_return": 162.0257498059703}, "rel_minmax": {"trend": "rel_minmax", "time_param": 693, "q_params": {"(0.0, 0.05079870868881585)": 1.0, "(0.05079870868881585, 0.18647382092990358)": 0.9993652192363155, "(0.18647382092990358, 0.2878852881334246)": 0.9988778269313556, "(0.2878852881334246, 0.3747604767013005)": 0.9966523289002958, "(0.3747604767013005, 0.5096852053888171)": 0.9957242332572958, "(0.5096852053888171, 0.571401882434594)": 0.9938622123332275, "(0.571401882434594, 0.6096293130497445)": 0.9932033001906165, "(0.6096293130497445, 0.8877594788408169)": 0.9925466356991565, "(0.8877594788408169, 0.9694050832224215)": 0.9921877786262798, "(0.9694050832224215, 1.0)": 0.990117745124349}, "pct": 1, "best_return": 77.65840336407939}, "ew_rel_minmax": {"trend": "ew_rel_minmax", "time_param": 693, "q_params": {"(0.0, 0.07027048760075187)": 0.998895801980717, "(0.07027048760075187, 0.1563530679896995)": 0.9984299221238379, "(0.1563530679896995, 0.36151124942006885)": 0.9973024027646671, "(0.36151124942006885, 0.3981927842292628)": 0.9971971235753356, "(0.3981927842292628, 0.48548260624453465)": 0.9965383719174734, "(0.48548260624453465, 0.4985664671827464)": 0.9964854377156777, "(0.4985664671827464, 0.8778664182335331)": 0.994106475021597, "(0.8778664182335331, 0.8835652090597635)": 0.99188706919822, "(0.8835652090597635, 0.9277804865989655)": 0.9865673556635894, "(0.9277804865989655, 1.0)": 0.9813005247097413}, "pct": 1, "best_return": 77.65840336407939}}