{"ma": {"trend": "ma", "time_param": 693, "q_params": {"(0, 0.14280902504224496)": 1.0, "(0.14280902504224496, 0.1867289837666823)": 0.9999934872313535, "(0.1867289837666823, 0.21153109541490406)": 0.9981383228675893, "(0.21153109541490406, 0.4)": 0.9981081494323875, "(0.4, 0.5142948446177641)": 0.995608388774918, "(0.5142948446177641, 0.5248360232043929)": 0.9956032531801962, "(0.5248360232043929, 0.9017275670415055)": 0.9954664775210671, "(0.9017275670415055, 0.9351557215469359)": 0.9843225984506946, "(0.9351557215469359, 0.9820777386857921)": 0.9669243901223656, "(0.9820777386857921, 1.0)": 0.047627220402083684}, "pct": 0.9954664775210671, "best_return": 146.46488614020987}, "ew_ma": {"trend": "ew_ma", "time_param": 693, "q_params": {"(0, 0.011510406927221384)": 1.0, "(0.011510406927221384, 0.2907464128632026)": 0.9994930307707057, "(0.2907464128632026, 0.3585049315210947)": 0.9994514763654461, "(0.3585049315210947, 0.4869943469338019)": 0.9993620091445533, "(0.4869943469338019, 0.6625245988098256)": 0.9990589353018724, "(0.6625245988098256, 0.7043740022736998)": 0.9985816227627389, "(0.7043740022736998, 0.7228600799295896)": 0.9984941053460594, "(0.7228600799295896, 0.931200193375953)": 0.695341431858204, "(0.931200193375953, 0.9504164296917137)": 0.6786790403531966, "(0.9504164296917137, 1.0)": 0.014580902764195262}, "pct": 0.9985816227627389, "best_return": 225.6217350040542}, "rel_minmax": {"trend": "rel_minmax", "time_param": 693, "q_params": {"(0.0, 0.08078719254737945)": 1.0, "(0.08078719254737945, 0.2)": 0.9983620707157699, "(0.2, 0.30000000000000004)": 0.998001, "(0.30000000000000004, 0.3747604767013005)": 0.9979991868383353, "(0.3747604767013005, 0.5142835774873753)": 0.997876095124766, "(0.5142835774873753, 0.5747808886461659)": 0.9933838844993692, "(0.5747808886461659, 0.5971298551284518)": 0.9932033001906165, "(0.5971298551284518, 0.8877594788408169)": 0.993020965034979, "(0.8877594788408169, 0.9914040326389992)": 0.9912009663706776, "(0.9914040326389992, 1.0)": 0.9910359161258742}, "pct": 0.9910359161258742, "best_return": 106.60031486858175}, "ew_rel_minmax": {"trend": "ew_rel_minmax", "time_param": 693, "q_params": {"(0, 0.0569904308407549)": 1.0, "(0.0569904308407549, 0.1563530679896995)": 0.9984634171055957, "(0.1563530679896995, 0.3818901694235615)": 0.997275070697316, "(0.3818901694235615, 0.38644665043909)": 0.9965704717831476, "(0.38644665043909, 0.46948815853394604)": 0.9965383719174734, "(0.46948815853394604, 0.4985664671827464)": 0.995009990004999, "(0.4985664671827464, 0.8684894965085238)": 0.9949815391171745, "(0.8684894965085238, 0.8835652090597635)": 0.9945895110346479, "(0.8835652090597635, 0.9297035487334788)": 0.9911772858941547, "(0.9297035487334788, 1.0)": 0.9910359161258742}, "pct": 0.9910359161258742, "best_return": 106.80740619372963}}