{"ma": {"trend": "ma", "time_param": 693, "q_params": {"(0, 0.1504286989895823)": 1.0, "(0.1504286989895823, 0.1867289837666823)": 0.9999934872313535, "(0.1867289837666823, 0.21275578332620187)": 0.9981383228675893, "(0.21275578332620187, 0.40536208981669014)": 0.9981081494323875, "(0.40536208981669014, 0.5142948446177641)": 0.995608388774918, "(0.5142948446177641, 0.8968708413118309)": 0.9956032531801962, "(0.8968708413118309, 0.9017275670415055)": 0.9915560497332496, "(0.9017275670415055, 0.9351557215469359)": 0.9843225984506946, "(0.9351557215469359, 0.9540541071207729)": 0.9743180586761119, "(0.9540541071207729, 1.0)": 0.037387189662321116}, "pct": 0.9956032531801962, "best_return": 160.6571160336591}, "ew_ma": {"trend": "ew_ma", "time_param": 693, "q_params": {"(0, 0.003673623877707236)": 1.0, "(0.003673623877707236, 0.29461671479383583)": 0.999849704739074, "(0.29461671479383583, 0.3585049315210947)": 0.999799945264944, "(0.3585049315210947, 0.4957608999086461)": 0.9994548021036087, "(0.4957608999086461, 0.6543238479000677)": 0.9993667646247256, "(0.6543238479000677, 0.7043740022736998)": 0.999051870403201, "(0.7043740022736998, 0.7228600799295896)": 0.9984941053460594, "(0.7228600799295896, 0.931200193375953)": 0.682457302025553, "(0.931200193375953, 0.9421218503682253)": 0.6786790403531966, "(0.9421218503682253, 1.0)": 0.005730654722937259}, "pct": 0.9993667646247256, "best_return": 271.3189413872889}, "rel_minmax": {"trend": "rel_minmax", "time_param": 693, "q_params": {"(0, 0.05079870868881585)": 1.0, "(0.05079870868881585, 0.18411037077233144)": 0.9993652192363155, "(0.18411037077233144, 0.2878852881334246)": 0.9979996848881559, "(0.2878852881334246, 0.3747604767013005)": 0.9979991868383353, "(0.3747604767013005, 0.5096852053888171)": 0.997876095124766, "(0.5096852053888171, 0.571401882434594)": 0.9933838844993692, "(0.571401882434594, 0.6096293130497445)": 0.9932033001906165, "(0.6096293130497445, 0.8877594788408169)": 0.9930441617835556, "(0.8877594788408169, 0.982160112674456)": 0.9921877786262798, "(0.982160112674456, 1.0)": 0.9910359161258742}, "pct": 0.9910359161258742, "best_return": 107.08839528104855}, "ew_rel_minmax": {"trend": "ew_rel_minmax", "time_param": 693, "q_params": {"(0, 0.0658078813726669)": 1.0, "(0.0658078813726669, 0.1563530679896995)": 0.9984299221238379, "(0.1563530679896995, 0.37685302215002336)": 0.9967866687522597, "(0.37685302215002336, 0.3981927842292628)": 0.9965704717831476, "(0.3981927842292628, 0.46948815853394604)": 0.9965383719174734, "(0.46948815853394604, 0.4985664671827464)": 0.995009990004999, "(0.4985664671827464, 0.8778664182335331)": 0.9949815391171745, "(0.8778664182335331, 0.8835652090597635)": 0.9930197336191523, "(0.8835652090597635, 0.9297035487334788)": 0.9911772858941547, "(0.9297035487334788, 1.0)": 0.9910359161258742}, "pct": 0.9910359161258742, "best_return": 107.0644871797376}}