{"ma": {"trend": "ma", "time_param": 693, "q_params": {"(0, 0.14280902504224496)": 1.0, "(0.14280902504224496, 0.1867289837666823)": 0.9999934872313535, "(0.1867289837666823, 0.21973256686380652)": 0.9981383228675893, "(0.21973256686380652, 0.40536208981669014)": 0.9981081494323875, "(0.40536208981669014, 0.5142948446177641)": 0.995608388774918, "(0.5142948446177641, 0.8968708413118309)": 0.9956032531801962, "(0.8968708413118309, 0.9017275670415055)": 0.9849855081275146, "(0.9017275670415055, 0.9351557215469359)": 0.9843225984506946, "(0.9351557215469359, 0.9540541071207729)": 0.9743180586761119, "(0.9540541071207729, 1.0)": 0.047627220402083684}, "pct": 0.9956032531801962, "best_return": 146.26986431227718}, "ew_ma": {"trend": "ew_ma", "time_param": 693, "q_params": {"(0, 0.011510406927221384)": 1.0, "(0.011510406927221384, 0.2907464128632026)": 0.9994930307707057, "(0.2907464128632026, 0.3585049315210947)": 0.9994514763654461, "(0.3585049315210947, 0.4957608999086461)": 0.999408959290255, "(0.4957608999086461, 0.6543238479000677)": 0.9991397869729113, "(0.6543238479000677, 0.7043740022736998)": 0.999051870403201, "(0.7043740022736998, 0.7228600799295896)": 0.9984941053460594, "(0.7228600799295896, 0.931200193375953)": 0.682457302025553, "(0.931200193375953, 0.9421218503682253)": 0.6786790403531966, "(0.9421218503682253, 1.0)": 0.005730654722937259}, "pct": 0.999051870403201, "best_return": 259.6441652997522}, "rel_minmax": {"trend": "rel_minmax", "time_param": 693, "q_params": {"(0, 0.08078719254737945)": 1.0, "(0.08078719254737945, 0.2)": 0.9983620707157699, "(0.2, 0.2878852881334246)": 0.9979996848881559, "(0.2878852881334246, 0.3747604767013005)": 0.9979991868383353, "(0.3747604767013005, 0.5096852053888171)": 0.997876095124766, "(0.5096852053888171, 0.571401882434594)": 0.9933838844993692, "(0.571401882434594, 0.5971298551284518)": 0.9932033001906165, "(0.5971298551284518, 0.8877594788408169)": 0.9930441617835556, "(0.8877594788408169, 0.9914040326389992)": 0.9921877786262798, "(0.9914040326389992, 1.0)": 0.9910359161258742}, "pct": 0.9910359161258742, "best_return": 106.21985549616565}, "ew_rel_minmax": {"trend": "ew_rel_minmax", "time_param": 693, "q_params": {"(0, 0.0569904308407549)": 1.0, "(0.0569904308407549, 0.1563530679896995)": 0.9994196892155256, "(0.1563530679896995, 0.37685302215002336)": 0.9967866687522597, "(0.37685302215002336, 0.3981927842292628)": 0.9965704717831476, "(0.3981927842292628, 0.46948815853394604)": 0.9965383719174734, "(0.46948815853394604, 0.4985664671827464)": 0.995009990004999, "(0.4985664671827464, 0.8833431588643745)": 0.9949815391171745, "(0.8833431588643745, 0.8835652090597635)": 0.9917967151505412, "(0.8835652090597635, 0.9297035487334788)": 0.9911772858941547, "(0.9297035487334788, 1.0)": 0.9910359161258742}, "pct": 0.9910359161258742, "best_return": 106.38567676802282}}