{"ma": {"trend": "ma", "time_param": 500, "q_params": {"(0, 0.033301644354615884)": 0.9999905789493575, "(0.033301644354615884, 0.04231932755014204)": 0.999387529619086, "(0.04231932755014204, 0.3571575568305846)": 0.9978168562207529, "(0.3571575568305846, 0.37713486005597835)": 0.9920064359650315, "(0.37713486005597835, 0.3976328516897097)": 0.9899956067498275, "(0.3976328516897097, 0.4332220870067496)": 0.9860690739677455, "(0.4332220870067496, 0.7797479257744823)": 0.9659634482096612, "(0.7797479257744823, 0.906227756130401)": 0.884110208294984, "(0.906227756130401, 0.9558513271664332)": 0.7197159719239903, "(0.9558513271664332, 1.0)": 0.011808825425786307}, "pct": 0.884110208294984, "best_return": 19.84715872371067}, "ew_ma": {"trend": "ew_ma", "time_param": 500, "q_params": {"(0, 0.08022030214456821)": 0.9993383389924866, "(0.08022030214456821, 0.2746214513631013)": 0.9982403588424512, "(0.2746214513631013, 0.41319438297173966)": 0.9979400391145657, "(0.41319438297173966, 0.6095292625718398)": 0.9979177570566212, "(0.6095292625718398, 0.670133774125711)": 0.9978687230834442, "(0.670133774125711, 0.753425113919632)": 0.9971157770024852, "(0.753425113919632, 0.8138320421283465)": 0.9954999731088792, "(0.8138320421283465, 0.8488101186895072)": 0.9919067656740947, "(0.8488101186895072, 0.9051815877877356)": 0.78176276183619, "(0.9051815877877356, 1.0)": 0.6828711061138523}, "pct": 0.6828711061138523, "best_return": 18.910442205718226}, "rel_minmax": {"trend": "rel_minmax", "time_param": 500, "q_params": {"(0, 0.1765270841960814)": 0.999804920967764, "(0.1765270841960814, 0.29588968648894215)": 0.9996694929678325, "(0.29588968648894215, 0.4322645196259548)": 0.9990120257969294, "(0.4322645196259548, 0.47794911118762207)": 0.9978753470003424, "(0.47794911118762207, 0.5921335718048015)": 0.9949610813054354, "(0.5921335718048015, 0.7269071863656535)": 0.9933970069989085, "(0.7269071863656535, 0.7617725822525256)": 0.9932835605265335, "(0.7617725822525256, 0.7848674810013995)": 0.9696114776935859, "(0.7848674810013995, 0.9758660746619766)": 0.9460208975865533, "(0.9758660746619766, 1.0)": 0.05830698306144395}, "pct": 0.05830698306144395, "best_return": 19.7792950317115}, "ew_rel_minmax": {"trend": "ew_rel_minmax", "time_param": 500, "q_params": {"(0.0, 0.11327306188100317)": 1.0, "(0.11327306188100317, 0.11557137708301547)": 0.9967962809710437, "(0.11557137708301547, 0.36618078839508855)": 0.9945095835978104, "(0.36618078839508855, 0.3703364250219942)": 0.9940940265659228, "(0.3703364250219942, 0.6211251911574611)": 0.9937555915487356, "(0.6211251911574611, 0.6733211541230333)": 0.9936873866016437, "(0.6733211541230333, 0.8432255584588126)": 0.993682715826783, "(0.8432255584588126, 0.8794572815203875)": 0.993473666538496, "(0.8794572815203875, 0.9397125585386796)": 0.9934675766490433, "(0.9397125585386796, 1.0)": 0.4477299903484571}, "pct": 1, "best_return": 18.795775625560967}}