{"ma": {"trend": "ma", "time_param": 500, "q_params": {"(0, 0.01871790478176377)": 1.0, "(0.01871790478176377, 0.029438001278882013)": 0.9980709182936289, "(0.029438001278882013, 0.3064924376510495)": 0.9976874396324873, "(0.3064924376510495, 0.4089640251612954)": 0.9976731327800842, "(0.4089640251612954, 0.41316189103253037)": 0.9957112793604312, "(0.41316189103253037, 0.42639816846591916)": 0.9955196175664107, "(0.42639816846591916, 0.8079589373080667)": 0.9952041521888981, "(0.8079589373080667, 0.885650354905969)": 0.7492422301675897, "(0.885650354905969, 0.9055716518772536)": 0.7435033856504045, "(0.9055716518772536, 1.0)": 0.005870985343667007}, "pct": 0.7492422301675897, "best_return": 30.21803731763585}, "ew_ma": {"trend": "ew_ma", "time_param": 500, "q_params": {"(0, 0.08676990374245701)": 1.0, "(0.08676990374245701, 0.2859781683532138)": 0.9980765614080679, "(0.2859781683532138, 0.43387967548852285)": 0.9980720189875589, "(0.43387967548852285, 0.6122769442119086)": 0.9980669180375791, "(0.6122769442119086, 0.635210468497818)": 0.99797636531705, "(0.635210468497818, 0.7258537293394539)": 0.9957459922738356, "(0.7258537293394539, 0.76019069193752)": 0.9954999731088792, "(0.76019069193752, 0.820961244673494)": 0.9541476634744096, "(0.820961244673494, 0.8278340393489555)": 0.8716063214022239, "(0.8278340393489555, 1.0)": 0.0009878296335692623}, "pct": 0.0009878296335692623, "best_return": 25.58266582757085}, "rel_minmax": {"trend": "rel_minmax", "time_param": 500, "q_params": {"(0, 0.173867060846912)": 1.0, "(0.173867060846912, 0.243059489648562)": 0.999368257419266, "(0.243059489648562, 0.4604680520244966)": 0.9993667480456558, "(0.4604680520244966, 0.474725691483393)": 0.9993368036273628, "(0.474725691483393, 0.4871984358551813)": 0.9950933986198913, "(0.4871984358551813, 0.6649746005224078)": 0.9933442676908154, "(0.6649746005224078, 0.7619242225681938)": 0.992437822641038, "(0.7619242225681938, 0.7916484020335189)": 0.992152104490279, "(0.7916484020335189, 0.9940754627351303)": 0.9921137206954417, "(0.9940754627351303, 1.0)": 0.02136944238514374}, "pct": 0.02136944238514374, "best_return": 21.829056948253452}, "ew_rel_minmax": {"trend": "ew_rel_minmax", "time_param": 500, "q_params": {"(0, 0.11327306188100317)": 1.0, "(0.11327306188100317, 0.11557137708301547)": 0.9967962809710437, "(0.11557137708301547, 0.360042845250495)": 0.9945095835978104, "(0.360042845250495, 0.3703364250219942)": 0.9938427553110623, "(0.3703364250219942, 0.6211251911574611)": 0.9937555915487356, "(0.6211251911574611, 0.674009142202817)": 0.9936873866016437, "(0.674009142202817, 0.8427927284168946)": 0.993682715826783, "(0.8427927284168946, 0.8794572815203875)": 0.993473666538496, "(0.8794572815203875, 0.9397125585386796)": 0.9934675766490433, "(0.9397125585386796, 1.0)": 0.4340964342459278}, "pct": 0.4340964342459278, "best_return": 16.813869966897993}}