{"ma": {"trend": "ma", "time_param": 500, "q_params": {"(0, 0.02716959498549515)": 0.9999905789493575, "(0.02716959498549515, 0.05795738042385776)": 0.997031259189765, "(0.05795738042385776, 0.20841389513266634)": 0.9959529712792893, "(0.20841389513266634, 0.34499561047005645)": 0.9915930051633841, "(0.34499561047005645, 0.39787833513593285)": 0.9911977507653267, "(0.39787833513593285, 0.4311170580805485)": 0.9679192705818704, "(0.4311170580805485, 0.7077764540226508)": 0.9649504623765595, "(0.7077764540226508, 0.893386367955071)": 0.9003332615196165, "(0.893386367955071, 0.9145542700163077)": 0.6185142298593687, "(0.9145542700163077, 1.0)": 0.02170425884422737}, "pct": 0.9649504623765595, "best_return": 21.932256485522494}, "ew_ma": {"trend": "ew_ma", "time_param": 500, "q_params": {"(0, 0.028153637023919133)": 0.9999729149897377, "(0.028153637023919133, 0.35056664526141323)": 0.9996643775515853, "(0.35056664526141323, 0.4223998994139436)": 0.9994093778386807, "(0.4223998994139436, 0.6056376203767677)": 0.9985917033926116, "(0.6056376203767677, 0.6640610613346647)": 0.9973434652124626, "(0.6640610613346647, 0.7595505396283098)": 0.9940170632269509, "(0.7595505396283098, 0.7782666622458124)": 0.9588986537930018, "(0.7782666622458124, 0.9047738736696852)": 0.9243125627314857, "(0.9047738736696852, 0.908723445938785)": 0.8080629544727169, "(0.908723445938785, 1.0)": 0.5756697816231087}, "pct": 0.9588986537930018, "best_return": 18.811343363704687}, "rel_minmax": {"trend": "rel_minmax", "time_param": 500, "q_params": {"(0, 0.24342413585566341)": 0.9999016746672131, "(0.24342413585566341, 0.27416726360118704)": 0.9998336248401034, "(0.27416726360118704, 0.42247819045481366)": 0.9996780410344449, "(0.42247819045481366, 0.46979848695316867)": 0.9945359604218321, "(0.46979848695316867, 0.4748821704003996)": 0.9878256325041737, "(0.4748821704003996, 0.6260378131336969)": 0.9873643532561642, "(0.6260378131336969, 0.7435995833687027)": 0.9867988296201367, "(0.7435995833687027, 0.8562306499313577)": 0.9823721852958461, "(0.8562306499313577, 0.9809497236154885)": 0.9576847436026042, "(0.9809497236154885, 1.0)": 0.0407060601405807}, "pct": 0.9576847436026042, "best_return": 22.595199167734435}, "ew_rel_minmax": {"trend": "ew_rel_minmax", "time_param": 500, "q_params": {"(0, 0.11327306188100317)": 0.9989470253224098, "(0.11327306188100317, 0.11557137708301547)": 0.9961505080086404, "(0.11557137708301547, 0.36618078839508855)": 0.9941778811632309, "(0.36618078839508855, 0.3891608522150728)": 0.9939786727938883, "(0.3891608522150728, 0.6211251911574611)": 0.9939211875154326, "(0.6211251911574611, 0.6402969307676487)": 0.9936873866016437, "(0.6402969307676487, 0.6765160879494968)": 0.993682715826783, "(0.6765160879494968, 0.739329294594632)": 0.9936575305164115, "(0.739329294594632, 0.9940092410220549)": 0.9934675766490433, "(0.9940092410220549, 1.0)": 0.4011086228405299}, "pct": 0.4011086228405299, "best_return": 18.180530726418322}}