{"ma": {"trend": "ma", "time_param": 500, "q_params": {"(0, 0.035772926465375804)": 0.9995203686745227, "(0.035772926465375804, 0.04231932755014204)": 0.9989449962345337, "(0.04231932755014204, 0.3571575568305846)": 0.9969210057267089, "(0.3571575568305846, 0.37421518595720854)": 0.9967485388314786, "(0.37421518595720854, 0.4177350453312245)": 0.9957112793604312, "(0.4177350453312245, 0.4332220870067496)": 0.9892888756766822, "(0.4332220870067496, 0.7864156220768506)": 0.9765026235502612, "(0.7864156220768506, 0.8892594975616348)": 0.9526293076606758, "(0.8892594975616348, 0.9384046497033031)": 0.7471182608727158, "(0.9384046497033031, 1.0)": 0.027586274453736556}, "pct": 0.9526293076606758, "best_return": 21.244302148220648}, "ew_ma": {"trend": "ew_ma", "time_param": 500, "q_params": {"(0, 0.08022030214456821)": 0.9983949177587601, "(0.08022030214456821, 0.2859781683532138)": 0.9981297108137083, "(0.2859781683532138, 0.4253103544760256)": 0.9981184343205675, "(0.4253103544760256, 0.6256484758547372)": 0.9979177570566212, "(0.6256484758547372, 0.635210468497818)": 0.9976201595767714, "(0.635210468497818, 0.7381307342080003)": 0.9957459922738356, "(0.7381307342080003, 0.8138320421283465)": 0.9954999731088792, "(0.8138320421283465, 0.8582089604355576)": 0.9707309692910551, "(0.8582089604355576, 0.9178619373821887)": 0.7889896259734465, "(0.9178619373821887, 1.0)": 0.7193996723544566}, "pct": 0.7193996723544566, "best_return": 20.03715540110982}, "rel_minmax": {"trend": "rel_minmax", "time_param": 500, "q_params": {"(0, 0.18111967051117778)": 0.999804920967764, "(0.18111967051117778, 0.2556887159496604)": 0.9996694929678325, "(0.2556887159496604, 0.4322645196259548)": 0.9993179705403598, "(0.4322645196259548, 0.47794911118762207)": 0.9991932645367857, "(0.47794911118762207, 0.5975825145536863)": 0.9946627936785777, "(0.5975825145536863, 0.7290916982536642)": 0.9933442676908154, "(0.7290916982536642, 0.7617498530902941)": 0.9930947641580888, "(0.7617498530902941, 0.7715084361192424)": 0.992152104490279, "(0.7715084361192424, 0.9759959174652347)": 0.9477626843883865, "(0.9759959174652347, 1.0)": 0.05830698306144395}, "pct": 0.05830698306144395, "best_return": 19.443288683734384}, "ew_rel_minmax": {"trend": "ew_rel_minmax", "time_param": 500, "q_params": {"(0.0, 0.11327306188100317)": 1.0, "(0.11327306188100317, 0.11557137708301547)": 0.9967962809710437, "(0.11557137708301547, 0.36618078839508855)": 0.9945095835978104, "(0.36618078839508855, 0.3703364250219942)": 0.9940940265659228, "(0.3703364250219942, 0.6211251911574611)": 0.9937555915487356, "(0.6211251911574611, 0.6733211541230333)": 0.9936873866016437, "(0.6733211541230333, 0.8432255584588126)": 0.993682715826783, "(0.8432255584588126, 0.8794572815203875)": 0.993473666538496, "(0.8794572815203875, 0.9397125585386796)": 0.9934675766490433, "(0.9397125585386796, 1.0)": 0.4477299903484571}, "pct": 1, "best_return": 19.06831574890153}}