{"ma": {"trend": "ma", "time_param": 500, "q_params": {"(0, 0.03464834869738035)": 0.9999905789493575, "(0.03464834869738035, 0.04231932755014204)": 0.999387529619086, "(0.04231932755014204, 0.2015109054686823)": 0.9946868005638374, "(0.2015109054686823, 0.3835251669074607)": 0.9917015081265191, "(0.3835251669074607, 0.3976328516897097)": 0.9911977507653267, "(0.3976328516897097, 0.43409285760055655)": 0.9860690739677455, "(0.43409285760055655, 0.7733309475755947)": 0.9454260443992869, "(0.7733309475755947, 0.9033875192031969)": 0.884110208294984, "(0.9033875192031969, 0.9479882043453058)": 0.7107193677676813, "(0.9479882043453058, 1.0)": 0.011808825425786307}, "pct": 0.9454260443992869, "best_return": 17.985155890427862}, "ew_ma": {"trend": "ew_ma", "time_param": 500, "q_params": {"(0, 0.05463989449816409)": 0.99980967255217, "(0.05463989449816409, 0.21208129561556419)": 0.9986566319012119, "(0.21208129561556419, 0.4270033157131226)": 0.9979547474681089, "(0.4270033157131226, 0.5986401978154646)": 0.9979316954971361, "(0.5986401978154646, 0.6658073076530319)": 0.997163929233255, "(0.6658073076530319, 0.7557053065481311)": 0.9971157770024852, "(0.7557053065481311, 0.8138320421283465)": 0.9961571321321786, "(0.8138320421283465, 0.8488101186895072)": 0.9919067656740947, "(0.8488101186895072, 0.8976318667721013)": 0.7968628289056127, "(0.8976318667721013, 1.0)": 0.6789909358274762}, "pct": 0.7968628289056127, "best_return": 17.3896029249504}, "rel_minmax": {"trend": "rel_minmax", "time_param": 500, "q_params": {"(0, 0.20050125695073964)": 0.999804920967764, "(0.20050125695073964, 0.2763228946511871)": 0.9996694929678325, "(0.2763228946511871, 0.4426212997219957)": 0.9990120257969294, "(0.4426212997219957, 0.47794911118762207)": 0.9981045687104199, "(0.47794911118762207, 0.5839984048453795)": 0.9954293016270948, "(0.5839984048453795, 0.7278166870211391)": 0.9944451139597543, "(0.7278166870211391, 0.746073024918904)": 0.9914595767375182, "(0.746073024918904, 0.7996663194048556)": 0.9634110985883689, "(0.7996663194048556, 0.9758660746619766)": 0.9546734098173283, "(0.9758660746619766, 1.0)": 0.04230233207177909}, "pct": 0.04230233207177909, "best_return": 19.368805228837196}, "ew_rel_minmax": {"trend": "ew_rel_minmax", "time_param": 500, "q_params": {"(0.0, 0.11327306188100317)": 1.0, "(0.11327306188100317, 0.11557137708301547)": 0.9967962809710437, "(0.11557137708301547, 0.36618078839508855)": 0.9945095835978104, "(0.36618078839508855, 0.3703364250219942)": 0.9940940265659228, "(0.3703364250219942, 0.6211251911574611)": 0.9937555915487356, "(0.6211251911574611, 0.6733211541230333)": 0.9936873866016437, "(0.6733211541230333, 0.8432255584588126)": 0.993682715826783, "(0.8432255584588126, 0.8794572815203875)": 0.993473666538496, "(0.8794572815203875, 0.9397125585386796)": 0.9934675766490433, "(0.9397125585386796, 1.0)": 0.4477299903484571}, "pct": 1, "best_return": 17.20943981902506}}