{"ma": {"trend": "ma", "time_param": 500, "q_params": {"(0, 0.01871790478176377)": 1.0, "(0.01871790478176377, 0.029438001278882013)": 0.9980709182936289, "(0.029438001278882013, 0.3064924376510495)": 0.9976874396324873, "(0.3064924376510495, 0.4089640251612954)": 0.9976731327800842, "(0.4089640251612954, 0.41316189103253037)": 0.9959228061787453, "(0.41316189103253037, 0.42639816846591916)": 0.9952432488826152, "(0.42639816846591916, 0.8079589373080667)": 0.9952041521888981, "(0.8079589373080667, 0.8124785239400623)": 0.7654384858951058, "(0.8124785239400623, 0.9055716518772536)": 0.7435033856504045, "(0.9055716518772536, 1.0)": 0.03264197393909949}, "pct": 0.7435033856504045, "best_return": 26.009869424852184}, "ew_ma": {"trend": "ew_ma", "time_param": 500, "q_params": {"(0, 0.1345644899804127)": 1.0, "(0.1345644899804127, 0.2859781683532138)": 0.9980765614080679, "(0.2859781683532138, 0.43387967548852285)": 0.9980720189875589, "(0.43387967548852285, 0.6122769442119086)": 0.9980669180375791, "(0.6122769442119086, 0.635210468497818)": 0.99797636531705, "(0.635210468497818, 0.7258537293394539)": 0.9957459922738356, "(0.7258537293394539, 0.7622925852855649)": 0.9954999731088792, "(0.7622925852855649, 0.7624573021548452)": 0.9939820077999094, "(0.7624573021548452, 0.8278340393489555)": 0.8386680561351874, "(0.8278340393489555, 1.0)": 0.002788288003237577}, "pct": 0.002788288003237577, "best_return": 24.179280645060842}, "rel_minmax": {"trend": "rel_minmax", "time_param": 500, "q_params": {"(0, 0.173867060846912)": 1.0, "(0.173867060846912, 0.243059489648562)": 0.999368257419266, "(0.243059489648562, 0.4604680520244966)": 0.9993667480456558, "(0.4604680520244966, 0.474725691483393)": 0.9993368036273628, "(0.474725691483393, 0.4868364089927571)": 0.9992377563036838, "(0.4868364089927571, 0.6678045542248991)": 0.9933442676908154, "(0.6678045542248991, 0.754557396622557)": 0.992437822641038, "(0.754557396622557, 0.7916484020335189)": 0.9921650471599069, "(0.7916484020335189, 0.9940754627351303)": 0.9921137206954417, "(0.9940754627351303, 1.0)": 0.02136944238514374}, "pct": 0.02136944238514374, "best_return": 21.722658775373734}, "ew_rel_minmax": {"trend": "ew_rel_minmax", "time_param": 500, "q_params": {"(0, 0.11327306188100317)": 1.0, "(0.11327306188100317, 0.12081513369029764)": 0.9967962809710437, "(0.12081513369029764, 0.360042845250495)": 0.9960265111253345, "(0.360042845250495, 0.3703364250219942)": 0.9943074039976657, "(0.3703364250219942, 0.6211251911574611)": 0.9937555915487356, "(0.6211251911574611, 0.6788677517995152)": 0.9937164421831353, "(0.6788677517995152, 0.8367165099903987)": 0.993682715826783, "(0.8367165099903987, 0.8794572815203875)": 0.993473666538496, "(0.8794572815203875, 0.9397125585386796)": 0.9934675766490433, "(0.9397125585386796, 1.0)": 0.4254694423815186}, "pct": 0.4254694423815186, "best_return": 16.42419747031267}}