{"ma": {"trend": "ma", "time_param": 500, "q_params": {"(0, 0.01871790478176377)": 1.0, "(0.01871790478176377, 0.029438001278882013)": 0.9977446789333749, "(0.029438001278882013, 0.3064924376510495)": 0.9976874396324873, "(0.3064924376510495, 0.4089640251612954)": 0.9976731327800842, "(0.4089640251612954, 0.41400945326078104)": 0.9957112793604312, "(0.41400945326078104, 0.4332220870067496)": 0.9956413797906375, "(0.4332220870067496, 0.8079589373080667)": 0.9952041521888981, "(0.8079589373080667, 0.8886584335151994)": 0.9209409103638819, "(0.8886584335151994, 0.9055716518772536)": 0.7435033856504045, "(0.9055716518772536, 1.0)": 0.005870985343667007}, "pct": 0.9209409103638819, "best_return": 31.987603859935234}, "ew_ma": {"trend": "ew_ma", "time_param": 500, "q_params": {"(0, 0.08676990374245701)": 1.0, "(0.08676990374245701, 0.2859781683532138)": 0.9980765614080679, "(0.2859781683532138, 0.43387967548852285)": 0.9980720189875589, "(0.43387967548852285, 0.6122769442119086)": 0.9980669180375791, "(0.6122769442119086, 0.635210468497818)": 0.99797636531705, "(0.635210468497818, 0.7258537293394539)": 0.9957459922738356, "(0.7258537293394539, 0.76019069193752)": 0.9954999731088792, "(0.76019069193752, 0.820961244673494)": 0.9541476634744096, "(0.820961244673494, 0.9178619373821887)": 0.8206984580587448, "(0.9178619373821887, 1.0)": 0.0009878296335692623}, "pct": 0.8206984580587448, "best_return": 23.739783233998878}, "rel_minmax": {"trend": "rel_minmax", "time_param": 500, "q_params": {"(0.0, 0.173867060846912)": 1.0, "(0.173867060846912, 0.243059489648562)": 0.999368257419266, "(0.243059489648562, 0.4604680520244966)": 0.9993667480456558, "(0.4604680520244966, 0.474725691483393)": 0.9993368036273628, "(0.474725691483393, 0.4871984358551813)": 0.9950933986198913, "(0.4871984358551813, 0.6649746005224078)": 0.9933442676908154, "(0.6649746005224078, 0.7619242225681938)": 0.992437822641038, "(0.7619242225681938, 0.7916484020335189)": 0.992152104490279, "(0.7916484020335189, 0.9940754627351303)": 0.9921137206954417, "(0.9940754627351303, 1.0)": 0.019624403299178417}, "pct": 0.019624403299178417, "best_return": 20.86130126854863}, "ew_rel_minmax": {"trend": "ew_rel_minmax", "time_param": 500, "q_params": {"(0, 0.11327306188100317)": 1.0, "(0.11327306188100317, 0.11557137708301547)": 0.9967962809710437, "(0.11557137708301547, 0.36618078839508855)": 0.9945095835978104, "(0.36618078839508855, 0.3703364250219942)": 0.9940940265659228, "(0.3703364250219942, 0.6211251911574611)": 0.9937555915487356, "(0.6211251911574611, 0.6733211541230333)": 0.9936873866016437, "(0.6733211541230333, 0.8432255584588126)": 0.993682715826783, "(0.8432255584588126, 0.8794572815203875)": 0.993473666538496, "(0.8794572815203875, 0.9397125585386796)": 0.9934675766490433, "(0.9397125585386796, 1.0)": 0.4477299903484571}, "pct": 0.4477299903484571, "best_return": 16.372094012207643}}