{"ma": {"trend": "ma", "time_param": 500, "q_params": {"(0, 0.038638739713313115)": 0.9996690077803542, "(0.038638739713313115, 0.0423705860239062)": 0.9993905240372558, "(0.0423705860239062, 0.330478792470739)": 0.9976874396324873, "(0.330478792470739, 0.37421518595720854)": 0.9960328333086513, "(0.37421518595720854, 0.41400945326078104)": 0.9957112793604312, "(0.41400945326078104, 0.4332220870067496)": 0.9956413797906375, "(0.4332220870067496, 0.7805886950310783)": 0.9753314856512884, "(0.7805886950310783, 0.8892594975616348)": 0.9209409103638819, "(0.8892594975616348, 0.9384046497033031)": 0.7478972647002675, "(0.9384046497033031, 1.0)": 0.005870985343667007}, "pct": 0.9209409103638819, "best_return": 19.53674948930222}, "ew_ma": {"trend": "ew_ma", "time_param": 500, "q_params": {"(0, 0.08676990374245701)": 0.9983949177587601, "(0.08676990374245701, 0.2859781683532138)": 0.9980765614080679, "(0.2859781683532138, 0.4331233374056869)": 0.9980740846293341, "(0.4331233374056869, 0.6256484758547372)": 0.9980669180375791, "(0.6256484758547372, 0.635210468497818)": 0.99797636531705, "(0.635210468497818, 0.7111071439440799)": 0.9957459922738356, "(0.7111071439440799, 0.7509950518203968)": 0.9954999731088792, "(0.7509950518203968, 0.8644731889849605)": 0.95658400730467, "(0.8644731889849605, 0.9178619373821887)": 0.8206984580587448, "(0.9178619373821887, 1.0)": 0.7388128563364569}, "pct": 0.8206984580587448, "best_return": 18.52788894215576}, "rel_minmax": {"trend": "rel_minmax", "time_param": 500, "q_params": {"(0, 0.1565577466620409)": 0.999804920967764, "(0.1565577466620409, 0.27264137853864673)": 0.999368257419266, "(0.27264137853864673, 0.46907923793090234)": 0.9993179705403598, "(0.46907923793090234, 0.474725691483393)": 0.9991932645367857, "(0.474725691483393, 0.4871984358551813)": 0.9948103391580582, "(0.4871984358551813, 0.7290916982536642)": 0.9933442676908154, "(0.7290916982536642, 0.7619242225681938)": 0.992437822641038, "(0.7619242225681938, 0.7916484020335189)": 0.992152104490279, "(0.7916484020335189, 0.9808276392208204)": 0.9477626843883865, "(0.9808276392208204, 1.0)": 0.04796154755162474}, "pct": 0.04796154755162474, "best_return": 19.68797209820459}, "ew_rel_minmax": {"trend": "ew_rel_minmax", "time_param": 500, "q_params": {"(0.0, 0.11327306188100317)": 1.0, "(0.11327306188100317, 0.11557137708301547)": 0.9967962809710437, "(0.11557137708301547, 0.36618078839508855)": 0.9945095835978104, "(0.36618078839508855, 0.3703364250219942)": 0.9940940265659228, "(0.3703364250219942, 0.6211251911574611)": 0.9937555915487356, "(0.6211251911574611, 0.6733211541230333)": 0.9936873866016437, "(0.6733211541230333, 0.8432255584588126)": 0.993682715826783, "(0.8432255584588126, 0.8794572815203875)": 0.993473666538496, "(0.8794572815203875, 0.9397125585386796)": 0.9934675766490433, "(0.9397125585386796, 1.0)": 0.4477299903484571}, "pct": 1, "best_return": 18.52788894215576}}