{"ma": {"trend": "ma", "time_param": 500, "q_params": {"(0, 0.035957242151068346)": 0.9999905789493575, "(0.035957242151068346, 0.04231932755014204)": 0.9989449962345337, "(0.04231932755014204, 0.3571575568305846)": 0.9969210057267089, "(0.3571575568305846, 0.37713486005597835)": 0.9967485388314786, "(0.37713486005597835, 0.399063699581127)": 0.9899956067498275, "(0.399063699581127, 0.4332220870067496)": 0.9860690739677455, "(0.4332220870067496, 0.7864156220768506)": 0.9659634482096612, "(0.7864156220768506, 0.905812107144016)": 0.8881500525220242, "(0.905812107144016, 0.9558513271664332)": 0.7471182608727158, "(0.9558513271664332, 1.0)": 0.027586274453736556}, "pct": 0.8881500525220242, "best_return": 19.874667202689842}, "ew_ma": {"trend": "ew_ma", "time_param": 500, "q_params": {"(0, 0.08022030214456821)": 0.9983949177587601, "(0.08022030214456821, 0.2859781683532138)": 0.9981297108137083, "(0.2859781683532138, 0.41319438297173966)": 0.9979400391145657, "(0.41319438297173966, 0.6095292625718398)": 0.9979177570566212, "(0.6095292625718398, 0.650315638978143)": 0.9976201595767714, "(0.650315638978143, 0.7381307342080003)": 0.9971157770024852, "(0.7381307342080003, 0.8138320421283465)": 0.9954999731088792, "(0.8138320421283465, 0.8582089604355576)": 0.973402664073338, "(0.8582089604355576, 0.9178619373821887)": 0.7889896259734465, "(0.9178619373821887, 1.0)": 0.6828711061138523}, "pct": 0.7889896259734465, "best_return": 19.489946030046656}, "rel_minmax": {"trend": "rel_minmax", "time_param": 500, "q_params": {"(0, 0.1765270841960814)": 0.999804920967764, "(0.1765270841960814, 0.29588968648894215)": 0.9996694929678325, "(0.29588968648894215, 0.4322645196259548)": 0.9993179705403598, "(0.4322645196259548, 0.47794911118762207)": 0.9991932645367857, "(0.47794911118762207, 0.581962285866264)": 0.9970738817730219, "(0.581962285866264, 0.7269071863656535)": 0.9933442676908154, "(0.7269071863656535, 0.7484502167034618)": 0.9930947641580888, "(0.7484502167034618, 0.7715084361192424)": 0.992152104490279, "(0.7715084361192424, 0.9851134321285959)": 0.9477626843883865, "(0.9851134321285959, 1.0)": 0.05830698306144395}, "pct": 0.05830698306144395, "best_return": 19.590538974154978}, "ew_rel_minmax": {"trend": "ew_rel_minmax", "time_param": 500, "q_params": {"(0.0, 0.11327306188100317)": 1.0, "(0.11327306188100317, 0.11557137708301547)": 0.9967962809710437, "(0.11557137708301547, 0.36618078839508855)": 0.9945095835978104, "(0.36618078839508855, 0.3703364250219942)": 0.9940940265659228, "(0.3703364250219942, 0.6211251911574611)": 0.9937555915487356, "(0.6211251911574611, 0.6733211541230333)": 0.9936873866016437, "(0.6733211541230333, 0.8432255584588126)": 0.993682715826783, "(0.8432255584588126, 0.8794572815203875)": 0.993473666538496, "(0.8794572815203875, 0.9397125585386796)": 0.9934675766490433, "(0.9397125585386796, 1.0)": 0.4477299903484571}, "pct": 1, "best_return": 18.98871788611779}}