{"ma": {"time_param": 100, "trend": "ma", "q_params": {"(0, 0.1209588232616634)": 0.960595357069093, "(0.1209588232616634, 0.15374114967227792)": 0.869121155000417, "(0.15374114967227792, 0.23093606215109003)": 0.8360756500732118, "(0.23093606215109003, 0.3819165092067811)": 0.782385461454246, "(0.3819165092067811, 0.48041553314716023)": 0.7743114528251067, "(0.48041553314716023, 0.6705877991527406)": 0.6844676702129558, "(0.6705877991527406, 0.7043451647799139)": 0.5824599073998378, "(0.7043451647799139, 0.7687726636942814)": 0.26624618515672627, "(0.7687726636942814, 0.9128536087058047)": 0.25844734649056533, "(0.9128536087058047, 1)": 0.05523178605340724}, "pct": 0.782385461454246, "best_return": 3.2831595176065984}, "ew_ma": {"time_param": 14, "trend": "ew_ma", "q_params": {"(0, 0.02035615421350399)": 0.8680010848858818, "(0.02035615421350399, 0.09132847460924333)": 0.8548118974634318, "(0.09132847460924333, 0.4966748730430659)": 0.7598404419488641, "(0.4966748730430659, 0.7497777566974038)": 0.673268490819311, "(0.7497777566974038, 0.769443106292546)": 0.6568273239808308, "(0.769443106292546, 0.7810256428810909)": 0.44426281435820775, "(0.7810256428810909, 0.8219901414500952)": 0.3426480752538218, "(0.8219901414500952, 0.8385052469865709)": 0.33990747999408816, "(0.8385052469865709, 0.9910790954555917)": 0.08092022888779636, "(0.9910790954555917, 1.0)": 0.02072607332860632}, "pct": 0.7598404419488641, "best_return": 2.6363748415232644}, "rel_minmax": {"time_param": 154, "trend": "rel_minmax", "q_params": {"(0, 2.5018755106298585e-05)": 0.9861017499268745, "(2.5018755106298585e-05, 0.02119069372815785)": 0.9819846530200448, "(0.02119069372815785, 0.08643442233549059)": 0.9727970451167098, "(0.08643442233549059, 0.3100517402446107)": 0.9190720296969638, "(0.3100517402446107, 0.3810831661485975)": 0.9035026468058645, "(0.3810831661485975, 0.4786036879778908)": 0.8728535941136696, "(0.4786036879778908, 0.5532734599000616)": 0.666749263119268, "(0.5532734599000616, 0.6315989916289917)": 0.37195463909252, "(0.6315989916289917, 0.7010198974685828)": 0.2841145641886315, "(0.7010198974685828, 1)": 0.19071524487098157}, "pct": 0.666749263119268, "best_return": 3.2938425163123384}, "ew_rel_minmax": {"time_param": 177, "trend": "ew_rel_minmax", "q_params": {"(0, 0.30265317100663214)": 0.9493190982659696, "(0.30265317100663214, 0.3632595542488748)": 0.7865969343772294, "(0.3632595542488748, 0.4210520817725587)": 0.7651686012681118, "(0.4210520817725587, 0.6095864381607435)": 0.7275758108491106, "(0.6095864381607435, 0.6807810493609402)": 0.6643362407824176, "(0.6807810493609402, 0.6824439435357236)": 0.6471350567644283, "(0.6824439435357236, 0.7221560207326543)": 0.46240740332900077, "(0.7221560207326543, 0.7715822427766551)": 0.46024924249294813, "(0.7715822427766551, 0.9670676437574773)": 0.445922357082255, "(0.9670676437574773, 1)": 0.34472852397070675}, "pct": 0.7275758108491106, "best_return": 2.8020540713531816}}