{"ma": {"time_param": 138, "trend": "ma", "q_params": {"(0, 0.17249091875118439)": 0.9057947396651992, "(0.17249091875118439, 0.19978409077208262)": 0.6806774835165379, "(0.19978409077208262, 0.4836026621199061)": 0.661514250730422, "(0.4836026621199061, 0.5668685170313782)": 0.4841362021404916, "(0.5668685170313782, 0.5774191706657993)": 0.44879895224085703, "(0.5774191706657993, 0.670250823787188)": 0.4306442811189263, "(0.670250823787188, 0.7539644044986787)": 0.32439719805815503, "(0.7539644044986787, 0.9093799976873481)": 0.27602473196179195, "(0.9093799976873481, 0.9225903821249217)": 0.12795646285093626, "(0.9225903821249217, 1)": 0.03444940445986099}, "pct": 0.9057947396651992, "best_return": 2.895722599485187}, "ew_ma": {"time_param": 15, "trend": "ew_ma", "q_params": {"(0, 0.08477558147033999)": 0.9833365936981733, "(0.08477558147033999, 0.31408128317845396)": 0.8359168770212138, "(0.31408128317845396, 0.37653356527324755)": 0.8082786211414441, "(0.37653356527324755, 0.47269328433384805)": 0.7688105371493281, "(0.47269328433384805, 0.5889031179118719)": 0.750731942271866, "(0.5889031179118719, 0.6631134490517973)": 0.6277810928289982, "(0.6631134490517973, 0.8227070149816125)": 0.5748984942235859, "(0.8227070149816125, 0.9160001567454005)": 0.5526126134286844, "(0.9160001567454005, 0.9161465486887121)": 0.4998729259178045, "(0.9161465486887121, 1)": 0.04285865219821737}, "pct": 0.8359168770212138, "best_return": 2.758280210142197}, "rel_minmax": {"time_param": 189, "trend": "rel_minmax", "q_params": {"(0, 0.0884278136515757)": 0.9916078899038063, "(0.0884278136515757, 0.20383455746922116)": 0.8833214715077915, "(0.20383455746922116, 0.4763275043588242)": 0.7998657982944083, "(0.4763275043588242, 0.49258675247367056)": 0.6925254797951145, "(0.49258675247367056, 0.5466303679243197)": 0.6256680157488286, "(0.5466303679243197, 0.6197961770634701)": 0.6031217639412308, "(0.6197961770634701, 0.6532668686179632)": 0.5512572345092613, "(0.6532668686179632, 0.726231611747068)": 0.29638528758499644, "(0.726231611747068, 0.8609178816520304)": 0.03931747464891089, "(0.8609178816520304, 1)": 0.014441895077928573}, "pct": 0.5512572345092613, "best_return": 4.371488744724449}, "ew_rel_minmax": {"trend": "ew_rel_minmax", "time_param": 103, "q_params": {"(0, 0.09970044031663347)": 0.9999746821480895, "(0.09970044031663347, 0.29832707097426286)": 0.9995327706004901, "(0.29832707097426286, 0.41135035680432985)": 0.9985587620735504, "(0.41135035680432985, 0.5066396697854426)": 0.9983060874042579, "(0.5066396697854426, 0.5148524752171191)": 0.9962769646676162, "(0.5148524752171191, 0.5349960649139783)": 0.9932826852753868, "(0.5349960649139783, 0.6120449712306667)": 0.9931289071753103, "(0.6120449712306667, 0.6939728017530372)": 0.9924788758740511, "(0.6939728017530372, 0.8415385158178427)": 0.9920279440699441, "(0.8415385158178427, 1.0)": 0.02870990890247939}, "pct": 0.9924788758740511, "best_return": 3.348556648892134}}