{"ma": {"time_param": 121, "trend": "ma", "q_params": {"(0, 0.5123019040051193)": 0.9996875083936301, "(0.5123019040051193, 0.5552563294237537)": 0.9985196635736848, "(0.5552563294237537, 0.6202060306357129)": 0.9860371705340714, "(0.6202060306357129, 0.674221245415038)": 0.9745610103639656, "(0.674221245415038, 0.7249037626327804)": 0.8990333419946961, "(0.7249037626327804, 0.7314013266594989)": 0.7374903780758497, "(0.7314013266594989, 0.7670682803098401)": 0.15479994235753533, "(0.7670682803098401, 0.7800475139503887)": 0.04017008646544014, "(0.7800475139503887, 0.8016842811596667)": 0.0212184106255756, "(0.8016842811596667, 1.0)": 0.00028902853756220876}, "pct": 0.9996875083936301, "best_return": 9.83768127316164}, "ew_ma": {"time_param": 18, "trend": "ew_ma", "q_params": {"(0, 0.4365118101791746)": 0.9999956220667272, "(0.4365118101791746, 0.48296732813751525)": 0.9986705657480122, "(0.48296732813751525, 0.6188684472096558)": 0.990717118273591, "(0.6188684472096558, 0.6257189080453964)": 0.8406245993482584, "(0.6257189080453964, 0.7087379741563522)": 0.8317514976341553, "(0.7087379741563522, 0.7107484081228671)": 0.6357955586605035, "(0.7107484081228671, 0.8042982231258569)": 0.32344704221722465, "(0.8042982231258569, 0.8981932606426474)": 0.32173755382244273, "(0.8981932606426474, 0.9453960451220308)": 0.02458558771115374, "(0.9453960451220308, 1.0)": 0.016200618295605058}, "pct": 0.9999956220667272, "best_return": 6.17878209538567}, "rel_minmax": {"time_param": 59, "trend": "rel_minmax", "q_params": {"(0, 0.5404707222601091)": 0.999847437625274, "(0.5404707222601091, 0.5845910783480437)": 0.9980020888593885, "(0.5845910783480437, 0.6102195826863476)": 0.8707722968663186, "(0.6102195826863476, 0.614618739297983)": 0.8390575794018196, "(0.614618739297983, 0.6244353286056251)": 0.7995204021279582, "(0.6244353286056251, 0.6268012743700996)": 0.3345507454458864, "(0.6268012743700996, 0.6533047814054573)": 0.17651044426568596, "(0.6533047814054573, 0.6645374333838585)": 0.17323535183311595, "(0.6645374333838585, 0.8756333462898758)": 0.17192885711123906, "(0.8756333462898758, 1.0)": 0.000874847259811487}, "pct": 0.999847437625274, "best_return": 6.7321539930602095}, "ew_rel_minmax": {"trend": "ew_rel_minmax", "time_param": 103, "q_params": {"(0, 0.1)": 1.0, "(0.1, 0.2950217697551645)": 0.9998596531380761, "(0.2950217697551645, 0.5023577035263043)": 0.9996728845969877, "(0.5023577035263043, 0.5057407671645796)": 0.999555284716541, "(0.5057407671645796, 0.5247255312977502)": 0.9935553208147715, "(0.5247255312977502, 0.554331855875705)": 0.992482804847741, "(0.554331855875705, 0.5838540652835851)": 0.992312710796496, "(0.5838540652835851, 0.7956728887154892)": 0.9920371623228659, "(0.7956728887154892, 0.8513852441501217)": 0.9920279440699441, "(0.8513852441501217, 1.0)": 0.003843735386917055}, "pct": 0.9920371623228659, "best_return": 5.283197999052076}}