{"ma": {"time_param": 133, "trend": "ma", "q_params": {"(0, 0.008962080644950129)": 0.9759889605358235, "(0.008962080644950129, 0.34105953311761694)": 0.9473972068683443, "(0.34105953311761694, 0.41850950522183356)": 0.9330365742908537, "(0.41850950522183356, 0.4250597728859735)": 0.8925089405183919, "(0.4250597728859735, 0.5322180376940356)": 0.84281165228978, "(0.5322180376940356, 0.6071012308407875)": 0.5935060517514114, "(0.6071012308407875, 0.763953128636729)": 0.3788447051366032, "(0.763953128636729, 0.8387236780850666)": 0.26709445632388573, "(0.8387236780850666, 0.9835306137198453)": 0.20011232200105022, "(0.9835306137198453, 1.0)": 0.17189448944841726}, "pct": 0.9473972068683443, "best_return": 3.0085372571224642}, "ew_ma": {"time_param": 121, "trend": "ew_ma", "q_params": {"(0, 0.01534390625082402)": 0.9946510166353086, "(0.01534390625082402, 0.1038763946435618)": 0.9590252992160349, "(0.1038763946435618, 0.5903759989854841)": 0.8394503938344737, "(0.5903759989854841, 0.6586500267195973)": 0.7678247322989027, "(0.6586500267195973, 0.6831075945059686)": 0.6299047735892531, "(0.6831075945059686, 0.7290325457256883)": 0.6195282350802415, "(0.7290325457256883, 0.8018944674092279)": 0.3873330565021271, "(0.8018944674092279, 0.8420830471356899)": 0.21950883558428527, "(0.8420830471356899, 0.9595954489787848)": 0.09902309414603433, "(0.9595954489787848, 1)": 0.08511159164756765}, "pct": 0.9590252992160349, "best_return": 3.2207894908304087}, "rel_minmax": {"time_param": 127, "trend": "rel_minmax", "q_params": {"(0, 0.044878263039216715)": 0.96595382021158, "(0.044878263039216715, 0.26199036772040585)": 0.8388230838990793, "(0.26199036772040585, 0.6130368278687999)": 0.7918119376808463, "(0.6130368278687999, 0.7341945311342936)": 0.7248484186758094, "(0.7341945311342936, 0.7352329380741887)": 0.6724004008617762, "(0.7352329380741887, 0.7585495285984389)": 0.4741386781823347, "(0.7585495285984389, 0.9016164410206617)": 0.38815219792157474, "(0.9016164410206617, 0.9250260438163406)": 0.23058313409980213, "(0.9250260438163406, 0.934244433908993)": 0.11982956081723595, "(0.934244433908993, 1)": 0.008082111177871831}, "pct": 0.7918119376808463, "best_return": 2.772122181433209}, "ew_rel_minmax": {"time_param": 205, "trend": "ew_rel_minmax", "q_params": {"(0, 0.20147031892692702)": 0.9735009849252176, "(0.20147031892692702, 0.28883094044585345)": 0.8935814573128991, "(0.28883094044585345, 0.3380590370147787)": 0.8560700920618797, "(0.3380590370147787, 0.373056456227013)": 0.7207626420929241, "(0.373056456227013, 0.40177195115500663)": 0.7038843382836121, "(0.40177195115500663, 0.5313103628995861)": 0.6611734724786212, "(0.5313103628995861, 0.5660433999292758)": 0.5851855964736911, "(0.5660433999292758, 0.7720580825847199)": 0.36850343916839035, "(0.7720580825847199, 0.9870297752880619)": 0.32394710394770754, "(0.9870297752880619, 1)": 0.26859598601538237}, "pct": 0.36850343916839035, "best_return": 2.857791152695312}}