{"ma": {"time_param": 221, "trend": "ma", "q_params": {"(0, 0.16641293123886114)": 0.9698875420995156, "(0.16641293123886114, 0.22055106409853587)": 0.9368505935677557, "(0.22055106409853587, 0.558584010183925)": 0.8049070824780185, "(0.558584010183925, 0.6630620375637561)": 0.7446612478356842, "(0.6630620375637561, 0.6631961324243374)": 0.6340896033895854, "(0.6631961324243374, 0.6916358361397213)": 0.6054232890944897, "(0.6916358361397213, 0.7176898359066408)": 0.5241904553297256, "(0.7176898359066408, 0.8271038676378457)": 0.3910817093466452, "(0.8271038676378457, 0.9591467170367427)": 0.28318496392009784, "(0.9591467170367427, 1)": 0.05608533123126501}, "pct": 0.9698875420995156, "best_return": 3.1167109529798562}, "ew_ma": {"time_param": 28, "trend": "ew_ma", "q_params": {"(0, 0.2508248164114537)": 0.9612704623600904, "(0.2508248164114537, 0.4361593094644316)": 0.7967007142237489, "(0.4361593094644316, 0.45831358283417356)": 0.7405142688830464, "(0.45831358283417356, 0.6625450722649225)": 0.706316540701403, "(0.6625450722649225, 0.7534902493605876)": 0.6734388621582826, "(0.7534902493605876, 0.7863903685980682)": 0.6583740200376692, "(0.7863903685980682, 0.884700233908458)": 0.617031546427132, "(0.884700233908458, 0.9152295603407075)": 0.5647834703534277, "(0.9152295603407075, 0.9364605972924346)": 0.535536306359659, "(0.9364605972924346, 1)": 0.11584380432633945}, "pct": 0.9612704623600904, "best_return": 2.940325448749363}, "rel_minmax": {"time_param": 17, "trend": "rel_minmax", "q_params": {"(0, 0.01766886804737825)": 0.9138825723319877, "(0.01766886804737825, 0.17717948720444987)": 0.9090660391197956, "(0.17717948720444987, 0.2597634748703561)": 0.7604405441800887, "(0.2597634748703561, 0.40050177946878684)": 0.6632113845043182, "(0.40050177946878684, 0.4670658448840479)": 0.560118884983817, "(0.4670658448840479, 0.49600624654955294)": 0.5260003480659201, "(0.49600624654955294, 0.605734468856536)": 0.5130577808195809, "(0.605734468856536, 0.6990083066257551)": 0.30918507335215345, "(0.6990083066257551, 0.8534858550521539)": 0.24826412834226907, "(0.8534858550521539, 1)": 0.09674950359319433}, "pct": 0.6632113845043182, "best_return": 3.61346559761625}, "ew_rel_minmax": {"time_param": 99, "trend": "ew_rel_minmax", "q_params": {"(0, 0.26324766874692285)": 0.9734083484528667, "(0.26324766874692285, 0.41963288214587147)": 0.9702277348131254, "(0.41963288214587147, 0.4340717037480456)": 0.957247930301853, "(0.4340717037480456, 0.6375357487095974)": 0.7638070556490871, "(0.6375357487095974, 0.7559912137111853)": 0.6003699854689711, "(0.7559912137111853, 0.8262922544643404)": 0.5058701735002064, "(0.8262922544643404, 0.8300947201502447)": 0.3002681586460671, "(0.8300947201502447, 0.8889941854730072)": 0.2881035392490871, "(0.8889941854730072, 0.9176980173369549)": 0.23570815505926113, "(0.9176980173369549, 1)": 0.13570890778569744}, "pct": 0.7638070556490871, "best_return": 2.991952808583373}}