{"ma": {"time_param": 132, "trend": "ma", "q_params": {"(0, 0.15022635452426802)": 0.9420956713273316, "(0.15022635452426802, 0.17244813408832482)": 0.9267338520254726, "(0.17244813408832482, 0.3809719431361332)": 0.8622886902699632, "(0.3809719431361332, 0.5261964736457948)": 0.5995661319876835, "(0.5261964736457948, 0.6839420359060832)": 0.5724939735726667, "(0.6839420359060832, 0.7836163732814047)": 0.46525276921708214, "(0.7836163732814047, 0.8021390553949435)": 0.22601497150343286, "(0.8021390553949435, 0.8226038156633774)": 0.22189486895160326, "(0.8226038156633774, 0.9871773348904193)": 0.16653699234931485, "(0.9871773348904193, 1)": 0.1307417525788226}, "pct": 0.8622886902699632, "best_return": 2.9554667982709653}, "ew_ma": {"time_param": 14, "trend": "ew_ma", "q_params": {"(0.0, 0.02035615421350399)": 0.8680010848858818, "(0.02035615421350399, 0.09132847460924333)": 0.8548118974634318, "(0.09132847460924333, 0.4966748730430659)": 0.7598404419488641, "(0.4966748730430659, 0.7497777566974038)": 0.673268490819311, "(0.7497777566974038, 0.769443106292546)": 0.6568273239808308, "(0.769443106292546, 0.7810256428810909)": 0.44426281435820775, "(0.7810256428810909, 0.8219901414500952)": 0.3426480752538218, "(0.8219901414500952, 0.8385052469865709)": 0.33990747999408816, "(0.8385052469865709, 0.9910790954555917)": 0.08092022888779636, "(0.9910790954555917, 1.0)": 0.02072607332860632}, "pct": 1, "best_return": 2.6016260792963384}, "rel_minmax": {"time_param": 158, "trend": "rel_minmax", "q_params": {"(0, 0.32703351014655935)": 0.837411272903301, "(0.32703351014655935, 0.3998212483043464)": 0.7884881896650808, "(0.3998212483043464, 0.42758759988636896)": 0.7201814031425418, "(0.42758759988636896, 0.5020142130827585)": 0.7048821846904954, "(0.5020142130827585, 0.5061442032993151)": 0.6315083186058763, "(0.5061442032993151, 0.5240923476830741)": 0.6032414274936927, "(0.5240923476830741, 0.5328308330041768)": 0.5684194269933125, "(0.5328308330041768, 0.6367760442258878)": 0.34158517551525847, "(0.6367760442258878, 0.6697208277184495)": 0.28273041960433176, "(0.6697208277184495, 1)": 0.06092221945667031}, "pct": 0.7048821846904954, "best_return": 2.7278639006804957}, "ew_rel_minmax": {"time_param": 109, "trend": "ew_rel_minmax", "q_params": {"(0, 0.022937356554831867)": 0.9758622853591292, "(0.022937356554831867, 0.3605209909688687)": 0.9150397298627925, "(0.3605209909688687, 0.37777304105460463)": 0.826169074311839, "(0.37777304105460463, 0.48371845268984925)": 0.7924118401686282, "(0.48371845268984925, 0.49235369761874503)": 0.7917895218834162, "(0.49235369761874503, 0.49391732604596206)": 0.7228484478500112, "(0.49391732604596206, 0.5774247586935248)": 0.6048621956062655, "(0.5774247586935248, 0.6552801534921626)": 0.5144824294971204, "(0.6552801534921626, 0.7256816631245537)": 0.28317950416386395, "(0.7256816631245537, 1)": 0.15546990742214128}, "pct": 0.6048621956062655, "best_return": 2.7316581951428223}}