{"ma": {"time_param": 121, "trend": "ma", "q_params": {"(0, 0.47427403750418123)": 0.9996875083936301, "(0.47427403750418123, 0.5521025279637017)": 0.9982695955109863, "(0.5521025279637017, 0.6202060306357129)": 0.9860371705340714, "(0.6202060306357129, 0.674221245415038)": 0.953371072033445, "(0.674221245415038, 0.7204443661724851)": 0.9006391233713555, "(0.7204443661724851, 0.73961515318915)": 0.674130588290054, "(0.73961515318915, 0.7670682803098401)": 0.2181410148493672, "(0.7670682803098401, 0.7800475139503887)": 0.21129051537054644, "(0.7800475139503887, 0.8420856313466479)": 0.0212184106255756, "(0.8420856313466479, 1.0)": 0.0012695188648590625}, "pct": 0.9996875083936301, "best_return": 10.267822845876552}, "ew_ma": {"time_param": 18, "trend": "ew_ma", "q_params": {"(0, 0.43184830077981495)": 0.9999956220667272, "(0.43184830077981495, 0.5045981516962356)": 0.9825617807876994, "(0.5045981516962356, 0.585565881990733)": 0.9766470259524987, "(0.585565881990733, 0.6278810230195241)": 0.8582568080168369, "(0.6278810230195241, 0.7087379741563522)": 0.8256837259301792, "(0.7087379741563522, 0.7107484081228671)": 0.674750321454927, "(0.7107484081228671, 0.8042982231258569)": 0.32344704221722465, "(0.8042982231258569, 0.8981932606426474)": 0.32173755382244273, "(0.8981932606426474, 0.9453960451220308)": 0.0432027479751361, "(0.9453960451220308, 1.0)": 0.01972547582263706}, "pct": 0.9766470259524987, "best_return": 6.359945690474102}, "rel_minmax": {"time_param": 59, "trend": "rel_minmax", "q_params": {"(0, 0.5302030007007583)": 0.9995667638144662, "(0.5302030007007583, 0.5845910783480437)": 0.9969390155823312, "(0.5845910783480437, 0.6013264060300558)": 0.8433611330713697, "(0.6013264060300558, 0.614618739297983)": 0.8201220640056476, "(0.614618739297983, 0.626792188024099)": 0.7441244666719884, "(0.626792188024099, 0.6333389042692862)": 0.38001374088083517, "(0.6333389042692862, 0.6399592770265291)": 0.17651044426568596, "(0.6399592770265291, 0.6645374333838585)": 0.17323535183311595, "(0.6645374333838585, 0.8756333462898758)": 0.17192885711123906, "(0.8756333462898758, 1.0)": 0.000874847259811487}, "pct": 0.9995667638144662, "best_return": 6.6816173657343025}, "ew_rel_minmax": {"trend": "ew_rel_minmax", "time_param": 103, "q_params": {"(0, 0.1)": 1.0, "(0.1, 0.31235764630153856)": 0.9996056458870652, "(0.31235764630153856, 0.49251103634588544)": 0.9996050171120949, "(0.49251103634588544, 0.5057407671645796)": 0.999555284716541, "(0.5057407671645796, 0.5247255312977502)": 0.9935553208147715, "(0.5247255312977502, 0.5438563884548655)": 0.9925098643067405, "(0.5438563884548655, 0.5838540652835851)": 0.9920547585255942, "(0.5838540652835851, 0.7956728887154892)": 0.9920371623228659, "(0.7956728887154892, 0.8470595264520318)": 0.9920279440699441, "(0.8470595264520318, 1.0)": 0.003843735386917055}, "pct": 0.9920371623228659, "best_return": 4.863045093428623}}