{"ma": {"time_param": 92, "trend": "ma", "q_params": {"(0, 0.03791407755956891)": 0.8907327388813293, "(0.03791407755956891, 0.4987708511433153)": 0.8390057082093569, "(0.4987708511433153, 0.6098177158302983)": 0.7678351577471046, "(0.6098177158302983, 0.6231290553792818)": 0.7309766831181612, "(0.6231290553792818, 0.679751420685759)": 0.5479868704947429, "(0.679751420685759, 0.7310091668635977)": 0.494138838326986, "(0.7310091668635977, 0.8085673887492035)": 0.3904005143229442, "(0.8085673887492035, 0.866033919291462)": 0.3206751194476123, "(0.866033919291462, 0.9886494453139681)": 0.17005088312127237, "(0.9886494453139681, 1)": 0.051656850367876816}, "pct": 0.8390057082093569, "best_return": 3.3690974578904456}, "ew_ma": {"time_param": 67, "trend": "ew_ma", "q_params": {"(0, 0.042952306498263815)": 0.9845945604773029, "(0.042952306498263815, 0.39736587533028866)": 0.9089957602429832, "(0.39736587533028866, 0.436154304069853)": 0.8454298530278196, "(0.436154304069853, 0.4637190921756232)": 0.6096310837204385, "(0.4637190921756232, 0.5006335057486905)": 0.5569402533398677, "(0.5006335057486905, 0.5114903311257083)": 0.523460424907517, "(0.5114903311257083, 0.7317458517207998)": 0.5160953395920255, "(0.7317458517207998, 0.7979162017743386)": 0.48155332624966907, "(0.7979162017743386, 0.7995966464108266)": 0.36731678104541654, "(0.7995966464108266, 1)": 0.07114690178708527}, "pct": 0.9089957602429832, "best_return": 3.0721512734651273}, "rel_minmax": {"time_param": 111, "trend": "rel_minmax", "q_params": {"(0, 0.17198070658625217)": 0.9647469149055679, "(0.17198070658625217, 0.4065931250649656)": 0.9452413582598155, "(0.4065931250649656, 0.5066063035276841)": 0.89069203436463, "(0.5066063035276841, 0.5641683597083297)": 0.7606178881934783, "(0.5641683597083297, 0.8385486823505892)": 0.5751275084888688, "(0.8385486823505892, 0.8773519154101754)": 0.4896079701749686, "(0.8773519154101754, 0.8903817429935962)": 0.433520597472011, "(0.8903817429935962, 0.891275287576417)": 0.30276967057663107, "(0.891275287576417, 0.9125818584876173)": 0.29751305614258194, "(0.9125818584876173, 1)": 0.2519075585109232}, "pct": 0.5751275084888688, "best_return": 3.6736858753973713}, "ew_rel_minmax": {"trend": "ew_rel_minmax", "time_param": 103, "q_params": {"(0, 0.11160722057612711)": 0.9999746821480895, "(0.11160722057612711, 0.33487878486703093)": 0.9998596531380761, "(0.33487878486703093, 0.4018443685267818)": 0.9996728845969877, "(0.4018443685267818, 0.5066396697854426)": 0.9978640218661812, "(0.5066396697854426, 0.5247255312977502)": 0.9962769646676162, "(0.5247255312977502, 0.5349960649139783)": 0.9932826852753868, "(0.5349960649139783, 0.5838540652835851)": 0.9931289071753103, "(0.5838540652835851, 0.7850824192205923)": 0.9924788758740511, "(0.7850824192205923, 0.8331846285671929)": 0.9920279440699441, "(0.8331846285671929, 1.0)": 0.018167257599671173}, "pct": 0.9924788758740511, "best_return": 4.154823708267973}}