{"ma": {"time_param": 133, "trend": "ma", "q_params": {"(0, 0.008962080644950129)": 0.965551397749646, "(0.008962080644950129, 0.34105953311761694)": 0.9517151991986325, "(0.34105953311761694, 0.40494126580165235)": 0.9330365742908537, "(0.40494126580165235, 0.4250597728859735)": 0.8925089405183919, "(0.4250597728859735, 0.5529384952634521)": 0.8226247702000288, "(0.5529384952634521, 0.6399982610368459)": 0.5935060517514114, "(0.6399982610368459, 0.763953128636729)": 0.36909123083572903, "(0.763953128636729, 0.8387236780850666)": 0.280344627185921, "(0.8387236780850666, 0.9835306137198453)": 0.24555269782003003, "(0.9835306137198453, 1)": 0.14098359088848678}, "pct": 0.9517151991986325, "best_return": 3.1063837332564335}, "ew_ma": {"time_param": 189, "trend": "ew_ma", "q_params": {"(0, 0.29557668947333526)": 0.9944936169609837, "(0.29557668947333526, 0.38813791164320355)": 0.9505139382354985, "(0.38813791164320355, 0.5629568186870549)": 0.9225997965777246, "(0.5629568186870549, 0.6711993894582071)": 0.8090258653877529, "(0.6711993894582071, 0.8379341588972052)": 0.6938668436796439, "(0.8379341588972052, 0.8657263942740402)": 0.6156115186316992, "(0.8657263942740402, 0.872952589033286)": 0.20978079199523403, "(0.872952589033286, 0.9871239517170968)": 0.1957630846761651, "(0.9871239517170968, 0.9967687084007198)": 0.07479554858635686, "(0.9967687084007198, 1)": 0.04206958420540374}, "pct": 0.9944936169609837, "best_return": 4.128816255264256}, "rel_minmax": {"time_param": 53, "trend": "rel_minmax", "q_params": {"(0, 0.2786228778909849)": 0.9027752341909345, "(0.2786228778909849, 0.342532128714123)": 0.8674564725276618, "(0.342532128714123, 0.3712267636373563)": 0.8645158280337951, "(0.3712267636373563, 0.5266717081509021)": 0.765279101102363, "(0.5266717081509021, 0.6665512774991413)": 0.465813585034887, "(0.6665512774991413, 0.7500645327819874)": 0.421699220579123, "(0.7500645327819874, 0.8233737459111814)": 0.3973014895827002, "(0.8233737459111814, 0.8347683773206029)": 0.27313297819896754, "(0.8347683773206029, 0.9933048030710716)": 0.15039388401544632, "(0.9933048030710716, 1)": 0.14133123612322168}, "pct": 0.421699220579123, "best_return": 3.479021371654362}, "ew_rel_minmax": {"time_param": 20, "trend": "ew_rel_minmax", "q_params": {"(0, 0.3375089682687152)": 0.9501166618178654, "(0.3375089682687152, 0.3641382181448668)": 0.8393980439458542, "(0.3641382181448668, 0.3651641682625887)": 0.7665826390762499, "(0.3651641682625887, 0.3822769976365214)": 0.6471899124532574, "(0.3822769976365214, 0.48820958747063004)": 0.5686000935582513, "(0.48820958747063004, 0.5042917380808536)": 0.5002894576812313, "(0.5042917380808536, 0.6112964172630595)": 0.40127852958099697, "(0.6112964172630595, 0.9104155172827698)": 0.38305296169663966, "(0.9104155172827698, 0.9190382096590094)": 0.2397990685488553, "(0.9190382096590094, 1)": 0.12212121424176445}, "pct": 0.38305296169663966, "best_return": 2.90057048792214}}