{"ma": {"trend": "ma", "time_param": 78, "q_params": {"(0, 0.1857342290817943)": 0.9999534185685985, "(0.1857342290817943, 0.3139943271139425)": 0.9999485970966989, "(0.3139943271139425, 0.36559139861948337)": 0.9994000220570917, "(0.36559139861948337, 0.3950622511248701)": 0.9974793351828162, "(0.3950622511248701, 0.4288036382886245)": 0.9967936601283701, "(0.4288036382886245, 0.5969094678750614)": 0.9937847499081814, "(0.5969094678750614, 0.6546112687468246)": 0.9922616594119428, "(0.6546112687468246, 0.7945979101472039)": 0.9603207651880693, "(0.7945979101472039, 0.9936999084038433)": 0.9516992074881376, "(0.9936999084038433, 1.0)": 0.2690060262333694}, "pct": 0.9999534185685985, "best_return": 4.757019012730668}, "ew_ma": {"trend": "ew_ma", "time_param": 78, "q_params": {"(0, 0.2560116327076746)": 0.9999147461128375, "(0.2560116327076746, 0.3083956373472788)": 0.9997794400950938, "(0.3083956373472788, 0.3251358338971864)": 0.9991221733452621, "(0.3251358338971864, 0.3683504237049813)": 0.9990645835293901, "(0.3683504237049813, 0.40254387232895067)": 0.997982629445035, "(0.40254387232895067, 0.43336134594453873)": 0.9974411128186648, "(0.43336134594453873, 0.8494076102227752)": 0.9656127185027645, "(0.8494076102227752, 0.8746691297635266)": 0.8278371659521981, "(0.8746691297635266, 0.9889556107399948)": 0.7460534149727417, "(0.9889556107399948, 1.0)": 0.42279784719955865}, "pct": 0.9999147461128375, "best_return": 4.829694236925862}, "rel_minmax": {"time_param": 161, "trend": "rel_minmax", "q_params": {"(0, 0.0381555014509658)": 0.956966617636296, "(0.0381555014509658, 0.22116579523405677)": 0.8969283097537564, "(0.22116579523405677, 0.5452393545681707)": 0.8652466838488944, "(0.5452393545681707, 0.6368154676486445)": 0.7373943156947415, "(0.6368154676486445, 0.6415157494124236)": 0.647224127067835, "(0.6415157494124236, 0.8147117171231042)": 0.39278021377408956, "(0.8147117171231042, 0.8349849574136118)": 0.25195355666316377, "(0.8349849574136118, 0.841243264623843)": 0.10210637809978973, "(0.841243264623843, 0.9397287163164789)": 0.011261337141799888, "(0.9397287163164789, 1)": 0.002169418887618796}, "pct": 0.011261337141799888, "best_return": 5.126614607102678}, "ew_rel_minmax": {"time_param": 129, "trend": "ew_rel_minmax", "q_params": {"(0, 0.016624583954224916)": 0.9673993592505772, "(0.016624583954224916, 0.45448172976191326)": 0.9337425595076959, "(0.45448172976191326, 0.5770947872235499)": 0.8189225592041885, "(0.5770947872235499, 0.672291947920681)": 0.8011350540334372, "(0.672291947920681, 0.8372080442713606)": 0.7918786107288099, "(0.8372080442713606, 0.8926595922847236)": 0.34540156190739696, "(0.8926595922847236, 0.9612783629040959)": 0.25732005123528734, "(0.9612783629040959, 0.9640638212766693)": 0.0871052464354628, "(0.9640638212766693, 0.9919301990917854)": 0.0737693881825438, "(0.9919301990917854, 1)": 0.05039112202818516}, "pct": 0.34540156190739696, "best_return": 5.714553129207048}}