{"ma": {"trend": "ma", "time_param": 78, "q_params": {"(0.0, 0.1857342290817943)": 0.9999728258139851, "(0.1857342290817943, 0.31666348633857244)": 0.9999485970966989, "(0.31666348633857244, 0.36259976707072883)": 0.9994000220570917, "(0.36259976707072883, 0.3950622511248701)": 0.998137982387656, "(0.3950622511248701, 0.4158083635921038)": 0.9967936601283701, "(0.4158083635921038, 0.6123274670249209)": 0.9964216483187948, "(0.6123274670249209, 0.6546112687468246)": 0.9922616594119428, "(0.6546112687468246, 0.8016603381148909)": 0.9551281151787485, "(0.8016603381148909, 0.9936999084038433)": 0.9516992074881376, "(0.9936999084038433, 1.0)": 0.2690060262333694}, "pct": 1, "best_return": 4.498300339724594}, "ew_ma": {"trend": "ew_ma", "time_param": 78, "q_params": {"(0, 0.2560116327076746)": 0.9999733933982617, "(0.2560116327076746, 0.3083956373472788)": 0.9997794400950938, "(0.3083956373472788, 0.3251358338971864)": 0.9991221733452621, "(0.3251358338971864, 0.37345239217622017)": 0.9990645835293901, "(0.37345239217622017, 0.40254387232895067)": 0.9987742716334805, "(0.40254387232895067, 0.8371305975510218)": 0.9974411128186648, "(0.8371305975510218, 0.8494076102227752)": 0.955937369682599, "(0.8494076102227752, 0.8746691297635266)": 0.8278371659521981, "(0.8746691297635266, 0.9889556107399948)": 0.7460534149727417, "(0.9889556107399948, 1.0)": 0.42279784719955865}, "pct": 0.9999733933982617, "best_return": 4.785720562169278}, "rel_minmax": {"trend": "rel_minmax", "time_param": 78, "q_params": {"(0, 0.16600657730487012)": 0.9999811872515276, "(0.16600657730487012, 0.32011879837344775)": 0.9998385529165466, "(0.32011879837344775, 0.45961691155077733)": 0.9988572090708604, "(0.45961691155077733, 0.5300671950854031)": 0.9971753356747889, "(0.5300671950854031, 0.5832325319749434)": 0.9969376400465304, "(0.5832325319749434, 0.6108109853902097)": 0.9948713527103955, "(0.6108109853902097, 0.671370690901509)": 0.9017859319338853, "(0.671370690901509, 0.8535386713470352)": 0.8818353527500359, "(0.8535386713470352, 0.9209257781765467)": 0.702095210465516, "(0.9209257781765467, 1.0)": 0.004522096935539212}, "pct": 0.702095210465516, "best_return": 5.145979443977616}, "ew_rel_minmax": {"time_param": 156, "trend": "ew_rel_minmax", "q_params": {"(0, 0.021265940260327465)": 0.9036571638041692, "(0.021265940260327465, 0.21871620012040774)": 0.9025617959021586, "(0.21871620012040774, 0.3484736452667591)": 0.8961523911652041, "(0.3484736452667591, 0.7087054904429962)": 0.7324920218396572, "(0.7087054904429962, 0.8114848332889744)": 0.6817627976807736, "(0.8114848332889744, 0.8270384751660202)": 0.5920100991222031, "(0.8270384751660202, 0.8760856996033938)": 0.418009300447972, "(0.8760856996033938, 0.9151123845735624)": 0.3344923294546355, "(0.9151123845735624, 0.9594350822009792)": 0.30320376396764226, "(0.9594350822009792, 1)": 0.13243851730721268}, "pct": 0.13243851730721268, "best_return": 4.722020673848464}}