{"ma": {"trend": "ma", "time_param": 78, "q_params": {"(0.0, 0.16087038199083795)": 1.0, "(0.16087038199083795, 0.2685158194969799)": 0.9999337279859732, "(0.2685158194969799, 0.3723024957895683)": 0.9998931506706789, "(0.3723024957895683, 0.41361876536646425)": 0.9998398617663055, "(0.41361876536646425, 0.42647757755226945)": 0.9978327453711524, "(0.42647757755226945, 0.5881653813920836)": 0.9964216483187948, "(0.5881653813920836, 0.6258169642229034)": 0.993901181536107, "(0.6258169642229034, 0.7927153059735844)": 0.9796782631486001, "(0.7927153059735844, 0.9936999084038433)": 0.9469637733457096, "(0.9936999084038433, 1.0)": 0.2589936071835379}, "pct": 1, "best_return": 5.255844950014279}, "ew_ma": {"trend": "ew_ma", "time_param": 78, "q_params": {"(0, 0.25010763961119253)": 0.9999760485516738, "(0.25010763961119253, 0.2737968714732323)": 0.9996228305623568, "(0.2737968714732323, 0.3536585421391856)": 0.9994889948047119, "(0.3536585421391856, 0.35974082062790325)": 0.9992547723806914, "(0.35974082062790325, 0.3943472450153764)": 0.9988361952274352, "(0.3943472450153764, 0.8036812636577627)": 0.9981943809632831, "(0.8036812636577627, 0.8427559915812723)": 0.9936403014957708, "(0.8427559915812723, 0.8469518936061297)": 0.8433568122309089, "(0.8469518936061297, 0.9889556107399948)": 0.7300319826884482, "(0.9889556107399948, 1.0)": 0.4274930014295657}, "pct": 0.9999760485516738, "best_return": 5.634899104295137}, "rel_minmax": {"trend": "rel_minmax", "time_param": 78, "q_params": {"(0, 0.18186345819601304)": 0.9996953589916776, "(0.18186345819601304, 0.28243229977474515)": 0.9994478172888889, "(0.28243229977474515, 0.47810162091515174)": 0.9988572090708604, "(0.47810162091515174, 0.5517460847112516)": 0.9984667158529416, "(0.5517460847112516, 0.5958269012005639)": 0.9980668171796216, "(0.5958269012005639, 0.6486834466145492)": 0.9965340108125156, "(0.6486834466145492, 0.6665273774209801)": 0.9944244922911892, "(0.6665273774209801, 0.8509794358992301)": 0.9930034161906168, "(0.8509794358992301, 0.8675389200216846)": 0.7143607871528682, "(0.8675389200216846, 1.0)": 0.0024543960005546164}, "pct": 0.0024543960005546164, "best_return": 8.601046590121948}, "ew_rel_minmax": {"trend": "ew_rel_minmax", "time_param": 78, "q_params": {"(0, 0.10211652619314501)": 0.9999949542757253, "(0.10211652619314501, 0.15920518995421667)": 0.9999786366885529, "(0.15920518995421667, 0.42165206153862855)": 0.9999671006148061, "(0.42165206153862855, 0.4451339342221825)": 0.999926687563199, "(0.4451339342221825, 0.6308005257946673)": 0.9998672420488562, "(0.6308005257946673, 0.6440842025013159)": 0.9990095670452577, "(0.6440842025013159, 0.8250642278908897)": 0.998663563258705, "(0.8250642278908897, 0.9155119229762841)": 0.996312853048575, "(0.9155119229762841, 0.9849870455620828)": 0.638642861692195, "(0.9849870455620828, 1.0)": 0.21822976887085296}, "pct": 0.638642861692195, "best_return": 5.932115607502155}}