{"ma": {"trend": "ma", "time_param": 78, "q_params": {"(0, 0.16087038199083795)": 0.9999728258139851, "(0.16087038199083795, 0.31322688454849673)": 0.9999485970966989, "(0.31322688454849673, 0.37727299384767243)": 0.9994000220570917, "(0.37727299384767243, 0.3950622511248701)": 0.998137982387656, "(0.3950622511248701, 0.43387830568556884)": 0.9967936601283701, "(0.43387830568556884, 0.6123274670249209)": 0.9964216483187948, "(0.6123274670249209, 0.6405547109389789)": 0.9907707300378883, "(0.6405547109389789, 0.7927153059735844)": 0.9551281151787485, "(0.7927153059735844, 0.9936999084038433)": 0.9516992074881376, "(0.9936999084038433, 1.0)": 0.25525715471081334}, "pct": 0.9999728258139851, "best_return": 4.55081618459472}, "ew_ma": {"trend": "ew_ma", "time_param": 78, "q_params": {"(0, 0.2590718953696319)": 0.9999733933982617, "(0.2590718953696319, 0.27617239047446296)": 0.9998740620098665, "(0.27617239047446296, 0.3204207661947087)": 0.9993266256833606, "(0.3204207661947087, 0.3689292904864714)": 0.9989620328942956, "(0.3689292904864714, 0.3943472450153764)": 0.9987742716334805, "(0.3943472450153764, 0.8325106470454825)": 0.9974411128186648, "(0.8325106470454825, 0.8494076102227752)": 0.9870161218181829, "(0.8494076102227752, 0.851092246676185)": 0.8433568122309089, "(0.851092246676185, 0.9889556107399948)": 0.7460534149727417, "(0.9889556107399948, 1.0)": 0.4274930014295657}, "pct": 0.9999733933982617, "best_return": 4.856037910902309}, "rel_minmax": {"trend": "rel_minmax", "time_param": 78, "q_params": {"(0, 0.16600657730487012)": 0.9999980117440905, "(0.16600657730487012, 0.3087210183137385)": 0.9998385529165466, "(0.3087210183137385, 0.45419443357276434)": 0.9988572090708604, "(0.45419443357276434, 0.53552484687922)": 0.9974949990050044, "(0.53552484687922, 0.5850751087749594)": 0.9969376400465304, "(0.5850751087749594, 0.6108109853902097)": 0.9944492670170154, "(0.6108109853902097, 0.671370690901509)": 0.9940169178548167, "(0.671370690901509, 0.8616739369978252)": 0.9930034161906168, "(0.8616739369978252, 0.870014818004344)": 0.7143607871528682, "(0.870014818004344, 1.0)": 0.004522096935539212}, "pct": 0.004522096935539212, "best_return": 6.676991528080148}, "ew_rel_minmax": {"time_param": 136, "trend": "ew_rel_minmax", "q_params": {"(0, 0.16788676394121244)": 0.9578169522520077, "(0.16788676394121244, 0.48641941261938815)": 0.8795546466501293, "(0.48641941261938815, 0.5143865025021809)": 0.8055620373078647, "(0.5143865025021809, 0.528604672784647)": 0.7320811317662439, "(0.528604672784647, 0.70854242698941)": 0.7037066016297396, "(0.70854242698941, 0.7528856326076778)": 0.6610208907447617, "(0.7528856326076778, 0.8504470091556964)": 0.616018506614949, "(0.8504470091556964, 0.9292885491732316)": 0.3821892837018173, "(0.9292885491732316, 0.9705233015828499)": 0.13490300764588797, "(0.9705233015828499, 1.0)": 0.05601125272273029}, "pct": 0.13490300764588797, "best_return": 4.456798362720725}}