{"ma": {"trend": "ma", "time_param": 78, "q_params": {"(0, 0.16087038199083795)": 0.9999728258139851, "(0.16087038199083795, 0.29379047341957726)": 0.9999282038190129, "(0.29379047341957726, 0.36797907199068974)": 0.9998428467021072, "(0.36797907199068974, 0.3950622511248701)": 0.9998398617663055, "(0.3950622511248701, 0.4459391481171802)": 0.9977920233153529, "(0.4459391481171802, 0.6123274670249209)": 0.9964216483187948, "(0.6123274670249209, 0.6258169642229034)": 0.993901181536107, "(0.6258169642229034, 0.7927153059735844)": 0.9796782631486001, "(0.7927153059735844, 0.9936999084038433)": 0.9516992074881376, "(0.9936999084038433, 1.0)": 0.2589936071835379}, "pct": 0.9999728258139851, "best_return": 5.318623491114299}, "ew_ma": {"trend": "ew_ma", "time_param": 78, "q_params": {"(0, 0.2590718953696319)": 0.9999760485516738, "(0.2590718953696319, 0.2756856098901998)": 0.9998740620098665, "(0.2756856098901998, 0.3536585421391856)": 0.9993266256833606, "(0.3536585421391856, 0.3689292904864714)": 0.9992547723806914, "(0.3689292904864714, 0.3943472450153764)": 0.9988361952274352, "(0.3943472450153764, 0.8325106470454825)": 0.996239152212638, "(0.8325106470454825, 0.836299079899582)": 0.9936403014957708, "(0.836299079899582, 0.8479240695894563)": 0.8433568122309089, "(0.8479240695894563, 0.9889556107399948)": 0.7300319826884482, "(0.9889556107399948, 1.0)": 0.4274930014295657}, "pct": 0.9999760485516738, "best_return": 5.539971619265749}, "rel_minmax": {"trend": "rel_minmax", "time_param": 78, "q_params": {"(0, 0.16600657730487012)": 0.9999980117440905, "(0.16600657730487012, 0.28243229977474515)": 0.9990960891240729, "(0.28243229977474515, 0.47105940826050957)": 0.9988572090708604, "(0.47105940826050957, 0.5275025506564293)": 0.9984667158529416, "(0.5275025506564293, 0.5958269012005639)": 0.9969376400465304, "(0.5958269012005639, 0.6108109853902097)": 0.9947396970068378, "(0.6108109853902097, 0.6577534504090611)": 0.9944244922911892, "(0.6577534504090611, 0.8616739369978252)": 0.9930034161906168, "(0.8616739369978252, 0.870014818004344)": 0.7143607871528682, "(0.870014818004344, 1.0)": 0.0024543960005546164}, "pct": 0.0024543960005546164, "best_return": 8.750526439528635}, "ew_rel_minmax": {"time_param": 136, "trend": "ew_rel_minmax", "q_params": {"(0, 0.1564893426500492)": 0.9578169522520077, "(0.1564893426500492, 0.48641941261938815)": 0.8795546466501293, "(0.48641941261938815, 0.502109875237234)": 0.8055620373078647, "(0.502109875237234, 0.528604672784647)": 0.6969587462753413, "(0.528604672784647, 0.70854242698941)": 0.6916295128731536, "(0.70854242698941, 0.7534103651690373)": 0.6709929192798478, "(0.7534103651690373, 0.8492552391622014)": 0.616018506614949, "(0.8492552391622014, 0.9292885491732316)": 0.3821892837018173, "(0.9292885491732316, 0.9705233015828499)": 0.13490300764588797, "(0.9705233015828499, 1)": 0.05932865913169827}, "pct": 0.13490300764588797, "best_return": 4.7229294506179516}}