{"ma": {"trend": "ma", "time_param": 78, "q_params": {"(0, 0.16087038199083795)": 1.0, "(0.16087038199083795, 0.2590843115903269)": 0.9999999610001673, "(0.2590843115903269, 0.3723024957895683)": 0.9998931506706789, "(0.3723024957895683, 0.43505963680634074)": 0.9998843937710065, "(0.43505963680634074, 0.488650047775074)": 0.9994807493622665, "(0.488650047775074, 0.5848347453043696)": 0.9957286461018034, "(0.5848347453043696, 0.6258169642229034)": 0.9957036974133103, "(0.6258169642229034, 0.9924345021219174)": 0.995550341145779, "(0.9924345021219174, 0.9936999084038433)": 0.9551263525065455, "(0.9936999084038433, 1.0)": 0.2589936071835379}, "pct": 1.0, "best_return": 7.321326296365921}, "ew_ma": {"trend": "ew_ma", "time_param": 78, "q_params": {"(0, 0.2887928586524109)": 1.0, "(0.2887928586524109, 0.3354934705590821)": 0.9995396921610974, "(0.3354934705590821, 0.35012705774186403)": 0.999504487774008, "(0.35012705774186403, 0.3717326908564551)": 0.9988028923393467, "(0.3717326908564551, 0.3914130443740554)": 0.9982275183262238, "(0.3914130443740554, 0.7980989732279639)": 0.9981943809632831, "(0.7980989732279639, 0.8383544323937149)": 0.9970540235636745, "(0.8383544323937149, 0.8417186143288418)": 0.8216565981412454, "(0.8417186143288418, 0.9889556107399948)": 0.6664228306063376, "(0.9889556107399948, 1.0)": 0.003244134593233354}, "pct": 0.9981943809632831, "best_return": 7.711058495372468}, "rel_minmax": {"trend": "rel_minmax", "time_param": 78, "q_params": {"(0, 0.17187210573392916)": 1.0, "(0.17187210573392916, 0.28969149111524956)": 0.9999986137946848, "(0.28969149111524956, 0.4330582135077744)": 0.9995748927482321, "(0.4330582135077744, 0.5638908177713556)": 0.9980995132909952, "(0.5638908177713556, 0.6135889375838697)": 0.9980668171796216, "(0.6135889375838697, 0.6547395213206909)": 0.9975109199683623, "(0.6547395213206909, 0.6603551800108276)": 0.9944244922911892, "(0.6603551800108276, 0.863398832544086)": 0.9930034161906168, "(0.863398832544086, 0.892014781703744)": 0.7822158565532396, "(0.892014781703744, 1.0)": 0.0024543960005546164}, "pct": 0.0024543960005546164, "best_return": 7.356689508101993}, "ew_rel_minmax": {"trend": "ew_rel_minmax", "time_param": 78, "q_params": {"(0, 0.08019314029675531)": 1.0, "(0.08019314029675531, 0.15920518995421667)": 0.9999935338324638, "(0.15920518995421667, 0.4384024245771125)": 0.999977468001257, "(0.4384024245771125, 0.4449285047684229)": 0.9999021059339438, "(0.4449285047684229, 0.6066764857946471)": 0.9998672420488562, "(0.6066764857946471, 0.6712401612952132)": 0.9991732809249332, "(0.6712401612952132, 0.8491336883737682)": 0.998663563258705, "(0.8491336883737682, 0.9779413795845239)": 0.996312853048575, "(0.9779413795845239, 0.9801243295910204)": 0.994002945203751, "(0.9801243295910204, 1.0)": 0.20824684299020893}, "pct": 0.994002945203751, "best_return": 7.487044647636742}}