{"ma": {"trend": "ma", "time_param": 78, "q_params": {"(0, 0.1857342290817943)": 0.9999728258139851, "(0.1857342290817943, 0.31666348633857244)": 0.9999485970966989, "(0.31666348633857244, 0.36259976707072883)": 0.9994000220570917, "(0.36259976707072883, 0.3950622511248701)": 0.998137982387656, "(0.3950622511248701, 0.4158083635921038)": 0.9967936601283701, "(0.4158083635921038, 0.6123274670249209)": 0.9964216483187948, "(0.6123274670249209, 0.6546112687468246)": 0.9922616594119428, "(0.6546112687468246, 0.8016603381148909)": 0.9551281151787485, "(0.8016603381148909, 0.9936999084038433)": 0.9516992074881376, "(0.9936999084038433, 1.0)": 0.2690060262333694}, "pct": 0.9999728258139851, "best_return": 5.164928219519034}, "ew_ma": {"trend": "ew_ma", "time_param": 78, "q_params": {"(0, 0.2560116327076746)": 0.9999733933982617, "(0.2560116327076746, 0.3083956373472788)": 0.9997794400950938, "(0.3083956373472788, 0.3251358338971864)": 0.9993266256833606, "(0.3251358338971864, 0.37345239217622017)": 0.9989620328942956, "(0.37345239217622017, 0.40254387232895067)": 0.9987742716334805, "(0.40254387232895067, 0.8325106470454825)": 0.9974411128186648, "(0.8325106470454825, 0.8494076102227752)": 0.955937369682599, "(0.8494076102227752, 0.8746691297635266)": 0.8293984019367365, "(0.8746691297635266, 0.9889556107399948)": 0.7460534149727417, "(0.9889556107399948, 1.0)": 0.42279784719955865}, "pct": 0.9999733933982617, "best_return": 5.415575547472052}, "rel_minmax": {"trend": "rel_minmax", "time_param": 78, "q_params": {"(0, 0.16600657730487012)": 0.9999811872515276, "(0.16600657730487012, 0.31614841592958565)": 0.9998385529165466, "(0.31614841592958565, 0.45419443357276434)": 0.9988572090708604, "(0.45419443357276434, 0.5300671950854031)": 0.9971753356747889, "(0.5300671950854031, 0.5832325319749434)": 0.9969376400465304, "(0.5832325319749434, 0.6108109853902097)": 0.9948713527103955, "(0.6108109853902097, 0.671370690901509)": 0.8979766371854471, "(0.671370690901509, 0.8631819599537676)": 0.8818353527500359, "(0.8631819599537676, 0.9209257781765467)": 0.702095210465516, "(0.9209257781765467, 1.0)": 0.004522096935539212}, "pct": 0.702095210465516, "best_return": 5.6135712374392295}, "ew_rel_minmax": {"time_param": 136, "trend": "ew_rel_minmax", "q_params": {"(0.0, 0.16788676394121244)": 0.9578169522520077, "(0.16788676394121244, 0.48641941261938815)": 0.8795546466501293, "(0.48641941261938815, 0.5143865025021809)": 0.8055620373078647, "(0.5143865025021809, 0.528604672784647)": 0.7320811317662439, "(0.528604672784647, 0.70854242698941)": 0.7037066016297396, "(0.70854242698941, 0.7528856326076778)": 0.6610208907447617, "(0.7528856326076778, 0.8504470091556964)": 0.616018506614949, "(0.8504470091556964, 0.9292885491732316)": 0.3821892837018173, "(0.9292885491732316, 0.9705233015828499)": 0.13490300764588797, "(0.9705233015828499, 1.0)": 0.05601125272273029}, "pct": 1, "best_return": 5.060585327528709}}