{"ma": {"trend": "ma", "time_param": 78, "q_params": {"(0, 0.1857342290817943)": 0.9999728258139851, "(0.1857342290817943, 0.3139943271139425)": 0.9999485970966989, "(0.3139943271139425, 0.36259976707072883)": 0.9994000220570917, "(0.36259976707072883, 0.3950622511248701)": 0.9974793351828162, "(0.3950622511248701, 0.4288036382886245)": 0.9967936601283701, "(0.4288036382886245, 0.611619424878284)": 0.9964216483187948, "(0.611619424878284, 0.6546112687468246)": 0.9922616594119428, "(0.6546112687468246, 0.7945979101472039)": 0.9551281151787485, "(0.7945979101472039, 0.9936999084038433)": 0.9516992074881376, "(0.9936999084038433, 1.0)": 0.2690060262333694}, "pct": 0.9999728258139851, "best_return": 4.705194965557007}, "ew_ma": {"trend": "ew_ma", "time_param": 78, "q_params": {"(0, 0.2560116327076746)": 0.9999147461128375, "(0.2560116327076746, 0.3083956373472788)": 0.9997794400950938, "(0.3083956373472788, 0.3251358338971864)": 0.9991221733452621, "(0.3251358338971864, 0.3683504237049813)": 0.9990645835293901, "(0.3683504237049813, 0.40254387232895067)": 0.9987742716334805, "(0.40254387232895067, 0.8371305975510218)": 0.9974411128186648, "(0.8371305975510218, 0.8494076102227752)": 0.955937369682599, "(0.8494076102227752, 0.8746691297635266)": 0.8278371659521981, "(0.8746691297635266, 0.9889556107399948)": 0.7460534149727417, "(0.9889556107399948, 1.0)": 0.42279784719955865}, "pct": 0.9999147461128375, "best_return": 5.000489013987803}, "rel_minmax": {"time_param": 160, "trend": "rel_minmax", "q_params": {"(0, 0.24077035017771764)": 0.8976440791990717, "(0.24077035017771764, 0.3072658826225245)": 0.8144421665933571, "(0.3072658826225245, 0.36192744734112436)": 0.7861703978661297, "(0.36192744734112436, 0.4011864890300465)": 0.7797317275371601, "(0.4011864890300465, 0.6571472694149757)": 0.692784474967995, "(0.6571472694149757, 0.7988690464627544)": 0.6230329784338536, "(0.7988690464627544, 0.8196720809577449)": 0.5495487332294745, "(0.8196720809577449, 0.8434961920049762)": 0.5461504251777924, "(0.8434961920049762, 0.8698577138545693)": 0.5418458669520587, "(0.8698577138545693, 1)": 0.07872350837858393}, "pct": 0.07872350837858393, "best_return": 6.0755608508011845}, "ew_rel_minmax": {"time_param": 156, "trend": "ew_rel_minmax", "q_params": {"(0, 0.021265940260327465)": 0.9026378487820781, "(0.021265940260327465, 0.21871620012040774)": 0.9026009495448193, "(0.21871620012040774, 0.349436991255963)": 0.8961523911652041, "(0.349436991255963, 0.7087054904429962)": 0.7324920218396572, "(0.7087054904429962, 0.8114848332889744)": 0.69484360442492, "(0.8114848332889744, 0.8270384751660202)": 0.5954387479455405, "(0.8270384751660202, 0.8760856996033938)": 0.418009300447972, "(0.8760856996033938, 0.9151123845735624)": 0.3344923294546355, "(0.9151123845735624, 0.9594350822009792)": 0.3179883723214416, "(0.9594350822009792, 1.0)": 0.12493316716830907}, "pct": 0.3179883723214416, "best_return": 4.762255163096439}}