{"ma": {"trend": "ma", "time_param": 78, "q_params": {"(0, 0.16087038199083795)": 1.0, "(0.16087038199083795, 0.2685158194969799)": 0.9999337279859732, "(0.2685158194969799, 0.3723024957895683)": 0.9998931506706789, "(0.3723024957895683, 0.41361876536646425)": 0.9998398617663055, "(0.41361876536646425, 0.42647757755226945)": 0.9978327453711524, "(0.42647757755226945, 0.5881653813920836)": 0.9964216483187948, "(0.5881653813920836, 0.6258169642229034)": 0.993901181536107, "(0.6258169642229034, 0.7927153059735844)": 0.9796782631486001, "(0.7927153059735844, 0.9936999084038433)": 0.9469637733457096, "(0.9936999084038433, 1.0)": 0.2589936071835379}, "pct": 1.0, "best_return": 6.083674925056795}, "ew_ma": {"trend": "ew_ma", "time_param": 78, "q_params": {"(0, 0.2666146027813357)": 0.9996965228851182, "(0.2666146027813357, 0.3354934705590821)": 0.9995307025249576, "(0.3354934705590821, 0.34513133356216164)": 0.9994889948047119, "(0.34513133356216164, 0.374973591520899)": 0.999139349243546, "(0.374973591520899, 0.3943472450153764)": 0.9984846912138989, "(0.3943472450153764, 0.8036812636577627)": 0.9981943809632831, "(0.8036812636577627, 0.8134765653247149)": 0.9970540235636745, "(0.8134765653247149, 0.8417186143288418)": 0.8433568122309089, "(0.8417186143288418, 0.9889556107399948)": 0.6795811163174839, "(0.9889556107399948, 1.0)": 0.4398667964738722}, "pct": 0.9996965228851182, "best_return": 5.7282466020564}, "rel_minmax": {"trend": "rel_minmax", "time_param": 78, "q_params": {"(0, 0.17187210573392916)": 1.0, "(0.17187210573392916, 0.28969149111524956)": 0.9999934596668842, "(0.28969149111524956, 0.448655911044959)": 0.9988572090708604, "(0.448655911044959, 0.5638908177713556)": 0.9982277495348806, "(0.5638908177713556, 0.628198181456296)": 0.9980668171796216, "(0.628198181456296, 0.6363726126151305)": 0.9955598559873982, "(0.6363726126151305, 0.6665273774209801)": 0.9944244922911892, "(0.6665273774209801, 0.8509794358992301)": 0.9930034161906168, "(0.8509794358992301, 0.8650243183067657)": 0.6984749111041606, "(0.8650243183067657, 1.0)": 0.0024543960005546164}, "pct": 0.0024543960005546164, "best_return": 9.44505130600216}, "ew_rel_minmax": {"trend": "ew_rel_minmax", "time_param": 78, "q_params": {"(0, 0.08019314029675531)": 1.0, "(0.08019314029675531, 0.15920518995421667)": 0.9999786366885529, "(0.15920518995421667, 0.4384024245771125)": 0.999977468001257, "(0.4384024245771125, 0.4449285047684229)": 0.9999431900537089, "(0.4449285047684229, 0.6308005257946673)": 0.9998672420488562, "(0.6308005257946673, 0.6440842025013159)": 0.9996536966445695, "(0.6440842025013159, 0.8250642278908897)": 0.998663563258705, "(0.8250642278908897, 0.9722220266882573)": 0.996312853048575, "(0.9722220266882573, 0.9849870455620828)": 0.638642861692195, "(0.9849870455620828, 1.0)": 0.20676238570221958}, "pct": 0.996312853048575, "best_return": 6.7257402750538695}}