{"ma": {"time_param": 92, "trend": "ma", "q_params": {"(0, 0.41765579371027944)": 0.9941232935064408, "(0.41765579371027944, 0.4280554965838136)": 0.9843496884634639, "(0.4280554965838136, 0.4587761091321606)": 0.6939458541260235, "(0.4587761091321606, 0.531229017135687)": 0.6654408084716775, "(0.531229017135687, 0.5760402138671825)": 0.5670120395301964, "(0.5760402138671825, 0.6097766775428658)": 0.37356761704974456, "(0.6097766775428658, 0.689302667413085)": 0.012208059009385801, "(0.689302667413085, 0.7007672864616358)": 0.008928053770809845, "(0.7007672864616358, 0.7145791413274424)": 0.0028036118737765243, "(0.7145791413274424, 1.0)": 0.0014132780031408795}, "pct": 0.012208059009385801, "best_return": 2.3458485684976984}, "ew_ma": {"time_param": 48, "trend": "ew_ma", "q_params": {"(0, 0.008598078184578183)": 0.9938660424863089, "(0.008598078184578183, 0.05259262526331566)": 0.6978025348641834, "(0.05259262526331566, 0.055001812553840956)": 0.6953646605436915, "(0.055001812553840956, 0.29749196709810677)": 0.48143854297698097, "(0.29749196709810677, 0.3733488980466124)": 0.4808054701108739, "(0.3733488980466124, 0.4978140922717514)": 0.47510865450268747, "(0.4978140922717514, 0.6186791596668626)": 0.4661913191478446, "(0.6186791596668626, 0.6248730983750559)": 0.1285012602083557, "(0.6248730983750559, 0.7929497468851568)": 0.010680962070454221, "(0.7929497468851568, 1.0)": 0.0002179104894956937}, "pct": 0.4661913191478446, "best_return": 2.3249573565061032}, "rel_minmax": {"time_param": 26, "trend": "rel_minmax", "q_params": {"(0, 0.059802323532145374)": 0.9999378155091098, "(0.059802323532145374, 0.07778481675512634)": 0.9821980603299083, "(0.07778481675512634, 0.11029267069175452)": 0.9434526148017828, "(0.11029267069175452, 0.22833370425670857)": 0.9210377963221553, "(0.22833370425670857, 0.3987084295410463)": 0.8127168713382231, "(0.3987084295410463, 0.41222174120920163)": 0.6957084081133976, "(0.41222174120920163, 0.41699907015108584)": 0.4442236526818096, "(0.41699907015108584, 0.6807057541970298)": 0.1536417136923412, "(0.6807057541970298, 0.7460855341567927)": 0.010325939892173612, "(0.7460855341567927, 1.0)": 0.001868096270140107}, "pct": 0.8127168713382231, "best_return": 5.2522743350136984}, "ew_rel_minmax": {"time_param": 10, "trend": "ew_rel_minmax", "q_params": {"(0, 0.08776076620670371)": 0.9998595016690447, "(0.08776076620670371, 0.10234509755870237)": 0.8963042724641902, "(0.10234509755870237, 0.34924827636413686)": 0.8645109522833349, "(0.34924827636413686, 0.3599365628079264)": 0.770213488427678, "(0.3599365628079264, 0.37080909479709956)": 0.6930933136679561, "(0.37080909479709956, 0.3719543698979143)": 0.6415274528477135, "(0.3719543698979143, 0.38055636785473357)": 0.5343333653100861, "(0.38055636785473357, 0.4546547963493255)": 0.4196948408639078, "(0.4546547963493255, 0.662683362965842)": 0.3367348396332974, "(0.662683362965842, 1)": 0.015132131716458014}, "pct": 0.015132131716458014, "best_return": 3.939821480088545}}