{"ma": {"time_param": 92, "trend": "ma", "q_params": {"(0, 0.4091341017687839)": 0.9941232935064408, "(0.4091341017687839, 0.46125643115323384)": 0.8074018832038773, "(0.46125643115323384, 0.46575861760826553)": 0.7514777432037707, "(0.46575861760826553, 0.47364288886561484)": 0.6456074673873496, "(0.47364288886561484, 0.5901167299667346)": 0.5868582171868081, "(0.5901167299667346, 0.5925351286677671)": 0.5260788385976379, "(0.5925351286677671, 0.6409186508751438)": 0.012208059009385801, "(0.6409186508751438, 0.6924594787392806)": 0.012081016557504765, "(0.6924594787392806, 0.7220369502997384)": 0.0014067275116390224, "(0.7220369502997384, 1.0)": 9.161562728148093e-05}, "pct": 0.5868582171868081, "best_return": 2.7817254912062257}, "ew_ma": {"time_param": 48, "trend": "ew_ma", "q_params": {"(0.0, 0.008598078184578183)": 0.996020040696775, "(0.008598078184578183, 0.05421608968388711)": 0.6972616538055881, "(0.05421608968388711, 0.055001812553840956)": 0.6953646605436915, "(0.055001812553840956, 0.303155518368196)": 0.48143854297698097, "(0.303155518368196, 0.4720615950280622)": 0.4813046900113928, "(0.4720615950280622, 0.6082916843011387)": 0.4806356649844141, "(0.6082916843011387, 0.6186791596668626)": 0.4786441341642724, "(0.6186791596668626, 0.6248730983750559)": 0.15446789551353696, "(0.6248730983750559, 0.8046279452747045)": 0.0019467882869680588, "(0.8046279452747045, 1.0)": 0.00020053466152942975}, "pct": 0.4813046900113928, "best_return": 2.3790548402304976}, "rel_minmax": {"time_param": 26, "trend": "rel_minmax", "q_params": {"(0, 0.05376411205702851)": 0.9999378155091098, "(0.05376411205702851, 0.0656870683995328)": 0.9658370682122703, "(0.0656870683995328, 0.11029267069175452)": 0.9409479515643172, "(0.11029267069175452, 0.23542504900108685)": 0.9398691635951391, "(0.23542504900108685, 0.4014705795892461)": 0.8796062052389284, "(0.4014705795892461, 0.4078403450045983)": 0.4766759449475823, "(0.4078403450045983, 0.4323083428428937)": 0.31104736725643467, "(0.4323083428428937, 0.6903978584132275)": 0.01830284207125737, "(0.6903978584132275, 0.7048420313320524)": 0.010325939892173612, "(0.7048420313320524, 1.0)": 0.0013659666714779578}, "pct": 0.0013659666714779578, "best_return": 6.193300036575146}, "ew_rel_minmax": {"time_param": 10, "trend": "ew_rel_minmax", "q_params": {"(0, 0.10923477773642731)": 0.9998595016690447, "(0.10923477773642731, 0.35090250811425366)": 0.9862734064625815, "(0.35090250811425366, 0.3635103302106178)": 0.9445276847856412, "(0.3635103302106178, 0.3666476084173271)": 0.8240788642041301, "(0.3666476084173271, 0.37080909479709956)": 0.7350970326275412, "(0.37080909479709956, 0.37331096791857454)": 0.6625464725376908, "(0.37331096791857454, 0.38055636785473357)": 0.49497505300714634, "(0.38055636785473357, 0.48734437598922714)": 0.4015517357888982, "(0.48734437598922714, 0.6493910644177493)": 0.02848801810940551, "(0.6493910644177493, 1.0)": 0.0016880525524349023}, "pct": 0.0016880525524349023, "best_return": 5.233043202943634}}