{"ma": {"time_param": 70, "trend": "ma", "q_params": {"(0, 0.11068364226105631)": 0.9443907895211813, "(0.11068364226105631, 0.3258469803836518)": 0.8384422571653324, "(0.3258469803836518, 0.3601368373424654)": 0.7953838340090149, "(0.3601368373424654, 0.3725539460630499)": 0.7328964198197541, "(0.3725539460630499, 0.41135293477463786)": 0.7294495786755342, "(0.41135293477463786, 0.7108651465447501)": 0.43575133714719905, "(0.7108651465447501, 0.8740869720467166)": 0.3767858639227094, "(0.8740869720467166, 0.9045516367037009)": 0.3437764579597945, "(0.9045516367037009, 0.9178733702054758)": 0.09982334078185383, "(0.9178733702054758, 1)": 0.09824584453870999}, "pct": 0.7294495786755342, "best_return": 1.7491098482895224}, "ew_ma": {"time_param": 111, "trend": "ew_ma", "q_params": {"(0, 0.012673576576601508)": 0.9403780875378783, "(0.012673576576601508, 0.04745126189750648)": 0.8852012305492288, "(0.04745126189750648, 0.1392273219380089)": 0.8184785259023091, "(0.1392273219380089, 0.18031861862915102)": 0.8143998303140687, "(0.18031861862915102, 0.5993585388020357)": 0.6230708669321985, "(0.5993585388020357, 0.6591674909736572)": 0.5068562191497067, "(0.6591674909736572, 0.6714069090857745)": 0.33445930748649044, "(0.6714069090857745, 0.7190289146802533)": 0.06928386473785764, "(0.7190289146802533, 0.8573290511475373)": 0.02518562076049402, "(0.8573290511475373, 1)": 0.00676337752365197}, "pct": 0.8143998303140687, "best_return": 2.2105166187753227}, "rel_minmax": {"time_param": 14, "trend": "rel_minmax", "q_params": {"(0, 0.04448343785150685)": 0.9940957678013944, "(0.04448343785150685, 0.39218005251784926)": 0.9582573928670618, "(0.39218005251784926, 0.42113908831821045)": 0.6119473540860556, "(0.42113908831821045, 0.459062940690082)": 0.42384900386868474, "(0.459062940690082, 0.8226120547771314)": 0.3991999119570689, "(0.8226120547771314, 0.8497540944074262)": 0.3964980340017896, "(0.8497540944074262, 0.8782066389548268)": 0.368846936238979, "(0.8782066389548268, 0.8838345723858533)": 0.306033701482581, "(0.8838345723858533, 0.9374839116780304)": 0.11237370404246717, "(0.9374839116780304, 1.0)": 0.014489061544607051}, "pct": 0.9582573928670618, "best_return": 3.2984681847544666}, "ew_rel_minmax": {"time_param": 115, "trend": "ew_rel_minmax", "q_params": {"(0, 0.19671800189015679)": 0.9351850976731462, "(0.19671800189015679, 0.3337584677519655)": 0.4691752841518462, "(0.3337584677519655, 0.33602205553970077)": 0.43440253982052357, "(0.33602205553970077, 0.43059659743054324)": 0.3935658984065784, "(0.43059659743054324, 0.45377294886086095)": 0.3237296195945457, "(0.45377294886086095, 0.590354254954107)": 0.2773257508495949, "(0.590354254954107, 0.7057782799537136)": 0.2230390444028495, "(0.7057782799537136, 0.8225655708555362)": 0.14757932593049272, "(0.8225655708555362, 0.9650381679322075)": 0.10839417814470387, "(0.9650381679322075, 1)": 0.04601882071782286}, "pct": 0.2773257508495949, "best_return": 2.1258707617571018}}