{"ma": {"time_param": 85, "trend": "ma", "q_params": {"(0, 0.012150518297176473)": 0.9014562693877772, "(0.012150518297176473, 0.1374178050833882)": 0.7080033379122438, "(0.1374178050833882, 0.18642779378262253)": 0.6710177743300173, "(0.18642779378262253, 0.5073546097755871)": 0.6695145378745708, "(0.5073546097755871, 0.5843370569622715)": 0.6340647563038851, "(0.5843370569622715, 0.6794844296670774)": 0.5097182081021165, "(0.6794844296670774, 0.9187918826393014)": 0.3237249404051373, "(0.9187918826393014, 0.9841499986075691)": 0.1239645406403623, "(0.9841499986075691, 0.9977432711616362)": 0.038310886637741404, "(0.9977432711616362, 1)": 0.003301640524373539}, "pct": 0.6695145378745708, "best_return": 1.545735497120062}, "ew_ma": {"time_param": 26, "trend": "ew_ma", "q_params": {"(0, 0.012791091728970194)": 0.8466130052774633, "(0.012791091728970194, 0.022211428071795034)": 0.8342553279587208, "(0.022211428071795034, 0.057781869856089636)": 0.7909280895490506, "(0.057781869856089636, 0.1803671687065853)": 0.7043628876775693, "(0.1803671687065853, 0.23288874163208456)": 0.34508536766163755, "(0.23288874163208456, 0.6065578957541337)": 0.23761018472941492, "(0.6065578957541337, 0.6455522773836103)": 0.2053102331262391, "(0.6455522773836103, 0.7247720988456438)": 0.19531817144280816, "(0.7247720988456438, 0.9953996201091657)": 0.028481370365082692, "(0.9953996201091657, 1)": 0.013729756907241097}, "pct": 0.23761018472941492, "best_return": 1.1396061464326548}, "rel_minmax": {"time_param": 97, "trend": "rel_minmax", "q_params": {"(0, 0.02799457443702614)": 0.7839124850592583, "(0.02799457443702614, 0.17263515035033306)": 0.7367920275333183, "(0.17263515035033306, 0.24470834921838092)": 0.662854193575241, "(0.24470834921838092, 0.6008801820881268)": 0.6447691097772217, "(0.6008801820881268, 0.6140769040363536)": 0.4825876168579742, "(0.6140769040363536, 0.6712730792767473)": 0.3076251110894259, "(0.6712730792767473, 0.7313687331530544)": 0.2882621741257315, "(0.7313687331530544, 0.9313781489253932)": 0.2166109425154077, "(0.9313781489253932, 0.9557292212773607)": 0.14860181705699355, "(0.9557292212773607, 1)": 0.001944163973255697}, "pct": 0.3076251110894259, "best_return": 1.5324682854159835}, "ew_rel_minmax": {"time_param": 58, "trend": "ew_rel_minmax", "q_params": {"(0, 0.14252164932249356)": 0.9738730645320096, "(0.14252164932249356, 0.36530132691984984)": 0.93791653722468, "(0.36530132691984984, 0.38335974558877167)": 0.8912405700034282, "(0.38335974558877167, 0.42518725635057536)": 0.6412998912376944, "(0.42518725635057536, 0.5595107596835849)": 0.5299670621237026, "(0.5595107596835849, 0.7734566782316523)": 0.45335377172459634, "(0.7734566782316523, 0.7982728039061623)": 0.3498033890663218, "(0.7982728039061623, 0.8203371144902691)": 0.1939145485413315, "(0.8203371144902691, 0.8613583116291021)": 0.1682659257511357, "(0.8613583116291021, 1)": 0.06115529450718339}, "pct": 0.45335377172459634, "best_return": 1.2520075220359894}}