{"ma": {"time_param": 85, "trend": "ma", "q_params": {"(0, 0.0402489892105502)": 0.8931144220095825, "(0.0402489892105502, 0.05791982607406476)": 0.8688907556432205, "(0.05791982607406476, 0.11708633410656377)": 0.8080028544655705, "(0.11708633410656377, 0.19585579616406212)": 0.6666920370798806, "(0.19585579616406212, 0.3680171127195741)": 0.6112864976617178, "(0.3680171127195741, 0.3881708679222253)": 0.4967177448692938, "(0.3881708679222253, 0.43350322278168973)": 0.4287793438318209, "(0.43350322278168973, 0.4856166784093384)": 0.2560253864826426, "(0.4856166784093384, 0.7551111524630202)": 0.2189362442260111, "(0.7551111524630202, 1)": 0.20653530387761065}, "pct": 0.6112864976617178, "best_return": 1.3624518224719342}, "ew_ma": {"time_param": 95, "trend": "ew_ma", "q_params": {"(0, 0.015108835133629595)": 0.9611469421733951, "(0.015108835133629595, 0.055628287826283485)": 0.9444016964141194, "(0.055628287826283485, 0.2893010665760305)": 0.9055007038893138, "(0.2893010665760305, 0.371153489823451)": 0.7854043158933641, "(0.371153489823451, 0.41507379254213783)": 0.7025831098396303, "(0.41507379254213783, 0.5825448151420102)": 0.6930965589676383, "(0.5825448151420102, 0.6690922089719445)": 0.47439868963767406, "(0.6690922089719445, 0.7230528362786786)": 0.3712914943958123, "(0.7230528362786786, 0.8700024418248705)": 0.15390264392649322, "(0.8700024418248705, 1)": 0.029559307149510494}, "pct": 0.9055007038893138, "best_return": 1.7641372666237924}, "rel_minmax": {"time_param": 28, "trend": "rel_minmax", "q_params": {"(0, 0.23459513403142218)": 0.9452306662880828, "(0.23459513403142218, 0.26445502325835024)": 0.8060729005353914, "(0.26445502325835024, 0.2732629084858422)": 0.44947626029316556, "(0.2732629084858422, 0.42037603862585626)": 0.4396145714523649, "(0.42037603862585626, 0.48975301811863947)": 0.1789954879636647, "(0.48975301811863947, 0.6328023837061141)": 0.07462957017439131, "(0.6328023837061141, 0.7362095138527834)": 0.06904825937292747, "(0.7362095138527834, 0.7710203680325579)": 0.04143795098726598, "(0.7710203680325579, 0.798347533080101)": 0.027438165311308774, "(0.798347533080101, 1.0)": 0.0003324558880537509}, "pct": 0.07462957017439131, "best_return": 4.241826954793176}, "ew_rel_minmax": {"time_param": 33, "trend": "ew_rel_minmax", "q_params": {"(0, 0.233676860467248)": 0.9991409658060099, "(0.233676860467248, 0.29941548169649884)": 0.9329748324701109, "(0.29941548169649884, 0.3780888093636128)": 0.9007660037659284, "(0.3780888093636128, 0.41686080778372847)": 0.8322675124133291, "(0.41686080778372847, 0.4574724630490457)": 0.5073021541781652, "(0.4574724630490457, 0.579273265558666)": 0.2198233317579795, "(0.579273265558666, 0.5798289404416589)": 0.21300159591259338, "(0.5798289404416589, 0.9211242753616116)": 0.14343258086549182, "(0.9211242753616116, 0.9419825534220057)": 0.07449179475807677, "(0.9419825534220057, 1.0)": 0.028497536588924753}, "pct": 0.2198233317579795, "best_return": 2.483492166178559}}