{"ma": {"time_param": 76, "trend": "ma", "q_params": {"(0, 0.2319168426926857)": 0.997207475035941, "(0.2319168426926857, 0.2826619982662059)": 0.8392860737635216, "(0.2826619982662059, 0.43467481086760196)": 0.8219310345275062, "(0.43467481086760196, 0.5039788228186117)": 0.5770196264636481, "(0.5039788228186117, 0.5269913404300338)": 0.4392534132363447, "(0.5269913404300338, 0.6093466686268794)": 0.4334227503955742, "(0.6093466686268794, 0.6423878773186147)": 0.28503325557262527, "(0.6423878773186147, 0.913288875189642)": 0.09209082200992591, "(0.913288875189642, 0.9817602288906586)": 0.0614968546456065, "(0.9817602288906586, 1)": 0.00949953364267797}, "pct": 0.8219310345275062, "best_return": 1.505337856697845}, "ew_ma": {"time_param": 93, "trend": "ew_ma", "q_params": {"(0, 0.21360411419068182)": 0.8970462332056275, "(0.21360411419068182, 0.3038775675438083)": 0.785776779580555, "(0.3038775675438083, 0.319620626410737)": 0.6795985017297683, "(0.319620626410737, 0.44389247069291016)": 0.6456164156357215, "(0.44389247069291016, 0.4996913835896868)": 0.621776797791673, "(0.4996913835896868, 0.6475700633750698)": 0.4182237925650393, "(0.6475700633750698, 0.6717104644344858)": 0.4063904361507989, "(0.6717104644344858, 0.8928876778889353)": 0.39128408405202786, "(0.8928876778889353, 0.9589316739572333)": 0.357393310725978, "(0.9589316739572333, 1)": 0.30754756637472813}, "pct": 0.8970462332056275, "best_return": 1.3217433785128763}, "rel_minmax": {"time_param": 106, "trend": "rel_minmax", "q_params": {"(0, 0.029100939364396283)": 0.8749707509649052, "(0.029100939364396283, 0.11959292305579394)": 0.8707396921298776, "(0.11959292305579394, 0.21075272666728473)": 0.8388089996235683, "(0.21075272666728473, 0.3039239942440668)": 0.8324279453652433, "(0.3039239942440668, 0.31058676776760585)": 0.8065002059448825, "(0.31058676776760585, 0.3217892006250581)": 0.645658725530451, "(0.3217892006250581, 0.3873149507431225)": 0.6064325584331877, "(0.3873149507431225, 0.4710119902275114)": 0.34150964011101154, "(0.4710119902275114, 0.6428767432552177)": 0.2511613499117583, "(0.6428767432552177, 1)": 0.15644777461150255}, "pct": 0.2511613499117583, "best_return": 1.7388282789858578}, "ew_rel_minmax": {"time_param": 102, "trend": "ew_rel_minmax", "q_params": {"(0, 0.1641980233485204)": 0.9123561450574995, "(0.1641980233485204, 0.20975188450918225)": 0.7770091444397027, "(0.20975188450918225, 0.26774757910928654)": 0.5682280263924518, "(0.26774757910928654, 0.34907683318727356)": 0.46895375661531014, "(0.34907683318727356, 0.5684421102710104)": 0.44960102968133275, "(0.5684421102710104, 0.6497458309552233)": 0.447190041540621, "(0.6497458309552233, 0.6645021026094408)": 0.38566050686477427, "(0.6645021026094408, 0.8310462861874464)": 0.3335380433434848, "(0.8310462861874464, 0.9093529510943368)": 0.2225512988153956, "(0.9093529510943368, 1)": 0.08757826419388269}, "pct": 0.447190041540621, "best_return": 1.4896575651704764}}