{"ma": {"time_param": 106, "trend": "ma", "q_params": {"(0, 0.12514758667124312)": 0.999288655794438, "(0.12514758667124312, 0.2016915795858209)": 0.7167744933746101, "(0.2016915795858209, 0.32623831910759554)": 0.642234452251735, "(0.32623831910759554, 0.38704051594620925)": 0.5638027230945015, "(0.38704051594620925, 0.4377640889113722)": 0.4770986072928609, "(0.4377640889113722, 0.6005567201814118)": 0.3409268842134128, "(0.6005567201814118, 0.656093049762332)": 0.3293507984073817, "(0.656093049762332, 0.7322403928166208)": 0.30047696844482086, "(0.7322403928166208, 0.8751301587399338)": 0.11268763327280557, "(0.8751301587399338, 1)": 0.045543411737461015}, "pct": 0.642234452251735, "best_return": 1.4459179123295667}, "ew_ma": {"time_param": 48, "trend": "ew_ma", "q_params": {"(0, 0.06812677180669843)": 0.9184110302720512, "(0.06812677180669843, 0.08044970993313039)": 0.8951344800494354, "(0.08044970993313039, 0.1582246931043434)": 0.6294616453119768, "(0.1582246931043434, 0.2610558970484539)": 0.5965540479190236, "(0.2610558970484539, 0.40335769815877354)": 0.5681613133374154, "(0.40335769815877354, 0.4348316992244384)": 0.5497016938129475, "(0.4348316992244384, 0.47733564290507)": 0.31599293356647234, "(0.47733564290507, 0.5901148369402015)": 0.15546447658530915, "(0.5901148369402015, 0.6229900078338563)": 0.05741306488939213, "(0.6229900078338563, 1)": 0.04240639997203699}, "pct": 0.5965540479190236, "best_return": 1.512848165882176}, "rel_minmax": {"time_param": 14, "trend": "rel_minmax", "q_params": {"(0, 0.1675941471301335)": 0.8649685249612754, "(0.1675941471301335, 0.27619130207003234)": 0.8298546918221705, "(0.27619130207003234, 0.32837856573837143)": 0.7757547790654553, "(0.32837856573837143, 0.33539117393242934)": 0.6795603812917582, "(0.33539117393242934, 0.4330502166904483)": 0.6419093824836222, "(0.4330502166904483, 0.6653868535201297)": 0.5090693687978808, "(0.6653868535201297, 0.6931724890699676)": 0.48329879379458185, "(0.6931724890699676, 0.7480729423336112)": 0.4826195820973574, "(0.7480729423336112, 0.884759509486901)": 0.45563915270393507, "(0.884759509486901, 1)": 0.3615298043120612}, "pct": 0.45563915270393507, "best_return": 1.9519439490518864}, "ew_rel_minmax": {"time_param": 57, "trend": "ew_rel_minmax", "q_params": {"(0, 0.10031481615718174)": 0.9281725020007255, "(0.10031481615718174, 0.19436474411671673)": 0.9078729260608682, "(0.19436474411671673, 0.23639751967773337)": 0.8692116630022807, "(0.23639751967773337, 0.3219257397907851)": 0.811512530319022, "(0.3219257397907851, 0.4819694033503632)": 0.6239640918409798, "(0.4819694033503632, 0.5239930363864983)": 0.5486533566939368, "(0.5239930363864983, 0.7202799932075177)": 0.4003061902497663, "(0.7202799932075177, 0.8799426479865802)": 0.3645430829825182, "(0.8799426479865802, 0.9108033258055701)": 0.34453705978493565, "(0.9108033258055701, 1)": 0.09220025822477615}, "pct": 0.3645430829825182, "best_return": 1.3244561721184818}}