{"ma": {"time_param": 107, "trend": "ma", "q_params": {"(0, 0.01050145053890017)": 0.58659752043852, "(0.01050145053890017, 0.11864504835203005)": 0.35399457118742506, "(0.11864504835203005, 0.18262148217355711)": 0.31553494730678766, "(0.18262148217355711, 0.3776477953740466)": 0.24702864642205635, "(0.3776477953740466, 0.46677564566695817)": 0.2037526776780182, "(0.46677564566695817, 0.5012832414291767)": 0.18666923956105164, "(0.5012832414291767, 0.5682648423198481)": 0.14913186938991752, "(0.5682648423198481, 0.6294713553552796)": 0.12162248623906732, "(0.6294713553552796, 0.9327422532500143)": 0.09914180076855741, "(0.9327422532500143, 1)": 0.01715336404986878}, "pct": 0.24702864642205635, "best_return": 1.2107403431540686}, "ew_ma": {"time_param": 63, "trend": "ew_ma", "q_params": {"(0, 0.18519754859332005)": 0.9107797072960957, "(0.18519754859332005, 0.3539107882361675)": 0.8573452562977085, "(0.3539107882361675, 0.5319834209940022)": 0.7191349421905007, "(0.5319834209940022, 0.5867220010191778)": 0.6850703612889895, "(0.5867220010191778, 0.5926768943845174)": 0.47526124192971075, "(0.5926768943845174, 0.5938289668311123)": 0.3186548546515665, "(0.5938289668311123, 0.6359241981995032)": 0.30209448059874466, "(0.6359241981995032, 0.9315308266533956)": 0.214892376630322, "(0.9315308266533956, 0.9872930979719008)": 0.07435366693203849, "(0.9872930979719008, 1)": 0.058881767915873295}, "pct": 0.9107797072960957, "best_return": 1.9062533442384813}, "rel_minmax": {"time_param": 28, "trend": "rel_minmax", "q_params": {"(0, 0.23459513403142218)": 0.9407006009321597, "(0.23459513403142218, 0.26445502325835024)": 0.8060729005353914, "(0.26445502325835024, 0.2898328398212455)": 0.44947626029316556, "(0.2898328398212455, 0.42037603862585626)": 0.43959263136963367, "(0.42037603862585626, 0.500068999037314)": 0.1789954879636647, "(0.500068999037314, 0.6328023837061141)": 0.07462957017439131, "(0.6328023837061141, 0.6462618950577754)": 0.06904825937292747, "(0.6462618950577754, 0.7710203680325579)": 0.04143795098726598, "(0.7710203680325579, 0.798347533080101)": 0.027438165311308774, "(0.798347533080101, 1)": 0.0003324558880537509}, "pct": 0.04143795098726598, "best_return": 4.007885632840557}, "ew_rel_minmax": {"time_param": 33, "trend": "ew_rel_minmax", "q_params": {"(0, 0.233676860467248)": 0.9880079536974944, "(0.233676860467248, 0.29941548169649884)": 0.9313903515866913, "(0.29941548169649884, 0.38261695286152875)": 0.9007660037659284, "(0.38261695286152875, 0.41686080778372847)": 0.8322675124133291, "(0.41686080778372847, 0.4574724630490457)": 0.5073021541781652, "(0.4574724630490457, 0.579273265558666)": 0.2198233317579795, "(0.579273265558666, 0.5798289404416589)": 0.21300159591259338, "(0.5798289404416589, 0.9211242753616116)": 0.14343258086549182, "(0.9211242753616116, 0.9419825534220057)": 0.07449179475807677, "(0.9419825534220057, 1.0)": 0.028497536588924753}, "pct": 0.14343258086549182, "best_return": 2.414927636287691}}