{"ma": {"time_param": 73, "trend": "ma", "q_params": {"(0, 0.1275235944716166)": 0.8271534627024548, "(0.1275235944716166, 0.24772062160669717)": 0.7315941589234376, "(0.24772062160669717, 0.3112973747324369)": 0.7302961977266252, "(0.3112973747324369, 0.5617001260120775)": 0.728915524848938, "(0.5617001260120775, 0.6399746960874678)": 0.7206758506441246, "(0.6399746960874678, 0.6428794636666002)": 0.5903751259045328, "(0.6428794636666002, 0.747032424555425)": 0.27610309240766734, "(0.747032424555425, 0.8063580032161037)": 0.1791071079184876, "(0.8063580032161037, 0.8998165944163286)": 0.14549552994941495, "(0.8998165944163286, 1)": 0.005739009041173082}, "pct": 0.7302961977266252, "best_return": 1.8783470059578848}, "ew_ma": {"time_param": 80, "trend": "ew_ma", "q_params": {"(0, 0.16802481136715167)": 0.9396182241655948, "(0.16802481136715167, 0.17566727817633854)": 0.8597346502602548, "(0.17566727817633854, 0.3197702382571399)": 0.7873685624043194, "(0.3197702382571399, 0.33493910397186444)": 0.7456257618499895, "(0.33493910397186444, 0.3868461822688005)": 0.6021691156478692, "(0.3868461822688005, 0.5111577634367015)": 0.4555350282958245, "(0.5111577634367015, 0.6654859677524766)": 0.4542363143978788, "(0.6654859677524766, 0.6859284005903973)": 0.3637318782905973, "(0.6859284005903973, 0.8455907347075474)": 0.11748487955300446, "(0.8455907347075474, 1)": 0.045196787469739694}, "pct": 0.7873685624043194, "best_return": 1.7331996926708606}, "rel_minmax": {"time_param": 25, "trend": "rel_minmax", "q_params": {"(0, 0.06635686213530756)": 0.9883966818974721, "(0.06635686213530756, 0.0949957601942556)": 0.7627464798995239, "(0.0949957601942556, 0.1551726921325065)": 0.7229886510954747, "(0.1551726921325065, 0.24007962144829453)": 0.711512027513791, "(0.24007962144829453, 0.24562807986358615)": 0.6487700924875645, "(0.24562807986358615, 0.24787474388295672)": 0.5315893860901704, "(0.24787474388295672, 0.3169100340520739)": 0.38404392787472175, "(0.3169100340520739, 0.6474141792720606)": 0.2774750876605016, "(0.6474141792720606, 0.7631606243388918)": 0.2773149003429467, "(0.7631606243388918, 1)": 0.13011469115942875}, "pct": 0.2774750876605016, "best_return": 3.4275865373477163}, "ew_rel_minmax": {"time_param": 33, "trend": "ew_rel_minmax", "q_params": {"(0, 0.233676860467248)": 0.9880079536974944, "(0.233676860467248, 0.29941548169649884)": 0.9313903515866913, "(0.29941548169649884, 0.38261695286152875)": 0.8884295539658031, "(0.38261695286152875, 0.41686080778372847)": 0.8322675124133291, "(0.41686080778372847, 0.44522884753042313)": 0.5073021541781652, "(0.44522884753042313, 0.579273265558666)": 0.2198233317579795, "(0.579273265558666, 0.5798289404416589)": 0.21300159591259338, "(0.5798289404416589, 0.9211242753616116)": 0.14343258086549182, "(0.9211242753616116, 0.9245761204961485)": 0.07449179475807677, "(0.9245761204961485, 1)": 0.01729743631570191}, "pct": 0.2198233317579795, "best_return": 2.4056022766171217}}