{"ma": {"time_param": 92, "trend": "ma", "q_params": {"(0, 0.41783835564598093)": 0.9941232935064408, "(0.41783835564598093, 0.46125643115323384)": 0.8074018832038773, "(0.46125643115323384, 0.4661512381046524)": 0.7898018489530465, "(0.4661512381046524, 0.4956229673744131)": 0.5978948122644808, "(0.4956229673744131, 0.5773512379655664)": 0.5564434616616596, "(0.5773512379655664, 0.5925351286677671)": 0.5260788385976379, "(0.5925351286677671, 0.6409186508751438)": 0.012208059009385801, "(0.6409186508751438, 0.6924594787392806)": 0.012081016557504765, "(0.6924594787392806, 0.7220369502997384)": 0.0012961678541435514, "(0.7220369502997384, 1.0)": 6.303785433998672e-05}, "pct": 0.9941232935064408, "best_return": 2.4985863075743557}, "ew_ma": {"time_param": 48, "trend": "ew_ma", "q_params": {"(0, 0.008598078184578183)": 0.996020040696775, "(0.008598078184578183, 0.052158921002898824)": 0.6972616538055881, "(0.052158921002898824, 0.055001812553840956)": 0.6953646605436915, "(0.055001812553840956, 0.2981487312165354)": 0.48143854297698097, "(0.2981487312165354, 0.4720615950280622)": 0.4813815859409191, "(0.4720615950280622, 0.6082916843011387)": 0.4806356649844141, "(0.6082916843011387, 0.6237153586753652)": 0.4786441341642724, "(0.6237153586753652, 0.6355973799510429)": 0.20206616340674627, "(0.6355973799510429, 0.8057891042675344)": 0.0019467882869680588, "(0.8057891042675344, 1.0)": 0.00020053466152942975}, "pct": 0.48143854297698097, "best_return": 2.4261184022731896}, "rel_minmax": {"time_param": 26, "trend": "rel_minmax", "q_params": {"(0, 0.05376411205702851)": 0.9999378155091098, "(0.05376411205702851, 0.10369321695476441)": 0.9885336045080777, "(0.10369321695476441, 0.12050998035986138)": 0.9409479515643172, "(0.12050998035986138, 0.23542504900108685)": 0.9398691635951391, "(0.23542504900108685, 0.4014705795892461)": 0.9025877156554334, "(0.4014705795892461, 0.41942025419380813)": 0.4690938811255366, "(0.41942025419380813, 0.4323479838493219)": 0.27817763351793284, "(0.4323479838493219, 0.5358579846613206)": 0.01830284207125737, "(0.5358579846613206, 0.7048420313320524)": 0.017657011849275813, "(0.7048420313320524, 1.0)": 0.0013659666714779578}, "pct": 0.0013659666714779578, "best_return": 6.154688776939065}, "ew_rel_minmax": {"time_param": 10, "trend": "ew_rel_minmax", "q_params": {"(0, 0.11404049420007334)": 0.9998595016690447, "(0.11404049420007334, 0.3407637245716664)": 0.9894119738793501, "(0.3407637245716664, 0.3635103302106178)": 0.9445276847856412, "(0.3635103302106178, 0.3666476084173271)": 0.8240788642041301, "(0.3666476084173271, 0.3701589356070767)": 0.7448721100501863, "(0.3701589356070767, 0.3710926651669789)": 0.6395458093509603, "(0.3710926651669789, 0.37954750515122704)": 0.47197675997104555, "(0.37954750515122704, 0.47769688212326583)": 0.4015517357888982, "(0.47769688212326583, 0.643002908482059)": 0.024210908143018184, "(0.643002908482059, 1.0)": 0.0016880525524349023}, "pct": 0.0016880525524349023, "best_return": 5.021868742621562}}