{"ma": {"time_param": 106, "trend": "ma", "q_params": {"(0, 0.019719445394423052)": 0.9039081721931911, "(0.019719445394423052, 0.039846380856285335)": 0.9013567879290078, "(0.039846380856285335, 0.0743058638613533)": 0.8594222210510595, "(0.0743058638613533, 0.3760906311219392)": 0.7757141155264263, "(0.3760906311219392, 0.5592082651568006)": 0.5523932128737501, "(0.5592082651568006, 0.7149479420549788)": 0.5314042922908634, "(0.7149479420549788, 0.7638187108630901)": 0.4803431636959816, "(0.7638187108630901, 0.850117705503798)": 0.309567290505945, "(0.850117705503798, 0.9989410737727213)": 0.14721981732370348, "(0.9989410737727213, 1)": 0.03995152419097692}, "pct": 0.7757141155264263, "best_return": 1.9541215531532532}, "ew_ma": {"time_param": 95, "trend": "ew_ma", "q_params": {"(0, 0.015108835133629595)": 0.9683712625335533, "(0.015108835133629595, 0.04643528886744764)": 0.9444016964141194, "(0.04643528886744764, 0.2893010665760305)": 0.9055007038893138, "(0.2893010665760305, 0.36452311081268357)": 0.7854043158933641, "(0.36452311081268357, 0.41507379254213783)": 0.7025831098396303, "(0.41507379254213783, 0.5832976290704821)": 0.6441528575776785, "(0.5832976290704821, 0.6690922089719445)": 0.47497322395845637, "(0.6690922089719445, 0.7178343175315323)": 0.3686336708491736, "(0.7178343175315323, 0.863693540942062)": 0.14759462703428664, "(0.863693540942062, 1.0)": 0.029559307149510494}, "pct": 0.9055007038893138, "best_return": 2.327753108693686}, "rel_minmax": {"time_param": 28, "trend": "rel_minmax", "q_params": {"(0, 0.23459513403142218)": 0.9452306662880828, "(0.23459513403142218, 0.26445502325835024)": 0.8060729005353914, "(0.26445502325835024, 0.2732629084858422)": 0.44947626029316556, "(0.2732629084858422, 0.42037603862585626)": 0.4396145714523649, "(0.42037603862585626, 0.48975301811863947)": 0.17602440782938433, "(0.48975301811863947, 0.6377843367157909)": 0.07462957017439131, "(0.6377843367157909, 0.7362095138527834)": 0.06904825937292747, "(0.7362095138527834, 0.7710203680325579)": 0.0316556342905324, "(0.7710203680325579, 0.8013373844318448)": 0.017583644492837544, "(0.8013373844318448, 1.0)": 0.0003324558880537509}, "pct": 0.4396145714523649, "best_return": 4.326739494226231}, "ew_rel_minmax": {"time_param": 10, "trend": "ew_rel_minmax", "q_params": {"(0, 0.09874227407964076)": 0.9904027810459535, "(0.09874227407964076, 0.22109895733643703)": 0.6911165071969879, "(0.22109895733643703, 0.31991752946480606)": 0.5981800152206428, "(0.31991752946480606, 0.32764436960092774)": 0.5252098899079899, "(0.32764436960092774, 0.3563833958457331)": 0.3506675004041958, "(0.3563833958457331, 0.5660350021030456)": 0.3434805981217822, "(0.5660350021030456, 0.6935677237989838)": 0.3247399964353956, "(0.6935677237989838, 0.9207900590824605)": 0.25021548731618937, "(0.9207900590824605, 0.9668428820474352)": 0.20441813203482195, "(0.9668428820474352, 1)": 0.1293125305636047}, "pct": 0.6911165071969879, "best_return": 3.0832720617012517}}