{"ma": {"time_param": 92, "trend": "ma", "q_params": {"(0, 0.4203179448996223)": 0.9941232935064408, "(0.4203179448996223, 0.4280554965838136)": 0.964854944948251, "(0.4280554965838136, 0.46679547913372893)": 0.7771267426123525, "(0.46679547913372893, 0.48618653045739685)": 0.6654408084716775, "(0.48618653045739685, 0.5760402138671825)": 0.5670120395301964, "(0.5760402138671825, 0.6097766775428658)": 0.4413935570105917, "(0.6097766775428658, 0.6409186508751438)": 0.012208059009385801, "(0.6409186508751438, 0.7007672864616358)": 0.01182810485772119, "(0.7007672864616358, 0.7220369502997384)": 0.002788509629600776, "(0.7220369502997384, 1.0)": 0.0014132780031408795}, "pct": 0.0014132780031408795, "best_return": 2.46412367628761}, "ew_ma": {"time_param": 48, "trend": "ew_ma", "q_params": {"(0, 0.008598078184578183)": 0.9938660424863089, "(0.008598078184578183, 0.05421608968388711)": 0.6972616538055881, "(0.05421608968388711, 0.055001812553840956)": 0.6953646605436915, "(0.055001812553840956, 0.29749196709810677)": 0.48143854297698097, "(0.29749196709810677, 0.3733488980466124)": 0.48123911965250715, "(0.3733488980466124, 0.4978140922717514)": 0.47510865450268747, "(0.4978140922717514, 0.6186791596668626)": 0.4661913191478446, "(0.6186791596668626, 0.6248730983750559)": 0.1285012602083557, "(0.6248730983750559, 0.8046279452747045)": 0.010680962070454221, "(0.8046279452747045, 1.0)": 0.0002179104894956937}, "pct": 0.010680962070454221, "best_return": 2.390457878705532}, "rel_minmax": {"time_param": 26, "trend": "rel_minmax", "q_params": {"(0, 0.059802323532145374)": 0.9999378155091098, "(0.059802323532145374, 0.0656870683995328)": 0.9859322226647503, "(0.0656870683995328, 0.11029267069175452)": 0.9434526148017828, "(0.11029267069175452, 0.23844837947620465)": 0.9210377963221553, "(0.23844837947620465, 0.3987084295410463)": 0.8352096538805739, "(0.3987084295410463, 0.4078403450045983)": 0.5496246257733158, "(0.4078403450045983, 0.44071468834863203)": 0.4442236526818096, "(0.44071468834863203, 0.6807057541970298)": 0.08690326387985746, "(0.6807057541970298, 0.7460855341567927)": 0.010325939892173612, "(0.7460855341567927, 1.0)": 0.0013659666714779578}, "pct": 0.9210377963221553, "best_return": 5.99625381796733}, "ew_rel_minmax": {"time_param": 10, "trend": "ew_rel_minmax", "q_params": {"(0, 0.08776076620670371)": 0.9998595016690447, "(0.08776076620670371, 0.09870474993508851)": 0.932664772101429, "(0.09870474993508851, 0.35491835539412114)": 0.8825339015084517, "(0.35491835539412114, 0.3599365628079264)": 0.8095138601710765, "(0.3599365628079264, 0.37080909479709956)": 0.6930933136679561, "(0.37080909479709956, 0.3719543698979143)": 0.6415274528477135, "(0.3719543698979143, 0.38055636785473357)": 0.6007843118247739, "(0.38055636785473357, 0.4642189089002418)": 0.4196948408639078, "(0.4642189089002418, 0.662683362965842)": 0.04149046543851649, "(0.662683362965842, 1.0)": 0.008818262404547857}, "pct": 0.4196948408639078, "best_return": 4.498941440476889}}