{"ma": {"time_param": 58, "trend": "ma", "q_params": {"(0, 0.1920920427433618)": 0.9995659265763437, "(0.1920920427433618, 0.35661371658420227)": 0.7975739547524466, "(0.35661371658420227, 0.4068081307878131)": 0.797170853695761, "(0.4068081307878131, 0.40701549524819647)": 0.7847084604512933, "(0.40701549524819647, 0.44259563134695307)": 0.6390981244751074, "(0.44259563134695307, 0.5292766503708843)": 0.5167707342569742, "(0.5292766503708843, 0.5524253461732187)": 0.49196182721213527, "(0.5524253461732187, 0.6904896175695455)": 0.4898427471228821, "(0.6904896175695455, 0.7984269821322206)": 0.4768621491083902, "(0.7984269821322206, 1)": 0.4436495892378002}, "pct": 0.7975739547524466, "best_return": 1.0009588853255642}, "ew_ma": {"time_param": 101, "trend": "ew_ma", "q_params": {"(0, 0.06952467954480468)": 0.9929273260357868, "(0.06952467954480468, 0.1281794564894131)": 0.9676356455446755, "(0.1281794564894131, 0.4054960431216857)": 0.9525197819780138, "(0.4054960431216857, 0.49028082114140686)": 0.9043138098732478, "(0.49028082114140686, 0.571958445482499)": 0.7817956174167868, "(0.571958445482499, 0.6630353875083954)": 0.776379366715708, "(0.6630353875083954, 0.6891185766715482)": 0.7630258056130185, "(0.6891185766715482, 0.7546160644041393)": 0.7423345870554952, "(0.7546160644041393, 0.8348954207131938)": 0.3733099450288766, "(0.8348954207131938, 1)": 0.30000073621952345}, "pct": 0.9525197819780138, "best_return": 1.4282187864382911}, "rel_minmax": {"time_param": 88, "trend": "rel_minmax", "q_params": {"(0, 0.02845754745436202)": 0.9830963095968788, "(0.02845754745436202, 0.11650887345199927)": 0.9511383888122028, "(0.11650887345199927, 0.1887964840817967)": 0.8301806553225912, "(0.1887964840817967, 0.38350127199938205)": 0.6797392085166141, "(0.38350127199938205, 0.44290200578959127)": 0.5735155451770048, "(0.44290200578959127, 0.4968096306344918)": 0.5098584467762508, "(0.4968096306344918, 0.5478109365892039)": 0.4962376872566852, "(0.5478109365892039, 0.6691791790333224)": 0.37955566668322516, "(0.6691791790333224, 0.8517007707559918)": 0.22164199989164524, "(0.8517007707559918, 1)": 0.153651442098241}, "pct": 0.22164199989164524, "best_return": 1.6251880795877984}, "ew_rel_minmax": {"time_param": 81, "trend": "ew_rel_minmax", "q_params": {"(0, 0.11584411289719286)": 0.5249604545787498, "(0.11584411289719286, 0.1618352623461683)": 0.4776150271804007, "(0.1618352623461683, 0.27238518957844826)": 0.47151600323519005, "(0.27238518957844826, 0.41364854707890436)": 0.3260064676277088, "(0.41364854707890436, 0.46341238998779777)": 0.30952394488521917, "(0.46341238998779777, 0.5040381389626998)": 0.2790814585394912, "(0.5040381389626998, 0.6411060849212197)": 0.226116632838434, "(0.6411060849212197, 0.7185877286295429)": 0.1790614861049482, "(0.7185877286295429, 0.9931629388947864)": 0.10300837179916388, "(0.9931629388947864, 1)": 0.05421366350998474}, "pct": 0.226116632838434, "best_return": 1.24167063678287}}