{"ma": {"time_param": 10, "trend": "ma", "q_params": {"(0, 0.00431359324298474)": 0.9948048076065872, "(0.00431359324298474, 0.16936249610501716)": 0.6298678905304086, "(0.16936249610501716, 0.23628878241544846)": 0.5771445808650277, "(0.23628878241544846, 0.37039729431496227)": 0.4429090602207965, "(0.37039729431496227, 0.47476736092033456)": 0.30201725550667263, "(0.47476736092033456, 0.48184350193416103)": 0.2725124155335612, "(0.48184350193416103, 0.4942986671966322)": 0.11765830951697051, "(0.4942986671966322, 0.6758871428996113)": 0.051524727939358826, "(0.6758871428996113, 0.8194720435971402)": 0.034119085316916806, "(0.8194720435971402, 1.0)": 0.02247856093558084}, "pct": 0.4429090602207965, "best_return": 1.100210344700751}, "ew_ma": {"time_param": 10, "trend": "ew_ma", "q_params": {"(0, 0.03572656764166582)": 0.984681117902203, "(0.03572656764166582, 0.050878606834416806)": 0.7139316498952857, "(0.050878606834416806, 0.0866725299070048)": 0.7013290296726479, "(0.0866725299070048, 0.39438247802723275)": 0.5855289826448956, "(0.39438247802723275, 0.4722853332807625)": 0.5798555597018231, "(0.4722853332807625, 0.5145547807576438)": 0.26591376218473417, "(0.5145547807576438, 0.723112397712461)": 0.250714620112748, "(0.723112397712461, 0.7518213453430271)": 0.23843229655781598, "(0.7518213453430271, 0.9252949596356587)": 0.23315136144916537, "(0.9252949596356587, 1.0)": 0.1090499142195106}, "pct": 0.250714620112748, "best_return": 1.097764293115182}, "rel_minmax": {"time_param": 10, "trend": "rel_minmax", "q_params": {"(0, 0.13765086348640862)": 0.975441797713145, "(0.13765086348640862, 0.20725909734891884)": 0.5921296961452152, "(0.20725909734891884, 0.33202056475284136)": 0.5850315689542321, "(0.33202056475284136, 0.34112660020590485)": 0.5030047592984027, "(0.34112660020590485, 0.3542739937764732)": 0.373395431498328, "(0.3542739937764732, 0.6977144624833115)": 0.3342112409966973, "(0.6977144624833115, 0.7946687308512659)": 0.33346549646915646, "(0.7946687308512659, 0.8290859882528807)": 0.3299738438358147, "(0.8290859882528807, 0.8292731445758692)": 0.09428079144967005, "(0.8292731445758692, 1.0)": 0.0007271790805621807}, "pct": 0.0007271790805621807, "best_return": 1.161491872818395}, "ew_rel_minmax": {"time_param": 10, "trend": "ew_rel_minmax", "q_params": {"(0, 0.07746424542619712)": 0.8202010895488269, "(0.07746424542619712, 0.1143169613453586)": 0.7278986835949792, "(0.1143169613453586, 0.16919813410091136)": 0.7064708598946906, "(0.16919813410091136, 0.4732572693097006)": 0.7056612008223841, "(0.4732572693097006, 0.5240973472522144)": 0.646984921248356, "(0.5240973472522144, 0.5801379975487123)": 0.4981880245089925, "(0.5801379975487123, 0.8171277399469553)": 0.468669921177968, "(0.8171277399469553, 0.869580412970258)": 0.22539580794587635, "(0.869580412970258, 0.9756852374915579)": 0.1713717523591869, "(0.9756852374915579, 1)": 0.16532700476620876}, "pct": 0.1713717523591869, "best_return": 1.0798670791069904}}