{"ma": {"time_param": 19, "trend": "ma", "q_params": {"(0, 0.03052376701916859)": 0.9909981407208959, "(0.03052376701916859, 0.16425985152074393)": 0.9308446808802395, "(0.16425985152074393, 0.19583407675504838)": 0.8330519912179012, "(0.19583407675504838, 0.2318657821189699)": 0.7499418676386858, "(0.2318657821189699, 0.3357346710905613)": 0.5155069391841258, "(0.3357346710905613, 0.44371283884995005)": 0.24773625009445677, "(0.44371283884995005, 0.46608944574553857)": 0.1649078252855295, "(0.46608944574553857, 0.7829159958569328)": 0.06540948960965187, "(0.7829159958569328, 0.989769063284643)": 0.026335189578145624, "(0.989769063284643, 1)": 0.01118303283955846}, "pct": 0.5155069391841258, "best_return": 1.2084703949926259}, "ew_ma": {"time_param": 11, "trend": "ew_ma", "q_params": {"(0, 0.25050160799570076)": 0.9416879465497395, "(0.25050160799570076, 0.26958241114206294)": 0.6139272496982068, "(0.26958241114206294, 0.3736306897853712)": 0.586931171576383, "(0.3736306897853712, 0.38773025816302553)": 0.5103957584263198, "(0.38773025816302553, 0.3989362579688436)": 0.42499025374734267, "(0.3989362579688436, 0.6649660178085988)": 0.36999299244568407, "(0.6649660178085988, 0.766832903962174)": 0.3315626624512449, "(0.766832903962174, 0.8000892596053581)": 0.10703925250301118, "(0.8000892596053581, 0.8569426411102075)": 0.07130400798668424, "(0.8569426411102075, 1)": 0.04834781164263391}, "pct": 0.9416879465497395, "best_return": 1.1881654840182645}, "rel_minmax": {"time_param": 12, "trend": "rel_minmax", "q_params": {"(0, 0.03330446618010541)": 0.8112437643576812, "(0.03330446618010541, 0.1453975021878262)": 0.7097501482383303, "(0.1453975021878262, 0.17581352216096627)": 0.3743611321522724, "(0.17581352216096627, 0.3820723274919652)": 0.35053314600624547, "(0.3820723274919652, 0.737620135057435)": 0.3419063183058332, "(0.737620135057435, 0.7542797278055139)": 0.33250509378829496, "(0.7542797278055139, 0.7661326055895269)": 0.3071979520798719, "(0.7661326055895269, 0.8691087917076025)": 0.10285295803612171, "(0.8691087917076025, 0.9570121177068613)": 0.08958712797657087, "(0.9570121177068613, 1)": 0.002413878291528289}, "pct": 0.3419063183058332, "best_return": 1.0433286449022419}, "ew_rel_minmax": {"time_param": 15, "trend": "ew_rel_minmax", "q_params": {"(0, 0.23675697798521111)": 0.7526292750848267, "(0.23675697798521111, 0.45380177236759556)": 0.4794602809217723, "(0.45380177236759556, 0.6128417369403815)": 0.46824973585189467, "(0.6128417369403815, 0.7689783184480904)": 0.3786619653679847, "(0.7689783184480904, 0.8031710178576744)": 0.3531784188509224, "(0.8031710178576744, 0.8081055191432693)": 0.27194898392650346, "(0.8081055191432693, 0.8639240616446878)": 0.21632594667654015, "(0.8639240616446878, 0.934321325401765)": 0.11247299847681147, "(0.934321325401765, 0.953464437390531)": 0.08434364905871783, "(0.953464437390531, 1)": 0.030957287835660763}, "pct": 0.3786619653679847, "best_return": 0.9767096195880143}}