{"ma": {"time_param": 10, "trend": "ma", "q_params": {"(0, 0.00431359324298474)": 0.9948048076065872, "(0.00431359324298474, 0.16936249610501716)": 0.6220275344192742, "(0.16936249610501716, 0.23628878241544846)": 0.57512900605859, "(0.23628878241544846, 0.37039729431496227)": 0.3989635611150235, "(0.37039729431496227, 0.37816140778107765)": 0.27611477809216695, "(0.37816140778107765, 0.4876247456603827)": 0.2725124155335612, "(0.4876247456603827, 0.4942986671966322)": 0.11765830951697051, "(0.4942986671966322, 0.6758871428996113)": 0.051524727939358826, "(0.6758871428996113, 0.8194720435971402)": 0.034119085316916806, "(0.8194720435971402, 1.0)": 0.03278372880118944}, "pct": 0.3989635611150235, "best_return": 1.0649332100572273}, "ew_ma": {"time_param": 10, "trend": "ew_ma", "q_params": {"(0, 0.03572656764166582)": 0.984681117902203, "(0.03572656764166582, 0.042253859942014395)": 0.7139316498952857, "(0.042253859942014395, 0.0866725299070048)": 0.7013290296726479, "(0.0866725299070048, 0.35551768277614226)": 0.5833098220242043, "(0.35551768277614226, 0.4722853332807625)": 0.5826991011916183, "(0.4722853332807625, 0.5067454080697656)": 0.26591376218473417, "(0.5067454080697656, 0.723112397712461)": 0.250714620112748, "(0.723112397712461, 0.7518213453430271)": 0.23843229655781598, "(0.7518213453430271, 0.9252949596356587)": 0.23315136144916537, "(0.9252949596356587, 1.0)": 0.1090499142195106}, "pct": 0.5826991011916183, "best_return": 1.0699482866897536}, "rel_minmax": {"time_param": 10, "trend": "rel_minmax", "q_params": {"(0, 0.15381632204227397)": 0.975441797713145, "(0.15381632204227397, 0.23995376747425437)": 0.5921296961452152, "(0.23995376747425437, 0.2492413132844445)": 0.5446461491012641, "(0.2492413132844445, 0.27677899610961176)": 0.4504797065119354, "(0.27677899610961176, 0.3542739937764732)": 0.373395431498328, "(0.3542739937764732, 0.6977144624833115)": 0.37166469240576383, "(0.6977144624833115, 0.7543297022519921)": 0.33346549646915646, "(0.7543297022519921, 0.8041009217104947)": 0.3299738438358147, "(0.8041009217104947, 0.809463524025127)": 0.09428079144967005, "(0.809463524025127, 1.0)": 0.0007271790805621807}, "pct": 0.37166469240576383, "best_return": 1.1622832277682211}, "ew_rel_minmax": {"time_param": 13, "trend": "ew_rel_minmax", "q_params": {"(0, 0.17977601314115377)": 0.9732369690437743, "(0.17977601314115377, 0.2538658676435547)": 0.7707715841911285, "(0.2538658676435547, 0.32506251348292947)": 0.7023334786557799, "(0.32506251348292947, 0.36101242484120677)": 0.4582318597096376, "(0.36101242484120677, 0.3653398959703821)": 0.4566350646047287, "(0.3653398959703821, 0.622280455476439)": 0.2534307722936363, "(0.622280455476439, 0.6526280420882605)": 0.21409672634390964, "(0.6526280420882605, 0.8105122747631353)": 0.203885115444413, "(0.8105122747631353, 0.8413403856713326)": 0.16830217252402974, "(0.8413403856713326, 1)": 0.03198168288475063}, "pct": 0.203885115444413, "best_return": 1.0615814248253472}}