{"ma": {"time_param": 10, "trend": "ma", "q_params": {"(0, 0.00431359324298474)": 0.9911012740196241, "(0.00431359324298474, 0.16936249610501716)": 0.63137869066935, "(0.16936249610501716, 0.2560125228959886)": 0.6092064070129468, "(0.2560125228959886, 0.37039729431496227)": 0.27557872569539416, "(0.37039729431496227, 0.4414718697137565)": 0.2727545328257107, "(0.4414718697137565, 0.48184350193416103)": 0.21067127139565542, "(0.48184350193416103, 0.5499217383291267)": 0.11765830951697051, "(0.5499217383291267, 0.6758871428996113)": 0.051524727939358826, "(0.6758871428996113, 0.8054859445385799)": 0.022763676050274358, "(0.8054859445385799, 1.0)": 0.02247856093558084}, "pct": 0.27557872569539416, "best_return": 1.0927769419455646}, "ew_ma": {"time_param": 10, "trend": "ew_ma", "q_params": {"(0, 0.03572656764166582)": 0.984681117902203, "(0.03572656764166582, 0.050878606834416806)": 0.7139316498952857, "(0.050878606834416806, 0.0866725299070048)": 0.5986502649910594, "(0.0866725299070048, 0.45347527726774606)": 0.5855289826448956, "(0.45347527726774606, 0.4722853332807625)": 0.5583412848094718, "(0.4722853332807625, 0.5145547807576438)": 0.2712725467679914, "(0.5145547807576438, 0.723112397712461)": 0.2529314531214821, "(0.723112397712461, 0.7599201097704099)": 0.2343342856899936, "(0.7599201097704099, 0.9252949596356587)": 0.23315136144916537, "(0.9252949596356587, 1)": 0.1090499142195106}, "pct": 0.2343342856899936, "best_return": 1.09067956517485}, "rel_minmax": {"time_param": 10, "trend": "rel_minmax", "q_params": {"(0, 0.13765086348640862)": 0.8910967870211322, "(0.13765086348640862, 0.20725909734891884)": 0.5921296961452152, "(0.20725909734891884, 0.33202056475284136)": 0.5850315689542321, "(0.33202056475284136, 0.34112660020590485)": 0.5030047592984027, "(0.34112660020590485, 0.3741941119648196)": 0.3950610431213225, "(0.3741941119648196, 0.7588339779196449)": 0.34741000179428705, "(0.7588339779196449, 0.7946687308512659)": 0.3394517160646008, "(0.7946687308512659, 0.8053233026009887)": 0.3299738438358147, "(0.8053233026009887, 0.8292731445758692)": 0.09428079144967005, "(0.8292731445758692, 1.0)": 0.008545766149428508}, "pct": 0.008545766149428508, "best_return": 1.1552896256803478}, "ew_rel_minmax": {"time_param": 10, "trend": "ew_rel_minmax", "q_params": {"(0, 0.19041776961590284)": 0.8449180466041298, "(0.19041776961590284, 0.22402478161605477)": 0.7599760678984817, "(0.22402478161605477, 0.29062403521356006)": 0.7577960328664893, "(0.29062403521356006, 0.48912914523360856)": 0.5185480409203903, "(0.48912914523360856, 0.7126729613186592)": 0.4450102978706516, "(0.7126729613186592, 0.8025422112481925)": 0.4405899599235339, "(0.8025422112481925, 0.8710137961085419)": 0.4185255324383545, "(0.8710137961085419, 0.876108521584936)": 0.21905248336223937, "(0.876108521584936, 0.9095324765388609)": 0.19419328546488557, "(0.9095324765388609, 1.0)": 0.0009606681551435727}, "pct": 0.0009606681551435727, "best_return": 1.1043526305344624}}