{"ma": {"time_param": 12, "trend": "ma", "q_params": {"(0, 0.31242865263165304)": 0.8605041527887739, "(0.31242865263165304, 0.37463521909077635)": 0.8448693693381951, "(0.37463521909077635, 0.3764940486226461)": 0.6919493581150546, "(0.3764940486226461, 0.3906201843245126)": 0.6363510100467412, "(0.3906201843245126, 0.4510156095245139)": 0.6257151403161565, "(0.4510156095245139, 0.5680485383152034)": 0.5905305059035049, "(0.5680485383152034, 0.6047683569745943)": 0.3335664093973534, "(0.6047683569745943, 0.7994799521184539)": 0.3106708343604819, "(0.7994799521184539, 0.8932410191854362)": 0.2814397484819654, "(0.8932410191854362, 1)": 0.02059075504469625}, "pct": 0.02059075504469625, "best_return": 0.97208741263965}, "ew_ma": {"time_param": 10, "trend": "ew_ma", "q_params": {"(0, 0.03612548830443285)": 0.986016501772124, "(0.03612548830443285, 0.30814960049916656)": 0.978109801366755, "(0.30814960049916656, 0.48805243063732995)": 0.954105073711785, "(0.48805243063732995, 0.6190903566389124)": 0.8925237099040513, "(0.6190903566389124, 0.6392750161644636)": 0.804585997995733, "(0.6392750161644636, 0.8763101080238459)": 0.7718374618530468, "(0.8763101080238459, 0.9622828824678216)": 0.6991967828583125, "(0.9622828824678216, 0.9786827033705351)": 0.5823224618225957, "(0.9786827033705351, 0.9939518178951652)": 0.3947198258581039, "(0.9939518178951652, 1)": 0.2595885960594261}, "pct": 0.7718374618530468, "best_return": 0.9499150480765612}, "rel_minmax": {"time_param": 13, "trend": "rel_minmax", "q_params": {"(0, 0.19800839999156572)": 0.9849420585888207, "(0.19800839999156572, 0.25528216844487756)": 0.9058672698983641, "(0.25528216844487756, 0.444332150512288)": 0.8341558729299793, "(0.444332150512288, 0.7625523169852223)": 0.7077404972328735, "(0.7625523169852223, 0.87570581375729)": 0.6937659294092072, "(0.87570581375729, 0.8770876083494324)": 0.505264191351787, "(0.8770876083494324, 0.8806261099635871)": 0.32185247186969057, "(0.8806261099635871, 0.8972632916307256)": 0.3203239520198634, "(0.8972632916307256, 0.9488654960292165)": 0.3094021522969946, "(0.9488654960292165, 1)": 0.0658532619602249}, "pct": 0.9058672698983641, "best_return": 0.9618576935789784}, "ew_rel_minmax": {"time_param": 14, "trend": "ew_rel_minmax", "q_params": {"(0, 0.025195842850262107)": 0.9786765772589995, "(0.025195842850262107, 0.0373446930226361)": 0.9570997634253461, "(0.0373446930226361, 0.30482008035955)": 0.8449788288120819, "(0.30482008035955, 0.5767915443304069)": 0.6344023171672637, "(0.5767915443304069, 0.5984793696658359)": 0.6084863728802196, "(0.5984793696658359, 0.7169882546602956)": 0.5878744334971018, "(0.7169882546602956, 0.8245382702299815)": 0.30028756506054927, "(0.8245382702299815, 0.9001254821099619)": 0.2687277145798554, "(0.9001254821099619, 0.9539904780828806)": 0.12295250439861659, "(0.9539904780828806, 1)": 0.022568715400272166}, "pct": 0.8449788288120819, "best_return": 1.0328862972594055}}