{"ma": {"time_param": 10, "trend": "ma", "q_params": {"(0, 0.00431359324298474)": 0.9984928470250956, "(0.00431359324298474, 0.08252223924991897)": 0.6003355827570671, "(0.08252223924991897, 0.2745724917923834)": 0.5701316106319692, "(0.2745724917923834, 0.37039729431496227)": 0.30219879687654627, "(0.37039729431496227, 0.4170004502484364)": 0.27611477809216695, "(0.4170004502484364, 0.46544389789830226)": 0.21273554498507566, "(0.46544389789830226, 0.575393128454275)": 0.20773763450936414, "(0.575393128454275, 0.7331683656533104)": 0.03843380073171605, "(0.7331683656533104, 0.8236735822309106)": 0.0337143322227774, "(0.8236735822309106, 1.0)": 0.03278372880118944}, "pct": 0.20773763450936414, "best_return": 1.0070269561249667}, "ew_ma": {"time_param": 10, "trend": "ew_ma", "q_params": {"(0, 0.03572656764166582)": 0.995574862976405, "(0.03572656764166582, 0.042253859942014395)": 0.7139316498952857, "(0.042253859942014395, 0.10720101854939633)": 0.6633433270242179, "(0.10720101854939633, 0.3624623227957522)": 0.5602896689619583, "(0.3624623227957522, 0.4722853332807625)": 0.5484103643301101, "(0.4722853332807625, 0.48176360927982215)": 0.26591376218473417, "(0.48176360927982215, 0.7276893446214189)": 0.2406528821805985, "(0.7276893446214189, 0.819091625006142)": 0.20866203575156536, "(0.819091625006142, 0.8608110453845073)": 0.20199876810933368, "(0.8608110453845073, 1.0)": 0.054944846803147616}, "pct": 0.2406528821805985, "best_return": 0.9829657111381139}, "rel_minmax": {"time_param": 10, "trend": "rel_minmax", "q_params": {"(0, 0.17473621052035712)": 0.9840853808539735, "(0.17473621052035712, 0.20294351989134216)": 0.8425705846718596, "(0.20294351989134216, 0.2064778008679613)": 0.537019434377474, "(0.2064778008679613, 0.24884631296972762)": 0.40394122474326105, "(0.24884631296972762, 0.3254554122154168)": 0.3386623116671587, "(0.3254554122154168, 0.7236011671623697)": 0.3300115602490117, "(0.7236011671623697, 0.7543297022519921)": 0.3154714853872114, "(0.7543297022519921, 0.7585719529560129)": 0.31531461714216324, "(0.7585719529560129, 0.7771182104630133)": 0.20495287304871967, "(0.7771182104630133, 1.0)": 0.0007271790805621807}, "pct": 0.3386623116671587, "best_return": 1.0890200953893017}, "ew_rel_minmax": {"time_param": 13, "trend": "ew_rel_minmax", "q_params": {"(0, 0.049799782279863446)": 0.5493633969013418, "(0.049799782279863446, 0.05764447612192081)": 0.49026259562183344, "(0.05764447612192081, 0.19771483926644898)": 0.3710032868935298, "(0.19771483926644898, 0.3873761591120404)": 0.35282233706014166, "(0.3873761591120404, 0.38791585679189744)": 0.2767678110796902, "(0.38791585679189744, 0.3919984528732518)": 0.23396417447728513, "(0.3919984528732518, 0.46143292294175653)": 0.09811899202763572, "(0.46143292294175653, 0.8374384499369518)": 0.01418670489905945, "(0.8374384499369518, 0.8587110541822806)": 0.011164265169163566, "(0.8587110541822806, 1.0)": 0.005905274792220713}, "pct": 0.01418670489905945, "best_return": 1.0466117116282028}}