{"ma": {"time_param": 10, "trend": "ma", "q_params": {"(0, 0.00431359324298474)": 0.9984928470250956, "(0.00431359324298474, 0.08252223924991897)": 0.6173225591938649, "(0.08252223924991897, 0.27330605913307815)": 0.573003670529155, "(0.27330605913307815, 0.37039729431496227)": 0.3162860976704759, "(0.37039729431496227, 0.4170004502484364)": 0.27611477809216695, "(0.4170004502484364, 0.5067182374404156)": 0.21979055310023826, "(0.5067182374404156, 0.5602657236126476)": 0.20426286471651814, "(0.5602657236126476, 0.7135501990613358)": 0.03843380073171605, "(0.7135501990613358, 0.7941550428065197)": 0.03434441939634847, "(0.7941550428065197, 1.0)": 0.03278372880118944}, "pct": 0.21979055310023826, "best_return": 1.057297512186459}, "ew_ma": {"time_param": 10, "trend": "ew_ma", "q_params": {"(0, 0.03572656764166582)": 0.995574862976405, "(0.03572656764166582, 0.042253859942014395)": 0.7139316498952857, "(0.042253859942014395, 0.0855123643136047)": 0.6681652009416142, "(0.0855123643136047, 0.3936828804684156)": 0.6268891170173427, "(0.3936828804684156, 0.4722853332807625)": 0.583318052056944, "(0.4722853332807625, 0.47963006529961766)": 0.26591376218473417, "(0.47963006529961766, 0.7478054471462675)": 0.2406528821805985, "(0.7478054471462675, 0.7781898333509154)": 0.23350593185951937, "(0.7781898333509154, 0.8608110453845073)": 0.2333648369392963, "(0.8608110453845073, 1.0)": 0.02873629030173421}, "pct": 0.583318052056944, "best_return": 1.0554250919671855}, "rel_minmax": {"time_param": 10, "trend": "rel_minmax", "q_params": {"(0, 0.17473621052035712)": 0.975441797713145, "(0.17473621052035712, 0.21340462418136116)": 0.7845702010253643, "(0.21340462418136116, 0.23200982385093688)": 0.537019434377474, "(0.23200982385093688, 0.26100770884429964)": 0.4398081758361551, "(0.26100770884429964, 0.3254554122154168)": 0.373395431498328, "(0.3254554122154168, 0.6977144624833115)": 0.37166469240576383, "(0.6977144624833115, 0.7543297022519921)": 0.3154714853872114, "(0.7543297022519921, 0.7585719529560129)": 0.30058628284210764, "(0.7585719529560129, 0.7771182104630133)": 0.11116014254609474, "(0.7771182104630133, 1.0)": 0.0007271790805621807}, "pct": 0.37166469240576383, "best_return": 1.1271923320168633}, "ew_rel_minmax": {"time_param": 13, "trend": "ew_rel_minmax", "q_params": {"(0, 0.04294055624701698)": 0.9895417642245014, "(0.04294055624701698, 0.19247883330169657)": 0.8486507386319423, "(0.19247883330169657, 0.28637893289480876)": 0.7649904991594604, "(0.28637893289480876, 0.45438219713052924)": 0.7262906571242991, "(0.45438219713052924, 0.5238331575848307)": 0.538497527367988, "(0.5238331575848307, 0.6319710202267338)": 0.4032774423545341, "(0.6319710202267338, 0.7514367781452732)": 0.3756325634990722, "(0.7514367781452732, 0.8262828160353829)": 0.18637073792576103, "(0.8262828160353829, 0.8404831967469933)": 0.17519749369118212, "(0.8404831967469933, 1.0)": 0.02265548573534161}, "pct": 0.18637073792576103, "best_return": 1.0964099605577975}}