{"ma": {"time_param": 12, "trend": "ma", "q_params": {"(0, 0.1078568649207906)": 0.9199412897094302, "(0.1078568649207906, 0.20123668449587295)": 0.8509147558958386, "(0.20123668449587295, 0.2906231530422133)": 0.8194161400050468, "(0.2906231530422133, 0.35128236900017007)": 0.7857409754471691, "(0.35128236900017007, 0.37440770063836604)": 0.6428772881334255, "(0.37440770063836604, 0.43920697883361715)": 0.5866638006282319, "(0.43920697883361715, 0.4586990054945031)": 0.5256296799015733, "(0.4586990054945031, 0.6624050170062675)": 0.3611061436189764, "(0.6624050170062675, 0.8786138344118616)": 0.2209279603192278, "(0.8786138344118616, 1)": 0.014859017892568605}, "pct": 0.014859017892568605, "best_return": 1.003700720643394}, "ew_ma": {"time_param": 23, "trend": "ew_ma", "q_params": {"(0, 0.14727279530136825)": 0.8455305885841827, "(0.14727279530136825, 0.2109008761048885)": 0.8383050071042498, "(0.2109008761048885, 0.36872890620688037)": 0.6520421122034085, "(0.36872890620688037, 0.5041767129464385)": 0.5877693669351922, "(0.5041767129464385, 0.5240257936863215)": 0.5222160540240983, "(0.5240257936863215, 0.5857370963353956)": 0.27984725405304456, "(0.5857370963353956, 0.6056758186001088)": 0.1154605831500709, "(0.6056758186001088, 0.8964739204908042)": 0.0763252276257228, "(0.8964739204908042, 0.9971253238208491)": 0.07000055904445457, "(0.9971253238208491, 1)": 0.03931070636988998}, "pct": 0.6520421122034085, "best_return": 1.090742640620455}, "rel_minmax": {"time_param": 12, "trend": "rel_minmax", "q_params": {"(0.0, 0.4219601561159837)": 0.8912385164561236, "(0.4219601561159837, 0.4299002487438721)": 0.8457604996172778, "(0.4299002487438721, 0.6406754969349804)": 0.7963964768059068, "(0.6406754969349804, 0.6948587096353755)": 0.7155529621525715, "(0.6948587096353755, 0.796142517989637)": 0.5326189957885162, "(0.796142517989637, 0.9398815613461889)": 0.23337474794018684, "(0.9398815613461889, 0.9416875953971562)": 0.21498818115831697, "(0.9416875953971562, 0.9681714283344356)": 0.19684809348694174, "(0.9681714283344356, 0.9832629272837474)": 0.1856655604946611, "(0.9832629272837474, 1.0)": 0.17936522639889071}, "pct": 1, "best_return": 0.9356322438828094}, "ew_rel_minmax": {"time_param": 18, "trend": "ew_rel_minmax", "q_params": {"(0.0, 0.0592367586096576)": 0.8923770992105782, "(0.0592367586096576, 0.18497951860498554)": 0.8609183089247731, "(0.18497951860498554, 0.29040380670912147)": 0.7503720777052593, "(0.29040380670912147, 0.47236829656939705)": 0.6187477086983061, "(0.47236829656939705, 0.5284106547412304)": 0.5356058952044489, "(0.5284106547412304, 0.639249820708661)": 0.4907652062346304, "(0.639249820708661, 0.7225684352584867)": 0.4283263578713903, "(0.7225684352584867, 0.8061741015587043)": 0.28236185205632924, "(0.8061741015587043, 0.8501969571357114)": 0.21276082066381108, "(0.8501969571357114, 1.0)": 0.06270402119806273}, "pct": 1, "best_return": 0.9356322438828094}}