{"ma": {"time_param": 16, "trend": "ma", "q_params": {"(0, 0.040686701815167765)": 0.9844189335436047, "(0.040686701815167765, 0.07528599250999363)": 0.8000849115999777, "(0.07528599250999363, 0.08918409779774994)": 0.6812325565708782, "(0.08918409779774994, 0.21922124036371932)": 0.6182505926397114, "(0.21922124036371932, 0.27391558028080315)": 0.5400737263404614, "(0.27391558028080315, 0.5047484799574454)": 0.49854148157493516, "(0.5047484799574454, 0.582062817821488)": 0.4324614264773944, "(0.582062817821488, 0.5959988944036435)": 0.39363691787335464, "(0.5959988944036435, 0.7653477143287216)": 0.25569619636928187, "(0.7653477143287216, 1)": 0.13283553814421684}, "pct": 0.49854148157493516, "best_return": 0.9747789931087933}, "ew_ma": {"time_param": 11, "trend": "ew_ma", "q_params": {"(0, 0.010784181584766905)": 0.9432734499846851, "(0.010784181584766905, 0.12280874253779668)": 0.8901084279125537, "(0.12280874253779668, 0.131239844314474)": 0.7062987960408855, "(0.131239844314474, 0.6432558219550517)": 0.6102120067699205, "(0.6432558219550517, 0.7034192492913791)": 0.39748723888276327, "(0.7034192492913791, 0.8659274852146113)": 0.33406184110193826, "(0.8659274852146113, 0.8842761483216744)": 0.30869082925235014, "(0.8842761483216744, 0.890155142999893)": 0.23306841467224135, "(0.890155142999893, 0.9752862781216511)": 0.13250543598576525, "(0.9752862781216511, 1)": 0.07607122335647695}, "pct": 0.6102120067699205, "best_return": 0.9249408365833752}, "rel_minmax": {"time_param": 14, "trend": "rel_minmax", "q_params": {"(0, 0.08262178058358556)": 0.8497586662942994, "(0.08262178058358556, 0.13544572613094785)": 0.7680125745000002, "(0.13544572613094785, 0.20524304102557514)": 0.5843276013688528, "(0.20524304102557514, 0.22667205150766753)": 0.5030351613125232, "(0.22667205150766753, 0.29754000556046356)": 0.40130299676493203, "(0.29754000556046356, 0.45383800416431985)": 0.36509386756075934, "(0.45383800416431985, 0.5606082598314537)": 0.26588408135641034, "(0.5606082598314537, 0.6072016871220484)": 0.22047690328394842, "(0.6072016871220484, 0.914794610732562)": 0.10198418432600198, "(0.914794610732562, 1)": 0.03256997088219227}, "pct": 0.10198418432600198, "best_return": 0.9633037217833759}, "ew_rel_minmax": {"time_param": 16, "trend": "ew_rel_minmax", "q_params": {"(0, 0.05232091219897381)": 0.8409389053899627, "(0.05232091219897381, 0.10761857138578099)": 0.7157487883501729, "(0.10761857138578099, 0.11183747081097084)": 0.6316055907018613, "(0.11183747081097084, 0.2126918060664329)": 0.4343487371473195, "(0.2126918060664329, 0.21380089442691497)": 0.26948140942907517, "(0.21380089442691497, 0.2329653727079149)": 0.20302177527880216, "(0.2329653727079149, 0.382264474723757)": 0.17281494937314834, "(0.382264474723757, 0.532670435272664)": 0.11229906374856724, "(0.532670435272664, 0.6794567715472933)": 0.09051487458933867, "(0.6794567715472933, 1)": 0.01402886430032015}, "pct": 0.11229906374856724, "best_return": 0.889073421440999}}