{"ma": {"time_param": 26, "trend": "ma", "q_params": {"(0, 0.2508573128634273)": 0.9871739222838954, "(0.2508573128634273, 0.26481623180349945)": 0.877694798983714, "(0.26481623180349945, 0.3593441633364801)": 0.8685914485574517, "(0.3593441633364801, 0.3840952584865762)": 0.7335624661939849, "(0.3840952584865762, 0.4392598766270173)": 0.6032277981889128, "(0.4392598766270173, 0.6039992561614592)": 0.30890672328936597, "(0.6039992561614592, 0.775107881780166)": 0.25534652104703903, "(0.775107881780166, 0.7781854199624783)": 0.10654555930378251, "(0.7781854199624783, 0.8171110414352544)": 0.07539191113377171, "(0.8171110414352544, 1.0)": 0.03663303717566596}, "pct": 0.30890672328936597, "best_return": 1.138582669006091}, "ew_ma": {"time_param": 18, "trend": "ew_ma", "q_params": {"(0, 0.09776981608396351)": 0.9964791683648073, "(0.09776981608396351, 0.332694103690495)": 0.9012499516306712, "(0.332694103690495, 0.3630425042234594)": 0.8906787070395966, "(0.3630425042234594, 0.364589120128057)": 0.5296251294095083, "(0.364589120128057, 0.43648716403790816)": 0.36343972035855554, "(0.43648716403790816, 0.5180496620375842)": 0.3541779187274434, "(0.5180496620375842, 0.5364220047532071)": 0.17301797966486718, "(0.5364220047532071, 0.6429592331513347)": 0.12510202072207982, "(0.6429592331513347, 0.7500291240110742)": 0.05596586525549762, "(0.7500291240110742, 1.0)": 0.02010631365202329}, "pct": 0.8906787070395966, "best_return": 1.2390549779588649}, "rel_minmax": {"time_param": 19, "trend": "rel_minmax", "q_params": {"(0, 0.016923548992454962)": 0.9531653636076869, "(0.016923548992454962, 0.018186093743103426)": 0.8815963424359046, "(0.018186093743103426, 0.030286532397159838)": 0.8390787052759837, "(0.030286532397159838, 0.11481005855068116)": 0.5972175979258959, "(0.11481005855068116, 0.22044961287893916)": 0.4727798843022102, "(0.22044961287893916, 0.2654300369046878)": 0.36531509042397736, "(0.2654300369046878, 0.48707540310914776)": 0.3472099053100416, "(0.48707540310914776, 0.732706660307772)": 0.3446606866272266, "(0.732706660307772, 0.9882531998291137)": 0.2198789398716491, "(0.9882531998291137, 1)": 0.20827164860001823}, "pct": 0.3472099053100416, "best_return": 0.9576309349484625}, "ew_rel_minmax": {"time_param": 15, "trend": "ew_rel_minmax", "q_params": {"(0.0, 0.03834795964385651)": 0.9174738384048039, "(0.03834795964385651, 0.2630326526708969)": 0.8027759497580279, "(0.2630326526708969, 0.32748598934800244)": 0.7936049614212818, "(0.32748598934800244, 0.43259776869249694)": 0.7379353058042449, "(0.43259776869249694, 0.46770621826343406)": 0.7039249054337398, "(0.46770621826343406, 0.7303439147452386)": 0.6874927143575009, "(0.7303439147452386, 0.7942095081822514)": 0.6377802875026063, "(0.7942095081822514, 0.8798440292650354)": 0.46667755282395085, "(0.8798440292650354, 0.9450311066943604)": 0.22833275456001656, "(0.9450311066943604, 1.0)": 0.17300151347998236}, "pct": 1, "best_return": 0.9370262421149483}}