{"ma": {"time_param": 24, "trend": "ma", "q_params": {"(0, 0.006855612280318835)": 0.8380595945891157, "(0.006855612280318835, 0.07833946404042402)": 0.7769342928526979, "(0.07833946404042402, 0.4019139334499836)": 0.7686312483558884, "(0.4019139334499836, 0.4141152088791723)": 0.6752055977115414, "(0.4141152088791723, 0.4703844105611321)": 0.5615967440645708, "(0.4703844105611321, 0.4856110310775298)": 0.37487841014065365, "(0.4856110310775298, 0.48578681026980597)": 0.2061034325378998, "(0.48578681026980597, 0.7620925838704182)": 0.16901446343032422, "(0.7620925838704182, 0.8867197566125031)": 0.14509577749649216, "(0.8867197566125031, 1)": 0.012996589932635083}, "pct": 0.7769342928526979, "best_return": 1.136029286946495}, "ew_ma": {"time_param": 11, "trend": "ew_ma", "q_params": {"(0.0, 0.25050160799570076)": 0.9432107890710971, "(0.25050160799570076, 0.26958241114206294)": 0.6139272496982068, "(0.26958241114206294, 0.3736306897853712)": 0.5961709874222533, "(0.3736306897853712, 0.38773025816302553)": 0.5103957584263198, "(0.38773025816302553, 0.3989362579688436)": 0.42499025374734267, "(0.3989362579688436, 0.6649660178085988)": 0.36999299244568407, "(0.6649660178085988, 0.766832903962174)": 0.3315626624512449, "(0.766832903962174, 0.8000892596053581)": 0.10703925250301118, "(0.8000892596053581, 0.8569426411102075)": 0.07130400798668424, "(0.8569426411102075, 1.0)": 0.04834781164263391}, "pct": 0.9432107890710971, "best_return": 1.1556462958184675}, "rel_minmax": {"time_param": 12, "trend": "rel_minmax", "q_params": {"(0, 0.03330446618010541)": 0.8112437643576812, "(0.03330446618010541, 0.1453975021878262)": 0.7154015959733943, "(0.1453975021878262, 0.17581352216096627)": 0.3743611321522724, "(0.17581352216096627, 0.37918261853397944)": 0.35053314600624547, "(0.37918261853397944, 0.737620135057435)": 0.3419063183058332, "(0.737620135057435, 0.7542797278055139)": 0.34044426759601837, "(0.7542797278055139, 0.7661326055895269)": 0.3071979520798719, "(0.7661326055895269, 0.8691087917076025)": 0.10285295803612171, "(0.8691087917076025, 0.977982593295062)": 0.08958712797657087, "(0.977982593295062, 1.0)": 0.002413878291528289}, "pct": 0.3419063183058332, "best_return": 1.020209778430444}, "ew_rel_minmax": {"time_param": 11, "trend": "ew_rel_minmax", "q_params": {"(0, 0.057141480414968804)": 0.9321908273696223, "(0.057141480414968804, 0.10671424212145016)": 0.8453798609051993, "(0.10671424212145016, 0.1089539848793718)": 0.7886245851065526, "(0.1089539848793718, 0.12271128611716442)": 0.551596334151048, "(0.12271128611716442, 0.20972326367731275)": 0.48713653779945565, "(0.20972326367731275, 0.22796956078071373)": 0.46234085466125974, "(0.22796956078071373, 0.39961707543389813)": 0.4163416188191346, "(0.39961707543389813, 0.8923198918897003)": 0.3783100053302427, "(0.8923198918897003, 0.9946621005853354)": 0.2682747872437451, "(0.9946621005853354, 1)": 0.06584421853011746}, "pct": 0.4163416188191346, "best_return": 0.8728425213956045}}