{"ma": {"time_param": 26, "trend": "ma", "q_params": {"(0, 0.2508573128634273)": 0.9871739222838954, "(0.2508573128634273, 0.3228909977221511)": 0.9206315153005212, "(0.3228909977221511, 0.3833990303634476)": 0.7506127891660183, "(0.3833990303634476, 0.3840952584865762)": 0.7335624661939849, "(0.3840952584865762, 0.3984608812751477)": 0.5264973111011966, "(0.3984608812751477, 0.4827391486607245)": 0.30890672328936597, "(0.4827391486607245, 0.7402359230439737)": 0.25534652104703903, "(0.7402359230439737, 0.7537780529635397)": 0.1197007920145131, "(0.7537780529635397, 0.8171110414352544)": 0.019870608572545384, "(0.8171110414352544, 1.0)": 0.010559265549534127}, "pct": 0.9871739222838954, "best_return": 1.0946569935180863}, "ew_ma": {"time_param": 18, "trend": "ew_ma", "q_params": {"(0, 0.33594533905742396)": 0.9964791683648073, "(0.33594533905742396, 0.34349928863847473)": 0.9565687595119723, "(0.34349928863847473, 0.3630425042234594)": 0.8906787070395966, "(0.3630425042234594, 0.38223968354217486)": 0.44476424305013085, "(0.38223968354217486, 0.42829301096092237)": 0.37044403070436577, "(0.42829301096092237, 0.44903782351630195)": 0.3242677095527069, "(0.44903782351630195, 0.5364220047532071)": 0.30671121744963326, "(0.5364220047532071, 0.6464295829889364)": 0.16166825475883914, "(0.6464295829889364, 0.8551102386819629)": 0.07385042239778729, "(0.8551102386819629, 1.0)": 0.02010631365202329}, "pct": 0.9964791683648073, "best_return": 1.214630241313385}, "rel_minmax": {"time_param": 31, "trend": "rel_minmax", "q_params": {"(0, 0.003441319147278743)": 0.8048595683571812, "(0.003441319147278743, 0.1281780252892488)": 0.4009851917380407, "(0.1281780252892488, 0.2757136442205491)": 0.37526206505457305, "(0.2757136442205491, 0.387851550239525)": 0.37191935575406976, "(0.387851550239525, 0.411055189857611)": 0.3312654661795087, "(0.411055189857611, 0.48875680186446874)": 0.29678802731923626, "(0.48875680186446874, 0.6763775773332283)": 0.23388128640260375, "(0.6763775773332283, 0.8329157928658097)": 0.21843103902639305, "(0.8329157928658097, 0.9683745595827523)": 0.05847697353628667, "(0.9683745595827523, 1)": 0.019599459939226738}, "pct": 0.23388128640260375, "best_return": 0.890365061516204}, "ew_rel_minmax": {"time_param": 11, "trend": "ew_rel_minmax", "q_params": {"(0, 0.02173794853331501)": 0.9958950878765458, "(0.02173794853331501, 0.09423095639829948)": 0.8738665459595323, "(0.09423095639829948, 0.15318171971943162)": 0.7822503170092179, "(0.15318171971943162, 0.17594881676905916)": 0.5459461304062491, "(0.17594881676905916, 0.27202007719083054)": 0.5315832851379094, "(0.27202007719083054, 0.3368537599873904)": 0.4949476617866152, "(0.3368537599873904, 0.5117825149664331)": 0.4717932417482287, "(0.5117825149664331, 0.8405751091624574)": 0.37102110959141643, "(0.8405751091624574, 0.8649520107701651)": 0.03250945210311218, "(0.8649520107701651, 1)": 0.008325144148084098}, "pct": 0.37102110959141643, "best_return": 0.8173510718915752}}