{"ma": {"time_param": 18, "trend": "ma", "q_params": {"(0, 0.06953930614483425)": 0.8164109864577238, "(0.06953930614483425, 0.20574492928428)": 0.763105005419813, "(0.20574492928428, 0.5522853839493058)": 0.5205035116245216, "(0.5522853839493058, 0.5819064861847192)": 0.47774019454291183, "(0.5819064861847192, 0.6271510813419223)": 0.26096023213771546, "(0.6271510813419223, 0.7125340168251656)": 0.20898550496144527, "(0.7125340168251656, 0.7755550914931723)": 0.04929289144250282, "(0.7755550914931723, 0.8978134612506478)": 0.0364143636692541, "(0.8978134612506478, 0.9676551208701704)": 0.024505803147540584, "(0.9676551208701704, 1)": 0.013207646924293104}, "pct": 0.0364143636692541, "best_return": 0.9663475000238254}, "ew_ma": {"time_param": 16, "trend": "ew_ma", "q_params": {"(0, 0.05087033570812871)": 0.9728231498012414, "(0.05087033570812871, 0.10725694659556573)": 0.9379562775141808, "(0.10725694659556573, 0.2653158815469557)": 0.847504695219875, "(0.2653158815469557, 0.4257540032810546)": 0.8415464919074832, "(0.4257540032810546, 0.5367253179595929)": 0.7698574853665453, "(0.5367253179595929, 0.5840932745218178)": 0.7297391289791951, "(0.5840932745218178, 0.6065753933657547)": 0.6859673941331231, "(0.6065753933657547, 0.8488089935207626)": 0.5670643070336197, "(0.8488089935207626, 0.9237572742086337)": 0.5155516411618304, "(0.9237572742086337, 1)": 0.3886220486613563}, "pct": 0.5670643070336197, "best_return": 0.9533052970110814}, "rel_minmax": {"time_param": 18, "trend": "rel_minmax", "q_params": {"(0, 0.18294854950511064)": 0.9601536618235185, "(0.18294854950511064, 0.4092401825979187)": 0.8048317065665821, "(0.4092401825979187, 0.47433929553473553)": 0.7692193543403121, "(0.47433929553473553, 0.5138242258490056)": 0.6619867370751437, "(0.5138242258490056, 0.53425752387845)": 0.444283957956893, "(0.53425752387845, 0.6863976872604024)": 0.40703323805918556, "(0.6863976872604024, 0.6974902286939109)": 0.3368211002345063, "(0.6974902286939109, 0.8739826002575113)": 0.2683331602986311, "(0.8739826002575113, 0.9763101560641715)": 0.11182994265773125, "(0.9763101560641715, 1)": 0.031302987891582035}, "pct": 0.9601536618235185, "best_return": 0.9347843581418414}, "ew_rel_minmax": {"time_param": 18, "trend": "ew_rel_minmax", "q_params": {"(0, 0.018643670161979542)": 0.9823085714107178, "(0.018643670161979542, 0.027361123928788006)": 0.8110496544447244, "(0.027361123928788006, 0.12749598913849908)": 0.7770487019548804, "(0.12749598913849908, 0.22348955530868098)": 0.6387864853118224, "(0.22348955530868098, 0.23364343448339886)": 0.45014988810596396, "(0.23364343448339886, 0.2633088869929353)": 0.4128757797025201, "(0.2633088869929353, 0.6767494508043017)": 0.36106290335372204, "(0.6767494508043017, 0.9362390227675699)": 0.2602941148007964, "(0.9362390227675699, 0.9912715013705834)": 0.14101675885618303, "(0.9912715013705834, 1)": 0.09314743369394665}, "pct": 0.7770487019548804, "best_return": 0.9197714556801251}}