{"ma": {"time_param": 24, "trend": "ma", "q_params": {"(0, 0.006855612280318835)": 0.8380595945891157, "(0.006855612280318835, 0.07833946404042402)": 0.7769342928526979, "(0.07833946404042402, 0.3932810103282901)": 0.7686312483558884, "(0.3932810103282901, 0.4119707138334832)": 0.6752055977115414, "(0.4119707138334832, 0.4703844105611321)": 0.5615967440645708, "(0.4703844105611321, 0.47428295474539367)": 0.37487841014065365, "(0.47428295474539367, 0.48578681026980597)": 0.2061034325378998, "(0.48578681026980597, 0.7718202338645688)": 0.16002712279459158, "(0.7718202338645688, 0.8867197566125031)": 0.14509577749649216, "(0.8867197566125031, 1.0)": 0.006902561195350598}, "pct": 0.7686312483558884, "best_return": 1.1794905651080598}, "ew_ma": {"time_param": 11, "trend": "ew_ma", "q_params": {"(0, 0.25050160799570076)": 0.9432107890710971, "(0.25050160799570076, 0.26958241114206294)": 0.6209464866283093, "(0.26958241114206294, 0.3736306897853712)": 0.6028728791157125, "(0.3736306897853712, 0.38773025816302553)": 0.5103957584263198, "(0.38773025816302553, 0.4065382952058513)": 0.42499025374734267, "(0.4065382952058513, 0.6686988532902777)": 0.36999299244568407, "(0.6686988532902777, 0.7753860569490627)": 0.3315626624512449, "(0.7753860569490627, 0.8000892596053581)": 0.10703925250301118, "(0.8000892596053581, 0.8569426411102075)": 0.07130400798668424, "(0.8569426411102075, 1.0)": 0.044893366328522984}, "pct": 0.9432107890710971, "best_return": 1.2018629055273267}, "rel_minmax": {"time_param": 12, "trend": "rel_minmax", "q_params": {"(0, 0.4219601561159837)": 0.8912385164561236, "(0.4219601561159837, 0.4299002487438721)": 0.8457604996172778, "(0.4299002487438721, 0.6406754969349804)": 0.7963964768059068, "(0.6406754969349804, 0.6948587096353755)": 0.7155529621525715, "(0.6948587096353755, 0.796142517989637)": 0.5326189957885162, "(0.796142517989637, 0.9398815613461889)": 0.23337474794018684, "(0.9398815613461889, 0.9416875953971562)": 0.21498818115831697, "(0.9416875953971562, 0.9681714283344356)": 0.19684809348694174, "(0.9681714283344356, 0.9832629272837474)": 0.1856655604946611, "(0.9832629272837474, 1)": 0.17936522639889071}, "pct": 0.8912385164561236, "best_return": 0.9080376151883717}, "ew_rel_minmax": {"time_param": 18, "trend": "ew_rel_minmax", "q_params": {"(0, 0.0592367586096576)": 0.8923770992105782, "(0.0592367586096576, 0.18497951860498554)": 0.8609183089247731, "(0.18497951860498554, 0.29040380670912147)": 0.7503720777052593, "(0.29040380670912147, 0.47236829656939705)": 0.6187477086983061, "(0.47236829656939705, 0.5284106547412304)": 0.5356058952044489, "(0.5284106547412304, 0.639249820708661)": 0.4907652062346304, "(0.639249820708661, 0.7225684352584867)": 0.4283263578713903, "(0.7225684352584867, 0.8061741015587043)": 0.28236185205632924, "(0.8061741015587043, 0.8501969571357114)": 0.21276082066381108, "(0.8501969571357114, 1)": 0.06270402119806273}, "pct": 0.7503720777052593, "best_return": 0.9016339602285037}}