{"ma": {"time_param": 16, "trend": "ma", "q_params": {"(0, 0.04478739228594808)": 0.8541953352167111, "(0.04478739228594808, 0.11474619414367718)": 0.7271631080748474, "(0.11474619414367718, 0.2194210813819154)": 0.7135104332149665, "(0.2194210813819154, 0.5379012409232501)": 0.7046263288577803, "(0.5379012409232501, 0.7312749248040502)": 0.6539513848491746, "(0.7312749248040502, 0.8171519257770681)": 0.5672903574785129, "(0.8171519257770681, 0.8239714917986711)": 0.37725646171070465, "(0.8239714917986711, 0.8915404726232159)": 0.18569275132439722, "(0.8915404726232159, 0.9093333450728945)": 0.07583184184267888, "(0.9093333450728945, 1)": 0.046282028519213037}, "pct": 0.6539513848491746, "best_return": 0.9259900637888709}, "ew_ma": {"time_param": 18, "trend": "ew_ma", "q_params": {"(0, 0.025678967787918748)": 0.9487009671411599, "(0.025678967787918748, 0.04476009521751456)": 0.864733895101802, "(0.04476009521751456, 0.10456365288185032)": 0.8549301125387688, "(0.10456365288185032, 0.19546475114834772)": 0.7712952677530633, "(0.19546475114834772, 0.32884225582077636)": 0.612880727892633, "(0.32884225582077636, 0.40581170488202034)": 0.5157439167134934, "(0.40581170488202034, 0.7739072969280346)": 0.2269764860906054, "(0.7739072969280346, 0.8621781096722059)": 0.20095274697675977, "(0.8621781096722059, 0.9200340401331905)": 0.09630326633914797, "(0.9200340401331905, 1)": 0.08479155812666417}, "pct": 0.2269764860906054, "best_return": 1.0495495102069652}, "rel_minmax": {"time_param": 18, "trend": "rel_minmax", "q_params": {"(0, 0.06134767913915916)": 0.9843828119708428, "(0.06134767913915916, 0.06159207592148175)": 0.8118605736634531, "(0.06159207592148175, 0.08347884143542483)": 0.7654812607220941, "(0.08347884143542483, 0.16412454701730453)": 0.7214879926642862, "(0.16412454701730453, 0.48454533807545686)": 0.7035093833726764, "(0.48454533807545686, 0.5125103964463725)": 0.5141059314967288, "(0.5125103964463725, 0.5242596725547078)": 0.46211398392710623, "(0.5242596725547078, 0.5283107759487938)": 0.35147253988216465, "(0.5283107759487938, 0.8707691390169978)": 0.29366890866547357, "(0.8707691390169978, 1)": 0.2320380453762502}, "pct": 0.7035093833726764, "best_return": 0.949487905062607}, "ew_rel_minmax": {"time_param": 13, "trend": "ew_rel_minmax", "q_params": {"(0, 0.09759214611144562)": 0.9239088081568537, "(0.09759214611144562, 0.1958958061442167)": 0.8914102578231891, "(0.1958958061442167, 0.2521739430125961)": 0.77572842678658, "(0.2521739430125961, 0.3614648156108878)": 0.6824024050191834, "(0.3614648156108878, 0.41560781712993017)": 0.6809126102923769, "(0.41560781712993017, 0.5091793866527935)": 0.6264464700529532, "(0.5091793866527935, 0.6632522568293554)": 0.5296172322439193, "(0.6632522568293554, 0.7334670158274963)": 0.4380011380660449, "(0.7334670158274963, 0.8457685843457763)": 0.41317199256717796, "(0.8457685843457763, 1)": 0.36541323246958757}, "pct": 0.8914102578231891, "best_return": 0.8970094951058325}}