{"ma": {"time_param": 35, "trend": "ma", "q_params": {"(0, 0.2361096930171267)": 0.9730193093700898, "(0.2361096930171267, 0.2478394937387659)": 0.8638115044424868, "(0.2478394937387659, 0.4143387157578159)": 0.710096891902266, "(0.4143387157578159, 0.41820025064532607)": 0.5979103695635067, "(0.41820025064532607, 0.5333376640160815)": 0.5747244485617949, "(0.5333376640160815, 0.6079909117262187)": 0.5346636041530733, "(0.6079909117262187, 0.6711233017826598)": 0.2372286397041372, "(0.6711233017826598, 0.7407167879850554)": 0.1370767800744715, "(0.7407167879850554, 0.8380717319899849)": 0.07110371669372983, "(0.8380717319899849, 1)": 0.02284559784926732}, "pct": 0.9730193093700898, "best_return": 1.0065646317949901}, "ew_ma": {"time_param": 20, "trend": "ew_ma", "q_params": {"(0, 0.34621894062182507)": 0.7396236241746038, "(0.34621894062182507, 0.3935122138313428)": 0.6597702999600633, "(0.3935122138313428, 0.44654478694097655)": 0.6126108814860056, "(0.44654478694097655, 0.5858458083532495)": 0.5932522977535603, "(0.5858458083532495, 0.6298512968402439)": 0.5214483548581236, "(0.6298512968402439, 0.6738203198783391)": 0.5158515035866365, "(0.6738203198783391, 0.7869141522696458)": 0.24882881057542894, "(0.7869141522696458, 0.8213296101289809)": 0.2247574915012549, "(0.8213296101289809, 0.9436639658969285)": 0.169260626023638, "(0.9436639658969285, 1)": 0.038889162511702643}, "pct": 0.7396236241746038, "best_return": 0.944055074055085}, "rel_minmax": {"time_param": 31, "trend": "rel_minmax", "q_params": {"(0, 0.003441319147278743)": 0.8048595683571812, "(0.003441319147278743, 0.1281780252892488)": 0.4009851917380407, "(0.1281780252892488, 0.2757136442205491)": 0.3733048042009156, "(0.2757136442205491, 0.387851550239525)": 0.37191935575406976, "(0.387851550239525, 0.411055189857611)": 0.3312654661795087, "(0.411055189857611, 0.44115694221240076)": 0.3294655957089004, "(0.44115694221240076, 0.6763775773332283)": 0.22231310951101702, "(0.6763775773332283, 0.8329157928658097)": 0.21843103902639305, "(0.8329157928658097, 0.9663708718887475)": 0.05847697353628667, "(0.9663708718887475, 1.0)": 0.011331765954272837}, "pct": 0.3733048042009156, "best_return": 0.8595314130459417}, "ew_rel_minmax": {"time_param": 13, "trend": "ew_rel_minmax", "q_params": {"(0, 0.061839996610299375)": 0.7517470425173364, "(0.061839996610299375, 0.07944122364911188)": 0.6919270299462928, "(0.07944122364911188, 0.11180038461551978)": 0.5563224341351286, "(0.11180038461551978, 0.3346025979968841)": 0.4913453317791715, "(0.3346025979968841, 0.388304260403077)": 0.446889829329161, "(0.388304260403077, 0.5279750849240918)": 0.4001463549899067, "(0.5279750849240918, 0.880845451963595)": 0.369734209976342, "(0.880845451963595, 0.956796587050618)": 0.2113550064134705, "(0.956796587050618, 0.9771000089164419)": 0.1344569655468948, "(0.9771000089164419, 1)": 0.0034400197544300903}, "pct": 0.4913453317791715, "best_return": 0.8365313176379185}}