{"ma": {"time_param": 15, "trend": "ma", "q_params": {"(0, 0.02133352780539443)": 0.9751897469425077, "(0.02133352780539443, 0.2577108581396496)": 0.9160321541852149, "(0.2577108581396496, 0.42084014635213074)": 0.9134826378134193, "(0.42084014635213074, 0.4716844629930135)": 0.536122393608667, "(0.4716844629930135, 0.4922596198176782)": 0.4797737952047777, "(0.4922596198176782, 0.5088312025554903)": 0.3963386771900491, "(0.5088312025554903, 0.7019974277258261)": 0.3614567017060062, "(0.7019974277258261, 0.7135974540626314)": 0.095888929589831, "(0.7135974540626314, 0.8323309739801202)": 0.042537825920656025, "(0.8323309739801202, 1)": 0.02182617139730866}, "pct": 0.3963386771900491, "best_return": 0.9887384284612424}, "ew_ma": {"time_param": 11, "trend": "ew_ma", "q_params": {"(0, 0.17731208033311535)": 0.6225186141898622, "(0.17731208033311535, 0.3085997241413095)": 0.5903469796700869, "(0.3085997241413095, 0.3430426897430099)": 0.5885804884216275, "(0.3430426897430099, 0.3606961796306968)": 0.46978476329053626, "(0.3606961796306968, 0.4744788739543868)": 0.3759063588096636, "(0.4744788739543868, 0.5784792443873856)": 0.3449234807024535, "(0.5784792443873856, 0.6057995542241419)": 0.3055880671664956, "(0.6057995542241419, 0.6162325116216836)": 0.1704313889642772, "(0.6162325116216836, 0.7599583162364518)": 0.054077023514492714, "(0.7599583162364518, 1.0)": 0.016722648217002433}, "pct": 0.3449234807024535, "best_return": 1.0331953628248385}, "rel_minmax": {"time_param": 13, "trend": "rel_minmax", "q_params": {"(0, 0.04353958452284774)": 0.9092256190834369, "(0.04353958452284774, 0.23440830639236832)": 0.8733525081475166, "(0.23440830639236832, 0.23554813661355734)": 0.8713845974723797, "(0.23554813661355734, 0.26843622125446315)": 0.6330146627599306, "(0.26843622125446315, 0.27222830108165985)": 0.348348287471069, "(0.27222830108165985, 0.3412087397112191)": 0.21973919820180957, "(0.3412087397112191, 0.4099183187518119)": 0.19513714358314105, "(0.4099183187518119, 0.6713060911510084)": 0.19157317884318828, "(0.6713060911510084, 0.8283766456538002)": 0.1848102687828086, "(0.8283766456538002, 1.0)": 0.03304466660546668}, "pct": 0.19157317884318828, "best_return": 1.0484504080499077}, "ew_rel_minmax": {"time_param": 12, "trend": "ew_rel_minmax", "q_params": {"(0, 0.04775020760136826)": 0.9614610820245625, "(0.04775020760136826, 0.12031233990852075)": 0.7937746926651555, "(0.12031233990852075, 0.13201087836433864)": 0.7556108957532396, "(0.13201087836433864, 0.1647065603980613)": 0.5052127539598208, "(0.1647065603980613, 0.3918160429479454)": 0.16287418775371465, "(0.3918160429479454, 0.5991160892307552)": 0.16107963508979625, "(0.5991160892307552, 0.6276310794640623)": 0.1398873245662412, "(0.6276310794640623, 0.7451210674499505)": 0.08582510652992181, "(0.7451210674499505, 0.7992948341625136)": 0.07357485112817141, "(0.7992948341625136, 1.0)": 0.023690910071068317}, "pct": 0.16107963508979625, "best_return": 1.1093215534352812}}