{"ma": {"time_param": 17, "trend": "ma", "q_params": {"(0, 0.16382900455519933)": 0.8752089802629447, "(0.16382900455519933, 0.491180657303189)": 0.85021020408806, "(0.491180657303189, 0.6336570821357699)": 0.8177500161671988, "(0.6336570821357699, 0.7993279307305907)": 0.6031939875015995, "(0.7993279307305907, 0.8063247335642386)": 0.5300489351986436, "(0.8063247335642386, 0.8072572473785418)": 0.3558823305623571, "(0.8072572473785418, 0.8390852859973408)": 0.3294025984627336, "(0.8390852859973408, 0.8406541296792132)": 0.09628841864027171, "(0.8406541296792132, 0.8980573832371704)": 0.05506531500254977, "(0.8980573832371704, 1.0)": 0.0008656057858126685}, "pct": 0.0008656057858126685, "best_return": 1.0416457028826156}, "ew_ma": {"time_param": 14, "trend": "ew_ma", "q_params": {"(0, 0.0034122148985287204)": 0.9883075954089726, "(0.0034122148985287204, 0.01958842565966516)": 0.841644324617691, "(0.01958842565966516, 0.4475201899402287)": 0.8342247168740532, "(0.4475201899402287, 0.5505787687607905)": 0.6918767092940452, "(0.5505787687607905, 0.5603198688785027)": 0.6061292380647987, "(0.5603198688785027, 0.7744180457172045)": 0.3644946998018509, "(0.7744180457172045, 0.8574121371360488)": 0.21980094326267643, "(0.8574121371360488, 0.8664714912727811)": 0.060861902962229264, "(0.8664714912727811, 0.9683801763207085)": 0.012271884358794238, "(0.9683801763207085, 1.0)": 0.004823716064782713}, "pct": 0.004823716064782713, "best_return": 1.097450996200754}, "rel_minmax": {"time_param": 11, "trend": "rel_minmax", "q_params": {"(0, 0.29071357432275424)": 0.9779881146452819, "(0.29071357432275424, 0.3265223923047706)": 0.9234300807070368, "(0.3265223923047706, 0.4001892303231461)": 0.8637788431472485, "(0.4001892303231461, 0.43560315320679177)": 0.7515023191496794, "(0.43560315320679177, 0.5158701370619833)": 0.7492209552744497, "(0.5158701370619833, 0.5546383633646585)": 0.7393509344037021, "(0.5546383633646585, 0.6591677410824786)": 0.6883982504839598, "(0.6591677410824786, 0.6593079813160284)": 0.16977661157497637, "(0.6593079813160284, 0.8379367029365362)": 0.021977486363796192, "(0.8379367029365362, 1.0)": 0.00030787262850194325}, "pct": 0.9779881146452819, "best_return": 1.1843822581740935}, "ew_rel_minmax": {"time_param": 12, "trend": "ew_rel_minmax", "q_params": {"(0, 0.041420871455343435)": 0.8744524693075524, "(0.041420871455343435, 0.12031233990852075)": 0.8471478976970966, "(0.12031233990852075, 0.1507226592775743)": 0.8075188921062586, "(0.1507226592775743, 0.1647065603980613)": 0.5148549830356013, "(0.1647065603980613, 0.35263556875653)": 0.16287418775371465, "(0.35263556875653, 0.6189683687510106)": 0.16222753329734435, "(0.6189683687510106, 0.6276310794640623)": 0.15741620926653044, "(0.6276310794640623, 0.7864415908446831)": 0.06295178223600016, "(0.7864415908446831, 0.7992948341625136)": 0.05298036907439606, "(0.7992948341625136, 1.0)": 0.012587009230226189}, "pct": 0.8471478976970966, "best_return": 1.175452071231338}}