{"ma": {"time_param": 27, "trend": "ma", "q_params": {"(0, 0.031480254539338004)": 0.8738623539493426, "(0.031480254539338004, 0.043644206243801054)": 0.7414904389617025, "(0.043644206243801054, 0.13058991353068783)": 0.599836014468269, "(0.13058991353068783, 0.2653180669074551)": 0.500044856686403, "(0.2653180669074551, 0.2743487061790403)": 0.4764408283562768, "(0.2743487061790403, 0.2908821263285867)": 0.47560660930887333, "(0.2908821263285867, 0.3273162926883446)": 0.43274543214774874, "(0.3273162926883446, 0.7766570828515629)": 0.25002270833847084, "(0.7766570828515629, 0.8475411474844385)": 0.24524729114993382, "(0.8475411474844385, 1.0)": 0.04986508185746685}, "pct": 0.25002270833847084, "best_return": 0.8801352823341104}, "ew_ma": {"time_param": 20, "trend": "ew_ma", "q_params": {"(0, 0.019832573003813136)": 0.9870273335919636, "(0.019832573003813136, 0.06790907056570794)": 0.5447008744653686, "(0.06790907056570794, 0.20502191497932767)": 0.4275526938064844, "(0.20502191497932767, 0.21042692664268747)": 0.4021391395452609, "(0.21042692664268747, 0.27882370197852724)": 0.3628714802722993, "(0.27882370197852724, 0.47213938383423565)": 0.34075093085275876, "(0.47213938383423565, 0.4999106262299589)": 0.3293151138527823, "(0.4999106262299589, 0.575170968797488)": 0.2968235669914885, "(0.575170968797488, 0.7679211169728632)": 0.25818627502051567, "(0.7679211169728632, 1.0)": 0.23733176711114456}, "pct": 0.34075093085275876, "best_return": 0.911370259162209}, "rel_minmax": {"time_param": 27, "trend": "rel_minmax", "q_params": {"(0, 0.049689549449072556)": 0.8153996439772775, "(0.049689549449072556, 0.08331650784496747)": 0.6968835514619856, "(0.08331650784496747, 0.11933576923351506)": 0.5987324136601334, "(0.11933576923351506, 0.16843752664995382)": 0.35400566026632685, "(0.16843752664995382, 0.20878412579747777)": 0.31576350218400345, "(0.20878412579747777, 0.34459099520672415)": 0.25801111114205577, "(0.34459099520672415, 0.7357139920392982)": 0.17404910220578296, "(0.7357139920392982, 0.8372348697442753)": 0.10588392168650704, "(0.8372348697442753, 0.8741195457763271)": 0.10057467112356244, "(0.8741195457763271, 1.0)": 0.05259734497487563}, "pct": 0.25801111114205577, "best_return": 0.9361307529624759}, "ew_rel_minmax": {"time_param": 10, "trend": "ew_rel_minmax", "q_params": {"(0, 0.19546207580358665)": 0.6882875878698367, "(0.19546207580358665, 0.21667754752488189)": 0.5919922752054607, "(0.21667754752488189, 0.31987758274332867)": 0.46238391805050527, "(0.31987758274332867, 0.3338956841385077)": 0.381096634477219, "(0.3338956841385077, 0.3981810760126486)": 0.33191280958306596, "(0.3981810760126486, 0.5851780532923624)": 0.28869835510106834, "(0.5851780532923624, 0.6523051296342689)": 0.2622423044642729, "(0.6523051296342689, 0.7768945465529766)": 0.19435420605385187, "(0.7768945465529766, 0.8133061640834757)": 0.013924777569785385, "(0.8133061640834757, 1)": 0.0022164153384059268}, "pct": 0.6882875878698367, "best_return": 0.9400720999380218}}