{"ma": {"time_param": 11, "trend": "ma", "q_params": {"(0, 0.19208976047552623)": 0.8658477752189752, "(0.19208976047552623, 0.26826518782091646)": 0.7165305528728545, "(0.26826518782091646, 0.46793314208305825)": 0.6856381739041347, "(0.46793314208305825, 0.4876634347290735)": 0.541357618488015, "(0.4876634347290735, 0.5011869416104382)": 0.3772619807406852, "(0.5011869416104382, 0.5455896343453887)": 0.3571606810104551, "(0.5455896343453887, 0.7529003017071315)": 0.282423054583958, "(0.7529003017071315, 0.8692056063028211)": 0.22985576330652335, "(0.8692056063028211, 0.8715644802289797)": 0.08143365194769003, "(0.8715644802289797, 1)": 0.016966108395274744}, "pct": 0.8658477752189752, "best_return": 0.8373952173033293}, "ew_ma": {"time_param": 15, "trend": "ew_ma", "q_params": {"(0, 0.23284691933222915)": 0.9839542865602069, "(0.23284691933222915, 0.2503503224601375)": 0.9082705463794186, "(0.2503503224601375, 0.31223097570086744)": 0.7710729185337403, "(0.31223097570086744, 0.36168913462453606)": 0.7010927282315528, "(0.36168913462453606, 0.4678973643198391)": 0.6358082647698093, "(0.4678973643198391, 0.7209178853831765)": 0.5688222875169381, "(0.7209178853831765, 0.9447922017213545)": 0.5185881865490165, "(0.9447922017213545, 0.9470401965015506)": 0.3448067889772747, "(0.9470401965015506, 0.9934558680599205)": 0.2986099785124592, "(0.9934558680599205, 1)": 0.07148647468683397}, "pct": 0.9839542865602069, "best_return": 0.8470788034667679}, "rel_minmax": {"time_param": 20, "trend": "rel_minmax", "q_params": {"(0, 0.10461392744062892)": 0.9797178258752413, "(0.10461392744062892, 0.2667480701999272)": 0.8494271016018445, "(0.2667480701999272, 0.456248900174459)": 0.7398217943496688, "(0.456248900174459, 0.5663386137486461)": 0.7221748613602683, "(0.5663386137486461, 0.5916082281775231)": 0.5547834315089244, "(0.5916082281775231, 0.6505881471265595)": 0.34850064014398563, "(0.6505881471265595, 0.6928215805263445)": 0.26804792922637344, "(0.6928215805263445, 0.8835551096674211)": 0.15533348110080428, "(0.8835551096674211, 0.8875798059807372)": 0.12886338728571128, "(0.8875798059807372, 1)": 0.1273420573303985}, "pct": 0.15533348110080428, "best_return": 0.9027147644418861}, "ew_rel_minmax": {"time_param": 20, "trend": "ew_rel_minmax", "q_params": {"(0, 0.0612196845497075)": 0.9040380040197086, "(0.0612196845497075, 0.07269891410353801)": 0.8709386945389269, "(0.07269891410353801, 0.18942249765505084)": 0.8625450990106784, "(0.18942249765505084, 0.41131151742307)": 0.862034639627743, "(0.41131151742307, 0.5807754136054578)": 0.8103592926958321, "(0.5807754136054578, 0.6119778492875895)": 0.7876327726111406, "(0.6119778492875895, 0.6952185382893613)": 0.3022015507456194, "(0.6952185382893613, 0.7046877125451284)": 0.07751663572197404, "(0.7046877125451284, 0.9239565701290796)": 0.041889346272393824, "(0.9239565701290796, 1)": 0.027576561385543312}, "pct": 0.041889346272393824, "best_return": 0.8561512731694265}}