{"ma": {"time_param": 15, "trend": "ma", "q_params": {"(0, 0.27087496270323974)": 0.8918442739732243, "(0.27087496270323974, 0.3262500937946504)": 0.8688268754799653, "(0.3262500937946504, 0.457458165029062)": 0.8178138690714716, "(0.457458165029062, 0.5960994900331811)": 0.77917746034353, "(0.5960994900331811, 0.7405425016558114)": 0.6349240632332344, "(0.7405425016558114, 0.8108537104959925)": 0.4418725319554568, "(0.8108537104959925, 0.8702083398793892)": 0.2824695132753014, "(0.8702083398793892, 0.9046352991313527)": 0.1437665883860945, "(0.9046352991313527, 0.9705851161291266)": 0.10124608942427626, "(0.9705851161291266, 1)": 0.008043720369984242}, "pct": 0.77917746034353, "best_return": 0.819967922568531}, "ew_ma": {"time_param": 23, "trend": "ew_ma", "q_params": {"(0, 0.017515743224277614)": 0.9617753444742094, "(0.017515743224277614, 0.0887999691169986)": 0.8876378221696989, "(0.0887999691169986, 0.13707180904897487)": 0.7769894432682218, "(0.13707180904897487, 0.3521826929553321)": 0.7208819543341163, "(0.3521826929553321, 0.5390141215838015)": 0.694050206765622, "(0.5390141215838015, 0.6000817717275279)": 0.6650188049941542, "(0.6000817717275279, 0.7547284322248022)": 0.22133077891160613, "(0.7547284322248022, 0.8091195382319893)": 0.17746989136734082, "(0.8091195382319893, 0.8134797067311598)": 0.1721820784386084, "(0.8134797067311598, 1)": 0.13445077370836023}, "pct": 0.7769894432682218, "best_return": 0.9047099529905859}, "rel_minmax": {"time_param": 22, "trend": "rel_minmax", "q_params": {"(0, 0.011896484376277362)": 0.9483940617796153, "(0.011896484376277362, 0.017778758228055525)": 0.860307470939308, "(0.017778758228055525, 0.09924541837872392)": 0.7592024960331099, "(0.09924541837872392, 0.09958174700266764)": 0.7512782112212166, "(0.09958174700266764, 0.39826893642175754)": 0.6285852022345091, "(0.39826893642175754, 0.40299067123830934)": 0.48917950777708746, "(0.40299067123830934, 0.5352893732059015)": 0.3802431811664805, "(0.5352893732059015, 0.6554298330928424)": 0.34400272101173823, "(0.6554298330928424, 0.9216717153881526)": 0.10380844732580441, "(0.9216717153881526, 1)": 0.08766927336963926}, "pct": 0.3802431811664805, "best_return": 0.9074761848850459}, "ew_rel_minmax": {"time_param": 17, "trend": "ew_rel_minmax", "q_params": {"(0, 0.09942134008700698)": 0.9611622988277221, "(0.09942134008700698, 0.14539425255348823)": 0.8980648937222326, "(0.14539425255348823, 0.4632599951136666)": 0.8369402493719469, "(0.4632599951136666, 0.5091344613562399)": 0.7169002571713587, "(0.5091344613562399, 0.5465336234727698)": 0.6200564610509076, "(0.5465336234727698, 0.6285234501258645)": 0.37852932288327334, "(0.6285234501258645, 0.7008925062608887)": 0.33093513492214655, "(0.7008925062608887, 0.7903658158231657)": 0.27287646591874737, "(0.7903658158231657, 0.8093382563214774)": 0.07644577482144815, "(0.8093382563214774, 1)": 0.04551809781534233}, "pct": 0.8369402493719469, "best_return": 0.8471067758557647}}