{"ma": {"time_param": 29, "trend": "ma", "q_params": {"(0, 0.024715613722139484)": 0.5250587381154488, "(0.024715613722139484, 0.1313143759085812)": 0.5097181014510471, "(0.1313143759085812, 0.150628882141083)": 0.3937644941016152, "(0.150628882141083, 0.2025250348363919)": 0.3937165325955859, "(0.2025250348363919, 0.37244892382441985)": 0.3701798605822031, "(0.37244892382441985, 0.6021176689585632)": 0.343287416063627, "(0.6021176689585632, 0.6306333407237443)": 0.33849978339011794, "(0.6306333407237443, 0.8219918762238556)": 0.15958266046623798, "(0.8219918762238556, 0.8861670735935256)": 0.037902339114273986, "(0.8861670735935256, 1.0)": 0.020744903461223173}, "pct": 0.020744903461223173, "best_return": 0.9109024146695813}, "ew_ma": {"time_param": 20, "trend": "ew_ma", "q_params": {"(0, 0.019832573003813136)": 0.9870273335919636, "(0.019832573003813136, 0.05979088404090152)": 0.5348034250430556, "(0.05979088404090152, 0.15379143828865718)": 0.4275526938064844, "(0.15379143828865718, 0.21042692664268747)": 0.4021391395452609, "(0.21042692664268747, 0.27882370197852724)": 0.358914675971397, "(0.27882370197852724, 0.47213938383423565)": 0.34013865894457085, "(0.47213938383423565, 0.5103410798531807)": 0.32731149143582344, "(0.5103410798531807, 0.575170968797488)": 0.29116921049375327, "(0.575170968797488, 0.8252121811861106)": 0.24658216613024697, "(0.8252121811861106, 1.0)": 0.010796724116393494}, "pct": 0.24658216613024697, "best_return": 0.987715100790925}, "rel_minmax": {"time_param": 10, "trend": "rel_minmax", "q_params": {"(0, 0.006855215153545353)": 0.759957853154144, "(0.006855215153545353, 0.04841556314297446)": 0.754067082637646, "(0.04841556314297446, 0.10766371271497002)": 0.7152295823987965, "(0.10766371271497002, 0.13523313966416933)": 0.6077712739610017, "(0.13523313966416933, 0.5125544594113528)": 0.4273351952080282, "(0.5125544594113528, 0.5215477881615056)": 0.36093614056438555, "(0.5215477881615056, 0.670099207386687)": 0.1162961454108058, "(0.670099207386687, 0.7361894179145603)": 0.10337949219367615, "(0.7361894179145603, 0.8118159165949419)": 0.005900101178669681, "(0.8118159165949419, 1.0)": 0.0038551274647224965}, "pct": 0.754067082637646, "best_return": 1.0538825864241863}, "ew_rel_minmax": {"time_param": 31, "trend": "ew_rel_minmax", "q_params": {"(0, 0.11645841247317823)": 0.9773688422828765, "(0.11645841247317823, 0.3763041092008146)": 0.9581499493856239, "(0.3763041092008146, 0.40513830166513576)": 0.9097507252181035, "(0.40513830166513576, 0.4431393132045556)": 0.7286839855873108, "(0.4431393132045556, 0.46885589378717757)": 0.35975866034013293, "(0.46885589378717757, 0.5150172015393756)": 0.3593013589633217, "(0.5150172015393756, 0.5887078031364277)": 0.2356061129523248, "(0.5887078031364277, 0.8958557861399677)": 0.12541910693409208, "(0.8958557861399677, 0.9405456456499617)": 0.10005065876031105, "(0.9405456456499617, 1)": 0.02583100313604403}, "pct": 0.9773688422828765, "best_return": 1.1055777625393}}