{"ma": {"time_param": 15, "trend": "ma", "q_params": {"(0, 0.01021183055576831)": 0.9664091608476026, "(0.01021183055576831, 0.2577108581396496)": 0.9160321541852149, "(0.2577108581396496, 0.42084014635213074)": 0.9134826378134193, "(0.42084014635213074, 0.4368213040642925)": 0.536122393608667, "(0.4368213040642925, 0.4922596198176782)": 0.4797737952047777, "(0.4922596198176782, 0.5088312025554903)": 0.39081658291697147, "(0.5088312025554903, 0.6437724228120212)": 0.37264589677218946, "(0.6437724228120212, 0.7135974540626314)": 0.08117921188989714, "(0.7135974540626314, 0.7487340628385671)": 0.019909904112244494, "(0.7487340628385671, 1.0)": 0.01293410572773385}, "pct": 0.01293410572773385, "best_return": 1.0329605795590708}, "ew_ma": {"time_param": 11, "trend": "ew_ma", "q_params": {"(0, 0.19518702399565677)": 0.6084955734942248, "(0.19518702399565677, 0.3172624387739978)": 0.5977892333066904, "(0.3172624387739978, 0.3430426897430099)": 0.5885804884216275, "(0.3430426897430099, 0.3606961796306968)": 0.46978476329053626, "(0.3606961796306968, 0.4744788739543868)": 0.36858500890125023, "(0.4744788739543868, 0.5784792443873856)": 0.35690739865690974, "(0.5784792443873856, 0.6057995542241419)": 0.3013380019001156, "(0.6057995542241419, 0.6510386253447532)": 0.1704313889642772, "(0.6510386253447532, 0.7354646300623967)": 0.054077023514492714, "(0.7354646300623967, 1.0)": 0.003815353766892798}, "pct": 0.003815353766892798, "best_return": 1.0455839927724009}, "rel_minmax": {"time_param": 13, "trend": "rel_minmax", "q_params": {"(0, 0.03230901136065378)": 0.9440602347923145, "(0.03230901136065378, 0.3056245773708982)": 0.7360335416795244, "(0.3056245773708982, 0.5485571055674101)": 0.44109070896872415, "(0.5485571055674101, 0.5555063006546344)": 0.3302049006393717, "(0.5555063006546344, 0.5563207384730467)": 0.1899071966082544, "(0.5563207384730467, 0.7646793289947876)": 0.12995278394055024, "(0.7646793289947876, 0.8410638318562476)": 0.09052794414289769, "(0.8410638318562476, 0.9831756548459336)": 0.03805599354062267, "(0.9831756548459336, 0.9879063051369846)": 0.03712392990750979, "(0.9879063051369846, 1)": 0.017009207683612748}, "pct": 0.7360335416795244, "best_return": 1.0298026065500723}, "ew_rel_minmax": {"time_param": 12, "trend": "ew_rel_minmax", "q_params": {"(0, 0.07777750896378136)": 0.9774349972294047, "(0.07777750896378136, 0.12031233990852075)": 0.8163099585255917, "(0.12031233990852075, 0.1507226592775743)": 0.7924411200664438, "(0.1507226592775743, 0.1647065603980613)": 0.5148549830356013, "(0.1647065603980613, 0.32626869277622317)": 0.16287418775371465, "(0.32626869277622317, 0.5991160892307552)": 0.16107963508979625, "(0.5991160892307552, 0.6276310794640623)": 0.15741620926653044, "(0.6276310794640623, 0.7864415908446831)": 0.08582510652992181, "(0.7864415908446831, 0.7992948341625136)": 0.040508120505908504, "(0.7992948341625136, 1.0)": 0.023690910071068317}, "pct": 0.16287418775371465, "best_return": 1.1312324063552777}}