{"ma": {"time_param": 11, "trend": "ma", "q_params": {"(0, 0.007116059920844964)": 0.9947702979143748, "(0.007116059920844964, 0.040365208535084386)": 0.7277016957855418, "(0.040365208535084386, 0.1687427725765883)": 0.6724106904005744, "(0.1687427725765883, 0.25998067843674744)": 0.6706814507291242, "(0.25998067843674744, 0.27193189490108804)": 0.6654350390132824, "(0.27193189490108804, 0.3908206767506547)": 0.5798435671153941, "(0.3908206767506547, 0.48898012121117257)": 0.4116390630530509, "(0.48898012121117257, 0.5630006367469871)": 0.358330177406298, "(0.5630006367469871, 0.6802595087713257)": 0.3223475259039691, "(0.6802595087713257, 1.0)": 0.009692397835303162}, "pct": 0.009692397835303162, "best_return": 0.9654762120824386}, "ew_ma": {"time_param": 11, "trend": "ew_ma", "q_params": {"(0, 0.19054303792505306)": 0.628808331463981, "(0.19054303792505306, 0.22684681938129136)": 0.5968144319649776, "(0.22684681938129136, 0.3430426897430099)": 0.5885804884216275, "(0.3430426897430099, 0.3606961796306968)": 0.46978476329053626, "(0.3606961796306968, 0.3748881871315392)": 0.4638735143920281, "(0.3748881871315392, 0.5784792443873856)": 0.3449234807024535, "(0.5784792443873856, 0.61708817106643)": 0.23839250105647586, "(0.61708817106643, 0.738092363334327)": 0.17993190884294538, "(0.738092363334327, 0.7599583162364518)": 0.13260240981220986, "(0.7599583162364518, 1.0)": 0.016722648217002433}, "pct": 0.17993190884294538, "best_return": 1.0222414284713095}, "rel_minmax": {"time_param": 13, "trend": "rel_minmax", "q_params": {"(0, 0.1019132912608999)": 0.8799507202565793, "(0.1019132912608999, 0.16440439506732057)": 0.8733525081475166, "(0.16440439506732057, 0.23554813661355734)": 0.8637596997790976, "(0.23554813661355734, 0.24883025023265753)": 0.6163346867959321, "(0.24883025023265753, 0.27222830108165985)": 0.348348287471069, "(0.27222830108165985, 0.3412087397112191)": 0.25518670636224267, "(0.3412087397112191, 0.4684765038153981)": 0.19513714358314105, "(0.4684765038153981, 0.6713060911510084)": 0.18697299144817647, "(0.6713060911510084, 0.7859311117298308)": 0.14980309296845346, "(0.7859311117298308, 1.0)": 0.03304466660546668}, "pct": 0.8733525081475166, "best_return": 1.0571883882376991}, "ew_rel_minmax": {"time_param": 12, "trend": "ew_rel_minmax", "q_params": {"(0, 0.02226284376339982)": 0.7965101498408106, "(0.02226284376339982, 0.12999487491141898)": 0.7937746926651555, "(0.12999487491141898, 0.13201087836433864)": 0.7556108957532396, "(0.13201087836433864, 0.1647065603980613)": 0.5514811197310896, "(0.1647065603980613, 0.3918160429479454)": 0.16287418775371465, "(0.3918160429479454, 0.5991160892307552)": 0.15973177249516707, "(0.5991160892307552, 0.6276310794640623)": 0.13772647045806496, "(0.6276310794640623, 0.7451210674499505)": 0.08582510652992181, "(0.7451210674499505, 0.7860448949738683)": 0.07357485112817141, "(0.7860448949738683, 1)": 0.06281565608244952}, "pct": 0.16287418775371465, "best_return": 1.0990717511144064}}