{"ma": {"time_param": 15, "trend": "ma", "q_params": {"(0, 0.055800837374607726)": 0.8384925549368963, "(0.055800837374607726, 0.10012884394542487)": 0.7557238575533668, "(0.10012884394542487, 0.10880496272342709)": 0.686734552769329, "(0.10880496272342709, 0.1362844993655259)": 0.6773749313032829, "(0.1362844993655259, 0.1566642374895414)": 0.6507831556000244, "(0.1566642374895414, 0.1785575483542854)": 0.6049894028564737, "(0.1785575483542854, 0.6439039473248963)": 0.5574882336218452, "(0.6439039473248963, 0.7231859865187982)": 0.5526137874704946, "(0.7231859865187982, 0.7955512198869462)": 0.021817258466855782, "(0.7955512198869462, 1)": 0.007164779351329864}, "pct": 0.5574882336218452, "best_return": 0.9416043468441563}, "ew_ma": {"time_param": 25, "trend": "ew_ma", "q_params": {"(0.0, 0.29233412165083505)": 0.6787712656890446, "(0.29233412165083505, 0.29366557870400223)": 0.6560295736813166, "(0.29366557870400223, 0.30345963917372737)": 0.6137264348149931, "(0.30345963917372737, 0.48580855516820176)": 0.5859747117377688, "(0.48580855516820176, 0.5163915404494867)": 0.38882276267491367, "(0.5163915404494867, 0.5554696219777672)": 0.2667777080872255, "(0.5554696219777672, 0.7024545013306006)": 0.17525845668663817, "(0.7024545013306006, 0.7716757870529966)": 0.10854576684152818, "(0.7716757870529966, 0.782590239649181)": 0.0625820877044998, "(0.782590239649181, 1.0)": 0.015441650676806362}, "pct": 0.6787712656890446, "best_return": 0.9159641071658507}, "rel_minmax": {"time_param": 27, "trend": "rel_minmax", "q_params": {"(0, 0.049689549449072556)": 0.8432779121831337, "(0.049689549449072556, 0.08331650784496747)": 0.6869509713589719, "(0.08331650784496747, 0.11933576923351506)": 0.5975322528586947, "(0.11933576923351506, 0.16843752664995382)": 0.35400566026632685, "(0.16843752664995382, 0.21775161282295608)": 0.31639449129071806, "(0.21775161282295608, 0.3389354632066057)": 0.25801111114205577, "(0.3389354632066057, 0.7357139920392982)": 0.17404910220578296, "(0.7357139920392982, 0.8372348697442753)": 0.11043664926272928, "(0.8372348697442753, 0.8741195457763271)": 0.10057467112356244, "(0.8741195457763271, 1)": 0.05281912916027578}, "pct": 0.17404910220578296, "best_return": 0.9470300882568532}, "ew_rel_minmax": {"time_param": 10, "trend": "ew_rel_minmax", "q_params": {"(0, 0.029667179626032825)": 0.9386466882652379, "(0.029667179626032825, 0.14417832691671273)": 0.8816290667609599, "(0.14417832691671273, 0.2171861379492301)": 0.6270634544273479, "(0.2171861379492301, 0.23612157841970438)": 0.6266971290537288, "(0.23612157841970438, 0.6224884059537774)": 0.6260872482920431, "(0.6224884059537774, 0.6383709853312902)": 0.619958616689017, "(0.6383709853312902, 0.6985631494626412)": 0.3473588421939894, "(0.6985631494626412, 0.8210246005589721)": 0.11692008920861886, "(0.8210246005589721, 0.8265451601447044)": 0.03856354482522739, "(0.8265451601447044, 1.0)": 0.03150122202732775}, "pct": 0.6260872482920431, "best_return": 0.9673422982078758}}