{"ma": {"time_param": 16, "trend": "ma", "q_params": {"(0, 0.019146227329042365)": 0.8311740541824265, "(0.019146227329042365, 0.35814578008080555)": 0.7611248240857282, "(0.35814578008080555, 0.5547820552548216)": 0.7082731437583437, "(0.5547820552548216, 0.6092521120091977)": 0.464307037551786, "(0.6092521120091977, 0.6191849102822526)": 0.28431279355131767, "(0.6191849102822526, 0.6214811220310771)": 0.2824968477269051, "(0.6214811220310771, 0.6326413819924034)": 0.21262803172204825, "(0.6326413819924034, 0.6353055160101594)": 0.18995166162156152, "(0.6353055160101594, 0.803633242956848)": 0.04369035597651638, "(0.803633242956848, 1.0)": 0.0027847644315203146}, "pct": 0.7611248240857282, "best_return": 1.0384653696144097}, "ew_ma": {"time_param": 14, "trend": "ew_ma", "q_params": {"(0, 0.0034122148985287204)": 0.9883075954089726, "(0.0034122148985287204, 0.01958842565966516)": 0.8378252402366269, "(0.01958842565966516, 0.4401723930062229)": 0.8345422700236949, "(0.4401723930062229, 0.5718174861446136)": 0.6918767092940452, "(0.5718174861446136, 0.578690693769396)": 0.6114390535567038, "(0.578690693769396, 0.7470816116372332)": 0.3616584569257652, "(0.7470816116372332, 0.7535865844149804)": 0.21980094326267643, "(0.7535865844149804, 0.8227439852022134)": 0.060861902962229264, "(0.8227439852022134, 0.9683801763207085)": 0.00548737214655434, "(0.9683801763207085, 1.0)": 0.0009247381830771307}, "pct": 0.8345422700236949, "best_return": 1.0786528983256782}, "rel_minmax": {"time_param": 11, "trend": "rel_minmax", "q_params": {"(0, 0.25771490753247167)": 0.9402891962189351, "(0.25771490753247167, 0.3265223923047706)": 0.9327006886405487, "(0.3265223923047706, 0.37814074531002123)": 0.8664634555175519, "(0.37814074531002123, 0.43560315320679177)": 0.7515023191496794, "(0.43560315320679177, 0.5158701370619833)": 0.7459571132724523, "(0.5158701370619833, 0.5510985225270107)": 0.7037257187703407, "(0.5510985225270107, 0.6198847499372594)": 0.6883982504839598, "(0.6198847499372594, 0.6540807108168826)": 0.16977661157497637, "(0.6540807108168826, 0.8158679193223628)": 0.0027822416151547964, "(0.8158679193223628, 1.0)": 0.00030787262850194325}, "pct": 0.00030787262850194325, "best_return": 1.0696824710008923}, "ew_rel_minmax": {"time_param": 10, "trend": "ew_rel_minmax", "q_params": {"(0, 0.0005526451626379769)": 0.7308055097750608, "(0.0005526451626379769, 0.05921677996454408)": 0.7270925483772337, "(0.05921677996454408, 0.3126713857951257)": 0.7157643426073313, "(0.3126713857951257, 0.3482691474810943)": 0.5994040984545298, "(0.3482691474810943, 0.3865593099105846)": 0.5816100963579894, "(0.3865593099105846, 0.5011144460071422)": 0.5723412366651804, "(0.5011144460071422, 0.5410367792399225)": 0.5443236984295644, "(0.5410367792399225, 0.6037460058950735)": 0.4979681377144924, "(0.6037460058950735, 0.6778953513865189)": 0.2629577987222718, "(0.6778953513865189, 1.0)": 0.007305321865058719}, "pct": 0.007305321865058719, "best_return": 1.0655535630799562}}