{"ma": {"time_param": 27, "trend": "ma", "q_params": {"(0, 0.031480254539338004)": 0.8738623539493426, "(0.031480254539338004, 0.043644206243801054)": 0.7414904389617025, "(0.043644206243801054, 0.13058991353068783)": 0.599836014468269, "(0.13058991353068783, 0.2653180669074551)": 0.5237466523270873, "(0.2653180669074551, 0.27666325818099646)": 0.47698873369699624, "(0.27666325818099646, 0.2908821263285867)": 0.47560660930887333, "(0.2908821263285867, 0.3273162926883446)": 0.43274543214774874, "(0.3273162926883446, 0.7766570828515629)": 0.26650562458561644, "(0.7766570828515629, 0.8475411474844385)": 0.24524729114993382, "(0.8475411474844385, 1)": 0.04986508185746685}, "pct": 0.26650562458561644, "best_return": 0.8900755324658044}, "ew_ma": {"time_param": 20, "trend": "ew_ma", "q_params": {"(0, 0.019832573003813136)": 0.9728847847743708, "(0.019832573003813136, 0.06790907056570794)": 0.5447008744653686, "(0.06790907056570794, 0.20502191497932767)": 0.4275526938064844, "(0.20502191497932767, 0.21042692664268747)": 0.4021391395452609, "(0.21042692664268747, 0.27882370197852724)": 0.3628714802722993, "(0.27882370197852724, 0.4793020952832254)": 0.3445280075396928, "(0.4793020952832254, 0.4999106262299589)": 0.3396067264931658, "(0.4999106262299589, 0.575170968797488)": 0.2968235669914885, "(0.575170968797488, 0.7679211169728632)": 0.2759818962408406, "(0.7679211169728632, 1)": 0.23733176711114456}, "pct": 0.4275526938064844, "best_return": 0.9305510966737424}, "rel_minmax": {"time_param": 27, "trend": "rel_minmax", "q_params": {"(0, 0.049689549449072556)": 0.8432779121831337, "(0.049689549449072556, 0.08331650784496747)": 0.6869509713589719, "(0.08331650784496747, 0.11933576923351506)": 0.5975322528586947, "(0.11933576923351506, 0.16843752664995382)": 0.35400566026632685, "(0.16843752664995382, 0.20878412579747777)": 0.31639449129071806, "(0.20878412579747777, 0.3389354632066057)": 0.25801111114205577, "(0.3389354632066057, 0.7357139920392982)": 0.17404910220578296, "(0.7357139920392982, 0.8372348697442753)": 0.10588392168650704, "(0.8372348697442753, 0.8741195457763271)": 0.10057467112356244, "(0.8741195457763271, 1.0)": 0.05259734497487563}, "pct": 0.17404910220578296, "best_return": 0.9345441225980219}, "ew_rel_minmax": {"time_param": 10, "trend": "ew_rel_minmax", "q_params": {"(0.0, 0.029667179626032825)": 0.9386466882652379, "(0.029667179626032825, 0.14417832691671273)": 0.8816290667609599, "(0.14417832691671273, 0.2171861379492301)": 0.6270634544273479, "(0.2171861379492301, 0.23612157841970438)": 0.6266971290537288, "(0.23612157841970438, 0.6224884059537774)": 0.624167535972208, "(0.6224884059537774, 0.6383709853312902)": 0.619958616689017, "(0.6383709853312902, 0.6985631494626412)": 0.3473588421939894, "(0.6985631494626412, 0.8210246005589721)": 0.11692008920861886, "(0.8210246005589721, 0.8265451601447044)": 0.03856354482522739, "(0.8265451601447044, 1.0)": 0.03150122202732775}, "pct": 0.624167535972208, "best_return": 0.9362889648495198}}