{"ma": {"time_param": 11, "trend": "ma", "q_params": {"(0, 0.30165665472534126)": 0.993765238142123, "(0.30165665472534126, 0.40928282611748246)": 0.9641073604503081, "(0.40928282611748246, 0.4209046994662826)": 0.8888848302735457, "(0.4209046994662826, 0.4468261545347193)": 0.8451741179177917, "(0.4468261545347193, 0.48566430056928234)": 0.8144171853451198, "(0.48566430056928234, 0.7287298445180028)": 0.7329868168491722, "(0.7287298445180028, 0.8238930871995728)": 0.6754933778587305, "(0.8238930871995728, 0.8328862584122431)": 0.6498938159585997, "(0.8328862584122431, 0.8768778578558174)": 0.40250596986796844, "(0.8768778578558174, 1)": 0.07802327524564634}, "pct": 0.6754933778587305, "best_return": 0.8781091507818908}, "ew_ma": {"time_param": 10, "trend": "ew_ma", "q_params": {"(0, 0.05191585054645161)": 0.907483060950901, "(0.05191585054645161, 0.17528000020778778)": 0.7412338649706314, "(0.17528000020778778, 0.18730102921290254)": 0.6777881810919197, "(0.18730102921290254, 0.4628360444431473)": 0.5777352426277838, "(0.4628360444431473, 0.6387925655872788)": 0.5288833433837339, "(0.6387925655872788, 0.677216125216943)": 0.44755359727603045, "(0.677216125216943, 0.6885954713497893)": 0.3075002187054673, "(0.6885954713497893, 0.8638638520373385)": 0.30207935618132375, "(0.8638638520373385, 0.8781479863127386)": 0.21217192146655217, "(0.8781479863127386, 1)": 0.11651761212125221}, "pct": 0.5288833433837339, "best_return": 0.991318226553136}, "rel_minmax": {"time_param": 14, "trend": "rel_minmax", "q_params": {"(0, 0.07718848126974907)": 0.9736641922515572, "(0.07718848126974907, 0.1259002619487475)": 0.9735594687261023, "(0.1259002619487475, 0.20587636405312437)": 0.9503498797078996, "(0.20587636405312437, 0.36318744011703813)": 0.9462776263347727, "(0.36318744011703813, 0.45558267350378734)": 0.8546468764750781, "(0.45558267350378734, 0.5453027740042378)": 0.6452392746732234, "(0.5453027740042378, 0.739926700196958)": 0.33209196648581507, "(0.739926700196958, 0.8426569586796633)": 0.3028961085741346, "(0.8426569586796633, 0.9707590327330653)": 0.23313389641538051, "(0.9707590327330653, 1)": 0.023139917261428306}, "pct": 0.9462776263347727, "best_return": 0.9793752377116638}, "ew_rel_minmax": {"time_param": 17, "trend": "ew_rel_minmax", "q_params": {"(0, 0.18713140550128493)": 0.9445717008302463, "(0.18713140550128493, 0.23196542779743806)": 0.8402287530525684, "(0.23196542779743806, 0.31188908784959146)": 0.8355306119635362, "(0.31188908784959146, 0.3773630839492218)": 0.7231361182718731, "(0.3773630839492218, 0.5070236241699444)": 0.6651845416373987, "(0.5070236241699444, 0.5734843158121833)": 0.5283517801915155, "(0.5734843158121833, 0.5923590019079917)": 0.48860505263760334, "(0.5923590019079917, 0.7569288124325344)": 0.4076833915850945, "(0.7569288124325344, 0.9362712287798579)": 0.342482287602794, "(0.9362712287798579, 1)": 0.09257022732073668}, "pct": 0.6651845416373987, "best_return": 0.9615108311418656}}