{"ma": {"time_param": 18, "trend": "ma", "q_params": {"(0, 0.007586227734452167)": 0.9850461762770334, "(0.007586227734452167, 0.2530182450875714)": 0.9654509329678402, "(0.2530182450875714, 0.30344364539748225)": 0.9064016809984431, "(0.30344364539748225, 0.35242727640724625)": 0.8858241688849101, "(0.35242727640724625, 0.3703694225531428)": 0.8677187162290014, "(0.3703694225531428, 0.4472142943416798)": 0.776651446694429, "(0.4472142943416798, 0.4599123630052484)": 0.7468029932939508, "(0.4599123630052484, 0.47986271068841724)": 0.6400229913949217, "(0.47986271068841724, 0.742464547315031)": 0.45777501748560684, "(0.742464547315031, 1)": 0.39202373090063114}, "pct": 0.9654509329678402, "best_return": 0.8849166341136155}, "ew_ma": {"time_param": 15, "trend": "ew_ma", "q_params": {"(0, 0.03162674164466151)": 0.9531546568403666, "(0.03162674164466151, 0.24238132283515115)": 0.9165362297637247, "(0.24238132283515115, 0.26365445948463184)": 0.8936738153639378, "(0.26365445948463184, 0.3080863739526725)": 0.6940693288703759, "(0.3080863739526725, 0.588806900915728)": 0.5151868658417916, "(0.588806900915728, 0.6940321327153487)": 0.43914188974884627, "(0.6940321327153487, 0.7911688500986438)": 0.18174474592364145, "(0.7911688500986438, 0.8608625045205774)": 0.13554243125695142, "(0.8608625045205774, 0.8670307926117673)": 0.09927832796469056, "(0.8670307926117673, 1)": 0.06027324246432786}, "pct": 0.9165362297637247, "best_return": 1.0046865599463604}, "rel_minmax": {"time_param": 12, "trend": "rel_minmax", "q_params": {"(0, 0.08809145636062743)": 0.9021636634164144, "(0.08809145636062743, 0.17574304626011591)": 0.8981369752197272, "(0.17574304626011591, 0.26704390871609424)": 0.8375580207452461, "(0.26704390871609424, 0.41555464974925926)": 0.7177091412834427, "(0.41555464974925926, 0.5629139265331901)": 0.6941078154316567, "(0.5629139265331901, 0.6307079465245486)": 0.4233908098789724, "(0.6307079465245486, 0.7954324726212588)": 0.2419606277195411, "(0.7954324726212588, 0.878894978897075)": 0.11143794710906886, "(0.878894978897075, 0.9011758606605046)": 0.09706456304693456, "(0.9011758606605046, 1)": 0.05945854713506591}, "pct": 0.2419606277195411, "best_return": 0.9858918992209391}, "ew_rel_minmax": {"time_param": 18, "trend": "ew_rel_minmax", "q_params": {"(0, 0.18266551145741852)": 0.9368038012483499, "(0.18266551145741852, 0.34189730641796734)": 0.7549531117641793, "(0.34189730641796734, 0.5131772287040686)": 0.7384404145952506, "(0.5131772287040686, 0.6050061508138919)": 0.6600826438129151, "(0.6050061508138919, 0.6628268222286849)": 0.5333174960329224, "(0.6628268222286849, 0.7677366346223701)": 0.3797167725598331, "(0.7677366346223701, 0.8360790675333873)": 0.24724736162318242, "(0.8360790675333873, 0.9012409751112058)": 0.15010522842009205, "(0.9012409751112058, 0.93199500018304)": 0.1423470652345673, "(0.93199500018304, 1)": 0.10120688255459409}, "pct": 0.24724736162318242, "best_return": 0.9039448408484289}}