{"ma": {"trend": "ma", "time_param": 41, "q_params": {"(0, 0.33431831062619327)": 1.0, "(0.33431831062619327, 0.34749932016429)": 0.998158015648408, "(0.34749932016429, 0.4038881831179081)": 0.9976734022848874, "(0.4038881831179081, 0.41892085145270197)": 0.9958359757515863, "(0.41892085145270197, 0.46751054429802164)": 0.9953469424501273, "(0.46751054429802164, 0.5142398094516003)": 0.9952663046300788, "(0.5142398094516003, 0.5710173290356796)": 0.9949156558764721, "(0.5710173290356796, 0.9769519908523951)": 0.9928143424426107, "(0.9769519908523951, 0.9966147830809307)": 0.8401457640852661, "(0.9966147830809307, 1.0)": 0.5253430979758362}, "pct": 0.9928143424426107, "best_return": 2.45348018744783}, "ew_ma": {"trend": "ew_ma", "time_param": 41, "q_params": {"(0, 0.05111536195847362)": 1.0, "(0.05111536195847362, 0.10668047520952109)": 0.9976441688485816, "(0.10668047520952109, 0.4012772113185313)": 0.9976400560509141, "(0.4012772113185313, 0.4455981887514735)": 0.9976143981886677, "(0.4455981887514735, 0.4538956000078228)": 0.9975559716866004, "(0.4538956000078228, 0.5353841134050571)": 0.9970701729543059, "(0.5353841134050571, 0.5753141806829587)": 0.9970651041495027, "(0.5753141806829587, 0.6109200369133958)": 0.993182934532468, "(0.6109200369133958, 0.6447664263432126)": 0.9916486471418287, "(0.6447664263432126, 1.0)": 0.9910359161258742}, "pct": 0.9916486471418287, "best_return": 2.4227452057963412}, "rel_minmax": {"time_param": 21, "trend": "rel_minmax", "q_params": {"(0, 0.3471954459475273)": 0.9993776587652003, "(0.3471954459475273, 0.35166256398881063)": 0.986446459207987, "(0.35166256398881063, 0.3872508249422584)": 0.9250328671377946, "(0.3872508249422584, 0.4588764904620721)": 0.519230702043826, "(0.4588764904620721, 0.47406380531219416)": 0.48269907943011753, "(0.47406380531219416, 0.7459715935876955)": 0.2765370383627494, "(0.7459715935876955, 0.8303888332291616)": 0.27647285212162126, "(0.8303888332291616, 0.961014024795783)": 0.275063188409429, "(0.961014024795783, 0.9749452641431975)": 0.2615042146505383, "(0.9749452641431975, 1.0)": 0.0004985851891605423}, "pct": 0.2765370383627494, "best_return": 3.007824587919802}, "ew_rel_minmax": {"time_param": 29, "trend": "ew_rel_minmax", "q_params": {"(0, 0.24484015974849552)": 0.9998667105354597, "(0.24484015974849552, 0.25257403346241003)": 0.9857140566680486, "(0.25257403346241003, 0.297573785130059)": 0.9762403843991115, "(0.297573785130059, 0.31163946225828415)": 0.7320767256487243, "(0.31163946225828415, 0.36236203276457846)": 0.729543265840674, "(0.36236203276457846, 0.381674281371584)": 0.6678015494501237, "(0.381674281371584, 0.3823235743275667)": 0.6611831980999726, "(0.3823235743275667, 0.6577723600067363)": 0.05462591623278926, "(0.6577723600067363, 0.8627466571434039)": 0.04239321658844458, "(0.8627466571434039, 1.0)": 0.0413820347067384}, "pct": 0.05462591623278926, "best_return": 2.929743291845658}}