{"ma": {"trend": "ma", "time_param": 41, "q_params": {"(0, 0.3239689604812953)": 1.0, "(0.3239689604812953, 0.379357856679842)": 0.9998426067120155, "(0.379357856679842, 0.3905969355231182)": 0.9955633982561832, "(0.3905969355231182, 0.40448959274282176)": 0.9954095052607994, "(0.40448959274282176, 0.45000141028279284)": 0.9953004917231163, "(0.45000141028279284, 0.4952808292800731)": 0.9952817040536535, "(0.4952808292800731, 0.5774141973827255)": 0.9949855746098045, "(0.5774141973827255, 0.9857169116920736)": 0.9928143424426107, "(0.9857169116920736, 0.9966147830809307)": 0.8616569187270942, "(0.9966147830809307, 1.0)": 0.3701981896755558}, "pct": 0.9928143424426107, "best_return": 2.3209153302705605}, "ew_ma": {"trend": "ew_ma", "time_param": 41, "q_params": {"(0, 0.05004253588755557)": 1.0, "(0.05004253588755557, 0.07444668227719883)": 0.9977699994801827, "(0.07444668227719883, 0.414712593255166)": 0.9977687330711986, "(0.414712593255166, 0.4343830058414321)": 0.9977342730252843, "(0.4343830058414321, 0.5015629105992526)": 0.9974483159850398, "(0.5015629105992526, 0.5214812727141259)": 0.9970701729543059, "(0.5214812727141259, 0.5822125184718155)": 0.9970651041495027, "(0.5822125184718155, 0.6104030413272657)": 0.9928924742450168, "(0.6104030413272657, 0.6323005905988207)": 0.9910833899339765, "(0.6323005905988207, 1.0)": 0.9910359161258742}, "pct": 0.9928924742450168, "best_return": 2.307742199374287}, "rel_minmax": {"time_param": 21, "trend": "rel_minmax", "q_params": {"(0, 0.3895581282325592)": 0.9993776587652003, "(0.3895581282325592, 0.39710235036912006)": 0.8349921174487442, "(0.39710235036912006, 0.4680769951585269)": 0.6976281563737913, "(0.4680769951585269, 0.46946440925375027)": 0.615281745209285, "(0.46946440925375027, 0.46967794582912814)": 0.48269907943011753, "(0.46967794582912814, 0.7386070772952359)": 0.2765370383627494, "(0.7386070772952359, 0.8246258702546314)": 0.2764920160053653, "(0.8246258702546314, 0.961014024795783)": 0.27561007396499776, "(0.961014024795783, 0.9749452641431975)": 0.27235727432096224, "(0.9749452641431975, 1.0)": 0.0004985851891605423}, "pct": 0.2765370383627494, "best_return": 2.6223409402147073}, "ew_rel_minmax": {"time_param": 44, "trend": "ew_rel_minmax", "q_params": {"(0, 0.07767602270663468)": 0.9944126001012585, "(0.07767602270663468, 0.2825956600359231)": 0.9751203035452944, "(0.2825956600359231, 0.3112110915369059)": 0.5041735210891933, "(0.3112110915369059, 0.4855852598235181)": 0.41251939548521294, "(0.4855852598235181, 0.5707711985826043)": 0.33924475044786717, "(0.5707711985826043, 0.7356727891717826)": 0.2878073918126455, "(0.7356727891717826, 0.7464489190344944)": 0.13791324068934163, "(0.7464489190344944, 0.9299542118435906)": 0.13487662801411981, "(0.9299542118435906, 0.9379394725190289)": 0.032070006600265266, "(0.9379394725190289, 1)": 0.027130545722013677}, "pct": 0.2878073918126455, "best_return": 2.4746853431246096}}