{"ma": {"trend": "ma", "time_param": 41, "q_params": {"(0, 0.3275698894965488)": 0.9989585355175172, "(0.3275698894965488, 0.3601129753494887)": 0.9966388659819522, "(0.3601129753494887, 0.3797456071735884)": 0.9965654256060447, "(0.3797456071735884, 0.4085356212208565)": 0.9953441355188369, "(0.4085356212208565, 0.4767518215448442)": 0.9953324049113161, "(0.4767518215448442, 0.5038263638388736)": 0.9952665040298977, "(0.5038263638388736, 0.5973834016565377)": 0.9949625072199464, "(0.5973834016565377, 0.9889135077448021)": 0.9943394219268724, "(0.9889135077448021, 0.9947695675578118)": 0.8436987674466054, "(0.9947695675578118, 1.0)": 0.3610142825717479}, "pct": 0.9943394219268724, "best_return": 3.4086660167365563}, "ew_ma": {"trend": "ew_ma", "time_param": 41, "q_params": {"(0, 0.05439894246150692)": 0.9999288531480827, "(0.05439894246150692, 0.0689672476713838)": 0.9985124870737294, "(0.0689672476713838, 0.37459081682585765)": 0.9981069205138229, "(0.37459081682585765, 0.444021313271837)": 0.9980323604585685, "(0.444021313271837, 0.4886840080561829)": 0.9974483159850398, "(0.4886840080561829, 0.5057520603865806)": 0.9974322274136113, "(0.5057520603865806, 0.5743434115060221)": 0.9972116482519116, "(0.5743434115060221, 0.6158187502008774)": 0.9966362348083436, "(0.6158187502008774, 0.6275282437080207)": 0.9923214078353488, "(0.6275282437080207, 1.0)": 0.9910359161258742}, "pct": 0.9910359161258742, "best_return": 3.320590116057513}, "rel_minmax": {"time_param": 21, "trend": "rel_minmax", "q_params": {"(0.0, 0.3895581282325592)": 0.9844667250392714, "(0.3895581282325592, 0.42769466315513643)": 0.8349921174487442, "(0.42769466315513643, 0.46828371135603286)": 0.6808175513422365, "(0.46828371135603286, 0.5502220884158047)": 0.6024219776953386, "(0.5502220884158047, 0.6870322581947667)": 0.48269907943011753, "(0.6870322581947667, 0.7435658626895199)": 0.2765370383627494, "(0.7435658626895199, 0.8161420183929616)": 0.2757748597182864, "(0.8161420183929616, 0.961014024795783)": 0.27561007396499776, "(0.961014024795783, 0.9749452641431975)": 0.27235727432096224, "(0.9749452641431975, 1.0)": 0.0004985851891605423}, "pct": 1, "best_return": 3.2422833632984664}, "ew_rel_minmax": {"time_param": 44, "trend": "ew_rel_minmax", "q_params": {"(0.0, 0.07767602270663468)": 0.9944126001012585, "(0.07767602270663468, 0.2980530231765419)": 0.9751203035452944, "(0.2980530231765419, 0.3112110915369059)": 0.47431704144073866, "(0.3112110915369059, 0.4683608740259163)": 0.44277694780147153, "(0.4683608740259163, 0.5597665319135501)": 0.3550063025634193, "(0.5597665319135501, 0.6719949159606629)": 0.28502558422652685, "(0.6719949159606629, 0.7464489190344944)": 0.18505579246213852, "(0.7464489190344944, 0.7979107743636664)": 0.12839832895442144, "(0.7979107743636664, 0.9379394725190289)": 0.05515163808698731, "(0.9379394725190289, 1.0)": 0.027130545722013677}, "pct": 1, "best_return": 3.2422833632984664}}