{"ma": {"trend": "ma", "time_param": 41, "q_params": {"(0.0, 0.3239689604812953)": 0.9998843030321188, "(0.3239689604812953, 0.3634401962984796)": 0.9973842505777625, "(0.3634401962984796, 0.3797456071735884)": 0.9955633982561832, "(0.3797456071735884, 0.4085356212208565)": 0.9953563878588996, "(0.4085356212208565, 0.45000141028279284)": 0.9953004917231163, "(0.45000141028279284, 0.5038263638388736)": 0.9952665040298977, "(0.5038263638388736, 0.5973834016565377)": 0.9949369420144805, "(0.5973834016565377, 0.9857169116920736)": 0.9943394219268724, "(0.9857169116920736, 0.9931076231572452)": 0.8616569187270942, "(0.9931076231572452, 1.0)": 0.3701981896755558}, "pct": 1, "best_return": 2.899457252650842}, "ew_ma": {"trend": "ew_ma", "time_param": 41, "q_params": {"(0.0, 0.05004253588755557)": 0.9988760135222691, "(0.05004253588755557, 0.07444668227719883)": 0.998599590646457, "(0.07444668227719883, 0.4366545141043833)": 0.9985342709136419, "(0.4366545141043833, 0.442336731022677)": 0.9976231805346881, "(0.442336731022677, 0.5015629105992526)": 0.9974483159850398, "(0.5015629105992526, 0.5028992979026595)": 0.9973138519892626, "(0.5028992979026595, 0.5822125184718155)": 0.9972617430519196, "(0.5822125184718155, 0.6186558694589003)": 0.9966362348083436, "(0.6186558694589003, 0.6323005905988207)": 0.9923214078353488, "(0.6323005905988207, 1.0)": 0.9910359161258742}, "pct": 1, "best_return": 2.899457252650842}, "rel_minmax": {"time_param": 21, "trend": "rel_minmax", "q_params": {"(0.0, 0.3895581282325592)": 0.9844667250392714, "(0.3895581282325592, 0.42769466315513643)": 0.8349921174487442, "(0.42769466315513643, 0.46828371135603286)": 0.6808175513422365, "(0.46828371135603286, 0.5502220884158047)": 0.6024219776953386, "(0.5502220884158047, 0.6870322581947667)": 0.48269907943011753, "(0.6870322581947667, 0.7435658626895199)": 0.2765370383627494, "(0.7435658626895199, 0.8161420183929616)": 0.2757748597182864, "(0.8161420183929616, 0.961014024795783)": 0.27561007396499776, "(0.961014024795783, 0.9749452641431975)": 0.27235727432096224, "(0.9749452641431975, 1.0)": 0.0004985851891605423}, "pct": 1, "best_return": 2.899457252650842}, "ew_rel_minmax": {"time_param": 44, "trend": "ew_rel_minmax", "q_params": {"(0.0, 0.07767602270663468)": 0.9944126001012585, "(0.07767602270663468, 0.2980530231765419)": 0.9751203035452944, "(0.2980530231765419, 0.3112110915369059)": 0.47431704144073866, "(0.3112110915369059, 0.4683608740259163)": 0.44277694780147153, "(0.4683608740259163, 0.5597665319135501)": 0.3550063025634193, "(0.5597665319135501, 0.6719949159606629)": 0.28502558422652685, "(0.6719949159606629, 0.7464489190344944)": 0.18505579246213852, "(0.7464489190344944, 0.7979107743636664)": 0.12839832895442144, "(0.7979107743636664, 0.9379394725190289)": 0.05515163808698731, "(0.9379394725190289, 1.0)": 0.027130545722013677}, "pct": 1, "best_return": 2.899457252650842}}