{"ma": {"trend": "ma", "time_param": 41, "q_params": {"(0, 0.28349318526393363)": 0.9978985258444188, "(0.28349318526393363, 0.3601129753494887)": 0.9958931238464097, "(0.3601129753494887, 0.4014085019589097)": 0.9956518240324657, "(0.4014085019589097, 0.4436927556758809)": 0.9955489464777229, "(0.4436927556758809, 0.48061223949416415)": 0.9952691380164023, "(0.48061223949416415, 0.5038263638388736)": 0.9952041700396317, "(0.5038263638388736, 0.5546523921141893)": 0.9949557254656788, "(0.5546523921141893, 0.9821801626098685)": 0.9943394219268724, "(0.9821801626098685, 0.9947695675578118)": 0.846450662627581, "(0.9947695675578118, 1.0)": 0.16544009275616664}, "pct": 0.9943394219268724, "best_return": 3.793319836345202}, "ew_ma": {"trend": "ew_ma", "time_param": 41, "q_params": {"(0, 0.087403303367551)": 0.9999288531480827, "(0.087403303367551, 0.10384165926855773)": 0.9985124870737294, "(0.10384165926855773, 0.33390921779096594)": 0.9984058605953671, "(0.33390921779096594, 0.444021313271837)": 0.9982724917154615, "(0.444021313271837, 0.4930753597707976)": 0.9979061745393872, "(0.4930753597707976, 0.5057520603865806)": 0.9972557996478864, "(0.5057520603865806, 0.5348224019547555)": 0.9972116482519116, "(0.5348224019547555, 0.5909254432605748)": 0.9934843661444958, "(0.5909254432605748, 0.737516797346186)": 0.9921760450007874, "(0.737516797346186, 1.0)": 0.9888384166781262}, "pct": 0.9888384166781262, "best_return": 3.7481674156284663}, "rel_minmax": {"time_param": 21, "trend": "rel_minmax", "q_params": {"(0.0, 0.3895581282325592)": 0.9844667250392714, "(0.3895581282325592, 0.42769466315513643)": 0.8349921174487442, "(0.42769466315513643, 0.46828371135603286)": 0.6808175513422365, "(0.46828371135603286, 0.5502220884158047)": 0.6024219776953386, "(0.5502220884158047, 0.6870322581947667)": 0.48269907943011753, "(0.6870322581947667, 0.7435658626895199)": 0.2765370383627494, "(0.7435658626895199, 0.8161420183929616)": 0.2757748597182864, "(0.8161420183929616, 0.961014024795783)": 0.27561007396499776, "(0.961014024795783, 0.9749452641431975)": 0.27235727432096224, "(0.9749452641431975, 1.0)": 0.0004985851891605423}, "pct": 1, "best_return": 3.713300719481106}, "ew_rel_minmax": {"time_param": 44, "trend": "ew_rel_minmax", "q_params": {"(0.0, 0.07767602270663468)": 0.9944126001012585, "(0.07767602270663468, 0.2980530231765419)": 0.9751203035452944, "(0.2980530231765419, 0.3112110915369059)": 0.47431704144073866, "(0.3112110915369059, 0.4683608740259163)": 0.44277694780147153, "(0.4683608740259163, 0.5597665319135501)": 0.3550063025634193, "(0.5597665319135501, 0.6719949159606629)": 0.28502558422652685, "(0.6719949159606629, 0.7464489190344944)": 0.18505579246213852, "(0.7464489190344944, 0.7979107743636664)": 0.12839832895442144, "(0.7979107743636664, 0.9379394725190289)": 0.05515163808698731, "(0.9379394725190289, 1.0)": 0.027130545722013677}, "pct": 1, "best_return": 3.713300719481106}}