{"ma": {"trend": "ma", "time_param": 41, "q_params": {"(0, 0.28349318526393363)": 0.9978985258444188, "(0.28349318526393363, 0.4098304392450096)": 0.9958931238464097, "(0.4098304392450096, 0.41408585162959727)": 0.9958775242791819, "(0.41408585162959727, 0.4436927556758809)": 0.9955489464777229, "(0.4436927556758809, 0.48203250065297853)": 0.9952691380164023, "(0.48203250065297853, 0.6681764660938319)": 0.9952200212377094, "(0.6681764660938319, 0.9194980214487659)": 0.9947940689030521, "(0.9194980214487659, 0.9821801626098685)": 0.9943394219268724, "(0.9821801626098685, 0.9963137197826119)": 0.6471114569157661, "(0.9963137197826119, 1.0)": 0.16544009275616664}, "pct": 0.9978985258444188, "best_return": 3.8558336881858217}, "ew_ma": {"trend": "ew_ma", "time_param": 41, "q_params": {"(0, 0.09018016311591878)": 0.9999288531480827, "(0.09018016311591878, 0.10384165926855773)": 0.9998166049190731, "(0.10384165926855773, 0.33390921779096594)": 0.9984058605953671, "(0.33390921779096594, 0.48877437912070754)": 0.9982724917154615, "(0.48877437912070754, 0.5216692420620422)": 0.9982565378321913, "(0.5216692420620422, 0.5341394349596296)": 0.9975614637722758, "(0.5341394349596296, 0.586499553671687)": 0.9972116482519116, "(0.586499553671687, 0.5909254432605748)": 0.9934843661444958, "(0.5909254432605748, 0.9433743430157993)": 0.9932310322777951, "(0.9433743430157993, 1.0)": 0.9888384166781262}, "pct": 0.9932310322777951, "best_return": 3.765212114348119}, "rel_minmax": {"time_param": 21, "trend": "rel_minmax", "q_params": {"(0.0, 0.3895581282325592)": 0.9844667250392714, "(0.3895581282325592, 0.42769466315513643)": 0.8349921174487442, "(0.42769466315513643, 0.46828371135603286)": 0.6808175513422365, "(0.46828371135603286, 0.5502220884158047)": 0.6024219776953386, "(0.5502220884158047, 0.6870322581947667)": 0.48269907943011753, "(0.6870322581947667, 0.7435658626895199)": 0.2765370383627494, "(0.7435658626895199, 0.8161420183929616)": 0.2757748597182864, "(0.8161420183929616, 0.961014024795783)": 0.27561007396499776, "(0.961014024795783, 0.9749452641431975)": 0.27235727432096224, "(0.9749452641431975, 1.0)": 0.0004985851891605423}, "pct": 1, "best_return": 3.7528238475094464}, "ew_rel_minmax": {"time_param": 44, "trend": "ew_rel_minmax", "q_params": {"(0.0, 0.07767602270663468)": 0.9944126001012585, "(0.07767602270663468, 0.2980530231765419)": 0.9751203035452944, "(0.2980530231765419, 0.3112110915369059)": 0.47431704144073866, "(0.3112110915369059, 0.4683608740259163)": 0.44277694780147153, "(0.4683608740259163, 0.5597665319135501)": 0.3550063025634193, "(0.5597665319135501, 0.6719949159606629)": 0.28502558422652685, "(0.6719949159606629, 0.7464489190344944)": 0.18505579246213852, "(0.7464489190344944, 0.7979107743636664)": 0.12839832895442144, "(0.7979107743636664, 0.9379394725190289)": 0.05515163808698731, "(0.9379394725190289, 1.0)": 0.027130545722013677}, "pct": 1, "best_return": 3.7528238475094464}}