{"ma": {"trend": "ma", "time_param": 41, "q_params": {"(0, 0.3408952305578063)": 1.0, "(0.3408952305578063, 0.37513162458578375)": 0.9982435231154555, "(0.37513162458578375, 0.38807490576778636)": 0.9955633982561832, "(0.38807490576778636, 0.40448959274282176)": 0.9954515954542221, "(0.40448959274282176, 0.43448635862867074)": 0.9953004917231163, "(0.43448635862867074, 0.4952808292800731)": 0.9952817040536535, "(0.4952808292800731, 0.5905995553500784)": 0.9949156558764721, "(0.5905995553500784, 0.9769519908523951)": 0.9928143424426107, "(0.9769519908523951, 0.9966147830809307)": 0.8334569716051183, "(0.9966147830809307, 1.0)": 0.42058203372943087}, "pct": 0.9928143424426107, "best_return": 2.368851364022343}, "ew_ma": {"trend": "ew_ma", "time_param": 41, "q_params": {"(0, 0.05004253588755557)": 1.0, "(0.05004253588755557, 0.08594063890448081)": 0.9977699994801827, "(0.08594063890448081, 0.414712593255166)": 0.9977687330711986, "(0.414712593255166, 0.43940581528703876)": 0.9976143981886677, "(0.43940581528703876, 0.5015629105992526)": 0.9972018513406178, "(0.5015629105992526, 0.5369727531902954)": 0.9970701729543059, "(0.5369727531902954, 0.5696300923469582)": 0.9970651041495027, "(0.5696300923469582, 0.6078764128473028)": 0.9919757306663622, "(0.6078764128473028, 0.6249106717685196)": 0.9910882886606445, "(0.6249106717685196, 1.0)": 0.9910359161258742}, "pct": 0.9910882886606445, "best_return": 2.3333672839914894}, "rel_minmax": {"time_param": 21, "trend": "rel_minmax", "q_params": {"(0, 0.3471954459475273)": 0.9993776587652003, "(0.3471954459475273, 0.39710235036912006)": 0.9959382934231505, "(0.39710235036912006, 0.4632189004581583)": 0.6838733384897089, "(0.4632189004581583, 0.46946440925375027)": 0.615281745209285, "(0.46946440925375027, 0.46967794582912814)": 0.48269907943011753, "(0.46967794582912814, 0.7459715935876955)": 0.2765370383627494, "(0.7459715935876955, 0.8303888332291616)": 0.2764920160053653, "(0.8303888332291616, 0.961014024795783)": 0.275063188409429, "(0.961014024795783, 0.9749452641431975)": 0.27235727432096224, "(0.9749452641431975, 1.0)": 0.0004985851891605423}, "pct": 0.2765370383627494, "best_return": 2.6302293201567943}, "ew_rel_minmax": {"time_param": 29, "trend": "ew_rel_minmax", "q_params": {"(0, 0.23725231932759372)": 0.9998667105354597, "(0.23725231932759372, 0.2925078626754687)": 0.9952188033008165, "(0.2925078626754687, 0.3173585476462504)": 0.8934754660974172, "(0.3173585476462504, 0.347169056515488)": 0.8391329684808084, "(0.347169056515488, 0.37113049361634287)": 0.8197213697514472, "(0.37113049361634287, 0.3763054473090796)": 0.7105809045612076, "(0.3763054473090796, 0.38171507920959613)": 0.6982521228626412, "(0.38171507920959613, 0.6719987320610161)": 0.056413477532709366, "(0.6719987320610161, 0.8730634667726467)": 0.04239321658844458, "(0.8730634667726467, 1.0)": 0.0413820347067384}, "pct": 0.056413477532709366, "best_return": 2.782026849417167}}