{"ma": {"trend": "ma", "time_param": 76, "q_params": {"(0, 0.1172806884549521)": 1.0, "(0.1172806884549521, 0.3231081418806505)": 0.9999854073081149, "(0.3231081418806505, 0.35535712534630876)": 0.9997202904120406, "(0.35535712534630876, 0.3752591099162213)": 0.997254918520567, "(0.3752591099162213, 0.4634269174867137)": 0.9955488801219862, "(0.4634269174867137, 0.827476110400642)": 0.9955455993160661, "(0.827476110400642, 0.8915760389215018)": 0.9955345308024106, "(0.8915760389215018, 0.9447501086815905)": 0.994987645892004, "(0.9447501086815905, 0.9562395060129049)": 0.9926314461461311, "(0.9562395060129049, 1.0)": 0.004343528625448005}, "pct": 0.9955345308024106, "best_return": 8.038399111020158}, "ew_ma": {"trend": "ew_ma", "time_param": 76, "q_params": {"(0, 0.24003058178179223)": 1.0, "(0.24003058178179223, 0.24328840766079998)": 0.9998621132201151, "(0.24328840766079998, 0.2863472974654721)": 0.9978858585800948, "(0.2863472974654721, 0.36639752043010154)": 0.9978771074894511, "(0.36639752043010154, 0.7635338998306066)": 0.9977991884038832, "(0.7635338998306066, 0.7808173919059027)": 0.9977051841506599, "(0.7808173919059027, 0.8033167322369347)": 0.9969590993790183, "(0.8033167322369347, 0.9735204637259945)": 0.9957972293045619, "(0.9735204637259945, 0.9736619392822661)": 0.9928936259002107, "(0.9736619392822661, 1.0)": 0.0035667175420334846}, "pct": 0.9977991884038832, "best_return": 9.493531761490843}, "rel_minmax": {"trend": "rel_minmax", "time_param": 76, "q_params": {"(0.0, 0.05992812477339067)": 1.0, "(0.05992812477339067, 0.21500746769349594)": 0.9999977008427763, "(0.21500746769349594, 0.34529845070756565)": 0.9999800174410395, "(0.34529845070756565, 0.36456671624852444)": 0.9972537922350753, "(0.36456671624852444, 0.45082210458126576)": 0.9972409566469622, "(0.45082210458126576, 0.7146690964623534)": 0.9970785302928122, "(0.7146690964623534, 0.7219222760354475)": 0.996035711821442, "(0.7219222760354475, 0.8219602062401362)": 0.9916787157591375, "(0.8219602062401362, 0.9566632470819466)": 0.991172618844197, "(0.9566632470819466, 1.0)": 0.9910359161258742}, "pct": 0.9916787157591375, "best_return": 6.871615733693612}, "ew_rel_minmax": {"trend": "ew_rel_minmax", "time_param": 76, "q_params": {"(0, 0.359197184866334)": 1.0, "(0.359197184866334, 0.3693792189227504)": 0.9991566664396085, "(0.3693792189227504, 0.37106339388623627)": 0.9982903535841376, "(0.37106339388623627, 0.37147717392738355)": 0.9974242169540549, "(0.37147717392738355, 0.6845466836398327)": 0.9974238097681521, "(0.6845466836398327, 0.7784892417207531)": 0.9973742046806686, "(0.7784892417207531, 0.7831003263994795)": 0.9969058797441892, "(0.7831003263994795, 0.7850283917953725)": 0.9919112234020496, "(0.7850283917953725, 0.9802045479405682)": 0.9910433751813978, "(0.9802045479405682, 1.0)": 0.9910359161258742}, "pct": 0.9973742046806686, "best_return": 6.877415802423399}}