{"ma": {"trend": "ma", "time_param": 76, "q_params": {"(0, 0.12954946059637473)": 0.9999595272620098, "(0.12954946059637473, 0.3531986424452079)": 0.9997313451250026, "(0.3531986424452079, 0.37344784676257425)": 0.9988551447490853, "(0.37344784676257425, 0.38976500193476493)": 0.9981720121179167, "(0.38976500193476493, 0.4279577400886326)": 0.9977884359299047, "(0.4279577400886326, 0.5588643861546723)": 0.9976997780758263, "(0.5588643861546723, 0.8681064487073591)": 0.9974448185068797, "(0.8681064487073591, 0.8971709695190245)": 0.9970590921631759, "(0.8971709695190245, 0.9602565548099118)": 0.9948715066446533, "(0.9602565548099118, 1.0)": 0.5215841084995553}, "pct": 0.9997313451250026, "best_return": 6.859506755432765}, "ew_ma": {"trend": "ew_ma", "time_param": 76, "q_params": {"(0.0, 0.029820441004859758)": 0.9999325534430418, "(0.029820441004859758, 0.24323254965481017)": 0.9998621132201151, "(0.24323254965481017, 0.2724298832022902)": 0.9980497124468314, "(0.2724298832022902, 0.3748305583390976)": 0.9978817609375175, "(0.3748305583390976, 0.7721790829820414)": 0.9978167425930249, "(0.7721790829820414, 0.8031340790103008)": 0.9977567395458994, "(0.8031340790103008, 0.8232224449204273)": 0.9970540085522803, "(0.8232224449204273, 0.8828502439996155)": 0.995183186374287, "(0.8828502439996155, 0.9325864007209961)": 0.9928936259002107, "(0.9325864007209961, 1.0)": 0.5544622258043951}, "pct": 1, "best_return": 6.452645769437369}, "rel_minmax": {"trend": "rel_minmax", "time_param": 76, "q_params": {"(0, 0.053227037993072795)": 0.9999991814175824, "(0.053227037993072795, 0.2062130863348873)": 0.9997351706508472, "(0.2062130863348873, 0.27813119995542857)": 0.9995484560848475, "(0.27813119995542857, 0.3421000264033579)": 0.9995156671732326, "(0.3421000264033579, 0.5929787157324146)": 0.9995072214332897, "(0.5929787157324146, 0.604466310128524)": 0.9971016749972194, "(0.604466310128524, 0.6899431073846187)": 0.9959534215247273, "(0.6899431073846187, 0.9009554161122102)": 0.9953203744853277, "(0.9009554161122102, 0.9535543748873504)": 0.9919818505041414, "(0.9535543748873504, 1.0)": 0.9910359161258742}, "pct": 0.9953203744853277, "best_return": 6.516590565353273}, "ew_rel_minmax": {"trend": "ew_rel_minmax", "time_param": 76, "q_params": {"(0.0, 0.3286323999298873)": 0.9996592622629012, "(0.3286323999298873, 0.38173525651977375)": 0.9991566664396085, "(0.38173525651977375, 0.39491164110174093)": 0.9987361636138836, "(0.39491164110174093, 0.5121518768214447)": 0.9982081746685905, "(0.5121518768214447, 0.7240137942455537)": 0.9976952332371718, "(0.7240137942455537, 0.7302241592313736)": 0.9958188890605958, "(0.7302241592313736, 0.7902782892471816)": 0.9957569000957247, "(0.7902782892471816, 0.7915477474863614)": 0.993613610982053, "(0.7915477474863614, 0.9540574548169992)": 0.985387305258352, "(0.9540574548169992, 1.0)": 0.1727243999782589}, "pct": 1, "best_return": 6.452645769437369}}