{"ma": {"trend": "ma", "time_param": 76, "q_params": {"(0, 0.13259663344451075)": 0.9999983118861612, "(0.13259663344451075, 0.28015807684794974)": 0.9999933432740566, "(0.28015807684794974, 0.36990396349254934)": 0.9978077256143868, "(0.36990396349254934, 0.40239104724685576)": 0.9966110906334994, "(0.40239104724685576, 0.4447772316326392)": 0.9960059514404914, "(0.4447772316326392, 0.8290617884433886)": 0.9958090130484888, "(0.8290617884433886, 0.8324670809890478)": 0.995607325255721, "(0.8324670809890478, 0.9178915121425082)": 0.9941446892204392, "(0.9178915121425082, 0.9562395060129049)": 0.9926314461461311, "(0.9562395060129049, 1.0)": 0.012179839588637397}, "pct": 0.9941446892204392, "best_return": 8.937577465517569}, "ew_ma": {"trend": "ew_ma", "time_param": 76, "q_params": {"(0.0, 0.029820441004859758)": 0.9999325534430418, "(0.029820441004859758, 0.24531963475474175)": 0.9998621132201151, "(0.24531963475474175, 0.2651483465294671)": 0.9980497124468314, "(0.2651483465294671, 0.3748305583390976)": 0.9978817609375175, "(0.3748305583390976, 0.7721790829820414)": 0.9977940022824409, "(0.7721790829820414, 0.8031340790103008)": 0.9977567395458994, "(0.8031340790103008, 0.8232224449204273)": 0.9959978350463276, "(0.8232224449204273, 0.8870810828971092)": 0.9957972293045619, "(0.8870810828971092, 0.9383353740859857)": 0.9928936259002107, "(0.9383353740859857, 1.0)": 0.5346935511377001}, "pct": 1, "best_return": 8.067912252126275}, "rel_minmax": {"trend": "rel_minmax", "time_param": 76, "q_params": {"(0, 0.053227037993072795)": 0.9999991814175824, "(0.053227037993072795, 0.21880566594022588)": 0.9995945479501287, "(0.21880566594022588, 0.28178932742426244)": 0.9995484560848475, "(0.28178932742426244, 0.3761720626548559)": 0.9995156671732326, "(0.3761720626548559, 0.44313382657117667)": 0.9992369774094788, "(0.44313382657117667, 0.6949914957415612)": 0.9971016749972194, "(0.6949914957415612, 0.705220101621572)": 0.9967706667208329, "(0.705220101621572, 0.8383503145034975)": 0.9953203744853277, "(0.8383503145034975, 0.9535543748873504)": 0.9913580308967838, "(0.9535543748873504, 1.0)": 0.9910359161258742}, "pct": 0.9953203744853277, "best_return": 8.149025850218473}, "ew_rel_minmax": {"trend": "ew_rel_minmax", "time_param": 76, "q_params": {"(0, 0.3382596639592077)": 0.9996592622629012, "(0.3382596639592077, 0.38173525651977375)": 0.9991566664396085, "(0.38173525651977375, 0.39491164110174093)": 0.9983728738337116, "(0.39491164110174093, 0.5175028892211605)": 0.9982081746685905, "(0.5175028892211605, 0.7158959125689677)": 0.9976952332371718, "(0.7158959125689677, 0.7502490081853369)": 0.9958188890605958, "(0.7502490081853369, 0.7823985671848177)": 0.9957569000957247, "(0.7823985671848177, 0.7915477474863614)": 0.993613610982053, "(0.7915477474863614, 0.9540574548169992)": 0.9915305564704012, "(0.9540574548169992, 1.0)": 0.9490444471495367}, "pct": 0.9976952332371718, "best_return": 8.107061657061957}}