{"ma": {"trend": "ma", "time_param": 76, "q_params": {"(0.0, 0.1172806884549521)": 1.0, "(0.1172806884549521, 0.29646978564704196)": 0.9999854073081149, "(0.29646978564704196, 0.35535712534630876)": 0.9997202904120406, "(0.35535712534630876, 0.3752591099162213)": 0.9968604961738201, "(0.3752591099162213, 0.44385385873805566)": 0.9955488801219862, "(0.44385385873805566, 0.8299572537115919)": 0.9955455993160661, "(0.8299572537115919, 0.8758117238231988)": 0.9955345308024106, "(0.8758117238231988, 0.9447501086815905)": 0.9955184260105077, "(0.9447501086815905, 0.9562395060129049)": 0.9926314461461311, "(0.9562395060129049, 1.0)": 0.004343528625448005}, "pct": 0.9955184260105077, "best_return": 8.395271139724699}, "ew_ma": {"trend": "ew_ma", "time_param": 76, "q_params": {"(0, 0.23587483329217324)": 1.0, "(0.23587483329217324, 0.24328840766079998)": 0.9998621132201151, "(0.24328840766079998, 0.2651483465294671)": 0.9978858585800948, "(0.2651483465294671, 0.36639752043010154)": 0.9978840437520102, "(0.36639752043010154, 0.7635338998306066)": 0.9978677335107041, "(0.7635338998306066, 0.7808173919059027)": 0.9977076279797129, "(0.7808173919059027, 0.8033167322369347)": 0.9975378432168888, "(0.8033167322369347, 0.9735204637259945)": 0.9957972293045619, "(0.9735204637259945, 0.9736619392822661)": 0.9928936259002107, "(0.9736619392822661, 1.0)": 0.0035667175420334846}, "pct": 0.9977076279797129, "best_return": 10.569580607441642}, "rel_minmax": {"trend": "rel_minmax", "time_param": 76, "q_params": {"(0, 0.05992812477339067)": 1.0, "(0.05992812477339067, 0.20965800815423488)": 0.9999987020150924, "(0.20965800815423488, 0.34529845070756565)": 0.9999800174410395, "(0.34529845070756565, 0.3595105809728339)": 0.9972537922350753, "(0.3595105809728339, 0.45082210458126576)": 0.9971816042209464, "(0.45082210458126576, 0.6949914957415612)": 0.9970785302928122, "(0.6949914957415612, 0.7296100146051238)": 0.995510116764444, "(0.7296100146051238, 0.8219602062401362)": 0.9953200815986135, "(0.8219602062401362, 0.9467283284615284)": 0.991172618844197, "(0.9467283284615284, 1.0)": 0.9910359161258742}, "pct": 0.9953200815986135, "best_return": 7.638362187012035}, "ew_rel_minmax": {"trend": "ew_rel_minmax", "time_param": 76, "q_params": {"(0, 0.3551460597299938)": 1.0, "(0.3551460597299938, 0.3693792189227504)": 0.9991566664396085, "(0.3693792189227504, 0.37106339388623627)": 0.9982903535841376, "(0.37106339388623627, 0.5222706686464037)": 0.9979844090103384, "(0.5222706686464037, 0.6897919264894179)": 0.9974238097681521, "(0.6897919264894179, 0.7784892417207531)": 0.9973742046806686, "(0.7784892417207531, 0.7831003263994795)": 0.9969058797441892, "(0.7831003263994795, 0.7850283917953725)": 0.9919112234020496, "(0.7850283917953725, 0.9601164629995994)": 0.9910399498868316, "(0.9601164629995994, 1.0)": 0.9910359161258742}, "pct": 0.9973742046806686, "best_return": 7.655981655071908}}