{"ma": {"trend": "ma", "time_param": 76, "q_params": {"(0, 0.14866015459419224)": 0.9999776834549233, "(0.14866015459419224, 0.32889889712407283)": 0.9997313451250026, "(0.32889889712407283, 0.3784206920211778)": 0.9996453123666965, "(0.3784206920211778, 0.38976500193476493)": 0.9981720121179167, "(0.38976500193476493, 0.39190382920852823)": 0.9977197600141925, "(0.39190382920852823, 0.5588643861546723)": 0.9976997780758263, "(0.5588643861546723, 0.8681064487073591)": 0.9976841127749736, "(0.8681064487073591, 0.8944539359573412)": 0.9956484761173919, "(0.8944539359573412, 0.9602565548099118)": 0.9948715066446533, "(0.9602565548099118, 1.0)": 0.279857703601715}, "pct": 0.9999776834549233, "best_return": 5.475161679829661}, "ew_ma": {"trend": "ew_ma", "time_param": 76, "q_params": {"(0, 0.029820441004859758)": 0.9999325534430418, "(0.029820441004859758, 0.24323254965481017)": 0.9998777257086889, "(0.24323254965481017, 0.2724298832022902)": 0.9980497124468314, "(0.2724298832022902, 0.3748305583390976)": 0.9978817374282911, "(0.3748305583390976, 0.7822549356412285)": 0.9978199570979739, "(0.7822549356412285, 0.8031340790103008)": 0.9970591219695356, "(0.8031340790103008, 0.8232224449204273)": 0.9935263799686074, "(0.8232224449204273, 0.8358149087809027)": 0.9929509033859572, "(0.8358149087809027, 0.9947478332522707)": 0.9928936259002107, "(0.9947478332522707, 1.0)": 0.600465737787822}, "pct": 0.9998777257086889, "best_return": 5.8461353923405515}, "rel_minmax": {"trend": "rel_minmax", "time_param": 76, "q_params": {"(0.0, 0.053227037993072795)": 0.9999991814175824, "(0.053227037993072795, 0.2834995012830609)": 0.9999379143745859, "(0.2834995012830609, 0.35703258148820344)": 0.9995971339669849, "(0.35703258148820344, 0.40763630533856593)": 0.9995337731223628, "(0.40763630533856593, 0.46447244859508985)": 0.9995072214332897, "(0.46447244859508985, 0.6250312258646514)": 0.9977164190886975, "(0.6250312258646514, 0.6899431073846187)": 0.9958332414360018, "(0.6899431073846187, 0.8349761019677268)": 0.99539972415153, "(0.8349761019677268, 0.9535543748873504)": 0.9952596218554784, "(0.9535543748873504, 1.0)": 0.5237113980802782}, "pct": 0.5237113980802782, "best_return": 5.459248601901098}, "ew_rel_minmax": {"trend": "ew_rel_minmax", "time_param": 76, "q_params": {"(0, 0.3286323999298873)": 0.9996592622629012, "(0.3286323999298873, 0.47303383252449793)": 0.999079110234501, "(0.47303383252449793, 0.4888996966151474)": 0.9984787462541073, "(0.4888996966151474, 0.5121518768214447)": 0.9982081746685905, "(0.5121518768214447, 0.7240137942455537)": 0.996483034655024, "(0.7240137942455537, 0.7302241592313736)": 0.9958188890605958, "(0.7302241592313736, 0.7578344355469863)": 0.9943261072395289, "(0.7578344355469863, 0.7915477474863614)": 0.9656520253515543, "(0.7915477474863614, 0.9540574548169992)": 0.9467141548866952, "(0.9540574548169992, 1.0)": 0.10610305076873569}, "pct": 0.10610305076873569, "best_return": 5.4720319547503635}}