{"ma": {"trend": "ma", "time_param": 76, "q_params": {"(0, 0.1172806884549521)": 1.0, "(0.1172806884549521, 0.3231081418806505)": 0.9999804847760951, "(0.3231081418806505, 0.36079479415603566)": 0.9997202904120406, "(0.36079479415603566, 0.3639531420859845)": 0.9992607134224892, "(0.3639531420859845, 0.45549748483134367)": 0.9955488801219862, "(0.45549748483134367, 0.8288827713490661)": 0.9955381516528915, "(0.8288827713490661, 0.8349960831733291)": 0.9950308146571265, "(0.8349960831733291, 0.9447501086815905)": 0.994987645892004, "(0.9447501086815905, 0.9562395060129049)": 0.9926314461461311, "(0.9562395060129049, 1.0)": 0.016441380596970673}, "pct": 0.994987645892004, "best_return": 7.78927084007146}, "ew_ma": {"trend": "ew_ma", "time_param": 76, "q_params": {"(0.0, 0.24003058178179223)": 1.0, "(0.24003058178179223, 0.24328840766079998)": 0.9998621132201151, "(0.24328840766079998, 0.2863472974654721)": 0.9978858585800948, "(0.2863472974654721, 0.36639752043010154)": 0.9978771074894511, "(0.36639752043010154, 0.7598065162206313)": 0.9977991884038832, "(0.7598065162206313, 0.7808173919059027)": 0.9973177470369732, "(0.7808173919059027, 0.8033167322369347)": 0.9958453394227754, "(0.8033167322369347, 0.9625545808807401)": 0.9957972293045619, "(0.9625545808807401, 0.9702389134231285)": 0.9928936259002107, "(0.9702389134231285, 1.0)": 0.0035667175420334846}, "pct": 0.9977991884038832, "best_return": 9.181593853330604}, "rel_minmax": {"trend": "rel_minmax", "time_param": 76, "q_params": {"(0, 0.05992812477339067)": 1.0, "(0.05992812477339067, 0.21975553996200162)": 0.999996696579439, "(0.21975553996200162, 0.34529845070756565)": 0.9999800174410395, "(0.34529845070756565, 0.3725670298080365)": 0.9972537922350753, "(0.3725670298080365, 0.45082210458126576)": 0.9971915306776208, "(0.45082210458126576, 0.6842968090100738)": 0.9970785302928122, "(0.6842968090100738, 0.7246342104495986)": 0.99674217630579, "(0.7246342104495986, 0.8219602062401362)": 0.9916244297314303, "(0.8219602062401362, 0.9566632470819466)": 0.991241536006753, "(0.9566632470819466, 1.0)": 0.9910359161258742}, "pct": 0.9916244297314303, "best_return": 6.66910072252482}, "ew_rel_minmax": {"trend": "ew_rel_minmax", "time_param": 76, "q_params": {"(0, 0.3655912659902601)": 1.0, "(0.3655912659902601, 0.3661187448184068)": 0.998403827844901, "(0.3661187448184068, 0.37106339388623627)": 0.9974280987160956, "(0.37106339388623627, 0.37147717392738355)": 0.9974242169540549, "(0.37147717392738355, 0.6906138090999495)": 0.9974238097681521, "(0.6906138090999495, 0.7784892417207531)": 0.9973742046806686, "(0.7784892417207531, 0.780257830369282)": 0.9969058797441892, "(0.780257830369282, 0.7850283917953725)": 0.9919112234020496, "(0.7850283917953725, 0.9802045479405682)": 0.9910795659017354, "(0.9802045479405682, 1.0)": 0.9910359161258742}, "pct": 0.9973742046806686, "best_return": 6.675411467789591}}