{"ma": {"trend": "ma", "time_param": 76, "q_params": {"(0, 0.13259663344451075)": 0.9999983118861612, "(0.13259663344451075, 0.28015807684794974)": 0.9999854073081149, "(0.28015807684794974, 0.36926861585950294)": 0.999000588326016, "(0.36926861585950294, 0.3752591099162213)": 0.9968854875323573, "(0.3752591099162213, 0.44385385873805566)": 0.995875457802425, "(0.44385385873805566, 0.8299572537115919)": 0.9957919059986216, "(0.8299572537115919, 0.8857073564540973)": 0.995607325255721, "(0.8857073564540973, 0.935272036752184)": 0.995387681625986, "(0.935272036752184, 0.9562395060129049)": 0.9926314461461311, "(0.9562395060129049, 1.0)": 0.012179839588637397}, "pct": 0.9957919059986216, "best_return": 8.498896887110664}, "ew_ma": {"trend": "ew_ma", "time_param": 76, "q_params": {"(0, 0.029820441004859758)": 0.9999325534430418, "(0.029820441004859758, 0.24531963475474175)": 0.9998621132201151, "(0.24531963475474175, 0.2651483465294671)": 0.9980497124468314, "(0.2651483465294671, 0.3748305583390976)": 0.9978817609375175, "(0.3748305583390976, 0.7721790829820414)": 0.9977940022824409, "(0.7721790829820414, 0.8031340790103008)": 0.9977567395458994, "(0.8031340790103008, 0.8232224449204273)": 0.9959978350463276, "(0.8232224449204273, 0.8870810828971092)": 0.9957972293045619, "(0.8870810828971092, 0.9383353740859857)": 0.9928936259002107, "(0.9383353740859857, 1.0)": 0.5346935511377001}, "pct": 0.9977940022824409, "best_return": 7.504714163145193}, "rel_minmax": {"trend": "rel_minmax", "time_param": 76, "q_params": {"(0, 0.05992812477339067)": 0.9999991814175824, "(0.05992812477339067, 0.20333925757821017)": 0.9999987020150924, "(0.20333925757821017, 0.3476519753656192)": 0.9994336566730957, "(0.3476519753656192, 0.3595105809728339)": 0.999210893213824, "(0.3595105809728339, 0.44313382657117667)": 0.9987044520023298, "(0.44313382657117667, 0.6949914957415612)": 0.9970785302928122, "(0.6949914957415612, 0.7187575147097982)": 0.995510116764444, "(0.7187575147097982, 0.8258482210778879)": 0.9953203744853277, "(0.8258482210778879, 0.964474825588394)": 0.9927737141199053, "(0.964474825588394, 1.0)": 0.9910359161258742}, "pct": 0.9953203744853277, "best_return": 7.744977520354762}, "ew_rel_minmax": {"trend": "ew_rel_minmax", "time_param": 76, "q_params": {"(0, 0.33047035988964674)": 1.0, "(0.33047035988964674, 0.3693792189227504)": 0.9991566664396085, "(0.3693792189227504, 0.3897067699883425)": 0.9983728738337116, "(0.3897067699883425, 0.5175028892211605)": 0.9981366459279242, "(0.5175028892211605, 0.7197912600076399)": 0.9976952332371718, "(0.7197912600076399, 0.7368832112260376)": 0.9971089275527939, "(0.7368832112260376, 0.7831003263994795)": 0.9969058797441892, "(0.7831003263994795, 0.7850283917953725)": 0.9966679591544806, "(0.7850283917953725, 0.9540574548169992)": 0.9910399498868316, "(0.9540574548169992, 1.0)": 0.9910359161258742}, "pct": 0.9971089275527939, "best_return": 7.7589814919095454}}