{"ma": {"trend": "ma", "time_param": 76, "q_params": {"(0, 0.1172806884549521)": 1.0, "(0.1172806884549521, 0.3231081418806505)": 0.9999804847760951, "(0.3231081418806505, 0.36079479415603566)": 0.9994338705431532, "(0.36079479415603566, 0.36257102532319274)": 0.9982694369436228, "(0.36257102532319274, 0.4735988866982388)": 0.9955488801219862, "(0.4735988866982388, 0.8288827713490661)": 0.9955381516528915, "(0.8288827713490661, 0.8440885660802977)": 0.9950308146571265, "(0.8440885660802977, 0.9447501086815905)": 0.994987645892004, "(0.9447501086815905, 0.9562395060129049)": 0.9926314461461311, "(0.9562395060129049, 1.0)": 0.050616020942748176}, "pct": 0.994987645892004, "best_return": 7.265606637433891}, "ew_ma": {"trend": "ew_ma", "time_param": 76, "q_params": {"(0, 0.24003058178179223)": 1.0, "(0.24003058178179223, 0.2401864753907439)": 0.999847481099736, "(0.2401864753907439, 0.2863472974654721)": 0.9978858585800948, "(0.2863472974654721, 0.36639752043010154)": 0.9978771074894511, "(0.36639752043010154, 0.7504129721496464)": 0.9977507897197458, "(0.7504129721496464, 0.7808173919059027)": 0.9971021581306265, "(0.7808173919059027, 0.8033167322369347)": 0.996642481992372, "(0.8033167322369347, 0.9625545808807401)": 0.9957972293045619, "(0.9625545808807401, 0.9702389134231285)": 0.9928936259002107, "(0.9702389134231285, 1.0)": 0.0035667175420334846}, "pct": 0.9977507897197458, "best_return": 8.600881937719935}, "rel_minmax": {"trend": "rel_minmax", "time_param": 76, "q_params": {"(0, 0.05992812477339067)": 1.0, "(0.05992812477339067, 0.21975553996200162)": 0.9999908815598696, "(0.21975553996200162, 0.34322621892707555)": 0.9999800174410395, "(0.34322621892707555, 0.43320560492906657)": 0.9972537922350753, "(0.43320560492906657, 0.45082210458126576)": 0.9969841290738924, "(0.45082210458126576, 0.6893920006316139)": 0.9968234213627241, "(0.6893920006316139, 0.7246342104495986)": 0.9960949249698698, "(0.7246342104495986, 0.8403274503131034)": 0.9916244297314303, "(0.8403274503131034, 0.9566632470819466)": 0.9914943201505615, "(0.9566632470819466, 1.0)": 0.9910359161258742}, "pct": 0.9916244297314303, "best_return": 6.24648852300204}, "ew_rel_minmax": {"trend": "ew_rel_minmax", "time_param": 76, "q_params": {"(0, 0.3655912659902601)": 1.0, "(0.3655912659902601, 0.3707084844958666)": 0.9999756966757564, "(0.3707084844958666, 0.37106339388623627)": 0.9975895267054226, "(0.37106339388623627, 0.37147717392738355)": 0.9974242169540549, "(0.37147717392738355, 0.6918614181378914)": 0.9974147468947171, "(0.6918614181378914, 0.7718745067567503)": 0.9973742046806686, "(0.7718745067567503, 0.7721298627735285)": 0.9969058797441892, "(0.7721298627735285, 0.789843735989835)": 0.9914867618581389, "(0.789843735989835, 0.9802045479405682)": 0.9910795659017354, "(0.9802045479405682, 1.0)": 0.9910359161258742}, "pct": 0.9973742046806686, "best_return": 6.254841616463045}}