{"ma": {"time_param": 275, "trend": "ma", "q_params": {"(0, 0.2394128528470158)": 0.9736300306456364, "(0.2394128528470158, 0.3989973778431496)": 0.9588826619116999, "(0.3989973778431496, 0.4156176132742815)": 0.5860506595515419, "(0.4156176132742815, 0.5507928507351338)": 0.540951362810003, "(0.5507928507351338, 0.6534882318824259)": 0.4323966524870878, "(0.6534882318824259, 0.770759225524922)": 0.3207036454422496, "(0.770759225524922, 0.9090396264601648)": 0.28626437916063413, "(0.9090396264601648, 0.9499099353194892)": 0.22508500690908395, "(0.9499099353194892, 0.9768837755692852)": 0.17444376414297047, "(0.9768837755692852, 1)": 0.09304115819877462}, "pct": 0.540951362810003, "best_return": 2.013208350927701}, "ew_ma": {"time_param": 151, "trend": "ew_ma", "q_params": {"(0, 0.057743933566658745)": 0.9300320461894639, "(0.057743933566658745, 0.09266610935298591)": 0.7239573951554535, "(0.09266610935298591, 0.14191698687875848)": 0.6707370442021309, "(0.14191698687875848, 0.15120714578012184)": 0.5546115884744793, "(0.15120714578012184, 0.2899908905220418)": 0.5321332733937407, "(0.2899908905220418, 0.35014292662067786)": 0.4425805865648842, "(0.35014292662067786, 0.6323150567547794)": 0.3375150742515975, "(0.6323150567547794, 0.7020815141205997)": 0.14442159391309473, "(0.7020815141205997, 0.7413315168521912)": 0.11377259460418776, "(0.7413315168521912, 1)": 0.10285827404188107}, "pct": 0.14442159391309473, "best_return": 2.1953480257879567}, "rel_minmax": {"time_param": 272, "trend": "rel_minmax", "q_params": {"(0, 0.2071453468468143)": 0.8436525756398294, "(0.2071453468468143, 0.3535781268914949)": 0.7907761269516089, "(0.3535781268914949, 0.4163001293520533)": 0.570160749743312, "(0.4163001293520533, 0.4299597238706575)": 0.5675067455428101, "(0.4299597238706575, 0.4834986384281241)": 0.5433655692859979, "(0.4834986384281241, 0.7254379780429945)": 0.500539946302104, "(0.7254379780429945, 0.7755207601787236)": 0.39408406766556436, "(0.7755207601787236, 0.8659994087820709)": 0.3342900778799406, "(0.8659994087820709, 0.9603693441037202)": 0.1795454378239203, "(0.9603693441037202, 1)": 0.09255407733223249}, "pct": 0.09255407733223249, "best_return": 2.8223740439045715}, "ew_rel_minmax": {"time_param": 162, "trend": "ew_rel_minmax", "q_params": {"(0, 0.16136405898583805)": 0.9886934922848667, "(0.16136405898583805, 0.19612420201307065)": 0.9849693565609003, "(0.19612420201307065, 0.3764895067044205)": 0.8224096660843836, "(0.3764895067044205, 0.6001667886482152)": 0.7257694790458267, "(0.6001667886482152, 0.6452005208040756)": 0.47734153690891984, "(0.6452005208040756, 0.7633735600544349)": 0.3969329929831991, "(0.7633735600544349, 0.8063539845325247)": 0.3261789633848716, "(0.8063539845325247, 0.8905518968256236)": 0.12843251303798586, "(0.8905518968256236, 0.9276905305673294)": 0.062376982018297326, "(0.9276905305673294, 1)": 0.05134772279053603}, "pct": 0.05134772279053603, "best_return": 2.749820035463429}}