{"ma": {"time_param": 228, "trend": "ma", "q_params": {"(0, 0.047771848657057976)": 0.9977098457972722, "(0.047771848657057976, 0.08521020035048175)": 0.9949992492746433, "(0.08521020035048175, 0.10159238957990784)": 0.5066648908097149, "(0.10159238957990784, 0.11106304630657021)": 0.5037509422779421, "(0.11106304630657021, 0.3320847501258862)": 0.503683029883955, "(0.3320847501258862, 0.46071186801117175)": 0.503396740241289, "(0.46071186801117175, 0.6538621173537789)": 0.49680191730295586, "(0.6538621173537789, 0.9943924764570158)": 0.2441366784989394, "(0.9943924764570158, 0.9964308388843452)": 0.23701400982877358, "(0.9964308388843452, 1.0)": 0.0023529513239186088}, "pct": 0.49680191730295586, "best_return": 4.192897755442254}, "ew_ma": {"time_param": 225, "trend": "ew_ma", "q_params": {"(0, 0.12967814110026163)": 0.998411816396082, "(0.12967814110026163, 0.30798715083058953)": 0.9678394966136105, "(0.30798715083058953, 0.35532255841002464)": 0.9656747448086338, "(0.35532255841002464, 0.42211836572703054)": 0.9225676072761507, "(0.42211836572703054, 0.4305352986817028)": 0.6652385683497316, "(0.4305352986817028, 0.47260482166385964)": 0.31072060716122724, "(0.47260482166385964, 0.5743259039101686)": 0.3089449244428227, "(0.5743259039101686, 0.642394250506349)": 0.2998249564766075, "(0.642394250506349, 0.9950308682769319)": 0.029683378074907812, "(0.9950308682769319, 1.0)": 0.0031142565360561883}, "pct": 0.029683378074907812, "best_return": 4.538983925826785}, "rel_minmax": {"time_param": 129, "trend": "rel_minmax", "q_params": {"(0, 0.20106666502941303)": 0.9989637013479548, "(0.20106666502941303, 0.48629263462915556)": 0.9956017221122733, "(0.48629263462915556, 0.5020724434416931)": 0.9295355241634621, "(0.5020724434416931, 0.6940380600824739)": 0.8259020665373709, "(0.6940380600824739, 0.7093240321198411)": 0.37088296570699053, "(0.7093240321198411, 0.8061032767690286)": 0.31413760712634187, "(0.8061032767690286, 0.9094748870463365)": 0.3109274774203917, "(0.9094748870463365, 0.9170042439656085)": 0.12063023537664722, "(0.9170042439656085, 0.9912712308268744)": 0.005057133426511795, "(0.9912712308268744, 1.0)": 9.93263445370429e-05}, "pct": 0.005057133426511795, "best_return": 5.666396573251061}, "ew_rel_minmax": {"time_param": 44, "trend": "ew_rel_minmax", "q_params": {"(0, 0.33211012082765634)": 0.9998858167637423, "(0.33211012082765634, 0.44403694548571115)": 0.8571739103318824, "(0.44403694548571115, 0.47660386193593657)": 0.8558972251685452, "(0.47660386193593657, 0.4831914691967106)": 0.8436061633339054, "(0.4831914691967106, 0.6280701999398133)": 0.8435251652887309, "(0.6280701999398133, 0.6285325413959373)": 0.5480968516401764, "(0.6285325413959373, 0.6363959977418779)": 0.18867233810153336, "(0.6363959977418779, 0.746439047582431)": 0.05470843709916863, "(0.746439047582431, 0.7575024339857773)": 0.03379724438715365, "(0.7575024339857773, 1.0)": 0.00024120819618684398}, "pct": 0.05470843709916863, "best_return": 6.991293763842531}}