{"ma": {"time_param": 265, "trend": "ma", "q_params": {"(0, 0.1684837568105909)": 0.9950524561587191, "(0.1684837568105909, 0.24457959064148935)": 0.9214352266754916, "(0.24457959064148935, 0.29214461163313943)": 0.9206467109340217, "(0.29214461163313943, 0.4812212730378216)": 0.8802893615074963, "(0.4812212730378216, 0.5081073062738222)": 0.8682097313678552, "(0.5081073062738222, 0.5991066079569564)": 0.8319809572626, "(0.5991066079569564, 0.6040984949305497)": 0.5222237258996942, "(0.6040984949305497, 0.6485777143897691)": 0.46086723912281347, "(0.6485777143897691, 0.8801351514515566)": 0.3787650500656455, "(0.8801351514515566, 1)": 0.33491374578004157}, "pct": 0.33491374578004157, "best_return": 3.0108736533595146}, "ew_ma": {"time_param": 176, "trend": "ew_ma", "q_params": {"(0, 0.20654483957729874)": 0.9168675119171176, "(0.20654483957729874, 0.31808257429456976)": 0.8562044516785094, "(0.31808257429456976, 0.4367519623427353)": 0.7508751578565714, "(0.4367519623427353, 0.4485511130230758)": 0.7115135231853883, "(0.4485511130230758, 0.47368663999396377)": 0.693434260450211, "(0.47368663999396377, 0.7164055357381013)": 0.5905783818386009, "(0.7164055357381013, 0.7453634288388156)": 0.510417418809763, "(0.7453634288388156, 0.7464293043609722)": 0.3141727209584833, "(0.7464293043609722, 0.8286539466232755)": 0.23009119690811042, "(0.8286539466232755, 1)": 0.08535179181766629}, "pct": 0.08535179181766629, "best_return": 2.9641255935232937}, "rel_minmax": {"time_param": 46, "trend": "rel_minmax", "q_params": {"(0, 0.018256519504942594)": 0.9789269030919354, "(0.018256519504942594, 0.08011859467684376)": 0.965979346680674, "(0.08011859467684376, 0.3209948104749099)": 0.9461065934467477, "(0.3209948104749099, 0.4028285046569081)": 0.9171503633288377, "(0.4028285046569081, 0.5347876773337114)": 0.9107257265789679, "(0.5347876773337114, 0.6384443218578114)": 0.8986529862031047, "(0.6384443218578114, 0.7102267562547707)": 0.6140291535216196, "(0.7102267562547707, 0.7298607310856605)": 0.43634484387758254, "(0.7298607310856605, 0.9908931134189642)": 0.3834264727787815, "(0.9908931134189642, 1)": 0.06342585980364479}, "pct": 0.3834264727787815, "best_return": 5.274042666993781}, "ew_rel_minmax": {"time_param": 271, "trend": "ew_rel_minmax", "q_params": {"(0, 0.18160313530818994)": 0.9927455996280777, "(0.18160313530818994, 0.3411982976129392)": 0.4936648900051875, "(0.3411982976129392, 0.3573977047319546)": 0.4298757238855062, "(0.3573977047319546, 0.38802665308687245)": 0.2749927402603825, "(0.38802665308687245, 0.6540607667325685)": 0.25411523099408284, "(0.6540607667325685, 0.6975085789576021)": 0.1926431619414489, "(0.6975085789576021, 0.7343105273923272)": 0.17983737072321793, "(0.7343105273923272, 0.9033832556941465)": 0.1502646844720658, "(0.9033832556941465, 0.9906240333403413)": 0.08726037413342587, "(0.9906240333403413, 1)": 0.020525058980030805}, "pct": 0.020525058980030805, "best_return": 3.5133209983949807}}