{"ma": {"time_param": 171, "trend": "ma", "q_params": {"(0, 0.12861975440238485)": 0.8597804374662367, "(0.12861975440238485, 0.14752925892556645)": 0.7918111078869426, "(0.14752925892556645, 0.5772138433085523)": 0.7474002892992619, "(0.5772138433085523, 0.5984476894904905)": 0.7412182456821607, "(0.5984476894904905, 0.6983858763080034)": 0.5332325814113008, "(0.6983858763080034, 0.7560503865505335)": 0.4978332118750698, "(0.7560503865505335, 0.7820666004628055)": 0.2564897833772918, "(0.7820666004628055, 0.8897159103341408)": 0.22834318318218885, "(0.8897159103341408, 0.9301751257187473)": 0.18026448266244255, "(0.9301751257187473, 1)": 0.12196261186024517}, "pct": 0.8597804374662367, "best_return": 2.5843283724395314}, "ew_ma": {"time_param": 291, "trend": "ew_ma", "q_params": {"(0, 0.26338142951443166)": 0.8962010774117828, "(0.26338142951443166, 0.4345938730282445)": 0.6496428709906099, "(0.4345938730282445, 0.5154802832386731)": 0.6395905567469204, "(0.5154802832386731, 0.541464528049604)": 0.500630950238721, "(0.541464528049604, 0.6059273427518097)": 0.22361279507433596, "(0.6059273427518097, 0.6626617471608137)": 0.20621433172173165, "(0.6626617471608137, 0.9344372081079564)": 0.1343544838251466, "(0.9344372081079564, 0.9659434293646826)": 0.1026230213079028, "(0.9659434293646826, 0.9898222485063698)": 0.09102476961254424, "(0.9898222485063698, 1)": 0.02805996166278353}, "pct": 0.8962010774117828, "best_return": 2.717872472455518}, "rel_minmax": {"time_param": 283, "trend": "rel_minmax", "q_params": {"(0, 0.10919614589821555)": 0.9892052274590153, "(0.10919614589821555, 0.17067781585311903)": 0.9621326568540217, "(0.17067781585311903, 0.5152575677853571)": 0.9484188943995557, "(0.5152575677853571, 0.5171230158433142)": 0.8438473882728067, "(0.5171230158433142, 0.5328183373023195)": 0.37869891419967894, "(0.5328183373023195, 0.7888840039734325)": 0.2713175466667384, "(0.7888840039734325, 0.8405205369448897)": 0.225498392972045, "(0.8405205369448897, 0.9134849929645331)": 0.15295178832935596, "(0.9134849929645331, 0.9189057183429643)": 0.020121534306575733, "(0.9189057183429643, 1.0)": 0.0025687840384885415}, "pct": 0.15295178832935596, "best_return": 5.951565491059538}, "ew_rel_minmax": {"time_param": 23, "trend": "ew_rel_minmax", "q_params": {"(0, 0.21854536980516573)": 0.8135649181440179, "(0.21854536980516573, 0.4186697166246365)": 0.8135553403325446, "(0.4186697166246365, 0.42564286558357217)": 0.5868537595256703, "(0.42564286558357217, 0.5880634796470424)": 0.49010012584590396, "(0.5880634796470424, 0.6633883808402223)": 0.48737785982041304, "(0.6633883808402223, 0.671275928150752)": 0.45672959798976936, "(0.671275928150752, 0.7791533459058678)": 0.28886683412176284, "(0.7791533459058678, 0.8230499188956898)": 0.22762243020608902, "(0.8230499188956898, 0.8381621075218467)": 0.1956074877342976, "(0.8381621075218467, 1.0)": 0.008172044182965688}, "pct": 0.28886683412176284, "best_return": 6.403769711269046}}