{"ma": {"time_param": 285, "trend": "ma", "q_params": {"(0, 0.032801888853973594)": 0.9778537819190117, "(0.032801888853973594, 0.2164730316275843)": 0.8768073561539702, "(0.2164730316275843, 0.2653845250235586)": 0.8090700103739406, "(0.2653845250235586, 0.6861218532679271)": 0.7315722790869477, "(0.6861218532679271, 0.7258926792489039)": 0.5498938476367228, "(0.7258926792489039, 0.9186370935536329)": 0.35438203192890194, "(0.9186370935536329, 0.9194429559388635)": 0.31727665520320025, "(0.9194429559388635, 0.9369209265130722)": 0.304429250013902, "(0.9369209265130722, 0.9973872669913205)": 0.23010105962194513, "(0.9973872669913205, 1)": 0.10532493737724073}, "pct": 0.8090700103739406, "best_return": 3.1508417746293436}, "ew_ma": {"time_param": 144, "trend": "ew_ma", "q_params": {"(0, 0.1601652064085503)": 0.9494434129319754, "(0.1601652064085503, 0.2705397637985263)": 0.8641081631515588, "(0.2705397637985263, 0.37256459398959574)": 0.646599463461531, "(0.37256459398959574, 0.5646704326502169)": 0.5886414889406971, "(0.5646704326502169, 0.8023123897558552)": 0.32374798096272756, "(0.8023123897558552, 0.8286352656776168)": 0.3086969430568195, "(0.8286352656776168, 0.8998472447513497)": 0.24575802454142814, "(0.8998472447513497, 0.967180354302545)": 0.21253903336038782, "(0.967180354302545, 0.9840939351064507)": 0.20782492948052023, "(0.9840939351064507, 1)": 0.01534930461180839}, "pct": 0.5886414889406971, "best_return": 2.9441097572427966}, "rel_minmax": {"time_param": 20, "trend": "rel_minmax", "q_params": {"(0, 0.28950388325456555)": 0.9968314085374951, "(0.28950388325456555, 0.3575507593142343)": 0.9897975992348851, "(0.3575507593142343, 0.6160796818266421)": 0.9324693260061079, "(0.6160796818266421, 0.6481111754716953)": 0.6773044581352471, "(0.6481111754716953, 0.6502111585658819)": 0.6268063005717693, "(0.6502111585658819, 0.6503683892849941)": 0.5124049961130479, "(0.6503683892849941, 0.8678513903408637)": 0.3729149621461212, "(0.8678513903408637, 0.8856245624576694)": 0.31532086948423904, "(0.8856245624576694, 0.9531714144757556)": 0.23597273632728455, "(0.9531714144757556, 1.0)": 0.11963586377188337}, "pct": 0.23597273632728455, "best_return": 7.368584909596982}, "ew_rel_minmax": {"time_param": 194, "trend": "ew_rel_minmax", "q_params": {"(0.0, 0.3646904938190114)": 0.9598264317396367, "(0.3646904938190114, 0.42599950576787093)": 0.821559010632994, "(0.42599950576787093, 0.43275276261399775)": 0.6730127333848877, "(0.43275276261399775, 0.480339876963847)": 0.5810076203507437, "(0.480339876963847, 0.6936423879452269)": 0.5176539036221323, "(0.6936423879452269, 0.729658639829975)": 0.45652509187302615, "(0.729658639829975, 0.7315891857293553)": 0.39454736619670683, "(0.7315891857293553, 0.8047299823364386)": 0.3093575794778383, "(0.8047299823364386, 0.9739063675954447)": 0.061420398821313005, "(0.9739063675954447, 1.0)": 0.018212648072899868}, "pct": 0.018212648072899868, "best_return": 6.220545773941289}}