{"ma": {"time_param": 209, "trend": "ma", "q_params": {"(0, 0.05169988011654114)": 0.9449382588396751, "(0.05169988011654114, 0.22706271628140517)": 0.848514299606826, "(0.22706271628140517, 0.3705484441811868)": 0.8430953300137664, "(0.3705484441811868, 0.37251419399406227)": 0.8279316563575368, "(0.37251419399406227, 0.5090181260888158)": 0.7718245292132916, "(0.5090181260888158, 0.586973651086486)": 0.6379230604385107, "(0.586973651086486, 0.7338929091001274)": 0.5458585353647408, "(0.7338929091001274, 0.8216412680756487)": 0.5039203612061091, "(0.8216412680756487, 0.95408783913444)": 0.29847947636699146, "(0.95408783913444, 1)": 0.25166363156156524}, "pct": 0.29847947636699146, "best_return": 2.6970859505592077}, "ew_ma": {"time_param": 240, "trend": "ew_ma", "q_params": {"(0, 0.09969683004818225)": 0.9938663155300113, "(0.09969683004818225, 0.21104900877801147)": 0.9624276263687543, "(0.21104900877801147, 0.4987479576643031)": 0.8453532983138269, "(0.4987479576643031, 0.5801574024762612)": 0.7087136376046396, "(0.5801574024762612, 0.7352240311021104)": 0.626982243427342, "(0.7352240311021104, 0.7583300678856784)": 0.6212610856852849, "(0.7583300678856784, 0.9443363555468538)": 0.5669701567624968, "(0.9443363555468538, 0.9586532756284053)": 0.20756172864529987, "(0.9586532756284053, 0.984624364473272)": 0.05621915988646864, "(0.984624364473272, 1)": 0.03531194858363218}, "pct": 0.20756172864529987, "best_return": 2.8726259369909526}, "rel_minmax": {"time_param": 213, "trend": "rel_minmax", "q_params": {"(0, 0.005236751093092995)": 0.9878492019225151, "(0.005236751093092995, 0.09064882362578666)": 0.9073405187636275, "(0.09064882362578666, 0.11462595935822441)": 0.7675284025400836, "(0.11462595935822441, 0.29068117613614797)": 0.7058466196105673, "(0.29068117613614797, 0.3507496961227994)": 0.6428036173206029, "(0.3507496961227994, 0.5785481077159866)": 0.5686010494182254, "(0.5785481077159866, 0.7463900739163524)": 0.46379822726833597, "(0.7463900739163524, 0.7920702217817935)": 0.34485968769803105, "(0.7920702217817935, 0.8195057168700872)": 0.2629483506315351, "(0.8195057168700872, 1)": 0.24405591184028808}, "pct": 0.24405591184028808, "best_return": 2.6554721794616976}, "ew_rel_minmax": {"time_param": 92, "trend": "ew_rel_minmax", "q_params": {"(0, 0.20785056810909)": 0.9052031807561505, "(0.20785056810909, 0.3686407992489083)": 0.7969765506953294, "(0.3686407992489083, 0.4397546200157746)": 0.6734241103790674, "(0.4397546200157746, 0.45212943361164404)": 0.6430877170315665, "(0.45212943361164404, 0.5061931535797464)": 0.4271412901868526, "(0.5061931535797464, 0.6404768894067071)": 0.29837635718058875, "(0.6404768894067071, 0.7963420581529933)": 0.18267241359767752, "(0.7963420581529933, 0.9044393012030136)": 0.17861746105244303, "(0.9044393012030136, 0.9446784805362447)": 0.09228075249272272, "(0.9446784805362447, 1)": 0.025758034336427104}, "pct": 0.17861746105244303, "best_return": 2.431530302132009}}