{"ma": {"time_param": 228, "trend": "ma", "q_params": {"(0, 0.047771848657057976)": 0.9951656277484879, "(0.047771848657057976, 0.08791285138693786)": 0.9794907523556385, "(0.08791285138693786, 0.10159238957990784)": 0.5148021277443975, "(0.10159238957990784, 0.11447777698851108)": 0.5050221003176588, "(0.11447777698851108, 0.34803336402132407)": 0.503683029883955, "(0.34803336402132407, 0.4578663322047711)": 0.503396740241289, "(0.4578663322047711, 0.6617012129345601)": 0.49680191730295586, "(0.6617012129345601, 0.9923457215384075)": 0.33159520640773227, "(0.9923457215384075, 0.9964308388843452)": 0.21563839279469751, "(0.9964308388843452, 1.0)": 0.003841045568857754}, "pct": 0.503683029883955, "best_return": 3.386386271039986}, "ew_ma": {"time_param": 225, "trend": "ew_ma", "q_params": {"(0, 0.13621141048194352)": 0.9969306454354516, "(0.13621141048194352, 0.27497932336288655)": 0.979274144974076, "(0.27497932336288655, 0.35532255841002464)": 0.964830412048219, "(0.35532255841002464, 0.37135513749763854)": 0.6892847596462769, "(0.37135513749763854, 0.4318571343991844)": 0.6827924307266048, "(0.4318571343991844, 0.47260482166385964)": 0.3336508566447489, "(0.47260482166385964, 0.5513548707653062)": 0.2925716754169445, "(0.5513548707653062, 0.6601398876759939)": 0.2896977320416253, "(0.6601398876759939, 0.9892468397759253)": 0.060063534321667514, "(0.9892468397759253, 1.0)": 0.0031142565360561883}, "pct": 0.2896977320416253, "best_return": 4.359440922565867}, "rel_minmax": {"time_param": 129, "trend": "rel_minmax", "q_params": {"(0, 0.19716924801251523)": 0.9989637013479548, "(0.19716924801251523, 0.5009749232551453)": 0.9911715856160765, "(0.5009749232551453, 0.5020724434416931)": 0.9662583532954145, "(0.5020724434416931, 0.7069788337942173)": 0.8259020665373709, "(0.7069788337942173, 0.7093240321198411)": 0.40767205997006134, "(0.7093240321198411, 0.7972081548481408)": 0.32234002111424753, "(0.7972081548481408, 0.9171825232285853)": 0.2871578420818863, "(0.9171825232285853, 0.9236605179387051)": 0.2855932048212514, "(0.9236605179387051, 0.9304266050489935)": 0.005068197839453448, "(0.9304266050489935, 1.0)": 9.93263445370429e-05}, "pct": 9.93263445370429e-05, "best_return": 5.686985421668032}, "ew_rel_minmax": {"time_param": 44, "trend": "ew_rel_minmax", "q_params": {"(0, 0.3199636584235553)": 0.9998858167637423, "(0.3199636584235553, 0.4662473615858783)": 0.8900447172673491, "(0.4662473615858783, 0.4694409410256091)": 0.8492313428301947, "(0.4694409410256091, 0.48655359513989227)": 0.8443604001543811, "(0.48655359513989227, 0.6319910080402527)": 0.8324141544144315, "(0.6319910080402527, 0.6321748619849793)": 0.5480968516401764, "(0.6321748619849793, 0.6330194975371226)": 0.1666811381661675, "(0.6330194975371226, 0.6370356774158561)": 0.024066757732899978, "(0.6370356774158561, 0.7515505277733097)": 0.013209545707339884, "(0.7515505277733097, 1.0)": 0.0010793654308093531}, "pct": 0.0010793654308093531, "best_return": 7.6375053060643845}}