{"ma": {"time_param": 83, "trend": "ma", "q_params": {"(0, 0.13095863788157333)": 0.9812423270080346, "(0.13095863788157333, 0.26655375754691124)": 0.7522317472956968, "(0.26655375754691124, 0.382550005862744)": 0.7150999172115684, "(0.382550005862744, 0.6340093564200237)": 0.6725666783813629, "(0.6340093564200237, 0.8068678327989303)": 0.6501322812177988, "(0.8068678327989303, 0.8276110553615678)": 0.5799686295286509, "(0.8276110553615678, 0.8675385494467799)": 0.4306019295395161, "(0.8675385494467799, 0.8827981401438924)": 0.4211949264817641, "(0.8827981401438924, 0.9630426391770981)": 0.10886180198815398, "(0.9630426391770981, 1)": 0.10651719801754807}, "pct": 0.10651719801754807, "best_return": 2.720770208530144}, "ew_ma": {"time_param": 123, "trend": "ew_ma", "q_params": {"(0, 0.07128689920514701)": 0.896283676190704, "(0.07128689920514701, 0.32762518206578284)": 0.8801378986797902, "(0.32762518206578284, 0.36719236752108897)": 0.6640875480623668, "(0.36719236752108897, 0.39816983920844173)": 0.48407347464647094, "(0.39816983920844173, 0.4443376340312678)": 0.4137102697275953, "(0.4443376340312678, 0.6219847110908847)": 0.2138962872277001, "(0.6219847110908847, 0.6634482646610161)": 0.20987372355597755, "(0.6634482646610161, 0.7640374329320418)": 0.12498036466639718, "(0.7640374329320418, 0.8000230779596275)": 0.10023794386025542, "(0.8000230779596275, 1)": 0.09500200700521387}, "pct": 0.09500200700521387, "best_return": 2.7136117138347715}, "rel_minmax": {"time_param": 204, "trend": "rel_minmax", "q_params": {"(0, 0.05671914227976309)": 0.9328821952004424, "(0.05671914227976309, 0.13878610162856356)": 0.9057372943516152, "(0.13878610162856356, 0.17630319342493206)": 0.8394631293878697, "(0.17630319342493206, 0.2771408152817999)": 0.7462508128010316, "(0.2771408152817999, 0.3860749954611542)": 0.5725981094888873, "(0.3860749954611542, 0.5021962615814379)": 0.444216865743141, "(0.5021962615814379, 0.5038502604193285)": 0.2522329659143712, "(0.5038502604193285, 0.6918965608671641)": 0.2098160090487481, "(0.6918965608671641, 0.9270180048817176)": 0.16582669326093633, "(0.9270180048817176, 1)": 0.0820688357267221}, "pct": 0.0820688357267221, "best_return": 2.871123584850328}, "ew_rel_minmax": {"time_param": 227, "trend": "ew_rel_minmax", "q_params": {"(0, 0.09017474865604262)": 0.8693373826399501, "(0.09017474865604262, 0.14813268826172432)": 0.8668972186921995, "(0.14813268826172432, 0.1868219352130629)": 0.8376750140686766, "(0.1868219352130629, 0.2955032337702265)": 0.6199635036533593, "(0.2955032337702265, 0.355155850563996)": 0.5636666363175733, "(0.355155850563996, 0.4831332584407177)": 0.5156785669703434, "(0.4831332584407177, 0.6014848861267931)": 0.3404965142965505, "(0.6014848861267931, 0.6794370847537687)": 0.238686836077875, "(0.6794370847537687, 0.731427334629573)": 0.2221996180744369, "(0.731427334629573, 1)": 0.045190233946337255}, "pct": 0.045190233946337255, "best_return": 2.885576594096907}}