{"ma": {"time_param": 228, "trend": "ma", "q_params": {"(0, 0.047771848657057976)": 0.9951656277484879, "(0.047771848657057976, 0.08521020035048175)": 0.9794907523556385, "(0.08521020035048175, 0.10159238957990784)": 0.5066648908097149, "(0.10159238957990784, 0.11106304630657021)": 0.5050221003176588, "(0.11106304630657021, 0.3320847501258862)": 0.503683029883955, "(0.3320847501258862, 0.4578663322047711)": 0.503396740241289, "(0.4578663322047711, 0.6641248934450067)": 0.49680191730295586, "(0.6641248934450067, 0.9923457215384075)": 0.32596885898229633, "(0.9923457215384075, 0.9964308388843452)": 0.2351601983369058, "(0.9964308388843452, 1.0)": 0.003841045568857754}, "pct": 0.32596885898229633, "best_return": 4.301414383064721}, "ew_ma": {"time_param": 225, "trend": "ew_ma", "q_params": {"(0, 0.12967814110026163)": 0.998411816396082, "(0.12967814110026163, 0.27497932336288655)": 0.9678394966136105, "(0.27497932336288655, 0.35532255841002464)": 0.9656747448086338, "(0.35532255841002464, 0.42211836572703054)": 0.6892847596462769, "(0.42211836572703054, 0.4318571343991844)": 0.6883092507959627, "(0.4318571343991844, 0.47260482166385964)": 0.31072060716122724, "(0.47260482166385964, 0.6038705756879132)": 0.2925716754169445, "(0.6038705756879132, 0.6601398876759939)": 0.29221909766133775, "(0.6601398876759939, 0.9950308682769319)": 0.060063534321667514, "(0.9950308682769319, 1.0)": 0.0031142565360561883}, "pct": 0.060063534321667514, "best_return": 4.323623758005636}, "rel_minmax": {"time_param": 129, "trend": "rel_minmax", "q_params": {"(0, 0.20106666502941303)": 0.9989637013479548, "(0.20106666502941303, 0.49844276614669986)": 0.9911715856160765, "(0.49844276614669986, 0.5020724434416931)": 0.8374299220862838, "(0.5020724434416931, 0.7069788337942173)": 0.8259020665373709, "(0.7069788337942173, 0.7093240321198411)": 0.40767205997006134, "(0.7093240321198411, 0.826382203518811)": 0.31413760712634187, "(0.826382203518811, 0.9171825232285853)": 0.30160486365340733, "(0.9171825232285853, 0.9236605179387051)": 0.2277497471471483, "(0.9236605179387051, 0.9912712308268744)": 0.005068197839453448, "(0.9912712308268744, 1.0)": 9.93263445370429e-05}, "pct": 9.93263445370429e-05, "best_return": 5.9898141393240545}, "ew_rel_minmax": {"time_param": 44, "trend": "ew_rel_minmax", "q_params": {"(0, 0.33446841428493507)": 0.9998858167637423, "(0.33446841428493507, 0.4691290653375407)": 0.8571739103318824, "(0.4691290653375407, 0.47660386193593657)": 0.8492313428301947, "(0.47660386193593657, 0.48655359513989227)": 0.8436061633339054, "(0.48655359513989227, 0.6319910080402527)": 0.8435251652887309, "(0.6319910080402527, 0.6321748619849793)": 0.5480968516401764, "(0.6321748619849793, 0.6363959977418779)": 0.1666811381661675, "(0.6363959977418779, 0.746439047582431)": 0.15803964042282317, "(0.746439047582431, 0.7515505277733097)": 0.01838906440623439, "(0.7515505277733097, 1.0)": 0.00024120819618684398}, "pct": 0.8435251652887309, "best_return": 7.706962460028945}}