{"ma": {"time_param": 274, "trend": "ma", "q_params": {"(0, 0.16997888221119822)": 0.998478032134968, "(0.16997888221119822, 0.3245270494463529)": 0.9497714618618348, "(0.3245270494463529, 0.48387718340115904)": 0.5791925470244618, "(0.48387718340115904, 0.4917051519657609)": 0.5411403473992419, "(0.4917051519657609, 0.5331377367545433)": 0.4297945555312418, "(0.5331377367545433, 0.6576142699313509)": 0.31181146775259105, "(0.6576142699313509, 0.6831862995860662)": 0.2792041028221738, "(0.6831862995860662, 0.7296839842356987)": 0.1605033485454977, "(0.7296839842356987, 0.8766451830169015)": 0.06724084613486803, "(0.8766451830169015, 1)": 0.003330628664524271}, "pct": 0.9497714618618348, "best_return": 2.216953341597068}, "ew_ma": {"time_param": 106, "trend": "ew_ma", "q_params": {"(0, 0.0713453737745644)": 0.8439817361789022, "(0.0713453737745644, 0.28073530564016885)": 0.8201501810385308, "(0.28073530564016885, 0.6281843635012895)": 0.7434555676081408, "(0.6281843635012895, 0.74474546839619)": 0.5725001685298344, "(0.74474546839619, 0.7877900042208343)": 0.285056020730568, "(0.7877900042208343, 0.808188755047495)": 0.2216149326644299, "(0.808188755047495, 0.962593543440986)": 0.20488732275823732, "(0.962593543440986, 0.9758354390500679)": 0.19445055194355987, "(0.9758354390500679, 0.9884662589852571)": 0.13863682891467866, "(0.9884662589852571, 1)": 0.022696204926123544}, "pct": 0.7434555676081408, "best_return": 2.905437451053027}, "rel_minmax": {"time_param": 20, "trend": "rel_minmax", "q_params": {"(0, 0.28950388325456555)": 0.9915023601489172, "(0.28950388325456555, 0.3365898512375395)": 0.9897975992348851, "(0.3365898512375395, 0.6160796818266421)": 0.9324693260061079, "(0.6160796818266421, 0.6481111754716953)": 0.6773044581352471, "(0.6481111754716953, 0.6502111585658819)": 0.6275510614021959, "(0.6502111585658819, 0.6503683892849941)": 0.5124049961130479, "(0.6503683892849941, 0.8678513903408637)": 0.3790570714114512, "(0.8678513903408637, 0.8761918060722899)": 0.3046099353842615, "(0.8761918060722899, 0.9531714144757556)": 0.23597273632728455, "(0.9531714144757556, 1)": 0.1327122761306777}, "pct": 0.23597273632728455, "best_return": 7.619732987271004}, "ew_rel_minmax": {"time_param": 194, "trend": "ew_rel_minmax", "q_params": {"(0, 0.3646904938190114)": 0.9541471393695178, "(0.3646904938190114, 0.42599950576787093)": 0.821559010632994, "(0.42599950576787093, 0.43275276261399775)": 0.6730127333848877, "(0.43275276261399775, 0.480339876963847)": 0.5810076203507437, "(0.480339876963847, 0.6936423879452269)": 0.5176539036221323, "(0.6936423879452269, 0.729658639829975)": 0.4492687053651073, "(0.729658639829975, 0.7315891857293553)": 0.39454736619670683, "(0.7315891857293553, 0.8047299823364386)": 0.3093575794778383, "(0.8047299823364386, 0.9739063675954447)": 0.061420398821313005, "(0.9739063675954447, 1.0)": 0.022916415864791317}, "pct": 0.022916415864791317, "best_return": 6.673751141108426}}