{"ma": {"time_param": 141, "trend": "ma", "q_params": {"(0, 0.08470660109643824)": 0.9378075232964822, "(0.08470660109643824, 0.14820373806223944)": 0.8493233274215954, "(0.14820373806223944, 0.24001504163924578)": 0.6744208176519315, "(0.24001504163924578, 0.254703778098191)": 0.3813950973662714, "(0.254703778098191, 0.28602063301373326)": 0.3205054283394215, "(0.28602063301373326, 0.31798761434999595)": 0.10007030296479469, "(0.31798761434999595, 0.865301112687422)": 0.06756764958608585, "(0.865301112687422, 0.8935080849632635)": 0.04967190941926092, "(0.8935080849632635, 0.9988657906006718)": 0.016284822079392858, "(0.9988657906006718, 1)": 0.009290790952233952}, "pct": 0.06756764958608585, "best_return": 2.968773456908376}, "ew_ma": {"time_param": 197, "trend": "ew_ma", "q_params": {"(0, 0.0052184117251004025)": 0.976492192748226, "(0.0052184117251004025, 0.2667190515808042)": 0.8823520684570663, "(0.2667190515808042, 0.33438250603689346)": 0.8663983122538093, "(0.33438250603689346, 0.5983804437724564)": 0.6923309116852152, "(0.5983804437724564, 0.7527428531646143)": 0.6456851117098811, "(0.7527428531646143, 0.8313214331471541)": 0.47292131379512864, "(0.8313214331471541, 0.931198117156618)": 0.4389093848245136, "(0.931198117156618, 0.9408060009629176)": 0.23596411719053878, "(0.9408060009629176, 0.9555315252679856)": 0.08073792142829637, "(0.9555315252679856, 1)": 0.018950059103593486}, "pct": 0.6923309116852152, "best_return": 3.1974553630081393}, "rel_minmax": {"time_param": 251, "trend": "rel_minmax", "q_params": {"(0, 0.1996242322978516)": 0.9889865348292054, "(0.1996242322978516, 0.42259604815445484)": 0.9851607230105549, "(0.42259604815445484, 0.44101095507985455)": 0.7391664118398437, "(0.44101095507985455, 0.48478798691412517)": 0.6273506799650127, "(0.48478798691412517, 0.6774438320740644)": 0.5061242917166611, "(0.6774438320740644, 0.6922858747615974)": 0.4677566855958615, "(0.6922858747615974, 0.7128084903471396)": 0.2934928050966332, "(0.7128084903471396, 0.912554348046784)": 0.2191561220114113, "(0.912554348046784, 0.9276699602582077)": 0.2066155915539127, "(0.9276699602582077, 1)": 0.040718347876212604}, "pct": 0.040718347876212604, "best_return": 5.136858572426408}, "ew_rel_minmax": {"time_param": 194, "trend": "ew_rel_minmax", "q_params": {"(0, 0.3646904938190114)": 0.9479714034720953, "(0.3646904938190114, 0.42599950576787093)": 0.8075896959417156, "(0.42599950576787093, 0.43275276261399775)": 0.6730127333848877, "(0.43275276261399775, 0.48573951479349997)": 0.5810076203507437, "(0.48573951479349997, 0.6935126834999233)": 0.5176539036221323, "(0.6935126834999233, 0.729658639829975)": 0.4492687053651073, "(0.729658639829975, 0.7305418381377491)": 0.39454736619670683, "(0.7305418381377491, 0.7993740246823431)": 0.3147962289527888, "(0.7993740246823431, 0.9739063675954447)": 0.061420398821313005, "(0.9739063675954447, 1)": 0.022916415864791317}, "pct": 0.022916415864791317, "best_return": 6.601718013105919}}