{"ma": {"time_param": 266, "trend": "ma", "q_params": {"(0, 0.2616982776757506)": 0.9983853918818338, "(0.2616982776757506, 0.35543655542614394)": 0.7174239544886301, "(0.35543655542614394, 0.39156057779186376)": 0.6559687007961139, "(0.39156057779186376, 0.44720575242924776)": 0.5958654253548652, "(0.44720575242924776, 0.5566372844326082)": 0.5049468377202736, "(0.5566372844326082, 0.7545135873351113)": 0.4368689593671668, "(0.7545135873351113, 0.795045034043731)": 0.36857242978344834, "(0.795045034043731, 0.8093891871303265)": 0.19008609613056138, "(0.8093891871303265, 0.968550312719245)": 0.10277309605164016, "(0.968550312719245, 1)": 0.00607906532047453}, "pct": 0.10277309605164016, "best_return": 3.20125901570155}, "ew_ma": {"time_param": 224, "trend": "ew_ma", "q_params": {"(0, 0.1594727760375092)": 0.984342909912379, "(0.1594727760375092, 0.2605136404737691)": 0.9656711185000942, "(0.2605136404737691, 0.45271163138778747)": 0.7536247585268943, "(0.45271163138778747, 0.463170386092006)": 0.7143661221118739, "(0.463170386092006, 0.6693523020834719)": 0.6665320596381739, "(0.6693523020834719, 0.7038210068014595)": 0.5222314344629655, "(0.7038210068014595, 0.7789876173448195)": 0.38086663439678625, "(0.7789876173448195, 0.8848106063629112)": 0.2147858586423913, "(0.8848106063629112, 0.8883206942818758)": 0.06643744543707641, "(0.8883206942818758, 1)": 0.02611865752750797}, "pct": 0.02611865752750797, "best_return": 3.3347782640771313}, "rel_minmax": {"time_param": 88, "trend": "rel_minmax", "q_params": {"(0, 0.019417948038394806)": 0.9129374309889061, "(0.019417948038394806, 0.09848656678435064)": 0.9053357790230793, "(0.09848656678435064, 0.12702138069367042)": 0.7969775940539501, "(0.12702138069367042, 0.5775689119352021)": 0.7452776734580727, "(0.5775689119352021, 0.6187637535837354)": 0.648419294451728, "(0.6187637535837354, 0.7811560009075564)": 0.6264030374152881, "(0.7811560009075564, 0.8044758287039137)": 0.6106373405490324, "(0.8044758287039137, 0.8877720213977209)": 0.3590439879852555, "(0.8877720213977209, 0.9704871905296281)": 0.1292564113690472, "(0.9704871905296281, 1)": 0.01578962963980124}, "pct": 0.1292564113690472, "best_return": 4.0019441196370265}, "ew_rel_minmax": {"time_param": 253, "trend": "ew_rel_minmax", "q_params": {"(0, 0.01915557235549692)": 0.9660735607275523, "(0.01915557235549692, 0.1155799520517008)": 0.867096381136112, "(0.1155799520517008, 0.19101955065587783)": 0.8000003857190952, "(0.19101955065587783, 0.38576205674257924)": 0.6842570822872128, "(0.38576205674257924, 0.5964367074249552)": 0.41344328116784446, "(0.5964367074249552, 0.6149130378875949)": 0.3737062940069932, "(0.6149130378875949, 0.684166242586965)": 0.30210389966938045, "(0.684166242586965, 0.8788475254485638)": 0.28617044391765406, "(0.8788475254485638, 0.9820088044097157)": 0.21440449239819226, "(0.9820088044097157, 1)": 0.20536696581426758}, "pct": 0.20536696581426758, "best_return": 3.3502791100788296}}