{"ma": {"time_param": 262, "trend": "ma", "q_params": {"(0, 0.04037168735130586)": 0.9576913377109846, "(0.04037168735130586, 0.05727153263135455)": 0.9434153352064142, "(0.05727153263135455, 0.1906934044494082)": 0.9360094272453058, "(0.1906934044494082, 0.22599832084623528)": 0.7356804101916322, "(0.22599832084623528, 0.229725391225706)": 0.7201864456445579, "(0.229725391225706, 0.30090969212766683)": 0.4161706303121768, "(0.30090969212766683, 0.571526556500522)": 0.31105694560974323, "(0.571526556500522, 0.623244653374233)": 0.30696050305332323, "(0.623244653374233, 0.6384060686895443)": 0.1797345925908609, "(0.6384060686895443, 1)": 0.05326573196208101}, "pct": 0.05326573196208101, "best_return": 2.7409954570508996}, "ew_ma": {"time_param": 229, "trend": "ew_ma", "q_params": {"(0, 0.15027582864846745)": 0.9746651346903852, "(0.15027582864846745, 0.21855581839567)": 0.9420451712914364, "(0.21855581839567, 0.38087647230328203)": 0.9011605874513844, "(0.38087647230328203, 0.3929566257636532)": 0.7281781883887876, "(0.3929566257636532, 0.4145965794563641)": 0.6781982915317911, "(0.4145965794563641, 0.43497736125209346)": 0.32265040151665364, "(0.43497736125209346, 0.5978750505643167)": 0.21846452165405317, "(0.5978750505643167, 0.8177469402213704)": 0.1644108468904626, "(0.8177469402213704, 0.9797506647069281)": 0.1485811057421443, "(0.9797506647069281, 1)": 0.10628608380269955}, "pct": 0.1485811057421443, "best_return": 3.1986348799002116}, "rel_minmax": {"time_param": 84, "trend": "rel_minmax", "q_params": {"(0, 0.0562732865927631)": 0.9690908142923151, "(0.0562732865927631, 0.09490266749510679)": 0.9043003813469647, "(0.09490266749510679, 0.32506383846611425)": 0.7459940373336059, "(0.32506383846611425, 0.43788729196880605)": 0.5378145250209778, "(0.43788729196880605, 0.6144236778950631)": 0.4717575505345819, "(0.6144236778950631, 0.7039558945279182)": 0.34743312734883014, "(0.7039558945279182, 0.7313456360049867)": 0.2536766899508167, "(0.7313456360049867, 0.7645450854925984)": 0.1627571222642117, "(0.7645450854925984, 0.9538075334393459)": 0.12353687680565573, "(0.9538075334393459, 1)": 0.09743841569353662}, "pct": 0.12353687680565573, "best_return": 2.5685401774683596}, "ew_rel_minmax": {"time_param": 220, "trend": "ew_rel_minmax", "q_params": {"(0, 0.05297242437834848)": 0.9466858156562924, "(0.05297242437834848, 0.31468999784537494)": 0.7708046231350604, "(0.31468999784537494, 0.4104663634763124)": 0.5900969204449236, "(0.4104663634763124, 0.6535473381211121)": 0.5741000128537401, "(0.6535473381211121, 0.7114243388862832)": 0.4227456976873015, "(0.7114243388862832, 0.7364974298137961)": 0.30062433952630496, "(0.7364974298137961, 0.7502467619139355)": 0.21479790263627443, "(0.7502467619139355, 0.9476072326207653)": 0.06462978335950686, "(0.9476072326207653, 0.979512117335934)": 0.006638644370789981, "(0.979512117335934, 1)": 0.0031325130023684886}, "pct": 0.0031325130023684886, "best_return": 2.8412856306257157}}