{"ma": {"time_param": 259, "trend": "ma", "q_params": {"(0, 0.04031075109087823)": 0.9523822910414149, "(0.04031075109087823, 0.07589507858969687)": 0.8745058712005698, "(0.07589507858969687, 0.27673783680147357)": 0.7967797353170861, "(0.27673783680147357, 0.3425895113004832)": 0.5570563647681263, "(0.3425895113004832, 0.7695837805762349)": 0.5146295848937251, "(0.7695837805762349, 0.819355800360279)": 0.46535591164920875, "(0.819355800360279, 0.8252341058285279)": 0.28777364068302846, "(0.8252341058285279, 0.8788372563618342)": 0.16789189409075217, "(0.8788372563618342, 0.9721962780990846)": 0.16335397186053746, "(0.9721962780990846, 1)": 0.14631478571137435}, "pct": 0.7967797353170861, "best_return": 2.262554130142637}, "ew_ma": {"time_param": 274, "trend": "ew_ma", "q_params": {"(0, 0.13442464298025603)": 0.8805545968411385, "(0.13442464298025603, 0.40602769840731867)": 0.8403855385393043, "(0.40602769840731867, 0.4377030575307791)": 0.7746193881452637, "(0.4377030575307791, 0.5571758391741001)": 0.7733259614795688, "(0.5571758391741001, 0.6321209563706038)": 0.6863961393904017, "(0.6321209563706038, 0.6547738503536232)": 0.6377692075933522, "(0.6547738503536232, 0.7204132275835435)": 0.19687285344812977, "(0.7204132275835435, 0.7927294145493116)": 0.13319128457760843, "(0.7927294145493116, 0.8509820448239124)": 0.1120575189965865, "(0.8509820448239124, 1)": 0.03169047700720884}, "pct": 0.7733259614795688, "best_return": 3.6249466488137685}, "rel_minmax": {"time_param": 283, "trend": "rel_minmax", "q_params": {"(0, 0.025481423547216386)": 0.9754465573950398, "(0.025481423547216386, 0.17067781585311903)": 0.9495157450000431, "(0.17067781585311903, 0.40186402921924247)": 0.8508588890681074, "(0.40186402921924247, 0.4459114996446273)": 0.8344696180255192, "(0.4459114996446273, 0.46349799458646845)": 0.7007619144505156, "(0.46349799458646845, 0.7960814377925074)": 0.3441255430607736, "(0.7960814377925074, 0.8196347128653596)": 0.225498392972045, "(0.8196347128653596, 0.8260294401882492)": 0.15295178832935596, "(0.8260294401882492, 0.9757397932726403)": 0.14415073557236924, "(0.9757397932726403, 1)": 0.0900988935717667}, "pct": 0.14415073557236924, "best_return": 4.750162219781753}, "ew_rel_minmax": {"time_param": 37, "trend": "ew_rel_minmax", "q_params": {"(0, 0.4042206299143555)": 0.9472935725412156, "(0.4042206299143555, 0.4325522601704317)": 0.8068327719939395, "(0.4325522601704317, 0.6043703336163226)": 0.8003082939568175, "(0.6043703336163226, 0.7123820485616302)": 0.49835959179347, "(0.7123820485616302, 0.73374097472586)": 0.29429283095488334, "(0.73374097472586, 0.899532005653796)": 0.23708839315661379, "(0.899532005653796, 0.9099037964622761)": 0.22017454055731478, "(0.9099037964622761, 0.9321756101816588)": 0.21705408598795994, "(0.9321756101816588, 0.9556119400377296)": 0.08484583651839095, "(0.9556119400377296, 1)": 0.0421775518837183}, "pct": 0.08484583651839095, "best_return": 5.834101517990678}}