{"ma": {"trend": "ma", "time_param": 152, "q_params": {"(0, 0.1)": 1.0, "(0.1, 0.3631928723538945)": 0.9995133415463519, "(0.3631928723538945, 0.44158357088921385)": 0.9992574379844956, "(0.44158357088921385, 0.7248121515039424)": 0.9989056693929718, "(0.7248121515039424, 0.7668695205674031)": 0.9986632187209714, "(0.7668695205674031, 0.7901158877210886)": 0.9984720121404316, "(0.7901158877210886, 0.8102108394821881)": 0.9974220812215079, "(0.8102108394821881, 0.8131588126982927)": 0.9965040839665071, "(0.8131588126982927, 0.8147114683156875)": 0.9947903620716221, "(0.8147114683156875, 1.0)": 0.6212099506477411}, "pct": 0.9995133415463519, "best_return": 20.389820500333393}, "ew_ma": {"trend": "ew_ma", "time_param": 152, "q_params": {"(0, 0.3063904114124609)": 1.0, "(0.3063904114124609, 0.3132065570143477)": 0.9998627300809848, "(0.3132065570143477, 0.4217503552586348)": 0.9995592304093934, "(0.4217503552586348, 0.4525800485032253)": 0.9974145290490126, "(0.4525800485032253, 0.7678535862773712)": 0.9973805063410817, "(0.7678535862773712, 0.8424938166083886)": 0.9972157933523504, "(0.8424938166083886, 0.8515539096053886)": 0.9967412843505947, "(0.8515539096053886, 0.8849765975960174)": 0.992675895134373, "(0.8849765975960174, 0.9)": 0.9925447914082901, "(0.9, 1.0)": 0.010900600906676008}, "pct": 0.9973805063410817, "best_return": 24.198610739913605}, "rel_minmax": {"trend": "rel_minmax", "time_param": 152, "q_params": {"(0, 0.08486537509855879)": 1.0, "(0.08486537509855879, 0.10182970071743495)": 0.9999482319869285, "(0.10182970071743495, 0.18988231747075257)": 0.9979735794202135, "(0.18988231747075257, 0.4925276763173139)": 0.9979729475790187, "(0.4925276763173139, 0.60357485517089)": 0.9979685067644012, "(0.60357485517089, 0.6038094281080375)": 0.9974560599673559, "(0.6038094281080375, 0.6239710075582704)": 0.9941725364609019, "(0.6239710075582704, 0.7050301406417692)": 0.9941160145945868, "(0.7050301406417692, 0.9296256984434903)": 0.9920279440699441, "(0.9296256984434903, 1.0)": 0.021738231042896003}, "pct": 0.021738231042896003, "best_return": 22.213086777973352}, "ew_rel_minmax": {"time_param": 258, "trend": "ew_rel_minmax", "q_params": {"(0, 0.05377331579995812)": 0.998629774377562, "(0.05377331579995812, 0.15388824163179415)": 0.9791756842190761, "(0.15388824163179415, 0.21715734905334172)": 0.9148754188544048, "(0.21715734905334172, 0.7803154454006426)": 0.9127750515793984, "(0.7803154454006426, 0.7812387478270828)": 0.8973212066050068, "(0.7812387478270828, 0.7854447540349869)": 0.2076982807222228, "(0.7854447540349869, 0.8206847427368145)": 0.1235742008961909, "(0.8206847427368145, 0.8523696782143951)": 0.12289628629322384, "(0.8523696782143951, 0.9369541558816729)": 0.12282236734005292, "(0.9369541558816729, 1.0)": 0.007396471580690907}, "pct": 0.007396471580690907, "best_return": 29.258757080944587}}