{"ma": {"trend": "ma", "time_param": 152, "q_params": {"(0, 0.14516104502812432)": 0.9999902947500354, "(0.14516104502812432, 0.4138276477778695)": 0.9999517968251496, "(0.4138276477778695, 0.4828338918234626)": 0.9997972239399179, "(0.4828338918234626, 0.6998919403749794)": 0.9985205406818889, "(0.6998919403749794, 0.7689295815104165)": 0.9980819159778138, "(0.7689295815104165, 0.8004899167230451)": 0.9856710483513831, "(0.8004899167230451, 0.8088908068939852)": 0.9774944885215325, "(0.8088908068939852, 0.8183323497213828)": 0.9117272791223554, "(0.8183323497213828, 0.8396289411556012)": 0.6743386759616851, "(0.8396289411556012, 1.0)": 0.6452883278489404}, "pct": 0.9980819159778138, "best_return": 20.756048885262437}, "ew_ma": {"trend": "ew_ma", "time_param": 152, "q_params": {"(0, 0.15652207846658492)": 0.9996102634150841, "(0.15652207846658492, 0.17960950311407672)": 0.998045001114118, "(0.17960950311407672, 0.38171338480984385)": 0.9977985892227212, "(0.38171338480984385, 0.4084659620425354)": 0.9974588499699246, "(0.4084659620425354, 0.7009879404131221)": 0.9974379749118076, "(0.7009879404131221, 0.8665456734844559)": 0.9919508030495516, "(0.8665456734844559, 0.8843587060743867)": 0.9177436428142189, "(0.8843587060743867, 0.9041524920592688)": 0.8788358000252832, "(0.9041524920592688, 0.9826344142781037)": 0.8104388940177698, "(0.9826344142781037, 1.0)": 0.4983768546169455}, "pct": 0.9919508030495516, "best_return": 23.033164163246802}, "rel_minmax": {"trend": "rel_minmax", "time_param": 152, "q_params": {"(0.0, 0.095789056962343)": 0.9991388072604203, "(0.095789056962343, 0.10927501567851175)": 0.9986289628248958, "(0.10927501567851175, 0.4054777447783984)": 0.9979587518615918, "(0.4054777447783984, 0.4925276763173139)": 0.9979414278266706, "(0.4925276763173139, 0.578201887430969)": 0.9971341427251196, "(0.578201887430969, 0.6038094281080375)": 0.9968830903119973, "(0.6038094281080375, 0.6686005525059652)": 0.9927010794935758, "(0.6686005525059652, 0.7192287242794968)": 0.9885429764721984, "(0.7192287242794968, 0.9244936872517204)": 0.9443747443022226, "(0.9244936872517204, 1.0)": 0.7161395583868394}, "pct": 1, "best_return": 19.700071168895786}, "ew_rel_minmax": {"time_param": 258, "trend": "ew_rel_minmax", "q_params": {"(0, 0.26665626961263933)": 0.9813740482145427, "(0.26665626961263933, 0.38092948595003534)": 0.9787291115843728, "(0.38092948595003534, 0.47823310205510416)": 0.9572391439918075, "(0.47823310205510416, 0.710505083391816)": 0.9507729345708635, "(0.710505083391816, 0.7272181100915335)": 0.9223463133321824, "(0.7272181100915335, 0.7616479957236101)": 0.2437397479932711, "(0.7616479957236101, 0.8715095390373729)": 0.16801161560424668, "(0.8715095390373729, 0.9186676433246095)": 0.1275794160385108, "(0.9186676433246095, 0.9976194400438171)": 0.1275676063759488, "(0.9976194400438171, 1.0)": 0.006064215494669137}, "pct": 0.006064215494669137, "best_return": 23.55674908429329}}