{"ma": {"trend": "ma", "time_param": 152, "q_params": {"(0.0, 0.22089748969575845)": 0.9999902947500354, "(0.22089748969575845, 0.46521459944290167)": 0.9994173691384913, "(0.46521459944290167, 0.6465499535956685)": 0.9989407786040685, "(0.6465499535956685, 0.7616967013471547)": 0.9989388679394623, "(0.7616967013471547, 0.7859135016797003)": 0.9982557100214308, "(0.7859135016797003, 0.8004899167230451)": 0.9952742238133547, "(0.8004899167230451, 0.8088908068939852)": 0.9774944885215325, "(0.8088908068939852, 0.8234353094722562)": 0.8079844914610137, "(0.8234353094722562, 0.8396289411556012)": 0.6743386759616851, "(0.8396289411556012, 1.0)": 0.6537215404145561}, "pct": 0.9994173691384913, "best_return": 17.05005999673076}, "ew_ma": {"trend": "ew_ma", "time_param": 152, "q_params": {"(0, 0.1324544155070552)": 0.9998725345150713, "(0.1324544155070552, 0.38203210137594457)": 0.9984807796380828, "(0.38203210137594457, 0.3985549968378062)": 0.9975178567987882, "(0.3985549968378062, 0.41913932717890395)": 0.9974588499699246, "(0.41913932717890395, 0.8508690078161261)": 0.9953300825474233, "(0.8508690078161261, 0.8659367674936314)": 0.9919508030495516, "(0.8659367674936314, 0.8843587060743867)": 0.8425655260050362, "(0.8843587060743867, 0.9041524920592688)": 0.8355477512819776, "(0.9041524920592688, 0.9826344142781037)": 0.8172206993931601, "(0.9826344142781037, 1.0)": 0.40128163024653607}, "pct": 0.9953300825474233, "best_return": 19.34564139205222}, "rel_minmax": {"trend": "rel_minmax", "time_param": 152, "q_params": {"(0.0, 0.095789056962343)": 0.9991388072604203, "(0.095789056962343, 0.10927501567851175)": 0.9986289628248958, "(0.10927501567851175, 0.4054777447783984)": 0.9979587518615918, "(0.4054777447783984, 0.4925276763173139)": 0.9979414278266706, "(0.4925276763173139, 0.578201887430969)": 0.9971341427251196, "(0.578201887430969, 0.6038094281080375)": 0.9968830903119973, "(0.6038094281080375, 0.6686005525059652)": 0.9927010794935758, "(0.6686005525059652, 0.7192287242794968)": 0.9885429764721984, "(0.7192287242794968, 0.9244936872517204)": 0.9443747443022226, "(0.9244936872517204, 1.0)": 0.7161395583868394}, "pct": 1, "best_return": 15.762973013424872}, "ew_rel_minmax": {"time_param": 258, "trend": "ew_rel_minmax", "q_params": {"(0, 0.24890308560408292)": 0.9998423417997425, "(0.24890308560408292, 0.42343211099406924)": 0.9982621215940374, "(0.42343211099406924, 0.5073160843356119)": 0.9909569960828849, "(0.5073160843356119, 0.7111175441594014)": 0.9620821203808726, "(0.7111175441594014, 0.7233646342205436)": 0.8465561739267609, "(0.7233646342205436, 0.732799412178427)": 0.2437397479932711, "(0.732799412178427, 0.8550519480801893)": 0.20048619786393115, "(0.8550519480801893, 0.986887295160605)": 0.13867427460087312, "(0.986887295160605, 0.9976194400438171)": 0.13760303050368033, "(0.9976194400438171, 1.0)": 0.09279626813317186}, "pct": 0.09279626813317186, "best_return": 22.317468253876754}}