{"ma": {"trend": "ma", "time_param": 152, "q_params": {"(0, 0.08140682072218301)": 1.0, "(0.08140682072218301, 0.3781124949094226)": 0.9999847283586695, "(0.3781124949094226, 0.4705821271435579)": 0.9998808998221336, "(0.4705821271435579, 0.7591759929113147)": 0.9994921324066549, "(0.7591759929113147, 0.7729182506367825)": 0.9994121234359618, "(0.7729182506367825, 0.7875966089572409)": 0.999303518783836, "(0.7875966089572409, 0.8132989605738928)": 0.997463056470928, "(0.8132989605738928, 0.8133913440839485)": 0.9972442585235225, "(0.8133913440839485, 0.8371664569195162)": 0.8334535725330761, "(0.8371664569195162, 1.0)": 0.6212099506477411}, "pct": 0.9999847283586695, "best_return": 21.648394540575246}, "ew_ma": {"trend": "ew_ma", "time_param": 152, "q_params": {"(0, 0.3111509719383709)": 1.0, "(0.3111509719383709, 0.3132065570143477)": 0.9997472722977031, "(0.3132065570143477, 0.40947566729520213)": 0.9996106594028634, "(0.40947566729520213, 0.4385254921017631)": 0.9974145290490126, "(0.4385254921017631, 0.8292321567025499)": 0.9974024348203466, "(0.8292321567025499, 0.8544949270331634)": 0.9972893595768262, "(0.8544949270331634, 0.8847826022023788)": 0.9927496884247362, "(0.8847826022023788, 0.8988327885153038)": 0.992675895134373, "(0.8988327885153038, 0.9775239233593549)": 0.7964944775796754, "(0.9775239233593549, 1.0)": 0.005177978858227438}, "pct": 0.9974024348203466, "best_return": 27.438080761656966}, "rel_minmax": {"trend": "rel_minmax", "time_param": 152, "q_params": {"(0, 0.0941798532450813)": 1.0, "(0.0941798532450813, 0.10182970071743495)": 0.9986080215192215, "(0.10182970071743495, 0.117464032552268)": 0.9979735794202135, "(0.117464032552268, 0.4925276763173139)": 0.9979735041102737, "(0.4925276763173139, 0.5971105177753986)": 0.9979685067644012, "(0.5971105177753986, 0.6038094281080375)": 0.997073170737428, "(0.6038094281080375, 0.6239710075582704)": 0.9941725364609019, "(0.6239710075582704, 0.7022929319724619)": 0.9941160145945868, "(0.7022929319724619, 0.9244936872517204)": 0.9920279440699441, "(0.9244936872517204, 1.0)": 0.7164118602624109}, "pct": 0.7164118602624109, "best_return": 20.778660014934232}, "ew_rel_minmax": {"time_param": 258, "trend": "ew_rel_minmax", "q_params": {"(0, 0.05377331579995812)": 0.9988804610735001, "(0.05377331579995812, 0.15388824163179415)": 0.9803940393069884, "(0.15388824163179415, 0.21715734905334172)": 0.9148754188544048, "(0.21715734905334172, 0.7515407284516057)": 0.9147401001083167, "(0.7515407284516057, 0.7639439321036241)": 0.900011519914084, "(0.7639439321036241, 0.7757563030544932)": 0.23676982329527427, "(0.7757563030544932, 0.8288464828230376)": 0.1235742008961909, "(0.8288464828230376, 0.9213495484126906)": 0.12357293506447015, "(0.9213495484126906, 0.9248973637831055)": 0.12282236734005292, "(0.9248973637831055, 1.0)": 0.002618868497559202}, "pct": 0.002618868497559202, "best_return": 32.378473374498014}}