{"ma": {"trend": "ma", "time_param": 152, "q_params": {"(0, 0.07596045665913169)": 0.9999902947500354, "(0.07596045665913169, 0.41130292740576996)": 0.9999517968251496, "(0.41130292740576996, 0.4918451381032952)": 0.9999473059179133, "(0.4918451381032952, 0.700966719558756)": 0.9997108274640911, "(0.700966719558756, 0.7729182506367825)": 0.9980819159778138, "(0.7729182506367825, 0.8013056485296468)": 0.978418335643492, "(0.8013056485296468, 0.8147080621589521)": 0.9774944885215325, "(0.8147080621589521, 0.8183323497213828)": 0.9296466026908928, "(0.8183323497213828, 0.8371664569195162)": 0.8236297627929305, "(0.8371664569195162, 1.0)": 0.6452883278489404}, "pct": 0.9999517968251496, "best_return": 19.739315441289392}, "ew_ma": {"trend": "ew_ma", "time_param": 152, "q_params": {"(0, 0.17590012862413823)": 0.9997873135403843, "(0.17590012862413823, 0.3647066394858953)": 0.9995289347097306, "(0.3647066394858953, 0.37825201877212894)": 0.9976196443182761, "(0.37825201877212894, 0.4245811407893947)": 0.9974588499699246, "(0.4245811407893947, 0.8178365047633082)": 0.9974379749118076, "(0.8178365047633082, 0.8597674408898726)": 0.9749887201321606, "(0.8597674408898726, 0.866205414584241)": 0.9728774461953656, "(0.866205414584241, 0.9009255670229779)": 0.8512831466681103, "(0.9009255670229779, 0.9807741295790541)": 0.8168043064352529, "(0.9807741295790541, 1.0)": 0.6938750666263733}, "pct": 0.9974379749118076, "best_return": 20.889459978018508}, "rel_minmax": {"trend": "rel_minmax", "time_param": 152, "q_params": {"(0.0, 0.095789056962343)": 0.9991388072604203, "(0.095789056962343, 0.10927501567851175)": 0.9986289628248958, "(0.10927501567851175, 0.4054777447783984)": 0.9979587518615918, "(0.4054777447783984, 0.4925276763173139)": 0.9979414278266706, "(0.4925276763173139, 0.578201887430969)": 0.9971341427251196, "(0.578201887430969, 0.6038094281080375)": 0.9968830903119973, "(0.6038094281080375, 0.6686005525059652)": 0.9927010794935758, "(0.6686005525059652, 0.7192287242794968)": 0.9885429764721984, "(0.7192287242794968, 0.9244936872517204)": 0.9443747443022226, "(0.9244936872517204, 1.0)": 0.7161395583868394}, "pct": 1, "best_return": 19.37131227333257}, "ew_rel_minmax": {"time_param": 258, "trend": "ew_rel_minmax", "q_params": {"(0, 0.12301137682048803)": 0.9686242302841779, "(0.12301137682048803, 0.1554424824540222)": 0.9651046579240665, "(0.1554424824540222, 0.36851058080389726)": 0.9427467434315087, "(0.36851058080389726, 0.530572909900021)": 0.9241580998878389, "(0.530572909900021, 0.722299877578838)": 0.889185525936428, "(0.722299877578838, 0.7757563030544932)": 0.2413590272692942, "(0.7757563030544932, 0.8174828885755975)": 0.1937753531041101, "(0.8174828885755975, 0.9131358463894581)": 0.14971128325418853, "(0.9131358463894581, 0.9837209487842108)": 0.12744975854211954, "(0.9837209487842108, 1.0)": 0.007595080870518052}, "pct": 0.007595080870518052, "best_return": 23.756961463074532}}