{"ma": {"trend": "ma", "time_param": 152, "q_params": {"(0, 0.08140682072218301)": 0.9999902947500354, "(0.08140682072218301, 0.41130292740576996)": 0.9999007234029915, "(0.41130292740576996, 0.4918451381032952)": 0.9998996480319788, "(0.4918451381032952, 0.7591759929113147)": 0.9997108274640911, "(0.7591759929113147, 0.7729182506367825)": 0.9980819159778138, "(0.7729182506367825, 0.7776113172706913)": 0.9975823924769027, "(0.7776113172706913, 0.8147080621589521)": 0.9774944885215325, "(0.8147080621589521, 0.8183323497213828)": 0.956368795888442, "(0.8183323497213828, 0.8371664569195162)": 0.8095476418979642, "(0.8371664569195162, 1.0)": 0.6471235022230661}, "pct": 0.9999007234029915, "best_return": 19.076433261797828}, "ew_ma": {"trend": "ew_ma", "time_param": 152, "q_params": {"(0, 0.3235089109828832)": 0.9997873135403843, "(0.3235089109828832, 0.3348233001176957)": 0.9995289347097306, "(0.3348233001176957, 0.40499700907026215)": 0.9988425518073474, "(0.40499700907026215, 0.4245811407893947)": 0.9974588499699246, "(0.4245811407893947, 0.8387998103457359)": 0.9974379749118076, "(0.8387998103457359, 0.8567982258834045)": 0.9973600398669463, "(0.8567982258834045, 0.8659734235619243)": 0.9953839414942836, "(0.8659734235619243, 0.8936090379369308)": 0.8512831466681103, "(0.8936090379369308, 0.9807741295790541)": 0.8168043064352529, "(0.9807741295790541, 1.0)": 0.6940656546074616}, "pct": 0.9974379749118076, "best_return": 20.402987177192607}, "rel_minmax": {"trend": "rel_minmax", "time_param": 152, "q_params": {"(0, 0.095789056962343)": 0.9991388072604203, "(0.095789056962343, 0.10927501567851175)": 0.9986289628248958, "(0.10927501567851175, 0.4054777447783984)": 0.9979587518615918, "(0.4054777447783984, 0.4925276763173139)": 0.9979414278266706, "(0.4925276763173139, 0.578201887430969)": 0.9971341427251196, "(0.578201887430969, 0.6038094281080375)": 0.9968830903119973, "(0.6038094281080375, 0.6686005525059652)": 0.9927010794935758, "(0.6686005525059652, 0.7192287242794968)": 0.9885429764721984, "(0.7192287242794968, 0.9244936872517204)": 0.9443747443022226, "(0.9244936872517204, 1.0)": 0.7161395583868394}, "pct": 0.7161395583868394, "best_return": 18.989616004339645}, "ew_rel_minmax": {"time_param": 258, "trend": "ew_rel_minmax", "q_params": {"(0, 0.11120645335084545)": 0.9954353569849199, "(0.11120645335084545, 0.1554424824540222)": 0.9945937700199574, "(0.1554424824540222, 0.18759635734256272)": 0.9427467434315087, "(0.18759635734256272, 0.530572909900021)": 0.9241580998878389, "(0.530572909900021, 0.722299877578838)": 0.9050351173872258, "(0.722299877578838, 0.7757563030544932)": 0.24176516327417405, "(0.7757563030544932, 0.8174828885755975)": 0.1937753531041101, "(0.8174828885755975, 0.9067296411765299)": 0.14971128325418853, "(0.9067296411765299, 0.970667936545669)": 0.11711850532833215, "(0.970667936545669, 1.0)": 0.007595080870518052}, "pct": 0.007595080870518052, "best_return": 24.353432199847948}}