{"ma": {"trend": "ma", "time_param": 152, "q_params": {"(0, 0.1)": 1.0, "(0.1, 0.2950601881049522)": 0.9989988181141234, "(0.2950601881049522, 0.40781361628707485)": 0.9989839174868669, "(0.40781361628707485, 0.45798188078252156)": 0.9989056693929718, "(0.45798188078252156, 0.7601356980513667)": 0.9983576614673626, "(0.7601356980513667, 0.7901158877210886)": 0.9978519858861005, "(0.7901158877210886, 0.8102108394821881)": 0.9960156683526366, "(0.8102108394821881, 0.8131588126982927)": 0.9918287388763795, "(0.8131588126982927, 0.8147114683156875)": 0.9904369342487749, "(0.8147114683156875, 1.0)": 0.7043866939695662}, "pct": 0.9989988181141234, "best_return": 17.370347088976075}, "ew_ma": {"trend": "ew_ma", "time_param": 152, "q_params": {"(0, 0.3063904114124609)": 1.0, "(0.3063904114124609, 0.3252353219721432)": 0.9999733734956143, "(0.3252353219721432, 0.4217503552586348)": 0.9995592304093934, "(0.4217503552586348, 0.4525800485032253)": 0.9974145290490126, "(0.4525800485032253, 0.7678535862773712)": 0.9973805063410817, "(0.7678535862773712, 0.8213083279700338)": 0.9967891321213129, "(0.8213083279700338, 0.8515539096053886)": 0.9967412843505947, "(0.8515539096053886, 0.8849765975960174)": 0.992675895134373, "(0.8849765975960174, 0.9)": 0.9925447914082901, "(0.9, 1.0)": 0.010900600906676008}, "pct": 0.9973805063410817, "best_return": 20.933474235283917}, "rel_minmax": {"trend": "rel_minmax", "time_param": 152, "q_params": {"(0, 0.09689616395474838)": 1.0, "(0.09689616395474838, 0.10182970071743495)": 0.9999482319869285, "(0.10182970071743495, 0.18988231747075257)": 0.9979735794202135, "(0.18988231747075257, 0.4925276763173139)": 0.9979729464758961, "(0.4925276763173139, 0.60357485517089)": 0.9979685067644012, "(0.60357485517089, 0.6038094281080375)": 0.9974560599673559, "(0.6038094281080375, 0.6980577628291718)": 0.9942689903960035, "(0.6980577628291718, 0.7245118728189169)": 0.9941160145945868, "(0.7245118728189169, 0.9305863900007195)": 0.9920279440699441, "(0.9305863900007195, 1.0)": 0.08301120701540583}, "pct": 0.08301120701540583, "best_return": 20.733028160868667}, "ew_rel_minmax": {"time_param": 258, "trend": "ew_rel_minmax", "q_params": {"(0, 0.031921817212991886)": 0.998629774377562, "(0.031921817212991886, 0.16224965395786123)": 0.9791756842190761, "(0.16224965395786123, 0.22179698616488797)": 0.9148754188544048, "(0.22179698616488797, 0.7669817166727096)": 0.9031186786520319, "(0.7669817166727096, 0.7809160337013283)": 0.8749632765228486, "(0.7809160337013283, 0.7874021314899348)": 0.25339026128796965, "(0.7874021314899348, 0.8009656848305813)": 0.1426790106500227, "(0.8009656848305813, 0.8384691823818212)": 0.12341754539966378, "(0.8384691823818212, 0.9281261760497541)": 0.12282236734005292, "(0.9281261760497541, 1.0)": 0.007396471580690907}, "pct": 0.007396471580690907, "best_return": 27.935713889485747}}