{"ma": {"trend": "ma", "time_param": 152, "q_params": {"(0.0, 0.05295410499829394)": 0.9999902947500354, "(0.05295410499829394, 0.4138276477778695)": 0.9999517968251496, "(0.4138276477778695, 0.4828338918234626)": 0.9997972239399179, "(0.4828338918234626, 0.6970840881075846)": 0.9985205406818889, "(0.6970840881075846, 0.7919766244669447)": 0.9980819159778138, "(0.7919766244669447, 0.8004899167230451)": 0.9856710483513831, "(0.8004899167230451, 0.8088908068939852)": 0.9774944885215325, "(0.8088908068939852, 0.8183323497213828)": 0.9117272791223554, "(0.8183323497213828, 0.8535450570085148)": 0.8298137614908745, "(0.8535450570085148, 1.0)": 0.6452883278489404}, "pct": 1, "best_return": 22.122651954235327}, "ew_ma": {"trend": "ew_ma", "time_param": 152, "q_params": {"(0.0, 0.17660988890649593)": 0.9990556299516835, "(0.17660988890649593, 0.17960950311407672)": 0.9985778584277561, "(0.17960950311407672, 0.37825201877212894)": 0.9977985892227212, "(0.37825201877212894, 0.4084659620425354)": 0.9974588499699246, "(0.4084659620425354, 0.8487409382213793)": 0.9974379749118076, "(0.8487409382213793, 0.8742273477742186)": 0.9919508030495516, "(0.8742273477742186, 0.8992704009698853)": 0.9663188832018453, "(0.8992704009698853, 0.9023194724875645)": 0.8568569043270865, "(0.9023194724875645, 0.9104721569954168)": 0.8104388940177698, "(0.9104721569954168, 1.0)": 0.6911591366108731}, "pct": 0.9974379749118076, "best_return": 23.47793874699693}, "rel_minmax": {"trend": "rel_minmax", "time_param": 152, "q_params": {"(0.0, 0.095789056962343)": 0.9991388072604203, "(0.095789056962343, 0.10927501567851175)": 0.9986289628248958, "(0.10927501567851175, 0.4054777447783984)": 0.9979587518615918, "(0.4054777447783984, 0.4925276763173139)": 0.9979414278266706, "(0.4925276763173139, 0.578201887430969)": 0.9971341427251196, "(0.578201887430969, 0.6038094281080375)": 0.9968830903119973, "(0.6038094281080375, 0.6686005525059652)": 0.9927010794935758, "(0.6686005525059652, 0.7192287242794968)": 0.9885429764721984, "(0.7192287242794968, 0.9244936872517204)": 0.9443747443022226, "(0.9244936872517204, 1.0)": 0.7161395583868394}, "pct": 1, "best_return": 22.122651954235327}, "ew_rel_minmax": {"time_param": 258, "trend": "ew_rel_minmax", "q_params": {"(0, 0.12752641387421965)": 0.9849349737931945, "(0.12752641387421965, 0.1554424824540222)": 0.9787291115843728, "(0.1554424824540222, 0.36851058080389726)": 0.9493515086761316, "(0.36851058080389726, 0.5290968661606571)": 0.9410146334343555, "(0.5290968661606571, 0.7375719568522797)": 0.9090945101368664, "(0.7375719568522797, 0.7819556767371727)": 0.25592850105874004, "(0.7819556767371727, 0.8066437182549601)": 0.17311034928248098, "(0.8066437182549601, 0.9111282391711409)": 0.12874108069563617, "(0.9111282391711409, 0.993046986431772)": 0.12159662439694782, "(0.993046986431772, 1.0)": 0.01275383667272416}, "pct": 0.12159662439694782, "best_return": 29.8389565884901}}