{"ma": {"trend": "ma", "time_param": 49, "q_params": {"(0.0, 0.0969481661861484)": 0.9975912815142678, "(0.0969481661861484, 0.12085841032485908)": 0.9958037735973805, "(0.12085841032485908, 0.13504959622322046)": 0.9943208416228971, "(0.13504959622322046, 0.2863178126196642)": 0.9937849587622539, "(0.2863178126196642, 0.5596732424158297)": 0.9934048586252737, "(0.5596732424158297, 0.6535081206446216)": 0.993384592961274, "(0.6535081206446216, 0.6800883918126214)": 0.993374877149454, "(0.6800883918126214, 0.7846013815298374)": 0.9933725043911865, "(0.7846013815298374, 0.8637605725105856)": 0.9910821334303264, "(0.8637605725105856, 1.0)": 0.9910359161258742}, "pct": 1, "best_return": 2.0475285150421265}, "ew_ma": {"trend": "ew_ma", "time_param": 49, "q_params": {"(0, 0.04802033924390138)": 0.9999371580565073, "(0.04802033924390138, 0.19791985676471938)": 0.999028470791946, "(0.19791985676471938, 0.26236127047005514)": 0.9989764839814269, "(0.26236127047005514, 0.37850406385268587)": 0.9952175039023655, "(0.37850406385268587, 0.5689206760580368)": 0.9950609154879523, "(0.5689206760580368, 0.6042578628607557)": 0.9944617528380084, "(0.6042578628607557, 0.8578285448218884)": 0.9940033782696748, "(0.8578285448218884, 0.8777506874186475)": 0.9854715585338785, "(0.8777506874186475, 0.9057313250270056)": 0.7047833221624047, "(0.9057313250270056, 1.0)": 0.5687881176483554}, "pct": 0.999028470791946, "best_return": 2.0731688308635787}, "rel_minmax": {"time_param": 30, "trend": "rel_minmax", "q_params": {"(0, 0.4071242121193631)": 0.9444522073007191, "(0.4071242121193631, 0.5443623651495136)": 0.8807431831989295, "(0.5443623651495136, 0.5703080341331226)": 0.879348628316034, "(0.5703080341331226, 0.6015407485166867)": 0.8525914994748731, "(0.6015407485166867, 0.6338836132036021)": 0.7218838692875844, "(0.6338836132036021, 0.752227689447175)": 0.5112755397370615, "(0.752227689447175, 0.774802588951281)": 0.46154484088243763, "(0.774802588951281, 0.8162551981736077)": 0.4304983025206913, "(0.8162551981736077, 0.9980057171797841)": 0.31275824386498197, "(0.9980057171797841, 1)": 0.299602474046568}, "pct": 0.8807431831989295, "best_return": 4.094621503656618}, "ew_rel_minmax": {"time_param": 93, "trend": "ew_rel_minmax", "q_params": {"(0, 0.12029398428105831)": 0.8124603353170384, "(0.12029398428105831, 0.1691224343198855)": 0.7391343240089591, "(0.1691224343198855, 0.2368544451251985)": 0.6628662751793695, "(0.2368544451251985, 0.4265500666246699)": 0.6510418068591715, "(0.4265500666246699, 0.5250096138943601)": 0.5739891475781482, "(0.5250096138943601, 0.5349401458231743)": 0.558283804793858, "(0.5349401458231743, 0.6381914617124329)": 0.4111616434918214, "(0.6381914617124329, 0.6451618073890941)": 0.38267379389322187, "(0.6451618073890941, 0.9158618946033521)": 0.3063912388242823, "(0.9158618946033521, 1)": 0.1682594466465498}, "pct": 0.5739891475781482, "best_return": 3.2328331408969966}}