{"ma": {"trend": "ma", "time_param": 49, "q_params": {"(0, 0.0969481661861484)": 0.9975912815142678, "(0.0969481661861484, 0.12085841032485908)": 0.9965288002340993, "(0.12085841032485908, 0.13504959622322046)": 0.9952677103928856, "(0.13504959622322046, 0.2863178126196642)": 0.9937849587622539, "(0.2863178126196642, 0.5415619829225963)": 0.9934048586252737, "(0.5415619829225963, 0.6638096429970533)": 0.993384592961274, "(0.6638096429970533, 0.6800883918126214)": 0.993374877149454, "(0.6800883918126214, 0.7846013815298374)": 0.9933725043911865, "(0.7846013815298374, 0.8637605725105856)": 0.9916731852407121, "(0.8637605725105856, 1.0)": 0.9910359161258742}, "pct": 0.9934048586252737, "best_return": 2.0857229901528904}, "ew_ma": {"trend": "ew_ma", "time_param": 49, "q_params": {"(0, 0.04802033924390138)": 0.9999371580565073, "(0.04802033924390138, 0.19791985676471938)": 0.999028470791946, "(0.19791985676471938, 0.26236127047005514)": 0.9989764839814269, "(0.26236127047005514, 0.37850406385268587)": 0.9952175039023655, "(0.37850406385268587, 0.5821072713311599)": 0.9950609154879523, "(0.5821072713311599, 0.6042578628607557)": 0.9945588762399111, "(0.6042578628607557, 0.8669216205757858)": 0.9940033782696748, "(0.8669216205757858, 0.8777506874186475)": 0.9885649490571138, "(0.8777506874186475, 0.9057313250270056)": 0.7047833221624047, "(0.9057313250270056, 1.0)": 0.5687881176483554}, "pct": 0.999028470791946, "best_return": 2.161689740799618}, "rel_minmax": {"time_param": 30, "trend": "rel_minmax", "q_params": {"(0, 0.4071242121193631)": 0.9538604345821874, "(0.4071242121193631, 0.5443623651495136)": 0.9310215359495336, "(0.5443623651495136, 0.5785115872536707)": 0.879348628316034, "(0.5785115872536707, 0.6015407485166867)": 0.8525914994748731, "(0.6015407485166867, 0.6338836132036021)": 0.7218838692875844, "(0.6338836132036021, 0.752227689447175)": 0.518863077506728, "(0.752227689447175, 0.774802588951281)": 0.46154484088243763, "(0.774802588951281, 0.8162551981736077)": 0.4228607896186992, "(0.8162551981736077, 0.9980057171797841)": 0.31275824386498197, "(0.9980057171797841, 1.0)": 0.2934268430548942}, "pct": 0.879348628316034, "best_return": 4.261821212875292}, "ew_rel_minmax": {"time_param": 114, "trend": "ew_rel_minmax", "q_params": {"(0, 0.14124917039093213)": 0.9456061943417834, "(0.14124917039093213, 0.24484147917272414)": 0.8635767499352084, "(0.24484147917272414, 0.27801354457980704)": 0.8019968050072622, "(0.27801354457980704, 0.2854367342867643)": 0.42868443581854865, "(0.2854367342867643, 0.5359656937479323)": 0.3867238138768287, "(0.5359656937479323, 0.7057989593411399)": 0.3446528512823783, "(0.7057989593411399, 0.8510220905125653)": 0.3070335828570079, "(0.8510220905125653, 0.8556475288136576)": 0.2051434361100386, "(0.8556475288136576, 0.896579004767722)": 0.20417070322559883, "(0.896579004767722, 1)": 0.11391072214419318}, "pct": 0.3446528512823783, "best_return": 4.672512444847381}}