{"ma": {"trend": "ma", "time_param": 49, "q_params": {"(0, 0.0969481661861484)": 0.9975912815142678, "(0.0969481661861484, 0.11642776929052015)": 0.9966878797150764, "(0.11642776929052015, 0.1270382263611497)": 0.9948189113515669, "(0.1270382263611497, 0.2863178126196642)": 0.9937849587622539, "(0.2863178126196642, 0.5415619829225963)": 0.9934048586252737, "(0.5415619829225963, 0.6638096429970533)": 0.9934026019683239, "(0.6638096429970533, 0.6800883918126214)": 0.9933871857918078, "(0.6800883918126214, 0.7846013815298374)": 0.993364070302846, "(0.7846013815298374, 0.8762193668456401)": 0.9933385088799301, "(0.8762193668456401, 1.0)": 0.9910359161258742}, "pct": 0.9934026019683239, "best_return": 2.3541893117776}, "ew_ma": {"trend": "ew_ma", "time_param": 49, "q_params": {"(0, 0.04802033924390138)": 0.9999371580565073, "(0.04802033924390138, 0.19791985676471938)": 0.999028470791946, "(0.19791985676471938, 0.26236127047005514)": 0.9961250842857364, "(0.26236127047005514, 0.37850406385268587)": 0.9955925446102158, "(0.37850406385268587, 0.5905852707934737)": 0.9949605271868592, "(0.5905852707934737, 0.6042578628607557)": 0.9945588762399111, "(0.6042578628607557, 0.8669216205757858)": 0.9940033782696748, "(0.8669216205757858, 0.8808952304655623)": 0.9885649490571138, "(0.8808952304655623, 0.9057313250270056)": 0.6861730954151541, "(0.9057313250270056, 1.0)": 0.574156764318024}, "pct": 0.9961250842857364, "best_return": 2.41770330612455}, "rel_minmax": {"time_param": 116, "trend": "rel_minmax", "q_params": {"(0, 0.08564939684009588)": 0.869533693547611, "(0.08564939684009588, 0.1917532226658123)": 0.6346744396997114, "(0.1917532226658123, 0.3427357202729892)": 0.6168626489240432, "(0.3427357202729892, 0.3675110099421801)": 0.6074868388777469, "(0.3675110099421801, 0.4375109969771477)": 0.45433956037262135, "(0.4375109969771477, 0.573481008163478)": 0.3189004822712541, "(0.573481008163478, 0.5813350965284774)": 0.22353458041616836, "(0.5813350965284774, 0.5842375902905591)": 0.22018441633447194, "(0.5842375902905591, 0.7467745111226751)": 0.1379831184738113, "(0.7467745111226751, 1)": 0.08476782344944389}, "pct": 0.6168626489240432, "best_return": 4.361592534010342}, "ew_rel_minmax": {"time_param": 81, "trend": "ew_rel_minmax", "q_params": {"(0, 0.035326982227790515)": 0.9861589666352334, "(0.035326982227790515, 0.2688501810522985)": 0.8782417059816047, "(0.2688501810522985, 0.47950474940041177)": 0.8568348949554304, "(0.47950474940041177, 0.5105096302606005)": 0.8111257195447478, "(0.5105096302606005, 0.5515606547256383)": 0.8057481155360254, "(0.5515606547256383, 0.5549626955062524)": 0.8044999892016405, "(0.5549626955062524, 0.7292664422877673)": 0.5314827936579619, "(0.7292664422877673, 0.8179128699481131)": 0.12043227067120332, "(0.8179128699481131, 0.9411741073565217)": 0.06823884738513916, "(0.9411741073565217, 1)": 0.012176657885168307}, "pct": 0.8568348949554304, "best_return": 4.847606816346497}}