{"ma": {"trend": "ma", "time_param": 49, "q_params": {"(0.0, 0.0969481661861484)": 0.9975912815142678, "(0.0969481661861484, 0.12085841032485908)": 0.9958037735973805, "(0.12085841032485908, 0.13504959622322046)": 0.9943208416228971, "(0.13504959622322046, 0.2863178126196642)": 0.9937849587622539, "(0.2863178126196642, 0.5596732424158297)": 0.9934048586252737, "(0.5596732424158297, 0.6535081206446216)": 0.993384592961274, "(0.6535081206446216, 0.6800883918126214)": 0.993374877149454, "(0.6800883918126214, 0.7846013815298374)": 0.9933725043911865, "(0.7846013815298374, 0.8637605725105856)": 0.9910821334303264, "(0.8637605725105856, 1.0)": 0.9910359161258742}, "pct": 1, "best_return": 2.1081870056764997}, "ew_ma": {"trend": "ew_ma", "time_param": 49, "q_params": {"(0, 0.04802033924390138)": 0.9997702199952959, "(0.04802033924390138, 0.19791985676471938)": 0.999028470791946, "(0.19791985676471938, 0.2477906738895539)": 0.995553424411798, "(0.2477906738895539, 0.3776199759952429)": 0.9954204147582696, "(0.3776199759952429, 0.5689206760580368)": 0.9948247779941609, "(0.5689206760580368, 0.6366191808539271)": 0.9941910657353973, "(0.6366191808539271, 0.8423039982820744)": 0.993803866147348, "(0.8423039982820744, 0.8732814019315562)": 0.9937819461086226, "(0.8732814019315562, 0.905240259254945)": 0.7228746036375138, "(0.905240259254945, 1.0)": 0.5587958160104004}, "pct": 0.999028470791946, "best_return": 2.1099492966520397}, "rel_minmax": {"time_param": 26, "trend": "rel_minmax", "q_params": {"(0, 0.2702036300019599)": 0.9499980082303736, "(0.2702036300019599, 0.32401339938362606)": 0.7116473716164116, "(0.32401339938362606, 0.358915066795139)": 0.7071792745370364, "(0.358915066795139, 0.4876112373700543)": 0.6766006510357815, "(0.4876112373700543, 0.5244738832589588)": 0.6536059207092852, "(0.5244738832589588, 0.7394685835517861)": 0.5989976279167619, "(0.7394685835517861, 0.80769343744199)": 0.37170505605482884, "(0.80769343744199, 0.8789157543207338)": 0.19596490775838238, "(0.8789157543207338, 0.9479582873756583)": 0.07462707141573344, "(0.9479582873756583, 1)": 0.014319161733718166}, "pct": 0.6536059207092852, "best_return": 3.5404439956564975}, "ew_rel_minmax": {"time_param": 24, "trend": "ew_rel_minmax", "q_params": {"(0, 0.006540175545979965)": 0.7623752109371607, "(0.006540175545979965, 0.1081662017226716)": 0.7276265443143984, "(0.1081662017226716, 0.1708012695450957)": 0.5476430061333382, "(0.1708012695450957, 0.3032283625818372)": 0.4979716383374966, "(0.3032283625818372, 0.4144790792340546)": 0.4959121976399777, "(0.4144790792340546, 0.5203412659382345)": 0.24250840105941682, "(0.5203412659382345, 0.6514478781940158)": 0.21579576995476124, "(0.6514478781940158, 0.6582603931944427)": 0.20105496659126365, "(0.6582603931944427, 0.9321081693723527)": 0.15776484158302662, "(0.9321081693723527, 1)": 0.02457196734597389}, "pct": 0.21579576995476124, "best_return": 2.179827758046283}}