{"ma": {"trend": "ma", "time_param": 49, "q_params": {"(0, 0.054281299682513676)": 1.0, "(0.054281299682513676, 0.08831741301347268)": 0.9962934401916765, "(0.08831741301347268, 0.16256082587437928)": 0.9941813406820522, "(0.16256082587437928, 0.3002799572195927)": 0.9937841898498625, "(0.3002799572195927, 0.5564839090142294)": 0.9934501020269082, "(0.5564839090142294, 0.612924330808206)": 0.9933914714588197, "(0.612924330808206, 0.7342703299397935)": 0.993387739680467, "(0.7342703299397935, 0.7901730759048747)": 0.9933548121174747, "(0.7901730759048747, 0.8513301381386529)": 0.9911507730407589, "(0.8513301381386529, 1.0)": 0.9910359161258742}, "pct": 0.993387739680467, "best_return": 2.5829833760577117}, "ew_ma": {"trend": "ew_ma", "time_param": 49, "q_params": {"(0, 0.05649926088289764)": 1.0, "(0.05649926088289764, 0.15795008645581127)": 0.9954006345797427, "(0.15795008645581127, 0.2591450123653123)": 0.9953666073297608, "(0.2591450123653123, 0.5291727098770644)": 0.9951115979242138, "(0.5291727098770644, 0.5450626703605039)": 0.9951012994484892, "(0.5450626703605039, 0.5794497410289575)": 0.994635112277256, "(0.5794497410289575, 0.7455115560135052)": 0.9937845982573353, "(0.7455115560135052, 0.8789155251158564)": 0.9937819461086226, "(0.8789155251158564, 0.8971627299976312)": 0.5445430757867972, "(0.8971627299976312, 1.0)": 0.5205195757248794}, "pct": 0.9953666073297608, "best_return": 2.769859390023613}, "rel_minmax": {"time_param": 28, "trend": "rel_minmax", "q_params": {"(0, 0.1358867023224507)": 0.9976470942803716, "(0.1358867023224507, 0.15732997145266603)": 0.9912024468680294, "(0.15732997145266603, 0.1965732775721348)": 0.977800419351574, "(0.1965732775721348, 0.5887302703617506)": 0.931642503297038, "(0.5887302703617506, 0.610768469290765)": 0.8430884273216479, "(0.610768469290765, 0.6233250627954352)": 0.69703349599818, "(0.6233250627954352, 0.6354269478832881)": 0.5855828802953903, "(0.6354269478832881, 0.6462168274786073)": 0.03799978050624271, "(0.6462168274786073, 0.7527279124184757)": 0.019619240937259565, "(0.7527279124184757, 1.0)": 0.0008132860961901396}, "pct": 0.931642503297038, "best_return": 7.867226623495096}, "ew_rel_minmax": {"time_param": 76, "trend": "ew_rel_minmax", "q_params": {"(0, 0.16212589386822285)": 0.9999086979735929, "(0.16212589386822285, 0.1701305791286427)": 0.9977170527984971, "(0.1701305791286427, 0.18625238731920407)": 0.9154237673382865, "(0.18625238731920407, 0.1919016823655452)": 0.8172627032966832, "(0.1919016823655452, 0.19748950134486182)": 0.6710356233666009, "(0.19748950134486182, 0.22983364295496836)": 0.2533344276545014, "(0.22983364295496836, 0.49894330169272433)": 0.1354207869734996, "(0.49894330169272433, 0.6410918729214693)": 0.13436642718462768, "(0.6410918729214693, 0.9536078253617624)": 0.015949250534576367, "(0.9536078253617624, 1.0)": 0.0033825006652804758}, "pct": 0.13436642718462768, "best_return": 6.785598438842449}}