{"ma": {"trend": "ma", "time_param": 49, "q_params": {"(0, 0.054281299682513676)": 1.0, "(0.054281299682513676, 0.12667121085084782)": 0.9964734859787628, "(0.12667121085084782, 0.19009915569916577)": 0.9961793872839486, "(0.19009915569916577, 0.3119776710274784)": 0.9958237275975047, "(0.3119776710274784, 0.5849698880168723)": 0.993451936598074, "(0.5849698880168723, 0.6231927948215867)": 0.9933914714588197, "(0.6231927948215867, 0.7342703299397935)": 0.9933876493558026, "(0.7342703299397935, 0.7816055780331534)": 0.9933548121174747, "(0.7816055780331534, 0.8513301381386529)": 0.9911507730407589, "(0.8513301381386529, 1.0)": 0.9910359161258742}, "pct": 0.993451936598074, "best_return": 2.4023030533224308}, "ew_ma": {"trend": "ew_ma", "time_param": 49, "q_params": {"(0, 0.05649926088289764)": 1.0, "(0.05649926088289764, 0.1973288429351248)": 0.9973331763014751, "(0.1973288429351248, 0.30000000000000004)": 0.9961570700324224, "(0.30000000000000004, 0.5366714069214802)": 0.9952996133166007, "(0.5366714069214802, 0.5497396427244328)": 0.9951513326897102, "(0.5497396427244328, 0.5741647540779458)": 0.993875875125921, "(0.5741647540779458, 0.7444535800956686)": 0.9937934423401988, "(0.7444535800956686, 0.8789155251158564)": 0.9937819461086226, "(0.8789155251158564, 0.8971627299976312)": 0.5511022440072172, "(0.8971627299976312, 1.0)": 0.5419051367855684}, "pct": 0.9973331763014751, "best_return": 2.5572551349387904}, "rel_minmax": {"time_param": 28, "trend": "rel_minmax", "q_params": {"(0, 0.14737742361891829)": 0.9905750463708748, "(0.14737742361891829, 0.17328755082491828)": 0.9842405366912004, "(0.17328755082491828, 0.1965732775721348)": 0.9413661428535907, "(0.1965732775721348, 0.5716563470037874)": 0.9313904340954676, "(0.5716563470037874, 0.6007836135447198)": 0.7463362336404922, "(0.6007836135447198, 0.6182374429222088)": 0.6886782295444589, "(0.6182374429222088, 0.6228963849382462)": 0.5426668988989797, "(0.6228963849382462, 0.6462168274786073)": 0.04371023990811945, "(0.6462168274786073, 0.7023515923830405)": 0.03686365594451278, "(0.7023515923830405, 1.0)": 0.0077758762454207915}, "pct": 0.9313904340954676, "best_return": 6.552982415936774}, "ew_rel_minmax": {"time_param": 76, "trend": "ew_rel_minmax", "q_params": {"(0, 0.0816949026387128)": 0.9957355897251249, "(0.0816949026387128, 0.14284427013466483)": 0.964080928202837, "(0.14284427013466483, 0.1711604783934203)": 0.9154237673382865, "(0.1711604783934203, 0.1919016823655452)": 0.7564625150087164, "(0.1919016823655452, 0.20461940177579477)": 0.6710356233666009, "(0.20461940177579477, 0.22983364295496836)": 0.2804852502287379, "(0.22983364295496836, 0.5339913482743115)": 0.1354207869734996, "(0.5339913482743115, 0.6388052781835313)": 0.13436642718462768, "(0.6388052781835313, 0.9536078253617624)": 0.05598902933434388, "(0.9536078253617624, 1.0)": 0.0047236439445454215}, "pct": 0.13436642718462768, "best_return": 6.2050558693538}}