{"ma": {"trend": "ma", "time_param": 49, "q_params": {"(0, 0.05713771759277732)": 1.0, "(0.05713771759277732, 0.07656839629457361)": 0.9985681697280171, "(0.07656839629457361, 0.16256082587437928)": 0.9941813406820522, "(0.16256082587437928, 0.3002799572195927)": 0.9937841898498625, "(0.3002799572195927, 0.5564839090142294)": 0.9934441825252865, "(0.5564839090142294, 0.612924330808206)": 0.9933914714588197, "(0.612924330808206, 0.7489650010798697)": 0.993387739680467, "(0.7489650010798697, 0.7901730759048747)": 0.9933548121174747, "(0.7901730759048747, 0.8563319801438796)": 0.9910579573816951, "(0.8563319801438796, 1.0)": 0.9910359161258742}, "pct": 0.9933914714588197, "best_return": 2.7003244047493182}, "ew_ma": {"trend": "ew_ma", "time_param": 49, "q_params": {"(0, 0.06366346879812886)": 1.0, "(0.06366346879812886, 0.15795008645581127)": 0.9954006345797427, "(0.15795008645581127, 0.2591450123653123)": 0.9953666073297608, "(0.2591450123653123, 0.5291727098770644)": 0.9951115979242138, "(0.5291727098770644, 0.5450626703605039)": 0.9951012994484892, "(0.5450626703605039, 0.5794497410289575)": 0.9949842937073516, "(0.5794497410289575, 0.7455115560135052)": 0.9937845982573353, "(0.7455115560135052, 0.8789155251158564)": 0.9937819461086226, "(0.8789155251158564, 0.8971627299976312)": 0.5445430757867972, "(0.8971627299976312, 1.0)": 0.5324280160235927}, "pct": 0.9954006345797427, "best_return": 2.895846614690701}, "rel_minmax": {"time_param": 28, "trend": "rel_minmax", "q_params": {"(0, 0.1358867023224507)": 0.9977135590464576, "(0.1358867023224507, 0.1794371471702579)": 0.9912024468680294, "(0.1794371471702579, 0.1965732775721348)": 0.9830163031301676, "(0.1965732775721348, 0.5887302703617506)": 0.9601887255630273, "(0.5887302703617506, 0.6095939054455691)": 0.8868655945238417, "(0.6095939054455691, 0.6281299383882212)": 0.69703349599818, "(0.6281299383882212, 0.6354269478832881)": 0.6737719497533426, "(0.6354269478832881, 0.6381520164864019)": 0.03799978050624271, "(0.6381520164864019, 0.7527279124184757)": 0.0030448688059004523, "(0.7527279124184757, 1.0)": 0.00018012017679922294}, "pct": 0.9601887255630273, "best_return": 8.568986154039438}, "ew_rel_minmax": {"time_param": 76, "trend": "ew_rel_minmax", "q_params": {"(0, 0.16212589386822285)": 0.9999086979735929, "(0.16212589386822285, 0.1701305791286427)": 0.9200415197433292, "(0.1701305791286427, 0.18625238731920407)": 0.9154237673382865, "(0.18625238731920407, 0.1919016823655452)": 0.8172627032966832, "(0.1919016823655452, 0.19748950134486182)": 0.6710356233666009, "(0.19748950134486182, 0.22983364295496836)": 0.2533344276545014, "(0.22983364295496836, 0.49894330169272433)": 0.1354207869734996, "(0.49894330169272433, 0.6229879571159908)": 0.13436642718462768, "(0.6229879571159908, 0.9536078253617624)": 0.07276932071355127, "(0.9536078253617624, 1.0)": 0.0033825006652804758}, "pct": 0.13436642718462768, "best_return": 6.7586615736218585}}