{"ma": {"trend": "ma", "time_param": 49, "q_params": {"(0.0, 0.05889629562501698)": 1.0, "(0.05889629562501698, 0.08598429947003955)": 0.995812185450003, "(0.08598429947003955, 0.16078873221223047)": 0.9941813406820522, "(0.16078873221223047, 0.3299265031155642)": 0.993552335347703, "(0.3299265031155642, 0.5596732424158297)": 0.9934048586252737, "(0.5596732424158297, 0.62873702500552)": 0.9933909325874098, "(0.62873702500552, 0.7715261506042084)": 0.9933904980468148, "(0.7715261506042084, 0.7952806338143388)": 0.9933548121174747, "(0.7952806338143388, 0.8563319801438796)": 0.9910579573816951, "(0.8563319801438796, 1.0)": 0.9910359161258742}, "pct": 1, "best_return": 2.28240966796875}, "ew_ma": {"trend": "ew_ma", "time_param": 49, "q_params": {"(0, 0.060697313308460156)": 1.0, "(0.060697313308460156, 0.18590359911340518)": 0.996398277360366, "(0.18590359911340518, 0.26228854382385947)": 0.995299008099013, "(0.26228854382385947, 0.5225768021445648)": 0.9952231126184212, "(0.5225768021445648, 0.5802897379137583)": 0.9951012994484892, "(0.5802897379137583, 0.6151936626110028)": 0.9949842937073516, "(0.6151936626110028, 0.7407623753175855)": 0.9937845982573353, "(0.7407623753175855, 0.887362434019876)": 0.9937819461086226, "(0.887362434019876, 0.8971627299976312)": 0.7228746036375138, "(0.8971627299976312, 1.0)": 0.5546021260671192}, "pct": 0.996398277360366, "best_return": 2.313914308694121}, "rel_minmax": {"time_param": 84, "trend": "rel_minmax", "q_params": {"(0, 0.07880979368326446)": 0.9163640281698274, "(0.07880979368326446, 0.13036170545953196)": 0.9066693952850341, "(0.13036170545953196, 0.14178962135831585)": 0.8863763301352799, "(0.14178962135831585, 0.1477169157194521)": 0.7372324165196515, "(0.1477169157194521, 0.2882664199059608)": 0.7344137799934981, "(0.2882664199059608, 0.3615580808993651)": 0.6531691151511196, "(0.3615580808993651, 0.45013159882764653)": 0.5233878944206369, "(0.45013159882764653, 0.7692822237393012)": 0.38993190069426226, "(0.7692822237393012, 0.837672859729825)": 0.3401195466657233, "(0.837672859729825, 1)": 0.09856967059067323}, "pct": 0.38993190069426226, "best_return": 2.7961496379875106}, "ew_rel_minmax": {"time_param": 100, "trend": "ew_rel_minmax", "q_params": {"(0, 0.036129034370201846)": 0.8465747467940844, "(0.036129034370201846, 0.16684458866246143)": 0.8315022452412141, "(0.16684458866246143, 0.33665525431471155)": 0.7653787168174294, "(0.33665525431471155, 0.5285668661721247)": 0.518847984979998, "(0.5285668661721247, 0.5736271524949618)": 0.4711556086597768, "(0.5736271524949618, 0.6992779244534653)": 0.4474025682253209, "(0.6992779244534653, 0.7686331032215613)": 0.41889364223375347, "(0.7686331032215613, 0.9301806859831165)": 0.24152324110898202, "(0.9301806859831165, 0.9318202360579659)": 0.11647065172061385, "(0.9318202360579659, 1)": 0.10404037033415736}, "pct": 0.4474025682253209, "best_return": 3.3246610736753883}}