{"ma": {"trend": "ma", "time_param": 49, "q_params": {"(0, 0.0969481661861484)": 0.9975912815142678, "(0.0969481661861484, 0.12085841032485908)": 0.9965288002340993, "(0.12085841032485908, 0.13504959622322046)": 0.9948189113515669, "(0.13504959622322046, 0.2863178126196642)": 0.9937849587622539, "(0.2863178126196642, 0.5415619829225963)": 0.9934048586252737, "(0.5415619829225963, 0.6638096429970533)": 0.9933894139453067, "(0.6638096429970533, 0.6800883918126214)": 0.9933871857918078, "(0.6800883918126214, 0.7846013815298374)": 0.9933725043911865, "(0.7846013815298374, 0.8700289293641416)": 0.9933385088799301, "(0.8700289293641416, 1.0)": 0.9910359161258742}, "pct": 0.9934048586252737, "best_return": 2.1455522391370767}, "ew_ma": {"trend": "ew_ma", "time_param": 49, "q_params": {"(0, 0.04802033924390138)": 0.9999371580565073, "(0.04802033924390138, 0.19791985676471938)": 0.999028470791946, "(0.19791985676471938, 0.26236127047005514)": 0.9989764839814269, "(0.26236127047005514, 0.37850406385268587)": 0.9955925446102158, "(0.37850406385268587, 0.5905852707934737)": 0.9949605271868592, "(0.5905852707934737, 0.6042578628607557)": 0.9945588762399111, "(0.6042578628607557, 0.8669216205757858)": 0.9940033782696748, "(0.8669216205757858, 0.8777506874186475)": 0.9885649490571138, "(0.8777506874186475, 0.9057313250270056)": 0.692964785256891, "(0.9057313250270056, 1.0)": 0.5687881176483554}, "pct": 0.999028470791946, "best_return": 2.222864776813399}, "rel_minmax": {"time_param": 115, "trend": "rel_minmax", "q_params": {"(0, 0.11698439316912501)": 0.8732439753164838, "(0.11698439316912501, 0.18841982407605407)": 0.6161499170088105, "(0.18841982407605407, 0.467842946410966)": 0.6055656853001096, "(0.467842946410966, 0.5073828220493971)": 0.5923448095768665, "(0.5073828220493971, 0.5104771768875626)": 0.5847163710686779, "(0.5104771768875626, 0.6489677129242489)": 0.4935303564508542, "(0.6489677129242489, 0.7218675048814094)": 0.19468093641008233, "(0.7218675048814094, 0.7493419530412959)": 0.12887428437703863, "(0.7493419530412959, 0.8951343016969702)": 0.09548805121234105, "(0.8951343016969702, 1)": 0.010014939686942337}, "pct": 0.6055656853001096, "best_return": 5.201391320627097}, "ew_rel_minmax": {"time_param": 83, "trend": "ew_rel_minmax", "q_params": {"(0, 0.12580245117546182)": 0.9552006147636003, "(0.12580245117546182, 0.2411467924026739)": 0.9486506797604468, "(0.2411467924026739, 0.3435854146587334)": 0.8927836185405991, "(0.3435854146587334, 0.3763917915315669)": 0.5820129483001576, "(0.3763917915315669, 0.45178501538337534)": 0.4311836215927338, "(0.45178501538337534, 0.49259712288539215)": 0.2622922511357032, "(0.49259712288539215, 0.6397183100690256)": 0.25947104082392297, "(0.6397183100690256, 0.6936026593067722)": 0.24798291677062417, "(0.6936026593067722, 0.9262710966204308)": 0.22206897676230836, "(0.9262710966204308, 1)": 0.16494237614743523}, "pct": 0.2622922511357032, "best_return": 3.8613469380830443}}