{"ma": {"trend": "ma", "time_param": 49, "q_params": {"(0, 0.054281299682513676)": 1.0, "(0.054281299682513676, 0.12667121085084782)": 0.9964734859787628, "(0.12667121085084782, 0.18667639054239524)": 0.9942902409887118, "(0.18667639054239524, 0.3119776710274784)": 0.9941036733288028, "(0.3119776710274784, 0.5564839090142294)": 0.993451936598074, "(0.5564839090142294, 0.6306836797741657)": 0.9933914714588197, "(0.6306836797741657, 0.7342703299397935)": 0.9933876493558026, "(0.7342703299397935, 0.7901730759048747)": 0.9933548121174747, "(0.7901730759048747, 0.8513301381386529)": 0.9911507730407589, "(0.8513301381386529, 1.0)": 0.9910359161258742}, "pct": 0.9933876493558026, "best_return": 2.666791382304639}, "ew_ma": {"trend": "ew_ma", "time_param": 49, "q_params": {"(0, 0.05649926088289764)": 1.0, "(0.05649926088289764, 0.19637184222401632)": 0.9962090722320148, "(0.19637184222401632, 0.2591450123653123)": 0.9959964089764693, "(0.2591450123653123, 0.5366714069214802)": 0.9951612204774257, "(0.5366714069214802, 0.5537070053410398)": 0.9946716017407228, "(0.5537070053410398, 0.5741647540779458)": 0.993875875125921, "(0.5741647540779458, 0.7444535800956686)": 0.9937845982573353, "(0.7444535800956686, 0.8789155251158564)": 0.9937819461086226, "(0.8789155251158564, 0.8971627299976312)": 0.5511022440072172, "(0.8971627299976312, 1.0)": 0.5181162800681692}, "pct": 0.9951612204774257, "best_return": 2.858555203106487}, "rel_minmax": {"time_param": 28, "trend": "rel_minmax", "q_params": {"(0, 0.1358867023224507)": 0.9905750463708748, "(0.1358867023224507, 0.1836679500270666)": 0.9887377377633286, "(0.1836679500270666, 0.1965732775721348)": 0.9363107627060112, "(0.1965732775721348, 0.5716563470037874)": 0.9313904340954676, "(0.5716563470037874, 0.6007836135447198)": 0.8013761654395484, "(0.6007836135447198, 0.6126178885065637)": 0.6403957182896438, "(0.6126178885065637, 0.6354269478832881)": 0.5426668988989797, "(0.6354269478832881, 0.6462168274786073)": 0.04371023990811945, "(0.6462168274786073, 0.7507316991268356)": 0.02842029479616533, "(0.7507316991268356, 1.0)": 0.0008132860961901396}, "pct": 0.9313904340954676, "best_return": 7.986119296727619}, "ew_rel_minmax": {"time_param": 76, "trend": "ew_rel_minmax", "q_params": {"(0, 0.1254268358274647)": 0.9985851682526323, "(0.1254268358274647, 0.1701305791286427)": 0.9977170527984971, "(0.1701305791286427, 0.1711604783934203)": 0.9154237673382865, "(0.1711604783934203, 0.1919016823655452)": 0.7564625150087164, "(0.1919016823655452, 0.19748950134486182)": 0.6710356233666009, "(0.19748950134486182, 0.22983364295496836)": 0.27414763555021987, "(0.22983364295496836, 0.49894330169272433)": 0.1354207869734996, "(0.49894330169272433, 0.6388052781835313)": 0.13436642718462768, "(0.6388052781835313, 0.9536078253617624)": 0.015949250534576367, "(0.9536078253617624, 1.0)": 0.00456402804317149}, "pct": 0.13436642718462768, "best_return": 6.829177319459052}}