{"ma": {"trend": "ma", "time_param": 49, "q_params": {"(0, 0.05889629562501698)": 1.0, "(0.05889629562501698, 0.10819342627560687)": 0.9998508831420791, "(0.10819342627560687, 0.12893519650319646)": 0.9941813406820522, "(0.12893519650319646, 0.29200761098520306)": 0.993552335347703, "(0.29200761098520306, 0.5596732424158297)": 0.9934048586252737, "(0.5596732424158297, 0.6297671666214969)": 0.993384592961274, "(0.6297671666214969, 0.7715261506042084)": 0.993355141513991, "(0.7715261506042084, 0.7846013815298374)": 0.9933548121174747, "(0.7846013815298374, 0.8568916899300325)": 0.9910821334303264, "(0.8568916899300325, 1.0)": 0.9910359161258742}, "pct": 0.993552335347703, "best_return": 2.1338083514772475}, "ew_ma": {"trend": "ew_ma", "time_param": 49, "q_params": {"(0, 0.04802033924390138)": 1.0, "(0.04802033924390138, 0.1931489285837601)": 0.9979174207673299, "(0.1931489285837601, 0.2477906738895539)": 0.995553424411798, "(0.2477906738895539, 0.36291656065765177)": 0.9954204147582696, "(0.36291656065765177, 0.5689206760580368)": 0.9950815297654751, "(0.5689206760580368, 0.6151936626110028)": 0.9942831437172568, "(0.6151936626110028, 0.8043185691970585)": 0.9937845982573353, "(0.8043185691970585, 0.8699617610634867)": 0.9937819461086226, "(0.8699617610634867, 0.8757918062692963)": 0.7228746036375138, "(0.8757918062692963, 1.0)": 0.5839173446146223}, "pct": 0.9979174207673299, "best_return": 2.1269430845485666}, "rel_minmax": {"time_param": 33, "trend": "rel_minmax", "q_params": {"(0, 0.057534165184352615)": 0.8781649878178647, "(0.057534165184352615, 0.10579154456216362)": 0.8546839834075864, "(0.10579154456216362, 0.10739714855704185)": 0.8154982169955027, "(0.10739714855704185, 0.1416438977719242)": 0.7639263379071312, "(0.1416438977719242, 0.15019744024474047)": 0.713808099455319, "(0.15019744024474047, 0.3777232349090681)": 0.6347384547332912, "(0.3777232349090681, 0.47053447461812753)": 0.5227668837094048, "(0.47053447461812753, 0.8248921836195064)": 0.2620480405728004, "(0.8248921836195064, 0.9291179737165287)": 0.24342498075093616, "(0.9291179737165287, 1)": 0.1087185644071736}, "pct": 0.2620480405728004, "best_return": 2.680747799330165}, "ew_rel_minmax": {"time_param": 111, "trend": "ew_rel_minmax", "q_params": {"(0, 0.03060257761813672)": 0.9466666250076974, "(0.03060257761813672, 0.11861277993631955)": 0.9223892708313829, "(0.11861277993631955, 0.1404287075529263)": 0.7724520710723447, "(0.1404287075529263, 0.2961547222447091)": 0.6657668095119703, "(0.2961547222447091, 0.40499355238775997)": 0.42622760208911714, "(0.40499355238775997, 0.6190541044968149)": 0.39102716123963643, "(0.6190541044968149, 0.6623825887462427)": 0.3009990108629691, "(0.6623825887462427, 0.7384431714502405)": 0.07065771328595118, "(0.7384431714502405, 0.9630773194386989)": 0.01843226568590513, "(0.9630773194386989, 1)": 0.012342776689162211}, "pct": 0.39102716123963643, "best_return": 4.925249506140139}}