{"ma": {"trend": "ma", "time_param": 49, "q_params": {"(0.0, 0.0969481661861484)": 0.9975912815142678, "(0.0969481661861484, 0.12085841032485908)": 0.9958037735973805, "(0.12085841032485908, 0.13504959622322046)": 0.9943208416228971, "(0.13504959622322046, 0.2863178126196642)": 0.9937849587622539, "(0.2863178126196642, 0.5596732424158297)": 0.9934048586252737, "(0.5596732424158297, 0.6535081206446216)": 0.993384592961274, "(0.6535081206446216, 0.6800883918126214)": 0.993374877149454, "(0.6800883918126214, 0.7846013815298374)": 0.9933725043911865, "(0.7846013815298374, 0.8637605725105856)": 0.9910821334303264, "(0.8637605725105856, 1.0)": 0.9910359161258742}, "pct": 1, "best_return": 2.1205400206166547}, "ew_ma": {"trend": "ew_ma", "time_param": 49, "q_params": {"(0, 0.04802033924390138)": 0.9997702199952959, "(0.04802033924390138, 0.19791985676471938)": 0.999028470791946, "(0.19791985676471938, 0.25437638042176985)": 0.995553424411798, "(0.25437638042176985, 0.37850406385268587)": 0.9954204147582696, "(0.37850406385268587, 0.5689206760580368)": 0.9950609154879523, "(0.5689206760580368, 0.6366191808539271)": 0.9941972479655691, "(0.6366191808539271, 0.8511997807927963)": 0.9940033782696748, "(0.8511997807927963, 0.8750950460334607)": 0.9854715585338785, "(0.8750950460334607, 0.8972175476827862)": 0.7047833221624047, "(0.8972175476827862, 1.0)": 0.5587958160104004}, "pct": 0.999028470791946, "best_return": 2.139431769187752}, "rel_minmax": {"time_param": 11, "trend": "rel_minmax", "q_params": {"(0, 0.029049519801684805)": 0.9131775286618569, "(0.029049519801684805, 0.14981431632302283)": 0.8795565083329987, "(0.14981431632302283, 0.3731447415803548)": 0.6440286412268627, "(0.3731447415803548, 0.40909944352325667)": 0.6036574418974425, "(0.40909944352325667, 0.45752292353814544)": 0.5135438556623741, "(0.45752292353814544, 0.47262153912586213)": 0.34604696367466103, "(0.47262153912586213, 0.5130810355636709)": 0.178894863746081, "(0.5130810355636709, 0.7369724518644974)": 0.10319401850584575, "(0.7369724518644974, 0.9587001342626436)": 0.08207951179486583, "(0.9587001342626436, 1)": 0.0438352939482255}, "pct": 0.10319401850584575, "best_return": 2.4111991124138568}, "ew_rel_minmax": {"time_param": 54, "trend": "ew_rel_minmax", "q_params": {"(0, 0.017615527300534704)": 0.8893646485888537, "(0.017615527300534704, 0.053415011568563)": 0.7933705753812289, "(0.053415011568563, 0.11838087420072918)": 0.7724610999975511, "(0.11838087420072918, 0.33904015830204803)": 0.7531088986824859, "(0.33904015830204803, 0.569618726183287)": 0.6310649765253149, "(0.569618726183287, 0.7080962271493587)": 0.40162999574092106, "(0.7080962271493587, 0.717953631755221)": 0.3331322173239901, "(0.717953631755221, 0.7249877236725031)": 0.20706468212538587, "(0.7249877236725031, 0.968359015509494)": 0.06126323993693972, "(0.968359015509494, 1)": 0.0077770679546474986}, "pct": 0.6310649765253149, "best_return": 3.5393387819204385}}