{"ma": {"trend": "ma", "time_param": 93, "q_params": {"(0, 0.11130038362968649)": 1.0, "(0.11130038362968649, 0.1444766861662528)": 0.9980022630801668, "(0.1444766861662528, 0.20940822910537865)": 0.9959311833547212, "(0.20940822910537865, 0.40936239224985305)": 0.9957124610152621, "(0.40936239224985305, 0.5107427118577896)": 0.9956896000751052, "(0.5107427118577896, 0.5954187117174087)": 0.9956583620226057, "(0.5954187117174087, 0.7674074115090853)": 0.9953331786227276, "(0.7674074115090853, 0.8090519785270621)": 0.9950697451813793, "(0.8090519785270621, 0.9493692394796047)": 0.9920279440699441, "(0.9493692394796047, 1.0)": 0.8453422356877139}, "pct": 0.9953331786227276, "best_return": 4.292506488241089}, "ew_ma": {"trend": "ew_ma", "time_param": 93, "q_params": {"(0, 0.043671084773207365)": 1.0, "(0.043671084773207365, 0.08115613294401003)": 0.9980954256146374, "(0.08115613294401003, 0.30000000000000004)": 0.9970623624024337, "(0.30000000000000004, 0.4972766701334279)": 0.9967024851759472, "(0.4972766701334279, 0.5388135034385174)": 0.9961792983133828, "(0.5388135034385174, 0.5793576374273207)": 0.9956572773653891, "(0.5793576374273207, 0.622236146206518)": 0.9851484998168625, "(0.622236146206518, 0.9257505648036631)": 0.9777901665041956, "(0.9257505648036631, 0.9458348326511696)": 0.9601815777214165, "(0.9458348326511696, 1.0)": 0.7694431861711277}, "pct": 0.9777901665041956, "best_return": 4.72661397858098}, "rel_minmax": {"time_param": 81, "trend": "rel_minmax", "q_params": {"(0, 0.1981306984599971)": 0.9893535766332233, "(0.1981306984599971, 0.28945459183689504)": 0.978573779828647, "(0.28945459183689504, 0.33172321539332916)": 0.9446217568088549, "(0.33172321539332916, 0.39937682577112404)": 0.7458340687380861, "(0.39937682577112404, 0.4149312981963539)": 0.4890393273145687, "(0.4149312981963539, 0.421049995547396)": 0.43273247831426515, "(0.421049995547396, 0.47543036413465767)": 0.11073038262174179, "(0.47543036413465767, 0.6496081854362646)": 0.09457849219317838, "(0.6496081854362646, 0.9422651959179077)": 0.0935905631949102, "(0.9422651959179077, 1.0)": 0.012342684676679585}, "pct": 0.0935905631949102, "best_return": 10.573605263198777}, "ew_rel_minmax": {"time_param": 169, "trend": "ew_rel_minmax", "q_params": {"(0, 0.07653234153330993)": 0.970151507518454, "(0.07653234153330993, 0.10428354840504273)": 0.7513040348608239, "(0.10428354840504273, 0.30162926763742987)": 0.40134899927295326, "(0.30162926763742987, 0.5410458734933872)": 0.3988087688506283, "(0.5410458734933872, 0.670266675765655)": 0.2931131058172147, "(0.670266675765655, 0.6848781837950886)": 0.28253443205207773, "(0.6848781837950886, 0.8174628264699763)": 0.18100194511437614, "(0.8174628264699763, 0.905475684535721)": 0.17555810284713166, "(0.905475684535721, 0.9056561897493837)": 0.10273929115834668, "(0.9056561897493837, 1.0)": 0.002977503236460243}, "pct": 0.002977503236460243, "best_return": 7.690152725452712}}