{"ma": {"trend": "ma", "time_param": 93, "q_params": {"(0, 0.09695491556548123)": 0.9986067446476359, "(0.09695491556548123, 0.1336723614500878)": 0.9982003712972332, "(0.1336723614500878, 0.24826466337778974)": 0.9965993895898586, "(0.24826466337778974, 0.46403419137798374)": 0.9957060874247814, "(0.46403419137798374, 0.5502249629052227)": 0.9957050988682645, "(0.5502249629052227, 0.6104177263118318)": 0.9954667866847797, "(0.6104177263118318, 0.7523220819878853)": 0.9954273131297023, "(0.7523220819878853, 0.8149952686663733)": 0.9867774391165185, "(0.8149952686663733, 0.9493692394796047)": 0.9666934026275991, "(0.9493692394796047, 1.0)": 0.8069319485696452}, "pct": 0.9954667866847797, "best_return": 3.2143083384770197}, "ew_ma": {"trend": "ew_ma", "time_param": 93, "q_params": {"(0, 0.049549274881124164)": 0.9996982372695743, "(0.049549274881124164, 0.12639367647104618)": 0.998674006551817, "(0.12639367647104618, 0.2929880501158605)": 0.9964811815354694, "(0.2929880501158605, 0.46501247575563925)": 0.9961139661078526, "(0.46501247575563925, 0.567876785432941)": 0.9908384023580594, "(0.567876785432941, 0.5729852860567508)": 0.9904016907905041, "(0.5729852860567508, 0.6244876352180957)": 0.9881588553725431, "(0.6244876352180957, 0.9429840133947237)": 0.9609719457287651, "(0.9429840133947237, 0.9879328915847296)": 0.9082451177861702, "(0.9879328915847296, 1.0)": 0.6663635505627643}, "pct": 0.9609719457287651, "best_return": 3.3978412114803254}, "rel_minmax": {"time_param": 121, "trend": "rel_minmax", "q_params": {"(0, 0.03772283772536933)": 0.7615118171859507, "(0.03772283772536933, 0.22667618284082636)": 0.7256188115956456, "(0.22667618284082636, 0.23922105364721963)": 0.6502751264031448, "(0.23922105364721963, 0.2723603097395926)": 0.48550188418425033, "(0.2723603097395926, 0.4735112662737333)": 0.4755214135501652, "(0.4735112662737333, 0.553709043157525)": 0.40841675141914074, "(0.553709043157525, 0.7294200696873475)": 0.38202385309170206, "(0.7294200696873475, 0.926839463942439)": 0.3534205348322528, "(0.926839463942439, 0.9603058238430989)": 0.2901470990858893, "(0.9603058238430989, 1)": 0.27940592626973537}, "pct": 0.3534205348322528, "best_return": 5.05743624329422}, "ew_rel_minmax": {"time_param": 118, "trend": "ew_rel_minmax", "q_params": {"(0, 0.1764346616177463)": 0.968495792670068, "(0.1764346616177463, 0.28788716068580805)": 0.955906212816626, "(0.28788716068580805, 0.4816119974169052)": 0.6937143520558231, "(0.4816119974169052, 0.5331786494107085)": 0.6675967418085903, "(0.5331786494107085, 0.5746763120939795)": 0.5920741983121721, "(0.5746763120939795, 0.7716445806676034)": 0.5708105191840989, "(0.7716445806676034, 0.8512290032766239)": 0.5550990458343487, "(0.8512290032766239, 0.9400026863129775)": 0.45609181177107117, "(0.9400026863129775, 0.9594175067591433)": 0.38159855455086666, "(0.9594175067591433, 1)": 0.01658307800781738}, "pct": 0.38159855455086666, "best_return": 5.340691151050523}}