{"ma": {"trend": "ma", "time_param": 93, "q_params": {"(0, 0.1268859391753902)": 1.0, "(0.1268859391753902, 0.1336723614500878)": 0.9982003712972332, "(0.1336723614500878, 0.2084216877614914)": 0.9965993895898586, "(0.2084216877614914, 0.46403419137798374)": 0.9957060874247814, "(0.46403419137798374, 0.5502249629052227)": 0.9957050988682645, "(0.5502249629052227, 0.6104177263118318)": 0.9956761068777188, "(0.6104177263118318, 0.7523220819878853)": 0.9953718540736622, "(0.7523220819878853, 0.8149952686663733)": 0.9950697451813793, "(0.8149952686663733, 0.9493692394796047)": 0.9345390182776075, "(0.9493692394796047, 1.0)": 0.8069319485696452}, "pct": 0.9950697451813793, "best_return": 4.195115581249416}, "ew_ma": {"trend": "ew_ma", "time_param": 93, "q_params": {"(0, 0.06619691775141759)": 0.9992847292475351, "(0.06619691775141759, 0.10294436795212836)": 0.998674006551817, "(0.10294436795212836, 0.29112986445048317)": 0.996660891745096, "(0.29112986445048317, 0.46501247575563925)": 0.9961139661078526, "(0.46501247575563925, 0.567876785432941)": 0.9945608759982704, "(0.567876785432941, 0.5772584947217614)": 0.9904016907905041, "(0.5772584947217614, 0.6338576657638914)": 0.9734418035176362, "(0.6338576657638914, 0.9358802352390382)": 0.9619243914879166, "(0.9358802352390382, 0.9879328915847296)": 0.889616149101693, "(0.9879328915847296, 1.0)": 0.6944258868044586}, "pct": 0.9619243914879166, "best_return": 4.297604707368386}, "rel_minmax": {"time_param": 188, "trend": "rel_minmax", "q_params": {"(0, 0.08459945105944754)": 0.9273900183637032, "(0.08459945105944754, 0.2122019996202718)": 0.8597558853443262, "(0.2122019996202718, 0.22221048249866615)": 0.6934488544569591, "(0.22221048249866615, 0.29977982486848664)": 0.6578581929923785, "(0.29977982486848664, 0.40132949196453294)": 0.5870510840612829, "(0.40132949196453294, 0.5582039620464037)": 0.3137075071491306, "(0.5582039620464037, 0.5807168050955616)": 0.28070412875013845, "(0.5807168050955616, 0.6729017824451116)": 0.2502167046015417, "(0.6729017824451116, 0.9017121150801463)": 0.19480063137203862, "(0.9017121150801463, 1)": 0.16124599922991523}, "pct": 0.16124599922991523, "best_return": 6.911258021957658}, "ew_rel_minmax": {"time_param": 132, "trend": "ew_rel_minmax", "q_params": {"(0, 0.12431463794559501)": 0.9870993868082647, "(0.12431463794559501, 0.13395894509773773)": 0.9325966020241693, "(0.13395894509773773, 0.19097533739528952)": 0.8367376607639531, "(0.19097533739528952, 0.2856453232289913)": 0.7782108600300117, "(0.2856453232289913, 0.3610043787280359)": 0.7490735658237305, "(0.3610043787280359, 0.4938589588826269)": 0.5475793814113209, "(0.4938589588826269, 0.6766442388284273)": 0.1506698255636032, "(0.6766442388284273, 0.9077246445331449)": 0.15037660949261872, "(0.9077246445331449, 0.9453378855425222)": 0.10507906005987333, "(0.9453378855425222, 1)": 0.0598777182954025}, "pct": 0.0598777182954025, "best_return": 5.392858070639849}}