{"ma": {"time_param": 156, "trend": "ma", "q_params": {"(0, 0.1685848359844092)": 0.9278364838800561, "(0.1685848359844092, 0.1771008115798436)": 0.8500382310850875, "(0.1771008115798436, 0.21308832241070375)": 0.7081037427311878, "(0.21308832241070375, 0.41363999117354855)": 0.5962205733572619, "(0.41363999117354855, 0.5208305456704723)": 0.577248190357482, "(0.5208305456704723, 0.6603860893239906)": 0.4273016110681619, "(0.6603860893239906, 0.6835027772830191)": 0.42178165201316786, "(0.6835027772830191, 0.712994525066452)": 0.3263623078988887, "(0.712994525066452, 0.996738267730843)": 0.2899763566305345, "(0.996738267730843, 1.0)": 0.05313743681750055}, "pct": 0.5962205733572619, "best_return": 3.4634699495653205}, "ew_ma": {"time_param": 180, "trend": "ew_ma", "q_params": {"(0, 0.1272111037478315)": 0.991708110216297, "(0.1272111037478315, 0.4161460424462785)": 0.93570230042575, "(0.4161460424462785, 0.42143796733423056)": 0.7621059071377434, "(0.42143796733423056, 0.6925106839477213)": 0.7228624102475556, "(0.6925106839477213, 0.7097309673492171)": 0.709721587132533, "(0.7097309673492171, 0.8300584430244651)": 0.7054137450414049, "(0.8300584430244651, 0.8873314483083857)": 0.6354257713941037, "(0.8873314483083857, 0.9020896623078473)": 0.32628901817977957, "(0.9020896623078473, 0.9290447066553693)": 0.24083482770649303, "(0.9290447066553693, 1)": 0.19303513567509956}, "pct": 0.7228624102475556, "best_return": 3.536031702307711}, "rel_minmax": {"time_param": 172, "trend": "rel_minmax", "q_params": {"(0, 0.09442891161048395)": 0.90908396524147, "(0.09442891161048395, 0.2752908475942091)": 0.8613103597358042, "(0.2752908475942091, 0.34617079243253884)": 0.6562508690978665, "(0.34617079243253884, 0.49577665671922627)": 0.5549108706765389, "(0.49577665671922627, 0.5261681489614604)": 0.4958023717646103, "(0.5261681489614604, 0.6596150042820051)": 0.3982289591237437, "(0.6596150042820051, 0.8025194782877647)": 0.39490657541603313, "(0.8025194782877647, 0.8637664230032923)": 0.359345359397804, "(0.8637664230032923, 0.9182738421966536)": 0.2707901758526645, "(0.9182738421966536, 1.0)": 0.10267895055622822}, "pct": 0.359345359397804, "best_return": 8.345431758478282}, "ew_rel_minmax": {"time_param": 175, "trend": "ew_rel_minmax", "q_params": {"(0, 0.07909399677642139)": 0.9817860112067233, "(0.07909399677642139, 0.09733246141741006)": 0.8164084319699516, "(0.09733246141741006, 0.2781378317225623)": 0.7221574849789651, "(0.2781378317225623, 0.3287442787934278)": 0.705525601956027, "(0.3287442787934278, 0.33869076828679523)": 0.5613818305477406, "(0.33869076828679523, 0.8327453369273852)": 0.520160845756642, "(0.8327453369273852, 0.8961253087203382)": 0.43406978365300075, "(0.8961253087203382, 0.9792203193482175)": 0.3831312372720141, "(0.9792203193482175, 0.9969063896096744)": 0.17471539784825083, "(0.9969063896096744, 1.0)": 0.1219372199900235}, "pct": 0.3831312372720141, "best_return": 7.856881140439528}}