{"ma": {"trend": "ma", "time_param": 93, "q_params": {"(0, 0.11130038362968649)": 1.0, "(0.11130038362968649, 0.11872468287932768)": 0.9966905298505526, "(0.11872468287932768, 0.20940822910537865)": 0.9959311833547212, "(0.20940822910537865, 0.4654238507362487)": 0.9956902972513912, "(0.4654238507362487, 0.5107427118577896)": 0.9956751285045973, "(0.5107427118577896, 0.5954187117174087)": 0.9956583620226057, "(0.5954187117174087, 0.7602659667345222)": 0.9954010924756179, "(0.7602659667345222, 0.8044350565903262)": 0.9950697451813793, "(0.8044350565903262, 0.9493692394796047)": 0.9920279440699441, "(0.9493692394796047, 1.0)": 0.7999139826995412}, "pct": 0.9954010924756179, "best_return": 3.5486616019809434}, "ew_ma": {"trend": "ew_ma", "time_param": 93, "q_params": {"(0, 0.08066655179616375)": 1.0, "(0.08066655179616375, 0.08115613294401003)": 0.9984687815822022, "(0.08115613294401003, 0.30000000000000004)": 0.9970623624024337, "(0.30000000000000004, 0.4972766701334279)": 0.996611519311251, "(0.4972766701334279, 0.5388135034385174)": 0.9961792983133828, "(0.5388135034385174, 0.5695879614020646)": 0.9956572773653891, "(0.5695879614020646, 0.5774236944455577)": 0.9924656609824046, "(0.5774236944455577, 0.9257505648036631)": 0.9645165425342771, "(0.9257505648036631, 0.9458348326511696)": 0.9601815777214165, "(0.9458348326511696, 1.0)": 0.7360072964053475}, "pct": 0.9645165425342771, "best_return": 3.979446069919512}, "rel_minmax": {"time_param": 81, "trend": "rel_minmax", "q_params": {"(0, 0.1981306984599971)": 0.9978877440401344, "(0.1981306984599971, 0.28945459183689504)": 0.9802908263221837, "(0.28945459183689504, 0.32954111567358696)": 0.94824982712391, "(0.32954111567358696, 0.39937682577112404)": 0.7946975262177656, "(0.39937682577112404, 0.4149312981963539)": 0.5111815931939777, "(0.4149312981963539, 0.421049995547396)": 0.4158807877072424, "(0.421049995547396, 0.4775846972148017)": 0.0992664686033731, "(0.4775846972148017, 0.6496081854362646)": 0.09615030261731342, "(0.6496081854362646, 0.9422651959179077)": 0.0935905631949102, "(0.9422651959179077, 1.0)": 0.012342684676679585}, "pct": 0.0935905631949102, "best_return": 10.25443748407776}, "ew_rel_minmax": {"time_param": 169, "trend": "ew_rel_minmax", "q_params": {"(0, 0.08904060182219618)": 0.970151507518454, "(0.08904060182219618, 0.10428354840504273)": 0.7513040348608239, "(0.10428354840504273, 0.30162926763742987)": 0.40134899927295326, "(0.30162926763742987, 0.5632167263945348)": 0.3988087688506283, "(0.5632167263945348, 0.6732654342264848)": 0.3524998813140198, "(0.6732654342264848, 0.6848781837950886)": 0.3207650563021936, "(0.6848781837950886, 0.8132588220268352)": 0.18100194511437614, "(0.8132588220268352, 0.905475684535721)": 0.17555810284713166, "(0.905475684535721, 0.9056561897493837)": 0.10273929115834668, "(0.9056561897493837, 1.0)": 0.002977503236460243}, "pct": 0.002977503236460243, "best_return": 7.898593280497234}}