{"ma": {"time_param": 178, "trend": "ma", "q_params": {"(0, 0.02452678172362044)": 0.9420275941510468, "(0.02452678172362044, 0.16095971821904348)": 0.8781406389292478, "(0.16095971821904348, 0.30483738489510004)": 0.864060273830229, "(0.30483738489510004, 0.42644350706306744)": 0.8232901863053153, "(0.42644350706306744, 0.46785985951190434)": 0.8164366145951915, "(0.46785985951190434, 0.48828884269063)": 0.6082938525203874, "(0.48828884269063, 0.5588875848275466)": 0.5734595085464301, "(0.5588875848275466, 0.8663677339709857)": 0.5463310997588727, "(0.8663677339709857, 0.9823470973001163)": 0.40468951541937215, "(0.9823470973001163, 1)": 0.045096131357545234}, "pct": 0.864060273830229, "best_return": 3.6305442956229492}, "ew_ma": {"time_param": 151, "trend": "ew_ma", "q_params": {"(0, 0.057413834066036104)": 0.9778385448162995, "(0.057413834066036104, 0.09490081213811644)": 0.8514693304229478, "(0.09490081213811644, 0.22784676327547604)": 0.8079083667392724, "(0.22784676327547604, 0.24842649450738793)": 0.771676962656456, "(0.24842649450738793, 0.37999603726999814)": 0.7186570906184339, "(0.37999603726999814, 0.5484990947499305)": 0.7004145394650355, "(0.5484990947499305, 0.5893519036016027)": 0.6048981439309562, "(0.5893519036016027, 0.8745164403528854)": 0.5264200059621004, "(0.8745164403528854, 0.9650562675204918)": 0.2838578013956038, "(0.9650562675204918, 1.0)": 0.03453836568469102}, "pct": 0.5264200059621004, "best_return": 3.2658717178329457}, "rel_minmax": {"time_param": 52, "trend": "rel_minmax", "q_params": {"(0, 0.20948130855169356)": 0.8908804274390324, "(0.20948130855169356, 0.35431634480300034)": 0.79438877976432, "(0.35431634480300034, 0.35463285732019334)": 0.769404767406819, "(0.35463285732019334, 0.37276240915483927)": 0.5092109449622296, "(0.37276240915483927, 0.42716930379485113)": 0.4931260373457537, "(0.42716930379485113, 0.6047444992593016)": 0.34518939581209157, "(0.6047444992593016, 0.6451259724101803)": 0.29414041805445945, "(0.6451259724101803, 0.6671046310838499)": 0.15237897792936383, "(0.6671046310838499, 0.7803892369386248)": 0.14425387774544635, "(0.7803892369386248, 1)": 0.026431379439386282}, "pct": 0.026431379439386282, "best_return": 5.49846855656129}, "ew_rel_minmax": {"time_param": 49, "trend": "ew_rel_minmax", "q_params": {"(0, 0.5340597234538998)": 0.7036348629018067, "(0.5340597234538998, 0.5472854691512132)": 0.6542410136252472, "(0.5472854691512132, 0.5878198883923016)": 0.6503072984699113, "(0.5878198883923016, 0.6093428242795202)": 0.5779045437400352, "(0.6093428242795202, 0.797318343522472)": 0.5577213267041655, "(0.797318343522472, 0.8425398086155674)": 0.3617549089898945, "(0.8425398086155674, 0.8445488274855086)": 0.30421081762542257, "(0.8445488274855086, 0.8730603698712646)": 0.12520612451839677, "(0.8730603698712646, 0.8776116023666923)": 0.12001351961249207, "(0.8776116023666923, 1)": 0.08687637318486285}, "pct": 0.08687637318486285, "best_return": 3.9985032081526333}}