{"ma": {"trend": "ma", "time_param": 93, "q_params": {"(0, 0.10958631044539023)": 1.0, "(0.10958631044539023, 0.11872468287932768)": 0.9966905298505526, "(0.11872468287932768, 0.1801616906131937)": 0.9958949732072551, "(0.1801616906131937, 0.4663063144894263)": 0.9957060874247814, "(0.4663063144894263, 0.5550368439163843)": 0.9956819949182032, "(0.5550368439163843, 0.5954187117174087)": 0.9956761068777188, "(0.5954187117174087, 0.735626405124814)": 0.9955562811494599, "(0.735626405124814, 0.8075827180968327)": 0.9950697451813793, "(0.8075827180968327, 0.9493692394796047)": 0.9345390182776075, "(0.9493692394796047, 1.0)": 0.8069319485696452}, "pct": 0.9950697451813793, "best_return": 4.0373465125098065}, "ew_ma": {"trend": "ew_ma", "time_param": 93, "q_params": {"(0, 0.06619691775141759)": 0.9990026256752162, "(0.06619691775141759, 0.11360284716154745)": 0.9983099395090437, "(0.11360284716154745, 0.29112986445048317)": 0.9967114742325883, "(0.29112986445048317, 0.46501247575563925)": 0.9961139661078526, "(0.46501247575563925, 0.567876785432941)": 0.9954789685103339, "(0.567876785432941, 0.5772584947217614)": 0.9954369179397958, "(0.5772584947217614, 0.6009657271964954)": 0.9952764213571273, "(0.6009657271964954, 0.917735888671289)": 0.9619243914879166, "(0.917735888671289, 0.950630140964098)": 0.889616149101693, "(0.950630140964098, 1.0)": 0.7315820966211269}, "pct": 0.9619243914879166, "best_return": 4.493062386842879}, "rel_minmax": {"time_param": 107, "trend": "rel_minmax", "q_params": {"(0, 0.03925416655879263)": 0.9804566911384857, "(0.03925416655879263, 0.1703011970714489)": 0.7026930771471804, "(0.1703011970714489, 0.1857769840982063)": 0.5467448026412101, "(0.1857769840982063, 0.2462457852107638)": 0.5203466139251343, "(0.2462457852107638, 0.35910664364410505)": 0.4105029022716564, "(0.35910664364410505, 0.4305355537336325)": 0.37204051220143886, "(0.4305355537336325, 0.5096106791023894)": 0.324369392015674, "(0.5096106791023894, 0.577296402752668)": 0.21094997321387915, "(0.577296402752668, 0.6338541085832228)": 0.2086283278906177, "(0.6338541085832228, 1)": 0.1586290535725489}, "pct": 0.1586290535725489, "best_return": 4.091808266235356}, "ew_rel_minmax": {"time_param": 179, "trend": "ew_rel_minmax", "q_params": {"(0, 0.10007002710536639)": 0.9508366957237036, "(0.10007002710536639, 0.278376916512885)": 0.8115857564059442, "(0.278376916512885, 0.31392079670003864)": 0.7828034780171044, "(0.31392079670003864, 0.319507644511813)": 0.6742315405901157, "(0.319507644511813, 0.5091162348702898)": 0.612309296632893, "(0.5091162348702898, 0.5673561558100099)": 0.45779526918310354, "(0.5673561558100099, 0.6087743393464811)": 0.326360485187733, "(0.6087743393464811, 0.686872020060389)": 0.14654398589309348, "(0.686872020060389, 0.8928079517726173)": 0.10221575934839633, "(0.8928079517726173, 1)": 0.05634092811972946}, "pct": 0.05634092811972946, "best_return": 7.414894978564091}}