{"ma": {"time_param": 156, "trend": "ma", "q_params": {"(0, 0.1685848359844092)": 0.8715413575607526, "(0.1685848359844092, 0.1771008115798436)": 0.8386540747822724, "(0.1771008115798436, 0.213368304541959)": 0.7357047191489299, "(0.213368304541959, 0.42426323396173415)": 0.5962205733572619, "(0.42426323396173415, 0.5031026734990143)": 0.555463055431731, "(0.5031026734990143, 0.6561320416672483)": 0.440395935921427, "(0.6561320416672483, 0.6835027772830191)": 0.42178165201316786, "(0.6835027772830191, 0.712994525066452)": 0.3263623078988887, "(0.712994525066452, 0.996738267730843)": 0.2867689943002075, "(0.996738267730843, 1)": 0.08737178647165189}, "pct": 0.5962205733572619, "best_return": 3.30394192816187}, "ew_ma": {"time_param": 137, "trend": "ew_ma", "q_params": {"(0, 0.10164807335234882)": 0.9391867869526144, "(0.10164807335234882, 0.14468571969085875)": 0.8500365408851493, "(0.14468571969085875, 0.19544380523567562)": 0.8192750477350597, "(0.19544380523567562, 0.2412420462919347)": 0.7972067912099846, "(0.2412420462919347, 0.25429534108146024)": 0.5323544678212899, "(0.25429534108146024, 0.25529394222501034)": 0.4934523420006546, "(0.25529394222501034, 0.3602472872935825)": 0.47468967671248075, "(0.3602472872935825, 0.47984049827498876)": 0.39643511130236175, "(0.47984049827498876, 0.9876976512743473)": 0.38987595029468086, "(0.9876976512743473, 1)": 0.3408583126181989}, "pct": 0.38987595029468086, "best_return": 3.2110975323898368}, "rel_minmax": {"time_param": 76, "trend": "rel_minmax", "q_params": {"(0, 0.3018623442704158)": 0.9793640858133382, "(0.3018623442704158, 0.44608623437247863)": 0.9174276401229813, "(0.44608623437247863, 0.5204288460194576)": 0.7543028979127866, "(0.5204288460194576, 0.5963565946673601)": 0.7321919490473017, "(0.5963565946673601, 0.6334255979393527)": 0.7249537478432903, "(0.6334255979393527, 0.7800237280122521)": 0.6216810936506796, "(0.7800237280122521, 0.8382749124257485)": 0.4086528088222347, "(0.8382749124257485, 0.891994368922078)": 0.3685431038655127, "(0.891994368922078, 0.9594324291756247)": 0.13075236279631797, "(0.9594324291756247, 1)": 0.0024728047652816682}, "pct": 0.13075236279631797, "best_return": 6.903146799768743}, "ew_rel_minmax": {"time_param": 175, "trend": "ew_rel_minmax", "q_params": {"(0, 0.054461345590475996)": 0.9642748359774121, "(0.054461345590475996, 0.09733246141741006)": 0.8097402937923456, "(0.09733246141741006, 0.2827947948004179)": 0.7389941262218396, "(0.2827947948004179, 0.3287442787934278)": 0.6801275685514641, "(0.3287442787934278, 0.34685093957553426)": 0.5613818305477406, "(0.34685093957553426, 0.8327453369273852)": 0.520160845756642, "(0.8327453369273852, 0.908100772520989)": 0.443892890210569, "(0.908100772520989, 0.9812234103287375)": 0.3871879513359141, "(0.9812234103287375, 0.9969063896096744)": 0.17750338330691573, "(0.9969063896096744, 1)": 0.1219372199900235}, "pct": 0.3871879513359141, "best_return": 8.182858808427447}}