{"ma": {"time_param": 205, "trend": "ma", "q_params": {"(0.0, 0.018587788880604195)": 0.9769102231349707, "(0.018587788880604195, 0.23921233057497815)": 0.8333079029756544, "(0.23921233057497815, 0.26328505008978886)": 0.7242921336495877, "(0.26328505008978886, 0.30805066870589837)": 0.5962394634441606, "(0.30805066870589837, 0.40505059713001546)": 0.45052017743624706, "(0.40505059713001546, 0.9725373051959599)": 0.44729631632105793, "(0.9725373051959599, 0.9757774657068993)": 0.37146971697816145, "(0.9757774657068993, 0.9776357936371263)": 0.32732040646168725, "(0.9776357936371263, 0.983097043396901)": 0.013407177870561227, "(0.983097043396901, 1.0)": 0.0022556105984848918}, "pct": 1, "best_return": 3.3066665649414064}, "ew_ma": {"time_param": 116, "trend": "ew_ma", "q_params": {"(0, 0.09126156502258453)": 0.9504474415154075, "(0.09126156502258453, 0.3457438557804543)": 0.8540929215140304, "(0.3457438557804543, 0.4579696679728966)": 0.8130108809567207, "(0.4579696679728966, 0.5337757786631064)": 0.8121328657683569, "(0.5337757786631064, 0.5765608414872043)": 0.7315086909169755, "(0.5765608414872043, 0.6741406769767531)": 0.6816257058378127, "(0.6741406769767531, 0.7251755749226271)": 0.6448904263031353, "(0.7251755749226271, 0.9179112860275327)": 0.5095917867916034, "(0.9179112860275327, 0.9449896888591466)": 0.2993923554476723, "(0.9449896888591466, 1)": 0.19305563644136287}, "pct": 0.6448904263031353, "best_return": 3.6458452006003377}, "rel_minmax": {"time_param": 203, "trend": "rel_minmax", "q_params": {"(0, 0.00593284106528535)": 0.9924568577194728, "(0.00593284106528535, 0.0417693535803167)": 0.9240787463882427, "(0.0417693535803167, 0.2495017080426979)": 0.9101688551852165, "(0.2495017080426979, 0.2627222991242524)": 0.6727552235566647, "(0.2627222991242524, 0.26422576005735476)": 0.5646468613537727, "(0.26422576005735476, 0.5710739563973353)": 0.5022503776297078, "(0.5710739563973353, 0.8408833902537832)": 0.4982433316723295, "(0.8408833902537832, 0.8891992030909139)": 0.4318620793338997, "(0.8891992030909139, 0.9072175171843535)": 0.21131711732132016, "(0.9072175171843535, 1.0)": 0.0701827099382757}, "pct": 0.0701827099382757, "best_return": 11.487954936594894}, "ew_rel_minmax": {"time_param": 17, "trend": "ew_rel_minmax", "q_params": {"(0, 0.0395915297840419)": 0.9974737715811852, "(0.0395915297840419, 0.20658556672806272)": 0.9771860469386502, "(0.20658556672806272, 0.306287408059455)": 0.8850515667964304, "(0.306287408059455, 0.8148670930675602)": 0.8468326356843142, "(0.8148670930675602, 0.8295156058534988)": 0.8327852067681296, "(0.8295156058534988, 0.8448544125206484)": 0.7838593260603163, "(0.8448544125206484, 0.8525743821520316)": 0.7052502326189757, "(0.8525743821520316, 0.8640257502392751)": 0.4944450919981386, "(0.8640257502392751, 0.972032210984192)": 0.4246772509253064, "(0.972032210984192, 1)": 0.41906668065871433}, "pct": 0.8468326356843142, "best_return": 6.6584450295353435}}