{"ma": {"time_param": 43, "trend": "ma", "q_params": {"(0, 0.3146156672120374)": 0.9419452629187639, "(0.3146156672120374, 0.3793735819542918)": 0.9186371775908234, "(0.3793735819542918, 0.435713718031988)": 0.8397517234427924, "(0.435713718031988, 0.8306641516828228)": 0.8327893110427124, "(0.8306641516828228, 0.8542809848623703)": 0.6215534055846615, "(0.8542809848623703, 0.8614688633633379)": 0.557422055649195, "(0.8614688633633379, 0.9324178979886183)": 0.43668706295535975, "(0.9324178979886183, 0.9623836827191447)": 0.19670466816289445, "(0.9623836827191447, 0.9963179846835644)": 0.09804992129259626, "(0.9963179846835644, 1)": 0.0948616987819252}, "pct": 0.9419452629187639, "best_return": 3.0092386690763253}, "ew_ma": {"time_param": 83, "trend": "ew_ma", "q_params": {"(0, 0.1026100312837807)": 0.9423831985606965, "(0.1026100312837807, 0.13430058867916106)": 0.8874581295850187, "(0.13430058867916106, 0.3048581999634805)": 0.8440097406858809, "(0.3048581999634805, 0.46295934771084785)": 0.7229858434585249, "(0.46295934771084785, 0.6003249797616846)": 0.720693439362793, "(0.6003249797616846, 0.7010476412599564)": 0.5107164511583319, "(0.7010476412599564, 0.8910531511697726)": 0.5003069842972206, "(0.8910531511697726, 0.9506724077615787)": 0.4326924526728601, "(0.9506724077615787, 0.9676453708595648)": 0.09447505135988377, "(0.9676453708595648, 1.0)": 0.03044401326966939}, "pct": 0.8440097406858809, "best_return": 3.3079073357525957}, "rel_minmax": {"time_param": 203, "trend": "rel_minmax", "q_params": {"(0, 0.03273869846826069)": 0.998785667779479, "(0.03273869846826069, 0.17415751847915015)": 0.9912532038821097, "(0.17415751847915015, 0.2495017080426979)": 0.9101688551852165, "(0.2495017080426979, 0.2627222991242524)": 0.7255838681840326, "(0.2627222991242524, 0.26422576005735476)": 0.5646468613537727, "(0.26422576005735476, 0.7732238658891761)": 0.5022503776297078, "(0.7732238658891761, 0.8408833902537832)": 0.499622223609838, "(0.8408833902537832, 0.882896021686955)": 0.49074526231695637, "(0.882896021686955, 0.9072175171843535)": 0.0450450241948661, "(0.9072175171843535, 1.0)": 0.04099529172691871}, "pct": 0.499622223609838, "best_return": 14.43026804993468}, "ew_rel_minmax": {"time_param": 87, "trend": "ew_rel_minmax", "q_params": {"(0, 0.10858821322751423)": 0.9836737072192492, "(0.10858821322751423, 0.20766052575985364)": 0.9572315583133011, "(0.20766052575985364, 0.23499022984910525)": 0.915800770054008, "(0.23499022984910525, 0.3737428226001267)": 0.645720473542456, "(0.3737428226001267, 0.3905506464413649)": 0.5197734508191545, "(0.3905506464413649, 0.47341277775660107)": 0.4630885355255089, "(0.47341277775660107, 0.8081523400156762)": 0.4616378129748482, "(0.8081523400156762, 0.8642523603158473)": 0.42629938201476997, "(0.8642523603158473, 0.9024258359329326)": 0.3820960634880292, "(0.9024258359329326, 1.0)": 0.06986896306082502}, "pct": 0.42629938201476997, "best_return": 8.793363002631935}}