{"ma": {"time_param": 156, "trend": "ma", "q_params": {"(0, 0.1685848359844092)": 0.8942973399344802, "(0.1685848359844092, 0.1771008115798436)": 0.8500382310850875, "(0.1771008115798436, 0.2062827684601717)": 0.7357047191489299, "(0.2062827684601717, 0.41363999117354855)": 0.5962205733572619, "(0.41363999117354855, 0.5031026734990143)": 0.555463055431731, "(0.5031026734990143, 0.6561320416672483)": 0.440395935921427, "(0.6561320416672483, 0.6835027772830191)": 0.42178165201316786, "(0.6835027772830191, 0.712994525066452)": 0.3263623078988887, "(0.712994525066452, 0.996738267730843)": 0.2867689943002075, "(0.996738267730843, 1.0)": 0.08737178647165189}, "pct": 0.5962205733572619, "best_return": 3.313167446010785}, "ew_ma": {"time_param": 193, "trend": "ew_ma", "q_params": {"(0, 0.09201040692587223)": 0.998280457618883, "(0.09201040692587223, 0.36369965052186515)": 0.9257346833227261, "(0.36369965052186515, 0.3911452467885915)": 0.7837992199894662, "(0.3911452467885915, 0.7570159669917815)": 0.7502237531073808, "(0.7570159669917815, 0.7705413170132577)": 0.6705807364378696, "(0.7705413170132577, 0.9372059781537455)": 0.6364568732835063, "(0.9372059781537455, 0.9388954550433946)": 0.599299108811482, "(0.9388954550433946, 0.9399689427550382)": 0.36463970754926267, "(0.9399689427550382, 0.9926064911647958)": 0.3047226991607095, "(0.9926064911647958, 1)": 0.039877272271023945}, "pct": 0.7502237531073808, "best_return": 3.5811257957157396}, "rel_minmax": {"time_param": 172, "trend": "rel_minmax", "q_params": {"(0, 0.09442891161048395)": 0.90908396524147, "(0.09442891161048395, 0.2752908475942091)": 0.8613103597358042, "(0.2752908475942091, 0.3306367185748824)": 0.6562508690978665, "(0.3306367185748824, 0.5047626432493406)": 0.5564656660471484, "(0.5047626432493406, 0.5261681489614604)": 0.5045239857607594, "(0.5261681489614604, 0.6443698367751917)": 0.3982289591237437, "(0.6443698367751917, 0.8025194782877647)": 0.3600384087900511, "(0.8025194782877647, 0.8637664230032923)": 0.3471364838697459, "(0.8637664230032923, 0.9182738421966536)": 0.2707901758526645, "(0.9182738421966536, 1)": 0.10267895055622822}, "pct": 0.2707901758526645, "best_return": 8.554357178891454}, "ew_rel_minmax": {"time_param": 175, "trend": "ew_rel_minmax", "q_params": {"(0, 0.07909399677642139)": 0.9642748359774121, "(0.07909399677642139, 0.09733246141741006)": 0.8097402937923456, "(0.09733246141741006, 0.2827947948004179)": 0.7389941262218396, "(0.2827947948004179, 0.3287442787934278)": 0.6915697614839865, "(0.3287442787934278, 0.34685093957553426)": 0.5613818305477406, "(0.34685093957553426, 0.8327453369273852)": 0.520160845756642, "(0.8327453369273852, 0.908100772520989)": 0.43406978365300075, "(0.908100772520989, 0.9812234103287375)": 0.3831312372720141, "(0.9812234103287375, 0.9969063896096744)": 0.17750338330691573, "(0.9969063896096744, 1.0)": 0.1219372199900235}, "pct": 0.3831312372720141, "best_return": 8.294290556004182}}