{"ma": {"trend": "ma", "time_param": 93, "q_params": {"(0, 0.1103357031855612)": 1.0, "(0.1103357031855612, 0.11872468287932768)": 0.9966905298505526, "(0.11872468287932768, 0.1801616906131937)": 0.9958949732072551, "(0.1801616906131937, 0.5011627211145042)": 0.995684102334926, "(0.5011627211145042, 0.5550368439163843)": 0.9956825432607013, "(0.5550368439163843, 0.5954187117174087)": 0.9956664801463356, "(0.5954187117174087, 0.7580658105851926)": 0.9956009173460281, "(0.7580658105851926, 0.8075827180968327)": 0.9950697451813793, "(0.8075827180968327, 0.9493692394796047)": 0.9930539815296804, "(0.9493692394796047, 1.0)": 0.7992592801697705}, "pct": 0.9956009173460281, "best_return": 3.6735131270457786}, "ew_ma": {"trend": "ew_ma", "time_param": 93, "q_params": {"(0.0, 0.07930677936524351)": 1.0, "(0.07930677936524351, 0.08115613294401003)": 0.9984687815822022, "(0.08115613294401003, 0.29112986445048317)": 0.9967114742325883, "(0.29112986445048317, 0.4972766701334279)": 0.9961246682408921, "(0.4972766701334279, 0.567876785432941)": 0.996066185418658, "(0.567876785432941, 0.577728374368805)": 0.9957813003064351, "(0.577728374368805, 0.5887163216146954)": 0.9952764213571273, "(0.5887163216146954, 0.9100043982898105)": 0.9619243914879166, "(0.9100043982898105, 0.9458348326511696)": 0.9601815777214165, "(0.9458348326511696, 1.0)": 0.7315820966211269}, "pct": 0.9619243914879166, "best_return": 4.131888582244859}, "rel_minmax": {"time_param": 81, "trend": "rel_minmax", "q_params": {"(0, 0.19522828299012107)": 0.998206100206974, "(0.19522828299012107, 0.23862172615979393)": 0.9749425201119918, "(0.23862172615979393, 0.3149432777194807)": 0.9679707903944725, "(0.3149432777194807, 0.3749274061372191)": 0.8475310395062299, "(0.3749274061372191, 0.4214632327142757)": 0.5323713426939624, "(0.4214632327142757, 0.4257767561894723)": 0.4050199310366354, "(0.4257767561894723, 0.45869041456943405)": 0.0992664686033731, "(0.45869041456943405, 0.6496081854362646)": 0.09553195712475696, "(0.6496081854362646, 0.9388638883481474)": 0.0935905631949102, "(0.9388638883481474, 1.0)": 0.003468826182384876}, "pct": 0.0935905631949102, "best_return": 11.154441647452895}, "ew_rel_minmax": {"time_param": 169, "trend": "ew_rel_minmax", "q_params": {"(0, 0.09004809165040976)": 0.9985508798451584, "(0.09004809165040976, 0.10428354840504273)": 0.7538329381447995, "(0.10428354840504273, 0.28003566248548806)": 0.40134899927295326, "(0.28003566248548806, 0.5190502352130949)": 0.3988087688506283, "(0.5190502352130949, 0.6775291604984757)": 0.36200423660229236, "(0.6775291604984757, 0.6848781837950886)": 0.24485101965319037, "(0.6848781837950886, 0.8132588220268352)": 0.18100194511437614, "(0.8132588220268352, 0.891815130309586)": 0.1800268248423487, "(0.891815130309586, 0.9412776172756291)": 0.09252374528882598, "(0.9412776172756291, 1.0)": 0.001001812216955509}, "pct": 0.001001812216955509, "best_return": 7.549534073393399}}