{"ma": {"time_param": 63, "trend": "ma", "q_params": {"(0, 0.5981556051381186)": 0.9999165405332722, "(0.5981556051381186, 0.6539812846170974)": 0.9757080273048321, "(0.6539812846170974, 0.679270232941318)": 0.49350553754876747, "(0.679270232941318, 0.7018255067099805)": 0.31269565712963815, "(0.7018255067099805, 0.7926896460581195)": 0.3078833976046162, "(0.7926896460581195, 0.7969536623983267)": 0.30208145399408876, "(0.7969536623983267, 0.8101190442311869)": 0.2601365409969608, "(0.8101190442311869, 0.8105396648156907)": 0.02700570961638637, "(0.8105396648156907, 0.8585932113944688)": 0.01802090661591752, "(0.8585932113944688, 1.0)": 0.0006489577883072652}, "pct": 0.9999165405332722, "best_return": 2.7215633729242272}, "ew_ma": {"time_param": 68, "trend": "ew_ma", "q_params": {"(0, 0.20404882447854975)": 0.9999983266097383, "(0.20404882447854975, 0.24804852232182883)": 0.9998455465403306, "(0.24804852232182883, 0.34129524723105625)": 0.9903618115741118, "(0.34129524723105625, 0.40021278097673996)": 0.850353225962071, "(0.40021278097673996, 0.6195430695657244)": 0.8502777003317202, "(0.6195430695657244, 0.8004288869115936)": 0.849472529896556, "(0.8004288869115936, 0.8178499939360814)": 0.695337038730508, "(0.8178499939360814, 0.8291895092963536)": 0.5373358601068526, "(0.8291895092963536, 0.8666426725988582)": 0.10179622387163006, "(0.8666426725988582, 1.0)": 0.004834354354811207}, "pct": 0.9999983266097383, "best_return": 2.170670463451262}, "rel_minmax": {"time_param": 68, "trend": "rel_minmax", "q_params": {"(0, 0.14358191246436533)": 0.9989465954315505, "(0.14358191246436533, 0.27332035079544853)": 0.9150103126436794, "(0.27332035079544853, 0.349237548916381)": 0.9144370444382356, "(0.349237548916381, 0.7932299864863617)": 0.9119347757899493, "(0.7932299864863617, 0.7965711251972358)": 0.7830117514596154, "(0.7965711251972358, 0.7998676651872518)": 0.5040186116187874, "(0.7998676651872518, 0.801052778104649)": 0.3223420427369374, "(0.801052778104649, 0.8050349167945046)": 0.18620072197234408, "(0.8050349167945046, 0.8188646628434318)": 0.019321125962838328, "(0.8188646628434318, 1.0)": 0.0016960187222554825}, "pct": 0.0016960187222554825, "best_return": 3.6694197423952044}, "ew_rel_minmax": {"trend": "ew_rel_minmax", "time_param": 65, "q_params": {"(0.0, 0.18096645383312446)": 0.9999998600219, "(0.18096645383312446, 0.23329474380865878)": 0.9999975686964232, "(0.23329474380865878, 0.278071718490379)": 0.9970842078804051, "(0.278071718490379, 0.3125602984665718)": 0.9966347349261139, "(0.3125602984665718, 0.6090984727504497)": 0.99662535079096, "(0.6090984727504497, 0.6151119639145858)": 0.9959836380962608, "(0.6151119639145858, 0.6426627617040264)": 0.9942347277308813, "(0.6426627617040264, 0.8061337653673022)": 0.994177982735146, "(0.8061337653673022, 0.8093923358577383)": 0.7713633356506007, "(0.8093923358577383, 1.0)": 0.37057779753754144}, "pct": 0.37057779753754144, "best_return": 2.687300212044535}}