{"ma": {"time_param": 63, "trend": "ma", "q_params": {"(0, 0.5889480360665825)": 0.9999165405332722, "(0.5889480360665825, 0.6539812846170974)": 0.9757080273048321, "(0.6539812846170974, 0.6647520457654204)": 0.44047558862019903, "(0.6647520457654204, 0.7379979716245836)": 0.3235576649678248, "(0.7379979716245836, 0.7926896460581195)": 0.3078833976046162, "(0.7926896460581195, 0.7969536623983267)": 0.28515641631361294, "(0.7969536623983267, 0.8017042895269976)": 0.18320633195690256, "(0.8017042895269976, 0.8105396648156907)": 0.02700570961638637, "(0.8105396648156907, 0.8585932113944688)": 0.01802090661591752, "(0.8585932113944688, 1.0)": 0.008155024378656282}, "pct": 0.9999165405332722, "best_return": 2.9270334199000847}, "ew_ma": {"time_param": 68, "trend": "ew_ma", "q_params": {"(0, 0.18625905199194565)": 0.9999606171619143, "(0.18625905199194565, 0.23355963663390103)": 0.9998455465403306, "(0.23355963663390103, 0.34129524723105625)": 0.9903618115741118, "(0.34129524723105625, 0.40021278097673996)": 0.850353225962071, "(0.40021278097673996, 0.6195430695657244)": 0.8498870720432471, "(0.6195430695657244, 0.8018158127014613)": 0.8440003901296027, "(0.8018158127014613, 0.8152331769504384)": 0.6829611029745791, "(0.8152331769504384, 0.8170208575350092)": 0.5671539481398139, "(0.8170208575350092, 0.8666426725988582)": 0.16898874558564228, "(0.8666426725988582, 1.0)": 0.01104220779011007}, "pct": 0.9999606171619143, "best_return": 2.3022786888356115}, "rel_minmax": {"time_param": 68, "trend": "rel_minmax", "q_params": {"(0, 0.14358191246436533)": 0.9989465954315505, "(0.14358191246436533, 0.27332035079544853)": 0.9150103126436794, "(0.27332035079544853, 0.34258408889174696)": 0.9140146280275947, "(0.34258408889174696, 0.7878869627597463)": 0.9119347757899493, "(0.7878869627597463, 0.7991029578051331)": 0.7692399936249066, "(0.7991029578051331, 0.8053540056568403)": 0.5040186116187874, "(0.8053540056568403, 0.8091851137798947)": 0.3538250252043598, "(0.8091851137798947, 0.8110548170599539)": 0.21568295278562238, "(0.8110548170599539, 0.8188646628434318)": 0.019321125962838328, "(0.8188646628434318, 1.0)": 0.0016960187222554825}, "pct": 0.0016960187222554825, "best_return": 3.7835685696323176}, "ew_rel_minmax": {"trend": "ew_rel_minmax", "time_param": 65, "q_params": {"(0, 0.18096645383312446)": 0.9999990046927743, "(0.18096645383312446, 0.23329474380865878)": 0.9999975686964232, "(0.23329474380865878, 0.278071718490379)": 0.9970842078804051, "(0.278071718490379, 0.3125602984665718)": 0.9966347349261139, "(0.3125602984665718, 0.6090984727504497)": 0.99662535079096, "(0.6090984727504497, 0.6151119639145858)": 0.996186172000947, "(0.6151119639145858, 0.6426627617040264)": 0.9942347277308813, "(0.6426627617040264, 0.7927026574607315)": 0.994177982735146, "(0.7927026574607315, 0.811747995037673)": 0.8395222868588611, "(0.811747995037673, 1.0)": 0.3824288895785107}, "pct": 0.3824288895785107, "best_return": 2.9875291247782845}}