{"ma": {"time_param": 22, "trend": "ma", "q_params": {"(0.0, 0.1753963463483558)": 0.9132060298574747, "(0.1753963463483558, 0.3098685102615484)": 0.8697588621957981, "(0.3098685102615484, 0.3482786041920827)": 0.8384302416208944, "(0.3482786041920827, 0.39865220498360265)": 0.8045721065536167, "(0.39865220498360265, 0.5459641233226527)": 0.748003886756642, "(0.5459641233226527, 0.5566330777927821)": 0.6066834548253436, "(0.5566330777927821, 0.5743349281037122)": 0.5900159855218253, "(0.5743349281037122, 0.7990644950455339)": 0.48305016405446805, "(0.7990644950455339, 0.8616106146458024)": 0.07127247637569234, "(0.8616106146458024, 1.0)": 0.05015335519028996}, "pct": 1, "best_return": 1.9939759128434156}, "ew_ma": {"time_param": 73, "trend": "ew_ma", "q_params": {"(0.0, 0.3843481124030653)": 0.9746734656829358, "(0.3843481124030653, 0.47542998206225684)": 0.9389830002091039, "(0.47542998206225684, 0.5385264850657898)": 0.8111720954008365, "(0.5385264850657898, 0.5734853986847508)": 0.7983642032511187, "(0.5734853986847508, 0.6395563480338508)": 0.7426659354786209, "(0.6395563480338508, 0.6552100805621119)": 0.7004348539429511, "(0.6552100805621119, 0.7520121796053926)": 0.4349473355784992, "(0.7520121796053926, 0.8295115656677368)": 0.30935162994396365, "(0.8295115656677368, 0.9245453262247005)": 0.2529350282603112, "(0.9245453262247005, 1.0)": 0.03189974761430436}, "pct": 1, "best_return": 1.9939759128434156}, "rel_minmax": {"time_param": 18, "trend": "rel_minmax", "q_params": {"(0, 0.18125841573618695)": 0.9597698294673308, "(0.18125841573618695, 0.38225060940875183)": 0.8805852238555066, "(0.38225060940875183, 0.5157668597619766)": 0.8665295630782144, "(0.5157668597619766, 0.6890542850538436)": 0.7866901547709173, "(0.6890542850538436, 0.8096326204970418)": 0.749055526577581, "(0.8096326204970418, 0.8766756708955297)": 0.5950574522130418, "(0.8766756708955297, 0.9255681039864405)": 0.45743238200905, "(0.9255681039864405, 0.9704276367072815)": 0.29669127856399946, "(0.9704276367072815, 0.9917933163595191)": 0.09855749555231778, "(0.9917933163595191, 1)": 0.09719551166957313}, "pct": 0.7866901547709173, "best_return": 2.2444784366993247}, "ew_rel_minmax": {"time_param": 68, "trend": "ew_rel_minmax", "q_params": {"(0, 0.19492358969823378)": 0.8536953717058481, "(0.19492358969823378, 0.2608070148770434)": 0.7806291282752079, "(0.2608070148770434, 0.3139323001300876)": 0.7515696453534745, "(0.3139323001300876, 0.5022378302710768)": 0.7468359945810967, "(0.5022378302710768, 0.6587823792871117)": 0.7454630115024635, "(0.6587823792871117, 0.8201862878912786)": 0.5044588329762807, "(0.8201862878912786, 0.8435346933150657)": 0.36957046661139803, "(0.8435346933150657, 0.9774529112569776)": 0.30769366836427414, "(0.9774529112569776, 0.9792444568265984)": 0.2386305663172325, "(0.9792444568265984, 1)": 0.03121611510678124}, "pct": 0.5044588329762807, "best_return": 1.9939759128434156}}