{"ma": {"time_param": 61, "trend": "ma", "q_params": {"(0, 0.5248642849819646)": 0.8761816792072925, "(0.5248642849819646, 0.5705086720619015)": 0.8739179354799531, "(0.5705086720619015, 0.5903053324208204)": 0.7646362307068757, "(0.5903053324208204, 0.6935699126399655)": 0.6493985270183866, "(0.6935699126399655, 0.729451196037225)": 0.5004558917064436, "(0.729451196037225, 0.840247352228059)": 0.43571035133474223, "(0.840247352228059, 0.8518995287831089)": 0.43197769950083786, "(0.8518995287831089, 0.8749799304942195)": 0.2878441750535823, "(0.8749799304942195, 0.9604832534563683)": 0.11288622761793288, "(0.9604832534563683, 1)": 0.02626790045290627}, "pct": 0.8761816792072925, "best_return": 1.652963614262463}, "ew_ma": {"time_param": 86, "trend": "ew_ma", "q_params": {"(0, 0.182869496911235)": 0.9929954127481017, "(0.182869496911235, 0.2898751953518873)": 0.953457158898079, "(0.2898751953518873, 0.3020706025865767)": 0.9190902159239902, "(0.3020706025865767, 0.638137137833497)": 0.8718979934531337, "(0.638137137833497, 0.6392592033536186)": 0.7728380203159276, "(0.6392592033536186, 0.7098572959843746)": 0.35756158091639373, "(0.7098572959843746, 0.7997632911935523)": 0.34344918095479404, "(0.7997632911935523, 0.8317022600249607)": 0.271038853342888, "(0.8317022600249607, 0.8435942040723857)": 0.17841452924156098, "(0.8435942040723857, 1)": 0.025157320479583745}, "pct": 0.9929954127481017, "best_return": 1.6436187613069158}, "rel_minmax": {"time_param": 24, "trend": "rel_minmax", "q_params": {"(0, 0.001055140735336968)": 0.928180338129023, "(0.001055140735336968, 0.15324695993306237)": 0.8790597889254396, "(0.15324695993306237, 0.4028515938314754)": 0.8277864629900298, "(0.4028515938314754, 0.6539218101660126)": 0.6723262786846624, "(0.6539218101660126, 0.7203172936389741)": 0.5666292865809325, "(0.7203172936389741, 0.7346732709183212)": 0.4349912804092713, "(0.7346732709183212, 0.7763270316363078)": 0.41194722023683017, "(0.7763270316363078, 0.8640435069167558)": 0.37884813852641563, "(0.8640435069167558, 0.9580264524365818)": 0.2039519110987753, "(0.9580264524365818, 1)": 0.20355302457185265}, "pct": 0.2039519110987753, "best_return": 1.6886740870035473}, "ew_rel_minmax": {"time_param": 54, "trend": "ew_rel_minmax", "q_params": {"(0, 0.04621927396787018)": 0.7525451137508118, "(0.04621927396787018, 0.2797368795319911)": 0.7415498834183505, "(0.2797368795319911, 0.3356930050123757)": 0.6885998439791733, "(0.3356930050123757, 0.37866748371012937)": 0.6880187956996036, "(0.37866748371012937, 0.44336498764083365)": 0.5538252564351089, "(0.44336498764083365, 0.6798399701244481)": 0.4007889774132748, "(0.6798399701244481, 0.7209797360063586)": 0.12271875505632257, "(0.7209797360063586, 0.7916551318290045)": 0.10632908247053285, "(0.7916551318290045, 0.8779208045688232)": 0.020826417454096968, "(0.8779208045688232, 1)": 0.006301970051989514}, "pct": 0.020826417454096968, "best_return": 1.4781854345610512}}