{"ma": {"time_param": 63, "trend": "ma", "q_params": {"(0, 0.5971726051489593)": 0.9820717645933978, "(0.5971726051489593, 0.6613221927644455)": 0.9757080273048321, "(0.6613221927644455, 0.679270232941318)": 0.46184573694127945, "(0.679270232941318, 0.7734255193298857)": 0.3845938601440347, "(0.7734255193298857, 0.7926896460581195)": 0.30973626217064776, "(0.7926896460581195, 0.804975289395813)": 0.29876811900970524, "(0.804975289395813, 0.8101190442311869)": 0.2666298881248172, "(0.8101190442311869, 0.8429338288022156)": 0.09684236593404089, "(0.8429338288022156, 0.8638321734502338)": 0.0731712168727486, "(0.8638321734502338, 1.0)": 0.013393440008256149}, "pct": 0.9820717645933978, "best_return": 2.3908689797833986}, "ew_ma": {"time_param": 68, "trend": "ew_ma", "q_params": {"(0, 0.19776625441358758)": 0.9999328861215834, "(0.19776625441358758, 0.24804852232182883)": 0.9996740060950376, "(0.24804852232182883, 0.3377886357108443)": 0.9903618115741118, "(0.3377886357108443, 0.41457664363489155)": 0.897020524508243, "(0.41457664363489155, 0.561632044280753)": 0.8487293444258676, "(0.561632044280753, 0.817676303186841)": 0.8196149332388091, "(0.817676303186841, 0.8250628009597905)": 0.6248655101601114, "(0.8250628009597905, 0.8367732560002695)": 0.5655737465069341, "(0.8367732560002695, 0.8497985050723492)": 0.13739415230456017, "(0.8497985050723492, 1.0)": 0.03186357359604631}, "pct": 0.9999328861215834, "best_return": 2.0141016175792634}, "rel_minmax": {"time_param": 124, "trend": "rel_minmax", "q_params": {"(0, 0.14344679677678224)": 0.9064469522310844, "(0.14344679677678224, 0.34658081067636404)": 0.8898205483967316, "(0.34658081067636404, 0.47209232503193443)": 0.8192409157717973, "(0.47209232503193443, 0.4749626833019029)": 0.7893567219847129, "(0.4749626833019029, 0.7758484023104238)": 0.756858459872945, "(0.7758484023104238, 0.8073316800525353)": 0.740254852087004, "(0.8073316800525353, 0.8111473239479381)": 0.5013244032499903, "(0.8111473239479381, 0.8766534127827593)": 0.32446672383017894, "(0.8766534127827593, 0.9347622337069431)": 0.2558510508651924, "(0.9347622337069431, 1.0)": 0.2224507489907771}, "pct": 0.2224507489907771, "best_return": 1.8378151137822214}, "ew_rel_minmax": {"time_param": 116, "trend": "ew_rel_minmax", "q_params": {"(0, 0.10213609160476289)": 0.830011137200142, "(0.10213609160476289, 0.2876623512562174)": 0.8262874477090257, "(0.2876623512562174, 0.30648287124635337)": 0.7232627758414167, "(0.30648287124635337, 0.3830252654398665)": 0.6076636065442191, "(0.3830252654398665, 0.7519923386415195)": 0.5808656271038632, "(0.7519923386415195, 0.8204169983737123)": 0.3563321323121982, "(0.8204169983737123, 0.9329255389997295)": 0.23402816690570272, "(0.9329255389997295, 0.9375460497582567)": 0.13095944100370605, "(0.9375460497582567, 0.9728689755327814)": 0.06822644794785915, "(0.9728689755327814, 1)": 0.00923976302423224}, "pct": 0.06822644794785915, "best_return": 1.9542353860311115}}