{"ma": {"time_param": 63, "trend": "ma", "q_params": {"(0, 0.5626610447609196)": 0.9999165405332722, "(0.5626610447609196, 0.6539812846170974)": 0.9757080273048321, "(0.6539812846170974, 0.6556822511490655)": 0.44047558862019903, "(0.6556822511490655, 0.7379979716245836)": 0.3854702139492816, "(0.7379979716245836, 0.7926896460581195)": 0.3088261687395395, "(0.7926896460581195, 0.7936632862274813)": 0.20520738823139395, "(0.7936632862274813, 0.8038537270847318)": 0.18320633195690256, "(0.8038537270847318, 0.8154104532710681)": 0.05784286090734059, "(0.8154104532710681, 0.8681529675258459)": 0.03039026946712917, "(0.8681529675258459, 1.0)": 0.008155024378656282}, "pct": 0.9999165405332722, "best_return": 3.120961900583361}, "ew_ma": {"time_param": 68, "trend": "ew_ma", "q_params": {"(0, 0.021256017502831764)": 0.9999256482546375, "(0.021256017502831764, 0.21966064055987455)": 0.9998455465403306, "(0.21966064055987455, 0.33398848296326267)": 0.9903618115741118, "(0.33398848296326267, 0.38260984457138325)": 0.850353225962071, "(0.38260984457138325, 0.6050766324338559)": 0.8457383993702522, "(0.6050766324338559, 0.8015797162134872)": 0.8440003901296027, "(0.8015797162134872, 0.8152331769504384)": 0.6325502257718868, "(0.8152331769504384, 0.8170208575350092)": 0.5671539481398139, "(0.8170208575350092, 0.8513512252003305)": 0.2131765709760255, "(0.8513512252003305, 1.0)": 0.014210274485324283}, "pct": 0.9903618115741118, "best_return": 2.5634355057998355}, "rel_minmax": {"time_param": 68, "trend": "rel_minmax", "q_params": {"(0, 0.14358191246436533)": 0.9989465954315505, "(0.14358191246436533, 0.14671442054962416)": 0.9150103126436794, "(0.14671442054962416, 0.34258408889174696)": 0.9138892640292517, "(0.34258408889174696, 0.7878869627597463)": 0.9119347757899493, "(0.7878869627597463, 0.7966335242581024)": 0.5769800786763105, "(0.7966335242581024, 0.8053540056568403)": 0.5290162305097748, "(0.8053540056568403, 0.8109902535997918)": 0.39531326992881555, "(0.8109902535997918, 0.8126857412666391)": 0.21568295278562238, "(0.8126857412666391, 0.8255642995625292)": 0.019321125962838328, "(0.8255642995625292, 1.0)": 0.0016960187222554825}, "pct": 0.0016960187222554825, "best_return": 3.657762202681425}, "ew_rel_minmax": {"trend": "ew_rel_minmax", "time_param": 65, "q_params": {"(0, 0.17283177974012995)": 1.0, "(0.17283177974012995, 0.24458226089264964)": 0.9999975686964232, "(0.24458226089264964, 0.2868186382451228)": 0.9970842078804051, "(0.2868186382451228, 0.3795542642794156)": 0.9966347349261139, "(0.3795542642794156, 0.6090984727504497)": 0.99662535079096, "(0.6090984727504497, 0.6483544151668371)": 0.996186172000947, "(0.6483544151668371, 0.6495488099666986)": 0.9942347277308813, "(0.6495488099666986, 0.8068948729909842)": 0.994177982735146, "(0.8068948729909842, 0.811747995037673)": 0.8674036883870546, "(0.811747995037673, 1.0)": 0.4148181510597616}, "pct": 0.4148181510597616, "best_return": 2.912792744788576}}