{"ma": {"time_param": 71, "trend": "ma", "q_params": {"(0, 0.10812669895347893)": 0.9288599454861223, "(0.10812669895347893, 0.14140593284628933)": 0.8454521996379983, "(0.14140593284628933, 0.4354689648890857)": 0.7391340099362441, "(0.4354689648890857, 0.44704769612527284)": 0.6141560540312435, "(0.44704769612527284, 0.46818552162776833)": 0.4966986467765798, "(0.46818552162776833, 0.5769401235835433)": 0.4660067851023234, "(0.5769401235835433, 0.7362946072313287)": 0.4323364835025374, "(0.7362946072313287, 0.7583939060517054)": 0.26714691026533455, "(0.7583939060517054, 0.8630583785961352)": 0.23185455158262228, "(0.8630583785961352, 1)": 0.06667560997700506}, "pct": 0.7391340099362441, "best_return": 1.47094309096597}, "ew_ma": {"time_param": 39, "trend": "ew_ma", "q_params": {"(0, 0.029045905798616545)": 0.9903262445485892, "(0.029045905798616545, 0.12337917097087292)": 0.9383677256301363, "(0.12337917097087292, 0.39788273574349764)": 0.8839691153073375, "(0.39788273574349764, 0.4435613671456005)": 0.8592374250498629, "(0.4435613671456005, 0.5657816469649382)": 0.5999026122232244, "(0.5657816469649382, 0.595889219985156)": 0.46426826054591075, "(0.595889219985156, 0.7262340227867828)": 0.45177584570822993, "(0.7262340227867828, 0.8413696676226498)": 0.39900085977944977, "(0.8413696676226498, 0.977877762088895)": 0.3225994062588078, "(0.977877762088895, 1)": 0.23627908852212764}, "pct": 0.8839691153073375, "best_return": 1.3540206515016964}, "rel_minmax": {"time_param": 48, "trend": "rel_minmax", "q_params": {"(0, 0.061904461079012374)": 0.8788514394956346, "(0.061904461079012374, 0.08524784574243194)": 0.8569783413914813, "(0.08524784574243194, 0.2929900135963136)": 0.8342322611823524, "(0.2929900135963136, 0.6942127198038481)": 0.7144843378641482, "(0.6942127198038481, 0.7039388262806915)": 0.6557093405501578, "(0.7039388262806915, 0.7840412379474152)": 0.569640278920438, "(0.7840412379474152, 0.9247097643196713)": 0.5268821298886537, "(0.9247097643196713, 0.9339937563518138)": 0.3012117044097037, "(0.9339937563518138, 0.951738371377004)": 0.21202251905898417, "(0.951738371377004, 1)": 0.07578270457555199}, "pct": 0.569640278920438, "best_return": 1.508019105939011}, "ew_rel_minmax": {"time_param": 77, "trend": "ew_rel_minmax", "q_params": {"(0, 0.0065800316413782145)": 0.8996424641857103, "(0.0065800316413782145, 0.14124135861257137)": 0.7805163770364767, "(0.14124135861257137, 0.193127131159344)": 0.7630974462608086, "(0.193127131159344, 0.325347689145833)": 0.5796330637495266, "(0.325347689145833, 0.6790688762324992)": 0.4757470616868583, "(0.6790688762324992, 0.6827515451957404)": 0.45489883445396095, "(0.6827515451957404, 0.7741275277493955)": 0.4289368796840052, "(0.7741275277493955, 0.8220841745052435)": 0.3193031022700002, "(0.8220841745052435, 0.9537394720936053)": 0.2829089806290357, "(0.9537394720936053, 1)": 0.06444964792607466}, "pct": 0.4289368796840052, "best_return": 1.3532227352745447}}