{"ma": {"time_param": 47, "trend": "ma", "q_params": {"(0, 0.057693393910811075)": 0.9317655332501247, "(0.057693393910811075, 0.13100643059332384)": 0.8709507289912836, "(0.13100643059332384, 0.1433387608740666)": 0.866480761038839, "(0.1433387608740666, 0.20110877252414294)": 0.7639826733979009, "(0.20110877252414294, 0.550946706971265)": 0.7598412984006624, "(0.550946706971265, 0.6187242373022734)": 0.5513533148479414, "(0.6187242373022734, 0.7440500053204514)": 0.3154826174332904, "(0.7440500053204514, 0.8970602498427164)": 0.25676402242822854, "(0.8970602498427164, 0.9881667394008999)": 0.22198976457322675, "(0.9881667394008999, 1)": 0.01014228030575226}, "pct": 0.3154826174332904, "best_return": 1.8059929427665005}, "ew_ma": {"time_param": 142, "trend": "ew_ma", "q_params": {"(0, 0.0015675972384276322)": 0.9283884398033674, "(0.0015675972384276322, 0.21066000858149014)": 0.9113360867994444, "(0.21066000858149014, 0.2400448823660044)": 0.7946181425294742, "(0.2400448823660044, 0.4823271960016049)": 0.7909393401219923, "(0.4823271960016049, 0.6137557586834878)": 0.6997726245553039, "(0.6137557586834878, 0.6529546966477965)": 0.6853103944192168, "(0.6529546966477965, 0.7230116021626427)": 0.5485366957521156, "(0.7230116021626427, 0.7619364664732362)": 0.27611894624748595, "(0.7619364664732362, 0.9949765945387252)": 0.2699356576663428, "(0.9949765945387252, 1)": 0.1972543529388484}, "pct": 0.7909393401219923, "best_return": 1.7919215139222744}, "rel_minmax": {"time_param": 121, "trend": "rel_minmax", "q_params": {"(0, 0.05878738175625078)": 0.9825327030872896, "(0.05878738175625078, 0.2391092005801383)": 0.9202457222458905, "(0.2391092005801383, 0.23950703184529942)": 0.8016812827367863, "(0.23950703184529942, 0.35227799036037744)": 0.6682312782493548, "(0.35227799036037744, 0.6350275788902662)": 0.5692798248424619, "(0.6350275788902662, 0.734216997843907)": 0.4315645737984579, "(0.734216997843907, 0.751024162524796)": 0.33555308531560857, "(0.751024162524796, 0.8983043674725202)": 0.2203869053164727, "(0.8983043674725202, 0.9202171809727498)": 0.1352780797058981, "(0.9202171809727498, 1)": 0.10111594245280164}, "pct": 0.2203869053164727, "best_return": 1.865582710308581}, "ew_rel_minmax": {"time_param": 127, "trend": "ew_rel_minmax", "q_params": {"(0, 0.0866407432268802)": 0.994830380561764, "(0.0866407432268802, 0.1303120800968106)": 0.9609077155316684, "(0.1303120800968106, 0.37679324169960776)": 0.9379384652244706, "(0.37679324169960776, 0.40082979940958813)": 0.875330842681534, "(0.40082979940958813, 0.4514424306771241)": 0.7243005712120921, "(0.4514424306771241, 0.6106846929369062)": 0.5272271684928205, "(0.6106846929369062, 0.6139448881609009)": 0.3478997325111859, "(0.6139448881609009, 0.7495214548574426)": 0.12532358066695903, "(0.7495214548574426, 0.7810070342135954)": 0.1156517825225446, "(0.7810070342135954, 1)": 0.08029383689370684}, "pct": 0.08029383689370684, "best_return": 1.9629195890246576}}