{"ma": {"time_param": 63, "trend": "ma", "q_params": {"(0, 0.5411930843707636)": 0.9709161524084412, "(0.5411930843707636, 0.6472002253347773)": 0.9326102183099227, "(0.6472002253347773, 0.7372479752805277)": 0.4268391624685722, "(0.7372479752805277, 0.7379979716245836)": 0.3751668027326725, "(0.7379979716245836, 0.7926896460581195)": 0.3610074855897856, "(0.7926896460581195, 0.7936632862274813)": 0.1780502193573307, "(0.7936632862274813, 0.797251441584384)": 0.16111986558040794, "(0.797251441584384, 0.8154104532710681)": 0.05784286090734059, "(0.8154104532710681, 0.9063974676390347)": 0.056508393492950976, "(0.9063974676390347, 1.0)": 0.008155024378656282}, "pct": 0.9709161524084412, "best_return": 2.7407077547552534}, "ew_ma": {"time_param": 68, "trend": "ew_ma", "q_params": {"(0, 0.021256017502831764)": 0.9997463309783604, "(0.021256017502831764, 0.21966064055987455)": 0.9963684656342958, "(0.21966064055987455, 0.2759509438720727)": 0.9903618115741118, "(0.2759509438720727, 0.38260984457138325)": 0.850353225962071, "(0.38260984457138325, 0.5977764292833103)": 0.8457383993702522, "(0.5977764292833103, 0.8015797162134872)": 0.8440003901296027, "(0.8015797162134872, 0.8139300284904264)": 0.7273327573874706, "(0.8139300284904264, 0.8170208575350092)": 0.5671539481398139, "(0.8170208575350092, 0.8513512252003305)": 0.2131765709760255, "(0.8513512252003305, 1.0)": 0.014210274485324283}, "pct": 0.9963684656342958, "best_return": 2.4895215850626573}, "rel_minmax": {"time_param": 68, "trend": "rel_minmax", "q_params": {"(0, 0.14358191246436533)": 0.9989465954315505, "(0.14358191246436533, 0.14671442054962416)": 0.9150103126436794, "(0.14671442054962416, 0.343613159872356)": 0.9138892640292517, "(0.343613159872356, 0.7878869627597463)": 0.9119347757899493, "(0.7878869627597463, 0.794145700832234)": 0.6938146140473201, "(0.794145700832234, 0.8019953667785873)": 0.5290162305097748, "(0.8019953667785873, 0.8085004523462497)": 0.22544933008084234, "(0.8085004523462497, 0.8180444250118685)": 0.21568295278562238, "(0.8180444250118685, 0.8447836942800614)": 0.019634639998621556, "(0.8447836942800614, 1.0)": 0.0016960187222554825}, "pct": 0.0016960187222554825, "best_return": 3.4676566112355234}, "ew_rel_minmax": {"trend": "ew_rel_minmax", "time_param": 65, "q_params": {"(0, 0.10899881944726404)": 1.0, "(0.10899881944726404, 0.2543863522223311)": 0.9999975686964232, "(0.2543863522223311, 0.2868186382451228)": 0.9970842078804051, "(0.2868186382451228, 0.3795542642794156)": 0.9966347349261139, "(0.3795542642794156, 0.6090984727504497)": 0.99662535079096, "(0.6090984727504497, 0.6483544151668371)": 0.996186172000947, "(0.6483544151668371, 0.6495488099666986)": 0.9942347277308813, "(0.6495488099666986, 0.8068948729909842)": 0.994177982735146, "(0.8068948729909842, 0.811747995037673)": 0.9920279440699441, "(0.811747995037673, 1.0)": 0.4407964767374722}, "pct": 0.4407964767374722, "best_return": 2.903581906719042}}