{"ma": {"time_param": 101, "trend": "ma", "q_params": {"(0, 0.11272946040047382)": 0.9857483493852844, "(0.11272946040047382, 0.18068157634642232)": 0.8370926091593988, "(0.18068157634642232, 0.2981760454810032)": 0.8038119239337453, "(0.2981760454810032, 0.5065363993408848)": 0.7890927669002441, "(0.5065363993408848, 0.6352590259129393)": 0.7217721194107894, "(0.6352590259129393, 0.802560921449386)": 0.5185734183995048, "(0.802560921449386, 0.8447484187124665)": 0.34630845107299923, "(0.8447484187124665, 0.8707768655939345)": 0.2686923552682061, "(0.8707768655939345, 0.904600093254911)": 0.20699767997776874, "(0.904600093254911, 1)": 0.05431013567919074}, "pct": 0.8038119239337453, "best_return": 1.5877365447299292}, "ew_ma": {"time_param": 78, "trend": "ew_ma", "q_params": {"(0, 0.03975792823515267)": 0.9438875860499737, "(0.03975792823515267, 0.11601191137722355)": 0.9375388426077874, "(0.11601191137722355, 0.13477533658655827)": 0.7504519977308133, "(0.13477533658655827, 0.3186121920718077)": 0.6949453881500756, "(0.3186121920718077, 0.4103573384404995)": 0.6322834911771764, "(0.4103573384404995, 0.7286590979079732)": 0.6126599662022926, "(0.7286590979079732, 0.8163277630683176)": 0.5120434999416426, "(0.8163277630683176, 0.9002303484419684)": 0.4151608182905525, "(0.9002303484419684, 0.9867236692533967)": 0.36505705084680895, "(0.9867236692533967, 1)": 0.33790336946274907}, "pct": 0.6949453881500756, "best_return": 1.5487942826601913}, "rel_minmax": {"time_param": 128, "trend": "rel_minmax", "q_params": {"(0, 0.1492319847215493)": 0.979274995575463, "(0.1492319847215493, 0.19281547063825497)": 0.9748026299322056, "(0.19281547063825497, 0.19742222332097592)": 0.9350489716946792, "(0.19742222332097592, 0.5078824606914442)": 0.8534450340964669, "(0.5078824606914442, 0.5335129310654507)": 0.7689804447596842, "(0.5335129310654507, 0.5523697510829644)": 0.6847344491066909, "(0.5523697510829644, 0.6914119326202233)": 0.35235772787462416, "(0.6914119326202233, 0.7982152539761259)": 0.20615927528944655, "(0.7982152539761259, 0.8772239810429433)": 0.10096787216793734, "(0.8772239810429433, 1)": 0.016016047565234004}, "pct": 0.20615927528944655, "best_return": 1.7074532377799079}, "ew_rel_minmax": {"time_param": 138, "trend": "ew_rel_minmax", "q_params": {"(0, 0.08897194581612822)": 0.9818844811973836, "(0.08897194581612822, 0.10229294161095609)": 0.8506172941236145, "(0.10229294161095609, 0.24063193267447913)": 0.8058303248933454, "(0.24063193267447913, 0.39984778935528775)": 0.8049148964415013, "(0.39984778935528775, 0.5226453839204005)": 0.7015437794086278, "(0.5226453839204005, 0.6488679311204191)": 0.6920467051477378, "(0.6488679311204191, 0.9236706272919591)": 0.4162536559727677, "(0.9236706272919591, 0.9266260770450022)": 0.2493076593759569, "(0.9266260770450022, 0.9464309582008258)": 0.1977736838884404, "(0.9464309582008258, 1)": 0.050735912334581856}, "pct": 0.4162536559727677, "best_return": 1.646518713870843}}