{"ma": {"time_param": 101, "trend": "ma", "q_params": {"(0, 0.15282328599229)": 0.9023053587300514, "(0.15282328599229, 0.2696025060630556)": 0.7184591565678042, "(0.2696025060630556, 0.5121627953134082)": 0.6992683004280169, "(0.5121627953134082, 0.637036356616352)": 0.5095264089698172, "(0.637036356616352, 0.6631809791579476)": 0.4956666683620703, "(0.6631809791579476, 0.70145264558497)": 0.4673129408011961, "(0.70145264558497, 0.7890719120569333)": 0.25059797413086027, "(0.7890719120569333, 0.820713035442709)": 0.13836832543506672, "(0.820713035442709, 0.925700005381615)": 0.1163140135372508, "(0.925700005381615, 1)": 0.021834122985178395}, "pct": 0.9023053587300514, "best_return": 1.4908947071502556}, "ew_ma": {"time_param": 78, "trend": "ew_ma", "q_params": {"(0, 0.0003545159754253513)": 0.7456133373280153, "(0.0003545159754253513, 0.051252168006068355)": 0.7341983748802008, "(0.051252168006068355, 0.17729345920878903)": 0.7113780146765445, "(0.17729345920878903, 0.3788963366448685)": 0.661659769711264, "(0.3788963366448685, 0.5564069216620828)": 0.5881327600227545, "(0.5564069216620828, 0.654613596075352)": 0.5825421294073826, "(0.654613596075352, 0.8148310338565773)": 0.5698595650466366, "(0.8148310338565773, 0.8900231922769911)": 0.4631488214326469, "(0.8900231922769911, 0.9174717140357869)": 0.32997721110744593, "(0.9174717140357869, 1)": 0.2248829379630547}, "pct": 0.7341983748802008, "best_return": 1.2991352626190467}, "rel_minmax": {"time_param": 150, "trend": "rel_minmax", "q_params": {"(0, 0.18291139374317045)": 0.9636214235365604, "(0.18291139374317045, 0.3290805370026896)": 0.7271999823030146, "(0.3290805370026896, 0.4455836190757172)": 0.6756909703101843, "(0.4455836190757172, 0.4935495627276969)": 0.5614851164782168, "(0.4935495627276969, 0.5214869695550424)": 0.5140060033068572, "(0.5214869695550424, 0.6552966680755168)": 0.5000091576010189, "(0.6552966680755168, 0.7020639718643383)": 0.3363811651315537, "(0.7020639718643383, 0.7802912515145268)": 0.2131967108157482, "(0.7802912515145268, 0.9336725012281076)": 0.20638332218421518, "(0.9336725012281076, 1)": 0.008237568543655316}, "pct": 0.20638332218421518, "best_return": 1.6104450982653975}, "ew_rel_minmax": {"time_param": 110, "trend": "ew_rel_minmax", "q_params": {"(0, 0.0752583251985166)": 0.9567715947693721, "(0.0752583251985166, 0.0860867232670286)": 0.9463156768588458, "(0.0860867232670286, 0.4151143490209252)": 0.8476187491679305, "(0.4151143490209252, 0.46799625342961415)": 0.8115259644987495, "(0.46799625342961415, 0.5190209721330689)": 0.7007568511427896, "(0.5190209721330689, 0.6675436802036696)": 0.6225660557217937, "(0.6675436802036696, 0.7335777949622039)": 0.3463180171676259, "(0.7335777949622039, 0.7593308018849324)": 0.278494023736799, "(0.7593308018849324, 0.946833762629396)": 0.17810033232823108, "(0.946833762629396, 1)": 0.01447160561672808}, "pct": 0.17810033232823108, "best_return": 1.9737380839538232}}