{"ma": {"time_param": 41, "trend": "ma", "q_params": {"(0, 0.016462881400954196)": 0.9268272884709206, "(0.016462881400954196, 0.10285447566398181)": 0.9217577485872016, "(0.10285447566398181, 0.10907189127687955)": 0.9164169778806894, "(0.10907189127687955, 0.44200197785682466)": 0.808972012487813, "(0.44200197785682466, 0.5224796597169505)": 0.6846394684472187, "(0.5224796597169505, 0.6657616387851603)": 0.6229453245716199, "(0.6657616387851603, 0.7414795496844083)": 0.506027812595307, "(0.7414795496844083, 0.7686183233070589)": 0.4461447365066306, "(0.7686183233070589, 0.8026374103731456)": 0.08244092435012258, "(0.8026374103731456, 1.0)": 0.006615211503467333}, "pct": 0.808972012487813, "best_return": 1.5583293662523054}, "ew_ma": {"time_param": 29, "trend": "ew_ma", "q_params": {"(0, 0.3186484865970023)": 0.9903016542032175, "(0.3186484865970023, 0.3860203837137349)": 0.9849365561720452, "(0.3860203837137349, 0.4376215647461519)": 0.8558713861460268, "(0.4376215647461519, 0.5333239410347479)": 0.7194622002808164, "(0.5333239410347479, 0.7067697436251703)": 0.7084349116479165, "(0.7067697436251703, 0.7949899039366155)": 0.6590357219770261, "(0.7949899039366155, 0.8138808859076928)": 0.6021059719515851, "(0.8138808859076928, 0.8386359461120014)": 0.42881066464242545, "(0.8386359461120014, 0.94667377778253)": 0.16211477816948994, "(0.94667377778253, 1)": 0.10883244520143409}, "pct": 0.9903016542032175, "best_return": 1.6724442579814967}, "rel_minmax": {"time_param": 143, "trend": "rel_minmax", "q_params": {"(0, 0.21748559938430878)": 0.9661505934891148, "(0.21748559938430878, 0.360462585483994)": 0.6108113922937332, "(0.360462585483994, 0.3899847383250927)": 0.521923547314269, "(0.3899847383250927, 0.4113523346213166)": 0.5212082274395144, "(0.4113523346213166, 0.5548378872581604)": 0.4696007956285209, "(0.5548378872581604, 0.6818831855830163)": 0.30084112665350315, "(0.6818831855830163, 0.7299919879030441)": 0.2512671889400619, "(0.7299919879030441, 0.8742890896023054)": 0.23238671771755293, "(0.8742890896023054, 0.9833689322798265)": 0.13294175395068408, "(0.9833689322798265, 1)": 0.11887412939584356}, "pct": 0.13294175395068408, "best_return": 1.6646978406677158}, "ew_rel_minmax": {"time_param": 111, "trend": "ew_rel_minmax", "q_params": {"(0, 0.09174313475932616)": 0.9992741619461042, "(0.09174313475932616, 0.18673610671647384)": 0.8996013225936761, "(0.18673610671647384, 0.4568074092715202)": 0.8641122269725395, "(0.4568074092715202, 0.46912246772172284)": 0.814959264263244, "(0.46912246772172284, 0.5449150886316854)": 0.5803096826875918, "(0.5449150886316854, 0.6609864161251726)": 0.5035789971265496, "(0.6609864161251726, 0.7867947196624275)": 0.3941285981057289, "(0.7867947196624275, 0.820801586345044)": 0.37071653019063755, "(0.820801586345044, 0.8962687937562467)": 0.15416633863410925, "(0.8962687937562467, 1)": 0.07782393886259353}, "pct": 0.15416633863410925, "best_return": 1.830567126346856}}