{"ma": {"trend": "ma", "time_param": 220, "q_params": {"(0.0, 0.1763080555372096)": 0.9970918787629837, "(0.1763080555372096, 0.21969227379300535)": 0.9959193002776089, "(0.21969227379300535, 0.3192662599266247)": 0.9939717506253939, "(0.3192662599266247, 0.3907128670616854)": 0.9930486586442563, "(0.3907128670616854, 0.4299461148626304)": 0.9930245082998262, "(0.4299461148626304, 0.45833303189661745)": 0.9928217181700535, "(0.45833303189661745, 0.5078574916116928)": 0.9924419464258123, "(0.5078574916116928, 0.8278802293678053)": 0.9921632478017767, "(0.8278802293678053, 0.8641532061182405)": 0.9920279440699441, "(0.8641532061182405, 1.0)": 0.2590449351902878}, "pct": 1, "best_return": 3.329746018009378}, "ew_ma": {"trend": "ew_ma", "time_param": 220, "q_params": {"(0, 0.08787583228456146)": 0.999994953489551, "(0.08787583228456146, 0.1709991068704163)": 0.9997631134265837, "(0.1709991068704163, 0.32750665308513355)": 0.9987700423727616, "(0.32750665308513355, 0.3740854840569272)": 0.9981626809495734, "(0.3740854840569272, 0.5105611294646971)": 0.9979666248684721, "(0.5105611294646971, 0.5680231585028076)": 0.9965549358817294, "(0.5680231585028076, 0.6419326164935962)": 0.9898020216130308, "(0.6419326164935962, 0.7095049012707336)": 0.9864339259307797, "(0.7095049012707336, 0.9320982209273107)": 0.9774374110878288, "(0.9320982209273107, 1.0)": 0.0010857023190090874}, "pct": 0.9774374110878288, "best_return": 3.3472508493827045}, "rel_minmax": {"trend": "rel_minmax", "time_param": 220, "q_params": {"(0, 0.14228685809439864)": 0.9999943547886825, "(0.14228685809439864, 0.15853213858031612)": 0.9991630062274051, "(0.15853213858031612, 0.22484709924499857)": 0.9985060400965817, "(0.22484709924499857, 0.4962573340464071)": 0.998079066530734, "(0.4962573340464071, 0.5626447701379937)": 0.9980089968971176, "(0.5626447701379937, 0.5859966939602)": 0.9977511387933719, "(0.5859966939602, 0.927652705490021)": 0.996495082252701, "(0.927652705490021, 0.9569754918522394)": 0.8786049149809615, "(0.9569754918522394, 0.9883785427964233)": 0.7798456635303632, "(0.9883785427964233, 1.0)": 0.5207889320958483}, "pct": 0.7798456635303632, "best_return": 3.4505644043336137}, "ew_rel_minmax": {"trend": "ew_rel_minmax", "time_param": 220, "q_params": {"(0, 0.11442306046322068)": 0.9994754195981976, "(0.11442306046322068, 0.20456358311983222)": 0.9994268426657704, "(0.20456358311983222, 0.29588788626745083)": 0.9971557808773145, "(0.29588788626745083, 0.6060155220794358)": 0.9968441025570423, "(0.6060155220794358, 0.6459637428681193)": 0.9855068116718434, "(0.6459637428681193, 0.6923327417673102)": 0.9832557090448768, "(0.6923327417673102, 0.8982717136526769)": 0.9824984583488026, "(0.8982717136526769, 0.9394121095702392)": 0.975877759763858, "(0.9394121095702392, 0.9606838602902338)": 0.9685867379673908, "(0.9606838602902338, 1.0)": 0.2784800834317673}, "pct": 0.2784800834317673, "best_return": 3.9093884417038502}}