{"ma": {"trend": "ma", "time_param": 220, "q_params": {"(0, 0.1625699481391293)": 1.0, "(0.1625699481391293, 0.21969227379300535)": 0.9959193002776089, "(0.21969227379300535, 0.3131829196108157)": 0.9952642609000099, "(0.3131829196108157, 0.3907128670616854)": 0.9930486586442563, "(0.3907128670616854, 0.42382064998380176)": 0.9930110708243904, "(0.42382064998380176, 0.44307620140636245)": 0.9928959272701976, "(0.44307620140636245, 0.5078574916116928)": 0.9928611176146576, "(0.5078574916116928, 0.8589160265678496)": 0.9922918674802246, "(0.8589160265678496, 0.8687177391211865)": 0.9920279440699441, "(0.8687177391211865, 1.0)": 0.2590449351902878}, "pct": 0.2590449351902878, "best_return": 3.3687854557754733}, "ew_ma": {"trend": "ew_ma", "time_param": 220, "q_params": {"(0, 0.1840319828609042)": 0.9983341113586972, "(0.1840319828609042, 0.2032310852052105)": 0.9982679343833047, "(0.2032310852052105, 0.28165300205836535)": 0.9982149328314117, "(0.28165300205836535, 0.4626040559180557)": 0.9981232145786276, "(0.4626040559180557, 0.49732321405176055)": 0.9980975995179663, "(0.49732321405176055, 0.5748775756629435)": 0.9974092022789697, "(0.5748775756629435, 0.6387384655857844)": 0.9926085734925982, "(0.6387384655857844, 0.718184519883659)": 0.9924672596455756, "(0.718184519883659, 0.9303146948370642)": 0.9920279440699441, "(0.9303146948370642, 1.0)": 0.011537758900252219}, "pct": 0.9920279440699441, "best_return": 3.4818993757717385}, "rel_minmax": {"trend": "rel_minmax", "time_param": 220, "q_params": {"(0, 0.18221889912141753)": 0.9999992520258244, "(0.18221889912141753, 0.28894286373987166)": 0.9999911191420705, "(0.28894286373987166, 0.3079129828321935)": 0.9997794689225252, "(0.3079129828321935, 0.31139535537456)": 0.9996989097800917, "(0.31139535537456, 0.5600214131193199)": 0.9978041456386124, "(0.5600214131193199, 0.6034912158467335)": 0.9976238053641118, "(0.6034912158467335, 0.6128818038293147)": 0.9970194595808239, "(0.6128818038293147, 0.9636880679174108)": 0.983470624062493, "(0.9636880679174108, 0.9711674907680785)": 0.8016104015435281, "(0.9711674907680785, 1.0)": 0.7111085606184739}, "pct": 0.983470624062493, "best_return": 3.454311452878688}, "ew_rel_minmax": {"trend": "ew_rel_minmax", "time_param": 220, "q_params": {"(0, 0.23088553801228143)": 1.0, "(0.23088553801228143, 0.23566188086478604)": 0.9999454166109208, "(0.23566188086478604, 0.3037193880692841)": 0.9968975172044792, "(0.3037193880692841, 0.4107186855419582)": 0.9968657718571013, "(0.4107186855419582, 0.6674894576988534)": 0.9967882386782845, "(0.6674894576988534, 0.6768670882464628)": 0.9967664547083794, "(0.6768670882464628, 0.7181258754325461)": 0.9964008810659083, "(0.7181258754325461, 0.8216565518921154)": 0.9961387801278647, "(0.8216565518921154, 0.9331566973105072)": 0.9754290135354392, "(0.9331566973105072, 1.0)": 0.00199657067625879}, "pct": 0.9754290135354392, "best_return": 4.000611355476531}}