{"ma": {"trend": "ma", "time_param": 220, "q_params": {"(0.0, 0.1763080555372096)": 0.9970918787629837, "(0.1763080555372096, 0.21969227379300535)": 0.9959193002776089, "(0.21969227379300535, 0.3192662599266247)": 0.9939717506253939, "(0.3192662599266247, 0.3907128670616854)": 0.9930486586442563, "(0.3907128670616854, 0.4299461148626304)": 0.9930245082998262, "(0.4299461148626304, 0.45833303189661745)": 0.9928217181700535, "(0.45833303189661745, 0.5078574916116928)": 0.9924419464258123, "(0.5078574916116928, 0.8278802293678053)": 0.9921632478017767, "(0.8278802293678053, 0.8687177391211865)": 0.9920279440699441, "(0.8687177391211865, 1.0)": 0.2590449351902878}, "pct": 1, "best_return": 3.4748291421707855}, "ew_ma": {"trend": "ew_ma", "time_param": 220, "q_params": {"(0, 0.07163662172899858)": 0.9992499273380853, "(0.07163662172899858, 0.21599295591533985)": 0.9991132888539312, "(0.21599295591533985, 0.3286336848172004)": 0.9982165205295532, "(0.3286336848172004, 0.38321224259907816)": 0.9981472999022568, "(0.38321224259907816, 0.5029997193659399)": 0.9980975995179663, "(0.5029997193659399, 0.6029109579687614)": 0.9978030035499972, "(0.6029109579687614, 0.6492289843002429)": 0.9925189092279443, "(0.6492289843002429, 0.7062591786688176)": 0.9922948485804923, "(0.7062591786688176, 0.9303146948370642)": 0.9920279440699441, "(0.9303146948370642, 1.0)": 0.014202706472662968}, "pct": 0.9920279440699441, "best_return": 3.62971670517118}, "rel_minmax": {"trend": "rel_minmax", "time_param": 220, "q_params": {"(0, 0.1341480181149443)": 0.9999966163679137, "(0.1341480181149443, 0.3081874600602885)": 0.9999830273392037, "(0.3081874600602885, 0.32179636857403243)": 0.999872381577842, "(0.32179636857403243, 0.33914265016764555)": 0.9996989097800917, "(0.33914265016764555, 0.34263996899418425)": 0.9978041456386124, "(0.34263996899418425, 0.6023303388528396)": 0.99285706146466, "(0.6023303388528396, 0.8877600834585475)": 0.99184237570451, "(0.8877600834585475, 0.9705472171335945)": 0.9806344223027309, "(0.9705472171335945, 0.9932060521441994)": 0.7741509721296603, "(0.9932060521441994, 1.0)": 0.7016245837523204}, "pct": 0.9806344223027309, "best_return": 3.5675588911596785}, "ew_rel_minmax": {"trend": "ew_rel_minmax", "time_param": 220, "q_params": {"(0, 0.09571797192744742)": 0.9996944804982708, "(0.09571797192744742, 0.2154164650821044)": 0.9990919303979844, "(0.2154164650821044, 0.29588788626745083)": 0.9984065993099845, "(0.29588788626745083, 0.40444242829074756)": 0.9968441025570423, "(0.40444242829074756, 0.6489671307787538)": 0.9967851566613756, "(0.6489671307787538, 0.6830350921465812)": 0.993389249458044, "(0.6830350921465812, 0.7265269958468217)": 0.9890366471925137, "(0.7265269958468217, 0.8683897157275413)": 0.9686831042636679, "(0.8683897157275413, 0.9570399143339628)": 0.9653929789199708, "(0.9570399143339628, 1.0)": 0.30724137458703954}, "pct": 0.9653929789199708, "best_return": 4.028371623913393}}