{"ma": {"trend": "ma", "time_param": 220, "q_params": {"(0, 0.1763080555372096)": 0.9974310806365715, "(0.1763080555372096, 0.21612147335774232)": 0.9936297679121848, "(0.21612147335774232, 0.36824881920144154)": 0.9935757913959203, "(0.36824881920144154, 0.38883882306439405)": 0.9930486586442563, "(0.38883882306439405, 0.4299461148626304)": 0.9929563122466091, "(0.4299461148626304, 0.45833303189661745)": 0.9928217181700535, "(0.45833303189661745, 0.5051701265496761)": 0.9924419464258123, "(0.5051701265496761, 0.8620023226275955)": 0.9921632478017767, "(0.8620023226275955, 0.9721539819220327)": 0.9920279440699441, "(0.9721539819220327, 1.0)": 0.16256623475892992}, "pct": 0.9974310806365715, "best_return": 2.7019109609133634}, "ew_ma": {"time_param": 259, "trend": "ew_ma", "q_params": {"(0, 0.13118052827519555)": 0.9913176902266145, "(0.13118052827519555, 0.17757284769973647)": 0.9364560282060423, "(0.17757284769973647, 0.1894751369444222)": 0.6414112616647129, "(0.1894751369444222, 0.2698074527835401)": 0.5516244436968029, "(0.2698074527835401, 0.2895995447561555)": 0.5419530174226669, "(0.2895995447561555, 0.29612588734707)": 0.5356247184038258, "(0.29612588734707, 0.3115158586989637)": 0.46974748916807846, "(0.3115158586989637, 0.3914140502603103)": 0.41420908575982207, "(0.3914140502603103, 0.9199955742313866)": 0.35031617047030056, "(0.9199955742313866, 1)": 0.09286056065784473}, "pct": 0.5419530174226669, "best_return": 2.8153720757573506}, "rel_minmax": {"trend": "rel_minmax", "time_param": 220, "q_params": {"(0, 0.14228685809439864)": 0.9999943547886825, "(0.14228685809439864, 0.24658634942426522)": 0.9985097249819945, "(0.24658634942426522, 0.25478289573833657)": 0.9982745779979723, "(0.25478289573833657, 0.4565209858675813)": 0.9980439855274916, "(0.4565209858675813, 0.5277659100805021)": 0.9980089968971176, "(0.5277659100805021, 0.5859966939602)": 0.9979968548667377, "(0.5859966939602, 0.9495528043798138)": 0.996495082252701, "(0.9495528043798138, 0.9726429889244166)": 0.8786049149809615, "(0.9726429889244166, 0.9843919713748716)": 0.727863940518784, "(0.9843919713748716, 1.0)": 0.6901478462973051}, "pct": 0.6901478462973051, "best_return": 2.9511623832570635}, "ew_rel_minmax": {"trend": "ew_rel_minmax", "time_param": 220, "q_params": {"(0, 0.1316776410461664)": 0.9998956742021244, "(0.1316776410461664, 0.20456358311983222)": 0.9994268426657704, "(0.20456358311983222, 0.22930753634720713)": 0.9971557808773145, "(0.22930753634720713, 0.605541597419881)": 0.9968441025570423, "(0.605541597419881, 0.6459637428681193)": 0.9853285771660885, "(0.6459637428681193, 0.756187244499957)": 0.984952805276405, "(0.756187244499957, 0.8982717136526769)": 0.9836710013036831, "(0.8982717136526769, 0.9347855246801631)": 0.9800615164341663, "(0.9347855246801631, 0.9375559382862918)": 0.8332299314524627, "(0.9375559382862918, 1.0)": 0.08445267771047568}, "pct": 0.08445267771047568, "best_return": 3.9110000604405024}}