{"ma": {"trend": "ma", "time_param": 220, "q_params": {"(0, 0.1763080555372096)": 0.9970918787629837, "(0.1763080555372096, 0.21969227379300535)": 0.9959193002776089, "(0.21969227379300535, 0.3192662599266247)": 0.9939717506253939, "(0.3192662599266247, 0.3907128670616854)": 0.9930486586442563, "(0.3907128670616854, 0.4299461148626304)": 0.9930245082998262, "(0.4299461148626304, 0.45833303189661745)": 0.9928217181700535, "(0.45833303189661745, 0.5078574916116928)": 0.9924419464258123, "(0.5078574916116928, 0.8278802293678053)": 0.9921632478017767, "(0.8278802293678053, 0.8687177391211865)": 0.9920279440699441, "(0.8687177391211865, 1.0)": 0.2590449351902878}, "pct": 0.9920279440699441, "best_return": 3.2454590524750486}, "ew_ma": {"trend": "ew_ma", "time_param": 220, "q_params": {"(0, 0.1840319828609042)": 0.9992952340184825, "(0.1840319828609042, 0.2032310852052105)": 0.9988495786718875, "(0.2032310852052105, 0.3286336848172004)": 0.9982165205295532, "(0.3286336848172004, 0.40944817538651346)": 0.9981232145786276, "(0.40944817538651346, 0.5129318372217898)": 0.9980975995179663, "(0.5129318372217898, 0.5748775756629435)": 0.9974092022789697, "(0.5748775756629435, 0.6439067787656981)": 0.9926085734925982, "(0.6439067787656981, 0.7120526559292044)": 0.9921610165332928, "(0.7120526559292044, 0.9303146948370642)": 0.9920279440699441, "(0.9303146948370642, 1.0)": 0.011537758900252219}, "pct": 0.9920279440699441, "best_return": 3.2391918452099118}, "rel_minmax": {"trend": "rel_minmax", "time_param": 220, "q_params": {"(0, 0.15818826345041706)": 0.9999837146180144, "(0.15818826345041706, 0.3046279461286228)": 0.9999700119170083, "(0.3046279461286228, 0.30874819205832527)": 0.9999647595363372, "(0.30874819205832527, 0.31139535537456)": 0.9996989097800917, "(0.31139535537456, 0.33176186172066435)": 0.9978041456386124, "(0.33176186172066435, 0.5784931464740615)": 0.9976238053641118, "(0.5784931464740615, 0.8676961730540506)": 0.9970194595808239, "(0.8676961730540506, 0.9594954778847636)": 0.983470624062493, "(0.9594954778847636, 0.9711674907680785)": 0.8016104015435281, "(0.9711674907680785, 1.0)": 0.7097309202297196}, "pct": 0.983470624062493, "best_return": 3.371517594323874}, "ew_rel_minmax": {"trend": "ew_rel_minmax", "time_param": 220, "q_params": {"(0, 0.22119828051573467)": 1.0, "(0.22119828051573467, 0.23566188086478604)": 0.9992827205467314, "(0.23566188086478604, 0.31683624090356416)": 0.9968975172044792, "(0.31683624090356416, 0.40122056952086227)": 0.996859195028011, "(0.40122056952086227, 0.649449189334762)": 0.9968280506134976, "(0.649449189334762, 0.6819932094241177)": 0.9967664547083794, "(0.6819932094241177, 0.7265269958468217)": 0.996235953466571, "(0.7265269958468217, 0.811292147104045)": 0.9883352670649265, "(0.811292147104045, 0.9586602265286154)": 0.9454812552415992, "(0.9586602265286154, 1.0)": 0.0032985037573062745}, "pct": 0.9454812552415992, "best_return": 3.9622450659324517}}