{"ma": {"trend": "ma", "time_param": 220, "q_params": {"(0.0, 0.1763080555372096)": 0.9970918787629837, "(0.1763080555372096, 0.21969227379300535)": 0.9959193002776089, "(0.21969227379300535, 0.3192662599266247)": 0.9939717506253939, "(0.3192662599266247, 0.3907128670616854)": 0.9930486586442563, "(0.3907128670616854, 0.4299461148626304)": 0.9930245082998262, "(0.4299461148626304, 0.45833303189661745)": 0.9928217181700535, "(0.45833303189661745, 0.5078574916116928)": 0.9924419464258123, "(0.5078574916116928, 0.8278802293678053)": 0.9921632478017767, "(0.8278802293678053, 0.8687177391211865)": 0.9920279440699441, "(0.8687177391211865, 1.0)": 0.2590449351902878}, "pct": 1, "best_return": 3.2094175913486884}, "ew_ma": {"trend": "ew_ma", "time_param": 220, "q_params": {"(0, 0.21292467337600052)": 0.9992499273380853, "(0.21292467337600052, 0.21599295591533985)": 0.998474976051896, "(0.21599295591533985, 0.3286336848172004)": 0.9982165205295532, "(0.3286336848172004, 0.38321224259907816)": 0.9982064481762029, "(0.38321224259907816, 0.5129318372217898)": 0.9980975995179663, "(0.5129318372217898, 0.6029109579687614)": 0.9938558071871232, "(0.6029109579687614, 0.6367390755707826)": 0.9924073031440256, "(0.6367390755707826, 0.6998524901287541)": 0.9923976895854982, "(0.6998524901287541, 0.9303146948370642)": 0.9920279440699441, "(0.9303146948370642, 1.0)": 0.005710857052322344}, "pct": 0.9920279440699441, "best_return": 3.351227543250589}, "rel_minmax": {"trend": "rel_minmax", "time_param": 220, "q_params": {"(0, 0.1341480181149443)": 0.9999966163679137, "(0.1341480181149443, 0.3081874600602885)": 0.9999830273392037, "(0.3081874600602885, 0.31116698673379545)": 0.9999647595363372, "(0.31116698673379545, 0.31139535537456)": 0.9996989097800917, "(0.31139535537456, 0.33176186172066435)": 0.9978041456386124, "(0.33176186172066435, 0.614718465729699)": 0.99285706146466, "(0.614718465729699, 0.8856895885400063)": 0.99184237570451, "(0.8856895885400063, 0.9594954778847636)": 0.9806344223027309, "(0.9594954778847636, 0.9809383183350444)": 0.769698792471553, "(0.9809383183350444, 1.0)": 0.7016245837523204}, "pct": 0.769698792471553, "best_return": 3.315339448411128}, "ew_rel_minmax": {"trend": "ew_rel_minmax", "time_param": 220, "q_params": {"(0, 0.09571797192744742)": 1.0, "(0.09571797192744742, 0.22465979759127475)": 0.9985719690790253, "(0.22465979759127475, 0.29588788626745083)": 0.9984065993099845, "(0.29588788626745083, 0.40444242829074756)": 0.9968441025570423, "(0.40444242829074756, 0.6489671307787538)": 0.9968229214479384, "(0.6489671307787538, 0.6799944752902045)": 0.9967664547083794, "(0.6799944752902045, 0.7265269958468217)": 0.9890366471925137, "(0.7265269958468217, 0.8343668157106259)": 0.9686831042636679, "(0.8343668157106259, 0.9700259590928694)": 0.9653929789199708, "(0.9700259590928694, 1.0)": 0.30724137458703954}, "pct": 0.9653929789199708, "best_return": 3.5895922726162883}}