{"ma": {"trend": "ma", "time_param": 220, "q_params": {"(0, 0.18757617398786575)": 0.9974310806365715, "(0.18757617398786575, 0.21612147335774232)": 0.9936297679121848, "(0.21612147335774232, 0.2786368616610298)": 0.9931093412036514, "(0.2786368616610298, 0.38883882306439405)": 0.9930486586442563, "(0.38883882306439405, 0.4409573353986591)": 0.9929563122466091, "(0.4409573353986591, 0.45833303189661745)": 0.9928217181700535, "(0.45833303189661745, 0.5051701265496761)": 0.9922001191212374, "(0.5051701265496761, 0.8620023226275955)": 0.9920877940367103, "(0.8620023226275955, 0.9721539819220327)": 0.9920279440699441, "(0.9721539819220327, 1.0)": 0.155046826899827}, "pct": 0.9931093412036514, "best_return": 2.9806128855215377}, "ew_ma": {"time_param": 259, "trend": "ew_ma", "q_params": {"(0, 0.13118052827519555)": 0.9913176902266145, "(0.13118052827519555, 0.17757284769973647)": 0.9364560282060423, "(0.17757284769973647, 0.24824278072145622)": 0.7439298518856349, "(0.24824278072145622, 0.2713740323844807)": 0.5516244436968029, "(0.2713740323844807, 0.28724160627682654)": 0.5419530174226669, "(0.28724160627682654, 0.29612588734707)": 0.5233298099024553, "(0.29612588734707, 0.3115158586989637)": 0.46974748916807846, "(0.3115158586989637, 0.3914140502603103)": 0.41420908575982207, "(0.3914140502603103, 0.9199955742313866)": 0.35031617047030056, "(0.9199955742313866, 1.0)": 0.07707392503796268}, "pct": 0.35031617047030056, "best_return": 2.873873877392162}, "rel_minmax": {"trend": "rel_minmax", "time_param": 220, "q_params": {"(0, 0.14228685809439864)": 0.9999943547886825, "(0.14228685809439864, 0.15899969629688518)": 0.9985097249819945, "(0.15899969629688518, 0.25478289573833657)": 0.9984241303560228, "(0.25478289573833657, 0.4565209858675813)": 0.9980439855274916, "(0.4565209858675813, 0.5277659100805021)": 0.9980089968971176, "(0.5277659100805021, 0.5859966939602)": 0.9979968548667377, "(0.5859966939602, 0.9487656787158014)": 0.996495082252701, "(0.9487656787158014, 0.9616470944582564)": 0.8786049149809615, "(0.9616470944582564, 0.9843919713748716)": 0.727863940518784, "(0.9843919713748716, 1.0)": 0.6901478462973051}, "pct": 0.6901478462973051, "best_return": 3.0909830402258645}, "ew_rel_minmax": {"time_param": 58, "trend": "ew_rel_minmax", "q_params": {"(0, 0.11112200349916097)": 0.9914292021440574, "(0.11112200349916097, 0.11708474766877827)": 0.8819198314667932, "(0.11708474766877827, 0.34194396670485494)": 0.8650140679786861, "(0.34194396670485494, 0.37382693107937826)": 0.7847304756691633, "(0.37382693107937826, 0.6240566126801532)": 0.7218378062772811, "(0.6240566126801532, 0.6976130279446175)": 0.6609051847718878, "(0.6976130279446175, 0.8533946734574914)": 0.6137065984676437, "(0.8533946734574914, 0.9129202515137693)": 0.5637199688781267, "(0.9129202515137693, 0.9195050226345526)": 0.2422174979709133, "(0.9195050226345526, 1)": 0.163543780816497}, "pct": 0.6137065984676437, "best_return": 3.032863195775279}}