{"ma": {"trend": "ma", "time_param": 220, "q_params": {"(0.0, 0.1763080555372096)": 0.9970918787629837, "(0.1763080555372096, 0.21969227379300535)": 0.9959193002776089, "(0.21969227379300535, 0.3192662599266247)": 0.9939717506253939, "(0.3192662599266247, 0.3907128670616854)": 0.9930486586442563, "(0.3907128670616854, 0.4299461148626304)": 0.9930245082998262, "(0.4299461148626304, 0.45833303189661745)": 0.9928217181700535, "(0.45833303189661745, 0.5078574916116928)": 0.9924419464258123, "(0.5078574916116928, 0.8278802293678053)": 0.9921632478017767, "(0.8278802293678053, 0.8687177391211865)": 0.9920279440699441, "(0.8687177391211865, 1.0)": 0.2590449351902878}, "pct": 1, "best_return": 3.1742671327245193}, "ew_ma": {"trend": "ew_ma", "time_param": 220, "q_params": {"(0, 0.19218983990288574)": 0.9994150689414556, "(0.19218983990288574, 0.2032310852052105)": 0.9983193466326202, "(0.2032310852052105, 0.3286336848172004)": 0.9982165205295532, "(0.3286336848172004, 0.38321224259907816)": 0.9982064481762029, "(0.38321224259907816, 0.5129318372217898)": 0.9980975995179663, "(0.5129318372217898, 0.6027329980937587)": 0.9966658135319499, "(0.6027329980937587, 0.6367390755707826)": 0.9931997513315873, "(0.6367390755707826, 0.7120526559292044)": 0.9921610165332928, "(0.7120526559292044, 0.9303146948370642)": 0.9920279440699441, "(0.9303146948370642, 1.0)": 0.005710857052322344}, "pct": 0.9920279440699441, "best_return": 3.359928767968272}, "rel_minmax": {"trend": "rel_minmax", "time_param": 220, "q_params": {"(0, 0.1341480181149443)": 0.9999837304250804, "(0.1341480181149443, 0.3081874600602885)": 0.9999728053879154, "(0.3081874600602885, 0.30874819205832527)": 0.9999647595363372, "(0.30874819205832527, 0.31139535537456)": 0.9996989097800917, "(0.31139535537456, 0.33176186172066435)": 0.9978041456386124, "(0.33176186172066435, 0.614718465729699)": 0.9972179510151256, "(0.614718465729699, 0.8676961730540506)": 0.9970194595808239, "(0.8676961730540506, 0.9594954778847636)": 0.9900681752672056, "(0.9594954778847636, 0.9872752448705022)": 0.753813257561563, "(0.9872752448705022, 1.0)": 0.7111730040248528}, "pct": 0.753813257561563, "best_return": 3.343382995115884}, "ew_rel_minmax": {"trend": "ew_rel_minmax", "time_param": 220, "q_params": {"(0, 0.09571797192744742)": 1.0, "(0.09571797192744742, 0.23566188086478604)": 0.9972667473357878, "(0.23566188086478604, 0.29588788626745083)": 0.9968975172044792, "(0.29588788626745083, 0.4294411797113646)": 0.996859195028011, "(0.4294411797113646, 0.6594731732003709)": 0.9968280506134976, "(0.6594731732003709, 0.6781670036477934)": 0.9967664547083794, "(0.6781670036477934, 0.7265269958468217)": 0.9890366471925137, "(0.7265269958468217, 0.8358931103659674)": 0.9731401046925113, "(0.8358931103659674, 0.9586602265286154)": 0.9653929789199708, "(0.9586602265286154, 1.0)": 0.30724137458703954}, "pct": 0.9653929789199708, "best_return": 3.693784913761818}}