{"ma": {"trend": "ma", "time_param": 220, "q_params": {"(0, 0.15111896282056)": 1.0, "(0.15111896282056, 0.1720322299526399)": 0.9998897325962808, "(0.1720322299526399, 0.3900753705424914)": 0.9972343403051388, "(0.3900753705424914, 0.39533476966711945)": 0.997159244958656, "(0.39533476966711945, 0.4007014864929008)": 0.9934456773371627, "(0.4007014864929008, 0.4323114049560376)": 0.9933728122457274, "(0.4323114049560376, 0.4934834744646742)": 0.9933712662402627, "(0.4934834744646742, 0.8665356913152098)": 0.992044672476682, "(0.8665356913152098, 0.876872541260348)": 0.9920279440699441, "(0.876872541260348, 1.0)": 0.2421250080611278}, "pct": 0.992044672476682, "best_return": 3.137909824523906}, "ew_ma": {"trend": "ew_ma", "time_param": 220, "q_params": {"(0, 0.17225411952958827)": 1.0, "(0.17225411952958827, 0.19858241497056853)": 0.9982679343833047, "(0.19858241497056853, 0.275630665532756)": 0.9981670783093338, "(0.275630665532756, 0.5029287773405271)": 0.9979698336085437, "(0.5029287773405271, 0.5693568342722612)": 0.9976938680575168, "(0.5693568342722612, 0.5887355791368181)": 0.9973755634340503, "(0.5887355791368181, 0.6021717501808649)": 0.9927710098955891, "(0.6021717501808649, 0.8223266881224552)": 0.9920313089001976, "(0.8223266881224552, 0.9303146948370642)": 0.9920279440699441, "(0.9303146948370642, 1.0)": 0.12535391318038777}, "pct": 0.9920279440699441, "best_return": 3.1344180866338687}, "rel_minmax": {"trend": "rel_minmax", "time_param": 220, "q_params": {"(0, 0.16640222754086614)": 1.0, "(0.16640222754086614, 0.30220574590033544)": 0.9984184097113632, "(0.30220574590033544, 0.3106646755652598)": 0.9983248743347265, "(0.3106646755652598, 0.3123141672327958)": 0.9979993492864215, "(0.3123141672327958, 0.5650934889783525)": 0.997955387961676, "(0.5650934889783525, 0.6048580271008233)": 0.997862909939955, "(0.6048580271008233, 0.6298598914427073)": 0.996643491099551, "(0.6298598914427073, 0.970000665336013)": 0.9951664171038479, "(0.970000665336013, 0.9894667092997754)": 0.9921936704114327, "(0.9894667092997754, 1.0)": 0.7741125654914296}, "pct": 0.9951664171038479, "best_return": 3.1115646170671414}, "ew_rel_minmax": {"trend": "ew_rel_minmax", "time_param": 220, "q_params": {"(0, 0.23559612329837887)": 1.0, "(0.23559612329837887, 0.23566188086478604)": 0.999, "(0.23566188086478604, 0.30093192358965515)": 0.9973149626017662, "(0.30093192358965515, 0.38222967364942195)": 0.9968126493139942, "(0.38222967364942195, 0.6632876140722122)": 0.9967882386782845, "(0.6632876140722122, 0.7171729019270547)": 0.9949295190025322, "(0.7171729019270547, 0.7283707187032531)": 0.9943772332241163, "(0.7283707187032531, 0.7327834016372404)": 0.9933156189576726, "(0.7327834016372404, 0.9426631085652892)": 0.992856228205982, "(0.9426631085652892, 1.0)": 0.0026562414765375214}, "pct": 0.992856228205982, "best_return": 3.853806320185344}}