{"ma": {"trend": "ma", "time_param": 220, "q_params": {"(0, 0.1763080555372096)": 0.9970918787629837, "(0.1763080555372096, 0.21969227379300535)": 0.9959193002776089, "(0.21969227379300535, 0.3192662599266247)": 0.9939717506253939, "(0.3192662599266247, 0.3907128670616854)": 0.9930486586442563, "(0.3907128670616854, 0.4299461148626304)": 0.9930245082998262, "(0.4299461148626304, 0.45833303189661745)": 0.9928217181700535, "(0.45833303189661745, 0.5078574916116928)": 0.9924419464258123, "(0.5078574916116928, 0.8278802293678053)": 0.9921632478017767, "(0.8278802293678053, 0.8641532061182405)": 0.9920279440699441, "(0.8641532061182405, 1.0)": 0.2590449351902878}, "pct": 0.9924419464258123, "best_return": 3.281689582104168}, "ew_ma": {"trend": "ew_ma", "time_param": 220, "q_params": {"(0, 0.08563955725660298)": 0.9998998455311392, "(0.08563955725660298, 0.21504319691551238)": 0.9991132888539312, "(0.21504319691551238, 0.3286336848172004)": 0.9982165205295532, "(0.3286336848172004, 0.37544474022727325)": 0.9981472999022568, "(0.37544474022727325, 0.5198309169113323)": 0.9980975995179663, "(0.5198309169113323, 0.6070140301259174)": 0.9937561829552917, "(0.6070140301259174, 0.6415793253038234)": 0.988744877392785, "(0.6415793253038234, 0.7095049012707336)": 0.9864339259307797, "(0.7095049012707336, 0.9320982209273107)": 0.9774374110878288, "(0.9320982209273107, 1.0)": 0.0010857023190090874}, "pct": 0.9774374110878288, "best_return": 3.421705715138905}, "rel_minmax": {"trend": "rel_minmax", "time_param": 220, "q_params": {"(0, 0.14264809425184474)": 0.9999943547886825, "(0.14264809425184474, 0.27988938854346757)": 0.9999147661371244, "(0.27988938854346757, 0.3107473866903985)": 0.9986915020213634, "(0.3107473866903985, 0.3350733776938192)": 0.998079066530734, "(0.3350733776938192, 0.5626447701379937)": 0.9978041456386124, "(0.5626447701379937, 0.5859966939602)": 0.9956408924680844, "(0.5859966939602, 0.9074322643048408)": 0.9919767151611124, "(0.9074322643048408, 0.9707676075788799)": 0.9857044556450483, "(0.9707676075788799, 0.9830789328663232)": 0.7798456635303632, "(0.9830789328663232, 1.0)": 0.6729013615123216}, "pct": 0.6729013615123216, "best_return": 3.414486987964543}, "ew_rel_minmax": {"trend": "ew_rel_minmax", "time_param": 220, "q_params": {"(0.0, 0.10896198916205597)": 0.9995744750822307, "(0.10896198916205597, 0.2223506569555532)": 0.9994268426657704, "(0.2223506569555532, 0.29588788626745083)": 0.9971557808773145, "(0.29588788626745083, 0.40836912203148246)": 0.9968441025570423, "(0.40836912203148246, 0.6494563552754694)": 0.9966624798573981, "(0.6494563552754694, 0.6930223686178199)": 0.9852081402054711, "(0.6930223686178199, 0.7029760860459968)": 0.9824984583488026, "(0.7029760860459968, 0.8806311036047066)": 0.975877759763858, "(0.8806311036047066, 0.9570399143339628)": 0.9653929789199708, "(0.9570399143339628, 1.0)": 0.2902298012577017}, "pct": 0.2902298012577017, "best_return": 3.9556062530865526}}