{"ma": {"trend": "ma", "time_param": 220, "q_params": {"(0, 0.15111896282056)": 1.0, "(0.15111896282056, 0.1720322299526399)": 0.9998897325962808, "(0.1720322299526399, 0.3900753705424914)": 0.9972343403051388, "(0.3900753705424914, 0.3925141362361013)": 0.9941708474973792, "(0.3925141362361013, 0.39828405703574427)": 0.9930110708243904, "(0.39828405703574427, 0.4323114049560376)": 0.9929951958268214, "(0.4323114049560376, 0.4934834744646742)": 0.992894363993641, "(0.4934834744646742, 0.8665356913152098)": 0.9927124667674052, "(0.8665356913152098, 0.876872541260348)": 0.9920279440699441, "(0.876872541260348, 1.0)": 0.1966444719115657}, "pct": 0.1966444719115657, "best_return": 3.434791732134389}, "ew_ma": {"trend": "ew_ma", "time_param": 220, "q_params": {"(0, 0.17225411952958827)": 1.0, "(0.17225411952958827, 0.1935298753034003)": 0.9982679343833047, "(0.1935298753034003, 0.2516435460870427)": 0.9981577942471235, "(0.2516435460870427, 0.47037851217936233)": 0.998100785719576, "(0.47037851217936233, 0.5693568342722612)": 0.9980975995179663, "(0.5693568342722612, 0.5887355791368181)": 0.9973755634340503, "(0.5887355791368181, 0.6387384655857844)": 0.9926085734925982, "(0.6387384655857844, 0.6835920346984707)": 0.9920313089001976, "(0.6835920346984707, 0.9303146948370642)": 0.9920279440699441, "(0.9303146948370642, 1.0)": 0.00809948111968051}, "pct": 0.9920279440699441, "best_return": 3.449648997582251}, "rel_minmax": {"trend": "rel_minmax", "time_param": 220, "q_params": {"(0, 0.16640222754086614)": 1.0, "(0.16640222754086614, 0.30220574590033544)": 0.9999548820234339, "(0.30220574590033544, 0.30854014591595424)": 0.9997794689225252, "(0.30854014591595424, 0.3152202863651687)": 0.9979993492864215, "(0.3152202863651687, 0.5650934889783525)": 0.9979986565329679, "(0.5650934889783525, 0.6048580271008233)": 0.9979691820883007, "(0.6048580271008233, 0.6245568034909398)": 0.9966187862999343, "(0.6245568034909398, 0.9587649804117542)": 0.9951664171038479, "(0.9587649804117542, 0.9894667092997754)": 0.8315811316265487, "(0.9894667092997754, 1.0)": 0.7656601145821236}, "pct": 0.9951664171038479, "best_return": 3.457607099199439}, "ew_rel_minmax": {"trend": "ew_rel_minmax", "time_param": 220, "q_params": {"(0, 0.23559612329837887)": 1.0, "(0.23559612329837887, 0.23566188086478604)": 0.999, "(0.23566188086478604, 0.30093192358965515)": 0.996887217621608, "(0.30093192358965515, 0.38222967364942195)": 0.9967946833802486, "(0.38222967364942195, 0.6778907387793033)": 0.9967882386782845, "(0.6778907387793033, 0.7171729019270547)": 0.9965835435551716, "(0.7171729019270547, 0.7335057351733375)": 0.9960420033110996, "(0.7335057351733375, 0.7351985036330582)": 0.9946102872133897, "(0.7351985036330582, 0.9426631085652892)": 0.992856228205982, "(0.9426631085652892, 1.0)": 0.0026562414765375214}, "pct": 0.992856228205982, "best_return": 4.200509559409623}}