{"ma": {"trend": "ma", "time_param": 220, "q_params": {"(0, 0.15111896282056)": 1.0, "(0.15111896282056, 0.1720322299526399)": 0.9998897325962808, "(0.1720322299526399, 0.3900753705424914)": 0.9963693445065324, "(0.3900753705424914, 0.3925141362361013)": 0.9955838681271225, "(0.3925141362361013, 0.39828405703574427)": 0.9930110708243904, "(0.39828405703574427, 0.4323114049560376)": 0.9928959272701976, "(0.4323114049560376, 0.4979840333771432)": 0.992894363993641, "(0.4979840333771432, 0.8665356913152098)": 0.992766029429552, "(0.8665356913152098, 0.8687177391211865)": 0.9920279440699441, "(0.8687177391211865, 1.0)": 0.23225623491579073}, "pct": 0.23225623491579073, "best_return": 3.320921466486828}, "ew_ma": {"trend": "ew_ma", "time_param": 220, "q_params": {"(0, 0.17225411952958827)": 1.0, "(0.17225411952958827, 0.1935298753034003)": 0.9982679343833047, "(0.1935298753034003, 0.2711119409449358)": 0.9981487899343001, "(0.2711119409449358, 0.4785023415513461)": 0.9980999824466326, "(0.4785023415513461, 0.5693568342722612)": 0.9980975995179663, "(0.5693568342722612, 0.5887355791368181)": 0.9973755634340503, "(0.5887355791368181, 0.6387384655857844)": 0.9926085734925982, "(0.6387384655857844, 0.6835920346984707)": 0.9920313089001976, "(0.6835920346984707, 0.9303146948370642)": 0.9920279440699441, "(0.9303146948370642, 1.0)": 0.00809948111968051}, "pct": 0.9920279440699441, "best_return": 3.478449378544186}, "rel_minmax": {"trend": "rel_minmax", "time_param": 220, "q_params": {"(0, 0.16640222754086614)": 1.0, "(0.16640222754086614, 0.30220574590033544)": 0.9999548820234339, "(0.30220574590033544, 0.30854014591595424)": 0.9997794689225252, "(0.30854014591595424, 0.3124705045425863)": 0.9979993492864215, "(0.3124705045425863, 0.5650934889783525)": 0.9979986565329679, "(0.5650934889783525, 0.6048580271008233)": 0.9979691820883007, "(0.6048580271008233, 0.6128818038293147)": 0.9964941264674719, "(0.6128818038293147, 0.9587649804117542)": 0.9951664171038479, "(0.9587649804117542, 0.9894667092997754)": 0.8315811316265487, "(0.9894667092997754, 1.0)": 0.7157724788435258}, "pct": 0.9951664171038479, "best_return": 3.5138474802529776}, "ew_rel_minmax": {"trend": "ew_rel_minmax", "time_param": 220, "q_params": {"(0, 0.22672440602386176)": 1.0, "(0.22672440602386176, 0.23566188086478604)": 0.999, "(0.23566188086478604, 0.3037193880692841)": 0.996887217621608, "(0.3037193880692841, 0.38222967364942195)": 0.9967946833802486, "(0.38222967364942195, 0.6778907387793033)": 0.9967882386782845, "(0.6778907387793033, 0.7171729019270547)": 0.9965835435551716, "(0.7171729019270547, 0.723065946420881)": 0.9963713412604192, "(0.723065946420881, 0.7869474572381876)": 0.9946102872133897, "(0.7869474572381876, 0.9406795024874003)": 0.9938017300718447, "(0.9406795024874003, 1.0)": 0.0026562414765375214}, "pct": 0.9938017300718447, "best_return": 4.236569493788759}}