{"ma": {"trend": "ma", "time_param": 220, "q_params": {"(0.0, 0.1763080555372096)": 0.9970918787629837, "(0.1763080555372096, 0.21969227379300535)": 0.9959193002776089, "(0.21969227379300535, 0.3192662599266247)": 0.9939717506253939, "(0.3192662599266247, 0.3907128670616854)": 0.9930486586442563, "(0.3907128670616854, 0.4299461148626304)": 0.9930245082998262, "(0.4299461148626304, 0.45833303189661745)": 0.9928217181700535, "(0.45833303189661745, 0.5078574916116928)": 0.9924419464258123, "(0.5078574916116928, 0.8278802293678053)": 0.9921632478017767, "(0.8278802293678053, 0.8687177391211865)": 0.9920279440699441, "(0.8687177391211865, 1.0)": 0.2590449351902878}, "pct": 1, "best_return": 3.1753006801243435}, "ew_ma": {"trend": "ew_ma", "time_param": 220, "q_params": {"(0, 0.08088928519709218)": 0.9996190954542721, "(0.08088928519709218, 0.21504319691551238)": 0.9991132888539312, "(0.21504319691551238, 0.3286336848172004)": 0.9982165205295532, "(0.3286336848172004, 0.3764163756293708)": 0.9981472999022568, "(0.3764163756293708, 0.5059367470609544)": 0.9980975995179663, "(0.5059367470609544, 0.6029109579687614)": 0.9978030035499972, "(0.6029109579687614, 0.6415793253038234)": 0.9925189092279443, "(0.6415793253038234, 0.7084222435214055)": 0.9920799652667813, "(0.7084222435214055, 0.9303146948370642)": 0.9920279440699441, "(0.9303146948370642, 1.0)": 0.0010857023190090874}, "pct": 0.9920279440699441, "best_return": 3.2921781153624106}, "rel_minmax": {"trend": "rel_minmax", "time_param": 220, "q_params": {"(0, 0.14264809425184474)": 0.9999967893760054, "(0.14264809425184474, 0.3081874600602885)": 0.9999830273392037, "(0.3081874600602885, 0.3107473866903985)": 0.999872381577842, "(0.3107473866903985, 0.3350733776938192)": 0.9985251582336713, "(0.3350733776938192, 0.5626447701379937)": 0.9978041456386124, "(0.5626447701379937, 0.5887225902240342)": 0.9954125184114017, "(0.5887225902240342, 0.9072560550973306)": 0.9919767151611124, "(0.9072560550973306, 0.9707676075788799)": 0.9857044556450483, "(0.9707676075788799, 0.9932060521441994)": 0.7741509721296603, "(0.9932060521441994, 1.0)": 0.6729013615123216}, "pct": 0.7741509721296603, "best_return": 3.292024463268091}, "ew_rel_minmax": {"trend": "ew_rel_minmax", "time_param": 220, "q_params": {"(0, 0.1174354489290901)": 0.9995744750822307, "(0.1174354489290901, 0.22578861273079628)": 0.9994268426657704, "(0.22578861273079628, 0.29588788626745083)": 0.9984065993099845, "(0.29588788626745083, 0.40836912203148246)": 0.9968441025570423, "(0.40836912203148246, 0.6489671307787538)": 0.9966624798573981, "(0.6489671307787538, 0.6836790848083332)": 0.993389249458044, "(0.6836790848083332, 0.7265269958468217)": 0.9772092825588863, "(0.7265269958468217, 0.8806311036047066)": 0.975877759763858, "(0.8806311036047066, 0.9570399143339628)": 0.9653929789199708, "(0.9570399143339628, 1.0)": 0.3045997772956253}, "pct": 0.3045997772956253, "best_return": 3.6888614291545077}}