{"ma": {"trend": "ma", "time_param": 525, "q_params": {"(0, 0.13753522549503286)": 0.9999979328937333, "(0.13753522549503286, 0.29812286832444634)": 0.9990594753899956, "(0.29812286832444634, 0.3915084884342861)": 0.9989252788282906, "(0.3915084884342861, 0.6118078533189207)": 0.9988378421891123, "(0.6118078533189207, 0.708010928276244)": 0.9982110466460588, "(0.708010928276244, 0.771340164325369)": 0.9976998296571721, "(0.771340164325369, 0.8355788273161989)": 0.997390695138622, "(0.8355788273161989, 0.8492887170610477)": 0.9940653687742532, "(0.8492887170610477, 0.950575205896484)": 0.9932759232373762, "(0.950575205896484, 1.0)": 0.17493217773687178}, "pct": 0.9976998296571721, "best_return": 167.73208688320204}, "ew_ma": {"trend": "ew_ma", "time_param": 525, "q_params": {"(0, 0.4071951365486223)": 0.9999991078448422, "(0.4071951365486223, 0.5279510140490918)": 0.9999966835387767, "(0.5279510140490918, 0.5818506181779247)": 0.9998174526469403, "(0.5818506181779247, 0.609610981312578)": 0.9997104203001466, "(0.609610981312578, 0.6210194384849201)": 0.9987623817136291, "(0.6210194384849201, 0.6313572634973063)": 0.9933654583596959, "(0.6313572634973063, 0.6476421704558232)": 0.8893408081477794, "(0.6476421704558232, 0.6689057370227458)": 0.8746608367249076, "(0.6689057370227458, 0.9801878926291884)": 0.872247103962359, "(0.9801878926291884, 1.0)": 0.19066688691593772}, "pct": 0.872247103962359, "best_return": 181.59195100125788}, "rel_minmax": {"trend": "rel_minmax", "time_param": 525, "q_params": {"(0, 0.19981500692722362)": 0.9998589083111263, "(0.19981500692722362, 0.2753321452191947)": 0.9993585251860752, "(0.2753321452191947, 0.3790011311940088)": 0.9946520335052624, "(0.3790011311940088, 0.4776324063472973)": 0.9935281614421743, "(0.4776324063472973, 0.5191343384971511)": 0.9934785035562052, "(0.5191343384971511, 0.6071309666975524)": 0.9932431833268546, "(0.6071309666975524, 0.7632308351725916)": 0.9932134236397655, "(0.7632308351725916, 0.9557918712227715)": 0.9931972392361935, "(0.9557918712227715, 0.9955325198461563)": 0.9930182807473907, "(0.9955325198461563, 1.0)": 0.016330980579040383}, "pct": 0.016330980579040383, "best_return": 133.51907568717874}, "ew_rel_minmax": {"trend": "ew_rel_minmax", "time_param": 525, "q_params": {"(0, 0.2114275462454813)": 0.9999806552414726, "(0.2114275462454813, 0.3229789000189348)": 0.9999326848059943, "(0.3229789000189348, 0.3703955040653581)": 0.9996486425092223, "(0.3703955040653581, 0.3931184313159106)": 0.9963057335827475, "(0.3931184313159106, 0.4456579005621911)": 0.994666403288431, "(0.4456579005621911, 0.6325057331772491)": 0.994543160224332, "(0.6325057331772491, 0.9685533394709895)": 0.9941369530415274, "(0.9685533394709895, 0.9915608017703307)": 0.9920213920418018, "(0.9915608017703307, 0.9986499529486608)": 0.7789365463470732, "(0.9986499529486608, 1.0)": 0.34342674468323936}, "pct": 0.9941369530415274, "best_return": 147.39603857496766}}