{"ma": {"trend": "ma", "time_param": 525, "q_params": {"(0, 0.14283074108017085)": 0.9999979328937333, "(0.14283074108017085, 0.20367916736268898)": 0.9999595066829389, "(0.20367916736268898, 0.3864496995450242)": 0.9985824124765512, "(0.3864496995450242, 0.5647115762703963)": 0.9974680544483456, "(0.5647115762703963, 0.6899980054256906)": 0.9970595665943326, "(0.6899980054256906, 0.7581122626373459)": 0.9947832249822738, "(0.7581122626373459, 0.8117086087943545)": 0.994776332595273, "(0.8117086087943545, 0.8544522553544315)": 0.9932618930689695, "(0.8544522553544315, 0.9610063371216837)": 0.989853491985994, "(0.9610063371216837, 1.0)": 0.21088593199749636}, "pct": 0.994776332595273, "best_return": 124.11882375375764}, "ew_ma": {"trend": "ew_ma", "time_param": 525, "q_params": {"(0, 0.44820801794111703)": 0.9999989993751026, "(0.44820801794111703, 0.5400468801292743)": 0.9999785384215415, "(0.5400468801292743, 0.5834430131654785)": 0.99997071846205, "(0.5834430131654785, 0.6150439750129074)": 0.9993081642870192, "(0.6150439750129074, 0.6236450570851533)": 0.9992767167031213, "(0.6236450570851533, 0.6285999186995086)": 0.9888508981133126, "(0.6285999186995086, 0.6421279529157935)": 0.9844359808988343, "(0.6421279529157935, 0.6499353591728277)": 0.9787905731815174, "(0.6499353591728277, 0.9770201262791517)": 0.8671618267568215, "(0.9770201262791517, 1.0)": 0.002861510315921947}, "pct": 0.8671618267568215, "best_return": 157.186568299846}, "rel_minmax": {"trend": "rel_minmax", "time_param": 525, "q_params": {"(0.0, 0.19332427698128765)": 0.999483283545178, "(0.19332427698128765, 0.2753321452191947)": 0.9993585251860752, "(0.2753321452191947, 0.384995329109454)": 0.9969992143897588, "(0.384995329109454, 0.4101516312032454)": 0.9940124072268586, "(0.4101516312032454, 0.5262564590681019)": 0.9935144548470863, "(0.5262564590681019, 0.6180997514937894)": 0.9932853177665466, "(0.6180997514937894, 0.8295258421620331)": 0.9932190331923141, "(0.8295258421620331, 0.8683514362861178)": 0.9931913460270065, "(0.8683514362861178, 0.9867206045793181)": 0.9930182807473907, "(0.9867206045793181, 1.0)": 0.9910359161258742}, "pct": 1, "best_return": 121.04185421901627}, "ew_rel_minmax": {"trend": "ew_rel_minmax", "time_param": 525, "q_params": {"(0.0, 0.20858728869683207)": 0.9999946800420528, "(0.20858728869683207, 0.3192156141514753)": 0.9999326848059943, "(0.3192156141514753, 0.32740385322703397)": 0.9969442416329668, "(0.32740385322703397, 0.3988466692112376)": 0.9956428329064473, "(0.3988466692112376, 0.4340140370791758)": 0.9955424314620361, "(0.4340140370791758, 0.6415832271403439)": 0.9936190302832626, "(0.6415832271403439, 0.8688782622084357)": 0.9929569235831548, "(0.8688782622084357, 0.9964836786292278)": 0.9920213920418018, "(0.9964836786292278, 0.9974767795810316)": 0.7784786276777209, "(0.9974767795810316, 1.0)": 0.7274243679488533}, "pct": 1, "best_return": 121.04185421901627}}