{"ma": {"trend": "ma", "time_param": 525, "q_params": {"(0, 0.1405890634346805)": 1.0, "(0.1405890634346805, 0.2227034909332299)": 0.9982433415261216, "(0.2227034909332299, 0.3958411788562144)": 0.9982428251822353, "(0.3958411788562144, 0.6188551599530251)": 0.9982326244245084, "(0.6188551599530251, 0.7530625667187459)": 0.9977726514109118, "(0.7530625667187459, 0.7773816976872285)": 0.997163462598459, "(0.7773816976872285, 0.7821604355917227)": 0.9950024201178012, "(0.7821604355917227, 0.8519863418816318)": 0.9920944713229198, "(0.8519863418816318, 0.9468717212781925)": 0.9920279440699441, "(0.9468717212781925, 1.0)": 0.2586878914291575}, "pct": 0.9977726514109118, "best_return": 111.97799875724067}, "ew_ma": {"trend": "ew_ma", "time_param": 525, "q_params": {"(0, 0.4014705581897646)": 1.0, "(0.4014705581897646, 0.5130246686888386)": 0.9999995477459026, "(0.5130246686888386, 0.5354489047351616)": 0.9999826596783281, "(0.5354489047351616, 0.5905864980715986)": 0.999967128001499, "(0.5905864980715986, 0.6143673308413957)": 0.9998727830157788, "(0.6143673308413957, 0.6216848190717489)": 0.9992663926783911, "(0.6216848190717489, 0.6429738819052868)": 0.9918850513803796, "(0.6429738819052868, 0.6769106320212577)": 0.9918470561584262, "(0.6769106320212577, 0.9788202786760212)": 0.9918126402791181, "(0.9788202786760212, 1.0)": 0.012514770123385716}, "pct": 0.9918126402791181, "best_return": 167.67950553895284}, "rel_minmax": {"trend": "rel_minmax", "time_param": 525, "q_params": {"(0, 0.21908038525272067)": 1.0, "(0.21908038525272067, 0.28699687234242816)": 0.9997630334551625, "(0.28699687234242816, 0.3908784657922796)": 0.9944890024361813, "(0.3908784657922796, 0.39694926439731343)": 0.9943919237485402, "(0.39694926439731343, 0.5247963023398288)": 0.9933140554123404, "(0.5247963023398288, 0.6148264994806159)": 0.9932079057962748, "(0.6148264994806159, 0.7812719979333068)": 0.9931800039649089, "(0.7812719979333068, 0.8641920435930309)": 0.9931537444226824, "(0.8641920435930309, 0.9953525840209654)": 0.991610204282499, "(0.9953525840209654, 1.0)": 0.9910359161258742}, "pct": 0.9910359161258742, "best_return": 105.0008893893231}, "ew_rel_minmax": {"trend": "ew_rel_minmax", "time_param": 525, "q_params": {"(0, 0.2667087267064681)": 1.0, "(0.2667087267064681, 0.27431460181281075)": 0.9998625435227824, "(0.27431460181281075, 0.38173899858578964)": 0.9974795211381338, "(0.38173899858578964, 0.3942919263007691)": 0.99744365279625, "(0.3942919263007691, 0.409296040624861)": 0.9955424314620361, "(0.409296040624861, 0.6521221897845844)": 0.9955081848516208, "(0.6521221897845844, 0.8767460304765172)": 0.9952281169124729, "(0.8767460304765172, 0.8857339025325619)": 0.9916719447283525, "(0.8857339025325619, 0.9973068117323859)": 0.9916467320021927, "(0.9973068117323859, 1.0)": 0.8448618332639358}, "pct": 0.9916467320021927, "best_return": 105.80928718432949}}