{"ma": {"trend": "ma", "time_param": 525, "q_params": {"(0, 0.14283074108017085)": 0.9999979328937333, "(0.14283074108017085, 0.18602213867695086)": 0.9989669964873544, "(0.18602213867695086, 0.3864496995450242)": 0.998585021275667, "(0.3864496995450242, 0.5647115762703963)": 0.9985000358008053, "(0.5647115762703963, 0.7018494584516233)": 0.9982110466460588, "(0.7018494584516233, 0.7626030940066215)": 0.9947832249822738, "(0.7626030940066215, 0.8206617530510324)": 0.994776332595273, "(0.8206617530510324, 0.850751273323149)": 0.993552333160142, "(0.850751273323149, 0.9610063371216837)": 0.9932759232373762, "(0.9610063371216837, 1.0)": 0.21088593199749636}, "pct": 0.9947832249822738, "best_return": 119.96696126843457}, "ew_ma": {"trend": "ew_ma", "time_param": 525, "q_params": {"(0, 0.44820801794111703)": 0.9999904263505432, "(0.44820801794111703, 0.5310258629268987)": 0.9999791376840433, "(0.5310258629268987, 0.5856356206460214)": 0.99997071846205, "(0.5856356206460214, 0.6150439750129074)": 0.9993081642870192, "(0.6150439750129074, 0.6236450570851533)": 0.9907113725715644, "(0.6236450570851533, 0.6285999186995086)": 0.9888508981133126, "(0.6285999186995086, 0.6489104594536871)": 0.9844359808988343, "(0.6489104594536871, 0.6609182690161868)": 0.8708476930699575, "(0.6609182690161868, 0.9829576891601224)": 0.8675684477815641, "(0.9829576891601224, 1.0)": 0.34653679692408834}, "pct": 0.8675684477815641, "best_return": 140.34301044447358}, "rel_minmax": {"trend": "rel_minmax", "time_param": 525, "q_params": {"(0.0, 0.19332427698128765)": 0.999483283545178, "(0.19332427698128765, 0.2753321452191947)": 0.9993585251860752, "(0.2753321452191947, 0.384995329109454)": 0.9969992143897588, "(0.384995329109454, 0.4101516312032454)": 0.9940124072268586, "(0.4101516312032454, 0.5262564590681019)": 0.9935144548470863, "(0.5262564590681019, 0.6180997514937894)": 0.9932853177665466, "(0.6180997514937894, 0.8295258421620331)": 0.9932190331923141, "(0.8295258421620331, 0.8683514362861178)": 0.9931913460270065, "(0.8683514362861178, 0.9867206045793181)": 0.9930182807473907, "(0.9867206045793181, 1.0)": 0.9910359161258742}, "pct": 1, "best_return": 116.26922268640125}, "ew_rel_minmax": {"trend": "ew_rel_minmax", "time_param": 525, "q_params": {"(0.0, 0.20858728869683207)": 0.9999946800420528, "(0.20858728869683207, 0.3192156141514753)": 0.9999326848059943, "(0.3192156141514753, 0.32740385322703397)": 0.9969442416329668, "(0.32740385322703397, 0.3988466692112376)": 0.9956428329064473, "(0.3988466692112376, 0.4340140370791758)": 0.9955424314620361, "(0.4340140370791758, 0.6415832271403439)": 0.9936190302832626, "(0.6415832271403439, 0.8688782622084357)": 0.9929569235831548, "(0.8688782622084357, 0.9964836786292278)": 0.9920213920418018, "(0.9964836786292278, 0.9974767795810316)": 0.7784786276777209, "(0.9974767795810316, 1.0)": 0.7274243679488533}, "pct": 1, "best_return": 116.26922268640125}}