{"ma": {"trend": "ma", "time_param": 525, "q_params": {"(0, 0.1405890634346805)": 1.0, "(0.1405890634346805, 0.2227034909332299)": 0.9982433415261216, "(0.2227034909332299, 0.38418287331717776)": 0.9982428251822353, "(0.38418287331717776, 0.6188551599530251)": 0.9982326244245084, "(0.6188551599530251, 0.7564600277202093)": 0.9979764950795001, "(0.7564600277202093, 0.7773816976872285)": 0.9977515637585291, "(0.7773816976872285, 0.7821604355917227)": 0.9965576458857379, "(0.7821604355917227, 0.8519863418816318)": 0.9920944713229198, "(0.8519863418816318, 0.9499209017902442)": 0.9920279440699441, "(0.9499209017902442, 1.0)": 0.19394716582253682}, "pct": 0.9979764950795001, "best_return": 142.27088321952388}, "ew_ma": {"trend": "ew_ma", "time_param": 525, "q_params": {"(0, 0.4628981731346282)": 1.0, "(0.4628981731346282, 0.5247765522825533)": 0.9999997238648144, "(0.5247765522825533, 0.5776994223265747)": 0.9999991045876901, "(0.5776994223265747, 0.587902467978414)": 0.9999763110907208, "(0.587902467978414, 0.6143673308413957)": 0.9998727830157788, "(0.6143673308413957, 0.6184312771674989)": 0.9992663926783911, "(0.6184312771674989, 0.6278250644405727)": 0.9918850513803796, "(0.6278250644405727, 0.6599278383046241)": 0.9918304141390398, "(0.6599278383046241, 0.9788202786760212)": 0.9918126402791181, "(0.9788202786760212, 1.0)": 0.012514770123385716}, "pct": 0.9918126402791181, "best_return": 176.75792243461171}, "rel_minmax": {"trend": "rel_minmax", "time_param": 525, "q_params": {"(0, 0.21908038525272067)": 1.0, "(0.21908038525272067, 0.2795546600633086)": 0.9997630334551625, "(0.2795546600633086, 0.28021153205506116)": 0.9972505556242717, "(0.28021153205506116, 0.39694926439731343)": 0.9935189009427051, "(0.39694926439731343, 0.5168222276348086)": 0.9933140554123404, "(0.5168222276348086, 0.6180997514937894)": 0.9932079057962748, "(0.6180997514937894, 0.7793096459958944)": 0.9931950640678086, "(0.7793096459958944, 0.8641920435930309)": 0.9931537444226824, "(0.8641920435930309, 0.9953525840209654)": 0.9930182807473907, "(0.9953525840209654, 1.0)": 0.9910359161258742}, "pct": 0.9910359161258742, "best_return": 110.8113141645656}, "ew_rel_minmax": {"trend": "ew_rel_minmax", "time_param": 525, "q_params": {"(0, 0.2700537445356158)": 1.0, "(0.2700537445356158, 0.27431460181281075)": 0.9999998784996493, "(0.27431460181281075, 0.38173899858578964)": 0.9974795211381338, "(0.38173899858578964, 0.39343790691703545)": 0.99744365279625, "(0.39343790691703545, 0.408165282134136)": 0.9955424314620361, "(0.408165282134136, 0.6514180785812529)": 0.9955081848516208, "(0.6514180785812529, 0.8792831612269417)": 0.9952281169124729, "(0.8792831612269417, 0.8857339025325619)": 0.9916719447283525, "(0.8857339025325619, 0.9973068117323859)": 0.9916467320021927, "(0.9973068117323859, 1.0)": 0.7695395451766036}, "pct": 0.9916467320021927, "best_return": 111.95872872256601}}