{"ma": {"trend": "ma", "time_param": 525, "q_params": {"(0, 0.1405890634346805)": 1.0, "(0.1405890634346805, 0.2227034909332299)": 0.9982433415261216, "(0.2227034909332299, 0.3958411788562144)": 0.9982428251822353, "(0.3958411788562144, 0.5954069956631806)": 0.9982326244245084, "(0.5954069956631806, 0.7143873946509387)": 0.9977726514109118, "(0.7143873946509387, 0.7773816976872285)": 0.9966877055831509, "(0.7773816976872285, 0.7821604355917227)": 0.9950024201178012, "(0.7821604355917227, 0.8519863418816318)": 0.9920944713229198, "(0.8519863418816318, 0.9468717212781925)": 0.9920279440699441, "(0.9468717212781925, 1.0)": 0.3263823586379918}, "pct": 0.9977726514109118, "best_return": 119.91847763555369}, "ew_ma": {"trend": "ew_ma", "time_param": 525, "q_params": {"(0, 0.4148663628194589)": 1.0, "(0.4148663628194589, 0.49180056817814577)": 0.9999987137934271, "(0.49180056817814577, 0.5354489047351616)": 0.9999826596783281, "(0.5354489047351616, 0.5905864980715986)": 0.9999298885550582, "(0.5905864980715986, 0.6172155161863838)": 0.9997424278807131, "(0.6172155161863838, 0.6222847681048244)": 0.9992663926783911, "(0.6222847681048244, 0.6429738819052868)": 0.9930978766628039, "(0.6429738819052868, 0.6715851775829973)": 0.9920584617169883, "(0.6715851775829973, 0.9560232471145385)": 0.9918126402791181, "(0.9560232471145385, 1.0)": 0.08085876978513494}, "pct": 0.9918126402791181, "best_return": 111.99043097040884}, "rel_minmax": {"trend": "rel_minmax", "time_param": 525, "q_params": {"(0, 0.19617714072023848)": 1.0, "(0.19617714072023848, 0.28699687234242816)": 0.9997630334551625, "(0.28699687234242816, 0.3908784657922796)": 0.9944890024361813, "(0.3908784657922796, 0.39694926439731343)": 0.9943919237485402, "(0.39694926439731343, 0.5247963023398288)": 0.9933140554123404, "(0.5247963023398288, 0.6148264994806159)": 0.9932079057962748, "(0.6148264994806159, 0.7812719979333068)": 0.9931800039649089, "(0.7812719979333068, 0.8893371416155057)": 0.9931426464048773, "(0.8893371416155057, 0.9953525840209654)": 0.99289821117603, "(0.9953525840209654, 1.0)": 0.9910359161258742}, "pct": 0.9910359161258742, "best_return": 100.31768736030143}, "ew_rel_minmax": {"trend": "ew_rel_minmax", "time_param": 525, "q_params": {"(0, 0.2667087267064681)": 1.0, "(0.2667087267064681, 0.27431460181281075)": 0.9998625435227824, "(0.27431460181281075, 0.3902506568634774)": 0.9974795211381338, "(0.3902506568634774, 0.3942919263007691)": 0.9971641233804552, "(0.3942919263007691, 0.409296040624861)": 0.9955424314620361, "(0.409296040624861, 0.64696522317535)": 0.9954914680662317, "(0.64696522317535, 0.8767460304765172)": 0.9952281169124729, "(0.8767460304765172, 0.8857339025325619)": 0.9916719447283525, "(0.8857339025325619, 0.9973068117323859)": 0.9916467320021927, "(0.9973068117323859, 1.0)": 0.9910359161258742}, "pct": 0.9916467320021927, "best_return": 100.14828860842321}}