{"ma": {"trend": "ma", "time_param": 525, "q_params": {"(0, 0.16233281769938276)": 1.0, "(0.16233281769938276, 0.20382696887264695)": 0.9999595066829389, "(0.20382696887264695, 0.38101301364340295)": 0.9987054678309701, "(0.38101301364340295, 0.5579807127009181)": 0.9984299218595439, "(0.5579807127009181, 0.6838467476464644)": 0.998020764130744, "(0.6838467476464644, 0.7565967727986158)": 0.9967947476255882, "(0.7565967727986158, 0.807893247402702)": 0.994776332595273, "(0.807893247402702, 0.8544522553544315)": 0.9947110829299223, "(0.8544522553544315, 0.9613326558664523)": 0.979654749008648, "(0.9613326558664523, 1.0)": 0.2156301204905341}, "pct": 0.994776332595273, "best_return": 122.57272390689468}, "ew_ma": {"trend": "ew_ma", "time_param": 525, "q_params": {"(0, 0.44820801794111703)": 0.9999989993751026, "(0.44820801794111703, 0.5400468801292743)": 0.9999748477349296, "(0.5400468801292743, 0.5818184217921957)": 0.99997071846205, "(0.5818184217921957, 0.5902972038274505)": 0.9994651795997683, "(0.5902972038274505, 0.6140952944770954)": 0.9992767167031213, "(0.6140952944770954, 0.6345817532800909)": 0.9953167371901859, "(0.6345817532800909, 0.645099650479392)": 0.9896387877970834, "(0.645099650479392, 0.6547334767884774)": 0.9881066194696536, "(0.6547334767884774, 0.9759248598573336)": 0.8671618267568215, "(0.9759248598573336, 1.0)": 0.007167945938960967}, "pct": 0.8671618267568215, "best_return": 145.41339441271344}, "rel_minmax": {"trend": "rel_minmax", "time_param": 525, "q_params": {"(0, 0.19332427698128765)": 0.999483283545178, "(0.19332427698128765, 0.2753321452191947)": 0.9993585251860752, "(0.2753321452191947, 0.384995329109454)": 0.9969992143897588, "(0.384995329109454, 0.4101516312032454)": 0.9940124072268586, "(0.4101516312032454, 0.5262564590681019)": 0.9935144548470863, "(0.5262564590681019, 0.6180997514937894)": 0.9932853177665466, "(0.6180997514937894, 0.8295258421620331)": 0.9932190331923141, "(0.8295258421620331, 0.8683514362861178)": 0.9931913460270065, "(0.8683514362861178, 0.9867206045793181)": 0.9930182807473907, "(0.9867206045793181, 1.0)": 0.9910359161258742}, "pct": 0.9910359161258742, "best_return": 116.45668198327333}, "ew_rel_minmax": {"trend": "ew_rel_minmax", "time_param": 525, "q_params": {"(0, 0.19312722231545737)": 0.9999463470821125, "(0.19312722231545737, 0.29758951224230246)": 0.9999326848059943, "(0.29758951224230246, 0.3253463192267552)": 0.9969442416329668, "(0.3253463192267552, 0.39343790691703545)": 0.9956428329064473, "(0.39343790691703545, 0.4340140370791758)": 0.9955424314620361, "(0.4340140370791758, 0.6540664640484388)": 0.9953848265935458, "(0.6540664640484388, 0.8688782622084357)": 0.9952281169124729, "(0.8688782622084357, 0.9964836786292278)": 0.9920213920418018, "(0.9964836786292278, 0.9973068117323859)": 0.7784786276777209, "(0.9973068117323859, 1.0)": 0.7274243679488533}, "pct": 0.9920213920418018, "best_return": 118.36492557891087}}