{"ma": {"trend": "ma", "time_param": 525, "q_params": {"(0, 0.14283074108017085)": 0.9999979328937333, "(0.14283074108017085, 0.20382696887264695)": 0.9999595066829389, "(0.20382696887264695, 0.3864496995450242)": 0.9987054678309701, "(0.3864496995450242, 0.5647115762703963)": 0.9974680544483456, "(0.5647115762703963, 0.6838467476464644)": 0.9969292237167378, "(0.6838467476464644, 0.7526318390560164)": 0.9967947476255882, "(0.7526318390560164, 0.8144474277680701)": 0.994776332595273, "(0.8144474277680701, 0.8544522553544315)": 0.9947110829299223, "(0.8544522553544315, 0.9613326558664523)": 0.979654749008648, "(0.9613326558664523, 1.0)": 0.2156301204905341}, "pct": 0.994776332595273, "best_return": 119.83138290576098}, "ew_ma": {"trend": "ew_ma", "time_param": 525, "q_params": {"(0, 0.44820801794111703)": 0.9999989993751026, "(0.44820801794111703, 0.5400468801292743)": 0.9999748477349296, "(0.5400468801292743, 0.5818184217921957)": 0.99997071846205, "(0.5818184217921957, 0.6024164916604583)": 0.9996594289509725, "(0.6024164916604583, 0.6192284849572106)": 0.9992767167031213, "(0.6192284849572106, 0.629421328278498)": 0.9953167371901859, "(0.629421328278498, 0.6450544002545917)": 0.9887151535914533, "(0.6450544002545917, 0.6472817745981339)": 0.9787905731815174, "(0.6472817745981339, 0.9747509481800949)": 0.8671618267568215, "(0.9747509481800949, 1.0)": 0.002861510315921947}, "pct": 0.8671618267568215, "best_return": 135.94704592633195}, "rel_minmax": {"trend": "rel_minmax", "time_param": 525, "q_params": {"(0.0, 0.19332427698128765)": 0.999483283545178, "(0.19332427698128765, 0.2753321452191947)": 0.9993585251860752, "(0.2753321452191947, 0.384995329109454)": 0.9969992143897588, "(0.384995329109454, 0.4101516312032454)": 0.9940124072268586, "(0.4101516312032454, 0.5262564590681019)": 0.9935144548470863, "(0.5262564590681019, 0.6180997514937894)": 0.9932853177665466, "(0.6180997514937894, 0.8295258421620331)": 0.9932190331923141, "(0.8295258421620331, 0.8683514362861178)": 0.9931913460270065, "(0.8683514362861178, 0.9867206045793181)": 0.9930182807473907, "(0.9867206045793181, 1.0)": 0.9910359161258742}, "pct": 1, "best_return": 119.83138290576098}, "ew_rel_minmax": {"trend": "ew_rel_minmax", "time_param": 525, "q_params": {"(0, 0.20858728869683207)": 0.9999946800420528, "(0.20858728869683207, 0.3192156141514753)": 0.9999326848059943, "(0.3192156141514753, 0.32740385322703397)": 0.9969442416329668, "(0.32740385322703397, 0.3988466692112376)": 0.9956428329064473, "(0.3988466692112376, 0.4340140370791758)": 0.9955424314620361, "(0.4340140370791758, 0.6415832271403439)": 0.9936190302832626, "(0.6415832271403439, 0.8688782622084357)": 0.9929569235831548, "(0.8688782622084357, 0.9964836786292278)": 0.9920213920418018, "(0.9964836786292278, 0.9974767795810316)": 0.7784786276777209, "(0.9974767795810316, 1.0)": 0.7274243679488533}, "pct": 0.9920213920418018, "best_return": 121.05303170887828}}