{"ma": {"trend": "ma", "time_param": 525, "q_params": {"(0, 0.16233281769938276)": 1.0, "(0.16233281769938276, 0.20382696887264695)": 0.9990610309076524, "(0.20382696887264695, 0.38101301364340295)": 0.9982428251822353, "(0.38101301364340295, 0.5725230238244396)": 0.9982326244245084, "(0.5725230238244396, 0.6905493577727075)": 0.998020764130744, "(0.6905493577727075, 0.7630541432103901)": 0.9967947476255882, "(0.7630541432103901, 0.807893247402702)": 0.994776332595273, "(0.807893247402702, 0.8475118909917987)": 0.9947110829299223, "(0.8475118909917987, 0.9613326558664523)": 0.9868939387802574, "(0.9613326558664523, 1.0)": 0.17719756315596077}, "pct": 0.994776332595273, "best_return": 122.41143887401108}, "ew_ma": {"trend": "ew_ma", "time_param": 525, "q_params": {"(0, 0.46237353721541274)": 0.9999989993751026, "(0.46237353721541274, 0.5360446603254236)": 0.9999977470044331, "(0.5360446603254236, 0.5582244430041833)": 0.9999863473296053, "(0.5582244430041833, 0.6003374215211871)": 0.9999648086808853, "(0.6003374215211871, 0.6140952944770954)": 0.9992767167031213, "(0.6140952944770954, 0.6194544662971412)": 0.9953167371901859, "(0.6194544662971412, 0.647429425049284)": 0.9896387877970834, "(0.647429425049284, 0.6547334767884774)": 0.9881066194696536, "(0.6547334767884774, 0.9786882236457932)": 0.8671618267568215, "(0.9786882236457932, 1.0)": 0.007167945938960967}, "pct": 0.8671618267568215, "best_return": 154.33706854694321}, "rel_minmax": {"trend": "rel_minmax", "time_param": 525, "q_params": {"(0, 0.19332427698128765)": 0.999483283545178, "(0.19332427698128765, 0.2795546600633086)": 0.9993585251860752, "(0.2795546600633086, 0.384995329109454)": 0.9972505556242717, "(0.384995329109454, 0.39694926439731343)": 0.9955276176664452, "(0.39694926439731343, 0.5393612766354505)": 0.9935144548470863, "(0.5393612766354505, 0.6180997514937894)": 0.9932045597885926, "(0.6180997514937894, 0.8387258582287384)": 0.9931916342806094, "(0.8387258582287384, 0.8795945171252136)": 0.9931913460270065, "(0.8795945171252136, 0.9835523064875029)": 0.9930182807473907, "(0.9835523064875029, 1.0)": 0.9910359161258742}, "pct": 0.9910359161258742, "best_return": 114.92701597708874}, "ew_rel_minmax": {"trend": "ew_rel_minmax", "time_param": 525, "q_params": {"(0, 0.19312722231545737)": 1.0, "(0.19312722231545737, 0.29536825806761685)": 0.9999625967282252, "(0.29536825806761685, 0.38945881562729967)": 0.9999160429936916, "(0.38945881562729967, 0.39343790691703545)": 0.9956428329064473, "(0.39343790691703545, 0.4396086498452831)": 0.9955424314620361, "(0.4396086498452831, 0.6524537951951818)": 0.9953848265935458, "(0.6524537951951818, 0.8792831612269417)": 0.9952281169124729, "(0.8792831612269417, 0.9964836786292278)": 0.9916719447283525, "(0.9964836786292278, 0.9973068117323859)": 0.7730336359600111, "(0.9973068117323859, 1.0)": 0.6958599973780166}, "pct": 0.9916719447283525, "best_return": 117.37175518163461}}