{"ma": {"trend": "ma", "time_param": 525, "q_params": {"(0.0, 0.13753522549503286)": 0.9999979328937333, "(0.13753522549503286, 0.24859224531717627)": 0.9993706132884808, "(0.24859224531717627, 0.3915084884342861)": 0.999369347625395, "(0.3915084884342861, 0.6118078533189207)": 0.9992625765657273, "(0.6118078533189207, 0.7708341871670116)": 0.9984376150513368, "(0.7708341871670116, 0.7828355756747808)": 0.9981046898572746, "(0.7828355756747808, 0.832515945944689)": 0.9975169139102903, "(0.832515945944689, 0.8492887170610477)": 0.9940653687742532, "(0.8492887170610477, 0.950575205896484)": 0.9932759232373762, "(0.950575205896484, 1.0)": 0.4433648367417629}, "pct": 0.9992625765657273, "best_return": 131.21123930488963}, "ew_ma": {"trend": "ew_ma", "time_param": 525, "q_params": {"(0, 0.36987293614368005)": 0.9999991078448422, "(0.36987293614368005, 0.5279510140490918)": 0.9999966835387767, "(0.5279510140490918, 0.6076096266028848)": 0.9997707339653548, "(0.6076096266028848, 0.6105012644597657)": 0.9992920344107568, "(0.6105012644597657, 0.6210194384849201)": 0.9992414817556878, "(0.6210194384849201, 0.6283180144717665)": 0.9461001108368717, "(0.6283180144717665, 0.6476421704558232)": 0.8816394415810633, "(0.6476421704558232, 0.6689057370227458)": 0.880162901990229, "(0.6689057370227458, 0.9801878926291884)": 0.872247103962359, "(0.9801878926291884, 1.0)": 0.19066688691593772}, "pct": 0.9992414817556878, "best_return": 149.4506563812586}, "rel_minmax": {"trend": "rel_minmax", "time_param": 525, "q_params": {"(0, 0.15983737145085974)": 0.9998589083111263, "(0.15983737145085974, 0.19158906801523445)": 0.9993585251860752, "(0.19158906801523445, 0.3439679304353743)": 0.9946520335052624, "(0.3439679304353743, 0.39260052338644325)": 0.9935281614421743, "(0.39260052338644325, 0.5191343384971511)": 0.9934727200759146, "(0.5191343384971511, 0.6071309666975524)": 0.9934585005374861, "(0.6071309666975524, 0.7632308351725916)": 0.9932926433204917, "(0.7632308351725916, 0.8398636418874642)": 0.9931972392361935, "(0.8398636418874642, 0.9955325198461563)": 0.9930182807473907, "(0.9955325198461563, 1.0)": 0.016330980579040383}, "pct": 0.016330980579040383, "best_return": 119.34663081974492}, "ew_rel_minmax": {"trend": "ew_rel_minmax", "time_param": 525, "q_params": {"(0, 0.2114275462454813)": 0.9999806552414726, "(0.2114275462454813, 0.28510187395116954)": 0.9999487923435617, "(0.28510187395116954, 0.37427309402810555)": 0.9996486425092223, "(0.37427309402810555, 0.3875584797885416)": 0.9952197895123462, "(0.3875584797885416, 0.6013395531151019)": 0.9947690193556902, "(0.6013395531151019, 0.6325057331772491)": 0.9946655558142796, "(0.6325057331772491, 0.9685533394709895)": 0.9941369530415274, "(0.9685533394709895, 0.9915608017703307)": 0.9920213920418018, "(0.9915608017703307, 0.9986499529486608)": 0.7314088661154778, "(0.9986499529486608, 1.0)": 0.23467403240694662}, "pct": 0.9941369530415274, "best_return": 122.87955560411064}}