{"ma": {"trend": "ma", "time_param": 525, "q_params": {"(0, 0.13565984751177854)": 0.9999979328937333, "(0.13565984751177854, 0.18602213867695086)": 0.9989669964873544, "(0.18602213867695086, 0.3915084884342861)": 0.9988284583041357, "(0.3915084884342861, 0.5848439663012295)": 0.9985872538463632, "(0.5848439663012295, 0.7100462951863907)": 0.9982110466460588, "(0.7100462951863907, 0.7646928721512756)": 0.9976998296571721, "(0.7646928721512756, 0.832504286792403)": 0.9948771383033264, "(0.832504286792403, 0.8402314480099871)": 0.993552333160142, "(0.8402314480099871, 0.9504881088723757)": 0.9932759232373762, "(0.9504881088723757, 1.0)": 0.1931324605901909}, "pct": 0.9982110466460588, "best_return": 147.01435591916072}, "ew_ma": {"trend": "ew_ma", "time_param": 525, "q_params": {"(0.0, 0.4754192340479191)": 0.9999864878270459, "(0.4754192340479191, 0.5314329814662094)": 0.9999857197278484, "(0.5314329814662094, 0.5818506181779247)": 0.99997071846205, "(0.5818506181779247, 0.609610981312578)": 0.9993081642870192, "(0.609610981312578, 0.615502139044145)": 0.9987623817136291, "(0.615502139044145, 0.6285999186995086)": 0.9933654583596959, "(0.6285999186995086, 0.6489104594536871)": 0.8893408081477794, "(0.6489104594536871, 0.6689057370227458)": 0.8886356526872895, "(0.6689057370227458, 0.9829576891601224)": 0.872247103962359, "(0.9829576891601224, 1.0)": 0.34653679692408834}, "pct": 0.872247103962359, "best_return": 148.4060999884606}, "rel_minmax": {"trend": "rel_minmax", "time_param": 525, "q_params": {"(0, 0.19332427698128765)": 0.9996645680160627, "(0.19332427698128765, 0.2753321452191947)": 0.9993585251860752, "(0.2753321452191947, 0.3790011311940088)": 0.9969992143897588, "(0.3790011311940088, 0.4101516312032454)": 0.9940124072268586, "(0.4101516312032454, 0.5262564590681019)": 0.9935144548470863, "(0.5262564590681019, 0.6180997514937894)": 0.9932875480051531, "(0.6180997514937894, 0.8295258421620331)": 0.9932190331923141, "(0.8295258421620331, 0.8683514362861178)": 0.9931913460270065, "(0.8683514362861178, 0.9955325198461563)": 0.9930182807473907, "(0.9955325198461563, 1.0)": 0.9910359161258742}, "pct": 0.9910359161258742, "best_return": 114.17220226903993}, "ew_rel_minmax": {"trend": "ew_rel_minmax", "time_param": 525, "q_params": {"(0.0, 0.20858728869683207)": 0.9999946800420528, "(0.20858728869683207, 0.3229789000189348)": 0.9999326848059943, "(0.3229789000189348, 0.32740385322703397)": 0.9964328092951089, "(0.32740385322703397, 0.3965613230102473)": 0.9963057335827475, "(0.3965613230102473, 0.4340140370791758)": 0.9947172235897206, "(0.4340140370791758, 0.6415832271403439)": 0.994543160224332, "(0.6415832271403439, 0.8688782622084357)": 0.9929569235831548, "(0.8688782622084357, 0.991988026715056)": 0.9920213920418018, "(0.991988026715056, 0.9986499529486608)": 0.7733899808106726, "(0.9986499529486608, 1.0)": 0.7272509680652715}, "pct": 0.9920213920418018, "best_return": 118.43541068857346}}