{"ma": {"trend": "ma", "time_param": 525, "q_params": {"(0, 0.1429796735016379)": 0.9999979328937333, "(0.1429796735016379, 0.18602213867695086)": 0.9989669964873544, "(0.18602213867695086, 0.3915084884342861)": 0.9988481305046657, "(0.3915084884342861, 0.586098408644167)": 0.9988378421891123, "(0.586098408644167, 0.708010928276244)": 0.9982110466460588, "(0.708010928276244, 0.7654285839872635)": 0.9976998296571721, "(0.7654285839872635, 0.8328509382829855)": 0.9948771383033264, "(0.8328509382829855, 0.8492887170610477)": 0.993552333160142, "(0.8492887170610477, 0.9504881088723757)": 0.9932759232373762, "(0.9504881088723757, 1.0)": 0.19083091730159632}, "pct": 0.9982110466460588, "best_return": 139.77546201510316}, "ew_ma": {"trend": "ew_ma", "time_param": 525, "q_params": {"(0, 0.5018355544354534)": 0.9999981901803743, "(0.5018355544354534, 0.5323113407200288)": 0.9999857197278484, "(0.5323113407200288, 0.5818506181779247)": 0.99997071846205, "(0.5818506181779247, 0.609610981312578)": 0.9993081642870192, "(0.609610981312578, 0.6267556469701999)": 0.9987623817136291, "(0.6267556469701999, 0.6338624710483858)": 0.9933654583596959, "(0.6338624710483858, 0.6489104594536871)": 0.8893408081477794, "(0.6489104594536871, 0.6689057370227458)": 0.8886356526872895, "(0.6689057370227458, 0.9836842876936789)": 0.872247103962359, "(0.9836842876936789, 1.0)": 0.34653679692408834}, "pct": 0.872247103962359, "best_return": 130.27685877069408}, "rel_minmax": {"trend": "rel_minmax", "time_param": 525, "q_params": {"(0, 0.19332427698128765)": 0.9998589083111263, "(0.19332427698128765, 0.2753321452191947)": 0.9993585251860752, "(0.2753321452191947, 0.3790011311940088)": 0.9943752058540851, "(0.3790011311940088, 0.40319019494496733)": 0.9935281614421743, "(0.40319019494496733, 0.5191343384971511)": 0.9935144548470863, "(0.5191343384971511, 0.6139669632055196)": 0.9932431833268546, "(0.6139669632055196, 0.8336246311724251)": 0.9932190331923141, "(0.8336246311724251, 0.8683514362861178)": 0.9931913460270065, "(0.8683514362861178, 0.9955325198461563)": 0.9930182807473907, "(0.9955325198461563, 1.0)": 0.548008596609614}, "pct": 0.548008596609614, "best_return": 115.74599596214884}, "ew_rel_minmax": {"trend": "ew_rel_minmax", "time_param": 525, "q_params": {"(0, 0.20858728869683207)": 0.9999946800420528, "(0.20858728869683207, 0.3229789000189348)": 0.9999326848059943, "(0.3229789000189348, 0.3409755630070675)": 0.9964328092951089, "(0.3409755630070675, 0.3931184313159106)": 0.9963057335827475, "(0.3931184313159106, 0.4456579005621911)": 0.994666403288431, "(0.4456579005621911, 0.6325057331772491)": 0.994543160224332, "(0.6325057331772491, 0.8688782622084357)": 0.9939505535154602, "(0.8688782622084357, 0.991988026715056)": 0.9920213920418018, "(0.991988026715056, 0.9986499529486608)": 0.7771407886128555, "(0.9986499529486608, 1.0)": 0.7248916974165625}, "pct": 0.9920213920418018, "best_return": 112.62824901928583}}