{"ma": {"trend": "ma", "time_param": 525, "q_params": {"(0, 0.14283074108017085)": 0.9999979328937333, "(0.14283074108017085, 0.18602213867695086)": 0.9989669964873544, "(0.18602213867695086, 0.39148679774470607)": 0.9988284583041357, "(0.39148679774470607, 0.5848439663012295)": 0.9985514803342895, "(0.5848439663012295, 0.704792929498499)": 0.9982110466460588, "(0.704792929498499, 0.7646928721512756)": 0.9960487574127116, "(0.7646928721512756, 0.832504286792403)": 0.9941482887773605, "(0.832504286792403, 0.8402314480099871)": 0.993552333160142, "(0.8402314480099871, 0.9504881088723757)": 0.9932759232373762, "(0.9504881088723757, 1.0)": 0.20067806334722668}, "pct": 0.9960487574127116, "best_return": 124.50090833058981}, "ew_ma": {"trend": "ew_ma", "time_param": 525, "q_params": {"(0, 0.4754192340479191)": 0.999999982751973, "(0.4754192340479191, 0.5314329814662094)": 0.9999857197278484, "(0.5314329814662094, 0.5818506181779247)": 0.99997071846205, "(0.5818506181779247, 0.609610981312578)": 0.9993081642870192, "(0.609610981312578, 0.615502139044145)": 0.9968878919443364, "(0.615502139044145, 0.6285999186995086)": 0.9933654583596959, "(0.6285999186995086, 0.6489104594536871)": 0.8893408081477794, "(0.6489104594536871, 0.6689057370227458)": 0.8886356526872895, "(0.6689057370227458, 0.9829576891601224)": 0.8675684477815641, "(0.9829576891601224, 1.0)": 0.34653679692408834}, "pct": 0.8675684477815641, "best_return": 146.89368788357763}, "rel_minmax": {"trend": "rel_minmax", "time_param": 525, "q_params": {"(0.0, 0.19332427698128765)": 0.999483283545178, "(0.19332427698128765, 0.2753321452191947)": 0.9993585251860752, "(0.2753321452191947, 0.384995329109454)": 0.9969992143897588, "(0.384995329109454, 0.4101516312032454)": 0.9940124072268586, "(0.4101516312032454, 0.5262564590681019)": 0.9935144548470863, "(0.5262564590681019, 0.6180997514937894)": 0.9932853177665466, "(0.6180997514937894, 0.8295258421620331)": 0.9932190331923141, "(0.8295258421620331, 0.8683514362861178)": 0.9931913460270065, "(0.8683514362861178, 0.9867206045793181)": 0.9930182807473907, "(0.9867206045793181, 1.0)": 0.9910359161258742}, "pct": 1, "best_return": 114.39853799636921}, "ew_rel_minmax": {"trend": "ew_rel_minmax", "time_param": 525, "q_params": {"(0, 0.20858728869683207)": 0.9999946800420528, "(0.20858728869683207, 0.3229789000189348)": 0.9999326848059943, "(0.3229789000189348, 0.32740385322703397)": 0.9964328092951089, "(0.32740385322703397, 0.3965613230102473)": 0.9963057335827475, "(0.3965613230102473, 0.4340140370791758)": 0.9955424314620361, "(0.4340140370791758, 0.6415832271403439)": 0.994543160224332, "(0.6415832271403439, 0.8688782622084357)": 0.9929569235831548, "(0.8688782622084357, 0.991988026715056)": 0.9920213920418018, "(0.991988026715056, 0.9986499529486608)": 0.7784786276777209, "(0.9986499529486608, 1.0)": 0.7274243679488533}, "pct": 0.9920213920418018, "best_return": 118.33663765148383}}