{"ma": {"trend": "ma", "time_param": 525, "q_params": {"(0, 0.16233281769938276)": 1.0, "(0.16233281769938276, 0.21849532564485316)": 0.9990610309076524, "(0.21849532564485316, 0.3960834791570641)": 0.9982428251822353, "(0.3960834791570641, 0.6025439227637587)": 0.9982326244245084, "(0.6025439227637587, 0.7436016091996115)": 0.998020764130744, "(0.7436016091996115, 0.7889806655415416)": 0.997778063898028, "(0.7889806655415416, 0.8051212823009425)": 0.9965576458857379, "(0.8051212823009425, 0.8475118909917987)": 0.9963843499567999, "(0.8475118909917987, 0.9647570488441658)": 0.9920279440699441, "(0.9647570488441658, 1.0)": 0.17719756315596077}, "pct": 0.997778063898028, "best_return": 114.71476842463103}, "ew_ma": {"trend": "ew_ma", "time_param": 525, "q_params": {"(0, 0.4492836888110392)": 0.9999994157910516, "(0.4492836888110392, 0.5360446603254236)": 0.9999977470044331, "(0.5360446603254236, 0.5852915976038148)": 0.9999962618922109, "(0.5852915976038148, 0.6003374215211871)": 0.9999648086808853, "(0.6003374215211871, 0.6143673308413957)": 0.9999470341914882, "(0.6143673308413957, 0.6194544662971412)": 0.9953167371901859, "(0.6194544662971412, 0.647429425049284)": 0.9918850513803796, "(0.647429425049284, 0.6547334767884774)": 0.9918402899662353, "(0.6547334767884774, 0.9786882236457932)": 0.9918126402791181, "(0.9786882236457932, 1.0)": 0.007167945938960967}, "pct": 0.9918126402791181, "best_return": 167.54568816791644}, "rel_minmax": {"trend": "rel_minmax", "time_param": 525, "q_params": {"(0.0, 0.20867505708354567)": 1.0, "(0.20867505708354567, 0.2795546600633086)": 0.9999994911468764, "(0.2795546600633086, 0.28021153205506116)": 0.9972505556242717, "(0.28021153205506116, 0.39694926439731343)": 0.9935189009427051, "(0.39694926439731343, 0.5168222276348086)": 0.9933140554123404, "(0.5168222276348086, 0.6180997514937894)": 0.9932045597885926, "(0.6180997514937894, 0.7774572678361364)": 0.9931950640678086, "(0.7774572678361364, 0.8795945171252136)": 0.9931913460270065, "(0.8795945171252136, 0.9953525840209654)": 0.9930182807473907, "(0.9953525840209654, 1.0)": 0.9910359161258742}, "pct": 1, "best_return": 112.0259623311547}, "ew_rel_minmax": {"trend": "ew_rel_minmax", "time_param": 525, "q_params": {"(0.0, 0.19312722231545737)": 1.0, "(0.19312722231545737, 0.2708522636494816)": 0.9999998784996493, "(0.2708522636494816, 0.38945881562729967)": 0.9974795211381338, "(0.38945881562729967, 0.39343790691703545)": 0.99744365279625, "(0.39343790691703545, 0.408165282134136)": 0.9955424314620361, "(0.408165282134136, 0.6524537951951818)": 0.9955081848516208, "(0.6524537951951818, 0.8792831612269417)": 0.9952281169124729, "(0.8792831612269417, 0.88592300488873)": 0.9916719447283525, "(0.88592300488873, 0.9973068117323859)": 0.9916467320021927, "(0.9973068117323859, 1.0)": 0.7244653719332781}, "pct": 1, "best_return": 112.0259623311547}}