{"ma": {"trend": "ma", "time_param": 175, "q_params": {"(0, 0.0384837755063947)": 0.9997050128394213, "(0.0384837755063947, 0.1024388403996585)": 0.9995803886886464, "(0.1024388403996585, 0.3728660358943422)": 0.9984988058019558, "(0.3728660358943422, 0.40210933935232385)": 0.9966433162152173, "(0.40210933935232385, 0.47450701134469775)": 0.9951279376744175, "(0.47450701134469775, 0.5424246157964772)": 0.994510043823442, "(0.5424246157964772, 0.873066542709545)": 0.871295234700371, "(0.873066542709545, 0.9258411083144419)": 0.8611317987938112, "(0.9258411083144419, 0.949612929538851)": 0.8161930441027339, "(0.949612929538851, 1.0)": 0.19498376549260782}, "pct": 0.9984988058019558, "best_return": 2.594265543618444}, "ew_ma": {"trend": "ew_ma", "time_param": 175, "q_params": {"(0, 0.1872766438516284)": 0.9979208357191235, "(0.1872766438516284, 0.336197795523747)": 0.9976617792411172, "(0.336197795523747, 0.3601625109226661)": 0.9975211180105054, "(0.3601625109226661, 0.37748474977029206)": 0.9956170142816393, "(0.37748474977029206, 0.4168337912683571)": 0.9952942646127415, "(0.4168337912683571, 0.6825820605170129)": 0.9887590720134531, "(0.6825820605170129, 0.7280109622551998)": 0.9530588972796539, "(0.7280109622551998, 0.8001363199737976)": 0.9241008394620369, "(0.8001363199737976, 0.9846171430839852)": 0.8703613155784391, "(0.9846171430839852, 1.0)": 0.15631799153557038}, "pct": 0.9887590720134531, "best_return": 3.275030645152551}, "rel_minmax": {"time_param": 276, "trend": "rel_minmax", "q_params": {"(0, 0.01982473241573146)": 0.9815021882156401, "(0.01982473241573146, 0.0943553981420081)": 0.7486140297359938, "(0.0943553981420081, 0.11291633965858311)": 0.7232210334511541, "(0.11291633965858311, 0.44361892028516675)": 0.6597228625472017, "(0.44361892028516675, 0.4852980455771537)": 0.64507889225326, "(0.4852980455771537, 0.5673090022413829)": 0.5226730032683442, "(0.5673090022413829, 0.5767742753384417)": 0.5111908528741302, "(0.5767742753384417, 0.6480734383534015)": 0.503556511396232, "(0.6480734383534015, 0.8780770411835379)": 0.35178393102210614, "(0.8780770411835379, 1)": 0.15406889877038088}, "pct": 0.15406889877038088, "best_return": 2.828728202222363}, "ew_rel_minmax": {"time_param": 239, "trend": "ew_rel_minmax", "q_params": {"(0, 0.3604357419921892)": 0.9287183548534167, "(0.3604357419921892, 0.41476489340493106)": 0.6951541967632832, "(0.41476489340493106, 0.5494875995944437)": 0.5999588837148544, "(0.5494875995944437, 0.6073368882674653)": 0.5484793326270448, "(0.6073368882674653, 0.722766852714852)": 0.3875934785614136, "(0.722766852714852, 0.7666105476886232)": 0.3760655502340265, "(0.7666105476886232, 0.851052902521854)": 0.29691608819084075, "(0.851052902521854, 0.9152139666559161)": 0.28392230851240424, "(0.9152139666559161, 0.9872785648524046)": 0.16372014276928915, "(0.9872785648524046, 1)": 0.03124833725625753}, "pct": 0.03124833725625753, "best_return": 2.856140245528883}}