{"ma": {"trend": "ma", "time_param": 175, "q_params": {"(0, 0.04937134038166292)": 0.999797582773569, "(0.04937134038166292, 0.08204603146886444)": 0.9995792152858234, "(0.08204603146886444, 0.3597192927734848)": 0.9987417291037268, "(0.3597192927734848, 0.3905392847826282)": 0.9966433162152173, "(0.3905392847826282, 0.48211573417825915)": 0.9877410257813779, "(0.48211573417825915, 0.5424246157964772)": 0.9523999830176761, "(0.5424246157964772, 0.8377259736911383)": 0.8674733795894487, "(0.8377259736911383, 0.9383483511634241)": 0.8626817672905237, "(0.9383483511634241, 0.9633034725449034)": 0.8326060149513199, "(0.9633034725449034, 1.0)": 0.23128112148442964}, "pct": 0.9966433162152173, "best_return": 2.8177721892223913}, "ew_ma": {"trend": "ew_ma", "time_param": 175, "q_params": {"(0, 0.16669131982240545)": 0.9997857224256116, "(0.16669131982240545, 0.33078392081517594)": 0.9974492079052149, "(0.33078392081517594, 0.3819341855637976)": 0.9968224827390207, "(0.3819341855637976, 0.3939029207238228)": 0.9959303411558394, "(0.3939029207238228, 0.4168337912683571)": 0.98499071250925, "(0.4168337912683571, 0.6946820017213251)": 0.9844114109294237, "(0.6946820017213251, 0.7444875886792188)": 0.9555898302964106, "(0.7444875886792188, 0.791937513938676)": 0.9286787093469178, "(0.791937513938676, 0.9974664812251803)": 0.9204685361686754, "(0.9974664812251803, 1.0)": 0.14976346368897883}, "pct": 0.9286787093469178, "best_return": 3.1281164740816036}, "rel_minmax": {"time_param": 226, "trend": "rel_minmax", "q_params": {"(0, 0.176497206842041)": 0.9682312487998128, "(0.176497206842041, 0.2767310804998275)": 0.8929277711987725, "(0.2767310804998275, 0.3829186105073999)": 0.8722993695768945, "(0.3829186105073999, 0.6681115945588539)": 0.855199762940638, "(0.6681115945588539, 0.748862812164249)": 0.7467898301500706, "(0.748862812164249, 0.7509076943818322)": 0.7454204860991395, "(0.7509076943818322, 0.7527125196943995)": 0.5495493309096035, "(0.7527125196943995, 0.7907750788830279)": 0.5423255310027273, "(0.7907750788830279, 0.8895953197652258)": 0.4466687007288376, "(0.8895953197652258, 1)": 0.35785727157973835}, "pct": 0.35785727157973835, "best_return": 3.1213779245793045}, "ew_rel_minmax": {"time_param": 181, "trend": "ew_rel_minmax", "q_params": {"(0, 0.11938791537454117)": 0.7709410841071379, "(0.11938791537454117, 0.1661416623741667)": 0.7291482381841816, "(0.1661416623741667, 0.2842681897711232)": 0.710304730617683, "(0.2842681897711232, 0.5481856377581324)": 0.6911300031080144, "(0.5481856377581324, 0.5609440153185994)": 0.5444444082175209, "(0.5609440153185994, 0.5621513970369678)": 0.424431248059002, "(0.5621513970369678, 0.7882449343439442)": 0.2987263065895932, "(0.7882449343439442, 0.8027482883319877)": 0.05089814897465206, "(0.8027482883319877, 0.9211650345421073)": 0.028744306657665242, "(0.9211650345421073, 1)": 0.0197659229101238}, "pct": 0.0197659229101238, "best_return": 3.046974724074619}}