{"ma": {"trend": "ma", "time_param": 175, "q_params": {"(0, 0.05391744034619141)": 0.9997050156245727, "(0.05391744034619141, 0.08221720390306472)": 0.9995792152858234, "(0.08221720390306472, 0.3592985362852821)": 0.9968150039261027, "(0.3592985362852821, 0.3905392847826282)": 0.9966433162152173, "(0.3905392847826282, 0.4748417318199812)": 0.9923568783586846, "(0.4748417318199812, 0.5424246157964772)": 0.9465439683745135, "(0.5424246157964772, 0.8373130887306302)": 0.8912067583155918, "(0.8373130887306302, 0.9403844887806242)": 0.8626817672905237, "(0.9403844887806242, 0.9829466663592118)": 0.8527334975414796, "(0.9829466663592118, 1.0)": 0.23128112148442964}, "pct": 0.9968150039261027, "best_return": 2.8108727763546426}, "ew_ma": {"trend": "ew_ma", "time_param": 175, "q_params": {"(0, 0.16669131982240545)": 0.9997273788718245, "(0.16669131982240545, 0.3200172087722634)": 0.9974492079052149, "(0.3200172087722634, 0.3673730189574604)": 0.9971378146109039, "(0.3673730189574604, 0.4014438774074879)": 0.9959303411558394, "(0.4014438774074879, 0.4064845796246536)": 0.98499071250925, "(0.4064845796246536, 0.6946820017213251)": 0.9849392035479826, "(0.6946820017213251, 0.7388362232099673)": 0.9656434934888751, "(0.7388362232099673, 0.7775418887498553)": 0.9588444826087248, "(0.7775418887498553, 0.99112083431903)": 0.9204685361686754, "(0.99112083431903, 1.0)": 0.14976346368897883}, "pct": 0.9849392035479826, "best_return": 3.034873507857813}, "rel_minmax": {"time_param": 140, "trend": "rel_minmax", "q_params": {"(0, 0.14970337498134823)": 0.9786627654154274, "(0.14970337498134823, 0.2753093501178147)": 0.9675531739961024, "(0.2753093501178147, 0.3771119958359327)": 0.791816075620221, "(0.3771119958359327, 0.3892518948515874)": 0.7524997451993635, "(0.3892518948515874, 0.45058141402539176)": 0.7477254270147367, "(0.45058141402539176, 0.7139415712468277)": 0.5358261838313025, "(0.7139415712468277, 0.7330251480281541)": 0.4194069805888947, "(0.7330251480281541, 0.8732278599688775)": 0.2386869466932482, "(0.8732278599688775, 0.8998200018249278)": 0.16599999967645618, "(0.8998200018249278, 1)": 0.12607693035843082}, "pct": 0.12607693035843082, "best_return": 2.786345744059827}, "ew_rel_minmax": {"time_param": 298, "trend": "ew_rel_minmax", "q_params": {"(0, 0.07055735491566177)": 0.6730816678042347, "(0.07055735491566177, 0.1451984555396395)": 0.6375904880674782, "(0.1451984555396395, 0.5169769579282237)": 0.575574073233741, "(0.5169769579282237, 0.7391059533022708)": 0.5663394291393415, "(0.7391059533022708, 0.7515029545902138)": 0.37754265836996953, "(0.7515029545902138, 0.7755120912657337)": 0.2752409921851588, "(0.7755120912657337, 0.8107270121858081)": 0.22211973967669507, "(0.8107270121858081, 0.8676259426416554)": 0.17375121699671947, "(0.8676259426416554, 0.9507270229463897)": 0.17155819210252, "(0.9507270229463897, 1)": 0.15451252987115338}, "pct": 0.15451252987115338, "best_return": 2.598501793099289}}