{"ma": {"trend": "ma", "time_param": 175, "q_params": {"(0, 0.025476509316755318)": 0.9996071276666826, "(0.025476509316755318, 0.07808275447900528)": 0.9995474624564556, "(0.07808275447900528, 0.36433337764153884)": 0.9984988058019558, "(0.36433337764153884, 0.401019374853567)": 0.9972654575311277, "(0.401019374853567, 0.4617060913078446)": 0.9972438862101909, "(0.4617060913078446, 0.4868345007887573)": 0.9941634478334523, "(0.4868345007887573, 0.873066542709545)": 0.9941632186656281, "(0.873066542709545, 0.9407804792980695)": 0.9940880454638912, "(0.9407804792980695, 0.975554900642022)": 0.9930329134975742, "(0.975554900642022, 1.0)": 0.19498376549260782}, "pct": 0.9984988058019558, "best_return": 3.2295714474706343}, "ew_ma": {"trend": "ew_ma", "time_param": 175, "q_params": {"(0, 0.22713197192928417)": 0.9998109988188548, "(0.22713197192928417, 0.3638622322082528)": 0.9983494069727104, "(0.3638622322082528, 0.36733893979352666)": 0.9964822009181067, "(0.36733893979352666, 0.37748474977029206)": 0.9964491582299065, "(0.37748474977029206, 0.6721468955268062)": 0.9964047895527601, "(0.6721468955268062, 0.6911498754889708)": 0.9963941930261597, "(0.6911498754889708, 0.7014460338776634)": 0.9963373335242492, "(0.7014460338776634, 0.8001844939441126)": 0.9962788814387954, "(0.8001844939441126, 0.9991512790879525)": 0.852379508977053, "(0.9991512790879525, 1.0)": 0.17267548251329223}, "pct": 0.9964047895527601, "best_return": 2.717349201035105}, "rel_minmax": {"time_param": 222, "trend": "rel_minmax", "q_params": {"(0, 0.16174719507743118)": 0.9687971220346769, "(0.16174719507743118, 0.20316443529794337)": 0.8382175615483624, "(0.20316443529794337, 0.21524828964576337)": 0.7968642089530027, "(0.21524828964576337, 0.32177802322422233)": 0.7710769792542845, "(0.32177802322422233, 0.452729048015898)": 0.5765308441036815, "(0.452729048015898, 0.4997523736163193)": 0.5153225588031008, "(0.4997523736163193, 0.5778926953468664)": 0.4958259959393831, "(0.5778926953468664, 0.6101432923633088)": 0.39872000215770753, "(0.6101432923633088, 0.7845583161591403)": 0.24087812359307004, "(0.7845583161591403, 1)": 0.1747923914700389}, "pct": 0.1747923914700389, "best_return": 2.6838026744150243}, "ew_rel_minmax": {"time_param": 261, "trend": "ew_rel_minmax", "q_params": {"(0, 0.13861319454802662)": 0.9364323615598661, "(0.13861319454802662, 0.1966052035271878)": 0.8878073042929892, "(0.1966052035271878, 0.3270276025488609)": 0.867641744703745, "(0.3270276025488609, 0.6954419091357434)": 0.8341176022966543, "(0.6954419091357434, 0.7710725154313575)": 0.7459419960568938, "(0.7710725154313575, 0.8614901247253935)": 0.7142830668814018, "(0.8614901247253935, 0.8617725290460275)": 0.41306613968399475, "(0.8617725290460275, 0.8705442037224533)": 0.34513637415897863, "(0.8705442037224533, 0.9557883752268791)": 0.2893397979619463, "(0.9557883752268791, 1)": 0.0603961186787263}, "pct": 0.0603961186787263, "best_return": 3.481041219201186}}