{"ma": {"trend": "ma", "time_param": 175, "q_params": {"(0, 0.044777984813602165)": 0.9997050128394213, "(0.044777984813602165, 0.08204603146886444)": 0.9995792152858234, "(0.08204603146886444, 0.3597192927734848)": 0.9987417291037268, "(0.3597192927734848, 0.40210933935232385)": 0.9966433162152173, "(0.40210933935232385, 0.47450701134469775)": 0.981692213998007, "(0.47450701134469775, 0.5424246157964772)": 0.93305474097096, "(0.5424246157964772, 0.8500146875613415)": 0.871295234700371, "(0.8500146875613415, 0.9383483511634241)": 0.8504740295787271, "(0.9383483511634241, 0.9654702221280556)": 0.8161930441027339, "(0.9654702221280556, 1.0)": 0.19498376549260782}, "pct": 0.9966433162152173, "best_return": 2.9108263459474712}, "ew_ma": {"trend": "ew_ma", "time_param": 175, "q_params": {"(0, 0.18185002310788367)": 0.9996123922447167, "(0.18185002310788367, 0.33078392081517594)": 0.9975928095355439, "(0.33078392081517594, 0.3728603780332402)": 0.9968224827390207, "(0.3728603780332402, 0.3939029207238228)": 0.9959303411558394, "(0.3939029207238228, 0.4168337912683571)": 0.991931784244697, "(0.4168337912683571, 0.6946820017213251)": 0.9844114109294237, "(0.6946820017213251, 0.7212336683344595)": 0.9555898302964106, "(0.7212336683344595, 0.7931608125396189)": 0.9286787093469178, "(0.7931608125396189, 0.9853760072414517)": 0.9083052625485072, "(0.9853760072414517, 1.0)": 0.14976346368897883}, "pct": 0.9286787093469178, "best_return": 3.535347717625792}, "rel_minmax": {"time_param": 286, "trend": "rel_minmax", "q_params": {"(0, 0.014656665390641376)": 0.9412453079707696, "(0.014656665390641376, 0.2666927898607756)": 0.8843215845708929, "(0.2666927898607756, 0.302629861817468)": 0.8486900045801814, "(0.302629861817468, 0.3890446503265134)": 0.8125593549072501, "(0.3890446503265134, 0.4469840921058166)": 0.6231784012576786, "(0.4469840921058166, 0.5386913369505738)": 0.5325114958203231, "(0.5386913369505738, 0.638133159915466)": 0.43558184305086045, "(0.638133159915466, 0.7783613235760054)": 0.398763855579632, "(0.7783613235760054, 0.9259969656658222)": 0.3710530313475865, "(0.9259969656658222, 1)": 0.30828505365391}, "pct": 0.30828505365391, "best_return": 2.845800819091504}, "ew_rel_minmax": {"time_param": 330, "trend": "ew_rel_minmax", "q_params": {"(0, 0.10514083601110372)": 0.9446586252588607, "(0.10514083601110372, 0.17684677641150207)": 0.8766225372323948, "(0.17684677641150207, 0.32344091495290184)": 0.8638190791810351, "(0.32344091495290184, 0.36072764031112414)": 0.8455514169138053, "(0.36072764031112414, 0.5905585929585391)": 0.8381199616332425, "(0.5905585929585391, 0.6114414663049882)": 0.6490796712717429, "(0.6114414663049882, 0.8581509656816506)": 0.5730744632915795, "(0.8581509656816506, 0.9379288182570398)": 0.476293074927416, "(0.9379288182570398, 0.9436784511115384)": 0.33260532481452837, "(0.9436784511115384, 1)": 0.0028010273687518097}, "pct": 0.0028010273687518097, "best_return": 3.001927108378849}}