{"ma": {"trend": "ma", "time_param": 175, "q_params": {"(0.0, 0.05320029368530459)": 0.9996346838110403, "(0.05320029368530459, 0.08221720390306472)": 0.9995792152858234, "(0.08221720390306472, 0.3679428433221867)": 0.9966923534003664, "(0.3679428433221867, 0.4511970868225778)": 0.9966433162152173, "(0.4511970868225778, 0.4748417318199812)": 0.9951745984534276, "(0.4748417318199812, 0.5442042546600132)": 0.9313694268727103, "(0.5442042546600132, 0.8373130887306302)": 0.9280120369072847, "(0.8373130887306302, 0.9342734572271495)": 0.9048631261985156, "(0.9342734572271495, 0.9829466663592118)": 0.8590464224623415, "(0.9829466663592118, 1.0)": 0.23049294956492875}, "pct": 0.9966433162152173, "best_return": 3.1433185827823733}, "ew_ma": {"trend": "ew_ma", "time_param": 175, "q_params": {"(0.0, 0.24467453138551137)": 0.9997273788718245, "(0.24467453138551137, 0.3153982862343981)": 0.9974492079052149, "(0.3153982862343981, 0.35030567516703065)": 0.9971799348324764, "(0.35030567516703065, 0.4014438774074879)": 0.9898272544073404, "(0.4014438774074879, 0.4133964026094682)": 0.9853866901352363, "(0.4133964026094682, 0.6871821833600752)": 0.9849392035479826, "(0.6871821833600752, 0.7274428035102597)": 0.9739102576272163, "(0.7274428035102597, 0.7439208658495947)": 0.967677876118795, "(0.7439208658495947, 0.984467540718593)": 0.9392935681812808, "(0.984467540718593, 1.0)": 0.14976346368897883}, "pct": 0.9739102576272163, "best_return": 3.9469669097270037}, "rel_minmax": {"time_param": 102, "trend": "rel_minmax", "q_params": {"(0, 0.14085080083390955)": 0.9778972449409944, "(0.14085080083390955, 0.5181111096392179)": 0.9765732961106901, "(0.5181111096392179, 0.5348307111377266)": 0.9290750693102179, "(0.5348307111377266, 0.5762693984572544)": 0.8701298624773802, "(0.5762693984572544, 0.5783821400651287)": 0.6608849314197796, "(0.5783821400651287, 0.7361538177820447)": 0.35867923362119136, "(0.7361538177820447, 0.7453092215093063)": 0.3316408096325806, "(0.7453092215093063, 0.7701467873598314)": 0.3265614532050606, "(0.7701467873598314, 0.8461641499465462)": 0.049992689048196426, "(0.8461641499465462, 1)": 0.048031488065131356}, "pct": 0.048031488065131356, "best_return": 3.4278786732654294}, "ew_rel_minmax": {"time_param": 163, "trend": "ew_rel_minmax", "q_params": {"(0, 0.021960352597470423)": 0.9658298560526916, "(0.021960352597470423, 0.43162886385374655)": 0.8870565801593803, "(0.43162886385374655, 0.5031813162045641)": 0.7988204224132966, "(0.5031813162045641, 0.5612490050660963)": 0.7747034452862774, "(0.5612490050660963, 0.6486305900077427)": 0.7606084672564902, "(0.6486305900077427, 0.6564256219189022)": 0.7142642053871886, "(0.6564256219189022, 0.6897137390411507)": 0.6748301477403305, "(0.6897137390411507, 0.7259034385975478)": 0.6202436183630702, "(0.7259034385975478, 0.9758811682136762)": 0.45506569057579005, "(0.9758811682136762, 1)": 0.38151055348209717}, "pct": 0.45506569057579005, "best_return": 3.0803031805080012}}