{"ma": {"trend": "ma", "time_param": 175, "q_params": {"(0, 0.05391744034619141)": 0.9997050156245727, "(0.05391744034619141, 0.08221720390306472)": 0.9995792152858234, "(0.08221720390306472, 0.3592985362852821)": 0.9968150039261027, "(0.3592985362852821, 0.3905392847826282)": 0.9966433162152173, "(0.3905392847826282, 0.4748417318199812)": 0.9923568783586846, "(0.4748417318199812, 0.5424246157964772)": 0.9648692336196625, "(0.5424246157964772, 0.8377259736911383)": 0.8989433752730437, "(0.8377259736911383, 0.9403844887806242)": 0.8626817672905237, "(0.9403844887806242, 0.9829466663592118)": 0.8527334975414796, "(0.9829466663592118, 1.0)": 0.23128112148442964}, "pct": 0.9968150039261027, "best_return": 2.911818188920877}, "ew_ma": {"trend": "ew_ma", "time_param": 175, "q_params": {"(0, 0.16669131982240545)": 0.9997273788718245, "(0.16669131982240545, 0.3200172087722634)": 0.9974492079052149, "(0.3200172087722634, 0.37590081006900006)": 0.9969248931787867, "(0.37590081006900006, 0.3939029207238228)": 0.9959303411558394, "(0.3939029207238228, 0.4064845796246536)": 0.98499071250925, "(0.4064845796246536, 0.6946820017213251)": 0.9849392035479826, "(0.6946820017213251, 0.7444875886792188)": 0.9656434934888751, "(0.7444875886792188, 0.7775418887498553)": 0.944562324355402, "(0.7775418887498553, 0.99112083431903)": 0.9204685361686754, "(0.99112083431903, 1.0)": 0.14976346368897883}, "pct": 0.9849392035479826, "best_return": 3.136591435807454}, "rel_minmax": {"time_param": 267, "trend": "rel_minmax", "q_params": {"(0, 0.15019713160956694)": 0.8668718444429173, "(0.15019713160956694, 0.34665638461633747)": 0.8482513903074296, "(0.34665638461633747, 0.39118623745502457)": 0.7184829618671901, "(0.39118623745502457, 0.4009913320645484)": 0.6006549800240037, "(0.4009913320645484, 0.4564497776673185)": 0.5871986739183213, "(0.4564497776673185, 0.5532841064132379)": 0.5471866168305098, "(0.5532841064132379, 0.5636388989935125)": 0.3037564355377319, "(0.5636388989935125, 0.5711485406350215)": 0.16284387043912762, "(0.5711485406350215, 0.6811190300057339)": 0.1512854382458794, "(0.6811190300057339, 1)": 0.017523960675440597}, "pct": 0.017523960675440597, "best_return": 3.079137071209749}, "ew_rel_minmax": {"time_param": 134, "trend": "ew_rel_minmax", "q_params": {"(0, 0.25718456973965953)": 0.9247198165421318, "(0.25718456973965953, 0.35244116605794606)": 0.8807499800361683, "(0.35244116605794606, 0.4170068417389028)": 0.8220657313832161, "(0.4170068417389028, 0.5106311661758369)": 0.7522002727629922, "(0.5106311661758369, 0.5844377836752906)": 0.7201251314028093, "(0.5844377836752906, 0.6038745328010414)": 0.47502845005669014, "(0.6038745328010414, 0.7200138838779164)": 0.45259081783772503, "(0.7200138838779164, 0.7663375265895496)": 0.36735553415286865, "(0.7663375265895496, 0.8567734792526189)": 0.29243693284155026, "(0.8567734792526189, 1)": 0.13221409491713298}, "pct": 0.13221409491713298, "best_return": 2.919921459722428}}