{"ma": {"trend": "ma", "time_param": 175, "q_params": {"(0, 0.027106113896341225)": 0.9999904946766339, "(0.027106113896341225, 0.032800437092348415)": 0.9989062445336273, "(0.032800437092348415, 0.37006237196759645)": 0.9972675882211272, "(0.37006237196759645, 0.41649824622963605)": 0.9972649105763454, "(0.41649824622963605, 0.4423823056504162)": 0.9972438862101909, "(0.4423823056504162, 0.49255809623995217)": 0.9941634478334523, "(0.49255809623995217, 0.8584962863335535)": 0.9941632186656281, "(0.8584962863335535, 0.9407804792980695)": 0.9941429210042753, "(0.9407804792980695, 0.975554900642022)": 0.9930329134975742, "(0.975554900642022, 1.0)": 0.18566883075601484}, "pct": 0.9972675882211272, "best_return": 3.8438641784233423}, "ew_ma": {"trend": "ew_ma", "time_param": 175, "q_params": {"(0, 0.2284054848909524)": 1.0, "(0.2284054848909524, 0.3638622322082528)": 0.9983494069727104, "(0.3638622322082528, 0.3680679729122862)": 0.9980543438382368, "(0.3680679729122862, 0.4201054088508553)": 0.9964491582299065, "(0.4201054088508553, 0.6819757983894748)": 0.9964062206120434, "(0.6819757983894748, 0.6982902757511656)": 0.9963776486645178, "(0.6982902757511656, 0.7280132286892439)": 0.9962932143588353, "(0.7280132286892439, 0.7608131666929733)": 0.9958679440246943, "(0.7608131666929733, 0.9792748015809924)": 0.9940831099577768, "(0.9792748015809924, 1.0)": 0.17212114005979515}, "pct": 0.9958679440246943, "best_return": 4.209746001397505}, "rel_minmax": {"time_param": 163, "trend": "rel_minmax", "q_params": {"(0, 0.41337262197790264)": 0.9999464814232896, "(0.41337262197790264, 0.4424764894294419)": 0.9993960933776669, "(0.4424764894294419, 0.4894072745555898)": 0.9989878897040475, "(0.4894072745555898, 0.5890354712005799)": 0.9864476118162742, "(0.5890354712005799, 0.6064140750945299)": 0.887504332011369, "(0.6064140750945299, 0.6070385978336483)": 0.6921675622783763, "(0.6070385978336483, 0.6212015870325867)": 0.6845366962526406, "(0.6212015870325867, 0.6223781221698725)": 0.4899865079733251, "(0.6223781221698725, 0.9345284460002791)": 0.12225400285242528, "(0.9345284460002791, 1.0)": 0.00701185165720053}, "pct": 0.00701185165720053, "best_return": 4.8482797968646265}, "ew_rel_minmax": {"time_param": 284, "trend": "ew_rel_minmax", "q_params": {"(0, 0.15040192999194782)": 0.99999389323612, "(0.15040192999194782, 0.7370306173147451)": 0.9996957458855442, "(0.7370306173147451, 0.7394651285083458)": 0.9933348114536583, "(0.7394651285083458, 0.7509844331890678)": 0.9707948325209087, "(0.7509844331890678, 0.753815447862155)": 0.6621766762108935, "(0.753815447862155, 0.7828580670379369)": 0.36538752290524384, "(0.7828580670379369, 0.7890611388798588)": 0.35981257192501104, "(0.7890611388798588, 0.7919407494420313)": 0.3212567739237412, "(0.7919407494420313, 0.7954387468153995)": 0.042253612270924515, "(0.7954387468153995, 1.0)": 0.000998433165048215}, "pct": 0.000998433165048215, "best_return": 6.607757316791609}}