{"ma": {"trend": "ma", "time_param": 175, "q_params": {"(0, 0.026430157765283117)": 0.9999904946766339, "(0.026430157765283117, 0.029611891153645185)": 0.9984167631351936, "(0.029611891153645185, 0.37006237196759645)": 0.9972675882211272, "(0.37006237196759645, 0.4014738157584521)": 0.9972611055516831, "(0.4014738157584521, 0.45689614393300415)": 0.9972438862101909, "(0.45689614393300415, 0.5020726696325142)": 0.9941634478334523, "(0.5020726696325142, 0.8584962863335535)": 0.994162820122662, "(0.8584962863335535, 0.916470217327735)": 0.9941429210042753, "(0.916470217327735, 0.9842299787988342)": 0.9930329134975742, "(0.9842299787988342, 1.0)": 0.2245183727418721}, "pct": 0.9972675882211272, "best_return": 3.626789591378901}, "ew_ma": {"trend": "ew_ma", "time_param": 175, "q_params": {"(0, 0.24766769889253126)": 1.0, "(0.24766769889253126, 0.33856333350762724)": 0.9983624281359362, "(0.33856333350762724, 0.3576155227574947)": 0.9983479165157395, "(0.3576155227574947, 0.37176035603548085)": 0.9964491582299065, "(0.37176035603548085, 0.6819757983894748)": 0.9964054045965914, "(0.6819757983894748, 0.7220263864482753)": 0.99636441855986, "(0.7220263864482753, 0.7280132286892439)": 0.9962932143588353, "(0.7280132286892439, 0.7608131666929733)": 0.9958679440246943, "(0.7608131666929733, 0.9792748015809924)": 0.9940831099577768, "(0.9792748015809924, 1.0)": 0.23209324802533837}, "pct": 0.9940831099577768, "best_return": 4.3701047505973385}, "rel_minmax": {"time_param": 163, "trend": "rel_minmax", "q_params": {"(0, 0.3311243598370541)": 0.9997813698084466, "(0.3311243598370541, 0.43439565264289703)": 0.9993960933776669, "(0.43439565264289703, 0.5102880503661172)": 0.9979469473944691, "(0.5102880503661172, 0.5709886835922172)": 0.9864476118162742, "(0.5709886835922172, 0.6081917079379748)": 0.8765741217242632, "(0.6081917079379748, 0.6160576120551233)": 0.6921675622783763, "(0.6160576120551233, 0.6257380534507957)": 0.6651281480129277, "(0.6257380534507957, 0.630891786092136)": 0.4155359638084138, "(0.630891786092136, 0.9530428767223966)": 0.23366315667249393, "(0.9530428767223966, 1.0)": 0.00701185165720053}, "pct": 0.00701185165720053, "best_return": 4.557148065256285}, "ew_rel_minmax": {"time_param": 284, "trend": "ew_rel_minmax", "q_params": {"(0, 0.142197232895794)": 0.9998752968372603, "(0.142197232895794, 0.7129201891588555)": 0.9996957458855442, "(0.7129201891588555, 0.7354716779821073)": 0.9837996950687191, "(0.7354716779821073, 0.7527206472531444)": 0.9707948325209087, "(0.7527206472531444, 0.753815447862155)": 0.7111586030725526, "(0.753815447862155, 0.754658468430121)": 0.3830295318215098, "(0.754658468430121, 0.7795414878500476)": 0.3554153457876522, "(0.7795414878500476, 0.7937601225049498)": 0.34599904211142357, "(0.7937601225049498, 0.8221476611733866)": 0.03145142889967209, "(0.8221476611733866, 1.0)": 0.0022567021277055815}, "pct": 0.0022567021277055815, "best_return": 7.643886381909157}}