{"ma": {"trend": "ma", "time_param": 175, "q_params": {"(0, 0.027106113896341225)": 0.9999904946766339, "(0.027106113896341225, 0.032800437092348415)": 0.9989062445336273, "(0.032800437092348415, 0.37006237196759645)": 0.9972675882211272, "(0.37006237196759645, 0.41649824622963605)": 0.9972654575311277, "(0.41649824622963605, 0.4423823056504162)": 0.9972438862101909, "(0.4423823056504162, 0.49255809623995217)": 0.9941634478334523, "(0.49255809623995217, 0.8617031621035764)": 0.9941632186656281, "(0.8617031621035764, 0.9407804792980695)": 0.9941429210042753, "(0.9407804792980695, 0.975554900642022)": 0.9930329134975742, "(0.975554900642022, 1.0)": 0.17496637997394743}, "pct": 0.9972675882211272, "best_return": 3.615369585023365}, "ew_ma": {"trend": "ew_ma", "time_param": 175, "q_params": {"(0, 0.2284054848909524)": 1.0, "(0.2284054848909524, 0.3638622322082528)": 0.9983494069727104, "(0.3638622322082528, 0.37778786411397824)": 0.998140415585169, "(0.37778786411397824, 0.42003742472958877)": 0.9964491582299065, "(0.42003742472958877, 0.6721468955268062)": 0.9964208219681501, "(0.6721468955268062, 0.6982902757511656)": 0.9963802341294842, "(0.6982902757511656, 0.7273262667016646)": 0.996316218255725, "(0.7273262667016646, 0.768980625927022)": 0.9962788814387954, "(0.768980625927022, 0.9792748015809924)": 0.9940831099577768, "(0.9792748015809924, 1.0)": 0.17212114005979515}, "pct": 0.9963802341294842, "best_return": 3.9437186902933306}, "rel_minmax": {"time_param": 163, "trend": "rel_minmax", "q_params": {"(0, 0.41337262197790264)": 0.9999960364039678, "(0.41337262197790264, 0.4424764894294419)": 0.9999384316800409, "(0.4424764894294419, 0.4894072745555898)": 0.9989878897040475, "(0.4894072745555898, 0.5890354712005799)": 0.9908113219235046, "(0.5890354712005799, 0.6064140750945299)": 0.9023064114322784, "(0.6064140750945299, 0.6070385978336483)": 0.6921675622783763, "(0.6070385978336483, 0.6212015870325867)": 0.6752198497126085, "(0.6212015870325867, 0.6223781221698725)": 0.4899865079733251, "(0.6223781221698725, 0.9364134746820492)": 0.15755462789053126, "(0.9364134746820492, 1.0)": 0.00701185165720053}, "pct": 0.00701185165720053, "best_return": 4.5524099035726024}, "ew_rel_minmax": {"time_param": 284, "trend": "ew_rel_minmax", "q_params": {"(0, 0.15040192999194782)": 0.99999389323612, "(0.15040192999194782, 0.7424002956120674)": 0.9996957458855442, "(0.7424002956120674, 0.7453321991102472)": 0.9933348114536583, "(0.7453321991102472, 0.748726408503454)": 0.9707948325209087, "(0.748726408503454, 0.751879405201487)": 0.6901064584325088, "(0.751879405201487, 0.7524648776321489)": 0.36538752290524384, "(0.7524648776321489, 0.7826922959744492)": 0.32259169312923275, "(0.7826922959744492, 0.7832261654671451)": 0.3212567739237412, "(0.7832261654671451, 0.7954387468153995)": 0.042253612270924515, "(0.7954387468153995, 1.0)": 0.000998433165048215}, "pct": 0.000998433165048215, "best_return": 7.029675551391296}}