{"ma": {"trend": "ma", "time_param": 175, "q_params": {"(0, 0.026430157765283117)": 0.9999904946766339, "(0.026430157765283117, 0.029611891153645185)": 0.9984167631351936, "(0.029611891153645185, 0.37006237196759645)": 0.9972675882211272, "(0.37006237196759645, 0.4014738157584521)": 0.9972611055516831, "(0.4014738157584521, 0.4493335450741463)": 0.9971389035716842, "(0.4493335450741463, 0.5020726696325142)": 0.9941634478334523, "(0.5020726696325142, 0.8584962863335535)": 0.994162820122662, "(0.8584962863335535, 0.9453550865529085)": 0.9935422897401314, "(0.9453550865529085, 0.9842299787988342)": 0.992832926457503, "(0.9842299787988342, 1.0)": 0.27096911684488434}, "pct": 0.9972675882211272, "best_return": 3.3232688642022192}, "ew_ma": {"trend": "ew_ma", "time_param": 175, "q_params": {"(0, 0.24766769889253126)": 1.0, "(0.24766769889253126, 0.33856333350762724)": 0.9983624281359362, "(0.33856333350762724, 0.3592972432986126)": 0.9983479165157395, "(0.3592972432986126, 0.37176035603548085)": 0.9964491582299065, "(0.37176035603548085, 0.6819757983894748)": 0.9963299080518443, "(0.6819757983894748, 0.7099172356756156)": 0.9961946311140109, "(0.7099172356756156, 0.7280132286892439)": 0.9960014094567269, "(0.7280132286892439, 0.7608131666929733)": 0.9957214424782022, "(0.7608131666929733, 0.9792748015809924)": 0.9940831099577768, "(0.9792748015809924, 1.0)": 0.2518701626726421}, "pct": 0.9961946311140109, "best_return": 4.011646342601626}, "rel_minmax": {"time_param": 163, "trend": "rel_minmax", "q_params": {"(0, 0.28951682634880993)": 0.9997813698084466, "(0.28951682634880993, 0.43439565264289703)": 0.998287674878012, "(0.43439565264289703, 0.5102880503661172)": 0.9956458077571714, "(0.5102880503661172, 0.5709886835922172)": 0.9864476118162742, "(0.5709886835922172, 0.5730967224094573)": 0.8316246761730459, "(0.5730967224094573, 0.6185791787316016)": 0.7486844456476298, "(0.6185791787316016, 0.6251298943756448)": 0.6651281480129277, "(0.6251298943756448, 0.630891786092136)": 0.4155359638084138, "(0.630891786092136, 0.9530428767223966)": 0.2436407963632627, "(0.9530428767223966, 1.0)": 0.00701185165720053}, "pct": 0.00701185165720053, "best_return": 4.602161588292151}, "ew_rel_minmax": {"time_param": 284, "trend": "ew_rel_minmax", "q_params": {"(0, 0.13254322170989974)": 0.9998752968372603, "(0.13254322170989974, 0.7129201891588555)": 0.990265865643727, "(0.7129201891588555, 0.7354716779821073)": 0.9626693015492981, "(0.7354716779821073, 0.7527206472531444)": 0.8995396512929513, "(0.7527206472531444, 0.7541712391682263)": 0.7111586030725526, "(0.7541712391682263, 0.761745001819306)": 0.3830295318215098, "(0.761745001819306, 0.7795414878500476)": 0.36490228369947697, "(0.7795414878500476, 0.8028066115812574)": 0.34599904211142357, "(0.8028066115812574, 0.8241013228435271)": 0.03145142889967209, "(0.8241013228435271, 1.0)": 0.0022567021277055815}, "pct": 0.0022567021277055815, "best_return": 7.322599926505464}}