{"ma": {"trend": "ma", "time_param": 175, "q_params": {"(0, 0.05391744034619141)": 0.9997000361399657, "(0.05391744034619141, 0.08221720390306472)": 0.9995792152858234, "(0.08221720390306472, 0.3592985362852821)": 0.9966923534003664, "(0.3592985362852821, 0.3905392847826282)": 0.9966433162152173, "(0.3905392847826282, 0.4748417318199812)": 0.9923568783586846, "(0.4748417318199812, 0.5424246157964772)": 0.9313694268727103, "(0.5424246157964772, 0.8373130887306302)": 0.9004995506129383, "(0.8373130887306302, 0.9270134466833166)": 0.8626817672905237, "(0.9270134466833166, 0.9829466663592118)": 0.8527334975414796, "(0.9829466663592118, 1.0)": 0.23128112148442964}, "pct": 0.9966923534003664, "best_return": 3.006637088142937}, "ew_ma": {"trend": "ew_ma", "time_param": 175, "q_params": {"(0, 0.16669131982240545)": 0.9997273788718245, "(0.16669131982240545, 0.3200172087722634)": 0.9974492079052149, "(0.3200172087722634, 0.35690148314837894)": 0.9971378146109039, "(0.35690148314837894, 0.4014438774074879)": 0.9885801545395106, "(0.4014438774074879, 0.4064845796246536)": 0.98499071250925, "(0.4064845796246536, 0.6898893346643716)": 0.9849392035479826, "(0.6898893346643716, 0.7388362232099673)": 0.9656434934888751, "(0.7388362232099673, 0.7775418887498553)": 0.9467797553130471, "(0.7775418887498553, 0.986189058702328)": 0.936813487767253, "(0.986189058702328, 1.0)": 0.14976346368897883}, "pct": 0.9849392035479826, "best_return": 3.431340793530314}, "rel_minmax": {"time_param": 281, "trend": "rel_minmax", "q_params": {"(0, 0.04246827811315135)": 0.9214099476613816, "(0.04246827811315135, 0.22655494336394572)": 0.8206656418075572, "(0.22655494336394572, 0.24606506606468603)": 0.7598076388843737, "(0.24606506606468603, 0.34335062419383144)": 0.7057097508970674, "(0.34335062419383144, 0.360601571277681)": 0.7004631087891919, "(0.360601571277681, 0.562935256724268)": 0.6740512675553418, "(0.562935256724268, 0.6009214909210556)": 0.5565626396507423, "(0.6009214909210556, 0.820242492980368)": 0.4892267428915461, "(0.820242492980368, 0.8688613986398566)": 0.2827280808341631, "(0.8688613986398566, 1)": 0.26299518646192566}, "pct": 0.26299518646192566, "best_return": 2.745098067656051}, "ew_rel_minmax": {"time_param": 238, "trend": "ew_rel_minmax", "q_params": {"(0, 0.01105103825542006)": 0.9850957075123752, "(0.01105103825542006, 0.16205279617854884)": 0.9723053232244977, "(0.16205279617854884, 0.2326266160921645)": 0.9174242508654756, "(0.2326266160921645, 0.584810426637386)": 0.8149301359129743, "(0.584810426637386, 0.5940674608711739)": 0.5888874860250266, "(0.5940674608711739, 0.7054459082112073)": 0.4984262226527665, "(0.7054459082112073, 0.7428249302526887)": 0.3984451162215378, "(0.7428249302526887, 0.8696354039265544)": 0.32045527441929467, "(0.8696354039265544, 0.9269184357059643)": 0.23260393544211266, "(0.9269184357059643, 1)": 0.201444819158331}, "pct": 0.201444819158331, "best_return": 3.3448200496000533}}