{"ma": {"trend": "ma", "time_param": 175, "q_params": {"(0.0, 0.0384837755063947)": 0.9997050128394213, "(0.0384837755063947, 0.1024388403996585)": 0.9995803886886464, "(0.1024388403996585, 0.3728660358943422)": 0.9984988058019558, "(0.3728660358943422, 0.40210933935232385)": 0.9966433162152173, "(0.40210933935232385, 0.47450701134469775)": 0.9951279376744175, "(0.47450701134469775, 0.5424246157964772)": 0.994510043823442, "(0.5424246157964772, 0.873066542709545)": 0.871295234700371, "(0.873066542709545, 0.9258411083144419)": 0.8611317987938112, "(0.9258411083144419, 0.949612929538851)": 0.8161930441027339, "(0.949612929538851, 1.0)": 0.19498376549260782}, "pct": 1, "best_return": 2.326574952342182}, "ew_ma": {"trend": "ew_ma", "time_param": 175, "q_params": {"(0, 0.1872766438516284)": 0.9979208357191235, "(0.1872766438516284, 0.34028404438838544)": 0.9976617792411172, "(0.34028404438838544, 0.37162191146150886)": 0.9975211180105054, "(0.37162191146150886, 0.3909396687881158)": 0.9948107669353827, "(0.3909396687881158, 0.4168337912683571)": 0.9929481551651768, "(0.4168337912683571, 0.695404732739625)": 0.9844114109294237, "(0.695404732739625, 0.7304763378353079)": 0.9555898302964106, "(0.7304763378353079, 0.8077941128939338)": 0.9241008394620369, "(0.8077941128939338, 0.9846171430839852)": 0.8862473518440861, "(0.9846171430839852, 1.0)": 0.15631799153557038}, "pct": 0.9844114109294237, "best_return": 2.883147256877487}, "rel_minmax": {"time_param": 304, "trend": "rel_minmax", "q_params": {"(0, 0.007276445875477711)": 0.9960636776963634, "(0.007276445875477711, 0.03754049713061988)": 0.9626088046324255, "(0.03754049713061988, 0.2038080980420497)": 0.9594613212027091, "(0.2038080980420497, 0.3523115828407948)": 0.8261306279044258, "(0.3523115828407948, 0.4535418762582447)": 0.7692066062549274, "(0.4535418762582447, 0.5731827177285896)": 0.7524475716881959, "(0.5731827177285896, 0.6396142930743616)": 0.47272922705529685, "(0.6396142930743616, 0.7945690399093498)": 0.4004988189150303, "(0.7945690399093498, 0.9572426050297684)": 0.3122740152393609, "(0.9572426050297684, 1)": 0.2141187082742967}, "pct": 0.2141187082742967, "best_return": 2.979958729660708}, "ew_rel_minmax": {"time_param": 363, "trend": "ew_rel_minmax", "q_params": {"(0, 0.272262379913742)": 0.9871105168307241, "(0.272262379913742, 0.2738850861158373)": 0.9768600522731464, "(0.2738850861158373, 0.4029421118497931)": 0.8759938010008328, "(0.4029421118497931, 0.5458904948696435)": 0.6847470649242611, "(0.5458904948696435, 0.574222138225782)": 0.5640303702074376, "(0.574222138225782, 0.8029757749815865)": 0.43824015013409134, "(0.8029757749815865, 0.8502141012976263)": 0.27884028148029444, "(0.8502141012976263, 0.8644198902340521)": 0.061263447745105615, "(0.8644198902340521, 0.9264785299434672)": 0.020759203752917076, "(0.9264785299434672, 1)": 0.016597786335479703}, "pct": 0.016597786335479703, "best_return": 3.7128125779983874}}