{"ma": {"trend": "ma", "time_param": 347, "q_params": {"(0, 0.07978162969000588)": 0.9994916256885538, "(0.07978162969000588, 0.2797216355939033)": 0.9994680071856208, "(0.2797216355939033, 0.3675636461625176)": 0.9994602982642663, "(0.3675636461625176, 0.6308300730219304)": 0.999438040230653, "(0.6308300730219304, 0.632415572924555)": 0.9990292072887338, "(0.632415572924555, 0.6711002365295073)": 0.9946174434647993, "(0.6711002365295073, 0.8690284391200924)": 0.9941725006811384, "(0.8690284391200924, 0.9171386143276657)": 0.9935390131265398, "(0.9171386143276657, 0.9233366806064409)": 0.8112088962748271, "(0.9233366806064409, 1.0)": 0.01310818639009428}, "pct": 0.999438040230653, "best_return": 24.36944941702916}, "ew_ma": {"trend": "ew_ma", "time_param": 347, "q_params": {"(0, 0.11143352968529456)": 0.9999376135806559, "(0.11143352968529456, 0.2012755183775324)": 0.9991572979120785, "(0.2012755183775324, 0.2877077161849057)": 0.9963790369168396, "(0.2877077161849057, 0.4768355742046383)": 0.9963766410199444, "(0.4768355742046383, 0.6047586281831476)": 0.9963298088835923, "(0.6047586281831476, 0.6583026347668639)": 0.9962550122368199, "(0.6583026347668639, 0.663119986350217)": 0.9951391087604192, "(0.663119986350217, 0.9387274296670289)": 0.9934941083306406, "(0.9387274296670289, 0.9673465501595349)": 0.4037461959993913, "(0.9673465501595349, 1.0)": 0.013017281387922337}, "pct": 0.9934941083306406, "best_return": 25.607798770876087}, "rel_minmax": {"trend": "rel_minmax", "time_param": 347, "q_params": {"(0, 0.22660075007573763)": 0.9997769970129571, "(0.22660075007573763, 0.23995975878377646)": 0.9966195087473501, "(0.23995975878377646, 0.2983767382363031)": 0.9958278066542119, "(0.2983767382363031, 0.38859236338283404)": 0.9955741226711967, "(0.38859236338283404, 0.5675767633589347)": 0.9954939002492458, "(0.5675767633589347, 0.6133342050019671)": 0.9921801243846451, "(0.6133342050019671, 0.6419234423879142)": 0.9916698579664217, "(0.6419234423879142, 0.7792388592807217)": 0.985751060389698, "(0.7792388592807217, 0.9259889148690119)": 0.9777581717830024, "(0.9259889148690119, 1.0)": 0.01584949631428856}, "pct": 0.01584949631428856, "best_return": 24.547450786631437}, "ew_rel_minmax": {"trend": "ew_rel_minmax", "time_param": 347, "q_params": {"(0.0, 0.04085022265604686)": 0.9988963366416785, "(0.04085022265604686, 0.23250292572429784)": 0.998168758882512, "(0.23250292572429784, 0.33489078613884066)": 0.9974776558965397, "(0.33489078613884066, 0.4378479408410058)": 0.9961533974086165, "(0.4378479408410058, 0.5558020592788422)": 0.9952920445292122, "(0.5558020592788422, 0.596308400484352)": 0.9949923574982427, "(0.596308400484352, 0.7103882757721169)": 0.9930514454533923, "(0.7103882757721169, 0.7421561022607946)": 0.988110097034916, "(0.7421561022607946, 0.8010974659150069)": 0.9864090601351562, "(0.8010974659150069, 1.0)": 0.9862401946785778}, "pct": 1, "best_return": 22.48945615089397}}