{"ma": {"trend": "ma", "time_param": 347, "q_params": {"(0, 0.09740960895556988)": 0.999938242269428, "(0.09740960895556988, 0.27966076305741694)": 0.9999032923892129, "(0.27966076305741694, 0.3550263835537483)": 0.9994420155397225, "(0.3550263835537483, 0.6194897897965669)": 0.9971571611333322, "(0.6194897897965669, 0.6393099338101563)": 0.9951559169217573, "(0.6393099338101563, 0.6650780692077878)": 0.9950350409675739, "(0.6650780692077878, 0.873805510226714)": 0.9943204746050498, "(0.873805510226714, 0.8930398722697658)": 0.9935390131265398, "(0.8930398722697658, 0.9192903772062293)": 0.8425158163021205, "(0.9192903772062293, 1.0)": 0.007917727798363208}, "pct": 0.9971571611333322, "best_return": 23.363277131441126}, "ew_ma": {"trend": "ew_ma", "time_param": 347, "q_params": {"(0, 0.1422839467765895)": 0.9999686600341919, "(0.1422839467765895, 0.2030057819968201)": 0.9991807001325751, "(0.2030057819968201, 0.2936179692351339)": 0.9973344162466027, "(0.2936179692351339, 0.4665087024863467)": 0.9963498698218144, "(0.4665087024863467, 0.6047586281831476)": 0.9963224366574758, "(0.6047586281831476, 0.638953825842424)": 0.9941626023176888, "(0.638953825842424, 0.664179809783059)": 0.9932873831978148, "(0.664179809783059, 0.9387274296670289)": 0.993172827681495, "(0.9387274296670289, 0.9713559021846664)": 0.39715424150703327, "(0.9713559021846664, 1.0)": 0.054658787020020215}, "pct": 0.993172827681495, "best_return": 24.84307761890076}, "rel_minmax": {"trend": "rel_minmax", "time_param": 347, "q_params": {"(0, 0.22577544195793764)": 0.9998516138454139, "(0.22577544195793764, 0.258559209910203)": 0.9985445404648423, "(0.258559209910203, 0.2937433036163491)": 0.9955720739056974, "(0.2937433036163491, 0.4058820945685236)": 0.9955275761041571, "(0.4058820945685236, 0.5600710475510108)": 0.9954951552365517, "(0.5600710475510108, 0.6133342050019671)": 0.9951907762900694, "(0.6133342050019671, 0.6612587161535186)": 0.9921483520235169, "(0.6612587161535186, 0.8149148267228253)": 0.9912353687513833, "(0.8149148267228253, 0.9313593912139582)": 0.9903316040303426, "(0.9313593912139582, 1.0)": 0.024322026596449886}, "pct": 0.024322026596449886, "best_return": 26.4274906275337}, "ew_rel_minmax": {"trend": "ew_rel_minmax", "time_param": 347, "q_params": {"(0.0, 0.03674814510722433)": 1.0, "(0.03674814510722433, 0.2366652368904202)": 0.9985777924970614, "(0.2366652368904202, 0.3160816128996705)": 0.9973762354650236, "(0.3160816128996705, 0.334470543369479)": 0.9972412227332343, "(0.334470543369479, 0.5676157882149688)": 0.99670544661625, "(0.5676157882149688, 0.6100261727266945)": 0.9951661934151043, "(0.6100261727266945, 0.7082525264099918)": 0.9948009400499893, "(0.7082525264099918, 0.7421561022607946)": 0.988110097034916, "(0.7421561022607946, 0.8119265512608901)": 0.9843714607045061, "(0.8119265512608901, 1.0)": 0.9770389570832315}, "pct": 1, "best_return": 22.577340698995464}}