{"ma": {"trend": "ma", "time_param": 347, "q_params": {"(0, 0.09313373137283454)": 0.9994916256885538, "(0.09313373137283454, 0.2793673648111042)": 0.9994808031485325, "(0.2793673648111042, 0.3707836142102794)": 0.9994420155397225, "(0.3707836142102794, 0.6171970601108662)": 0.999438040230653, "(0.6171970601108662, 0.6477583171392508)": 0.9990292072887338, "(0.6477583171392508, 0.6711002365295073)": 0.9955650696390628, "(0.6711002365295073, 0.8690284391200924)": 0.9941725006811384, "(0.8690284391200924, 0.8930398722697658)": 0.9935390131265398, "(0.8930398722697658, 0.9233366806064409)": 0.8112088962748271, "(0.9233366806064409, 1.0)": 0.016885782085993617}, "pct": 0.999438040230653, "best_return": 24.749183846011302}, "ew_ma": {"trend": "ew_ma", "time_param": 347, "q_params": {"(0, 0.1031512234004547)": 0.9995583434338744, "(0.1031512234004547, 0.20205217117059268)": 0.9976281713424247, "(0.20205217117059268, 0.2877077161849057)": 0.9963790369168396, "(0.2877077161849057, 0.4758699272777827)": 0.9963766410199444, "(0.4758699272777827, 0.6047586281831476)": 0.9963224366574758, "(0.6047586281831476, 0.6439815780295198)": 0.9962550122368199, "(0.6439815780295198, 0.6856479152801042)": 0.9951391087604192, "(0.6856479152801042, 0.9387274296670289)": 0.9934941083306406, "(0.9387274296670289, 0.9689082941134838)": 0.39715424150703327, "(0.9689082941134838, 1.0)": 0.02863560554853304}, "pct": 0.9934941083306406, "best_return": 26.816775234135115}, "rel_minmax": {"trend": "rel_minmax", "time_param": 347, "q_params": {"(0, 0.2323047489804309)": 0.9997674953676797, "(0.2323047489804309, 0.23995975878377646)": 0.9966195087473501, "(0.23995975878377646, 0.2952808943845893)": 0.9965238668912276, "(0.2952808943845893, 0.41057004843680295)": 0.9956688404712237, "(0.41057004843680295, 0.5675767633589347)": 0.9954939002492458, "(0.5675767633589347, 0.6133342050019671)": 0.9928386737244678, "(0.6133342050019671, 0.6440599846439816)": 0.9916698579664217, "(0.6440599846439816, 0.7966751300467941)": 0.9783955720604552, "(0.7966751300467941, 0.9259889148690119)": 0.9777581717830024, "(0.9259889148690119, 1.0)": 0.020296878917790712}, "pct": 0.020296878917790712, "best_return": 25.282784353278384}, "ew_rel_minmax": {"trend": "ew_rel_minmax", "time_param": 347, "q_params": {"(0, 0.04085022265604686)": 0.9988963366416785, "(0.04085022265604686, 0.23250292572429784)": 0.998168758882512, "(0.23250292572429784, 0.33489078613884066)": 0.9974776558965397, "(0.33489078613884066, 0.4378479408410058)": 0.9961533974086165, "(0.4378479408410058, 0.5558020592788422)": 0.9952920445292122, "(0.5558020592788422, 0.596308400484352)": 0.9949923574982427, "(0.596308400484352, 0.7103882757721169)": 0.9930514454533923, "(0.7103882757721169, 0.7421561022607946)": 0.988110097034916, "(0.7421561022607946, 0.8010974659150069)": 0.9864090601351562, "(0.8010974659150069, 1.0)": 0.9862401946785778}, "pct": 0.9862401946785778, "best_return": 22.288085911269235}}