{"ma": {"trend": "ma", "time_param": 347, "q_params": {"(0, 0.026671657468543573)": 0.9999574197268549, "(0.026671657468543573, 0.17666683717279205)": 0.999489677257986, "(0.17666683717279205, 0.3552610515606921)": 0.999465200359605, "(0.3552610515606921, 0.6129707885154659)": 0.999438040230653, "(0.6129707885154659, 0.6350141072286676)": 0.9976500173311679, "(0.6350141072286676, 0.6776925637844804)": 0.9946174434647993, "(0.6776925637844804, 0.8693353239564482)": 0.9943593454196701, "(0.8693353239564482, 0.9215659648466714)": 0.9935390131265398, "(0.9215659648466714, 0.9246242651457823)": 0.9485869463618379, "(0.9246242651457823, 1.0)": 0.01310818639009428}, "pct": 0.9976500173311679, "best_return": 27.61031961997251}, "ew_ma": {"trend": "ew_ma", "time_param": 347, "q_params": {"(0, 0.11286151636865821)": 0.9999376135806559, "(0.11286151636865821, 0.20509979622080687)": 0.9991572979120785, "(0.20509979622080687, 0.2680147181514632)": 0.9963790369168396, "(0.2680147181514632, 0.46128382168256166)": 0.9963378657578635, "(0.46128382168256166, 0.6143470496810096)": 0.9963361835152859, "(0.6143470496810096, 0.6581352495541203)": 0.9960896941108931, "(0.6581352495541203, 0.716766595139811)": 0.9953868926690004, "(0.716766595139811, 0.9370769760663733)": 0.9934941083306406, "(0.9370769760663733, 0.9709760530800265)": 0.4045636429155261, "(0.9709760530800265, 1.0)": 0.006750004896606822}, "pct": 0.9934941083306406, "best_return": 30.579815786089505}, "rel_minmax": {"trend": "rel_minmax", "time_param": 347, "q_params": {"(0, 0.2239239107205818)": 0.9994095996350628, "(0.2239239107205818, 0.23425910741445544)": 0.996741177748015, "(0.23425910741445544, 0.2896752386017672)": 0.9960212799752309, "(0.2896752386017672, 0.3326036680342756)": 0.9957960785331857, "(0.3326036680342756, 0.5692951636542208)": 0.9954939002492458, "(0.5692951636542208, 0.6372626380074117)": 0.9916935425647817, "(0.6372626380074117, 0.6382092715673884)": 0.987716689545741, "(0.6382092715673884, 0.7792388592807217)": 0.9869482086927972, "(0.7792388592807217, 0.9344882460765005)": 0.9777581717830024, "(0.9344882460765005, 1.0)": 0.049226225001341786}, "pct": 0.049226225001341786, "best_return": 23.49727321014906}, "ew_rel_minmax": {"trend": "ew_rel_minmax", "time_param": 347, "q_params": {"(0, 0.04085022265604686)": 0.9988963366416785, "(0.04085022265604686, 0.2340544157774406)": 0.998168758882512, "(0.2340544157774406, 0.3504277326817925)": 0.9968612315518468, "(0.3504277326817925, 0.44859114627129354)": 0.9965297623116478, "(0.44859114627129354, 0.5558020592788422)": 0.9964992018916422, "(0.5558020592788422, 0.596308400484352)": 0.994932232483389, "(0.596308400484352, 0.7103882757721169)": 0.9946204365039263, "(0.7103882757721169, 0.7325984425170342)": 0.9929500967782424, "(0.7325984425170342, 0.9843072789302552)": 0.9864090601351562, "(0.9843072789302552, 1.0)": 0.9862401946785778}, "pct": 0.9862401946785778, "best_return": 24.59702838841954}}