{"ma": {"trend": "ma", "time_param": 347, "q_params": {"(0, 0.19693971579051067)": 1.0, "(0.19693971579051067, 0.20860501345309007)": 0.9999032923892129, "(0.20860501345309007, 0.4109660190946709)": 0.9972889612053649, "(0.4109660190946709, 0.6289029435450149)": 0.9972705032095419, "(0.6289029435450149, 0.6581020984917987)": 0.9944245349605162, "(0.6581020984917987, 0.6650780692077878)": 0.9944230073256626, "(0.6650780692077878, 0.8683984821728843)": 0.9943163510727049, "(0.8683984821728843, 0.8937645360851774)": 0.9935390131265398, "(0.8937645360851774, 0.9221368901735801)": 0.8680631686381433, "(0.9221368901735801, 1.0)": 0.011050236792790201}, "pct": 0.9972705032095419, "best_return": 22.596543428841663}, "ew_ma": {"trend": "ew_ma", "time_param": 347, "q_params": {"(0, 0.20837374595855157)": 1.0, "(0.20837374595855157, 0.22071269557543552)": 0.9999561000464391, "(0.22071269557543552, 0.22604088291050436)": 0.9965995139402161, "(0.22604088291050436, 0.45997382214373306)": 0.9965765918251775, "(0.45997382214373306, 0.6125743682069119)": 0.9965760573726459, "(0.6125743682069119, 0.6407501147231937)": 0.9965695595933698, "(0.6407501147231937, 0.6538373489548849)": 0.996204222129919, "(0.6538373489548849, 0.9520521079490185)": 0.9961839156982885, "(0.9520521079490185, 0.9580034600455604)": 0.9926297738414401, "(0.9580034600455604, 1.0)": 0.004406525160684818}, "pct": 0.9961839156982885, "best_return": 30.676099566025513}, "rel_minmax": {"trend": "rel_minmax", "time_param": 347, "q_params": {"(0, 0.23312198118658672)": 1.0, "(0.23312198118658672, 0.23362241347206697)": 0.9962187653309594, "(0.23362241347206697, 0.2353762382497348)": 0.9956879385110505, "(0.2353762382497348, 0.36212125436517917)": 0.9954425049953074, "(0.36212125436517917, 0.5315074633018143)": 0.9954225462176166, "(0.5315074633018143, 0.6116891754490332)": 0.9954090035908729, "(0.6116891754490332, 0.6512163623972602)": 0.9954003406315538, "(0.6512163623972602, 0.7986914910084405)": 0.99423807689014, "(0.7986914910084405, 0.938071871092068)": 0.9932861160656734, "(0.938071871092068, 1.0)": 0.017401134346425148}, "pct": 0.017401134346425148, "best_return": 26.75626679248745}, "ew_rel_minmax": {"trend": "ew_rel_minmax", "time_param": 347, "q_params": {"(0.0, 0.23443537167376544)": 1.0, "(0.23443537167376544, 0.2366652368904202)": 0.999956711470821, "(0.2366652368904202, 0.3229983186816299)": 0.9971005219282918, "(0.3229983186816299, 0.334470543369479)": 0.997016321723635, "(0.334470543369479, 0.5724668125500277)": 0.9968466302067709, "(0.5724668125500277, 0.6100261727266945)": 0.9950035109698991, "(0.6100261727266945, 0.7346075260020982)": 0.9949309609486789, "(0.7346075260020982, 0.7421561022607946)": 0.9916329143145614, "(0.7421561022607946, 0.8525847103827803)": 0.9910426985509793, "(0.8525847103827803, 1.0)": 0.9910359161258742}, "pct": 0.9910359161258742, "best_return": 20.289454136256673}}