{"ma": {"trend": "ma", "time_param": 347, "q_params": {"(0, 0.14006114833790967)": 0.9999253217559686, "(0.14006114833790967, 0.311409562293258)": 0.9999032923892129, "(0.311409562293258, 0.3550263835537483)": 0.9994420155397225, "(0.3550263835537483, 0.6267752261568421)": 0.9971571611333322, "(0.6267752261568421, 0.6393099338101563)": 0.9957316929396612, "(0.6393099338101563, 0.6650780692077878)": 0.9950350409675739, "(0.6650780692077878, 0.873805510226714)": 0.9943204746050498, "(0.873805510226714, 0.8834521729629788)": 0.9935390131265398, "(0.8834521729629788, 0.9192903772062293)": 0.8425158163021205, "(0.9192903772062293, 1.0)": 0.007917727798363208}, "pct": 0.9971571611333322, "best_return": 21.35720125610647}, "ew_ma": {"trend": "ew_ma", "time_param": 347, "q_params": {"(0, 0.1539754149532498)": 0.9999686600341919, "(0.1539754149532498, 0.2030057819968201)": 0.9991807001325751, "(0.2030057819968201, 0.2936179692351339)": 0.9985946911206481, "(0.2936179692351339, 0.45997382214373306)": 0.9965918423213035, "(0.45997382214373306, 0.6047586281831476)": 0.9963224366574758, "(0.6047586281831476, 0.638953825842424)": 0.9934475811555926, "(0.638953825842424, 0.6538373489548849)": 0.9932931201959492, "(0.6538373489548849, 0.9387274296670289)": 0.993172827681495, "(0.9387274296670289, 0.9840097983560219)": 0.39715424150703327, "(0.9840097983560219, 1.0)": 0.053906662051301624}, "pct": 0.993172827681495, "best_return": 23.81692777389741}, "rel_minmax": {"trend": "rel_minmax", "time_param": 347, "q_params": {"(0, 0.22577544195793764)": 0.9998516138454139, "(0.22577544195793764, 0.25618007044529273)": 0.9988439567732958, "(0.25618007044529273, 0.29531073736666746)": 0.9955720739056974, "(0.29531073736666746, 0.4058820945685236)": 0.9955268577476082, "(0.4058820945685236, 0.5570409477393382)": 0.9954353264987361, "(0.5570409477393382, 0.6133342050019671)": 0.9951907762900694, "(0.6133342050019671, 0.660473559066499)": 0.9947562889972738, "(0.660473559066499, 0.7931452802339458)": 0.9913190277121585, "(0.7931452802339458, 0.9313593912139582)": 0.9903316040303426, "(0.9313593912139582, 1.0)": 0.008682634889647186}, "pct": 0.008682634889647186, "best_return": 26.304583801116312}, "ew_rel_minmax": {"trend": "ew_rel_minmax", "time_param": 347, "q_params": {"(0, 0.03674814510722433)": 1.0, "(0.03674814510722433, 0.2366652368904202)": 0.9985777924970614, "(0.2366652368904202, 0.3160816128996705)": 0.9973762354650236, "(0.3160816128996705, 0.334470543369479)": 0.9972412227332343, "(0.334470543369479, 0.5676157882149688)": 0.99670544661625, "(0.5676157882149688, 0.6100261727266945)": 0.9951661934151043, "(0.6100261727266945, 0.7082525264099918)": 0.9948009400499893, "(0.7082525264099918, 0.7421561022607946)": 0.988110097034916, "(0.7421561022607946, 0.8119265512608901)": 0.9843714607045061, "(0.8119265512608901, 1.0)": 0.9770389570832315}, "pct": 0.9770389570832315, "best_return": 21.23506802361363}}