{"ma": {"trend": "ma", "time_param": 347, "q_params": {"(0, 0.18439886516085308)": 0.9999813150672542, "(0.18439886516085308, 0.31752869383726257)": 0.9999032923892129, "(0.31752869383726257, 0.400889169349464)": 0.9991602328417554, "(0.400889169349464, 0.6289029435450149)": 0.9984893056121077, "(0.6289029435450149, 0.6329796971117894)": 0.995165904369286, "(0.6329796971117894, 0.6650780692077878)": 0.9945824803977263, "(0.6650780692077878, 0.8650484747916558)": 0.9943204746050498, "(0.8650484747916558, 0.8937645360851774)": 0.9935390131265398, "(0.8937645360851774, 0.9221368901735801)": 0.8680631686381433, "(0.9221368901735801, 1.0)": 0.011050236792790201}, "pct": 0.9984893056121077, "best_return": 23.588185752463644}, "ew_ma": {"trend": "ew_ma", "time_param": 347, "q_params": {"(0, 0.13541634021475432)": 0.9993095317263597, "(0.13541634021475432, 0.22191302535912)": 0.9978511951241789, "(0.22191302535912, 0.22604088291050436)": 0.9969844644333763, "(0.22604088291050436, 0.45997382214373306)": 0.9965918423213035, "(0.45997382214373306, 0.6125743682069119)": 0.9965760573726459, "(0.6125743682069119, 0.6525396947010271)": 0.9962242754972241, "(0.6525396947010271, 0.6538373489548849)": 0.996194754546725, "(0.6538373489548849, 0.9427657373281193)": 0.993172827681495, "(0.9427657373281193, 0.9580034600455604)": 0.9926297738414401, "(0.9580034600455604, 1.0)": 0.004406525160684818}, "pct": 0.993172827681495, "best_return": 32.72708090728775}, "rel_minmax": {"trend": "rel_minmax", "time_param": 347, "q_params": {"(0, 0.23312198118658672)": 1.0, "(0.23312198118658672, 0.2347882035949922)": 0.9978398054713392, "(0.2347882035949922, 0.2716899668132658)": 0.9955720739056974, "(0.2716899668132658, 0.36212125436517917)": 0.9954425049953074, "(0.36212125436517917, 0.5315074633018143)": 0.9954225462176166, "(0.5315074633018143, 0.6116891754490332)": 0.9954109012575045, "(0.6116891754490332, 0.6432644607337005)": 0.9943835909742648, "(0.6432644607337005, 0.7994523619395668)": 0.992435097135983, "(0.7994523619395668, 0.9313593912139582)": 0.9856334635078277, "(0.9313593912139582, 1.0)": 0.008682634889647186}, "pct": 0.008682634889647186, "best_return": 23.20275566147455}, "ew_rel_minmax": {"trend": "ew_rel_minmax", "time_param": 347, "q_params": {"(0.0, 0.23443537167376544)": 1.0, "(0.23443537167376544, 0.2366652368904202)": 0.999956711470821, "(0.2366652368904202, 0.3229983186816299)": 0.9971005219282918, "(0.3229983186816299, 0.334470543369479)": 0.997016321723635, "(0.334470543369479, 0.5724668125500277)": 0.9968466302067709, "(0.5724668125500277, 0.6100261727266945)": 0.9950035109698991, "(0.6100261727266945, 0.7346075260020982)": 0.9949309609486789, "(0.7346075260020982, 0.7421561022607946)": 0.9916329143145614, "(0.7421561022607946, 0.8525847103827803)": 0.9910426985509793, "(0.8525847103827803, 1.0)": 0.9910359161258742}, "pct": 1, "best_return": 21.15286907221966}}