{"ma": {"trend": "ma", "time_param": 347, "q_params": {"(0, 0.07978162969000588)": 0.9994916256885538, "(0.07978162969000588, 0.2749478171207955)": 0.9994751588913784, "(0.2749478171207955, 0.3552610515606921)": 0.9994602982642663, "(0.3552610515606921, 0.6128877260320532)": 0.999438040230653, "(0.6128877260320532, 0.6350141072286676)": 0.9991532668676206, "(0.6350141072286676, 0.6711002365295073)": 0.9946174434647993, "(0.6711002365295073, 0.8690284391200924)": 0.9943593454196701, "(0.8690284391200924, 0.9145924428835244)": 0.9935390131265398, "(0.9145924428835244, 0.9256598075752763)": 0.822980611031135, "(0.9256598075752763, 1.0)": 0.01310818639009428}, "pct": 0.999438040230653, "best_return": 23.04762338373824}, "ew_ma": {"trend": "ew_ma", "time_param": 347, "q_params": {"(0, 0.11143352968529456)": 0.9999376135806559, "(0.11143352968529456, 0.20491502497545544)": 0.9991572979120785, "(0.20491502497545544, 0.2680147181514632)": 0.9963790369168396, "(0.2680147181514632, 0.46402611331618143)": 0.9963457535095571, "(0.46402611331618143, 0.6047586281831476)": 0.9963298088835923, "(0.6047586281831476, 0.6581352495541203)": 0.9960896941108931, "(0.6581352495541203, 0.7839168924047724)": 0.9951391087604192, "(0.7839168924047724, 0.9366951157106251)": 0.9934941083306406, "(0.9366951157106251, 0.9709760530800265)": 0.4045636429155261, "(0.9709760530800265, 1.0)": 0.006750004896606822}, "pct": 0.9951391087604192, "best_return": 23.89115579941618}, "rel_minmax": {"trend": "rel_minmax", "time_param": 347, "q_params": {"(0, 0.2239239107205818)": 0.9997769970129571, "(0.2239239107205818, 0.23425910741445544)": 0.9964380515545244, "(0.23425910741445544, 0.2983767382363031)": 0.9958278066542119, "(0.2983767382363031, 0.38859236338283404)": 0.9957960785331857, "(0.38859236338283404, 0.5692951636542208)": 0.9954939002492458, "(0.5692951636542208, 0.6034707824080154)": 0.9916935425647817, "(0.6034707824080154, 0.6343992821267079)": 0.9916698579664217, "(0.6343992821267079, 0.7792388592807217)": 0.985751060389698, "(0.7792388592807217, 0.9153065140746512)": 0.9777581717830024, "(0.9153065140746512, 1.0)": 0.01584949631428856}, "pct": 0.01584949631428856, "best_return": 22.24471947700828}, "ew_rel_minmax": {"trend": "ew_rel_minmax", "time_param": 347, "q_params": {"(0.0, 0.04085022265604686)": 0.9988963366416785, "(0.04085022265604686, 0.23250292572429784)": 0.998168758882512, "(0.23250292572429784, 0.3504277326817925)": 0.9974776558965397, "(0.3504277326817925, 0.4378479408410058)": 0.9961533974086165, "(0.4378479408410058, 0.5558020592788422)": 0.9952920445292122, "(0.5558020592788422, 0.596308400484352)": 0.9942567215961198, "(0.596308400484352, 0.7103882757721169)": 0.9938885861776439, "(0.7103882757721169, 0.7325984425170342)": 0.9916034505624922, "(0.7325984425170342, 0.7967715525416836)": 0.9864090601351562, "(0.7967715525416836, 1.0)": 0.9862401946785778}, "pct": 1, "best_return": 20.436353076793118}}