{"ma": {"trend": "ma", "time_param": 347, "q_params": {"(0, 0.029037917523291438)": 0.9996402960681005, "(0.029037917523291438, 0.17666683717279205)": 0.9995433076518556, "(0.17666683717279205, 0.20452697053463514)": 0.9994669617097846, "(0.20452697053463514, 0.6070336085398015)": 0.999438040230653, "(0.6070336085398015, 0.6350141072286676)": 0.9976500173311679, "(0.6350141072286676, 0.6776925637844804)": 0.9946174434647993, "(0.6776925637844804, 0.8571552494814103)": 0.9944931626115687, "(0.8571552494814103, 0.9243454987712248)": 0.9935390131265398, "(0.9243454987712248, 0.9246242651457823)": 0.9485869463618379, "(0.9246242651457823, 1.0)": 0.0023464534425032494}, "pct": 0.999438040230653, "best_return": 22.022301105885045}, "ew_ma": {"trend": "ew_ma", "time_param": 347, "q_params": {"(0, 0.2039582919412662)": 0.9999523247642584, "(0.2039582919412662, 0.2129545119620835)": 0.9991572979120785, "(0.2129545119620835, 0.4550753698047997)": 0.9963790369168396, "(0.4550753698047997, 0.46128382168256166)": 0.9963378657578635, "(0.46128382168256166, 0.4665088480652717)": 0.9963361835152859, "(0.4665088480652717, 0.8084148786539449)": 0.9961870249061556, "(0.8084148786539449, 0.8925323173060592)": 0.995418519599439, "(0.8925323173060592, 0.9702594909242294)": 0.9934941083306406, "(0.9702594909242294, 0.979831846508404)": 0.6259920141037073, "(0.979831846508404, 1.0)": 0.006750004896606822}, "pct": 0.9961870249061556, "best_return": 25.456228697681002}, "rel_minmax": {"trend": "rel_minmax", "time_param": 347, "q_params": {"(0, 0.2239239107205818)": 0.9997059760520582, "(0.2239239107205818, 0.22820652058275856)": 0.996741177748015, "(0.22820652058275856, 0.31407280993236314)": 0.9963017825823424, "(0.31407280993236314, 0.3326036680342756)": 0.9957960785331857, "(0.3326036680342756, 0.735993349208908)": 0.9952717931579724, "(0.735993349208908, 0.7676439605797389)": 0.9928407668139693, "(0.7676439605797389, 0.7996581138628587)": 0.987716689545741, "(0.7996581138628587, 0.9129353224208014)": 0.9870438087029093, "(0.9129353224208014, 0.9344882460765005)": 0.9777581717830024, "(0.9344882460765005, 1.0)": 0.049226225001341786}, "pct": 0.049226225001341786, "best_return": 21.445897054461923}, "ew_rel_minmax": {"trend": "ew_rel_minmax", "time_param": 347, "q_params": {"(0.0, 0.04085022265604686)": 0.9988963366416785, "(0.04085022265604686, 0.2340544157774406)": 0.998168758882512, "(0.2340544157774406, 0.3504277326817925)": 0.9968612315518468, "(0.3504277326817925, 0.44859114627129354)": 0.9965297623116478, "(0.44859114627129354, 0.5558020592788422)": 0.9964992018916422, "(0.5558020592788422, 0.596308400484352)": 0.994932232483389, "(0.596308400484352, 0.7103882757721169)": 0.9946204365039263, "(0.7103882757721169, 0.7325984425170342)": 0.9929500967782424, "(0.7325984425170342, 0.9843072789302552)": 0.9864090601351562, "(0.9843072789302552, 1.0)": 0.9862401946785778}, "pct": 1, "best_return": 18.067876257443064}}