{"ma": {"trend": "ma", "time_param": 347, "q_params": {"(0, 0.18141348350115072)": 1.0, "(0.18141348350115072, 0.20860501345309007)": 0.9982134545182917, "(0.20860501345309007, 0.41430871805863045)": 0.9972889612053649, "(0.41430871805863045, 0.6280896419132889)": 0.9972705032095419, "(0.6280896419132889, 0.6540947796484304)": 0.9944245349605162, "(0.6540947796484304, 0.6743933513306172)": 0.9941313896446285, "(0.6743933513306172, 0.8683984821728843)": 0.9941091815491274, "(0.8683984821728843, 0.8883169082899586)": 0.9935390131265398, "(0.8883169082899586, 0.9221368901735801)": 0.9283081404316792, "(0.9221368901735801, 1.0)": 0.011050236792790201}, "pct": 0.9972705032095419, "best_return": 21.704643855589204}, "ew_ma": {"trend": "ew_ma", "time_param": 347, "q_params": {"(0, 0.20837374595855157)": 1.0, "(0.20837374595855157, 0.22071269557543552)": 0.9999561000464391, "(0.22071269557543552, 0.22906594122045384)": 0.9965995139402161, "(0.22906594122045384, 0.45997382214373306)": 0.9965765918251775, "(0.45997382214373306, 0.5878065107606448)": 0.9965746594360131, "(0.5878065107606448, 0.6118782686004313)": 0.9965695595933698, "(0.6118782686004313, 0.6683286850519057)": 0.9964905692786746, "(0.6683286850519057, 0.8936289359181507)": 0.9961839156982885, "(0.8936289359181507, 0.9616538149905615)": 0.9926297738414401, "(0.9616538149905615, 1.0)": 0.004406525160684818}, "pct": 0.9961839156982885, "best_return": 26.125875841634866}, "rel_minmax": {"trend": "rel_minmax", "time_param": 347, "q_params": {"(0, 0.232447246407046)": 1.0, "(0.232447246407046, 0.23593096738495983)": 0.9999056953032595, "(0.23593096738495983, 0.23800541304884493)": 0.9961592461754505, "(0.23800541304884493, 0.37060142574484795)": 0.995912689927815, "(0.37060142574484795, 0.4904483848580865)": 0.9954225462176166, "(0.4904483848580865, 0.5859609557637396)": 0.9954154162369464, "(0.5859609557637396, 0.6327898950443303)": 0.9954003406315538, "(0.6327898950443303, 0.7986914910084405)": 0.9944387297041838, "(0.7986914910084405, 0.959765021484298)": 0.9932861160656734, "(0.959765021484298, 1.0)": 0.062157909051195684}, "pct": 0.062157909051195684, "best_return": 22.90994432123957}, "ew_rel_minmax": {"trend": "ew_rel_minmax", "time_param": 347, "q_params": {"(0, 0.23443537167376544)": 1.0, "(0.23443537167376544, 0.23853640899037654)": 0.999956711470821, "(0.23853640899037654, 0.24221750126164596)": 0.9974706996846945, "(0.24221750126164596, 0.334470543369479)": 0.9964477666176959, "(0.334470543369479, 0.5724668125500277)": 0.9964326411799865, "(0.5724668125500277, 0.6100261727266945)": 0.9950035109698991, "(0.6100261727266945, 0.7445732661089595)": 0.9949309609486789, "(0.7445732661089595, 0.7472025572929392)": 0.9916329143145614, "(0.7472025572929392, 0.8525847103827803)": 0.9911384663984397, "(0.8525847103827803, 1.0)": 0.9910359161258742}, "pct": 0.9910359161258742, "best_return": 17.491232724028563}}