{"ma": {"trend": "ma", "time_param": 347, "q_params": {"(0, 0.09740960895556988)": 0.9999120493733027, "(0.09740960895556988, 0.2793673648111042)": 0.9999032923892129, "(0.2793673648111042, 0.3550263835537483)": 0.9994420155397225, "(0.3550263835537483, 0.6178914596586841)": 0.9971571611333322, "(0.6178914596586841, 0.6477583171392508)": 0.9958824940590291, "(0.6477583171392508, 0.670376858120161)": 0.9950350409675739, "(0.670376858120161, 0.8729358477007777)": 0.9943204746050498, "(0.8729358477007777, 0.8930398722697658)": 0.9935390131265398, "(0.8930398722697658, 0.9192903772062293)": 0.8219004886540073, "(0.9192903772062293, 1.0)": 0.016885782085993617}, "pct": 0.9971571611333322, "best_return": 23.795063826799733}, "ew_ma": {"trend": "ew_ma", "time_param": 347, "q_params": {"(0, 0.11636385788629594)": 0.9999686600341919, "(0.11636385788629594, 0.20205217117059268)": 0.9991807001325751, "(0.20205217117059268, 0.2877077161849057)": 0.9963790369168396, "(0.2877077161849057, 0.4665087024863467)": 0.9963336344732595, "(0.4665087024863467, 0.6047586281831476)": 0.9963224366574758, "(0.6047586281831476, 0.6439815780295198)": 0.9956048923234363, "(0.6439815780295198, 0.674601031526269)": 0.9936219087765321, "(0.674601031526269, 0.9387274296670289)": 0.993172827681495, "(0.9387274296670289, 0.9713559021846664)": 0.39715424150703327, "(0.9713559021846664, 1.0)": 0.05784705078461187}, "pct": 0.993172827681495, "best_return": 25.60345622678425}, "rel_minmax": {"trend": "rel_minmax", "time_param": 347, "q_params": {"(0, 0.2224546599935994)": 0.9995379793025458, "(0.2224546599935994, 0.258559209910203)": 0.9990337355437565, "(0.258559209910203, 0.29846829341212144)": 0.9965238668912276, "(0.29846829341212144, 0.4058820945685236)": 0.9959771966569901, "(0.4058820945685236, 0.5675767633589347)": 0.9954939002492458, "(0.5675767633589347, 0.6133342050019671)": 0.9928386737244678, "(0.6133342050019671, 0.6448756948800863)": 0.9920062220723854, "(0.6448756948800863, 0.8037038726313653)": 0.9912353687513833, "(0.8037038726313653, 0.9313593912139582)": 0.9903316040303426, "(0.9313593912139582, 1.0)": 0.027746916707252087}, "pct": 0.027746916707252087, "best_return": 23.931048406554908}, "ew_rel_minmax": {"trend": "ew_rel_minmax", "time_param": 347, "q_params": {"(0, 0.04085022265604686)": 1.0, "(0.04085022265604686, 0.24175082194594194)": 0.9995712412598612, "(0.24175082194594194, 0.33489078613884066)": 0.9973762354650236, "(0.33489078613884066, 0.4429737528872379)": 0.9967952317910769, "(0.4429737528872379, 0.5676157882149688)": 0.99670544661625, "(0.5676157882149688, 0.6100261727266945)": 0.9951661934151043, "(0.6100261727266945, 0.7082525264099918)": 0.9930514454533923, "(0.7082525264099918, 0.7421561022607946)": 0.988110097034916, "(0.7421561022607946, 0.8119265512608901)": 0.9864090601351562, "(0.8119265512608901, 1.0)": 0.9841226922006862}, "pct": 0.9841226922006862, "best_return": 22.047006320153226}}