{"ma": {"trend": "ma", "time_param": 347, "q_params": {"(0, 0.14006114833790967)": 0.9999813150672542, "(0.14006114833790967, 0.30673711562468514)": 0.9999032923892129, "(0.30673711562468514, 0.37782660695225745)": 0.9991602328417554, "(0.37782660695225745, 0.6267752261568421)": 0.9984893056121077, "(0.6267752261568421, 0.6476493741721244)": 0.9974990541533455, "(0.6476493741721244, 0.6650780692077878)": 0.9950350409675739, "(0.6650780692077878, 0.8533601517236536)": 0.9943204746050498, "(0.8533601517236536, 0.8834521729629788)": 0.9935390131265398, "(0.8834521729629788, 0.9221368901735801)": 0.8582943664914715, "(0.9221368901735801, 1.0)": 0.015431998142581931}, "pct": 0.9984893056121077, "best_return": 22.450858218028948}, "ew_ma": {"trend": "ew_ma", "time_param": 347, "q_params": {"(0, 0.13541634021475432)": 0.9993095317263597, "(0.13541634021475432, 0.19300560762531818)": 0.9990972176776587, "(0.19300560762531818, 0.2641310531863773)": 0.9984107396383739, "(0.2641310531863773, 0.45997382214373306)": 0.9965918423213035, "(0.45997382214373306, 0.6047586281831476)": 0.9963224366574758, "(0.6047586281831476, 0.6525396947010271)": 0.9962242754972241, "(0.6525396947010271, 0.6538373489548849)": 0.9932931201959492, "(0.6538373489548849, 0.9427657373281193)": 0.993172827681495, "(0.9427657373281193, 0.9840097983560219)": 0.9905877342766578, "(0.9840097983560219, 1.0)": 0.03481529269904498}, "pct": 0.993172827681495, "best_return": 24.468424911698154}, "rel_minmax": {"trend": "rel_minmax", "time_param": 347, "q_params": {"(0, 0.22577544195793764)": 0.9998516138454139, "(0.22577544195793764, 0.2367497733371716)": 0.9978398054713392, "(0.2367497733371716, 0.29071511723098026)": 0.9955720739056974, "(0.29071511723098026, 0.36212125436517917)": 0.9955236106199573, "(0.36212125436517917, 0.555555235845785)": 0.9954467790697115, "(0.555555235845785, 0.6133342050019671)": 0.9954109012575045, "(0.6133342050019671, 0.660473559066499)": 0.9947562889972738, "(0.660473559066499, 0.7994523619395668)": 0.9941732581340883, "(0.7994523619395668, 0.9313593912139582)": 0.9903316040303426, "(0.9313593912139582, 1.0)": 0.008682634889647186}, "pct": 0.008682634889647186, "best_return": 24.144227862946888}, "ew_rel_minmax": {"trend": "ew_rel_minmax", "time_param": 347, "q_params": {"(0, 0.043295037123011956)": 1.0, "(0.043295037123011956, 0.2366652368904202)": 0.9971458423510406, "(0.2366652368904202, 0.3160816128996705)": 0.9971005219282918, "(0.3160816128996705, 0.334470543369479)": 0.9968620279238489, "(0.334470543369479, 0.5724668125500277)": 0.996688912146928, "(0.5724668125500277, 0.6100261727266945)": 0.996457601966846, "(0.6100261727266945, 0.7082525264099918)": 0.9948009400499893, "(0.7082525264099918, 0.7421561022607946)": 0.9926002641939105, "(0.7421561022607946, 0.8119265512608901)": 0.9910426985509793, "(0.8119265512608901, 1.0)": 0.9910359161258742}, "pct": 0.9910359161258742, "best_return": 20.894652430594842}}