{"ma": {"trend": "ma", "time_param": 347, "q_params": {"(0, 0.18141348350115072)": 1.0, "(0.18141348350115072, 0.20860501345309007)": 0.9999032923892129, "(0.20860501345309007, 0.41430871805863045)": 0.9972889612053649, "(0.41430871805863045, 0.6280896419132889)": 0.9972705032095419, "(0.6280896419132889, 0.6567500577283886)": 0.9944245349605162, "(0.6567500577283886, 0.673645771982898)": 0.994384227089607, "(0.673645771982898, 0.8683984821728843)": 0.9941091815491274, "(0.8683984821728843, 0.8883169082899586)": 0.9935390131265398, "(0.8883169082899586, 0.9221368901735801)": 0.9283081404316792, "(0.9221368901735801, 1.0)": 0.011050236792790201}, "pct": 0.9972705032095419, "best_return": 21.662620088572496}, "ew_ma": {"trend": "ew_ma", "time_param": 347, "q_params": {"(0, 0.20837374595855157)": 1.0, "(0.20837374595855157, 0.22071269557543552)": 0.9999561000464391, "(0.22071269557543552, 0.22906594122045384)": 0.9965995139402161, "(0.22906594122045384, 0.45997382214373306)": 0.9965765918251775, "(0.45997382214373306, 0.6186290409452339)": 0.9965746956292447, "(0.6186290409452339, 0.6407501147231937)": 0.9965695595933698, "(0.6407501147231937, 0.6683286850519057)": 0.9962366904853908, "(0.6683286850519057, 0.9520521079490185)": 0.9961839156982885, "(0.9520521079490185, 0.9616538149905615)": 0.9926297738414401, "(0.9616538149905615, 1.0)": 0.004406525160684818}, "pct": 0.9961839156982885, "best_return": 26.840036693443096}, "rel_minmax": {"trend": "rel_minmax", "time_param": 347, "q_params": {"(0, 0.23312198118658672)": 1.0, "(0.23312198118658672, 0.2351441719515034)": 0.9999056953032595, "(0.2351441719515034, 0.23800541304884493)": 0.9961592461754505, "(0.23800541304884493, 0.3434497636668633)": 0.99557616623816, "(0.3434497636668633, 0.4904483848580865)": 0.9954225462176166, "(0.4904483848580865, 0.5963317483717627)": 0.995421567725703, "(0.5963317483717627, 0.6512163623972602)": 0.9954003406315538, "(0.6512163623972602, 0.7986914910084405)": 0.9944387297041838, "(0.7986914910084405, 0.959765021484298)": 0.9932861160656734, "(0.959765021484298, 1.0)": 0.03193705935386254}, "pct": 0.03193705935386254, "best_return": 23.331452076894703}, "ew_rel_minmax": {"trend": "ew_rel_minmax", "time_param": 347, "q_params": {"(0, 0.23443537167376544)": 1.0, "(0.23443537167376544, 0.2366652368904202)": 0.999956711470821, "(0.2366652368904202, 0.3229983186816299)": 0.9971005219282918, "(0.3229983186816299, 0.334470543369479)": 0.997016321723635, "(0.334470543369479, 0.5724668125500277)": 0.9968466302067709, "(0.5724668125500277, 0.6100261727266945)": 0.9950035109698991, "(0.6100261727266945, 0.7434909670881775)": 0.9949309609486789, "(0.7434909670881775, 0.7472025572929392)": 0.9916329143145614, "(0.7472025572929392, 0.8525847103827803)": 0.9911384663984397, "(0.8525847103827803, 1.0)": 0.9910359161258742}, "pct": 0.9910359161258742, "best_return": 17.961373444537962}}