{"ma": {"trend": "ma", "time_param": 347, "q_params": {"(0, 0.18442860518664048)": 1.0, "(0.18442860518664048, 0.20860501345309007)": 0.9973863878550759, "(0.20860501345309007, 0.41430871805863045)": 0.9972889612053649, "(0.41430871805863045, 0.6212651154223561)": 0.9972705032095419, "(0.6212651154223561, 0.6392750934878952)": 0.9971221845963332, "(0.6392750934878952, 0.6645067189203805)": 0.9941612788365886, "(0.6645067189203805, 0.8450963038575412)": 0.9935875173750295, "(0.8450963038575412, 0.9110504251948417)": 0.9935390131265398, "(0.9110504251948417, 0.9221368901735801)": 0.9264129166476583, "(0.9221368901735801, 1.0)": 0.023772414390327117}, "pct": 0.9972705032095419, "best_return": 20.667007735315956}, "ew_ma": {"trend": "ew_ma", "time_param": 347, "q_params": {"(0, 0.20837374595855157)": 1.0, "(0.20837374595855157, 0.22071269557543552)": 0.9999561000464391, "(0.22071269557543552, 0.22906594122045384)": 0.9965995139402161, "(0.22906594122045384, 0.47254026763949636)": 0.9965765918251775, "(0.47254026763949636, 0.5878065107606448)": 0.9965746594360131, "(0.5878065107606448, 0.6118782686004313)": 0.9965469688631236, "(0.6118782686004313, 0.7055877233163729)": 0.9964905692786746, "(0.7055877233163729, 0.8936289359181507)": 0.9959658964806875, "(0.8936289359181507, 0.9616538149905615)": 0.9926297738414401, "(0.9616538149905615, 1.0)": 0.0054606125454776215}, "pct": 0.9959658964806875, "best_return": 27.38868968903137}, "rel_minmax": {"trend": "rel_minmax", "time_param": 347, "q_params": {"(0, 0.232447246407046)": 1.0, "(0.232447246407046, 0.23593096738495983)": 0.9999056953032595, "(0.23593096738495983, 0.23800541304884493)": 0.9970789508499623, "(0.23800541304884493, 0.37060142574484795)": 0.995912689927815, "(0.37060142574484795, 0.390869269906558)": 0.9954225462176166, "(0.390869269906558, 0.5605905486073506)": 0.9954147862552921, "(0.5605905486073506, 0.645065199937448)": 0.9952862320393908, "(0.645065199937448, 0.7986914910084405)": 0.9947691087541308, "(0.7986914910084405, 0.9683443221280874)": 0.9932861160656734, "(0.9683443221280874, 1.0)": 0.070160068547589}, "pct": 0.070160068547589, "best_return": 24.476497531616808}, "ew_rel_minmax": {"trend": "ew_rel_minmax", "time_param": 347, "q_params": {"(0, 0.23443537167376544)": 1.0, "(0.23443537167376544, 0.23853640899037654)": 0.999956711470821, "(0.23853640899037654, 0.24221750126164596)": 0.9974706996846945, "(0.24221750126164596, 0.334470543369479)": 0.9964477666176959, "(0.334470543369479, 0.5724668125500277)": 0.9964326411799865, "(0.5724668125500277, 0.6458216362394001)": 0.9950035109698991, "(0.6458216362394001, 0.7445732661089595)": 0.9949309609486789, "(0.7445732661089595, 0.7472025572929392)": 0.9927563181851614, "(0.7472025572929392, 0.8525847103827803)": 0.9911990716301592, "(0.8525847103827803, 1.0)": 0.9910359161258742}, "pct": 0.9910359161258742, "best_return": 18.35205577642641}}