{"ma": {"trend": "ma", "time_param": 1045, "q_params": {"(0, 0.15765114978620925)": 1.0, "(0.15765114978620925, 0.2506098984019712)": 0.9991385747185518, "(0.2506098984019712, 0.38389763924748027)": 0.9991374908768683, "(0.38389763924748027, 0.3952939206281105)": 0.9978285470641081, "(0.3952939206281105, 0.5735311468589624)": 0.9958893229507656, "(0.5735311468589624, 0.6000000000000001)": 0.9958811871238109, "(0.6000000000000001, 0.745136110458469)": 0.9957264917200829, "(0.745136110458469, 0.812847716403924)": 0.994952455626158, "(0.812847716403924, 0.9844395114468216)": 0.9935859638983745, "(0.9844395114468216, 1.0)": 0.5056732351167125}, "pct": 0.9991374908768683, "best_return": 87.07669434885948}, "ew_ma": {"trend": "ew_ma", "time_param": 1045, "q_params": {"(0, 0.24694296127608023)": 1.0, "(0.24694296127608023, 0.25405902162271526)": 0.9998376965696821, "(0.25405902162271526, 0.3181984438028904)": 0.9964932550304819, "(0.3181984438028904, 0.3797908049477151)": 0.9961195083043656, "(0.3797908049477151, 0.5199010967940852)": 0.9960983203036073, "(0.5199010967940852, 0.6953675463041683)": 0.9960107928034888, "(0.6953675463041683, 0.7107845511838167)": 0.9957675436925135, "(0.7107845511838167, 0.7166494567430036)": 0.995378741841596, "(0.7166494567430036, 0.9182676114985053)": 0.9948717280150858, "(0.9182676114985053, 1.0)": 0.7696804764349958}, "pct": 0.9960983203036073, "best_return": 88.41536640746008}, "rel_minmax": {"trend": "rel_minmax", "time_param": 1045, "q_params": {"(0, 0.253594532946659)": 1.0, "(0.253594532946659, 0.294530451220683)": 0.9988535356493217, "(0.294530451220683, 0.4314700541103349)": 0.9987152043437891, "(0.4314700541103349, 0.43753449881706363)": 0.9985776819134997, "(0.43753449881706363, 0.4926454221144208)": 0.9975252073487951, "(0.4926454221144208, 0.5505643995000838)": 0.9930489900177529, "(0.5505643995000838, 0.6630603799978427)": 0.9926058122112711, "(0.6630603799978427, 0.9191692521829329)": 0.9926012343113986, "(0.9191692521829329, 0.9627252186150725)": 0.9920279440699441, "(0.9627252186150725, 1.0)": 0.2514681301176674}, "pct": 0.9920279440699441, "best_return": 132.8849879561236}, "ew_rel_minmax": {"time_param": 593, "trend": "ew_rel_minmax", "q_params": {"(0, 0.1707811637133263)": 0.9996467528901223, "(0.1707811637133263, 0.46879139937937303)": 0.9973387615281168, "(0.46879139937937303, 0.5809335680123069)": 0.9680604359077833, "(0.5809335680123069, 0.6344509360889804)": 0.9660369193711957, "(0.6344509360889804, 0.6432135905466264)": 0.5964758483237073, "(0.6432135905466264, 0.7098552900191528)": 0.25099723328711265, "(0.7098552900191528, 0.7967338524066604)": 0.24987268198576082, "(0.7967338524066604, 0.9139518848633806)": 0.2494073037059532, "(0.9139518848633806, 0.9699394131040611)": 0.002907675769506228, "(0.9699394131040611, 1.0)": 0.0009775382885474251}, "pct": 0.2494073037059532, "best_return": 160.50910294852014}}