{"ma": {"trend": "ma", "time_param": 1045, "q_params": {"(0, 0.16153850557622443)": 0.9999346885756752, "(0.16153850557622443, 0.20817866700960158)": 0.999059774801426, "(0.20817866700960158, 0.24969800954601765)": 0.9988711131442393, "(0.24969800954601765, 0.39038560735271494)": 0.9978709731233949, "(0.39038560735271494, 0.5704425754201458)": 0.9966607906603989, "(0.5704425754201458, 0.6089376216560429)": 0.9964538891093871, "(0.6089376216560429, 0.7598943038982366)": 0.9957817035185533, "(0.7598943038982366, 0.7732485556932113)": 0.9754025474725575, "(0.7732485556932113, 0.9820737064585863)": 0.9740049755519283, "(0.9820737064585863, 1.0)": 0.48259524764133327}, "pct": 0.9978709731233949, "best_return": 89.02694858985282}, "ew_ma": {"trend": "ew_ma", "time_param": 1045, "q_params": {"(0, 0.22839208446969023)": 0.9991849894681785, "(0.22839208446969023, 0.2784934736428613)": 0.9968008248260577, "(0.2784934736428613, 0.3492754093220266)": 0.9966027669579329, "(0.3492754093220266, 0.3824447600413292)": 0.9929721386975057, "(0.3824447600413292, 0.5411806722131226)": 0.9901909548097071, "(0.5411806722131226, 0.6383256578189653)": 0.9815787163585085, "(0.6383256578189653, 0.7048192765056626)": 0.9787020344303935, "(0.7048192765056626, 0.7137517959509734)": 0.9684715010094185, "(0.7137517959509734, 0.9288507970649422)": 0.9569794591944827, "(0.9288507970649422, 1.0)": 0.6959028019517172}, "pct": 0.9901909548097071, "best_return": 87.03985828168994}, "rel_minmax": {"time_param": 1957, "trend": "rel_minmax", "q_params": {"(0, 0.05232933787571281)": 0.9960441340425559, "(0.05232933787571281, 0.5939429150826415)": 0.9650221655222482, "(0.5939429150826415, 0.6478146350393704)": 0.9213962981410323, "(0.6478146350393704, 0.6741342687150909)": 0.6817320481600816, "(0.6741342687150909, 0.6874661325436431)": 0.6392528300700827, "(0.6874661325436431, 0.7365971655150949)": 0.49528820300550774, "(0.7365971655150949, 0.8424789849039491)": 0.46710285181994754, "(0.8424789849039491, 0.9139779254344472)": 0.07821287487913231, "(0.9139779254344472, 0.9275429312407195)": 0.05300706676941658, "(0.9275429312407195, 1.0)": 0.022303669607012307}, "pct": 0.022303669607012307, "best_return": 118.22668402154575}, "ew_rel_minmax": {"time_param": 1673, "trend": "ew_rel_minmax", "q_params": {"(0.0, 0.07604837373501193)": 0.9610638208112697, "(0.07604837373501193, 0.07683582393422439)": 0.9054382238899147, "(0.07683582393422439, 0.23138707042658777)": 0.8745957134371025, "(0.23138707042658777, 0.2911198854357429)": 0.841799468771027, "(0.2911198854357429, 0.6118546876738704)": 0.836865477186329, "(0.6118546876738704, 0.6323228189678143)": 0.6920826067630986, "(0.6323228189678143, 0.7059592058128892)": 0.5557733657644355, "(0.7059592058128892, 0.8421332666654299)": 0.33493301945873094, "(0.8421332666654299, 0.9096150796434406)": 0.3224877721820785, "(0.9096150796434406, 1.0)": 0.23734618851498487}, "pct": 0.23734618851498487, "best_return": 98.81066732005367}}