{"ma": {"trend": "ma", "time_param": 1045, "q_params": {"(0, 0.15765114978620925)": 1.0, "(0.15765114978620925, 0.24297984913254422)": 0.9991385747185518, "(0.24297984913254422, 0.3769774354295449)": 0.998986481312741, "(0.3769774354295449, 0.4)": 0.9976026080713383, "(0.4, 0.5735311468589624)": 0.9958893229507656, "(0.5735311468589624, 0.6000000000000001)": 0.9958811871238109, "(0.6000000000000001, 0.748093408658592)": 0.995514161967477, "(0.748093408658592, 0.812847716403924)": 0.994952455626158, "(0.812847716403924, 0.9844395114468216)": 0.9935859638983745, "(0.9844395114468216, 1.0)": 0.5339982805809002}, "pct": 0.998986481312741, "best_return": 85.22120277326961}, "ew_ma": {"trend": "ew_ma", "time_param": 1045, "q_params": {"(0, 0.004143279574199549)": 1.0, "(0.004143279574199549, 0.2500865880610022)": 0.9995932115681011, "(0.2500865880610022, 0.3181984438028904)": 0.998001, "(0.3181984438028904, 0.3668050698846767)": 0.9961195083043656, "(0.3668050698846767, 0.5199010967940852)": 0.9960653079220988, "(0.5199010967940852, 0.6953675463041683)": 0.9958992509048422, "(0.6953675463041683, 0.7114858984147329)": 0.9955900251893423, "(0.7114858984147329, 0.7166494567430036)": 0.9947246043367088, "(0.7166494567430036, 0.9427615377802503)": 0.993009191180795, "(0.9427615377802503, 1.0)": 0.7696804764349958}, "pct": 0.9960653079220988, "best_return": 83.60837438431565}, "rel_minmax": {"trend": "rel_minmax", "time_param": 1045, "q_params": {"(0, 0.253594532946659)": 1.0, "(0.253594532946659, 0.294530451220683)": 0.9991929745070731, "(0.294530451220683, 0.30000000000000004)": 0.9985125180723188, "(0.30000000000000004, 0.4474412577245812)": 0.9983714890755014, "(0.4474412577245812, 0.4748385603062674)": 0.9975252073487951, "(0.4748385603062674, 0.5505643995000838)": 0.993209388229074, "(0.5505643995000838, 0.7135117224787245)": 0.9926058122112711, "(0.7135117224787245, 0.9191692521829329)": 0.9925961453514135, "(0.9191692521829329, 0.9627252186150725)": 0.9920279440699441, "(0.9627252186150725, 1.0)": 0.29291887299774183}, "pct": 0.9920279440699441, "best_return": 133.52100844116737}, "ew_rel_minmax": {"time_param": 593, "trend": "ew_rel_minmax", "q_params": {"(0, 0.1707811637133263)": 0.9996467528901223, "(0.1707811637133263, 0.4729313885671002)": 0.9889754749422661, "(0.4729313885671002, 0.49781001923975204)": 0.9680604359077833, "(0.49781001923975204, 0.631868000276181)": 0.9483252733650028, "(0.631868000276181, 0.6432135905466264)": 0.6425060123217787, "(0.6432135905466264, 0.6622694159051904)": 0.2510535334642654, "(0.6622694159051904, 0.7898308651793815)": 0.24987268198576082, "(0.7898308651793815, 0.9139518848633806)": 0.2494073037059532, "(0.9139518848633806, 0.9699394131040611)": 0.03419529304164412, "(0.9699394131040611, 1.0)": 0.0015523417347501542}, "pct": 0.2494073037059532, "best_return": 156.79704347814294}}