{"ma": {"trend": "ma", "time_param": 1045, "q_params": {"(0, 0.17444367956054885)": 0.9992140639803377, "(0.17444367956054885, 0.22218295309296884)": 0.9989806852218033, "(0.22218295309296884, 0.2575213583042919)": 0.9989155289949979, "(0.2575213583042919, 0.3525339465457589)": 0.9979621573177389, "(0.3525339465457589, 0.5515828088676816)": 0.9977588320832314, "(0.5515828088676816, 0.5902998826250306)": 0.9959537680403135, "(0.5902998826250306, 0.7602613284919921)": 0.9958799283385116, "(0.7602613284919921, 0.7973842535825492)": 0.991697381321138, "(0.7973842535825492, 0.9812305799026813)": 0.9494351561419719, "(0.9812305799026813, 1.0)": 0.48259524764133327}, "pct": 0.9979621573177389, "best_return": 85.15210661918817}, "ew_ma": {"trend": "ew_ma", "time_param": 1045, "q_params": {"(0, 0.23357566018745912)": 0.9998961832448401, "(0.23357566018745912, 0.27014326782212195)": 0.9973751234201718, "(0.27014326782212195, 0.3208099184581254)": 0.9967227026316533, "(0.3208099184581254, 0.36146551040692343)": 0.9966300980039151, "(0.36146551040692343, 0.5542060182809564)": 0.9963732649236188, "(0.5542060182809564, 0.6575533061482869)": 0.9960998122404381, "(0.6575533061482869, 0.7104520644616149)": 0.9829115645377203, "(0.7104520644616149, 0.7316171125220243)": 0.9823332734468725, "(0.7316171125220243, 0.9288690740842159)": 0.9503451394698199, "(0.9288690740842159, 1.0)": 0.7087618243495725}, "pct": 0.9963732649236188, "best_return": 84.6471902783322}, "rel_minmax": {"trend": "rel_minmax", "time_param": 1045, "q_params": {"(0, 0.2896572779944823)": 0.9992783530154047, "(0.2896572779944823, 0.33566498130366534)": 0.9991178731856294, "(0.33566498130366534, 0.41198146063542024)": 0.9984550418356322, "(0.41198146063542024, 0.4565961995646608)": 0.998252383181152, "(0.4565961995646608, 0.49716774225198573)": 0.9972972066516882, "(0.49716774225198573, 0.5488447738056849)": 0.9930489900177529, "(0.5488447738056849, 0.6341581889090728)": 0.9679615300394092, "(0.6341581889090728, 0.9193188474647698)": 0.9069426722784573, "(0.9193188474647698, 0.978735996859256)": 0.8495638904844554, "(0.978735996859256, 1.0)": 0.22315964448243047}, "pct": 0.8495638904844554, "best_return": 119.43926773175775}, "ew_rel_minmax": {"time_param": 1351, "trend": "ew_rel_minmax", "q_params": {"(0, 0.3063414464949039)": 0.9453930126578429, "(0.3063414464949039, 0.404115710941761)": 0.9377058174849341, "(0.404115710941761, 0.4825908456351502)": 0.8279716275927084, "(0.4825908456351502, 0.5532359122763718)": 0.7162174235865201, "(0.5532359122763718, 0.5856805480314401)": 0.5775638386477011, "(0.5856805480314401, 0.6072401174911309)": 0.44476197680581775, "(0.6072401174911309, 0.6203764183221888)": 0.3615573966981883, "(0.6203764183221888, 0.7665925195414824)": 0.3466051630230785, "(0.7665925195414824, 0.9794695881051337)": 0.2600949914191681, "(0.9794695881051337, 1)": 0.12315901099800869}, "pct": 0.2600949914191681, "best_return": 95.42598374443807}}