{"ma": {"trend": "ma", "time_param": 1045, "q_params": {"(0.0, 0.15765114978620925)": 1.0, "(0.15765114978620925, 0.2506098984019712)": 0.9991385747185518, "(0.2506098984019712, 0.38389763924748027)": 0.9991374908768683, "(0.38389763924748027, 0.3952939206281105)": 0.998722061043955, "(0.3952939206281105, 0.5735311468589624)": 0.9958893229507656, "(0.5735311468589624, 0.6000000000000001)": 0.9958811871238109, "(0.6000000000000001, 0.745136110458469)": 0.9958782585784984, "(0.745136110458469, 0.812847716403924)": 0.9957149628385522, "(0.812847716403924, 0.9844395114468216)": 0.9935859638983745, "(0.9844395114468216, 1.0)": 0.47910977774772273}, "pct": 0.9991374908768683, "best_return": 87.4817342212921}, "ew_ma": {"trend": "ew_ma", "time_param": 1045, "q_params": {"(0, 0.2407166862889534)": 1.0, "(0.2407166862889534, 0.25405902162271526)": 0.9998376965696821, "(0.25405902162271526, 0.3181984438028904)": 0.9964932550304819, "(0.3181984438028904, 0.3797908049477151)": 0.9961195083043656, "(0.3797908049477151, 0.5199010967940852)": 0.996119080914811, "(0.5199010967940852, 0.6953675463041683)": 0.9960284508266034, "(0.6953675463041683, 0.7107845511838167)": 0.9957675436925135, "(0.7107845511838167, 0.7166494567430036)": 0.9954510505339333, "(0.7166494567430036, 0.9182676114985053)": 0.9948717280150858, "(0.9182676114985053, 1.0)": 0.7363283993503591}, "pct": 0.996119080914811, "best_return": 89.74613971132194}, "rel_minmax": {"trend": "rel_minmax", "time_param": 1045, "q_params": {"(0, 0.2896572779944823)": 1.0, "(0.2896572779944823, 0.33296731176019273)": 0.9988535356493217, "(0.33296731176019273, 0.4314700541103349)": 0.9987152043437891, "(0.4314700541103349, 0.43753449881706363)": 0.9985776819134997, "(0.43753449881706363, 0.4926454221144208)": 0.9975252073487951, "(0.4926454221144208, 0.5372373753850842)": 0.9930489900177529, "(0.5372373753850842, 0.6341581889090728)": 0.9926058122112711, "(0.6341581889090728, 0.9191692521829329)": 0.9926012343113986, "(0.9191692521829329, 0.9627252186150725)": 0.9920279440699441, "(0.9627252186150725, 1.0)": 0.2193785923293133}, "pct": 0.9920279440699441, "best_return": 134.93972394487656}, "ew_rel_minmax": {"time_param": 593, "trend": "ew_rel_minmax", "q_params": {"(0.0, 0.1707811637133263)": 0.9996467528901223, "(0.1707811637133263, 0.46879139937937303)": 0.9973387615281168, "(0.46879139937937303, 0.5809335680123069)": 0.9738433734630255, "(0.5809335680123069, 0.6344509360889804)": 0.9668181008937204, "(0.6344509360889804, 0.6432135905466264)": 0.5566383801149356, "(0.6432135905466264, 0.7098552900191528)": 0.25099723328711265, "(0.7098552900191528, 0.7967338524066604)": 0.2508711259914485, "(0.7967338524066604, 0.9139518848633806)": 0.2494073037059532, "(0.9139518848633806, 0.9699394131040611)": 0.002907675769506228, "(0.9699394131040611, 1.0)": 0.0008947368262710958}, "pct": 0.2494073037059532, "best_return": 162.85042153289774}}