{"ma": {"trend": "ma", "time_param": 1045, "q_params": {"(0, 0.1659997717744798)": 0.9992014129158647, "(0.1659997717744798, 0.2142452278593749)": 0.999059774801426, "(0.2142452278593749, 0.24969800954601765)": 0.9987084151502001, "(0.24969800954601765, 0.39293966249642426)": 0.9978709731233949, "(0.39293966249642426, 0.5806087490666877)": 0.9969140012604139, "(0.5806087490666877, 0.5942145748142084)": 0.9965471037296018, "(0.5942145748142084, 0.7598943038982366)": 0.9927286352484413, "(0.7598943038982366, 0.7732485556932113)": 0.97958053740925, "(0.7732485556932113, 0.9783407699491528)": 0.9356598983522461, "(0.9783407699491528, 1.0)": 0.48259524764133327}, "pct": 0.9978709731233949, "best_return": 81.01924974783513}, "ew_ma": {"trend": "ew_ma", "time_param": 1045, "q_params": {"(0, 0.20853383317351795)": 0.9981414616303194, "(0.20853383317351795, 0.2784934736428613)": 0.9979515790636677, "(0.2784934736428613, 0.3492754093220266)": 0.9966027669579329, "(0.3492754093220266, 0.3824447600413292)": 0.9929721386975057, "(0.3824447600413292, 0.554106551571681)": 0.9897808420396407, "(0.554106551571681, 0.6484271839821979)": 0.9792014911135757, "(0.6484271839821979, 0.6890575281952037)": 0.967917532299908, "(0.6890575281952037, 0.7253475419746267)": 0.967045373733301, "(0.7253475419746267, 0.9444386915507296)": 0.9493374799011521, "(0.9444386915507296, 1.0)": 0.7093448794580587}, "pct": 0.9897808420396407, "best_return": 79.60597140080506}, "rel_minmax": {"trend": "rel_minmax", "time_param": 1045, "q_params": {"(0, 0.31941043952346326)": 0.9995630957250322, "(0.31941043952346326, 0.35677931552770326)": 0.9991178731856294, "(0.35677931552770326, 0.38319123023818163)": 0.9990454628616116, "(0.38319123023818163, 0.415549137279317)": 0.9983763954370702, "(0.415549137279317, 0.4579512877331131)": 0.9971763370112087, "(0.4579512877331131, 0.559718357039471)": 0.9965438643649999, "(0.559718357039471, 0.6120225720146533)": 0.9585923432334054, "(0.6120225720146533, 0.8975811303748176)": 0.9215047962553806, "(0.8975811303748176, 0.9615653481327759)": 0.7936121983911952, "(0.9615653481327759, 1.0)": 0.2275337018105589}, "pct": 0.7936121983911952, "best_return": 147.5717490988495}, "ew_rel_minmax": {"time_param": 1673, "trend": "ew_rel_minmax", "q_params": {"(0, 0.07604837373501193)": 0.945133337398912, "(0.07604837373501193, 0.07683582393422439)": 0.9054382238899147, "(0.07683582393422439, 0.23555751579891393)": 0.8745957134371025, "(0.23555751579891393, 0.296260731947091)": 0.8526700463041011, "(0.296260731947091, 0.6073226002856376)": 0.8237287500482839, "(0.6073226002856376, 0.6311289052869025)": 0.6775358151488863, "(0.6311289052869025, 0.7059592058128892)": 0.5093305308791767, "(0.7059592058128892, 0.8421332666654299)": 0.3394249692657956, "(0.8421332666654299, 0.8873875061128098)": 0.31940114175126255, "(0.8873875061128098, 1)": 0.23734618851498487}, "pct": 0.23734618851498487, "best_return": 87.15545762052132}}