{"ma": {"trend": "ma", "time_param": 1045, "q_params": {"(0, 0.1635393130519217)": 0.9992014129158647, "(0.1635393130519217, 0.22218295309296884)": 0.9989806852218033, "(0.22218295309296884, 0.25225394747788443)": 0.9989155289949979, "(0.25225394747788443, 0.35561958044682934)": 0.9985763513519649, "(0.35561958044682934, 0.5846007538666445)": 0.9969140012604139, "(0.5846007538666445, 0.6073301663073545)": 0.9959537680403135, "(0.6073301663073545, 0.77743291625407)": 0.9958799283385116, "(0.77743291625407, 0.7791967967210434)": 0.991697381321138, "(0.7791967967210434, 0.9812305799026813)": 0.9247923798621717, "(0.9812305799026813, 1.0)": 0.48259524764133327}, "pct": 0.9985763513519649, "best_return": 76.7369958112332}, "ew_ma": {"trend": "ew_ma", "time_param": 1045, "q_params": {"(0, 0.23357566018745912)": 0.9979560887777977, "(0.23357566018745912, 0.29948848240584836)": 0.9973751234201718, "(0.29948848240584836, 0.3208099184581254)": 0.9967171606519392, "(0.3208099184581254, 0.39113627433299514)": 0.9966300980039151, "(0.39113627433299514, 0.5543482143955518)": 0.9963732649236188, "(0.5543482143955518, 0.6575533061482869)": 0.9960998122404381, "(0.6575533061482869, 0.7104520644616149)": 0.9888374156311229, "(0.7104520644616149, 0.7316171125220243)": 0.9686191351931556, "(0.7316171125220243, 0.9360442353942912)": 0.9396321841665503, "(0.9360442353942912, 1.0)": 0.7087618243495725}, "pct": 0.9963732649236188, "best_return": 77.10724026354652}, "rel_minmax": {"trend": "rel_minmax", "time_param": 1045, "q_params": {"(0, 0.2896572779944823)": 0.9998810656567142, "(0.2896572779944823, 0.33343079821736166)": 0.9991178731856294, "(0.33343079821736166, 0.38319123023818163)": 0.9990454628616116, "(0.38319123023818163, 0.4370261144206997)": 0.998252383181152, "(0.4370261144206997, 0.49783083542849244)": 0.9977225509010571, "(0.49783083542849244, 0.5488447738056849)": 0.9943583647509808, "(0.5488447738056849, 0.609480674956794)": 0.9679615300394092, "(0.609480674956794, 0.9193188474647698)": 0.904147492569366, "(0.9193188474647698, 0.978735996859256)": 0.8082569149142094, "(0.978735996859256, 1.0)": 0.2279186126747405}, "pct": 0.8082569149142094, "best_return": 114.507716388143}, "ew_rel_minmax": {"time_param": 1351, "trend": "ew_rel_minmax", "q_params": {"(0, 0.3063414464949039)": 0.9634629593581426, "(0.3063414464949039, 0.404115710941761)": 0.9377058174849341, "(0.404115710941761, 0.4825908456351502)": 0.8308189593238072, "(0.4825908456351502, 0.5545990036171655)": 0.720166469396618, "(0.5545990036171655, 0.5837861951109256)": 0.569271351167962, "(0.5837861951109256, 0.6072401174911309)": 0.44476197680581775, "(0.6072401174911309, 0.6211467488270709)": 0.3666632344445754, "(0.6211467488270709, 0.7647132021227853)": 0.3466051630230785, "(0.7647132021227853, 0.974403942260074)": 0.2600949914191681, "(0.974403942260074, 1.0)": 0.10736676859650665}, "pct": 0.2600949914191681, "best_return": 101.95917391952221}}