{"ma": {"trend": "ma", "time_param": 1045, "q_params": {"(0, 0.15765114978620925)": 1.0, "(0.15765114978620925, 0.2506098984019712)": 0.9991385747185518, "(0.2506098984019712, 0.3769774354295449)": 0.998986481312741, "(0.3769774354295449, 0.3892380991789176)": 0.9978285470641081, "(0.3892380991789176, 0.5735311468589624)": 0.9958893229507656, "(0.5735311468589624, 0.6000000000000001)": 0.9958811871238109, "(0.6000000000000001, 0.751313174536157)": 0.995514161967477, "(0.751313174536157, 0.812847716403924)": 0.994952455626158, "(0.812847716403924, 0.9844395114468216)": 0.9935859638983745, "(0.9844395114468216, 1.0)": 0.5339982805809002}, "pct": 0.998986481312741, "best_return": 86.26822864924418}, "ew_ma": {"trend": "ew_ma", "time_param": 1045, "q_params": {"(0, 0.24694296127608023)": 1.0, "(0.24694296127608023, 0.2500865880610022)": 0.9998376965696821, "(0.2500865880610022, 0.3181984438028904)": 0.9969874098568906, "(0.3181984438028904, 0.3797908049477151)": 0.9961195083043656, "(0.3797908049477151, 0.5199010967940852)": 0.9960653079220988, "(0.5199010967940852, 0.6953675463041683)": 0.9960107928034888, "(0.6953675463041683, 0.7114858984147329)": 0.9957675436925135, "(0.7114858984147329, 0.7166494567430036)": 0.995378741841596, "(0.7166494567430036, 0.9182676114985053)": 0.993009191180795, "(0.9182676114985053, 1.0)": 0.7696804764349958}, "pct": 0.9960653079220988, "best_return": 87.48621623584594}, "rel_minmax": {"trend": "rel_minmax", "time_param": 1045, "q_params": {"(0, 0.253594532946659)": 1.0, "(0.253594532946659, 0.294530451220683)": 0.9988535356493217, "(0.294530451220683, 0.4062649442975478)": 0.9985125180723188, "(0.4062649442975478, 0.43753449881706363)": 0.9985072091258935, "(0.43753449881706363, 0.4748385603062674)": 0.9975252073487951, "(0.4748385603062674, 0.5505643995000838)": 0.993209388229074, "(0.5505643995000838, 0.7135117224787245)": 0.9926058122112711, "(0.7135117224787245, 0.9191692521829329)": 0.9926012343113986, "(0.9191692521829329, 0.9627252186150725)": 0.9920279440699441, "(0.9627252186150725, 1.0)": 0.2768303221690959}, "pct": 0.9920279440699441, "best_return": 136.23493606430299}, "ew_rel_minmax": {"time_param": 593, "trend": "ew_rel_minmax", "q_params": {"(0, 0.1707811637133263)": 0.9996467528901223, "(0.1707811637133263, 0.4729313885671002)": 0.9973387615281168, "(0.4729313885671002, 0.5809335680123069)": 0.9680604359077833, "(0.5809335680123069, 0.6344509360889804)": 0.9483252733650028, "(0.6344509360889804, 0.6432135905466264)": 0.6425060123217787, "(0.6432135905466264, 0.7115333761192624)": 0.25099723328711265, "(0.7115333761192624, 0.7898308651793815)": 0.24987268198576082, "(0.7898308651793815, 0.9139518848633806)": 0.2494073037059532, "(0.9139518848633806, 0.9699394131040611)": 0.002907675769506228, "(0.9699394131040611, 1.0)": 0.0012504844743307735}, "pct": 0.2494073037059532, "best_return": 162.9319911896503}}