{"ma": {"trend": "ma", "time_param": 1045, "q_params": {"(0, 0.1638411897805555)": 0.9999346885756752, "(0.1638411897805555, 0.20817866700960158)": 0.999059774801426, "(0.20817866700960158, 0.24969800954601765)": 0.9988711131442393, "(0.24969800954601765, 0.38966285016278335)": 0.9978709731233949, "(0.38966285016278335, 0.5711142542521649)": 0.9966607906603989, "(0.5711142542521649, 0.6089376216560429)": 0.9965870025843376, "(0.6089376216560429, 0.7598943038982366)": 0.9957817035185533, "(0.7598943038982366, 0.7732485556932113)": 0.97958053740925, "(0.7732485556932113, 0.9820737064585863)": 0.9740049755519283, "(0.9820737064585863, 1.0)": 0.48259524764133327}, "pct": 0.9978709731233949, "best_return": 92.70887945089717}, "ew_ma": {"trend": "ew_ma", "time_param": 1045, "q_params": {"(0, 0.22839208446969023)": 0.9991849894681785, "(0.22839208446969023, 0.2784934736428613)": 0.996714741693244, "(0.2784934736428613, 0.3492754093220266)": 0.9966027669579329, "(0.3492754093220266, 0.3824447600413292)": 0.9929721386975057, "(0.3824447600413292, 0.5411806722131226)": 0.9901909548097071, "(0.5411806722131226, 0.6415898000389318)": 0.9815787163585085, "(0.6415898000389318, 0.7048192765056626)": 0.9787020344303935, "(0.7048192765056626, 0.7137517959509734)": 0.9684715010094185, "(0.7137517959509734, 0.9288507970649422)": 0.9608087319751318, "(0.9288507970649422, 1.0)": 0.7039874051774402}, "pct": 0.9901909548097071, "best_return": 90.48040945457129}, "rel_minmax": {"time_param": 1957, "trend": "rel_minmax", "q_params": {"(0, 0.05232933787571281)": 0.971138284418516, "(0.05232933787571281, 0.5921994544064458)": 0.9650221655222482, "(0.5921994544064458, 0.6478146350393704)": 0.9213962981410323, "(0.6478146350393704, 0.6741342687150909)": 0.6888676503288719, "(0.6741342687150909, 0.6874661325436431)": 0.6392528300700827, "(0.6874661325436431, 0.7365971655150949)": 0.4993751014456103, "(0.7365971655150949, 0.8424789849039491)": 0.46710285181994754, "(0.8424789849039491, 0.9139779254344472)": 0.07821287487913231, "(0.9139779254344472, 0.9275429312407195)": 0.05300706676941658, "(0.9275429312407195, 1)": 0.027111057002155547}, "pct": 0.027111057002155547, "best_return": 122.37157676517447}, "ew_rel_minmax": {"time_param": 1673, "trend": "ew_rel_minmax", "q_params": {"(0, 0.07604837373501193)": 0.9610638208112697, "(0.07604837373501193, 0.07683582393422439)": 0.9054382238899147, "(0.07683582393422439, 0.23138707042658777)": 0.8745957134371025, "(0.23138707042658777, 0.2911198854357429)": 0.8526700463041011, "(0.2911198854357429, 0.6118546876738704)": 0.836865477186329, "(0.6118546876738704, 0.6323228189678143)": 0.6775358151488863, "(0.6323228189678143, 0.7059592058128892)": 0.5522233454073634, "(0.7059592058128892, 0.8421332666654299)": 0.33629348289857636, "(0.8421332666654299, 0.9096150796434406)": 0.3224877721820785, "(0.9096150796434406, 1.0)": 0.23734618851498487}, "pct": 0.23734618851498487, "best_return": 101.5283523357531}}