{"ma": {"trend": "ma", "time_param": 1045, "q_params": {"(0, 0.17444367956054885)": 0.9993140823170165, "(0.17444367956054885, 0.2506098984019712)": 0.9992301431441029, "(0.2506098984019712, 0.2575213583042919)": 0.9991374908768683, "(0.2575213583042919, 0.3952939206281105)": 0.998722061043955, "(0.3952939206281105, 0.5593831000125168)": 0.9962438023719581, "(0.5593831000125168, 0.5902998826250306)": 0.9959537680403135, "(0.5902998826250306, 0.7621195187753672)": 0.9958799283385116, "(0.7621195187753672, 0.812847716403924)": 0.991697381321138, "(0.812847716403924, 0.9812305799026813)": 0.985984383221863, "(0.9812305799026813, 1.0)": 0.48259524764133327}, "pct": 0.998722061043955, "best_return": 86.2298893964155}, "ew_ma": {"trend": "ew_ma", "time_param": 1045, "q_params": {"(0, 0.24973918699705902)": 0.9999527292992427, "(0.24973918699705902, 0.27014326782212195)": 0.9998376965696821, "(0.27014326782212195, 0.3208099184581254)": 0.9964690409443913, "(0.3208099184581254, 0.35552519054248627)": 0.996446148514682, "(0.35552519054248627, 0.5401811805284139)": 0.9961050637892511, "(0.5401811805284139, 0.6945639801331377)": 0.9960998122404381, "(0.6945639801331377, 0.702876143994082)": 0.9957675436925135, "(0.702876143994082, 0.7316171125220243)": 0.9928754396092797, "(0.7316171125220243, 0.9196934651799267)": 0.9754965447520298, "(0.9196934651799267, 1.0)": 0.7363283993503591}, "pct": 0.9961050637892511, "best_return": 84.07852822213796}, "rel_minmax": {"trend": "rel_minmax", "time_param": 1045, "q_params": {"(0, 0.2896572779944823)": 0.999096698887003, "(0.2896572779944823, 0.33566498130366534)": 0.9988297216940107, "(0.33566498130366534, 0.4215257719522406)": 0.9987152043437891, "(0.4215257719522406, 0.43753449881706363)": 0.998252383181152, "(0.43753449881706363, 0.5072130584402927)": 0.9974850973979933, "(0.5072130584402927, 0.5372373753850842)": 0.9930489900177529, "(0.5372373753850842, 0.6341581889090728)": 0.9926058122112711, "(0.6341581889090728, 0.9191692521829329)": 0.9920496421672016, "(0.9191692521829329, 0.978735996859256)": 0.8495638904844554, "(0.978735996859256, 1.0)": 0.22315964448243047}, "pct": 0.8495638904844554, "best_return": 114.10024740779947}, "ew_rel_minmax": {"time_param": 593, "trend": "ew_rel_minmax", "q_params": {"(0, 0.11486972037261937)": 0.9996467528901223, "(0.11486972037261937, 0.46879139937937303)": 0.9907115781220293, "(0.46879139937937303, 0.5819219594108899)": 0.9858324871645653, "(0.5819219594108899, 0.6344509360889804)": 0.9668181008937204, "(0.6344509360889804, 0.6573903832224536)": 0.5455627965053583, "(0.6573903832224536, 0.7098552900191528)": 0.3931207968680863, "(0.7098552900191528, 0.8075943308255543)": 0.2508711259914485, "(0.8075943308255543, 0.9068483581371447)": 0.17870724022148962, "(0.9068483581371447, 0.9699394131040611)": 0.002907675769506228, "(0.9699394131040611, 1.0)": 0.002643034625468938}, "pct": 0.17870724022148962, "best_return": 117.57735454195219}}