{"ma": {"trend": "ma", "time_param": 1045, "q_params": {"(0, 0.16037638998198314)": 0.9999346885756752, "(0.16037638998198314, 0.2125443846147211)": 0.999059774801426, "(0.2125443846147211, 0.2488596849881601)": 0.9983370311724938, "(0.2488596849881601, 0.39038560735271494)": 0.9978709731233949, "(0.39038560735271494, 0.5804549863590633)": 0.9966607906603989, "(0.5804549863590633, 0.6089376216560429)": 0.9964538891093871, "(0.6089376216560429, 0.7598943038982366)": 0.9870182743170921, "(0.7598943038982366, 0.7732485556932113)": 0.9746251310271589, "(0.7732485556932113, 0.9820737064585863)": 0.9740049755519283, "(0.9820737064585863, 1.0)": 0.48259524764133327}, "pct": 0.9978709731233949, "best_return": 127.06260369920949}, "ew_ma": {"trend": "ew_ma", "time_param": 1045, "q_params": {"(0.0, 0.22839208446969023)": 0.9991849894681785, "(0.22839208446969023, 0.2784934736428613)": 0.9976353969115984, "(0.2784934736428613, 0.3492754093220266)": 0.9973069821751794, "(0.3492754093220266, 0.3824447600413292)": 0.9929721386975057, "(0.3824447600413292, 0.5411806722131226)": 0.9913821973484931, "(0.5411806722131226, 0.6383256578189653)": 0.9823781488422989, "(0.6383256578189653, 0.7036076706122864)": 0.9787020344303935, "(0.7036076706122864, 0.7137517959509734)": 0.9727946747620505, "(0.7137517959509734, 0.9288507970649422)": 0.9674811834950386, "(0.9288507970649422, 1.0)": 0.6906261837048303}, "pct": 0.9913821973484931, "best_return": 124.6701032230649}, "rel_minmax": {"time_param": 1957, "trend": "rel_minmax", "q_params": {"(0, 0.05481277788316512)": 0.9960441340425559, "(0.05481277788316512, 0.5939429150826415)": 0.9650221655222482, "(0.5939429150826415, 0.6645800773805355)": 0.9213962981410323, "(0.6645800773805355, 0.6690976766452705)": 0.6817320481600816, "(0.6690976766452705, 0.6934174864887725)": 0.6435239370191731, "(0.6934174864887725, 0.7365971655150949)": 0.4890372523891156, "(0.7365971655150949, 0.8499316879960394)": 0.4707345871166186, "(0.8499316879960394, 0.9115081687086325)": 0.09338895906119972, "(0.9115081687086325, 0.9191855148599427)": 0.05300706676941658, "(0.9191855148599427, 1.0)": 0.022303669607012307}, "pct": 0.022303669607012307, "best_return": 158.62695044639696}, "ew_rel_minmax": {"time_param": 1673, "trend": "ew_rel_minmax", "q_params": {"(0, 0.07532863242623367)": 0.9640935058446312, "(0.07532863242623367, 0.0771166222108993)": 0.9057255202950456, "(0.0771166222108993, 0.22127441680851673)": 0.9003199237998861, "(0.22127441680851673, 0.28324255427904926)": 0.841799468771027, "(0.28324255427904926, 0.6118546876738704)": 0.836865477186329, "(0.6118546876738704, 0.628709179893313)": 0.6920826067630986, "(0.628709179893313, 0.7059592058128892)": 0.5557733657644355, "(0.7059592058128892, 0.8385128174721955)": 0.33493301945873094, "(0.8385128174721955, 0.9096150796434406)": 0.3224877721820785, "(0.9096150796434406, 1.0)": 0.2349644605721477}, "pct": 0.2349644605721477, "best_return": 118.91183887027606}}