{"ma": {"trend": "ma", "time_param": 1045, "q_params": {"(0.0, 0.16033185118182092)": 0.9999346885756752, "(0.16033185118182092, 0.2125443846147211)": 0.9987006657638804, "(0.2125443846147211, 0.2488596849881601)": 0.9984818674633311, "(0.2488596849881601, 0.39038560735271494)": 0.9979929168767327, "(0.39038560735271494, 0.5804549863590633)": 0.996040388057619, "(0.5804549863590633, 0.6089376216560429)": 0.9951163918294652, "(0.6089376216560429, 0.7598943038982366)": 0.990885152791344, "(0.7598943038982366, 0.7732485556932113)": 0.9746251310271589, "(0.7732485556932113, 0.9820737064585863)": 0.8941005034130975, "(0.9820737064585863, 1.0)": 0.47344807136711947}, "pct": 0.9984818674633311, "best_return": 110.9294691553116}, "ew_ma": {"trend": "ew_ma", "time_param": 1045, "q_params": {"(0, 0.23574419203662142)": 0.9994127958753064, "(0.23574419203662142, 0.3375772026423771)": 0.9976353969115984, "(0.3375772026423771, 0.3492754093220266)": 0.9957126475005407, "(0.3492754093220266, 0.3824447600413292)": 0.9888976301780315, "(0.3824447600413292, 0.5411806722131226)": 0.9874652129628285, "(0.5411806722131226, 0.543609195980881)": 0.9823781488422989, "(0.543609195980881, 0.7012118530480954)": 0.9799991921665241, "(0.7012118530480954, 0.7170168244867268)": 0.9774227368801036, "(0.7170168244867268, 0.9288507970649422)": 0.9674811834950386, "(0.9288507970649422, 1.0)": 0.6885058672357353}, "pct": 0.9874652129628285, "best_return": 116.49268449910727}, "rel_minmax": {"time_param": 2082, "trend": "rel_minmax", "q_params": {"(0, 0.1437411378008)": 0.9406435228889529, "(0.1437411378008, 0.21298206532248554)": 0.9036682246757626, "(0.21298206532248554, 0.4192953963341105)": 0.8773333963810055, "(0.4192953963341105, 0.7046502242923338)": 0.8625568641444246, "(0.7046502242923338, 0.8242343266512163)": 0.6786015910876539, "(0.8242343266512163, 0.831886674537233)": 0.383015690882454, "(0.831886674537233, 0.8615229568743648)": 0.36996306091814246, "(0.8615229568743648, 0.8804852858115751)": 0.3401377524413943, "(0.8804852858115751, 0.921796620763928)": 0.19938255278725803, "(0.921796620763928, 1)": 0.038397539395659375}, "pct": 0.19938255278725803, "best_return": 126.03275213026174}, "ew_rel_minmax": {"time_param": 242, "trend": "ew_rel_minmax", "q_params": {"(0, 0.5053644082172764)": 0.9843936561074759, "(0.5053644082172764, 0.5691540083174487)": 0.9320948505883411, "(0.5691540083174487, 0.6015276500378934)": 0.9038224905374229, "(0.6015276500378934, 0.6593382396732984)": 0.7524365399483655, "(0.6593382396732984, 0.69815826501579)": 0.6839098072279621, "(0.69815826501579, 0.7327649329663717)": 0.5132579897988299, "(0.7327649329663717, 0.8182899826439001)": 0.5036328134624509, "(0.8182899826439001, 0.8779913513686465)": 0.4542823980241084, "(0.8779913513686465, 0.9778148853854187)": 0.21409682326383994, "(0.9778148853854187, 1.0)": 0.06444140564754763}, "pct": 0.06444140564754763, "best_return": 112.08747109591798}}