{"ma": {"trend": "ma", "time_param": 1045, "q_params": {"(0, 0.09090473417283886)": 1.0, "(0.09090473417283886, 0.2844606270943387)": 0.9998954191068966, "(0.2844606270943387, 0.3769774354295449)": 0.998001, "(0.3769774354295449, 0.4)": 0.9976026080713383, "(0.4, 0.5735311468589624)": 0.996005996001, "(0.5735311468589624, 0.6000000000000001)": 0.9950889010519237, "(0.6000000000000001, 0.7000000000000001)": 0.9936862595954588, "(0.7000000000000001, 0.812847716403924)": 0.9936335734220367, "(0.812847716403924, 0.9844395114468216)": 0.9935859638983745, "(0.9844395114468216, 1.0)": 0.6424876779144976}, "pct": 0.996005996001, "best_return": 87.98550741360505}, "ew_ma": {"trend": "ew_ma", "time_param": 1045, "q_params": {"(0, 0.0953809236868471)": 1.0, "(0.0953809236868471, 0.10666429048783543)": 0.999, "(0.10666429048783543, 0.3210820016040913)": 0.998001, "(0.3210820016040913, 0.3668050698846767)": 0.9961195083043656, "(0.3668050698846767, 0.4848276477124664)": 0.996005996001, "(0.4848276477124664, 0.6359730615248504)": 0.995009990004999, "(0.6359730615248504, 0.7000000000000001)": 0.9940265637177376, "(0.7000000000000001, 0.7166494567430036)": 0.9939862119627605, "(0.7166494567430036, 0.9416298122491673)": 0.993009191180795, "(0.9416298122491673, 1.0)": 0.9070947559437367}, "pct": 0.995009990004999, "best_return": 83.36530441364032}, "rel_minmax": {"trend": "rel_minmax", "time_param": 1045, "q_params": {"(0, 0.16999585020251462)": 1.0, "(0.16999585020251462, 0.2)": 0.999, "(0.2, 0.30000000000000004)": 0.9985284628939204, "(0.30000000000000004, 0.4474412577245812)": 0.997002999, "(0.4474412577245812, 0.4501311545958022)": 0.996728430700509, "(0.4501311545958022, 0.6000000000000001)": 0.9945068109367089, "(0.6000000000000001, 0.7000000000000001)": 0.9932573566086674, "(0.7000000000000001, 0.8460361354342144)": 0.9925961453514135, "(0.8460361354342144, 0.9531330466036365)": 0.9920279440699441, "(0.9531330466036365, 1.0)": 0.31452445800726897}, "pct": 0.9920279440699441, "best_return": 130.9220661707604}, "ew_rel_minmax": {"time_param": 593, "trend": "ew_rel_minmax", "q_params": {"(0, 0.17297130059895105)": 0.9919204501480162, "(0.17297130059895105, 0.4729313885671002)": 0.9889754749422661, "(0.4729313885671002, 0.474581008528852)": 0.9133589506664246, "(0.474581008528852, 0.6050205399008919)": 0.9102053465277663, "(0.6050205399008919, 0.6432135905466264)": 0.5867855329495838, "(0.6432135905466264, 0.6622694159051904)": 0.3004175262550365, "(0.6622694159051904, 0.8081992896238729)": 0.24987268198576082, "(0.8081992896238729, 0.9139518848633806)": 0.2494073037059532, "(0.9139518848633806, 0.9680097939702392)": 0.037004531581435685, "(0.9680097939702392, 1)": 0.0015523417347501542}, "pct": 0.2494073037059532, "best_return": 132.64830202145419}}