{"ma": {"trend": "ma", "time_param": 89, "q_params": {"(0, 0.3555492488783501)": 0.9999677785172312, "(0.3555492488783501, 0.468978553533201)": 0.9999151258320579, "(0.468978553533201, 0.5640153225049633)": 0.998910340059054, "(0.5640153225049633, 0.6105650956635568)": 0.9981572770246204, "(0.6105650956635568, 0.6581359099352968)": 0.989610728683966, "(0.6581359099352968, 0.6773443390749944)": 0.9672714521021314, "(0.6773443390749944, 0.6961638273291755)": 0.950785263918428, "(0.6961638273291755, 0.7450593566078488)": 0.8654289361219041, "(0.7450593566078488, 0.8837327680711354)": 0.7043937253130287, "(0.8837327680711354, 1.0)": 0.050724290637247885}, "pct": 0.989610728683966, "best_return": 9.782336498539852}, "ew_ma": {"time_param": 158, "trend": "ew_ma", "q_params": {"(0, 0.031001009978454452)": 0.9952902112306163, "(0.031001009978454452, 0.15365870113661673)": 0.9795752131309028, "(0.15365870113661673, 0.22620851321386704)": 0.9690827312009958, "(0.22620851321386704, 0.28340672632384456)": 0.9257053378264484, "(0.28340672632384456, 0.6813587495689652)": 0.8936099043191527, "(0.6813587495689652, 0.7084162088639158)": 0.7621541491263825, "(0.7084162088639158, 0.7828514256051234)": 0.7587989234719309, "(0.7828514256051234, 0.8059495876725089)": 0.49086717157050297, "(0.8059495876725089, 0.8498968164788135)": 0.11154455711441721, "(0.8498968164788135, 1.0)": 0.08217979703718581}, "pct": 0.11154455711441721, "best_return": 9.478087063750259}, "rel_minmax": {"trend": "rel_minmax", "time_param": 89, "q_params": {"(0.0, 0.15167216375140255)": 0.9999945313848012, "(0.15167216375140255, 0.35717575019578196)": 0.9999726741976658, "(0.35717575019578196, 0.38300375245852547)": 0.9989848764362593, "(0.38300375245852547, 0.41914062098807586)": 0.9965721846323232, "(0.41914062098807586, 0.7170584935057757)": 0.9915125089043916, "(0.7170584935057757, 0.7343975726431451)": 0.9892547921937702, "(0.7343975726431451, 0.8126740034548996)": 0.9817957674663661, "(0.8126740034548996, 0.9177398224804876)": 0.9419646036612402, "(0.9177398224804876, 0.9972198746200873)": 0.7917033132493385, "(0.9972198746200873, 1.0)": 0.5581735267413686}, "pct": 1, "best_return": 8.131959492820863}, "ew_rel_minmax": {"time_param": 45, "trend": "ew_rel_minmax", "q_params": {"(0.0, 0.5606146335665287)": 0.9947070725322742, "(0.5606146335665287, 0.5940817456592142)": 0.9898205544305021, "(0.5940817456592142, 0.6545245297024032)": 0.9834872574606388, "(0.6545245297024032, 0.6933988661775957)": 0.5453609000003736, "(0.6933988661775957, 0.8127390832296172)": 0.4942502351874849, "(0.8127390832296172, 0.8521672222832217)": 0.47601907672467025, "(0.8521672222832217, 0.9236582148129063)": 0.43652279505124675, "(0.9236582148129063, 0.9804373877489343)": 0.18366498167123374, "(0.9804373877489343, 0.9891429146739307)": 0.14127370178208346, "(0.9891429146739307, 1.0)": 0.12177124470231693}, "pct": 1, "best_return": 8.131959492820863}}