{"ma": {"trend": "ma", "time_param": 89, "q_params": {"(0, 0.34571073873618124)": 0.999974455713254, "(0.34571073873618124, 0.46117696801533203)": 0.999940052879801, "(0.46117696801533203, 0.5507407043441375)": 0.9998846621519676, "(0.5507407043441375, 0.5917749213824038)": 0.9998133206117907, "(0.5917749213824038, 0.6482657438704935)": 0.9995932616356048, "(0.6482657438704935, 0.6606019864543321)": 0.9975466580296218, "(0.6606019864543321, 0.6998250498278906)": 0.980086558419659, "(0.6998250498278906, 0.7490415400525621)": 0.8764833905395746, "(0.7490415400525621, 0.8868997752173856)": 0.6961022488794089, "(0.8868997752173856, 1.0)": 0.08432837036511492}, "pct": 0.999940052879801, "best_return": 6.618107608452676}, "ew_ma": {"trend": "ew_ma", "time_param": 89, "q_params": {"(0, 0.10194586102957338)": 0.9999583057059371, "(0.10194586102957338, 0.4245809240833099)": 0.9998319106226994, "(0.4245809240833099, 0.5012634491515474)": 0.9995910133462557, "(0.5012634491515474, 0.5574380451350007)": 0.9978541133411626, "(0.5574380451350007, 0.5882357367655303)": 0.996455922155202, "(0.5882357367655303, 0.6332989109580756)": 0.9939211427661934, "(0.6332989109580756, 0.7363534327468001)": 0.964357919929215, "(0.7363534327468001, 0.8924071571313088)": 0.9436377880098639, "(0.8924071571313088, 0.9564950018302214)": 0.5933233315484968, "(0.9564950018302214, 1.0)": 0.21518457153327006}, "pct": 0.9998319106226994, "best_return": 7.182074776628172}, "rel_minmax": {"trend": "rel_minmax", "time_param": 89, "q_params": {"(0, 0.1452896622379436)": 0.9999945313848012, "(0.1452896622379436, 0.35412310515930784)": 0.9999894204012024, "(0.35412310515930784, 0.38300375245852547)": 0.9999539256847308, "(0.38300375245852547, 0.4344360861274142)": 0.9995092927927163, "(0.4344360861274142, 0.7181274978582932)": 0.9988149783930498, "(0.7181274978582932, 0.7343975726431451)": 0.9892547921937702, "(0.7343975726431451, 0.8221079692366163)": 0.9817957674663661, "(0.8221079692366163, 0.9177398224804876)": 0.9419646036612402, "(0.9177398224804876, 0.9972198746200873)": 0.7683104034878161, "(0.9972198746200873, 1.0)": 0.5581735267413686}, "pct": 0.9419646036612402, "best_return": 6.129574633443557}, "ew_rel_minmax": {"time_param": 45, "trend": "ew_rel_minmax", "q_params": {"(0, 0.5606146335665287)": 0.9947070725322742, "(0.5606146335665287, 0.567710493817332)": 0.9873850053814442, "(0.567710493817332, 0.6545245297024032)": 0.9834872574606388, "(0.6545245297024032, 0.6884218122021017)": 0.5453609000003736, "(0.6884218122021017, 0.8127390832296172)": 0.4885144341557982, "(0.8127390832296172, 0.8521672222832217)": 0.48233058586950434, "(0.8521672222832217, 0.9236582148129063)": 0.4356337851839761, "(0.9236582148129063, 0.9719231766987035)": 0.18366498167123374, "(0.9719231766987035, 0.9892790774201395)": 0.14127370178208346, "(0.9892790774201395, 1.0)": 0.11752455124554756}, "pct": 0.11752455124554756, "best_return": 6.341025023871878}}