{"ma": {"trend": "ma", "time_param": 89, "q_params": {"(0.0, 0.35013068274158515)": 0.9999537923249366, "(0.35013068274158515, 0.43107564482525773)": 0.9999151258320579, "(0.43107564482525773, 0.5884164496502085)": 0.9983182451879897, "(0.5884164496502085, 0.5917749213824038)": 0.9924462986912025, "(0.5917749213824038, 0.6578135869616188)": 0.989610728683966, "(0.6578135869616188, 0.660949209503381)": 0.9803141228679453, "(0.660949209503381, 0.7029431481767948)": 0.9549344644059068, "(0.7029431481767948, 0.7430973816910305)": 0.8749210122372142, "(0.7430973816910305, 0.8810820140958321)": 0.7001484072609849, "(0.8810820140958321, 1.0)": 0.061651973222021275}, "pct": 0.061651973222021275, "best_return": 9.393975530545465}, "ew_ma": {"trend": "ew_ma", "time_param": 89, "q_params": {"(0, 0.09743211878534612)": 0.9999429176433987, "(0.09743211878534612, 0.431534175163283)": 0.9999076375315364, "(0.431534175163283, 0.4899803042264245)": 0.9986374069882373, "(0.4899803042264245, 0.5574380451350007)": 0.998504029779046, "(0.5574380451350007, 0.5860259796954119)": 0.9962547879641999, "(0.5860259796954119, 0.6772664861016428)": 0.9866141924773055, "(0.6772664861016428, 0.7473949011545514)": 0.9845674035451069, "(0.7473949011545514, 0.8613489872305202)": 0.9466303512964375, "(0.8613489872305202, 0.9564950018302214)": 0.578141467345238, "(0.9564950018302214, 1.0)": 0.1876582518095694}, "pct": 0.9466303512964375, "best_return": 9.654502254673192}, "rel_minmax": {"trend": "rel_minmax", "time_param": 89, "q_params": {"(0.0, 0.15167216375140255)": 0.9999945313848012, "(0.15167216375140255, 0.35717575019578196)": 0.9999726741976658, "(0.35717575019578196, 0.38300375245852547)": 0.9989848764362593, "(0.38300375245852547, 0.41914062098807586)": 0.9965721846323232, "(0.41914062098807586, 0.7170584935057757)": 0.9915125089043916, "(0.7170584935057757, 0.7343975726431451)": 0.9892547921937702, "(0.7343975726431451, 0.8126740034548996)": 0.9817957674663661, "(0.8126740034548996, 0.9177398224804876)": 0.9419646036612402, "(0.9177398224804876, 0.9972198746200873)": 0.7917033132493385, "(0.9972198746200873, 1.0)": 0.5581735267413686}, "pct": 1, "best_return": 8.966537227432335}, "ew_rel_minmax": {"time_param": 45, "trend": "ew_rel_minmax", "q_params": {"(0.0, 0.5606146335665287)": 0.9947070725322742, "(0.5606146335665287, 0.5940817456592142)": 0.9898205544305021, "(0.5940817456592142, 0.6545245297024032)": 0.9834872574606388, "(0.6545245297024032, 0.6933988661775957)": 0.5453609000003736, "(0.6933988661775957, 0.8127390832296172)": 0.4942502351874849, "(0.8127390832296172, 0.8521672222832217)": 0.47601907672467025, "(0.8521672222832217, 0.9236582148129063)": 0.43652279505124675, "(0.9236582148129063, 0.9804373877489343)": 0.18366498167123374, "(0.9804373877489343, 0.9891429146739307)": 0.14127370178208346, "(0.9891429146739307, 1.0)": 0.12177124470231693}, "pct": 1, "best_return": 8.966537227432335}}