{"ma": {"trend": "ma", "time_param": 89, "q_params": {"(0, 0.35013068274158515)": 0.9999183903123814, "(0.35013068274158515, 0.43107564482525773)": 0.9999151258320579, "(0.43107564482525773, 0.5785727296559127)": 0.9934907938948351, "(0.5785727296559127, 0.5917749213824038)": 0.9912043325243898, "(0.5917749213824038, 0.6508915059863822)": 0.9815122171935028, "(0.6508915059863822, 0.6606019864543321)": 0.9803141228679453, "(0.6606019864543321, 0.6881536767147823)": 0.9689490338608735, "(0.6881536767147823, 0.7430973816910305)": 0.8729157515223392, "(0.7430973816910305, 0.8868997752173856)": 0.7016637395068792, "(0.8868997752173856, 1.0)": 0.07056707644589898}, "pct": 0.07056707644589898, "best_return": 9.748494107396949}, "ew_ma": {"trend": "ew_ma", "time_param": 89, "q_params": {"(0, 0.09399270483242217)": 0.9999583057059371, "(0.09399270483242217, 0.42253301330319165)": 0.9997009864599133, "(0.42253301330319165, 0.48861532898577287)": 0.9995910133462557, "(0.48861532898577287, 0.5574380451350007)": 0.9978541133411626, "(0.5574380451350007, 0.5785190268678833)": 0.9962547879641999, "(0.5785190268678833, 0.6772664861016428)": 0.9930725990506079, "(0.6772664861016428, 0.7473949011545514)": 0.9751219216794291, "(0.7473949011545514, 0.8674529967665923)": 0.9410475926764325, "(0.8674529967665923, 0.9564950018302214)": 0.5785172691094432, "(0.9564950018302214, 1.0)": 0.1876582518095694}, "pct": 0.9410475926764325, "best_return": 10.350497330259785}, "rel_minmax": {"trend": "rel_minmax", "time_param": 89, "q_params": {"(0.0, 0.15167216375140255)": 0.9999945313848012, "(0.15167216375140255, 0.35717575019578196)": 0.9999726741976658, "(0.35717575019578196, 0.38300375245852547)": 0.9989848764362593, "(0.38300375245852547, 0.41914062098807586)": 0.9965721846323232, "(0.41914062098807586, 0.7170584935057757)": 0.9915125089043916, "(0.7170584935057757, 0.7343975726431451)": 0.9892547921937702, "(0.7343975726431451, 0.8126740034548996)": 0.9817957674663661, "(0.8126740034548996, 0.9177398224804876)": 0.9419646036612402, "(0.9177398224804876, 0.9972198746200873)": 0.7917033132493385, "(0.9972198746200873, 1.0)": 0.5581735267413686}, "pct": 1, "best_return": 8.777120445733729}, "ew_rel_minmax": {"time_param": 45, "trend": "ew_rel_minmax", "q_params": {"(0.0, 0.5606146335665287)": 0.9947070725322742, "(0.5606146335665287, 0.5940817456592142)": 0.9898205544305021, "(0.5940817456592142, 0.6545245297024032)": 0.9834872574606388, "(0.6545245297024032, 0.6933988661775957)": 0.5453609000003736, "(0.6933988661775957, 0.8127390832296172)": 0.4942502351874849, "(0.8127390832296172, 0.8521672222832217)": 0.47601907672467025, "(0.8521672222832217, 0.9236582148129063)": 0.43652279505124675, "(0.9236582148129063, 0.9804373877489343)": 0.18366498167123374, "(0.9804373877489343, 0.9891429146739307)": 0.14127370178208346, "(0.9891429146739307, 1.0)": 0.12177124470231693}, "pct": 1, "best_return": 8.777120445733729}}