{"ma": {"trend": "ma", "time_param": 89, "q_params": {"(0, 0.34571073873618124)": 0.999974455713254, "(0.34571073873618124, 0.4859922820865565)": 0.999972863394429, "(0.4859922820865565, 0.5507407043441375)": 0.999846026391498, "(0.5507407043441375, 0.5730747509817226)": 0.9998133206117907, "(0.5730747509817226, 0.6482657438704935)": 0.9995932616356048, "(0.6482657438704935, 0.6774482264530725)": 0.9975466580296218, "(0.6774482264530725, 0.6998250498278906)": 0.9958385248119979, "(0.6998250498278906, 0.7490415400525621)": 0.9937726043261513, "(0.7490415400525621, 0.9168749058934991)": 0.6961022488794089, "(0.9168749058934991, 1.0)": 0.08432837036511492}, "pct": 0.999972863394429, "best_return": 6.577490135272526}, "ew_ma": {"trend": "ew_ma", "time_param": 89, "q_params": {"(0, 0.10194586102957338)": 0.9999668912190524, "(0.10194586102957338, 0.4398977001372443)": 0.9998319106226994, "(0.4398977001372443, 0.4799753803360367)": 0.9995910133462557, "(0.4799753803360367, 0.5025368577808279)": 0.9979801435971154, "(0.5025368577808279, 0.5922956161405278)": 0.9949107667820793, "(0.5922956161405278, 0.6332989109580756)": 0.9939211427661934, "(0.6332989109580756, 0.7363534327468001)": 0.964357919929215, "(0.7363534327468001, 0.8884662857558012)": 0.9430683331717071, "(0.8884662857558012, 0.9564950018302214)": 0.5933233315484968, "(0.9564950018302214, 1.0)": 0.21518457153327006}, "pct": 0.9998319106226994, "best_return": 7.217416659778892}, "rel_minmax": {"trend": "rel_minmax", "time_param": 89, "q_params": {"(0, 0.1624453900949792)": 0.9999949874370878, "(0.1624453900949792, 0.35412310515930784)": 0.9999894204012024, "(0.35412310515930784, 0.38300375245852547)": 0.9999107708997774, "(0.38300375245852547, 0.4344360861274142)": 0.9995092927927163, "(0.4344360861274142, 0.7181274978582932)": 0.9993053327200403, "(0.7181274978582932, 0.7433456039447213)": 0.9892547921937702, "(0.7433456039447213, 0.8221079692366163)": 0.9859525613804233, "(0.8221079692366163, 0.8363504648706843)": 0.9419646036612402, "(0.8363504648706843, 0.9847084253070849)": 0.7525428248966877, "(0.9847084253070849, 1.0)": 0.5364064623553749}, "pct": 0.7525428248966877, "best_return": 6.06509202936944}, "ew_rel_minmax": {"time_param": 45, "trend": "ew_rel_minmax", "q_params": {"(0, 0.5606146335665287)": 0.9857865141930588, "(0.5606146335665287, 0.567710493817332)": 0.9842493380212709, "(0.567710493817332, 0.6458762504688469)": 0.9834872574606388, "(0.6458762504688469, 0.6884218122021017)": 0.5453609000003736, "(0.6884218122021017, 0.8127390832296172)": 0.48760783141719716, "(0.8127390832296172, 0.8521672222832217)": 0.4807651741429754, "(0.8521672222832217, 0.9496210095374438)": 0.4392344287587395, "(0.9496210095374438, 0.9719231766987035)": 0.19174379537645606, "(0.9719231766987035, 0.9815793592891718)": 0.1348088566864921, "(0.9815793592891718, 1.0)": 0.0021895515042255065}, "pct": 0.0021895515042255065, "best_return": 6.78390444401089}}