{"ma": {"trend": "ma", "time_param": 89, "q_params": {"(0, 0.3327824486254756)": 1.0, "(0.3327824486254756, 0.4914428775477211)": 0.999940806619917, "(0.4914428775477211, 0.5617891804196729)": 0.999846026391498, "(0.5617891804196729, 0.6207540139117852)": 0.9998133206117907, "(0.6207540139117852, 0.6246149551769635)": 0.9985990460335346, "(0.6246149551769635, 0.6529007138773624)": 0.9984929625554488, "(0.6529007138773624, 0.7043268464347312)": 0.9926275674663276, "(0.7043268464347312, 0.7599383072951427)": 0.9921488598149432, "(0.7599383072951427, 0.9289171699273379)": 0.9920279440699441, "(0.9289171699273379, 1.0)": 0.06960382337786344}, "pct": 0.999940806619917, "best_return": 7.6181807502628915}, "ew_ma": {"trend": "ew_ma", "time_param": 89, "q_params": {"(0, 0.10412528603037864)": 1.0, "(0.10412528603037864, 0.45027481912393463)": 0.9999990413861047, "(0.45027481912393463, 0.4799753803360367)": 0.9999092230602064, "(0.4799753803360367, 0.52503289469601)": 0.998913710844318, "(0.52503289469601, 0.5635824177160612)": 0.9950295345152297, "(0.5635824177160612, 0.5898414160354257)": 0.9949458017541882, "(0.5898414160354257, 0.7363534327468001)": 0.9949389628668108, "(0.7363534327468001, 0.8884662857558012)": 0.9938742212309782, "(0.8884662857558012, 0.9204609960526716)": 0.624384395919227, "(0.9204609960526716, 1.0)": 0.22739165672940204}, "pct": 0.9999990413861047, "best_return": 7.828924054378145}, "rel_minmax": {"trend": "rel_minmax", "time_param": 89, "q_params": {"(0, 0.16336271750916861)": 1.0, "(0.16336271750916861, 0.3263620417228948)": 0.9999894204012024, "(0.3263620417228948, 0.38495347570117344)": 0.9999178432027057, "(0.38495347570117344, 0.4130047184905495)": 0.9995501733534653, "(0.4130047184905495, 0.7181274978582932)": 0.9993441220791608, "(0.7181274978582932, 0.7205923164847983)": 0.9968685229064002, "(0.7205923164847983, 0.8194033505423484)": 0.9921892292317717, "(0.8194033505423484, 0.850513993325477)": 0.9920653818383919, "(0.850513993325477, 0.9921044563197052)": 0.7130894946014769, "(0.9921044563197052, 1.0)": 0.48756522473560954}, "pct": 0.7130894946014769, "best_return": 6.282027743154524}, "ew_rel_minmax": {"time_param": 45, "trend": "ew_rel_minmax", "q_params": {"(0, 0.5259401274005507)": 0.9996924788352362, "(0.5259401274005507, 0.5745920007051983)": 0.9835722861650871, "(0.5745920007051983, 0.6952907351551922)": 0.9834872574606388, "(0.6952907351551922, 0.6971325071427324)": 0.573354326695678, "(0.6971325071427324, 0.7606512240443639)": 0.4891116873266214, "(0.7606512240443639, 0.8887901024325476)": 0.4740892826597224, "(0.8887901024325476, 0.9493591760465013)": 0.42006520732050895, "(0.9493591760465013, 0.9521849380164742)": 0.396655049856528, "(0.9521849380164742, 0.956662752684424)": 0.1348088566864921, "(0.956662752684424, 1.0)": 0.0021895515042255065}, "pct": 0.42006520732050895, "best_return": 7.2392432966735925}}