{"ma": {"trend": "ma", "time_param": 89, "q_params": {"(0, 0.34571073873618124)": 1.0, "(0.34571073873618124, 0.4914428775477211)": 0.999972863394429, "(0.4914428775477211, 0.5617891804196729)": 0.999846026391498, "(0.5617891804196729, 0.6207540139117852)": 0.9998133206117907, "(0.6207540139117852, 0.6482657438704935)": 0.9995932616356048, "(0.6482657438704935, 0.6529007138773624)": 0.9975466580296218, "(0.6529007138773624, 0.7024534196075826)": 0.9967818242702575, "(0.7024534196075826, 0.7494315322196551)": 0.9937726043261513, "(0.7494315322196551, 0.9289171699273379)": 0.9920279440699441, "(0.9289171699273379, 1.0)": 0.08432837036511492}, "pct": 0.999972863394429, "best_return": 7.709510464940341}, "ew_ma": {"trend": "ew_ma", "time_param": 89, "q_params": {"(0, 0.10342652801386294)": 0.9999668912190524, "(0.10342652801386294, 0.4398977001372443)": 0.9997755242381565, "(0.4398977001372443, 0.4799753803360367)": 0.9995853606970054, "(0.4799753803360367, 0.5474491413950675)": 0.9971553393493018, "(0.5474491413950675, 0.5926523463903857)": 0.996600777808221, "(0.5926523463903857, 0.6186116307951569)": 0.993863333713532, "(0.6186116307951569, 0.7363534327468001)": 0.9898102477049433, "(0.7363534327468001, 0.8884662857558012)": 0.9655482138794206, "(0.8884662857558012, 0.9133834725606214)": 0.6057675544809872, "(0.9133834725606214, 1.0)": 0.22739165672940204}, "pct": 0.9997755242381565, "best_return": 7.716203091675715}, "rel_minmax": {"trend": "rel_minmax", "time_param": 89, "q_params": {"(0, 0.1624453900949792)": 0.9999902933400068, "(0.1624453900949792, 0.35412310515930784)": 0.9999894204012024, "(0.35412310515930784, 0.3774418084270834)": 0.9999794977932138, "(0.3774418084270834, 0.4132847168181708)": 0.999815781278268, "(0.4132847168181708, 0.7181274978582932)": 0.9993053327200403, "(0.7181274978582932, 0.7299435949760322)": 0.9968685229064002, "(0.7299435949760322, 0.8221079692366163)": 0.9876287919547662, "(0.8221079692366163, 0.8603947876657271)": 0.979028302250283, "(0.8603947876657271, 0.994598770737495)": 0.7525428248966877, "(0.994598770737495, 1.0)": 0.5364064623553749}, "pct": 0.7525428248966877, "best_return": 6.233488869007397}, "ew_rel_minmax": {"time_param": 45, "trend": "ew_rel_minmax", "q_params": {"(0, 0.5208995942703369)": 0.995086724890595, "(0.5208995942703369, 0.5745920007051983)": 0.9835722861650871, "(0.5745920007051983, 0.6634931086549676)": 0.9834872574606388, "(0.6634931086549676, 0.6884218122021017)": 0.5439053902189694, "(0.6884218122021017, 0.7814276824534574)": 0.48788491641344844, "(0.7814276824534574, 0.8521672222832217)": 0.4807651741429754, "(0.8521672222832217, 0.9496210095374438)": 0.41670753092269014, "(0.9496210095374438, 0.9674257000086681)": 0.1879874339752849, "(0.9674257000086681, 0.992137853743238)": 0.1348088566864921, "(0.992137853743238, 1.0)": 0.0021895515042255065}, "pct": 0.41670753092269014, "best_return": 6.600311329593307}}