{"ma": {"trend": "ma", "time_param": 89, "q_params": {"(0, 0.3076174804119518)": 0.9999929827694973, "(0.3076174804119518, 0.4745495566542602)": 0.9999151258320579, "(0.4745495566542602, 0.5289245384129033)": 0.998910340059054, "(0.5289245384129033, 0.6057021919347655)": 0.9981572770246204, "(0.6057021919347655, 0.6553591175587062)": 0.9916905139275811, "(0.6553591175587062, 0.6773443390749944)": 0.9592188887257858, "(0.6773443390749944, 0.7009881439125953)": 0.9311074816876354, "(0.7009881439125953, 0.7432869975260663)": 0.8326947580216487, "(0.7432869975260663, 0.8837327680711354)": 0.5969322977252011, "(0.8837327680711354, 1.0)": 0.01683386086535124}, "pct": 0.8326947580216487, "best_return": 10.462149680663885}, "ew_ma": {"time_param": 193, "trend": "ew_ma", "q_params": {"(0, 0.4013306044649627)": 0.9631776544899577, "(0.4013306044649627, 0.5316710509167171)": 0.926984200849353, "(0.5316710509167171, 0.5778551113976333)": 0.8829215774178091, "(0.5778551113976333, 0.6064332431711073)": 0.8557504248123171, "(0.6064332431711073, 0.6841591147297941)": 0.8470673071487411, "(0.6841591147297941, 0.7292430282465752)": 0.7339531993333099, "(0.7292430282465752, 0.7368297803668311)": 0.6456483149906284, "(0.7368297803668311, 0.8713639893789807)": 0.48743062595163705, "(0.8713639893789807, 0.9865612456955634)": 0.31266704099019754, "(0.9865612456955634, 1.0)": 0.2570691845577792}, "pct": 0.31266704099019754, "best_return": 8.903367579285316}, "rel_minmax": {"trend": "rel_minmax", "time_param": 89, "q_params": {"(0.0, 0.15167216375140255)": 0.9999945313848012, "(0.15167216375140255, 0.35717575019578196)": 0.9999726741976658, "(0.35717575019578196, 0.38300375245852547)": 0.9989848764362593, "(0.38300375245852547, 0.41914062098807586)": 0.9965721846323232, "(0.41914062098807586, 0.7170584935057757)": 0.9915125089043916, "(0.7170584935057757, 0.7343975726431451)": 0.9892547921937702, "(0.7343975726431451, 0.8126740034548996)": 0.9817957674663661, "(0.8126740034548996, 0.9177398224804876)": 0.9419646036612402, "(0.9177398224804876, 0.9972198746200873)": 0.7917033132493385, "(0.9972198746200873, 1.0)": 0.5581735267413686}, "pct": 1, "best_return": 8.479873693012744}, "ew_rel_minmax": {"time_param": 45, "trend": "ew_rel_minmax", "q_params": {"(0.0, 0.5606146335665287)": 0.9947070725322742, "(0.5606146335665287, 0.5940817456592142)": 0.9898205544305021, "(0.5940817456592142, 0.6545245297024032)": 0.9834872574606388, "(0.6545245297024032, 0.6933988661775957)": 0.5453609000003736, "(0.6933988661775957, 0.8127390832296172)": 0.4942502351874849, "(0.8127390832296172, 0.8521672222832217)": 0.47601907672467025, "(0.8521672222832217, 0.9236582148129063)": 0.43652279505124675, "(0.9236582148129063, 0.9804373877489343)": 0.18366498167123374, "(0.9804373877489343, 0.9891429146739307)": 0.14127370178208346, "(0.9891429146739307, 1.0)": 0.12177124470231693}, "pct": 1, "best_return": 8.479873693012744}}