{"ma": {"time_param": 189, "trend": "ma", "q_params": {"(0, 0.0915785581915279)": 0.997882720776419, "(0.0915785581915279, 0.21460461983878332)": 0.9923403583436281, "(0.21460461983878332, 0.35525056878387035)": 0.8479346329061964, "(0.35525056878387035, 0.46181390228205926)": 0.776990204427372, "(0.46181390228205926, 0.5542997253139945)": 0.6974832628084839, "(0.5542997253139945, 0.6419170727944297)": 0.5190176475315355, "(0.6419170727944297, 0.6782982592429911)": 0.48039996769683513, "(0.6782982592429911, 0.732132242642555)": 0.4398235429658409, "(0.732132242642555, 0.8291872214866618)": 0.11102918879422063, "(0.8291872214866618, 1.0)": 0.02651248627587921}, "pct": 0.5190176475315355, "best_return": 8.833273370712437}, "ew_ma": {"time_param": 153, "trend": "ew_ma", "q_params": {"(0, 0.22549771797808182)": 0.9750793364245508, "(0.22549771797808182, 0.37269265806721286)": 0.9574317854106109, "(0.37269265806721286, 0.5153330089178814)": 0.8976536311464239, "(0.5153330089178814, 0.5428041652287388)": 0.7031373789965262, "(0.5428041652287388, 0.5696026210411916)": 0.6668013255173578, "(0.5696026210411916, 0.5710568461772352)": 0.6136560395922049, "(0.5710568461772352, 0.6566556023141928)": 0.5706657716895334, "(0.6566556023141928, 0.7891346841993796)": 0.5061104323556435, "(0.7891346841993796, 0.898561206589115)": 0.41627598118883663, "(0.898561206589115, 1.0)": 0.09868173325874363}, "pct": 0.5061104323556435, "best_return": 9.084075312940566}, "rel_minmax": {"trend": "rel_minmax", "time_param": 89, "q_params": {"(0.0, 0.15167216375140255)": 0.9999945313848012, "(0.15167216375140255, 0.35717575019578196)": 0.9999726741976658, "(0.35717575019578196, 0.38300375245852547)": 0.9989848764362593, "(0.38300375245852547, 0.41914062098807586)": 0.9965721846323232, "(0.41914062098807586, 0.7170584935057757)": 0.9915125089043916, "(0.7170584935057757, 0.7343975726431451)": 0.9892547921937702, "(0.7343975726431451, 0.8126740034548996)": 0.9817957674663661, "(0.8126740034548996, 0.9177398224804876)": 0.9419646036612402, "(0.9177398224804876, 0.9972198746200873)": 0.7917033132493385, "(0.9972198746200873, 1.0)": 0.5581735267413686}, "pct": 1, "best_return": 8.285275268070684}, "ew_rel_minmax": {"time_param": 45, "trend": "ew_rel_minmax", "q_params": {"(0.0, 0.5606146335665287)": 0.9947070725322742, "(0.5606146335665287, 0.5940817456592142)": 0.9898205544305021, "(0.5940817456592142, 0.6545245297024032)": 0.9834872574606388, "(0.6545245297024032, 0.6933988661775957)": 0.5453609000003736, "(0.6933988661775957, 0.8127390832296172)": 0.4942502351874849, "(0.8127390832296172, 0.8521672222832217)": 0.47601907672467025, "(0.8521672222832217, 0.9236582148129063)": 0.43652279505124675, "(0.9236582148129063, 0.9804373877489343)": 0.18366498167123374, "(0.9804373877489343, 0.9891429146739307)": 0.14127370178208346, "(0.9891429146739307, 1.0)": 0.12177124470231693}, "pct": 1, "best_return": 8.285275268070684}}