{"ma": {"trend": "ma", "time_param": 89, "q_params": {"(0, 0.35013068274158515)": 0.999974455713254, "(0.35013068274158515, 0.43107564482525773)": 0.9999151258320579, "(0.43107564482525773, 0.5785727296559127)": 0.9998953913810948, "(0.5785727296559127, 0.5917749213824038)": 0.9912043325243898, "(0.5917749213824038, 0.6508915059863822)": 0.9815122171935028, "(0.6508915059863822, 0.6606019864543321)": 0.9803141228679453, "(0.6606019864543321, 0.6998250498278906)": 0.980086558419659, "(0.6998250498278906, 0.7490415400525621)": 0.8764833905395746, "(0.7490415400525621, 0.8868997752173856)": 0.6961022488794089, "(0.8868997752173856, 1.0)": 0.07056707644589898}, "pct": 0.9912043325243898, "best_return": 7.717424741110106}, "ew_ma": {"trend": "ew_ma", "time_param": 89, "q_params": {"(0, 0.09399270483242217)": 0.9999583057059371, "(0.09399270483242217, 0.42253301330319165)": 0.9997974850922808, "(0.42253301330319165, 0.48861532898577287)": 0.9995910133462557, "(0.48861532898577287, 0.5574380451350007)": 0.9978541133411626, "(0.5574380451350007, 0.5882357367655303)": 0.996455922155202, "(0.5882357367655303, 0.6772664861016428)": 0.9863829340467288, "(0.6772664861016428, 0.7473949011545514)": 0.9751219216794291, "(0.7473949011545514, 0.8696871623813363)": 0.9436377880098639, "(0.8696871623813363, 0.9564950018302214)": 0.5940442836895833, "(0.9564950018302214, 1.0)": 0.2060471596594863}, "pct": 0.9978541133411626, "best_return": 8.029542665904938}, "rel_minmax": {"trend": "rel_minmax", "time_param": 89, "q_params": {"(0, 0.15167216375140255)": 0.9999945313848012, "(0.15167216375140255, 0.35717575019578196)": 0.9999726741976658, "(0.35717575019578196, 0.38300375245852547)": 0.9989848764362593, "(0.38300375245852547, 0.41914062098807586)": 0.9965721846323232, "(0.41914062098807586, 0.7170584935057757)": 0.9915125089043916, "(0.7170584935057757, 0.7343975726431451)": 0.9892547921937702, "(0.7343975726431451, 0.8126740034548996)": 0.9817957674663661, "(0.8126740034548996, 0.9177398224804876)": 0.9419646036612402, "(0.9177398224804876, 0.9972198746200873)": 0.7917033132493385, "(0.9972198746200873, 1.0)": 0.5581735267413686}, "pct": 0.9817957674663661, "best_return": 7.242829146622287}, "ew_rel_minmax": {"time_param": 45, "trend": "ew_rel_minmax", "q_params": {"(0, 0.5606146335665287)": 0.9947070725322742, "(0.5606146335665287, 0.5940817456592142)": 0.9898205544305021, "(0.5940817456592142, 0.6545245297024032)": 0.9834872574606388, "(0.6545245297024032, 0.6933988661775957)": 0.5453609000003736, "(0.6933988661775957, 0.8127390832296172)": 0.4942502351874849, "(0.8127390832296172, 0.8521672222832217)": 0.47601907672467025, "(0.8521672222832217, 0.9236582148129063)": 0.43652279505124675, "(0.9236582148129063, 0.9804373877489343)": 0.18366498167123374, "(0.9804373877489343, 0.9891429146739307)": 0.14127370178208346, "(0.9891429146739307, 1.0)": 0.12177124470231693}, "pct": 0.18366498167123374, "best_return": 7.144223304508122}}