{"ma": {"trend": "ma", "time_param": 89, "q_params": {"(0, 0.3327824486254756)": 1.0, "(0.3327824486254756, 0.49094796416954195)": 0.9999477685605368, "(0.49094796416954195, 0.6004151648581484)": 0.999846026391498, "(0.6004151648581484, 0.6164246972680668)": 0.9989620328424799, "(0.6164246972680668, 0.6294092537514786)": 0.9988264634695788, "(0.6294092537514786, 0.6667226524553505)": 0.9975567469957178, "(0.6667226524553505, 0.7043268464347312)": 0.9935732043530361, "(0.7043268464347312, 0.7417183389201646)": 0.9921488598149432, "(0.7417183389201646, 0.9246533189969713)": 0.9920279440699441, "(0.9246533189969713, 1.0)": 0.06960382337786344}, "pct": 0.999846026391498, "best_return": 8.095017891895989}, "ew_ma": {"trend": "ew_ma", "time_param": 89, "q_params": {"(0, 0.10412528603037864)": 1.0, "(0.10412528603037864, 0.4359206106287283)": 0.9999928201750653, "(0.4359206106287283, 0.5010538954948283)": 0.9999092230602064, "(0.5010538954948283, 0.52503289469601)": 0.998913710844318, "(0.52503289469601, 0.531326002251569)": 0.9950295345152297, "(0.531326002251569, 0.5898414160354257)": 0.9949674113279207, "(0.5898414160354257, 0.7363534327468001)": 0.9949389628668108, "(0.7363534327468001, 0.8790044204754828)": 0.9938742212309782, "(0.8790044204754828, 0.8866054340971083)": 0.624384395919227, "(0.8866054340971083, 1.0)": 0.25009570963633593}, "pct": 0.9999928201750653, "best_return": 8.240044862347741}, "rel_minmax": {"trend": "rel_minmax", "time_param": 89, "q_params": {"(0, 0.16336271750916861)": 1.0, "(0.16336271750916861, 0.3493620336219355)": 0.9999170110883011, "(0.3493620336219355, 0.38495347570117344)": 0.99988916392986, "(0.38495347570117344, 0.4130047184905495)": 0.998958342356406, "(0.4130047184905495, 0.7181274978582932)": 0.9988812715362436, "(0.7181274978582932, 0.7205923164847983)": 0.9968685229064002, "(0.7205923164847983, 0.8210498641192336)": 0.9939594508389569, "(0.8210498641192336, 0.8619433942554853)": 0.9920653818383919, "(0.8619433942554853, 0.9921044563197052)": 0.7512355148123535, "(0.9921044563197052, 1.0)": 0.4753255619807419}, "pct": 0.7512355148123535, "best_return": 6.470439038386036}, "ew_rel_minmax": {"time_param": 45, "trend": "ew_rel_minmax", "q_params": {"(0, 0.5188160280082349)": 0.9996924788352362, "(0.5188160280082349, 0.611669856781722)": 0.9883301687900911, "(0.611669856781722, 0.6964810706712941)": 0.9834872574606388, "(0.6964810706712941, 0.6971325071427324)": 0.573354326695678, "(0.6971325071427324, 0.748484472584192)": 0.4122555774274777, "(0.748484472584192, 0.8887901024325476)": 0.41155362724407596, "(0.8887901024325476, 0.9493591760465013)": 0.4085051339918147, "(0.9493591760465013, 0.9521849380164742)": 0.396655049856528, "(0.9521849380164742, 0.9562191749462738)": 0.13167784791378634, "(0.9562191749462738, 1.0)": 0.0021895515042255065}, "pct": 0.41155362724407596, "best_return": 7.190740108107846}}