{"ma": {"trend": "ma", "time_param": 89, "q_params": {"(0, 0.3327824486254756)": 1.0, "(0.3327824486254756, 0.49094796416954195)": 0.9998768176712249, "(0.49094796416954195, 0.6004151648581484)": 0.999846026391498, "(0.6004151648581484, 0.6102180171425672)": 0.9989620328424799, "(0.6102180171425672, 0.6294092537514786)": 0.9980917545375867, "(0.6294092537514786, 0.6667226524553505)": 0.9975567469957178, "(0.6667226524553505, 0.7043268464347312)": 0.9926275674663276, "(0.7043268464347312, 0.7675493090688684)": 0.9921488598149432, "(0.7675493090688684, 0.9289171699273379)": 0.9920279440699441, "(0.9289171699273379, 1.0)": 0.06960382337786344}, "pct": 0.9998768176712249, "best_return": 7.507493108063043}, "ew_ma": {"trend": "ew_ma", "time_param": 89, "q_params": {"(0, 0.10412528603037864)": 1.0, "(0.10412528603037864, 0.4537567357104539)": 0.9999928201750653, "(0.4537567357104539, 0.4799753803360367)": 0.9999092230602064, "(0.4799753803360367, 0.52503289469601)": 0.998913710844318, "(0.52503289469601, 0.5635824177160612)": 0.9950295345152297, "(0.5635824177160612, 0.5898414160354257)": 0.9949458017541882, "(0.5898414160354257, 0.7363534327468001)": 0.9949389628668108, "(0.7363534327468001, 0.8790044204754828)": 0.9938742212309782, "(0.8790044204754828, 0.8866054340971083)": 0.624384395919227, "(0.8866054340971083, 1.0)": 0.22739165672940204}, "pct": 0.9999928201750653, "best_return": 7.533847255317029}, "rel_minmax": {"trend": "rel_minmax", "time_param": 89, "q_params": {"(0, 0.16336271750916861)": 1.0, "(0.16336271750916861, 0.3263620417228948)": 0.9999894204012024, "(0.3263620417228948, 0.38495347570117344)": 0.99988916392986, "(0.38495347570117344, 0.4130047184905495)": 0.9995501733534653, "(0.4130047184905495, 0.7181274978582932)": 0.9993441220791608, "(0.7181274978582932, 0.7205923164847983)": 0.9968685229064002, "(0.7205923164847983, 0.8210498641192336)": 0.9936822530909798, "(0.8210498641192336, 0.8619433942554853)": 0.9920653818383919, "(0.8619433942554853, 0.9921044563197052)": 0.7130894946014769, "(0.9921044563197052, 1.0)": 0.4753255619807419}, "pct": 0.7130894946014769, "best_return": 6.031945922377863}, "ew_rel_minmax": {"time_param": 45, "trend": "ew_rel_minmax", "q_params": {"(0, 0.5221273543161242)": 0.9996924788352362, "(0.5221273543161242, 0.5898809237591636)": 0.9872022123203935, "(0.5898809237591636, 0.6952907351551922)": 0.9834872574606388, "(0.6952907351551922, 0.6971325071427324)": 0.573354326695678, "(0.6971325071427324, 0.7606512240443639)": 0.5584443946367991, "(0.7606512240443639, 0.8887901024325476)": 0.4740892826597224, "(0.8887901024325476, 0.9493591760465013)": 0.4085051339918147, "(0.9493591760465013, 0.9521849380164742)": 0.396655049856528, "(0.9521849380164742, 0.956662752684424)": 0.11779768302400101, "(0.956662752684424, 1.0)": 0.0021895515042255065}, "pct": 0.4740892826597224, "best_return": 7.0618534577601775}}