{"ma": {"trend": "ma", "time_param": 346, "q_params": {"(0, 0.12623081393371843)": 0.9990053661252689, "(0.12623081393371843, 0.1995672295963113)": 0.9988924902102035, "(0.1995672295963113, 0.32294379844163196)": 0.998738846786041, "(0.32294379844163196, 0.47781563267080035)": 0.9987307538506737, "(0.47781563267080035, 0.531392673385951)": 0.9986307381663517, "(0.531392673385951, 0.6540993974589712)": 0.998367347086403, "(0.6540993974589712, 0.8846891178694791)": 0.9981964194601657, "(0.8846891178694791, 0.8984351382467801)": 0.9796610833100193, "(0.8984351382467801, 0.9093343676403632)": 0.6380848450371187, "(0.9093343676403632, 1.0)": 0.013266944897915646}, "pct": 0.998367347086403, "best_return": 45.53349186211621}, "ew_ma": {"trend": "ew_ma", "time_param": 346, "q_params": {"(0.0, 0.2879718618503788)": 1.0, "(0.2879718618503788, 0.3612205811830959)": 0.9999822208165873, "(0.3612205811830959, 0.37208728144060566)": 0.9998644633974865, "(0.37208728144060566, 0.3999220123693521)": 0.9961638558753338, "(0.3999220123693521, 0.5697924390902953)": 0.9961636681419909, "(0.5697924390902953, 0.5874688834195557)": 0.9961305892760736, "(0.5874688834195557, 0.6340978963627097)": 0.9959171347653663, "(0.6340978963627097, 0.7878579519058097)": 0.9942680309033005, "(0.7878579519058097, 0.9890532131312659)": 0.9911951220611983, "(0.9890532131312659, 1.0)": 0.9910359161258742}, "pct": 1, "best_return": 31.59955785436199}, "rel_minmax": {"trend": "rel_minmax", "time_param": 346, "q_params": {"(0, 0.19747482046340542)": 1.0, "(0.19747482046340542, 0.2277399219445005)": 0.998079183319053, "(0.2277399219445005, 0.31292315173649005)": 0.9977971085365189, "(0.31292315173649005, 0.3990264604139201)": 0.9976296372246025, "(0.3990264604139201, 0.5810896597115696)": 0.9975396517657992, "(0.5810896597115696, 0.6626773738113924)": 0.9961837509764387, "(0.6626773738113924, 0.6929193252163569)": 0.9944667983351327, "(0.6929193252163569, 0.6946834181011838)": 0.9832408224933477, "(0.6946834181011838, 0.9808736967597537)": 0.9569675279140494, "(0.9808736967597537, 1.0)": 0.03315546421798696}, "pct": 0.03315546421798696, "best_return": 38.01970896646456}, "ew_rel_minmax": {"trend": "ew_rel_minmax", "time_param": 346, "q_params": {"(0, 0.23198178982783219)": 0.9998298135397976, "(0.23198178982783219, 0.25258116260171315)": 0.9965791350386488, "(0.25258116260171315, 0.29962991862924243)": 0.99612638193013, "(0.29962991862924243, 0.3685808242790112)": 0.996122958042578, "(0.3685808242790112, 0.5880767796985322)": 0.9961213331367413, "(0.5880767796985322, 0.6614868449210594)": 0.9960877120621066, "(0.6614868449210594, 0.7138785658652469)": 0.996034384392878, "(0.7138785658652469, 0.7460423582978821)": 0.9958501306386983, "(0.7460423582978821, 0.9626232247303399)": 0.9816222719325086, "(0.9626232247303399, 1.0)": 0.5100410864376332}, "pct": 0.5100410864376332, "best_return": 34.418707356475785}}