{"ma": {"trend": "ma", "time_param": 346, "q_params": {"(0, 0.16651436816055115)": 0.9997246898735656, "(0.16651436816055115, 0.18798960907100296)": 0.9988924902102035, "(0.18798960907100296, 0.32294379844163196)": 0.9976113288899827, "(0.32294379844163196, 0.47328751609918035)": 0.9958602319108149, "(0.47328751609918035, 0.5535728396737055)": 0.9919577311504015, "(0.5535728396737055, 0.653521381922264)": 0.9917106690574852, "(0.653521381922264, 0.6623343619669477)": 0.9587116366977189, "(0.6623343619669477, 0.8984351382467801)": 0.8934198428498685, "(0.8984351382467801, 0.9147444255101447)": 0.6380848450371187, "(0.9147444255101447, 1.0)": 0.04102072529198245}, "pct": 0.8934198428498685, "best_return": 43.21344828964649}, "ew_ma": {"trend": "ew_ma", "time_param": 346, "q_params": {"(0, 0.2879718618503788)": 0.9998058512941617, "(0.2879718618503788, 0.3781740768085619)": 0.9997654674277208, "(0.3781740768085619, 0.4103831080042993)": 0.9997585499616304, "(0.4103831080042993, 0.5598397484865177)": 0.9984371436331038, "(0.5598397484865177, 0.5780151561531267)": 0.9960811927142437, "(0.5780151561531267, 0.5874688834195557)": 0.9960704391154696, "(0.5874688834195557, 0.6211262747298593)": 0.9956099545519215, "(0.6211262747298593, 0.7768183056146687)": 0.9952411999964559, "(0.7768183056146687, 0.9710021520637414)": 0.9316479940769034, "(0.9710021520637414, 1.0)": 0.9014444473447295}, "pct": 0.9316479940769034, "best_return": 37.53249582008541}, "rel_minmax": {"trend": "rel_minmax", "time_param": 346, "q_params": {"(0, 0.09626967902089617)": 0.999615550332062, "(0.09626967902089617, 0.24937437500179924)": 0.9988113173647887, "(0.24937437500179924, 0.3636967360393819)": 0.9980267395116602, "(0.3636967360393819, 0.45575179851157455)": 0.9976296372246025, "(0.45575179851157455, 0.6187427729276559)": 0.9975490275938252, "(0.6187427729276559, 0.6844153208430441)": 0.9964763152431844, "(0.6844153208430441, 0.7015367213053116)": 0.9883498685279831, "(0.7015367213053116, 0.7203475655232595)": 0.9857015403164292, "(0.7203475655232595, 0.9709702323874287)": 0.9732742488022504, "(0.9709702323874287, 1.0)": 0.049053792756175926}, "pct": 0.049053792756175926, "best_return": 42.54700054290506}, "ew_rel_minmax": {"trend": "ew_rel_minmax", "time_param": 346, "q_params": {"(0.0, 0.23198178982783219)": 0.9998298135397976, "(0.23198178982783219, 0.25258116260171315)": 0.9965791350386488, "(0.25258116260171315, 0.29962991862924243)": 0.99612638193013, "(0.29962991862924243, 0.3685808242790112)": 0.996122958042578, "(0.3685808242790112, 0.5880767796985322)": 0.9961213331367413, "(0.5880767796985322, 0.6614868449210594)": 0.9960877120621066, "(0.6614868449210594, 0.7138785658652469)": 0.996034384392878, "(0.7138785658652469, 0.7460423582978821)": 0.9958501306386983, "(0.7460423582978821, 0.9626232247303399)": 0.9816222719325086, "(0.9626232247303399, 1.0)": 0.5100410864376332}, "pct": 1, "best_return": 35.96055970979521}}