{"ma": {"trend": "ma", "time_param": 346, "q_params": {"(0, 0.17100374319009576)": 0.9999706009080326, "(0.17100374319009576, 0.1835176574859502)": 0.9977195531904612, "(0.1835176574859502, 0.3116312407782033)": 0.9976512730919449, "(0.3116312407782033, 0.451986320530664)": 0.9972796108415226, "(0.451986320530664, 0.5482146947515175)": 0.9962231511941253, "(0.5482146947515175, 0.6500441347366418)": 0.9911137796934633, "(0.6500441347366418, 0.6563376381091897)": 0.933362768602151, "(0.6563376381091897, 0.8960139133958411)": 0.9230233724684592, "(0.8960139133958411, 0.9036584612387591)": 0.6448720153546147, "(0.9036584612387591, 1.0)": 0.023643323996902384}, "pct": 0.9999706009080326, "best_return": 26.60326478528754}, "ew_ma": {"trend": "ew_ma", "time_param": 346, "q_params": {"(0, 0.29353114952123677)": 0.9999971678147254, "(0.29353114952123677, 0.3781740768085619)": 0.9997010283029689, "(0.3781740768085619, 0.5026333928917022)": 0.9983172292792492, "(0.5026333928917022, 0.5232943709869733)": 0.9981250430591465, "(0.5232943709869733, 0.5640903239242745)": 0.9977883530938008, "(0.5640903239242745, 0.5880087426443882)": 0.9960929126485083, "(0.5880087426443882, 0.619649457745077)": 0.9960347144489405, "(0.619649457745077, 0.9342063019535044)": 0.9952411999964559, "(0.9342063019535044, 0.9710021520637414)": 0.9442199789019564, "(0.9710021520637414, 1.0)": 0.5926057314664455}, "pct": 0.9983172292792492, "best_return": 20.563666338865637}, "rel_minmax": {"trend": "rel_minmax", "time_param": 346, "q_params": {"(0, 0.1437339112427954)": 0.9997777561598558, "(0.1437339112427954, 0.14888393590366175)": 0.9995409769523376, "(0.14888393590366175, 0.33718066330627444)": 0.9994558907996787, "(0.33718066330627444, 0.43036009295004773)": 0.9989484841859716, "(0.43036009295004773, 0.5858767270477988)": 0.9973254796442675, "(0.5858767270477988, 0.7171284422576352)": 0.9968122908125626, "(0.7171284422576352, 0.7248089400673937)": 0.9837365781579114, "(0.7248089400673937, 0.9263986737762527)": 0.9701906622395485, "(0.9263986737762527, 0.9444386964417009)": 0.9679889553836635, "(0.9444386964417009, 1.0)": 0.08799411587686987}, "pct": 0.08799411587686987, "best_return": 37.29759208584085}, "ew_rel_minmax": {"trend": "ew_rel_minmax", "time_param": 346, "q_params": {"(0, 0.014866899778973852)": 0.9998298135397976, "(0.014866899778973852, 0.25258116260171315)": 0.9966798742818898, "(0.25258116260171315, 0.3176949846648332)": 0.99612638193013, "(0.3176949846648332, 0.3685808242790112)": 0.9961243509751955, "(0.3685808242790112, 0.573606118805473)": 0.9961213331367413, "(0.573606118805473, 0.6614868449210594)": 0.9961116912962492, "(0.6614868449210594, 0.7207650098926379)": 0.996034384392878, "(0.7207650098926379, 0.8722156727934492)": 0.9958501306386983, "(0.8722156727934492, 0.9626232247303399)": 0.9816222719325086, "(0.9626232247303399, 1.0)": 0.5145024908255242}, "pct": 0.5145024908255242, "best_return": 22.15438475448583}}