{"ma": {"trend": "ma", "time_param": 346, "q_params": {"(0.0, 0.17100374319009576)": 0.9998356815058094, "(0.17100374319009576, 0.1840262138802545)": 0.9978207220168188, "(0.1840262138802545, 0.3236333300813902)": 0.9976113288899827, "(0.3236333300813902, 0.47680459703401795)": 0.9956894642547035, "(0.47680459703401795, 0.5482146947515175)": 0.9941547079486592, "(0.5482146947515175, 0.6473538056094017)": 0.992918989525386, "(0.6473538056094017, 0.6685536038110641)": 0.9541660346719006, "(0.6685536038110641, 0.8960139133958411)": 0.8940142538228651, "(0.8960139133958411, 0.9036584612387591)": 0.6442083005693501, "(0.9036584612387591, 1.0)": 0.03611257897233775}, "pct": 0.9976113288899827, "best_return": 35.22969403200655}, "ew_ma": {"trend": "ew_ma", "time_param": 346, "q_params": {"(0.0, 0.28384872900248126)": 0.9999971678147254, "(0.28384872900248126, 0.3781740768085619)": 0.9997654674277208, "(0.3781740768085619, 0.41040563149864956)": 0.9986244449046479, "(0.41040563149864956, 0.5598397484865177)": 0.9975131536877916, "(0.5598397484865177, 0.5620988668713865)": 0.9960811927142437, "(0.5620988668713865, 0.5790910660634567)": 0.9960704391154696, "(0.5790910660634567, 0.6271360971351636)": 0.9956099545519215, "(0.6271360971351636, 0.7768183056146687)": 0.9952411999964559, "(0.7768183056146687, 0.9710021520637414)": 0.9442199789019564, "(0.9710021520637414, 1.0)": 0.9014444473447295}, "pct": 1, "best_return": 27.214830933121775}, "rel_minmax": {"trend": "rel_minmax", "time_param": 346, "q_params": {"(0.0, 0.08558179907337887)": 0.999615550332062, "(0.08558179907337887, 0.2454674640196166)": 0.9995409769523376, "(0.2454674640196166, 0.3774359531598661)": 0.9993264671578725, "(0.3774359531598661, 0.43036009295004773)": 0.9976296372246025, "(0.43036009295004773, 0.635438355316183)": 0.9975717529720837, "(0.635438355316183, 0.6733592586138104)": 0.9968122908125626, "(0.6733592586138104, 0.7153824495136031)": 0.9890470236852256, "(0.7153824495136031, 0.7302734334583865)": 0.9732790692163156, "(0.7302734334583865, 0.9759539285043519)": 0.9679889553836635, "(0.9759539285043519, 1.0)": 0.060241609156955415}, "pct": 0.060241609156955415, "best_return": 39.945578129742756}, "ew_rel_minmax": {"trend": "ew_rel_minmax", "time_param": 346, "q_params": {"(0.0, 0.23198178982783219)": 0.9998298135397976, "(0.23198178982783219, 0.25258116260171315)": 0.9966798742818898, "(0.25258116260171315, 0.29962991862924243)": 0.99612638193013, "(0.29962991862924243, 0.3685808242790112)": 0.996123091827749, "(0.3685808242790112, 0.5880767796985322)": 0.9961213331367413, "(0.5880767796985322, 0.6614868449210594)": 0.9961116912962492, "(0.6614868449210594, 0.7138785658652469)": 0.996034384392878, "(0.7138785658652469, 0.7460423582978821)": 0.9958501306386983, "(0.7460423582978821, 0.9626232247303399)": 0.9816222719325086, "(0.9626232247303399, 1.0)": 0.502855319680747}, "pct": 0.502855319680747, "best_return": 27.447845230976398}}