{"ma": {"trend": "ma", "time_param": 346, "q_params": {"(0, 0.15780297036421534)": 0.9990113089323475, "(0.15780297036421534, 0.19832497144195943)": 0.9988924902102035, "(0.19832497144195943, 0.32294379844163196)": 0.9987532915175684, "(0.32294379844163196, 0.4735708365484412)": 0.9986455463546782, "(0.4735708365484412, 0.5521813668755096)": 0.9986307381663517, "(0.5521813668755096, 0.6773196896010935)": 0.9917106690574852, "(0.6773196896010935, 0.8830480579772831)": 0.9689175854642831, "(0.8830480579772831, 0.8984351382467801)": 0.9676348869153344, "(0.8984351382467801, 0.9374104355358446)": 0.6380848450371187, "(0.9374104355358446, 1.0)": 0.04102072529198245}, "pct": 0.9917106690574852, "best_return": 39.63365109900497}, "ew_ma": {"trend": "ew_ma", "time_param": 346, "q_params": {"(0.0, 0.2879718618503788)": 0.9998058512941617, "(0.2879718618503788, 0.3781740768085619)": 0.9997654674277208, "(0.3781740768085619, 0.39684821948032645)": 0.9997585499616304, "(0.39684821948032645, 0.543477266217834)": 0.9984371436331038, "(0.543477266217834, 0.5697924390902953)": 0.996367805609848, "(0.5697924390902953, 0.5874688834195557)": 0.9960704391154696, "(0.5874688834195557, 0.6211262747298593)": 0.9956099545519215, "(0.6211262747298593, 0.7878579519058097)": 0.992288670985381, "(0.7878579519058097, 0.9890532131312659)": 0.9911951220611983, "(0.9890532131312659, 1.0)": 0.9053133483129263}, "pct": 1, "best_return": 35.78260798736906}, "rel_minmax": {"trend": "rel_minmax", "time_param": 346, "q_params": {"(0, 0.13627667481348257)": 1.0, "(0.13627667481348257, 0.24103644111017894)": 0.998079183319053, "(0.24103644111017894, 0.3636967360393819)": 0.9980267395116602, "(0.3636967360393819, 0.45575179851157455)": 0.9976296372246025, "(0.45575179851157455, 0.6187427729276559)": 0.997019026869657, "(0.6187427729276559, 0.6844153208430441)": 0.9950933556631224, "(0.6844153208430441, 0.6971427466069774)": 0.9894774181024067, "(0.6971427466069774, 0.7228557661751975)": 0.9832408224933477, "(0.7228557661751975, 0.9782084140956478)": 0.9569675279140494, "(0.9782084140956478, 1.0)": 0.049053792756175926}, "pct": 0.049053792756175926, "best_return": 37.282345758455826}, "ew_rel_minmax": {"trend": "ew_rel_minmax", "time_param": 346, "q_params": {"(0.0, 0.23198178982783219)": 0.9998298135397976, "(0.23198178982783219, 0.25258116260171315)": 0.9965791350386488, "(0.25258116260171315, 0.29962991862924243)": 0.99612638193013, "(0.29962991862924243, 0.3685808242790112)": 0.996122958042578, "(0.3685808242790112, 0.5880767796985322)": 0.9961213331367413, "(0.5880767796985322, 0.6614868449210594)": 0.9960877120621066, "(0.6614868449210594, 0.7138785658652469)": 0.996034384392878, "(0.7138785658652469, 0.7460423582978821)": 0.9958501306386983, "(0.7460423582978821, 0.9626232247303399)": 0.9816222719325086, "(0.9626232247303399, 1.0)": 0.5100410864376332}, "pct": 1, "best_return": 35.78260798736906}}