{"ma": {"trend": "ma", "time_param": 346, "q_params": {"(0, 0.12644079190154184)": 1.0, "(0.12644079190154184, 0.2961933545965184)": 0.9987687638310198, "(0.2961933545965184, 0.3047850307765507)": 0.9987231164289252, "(0.3047850307765507, 0.4774709104196012)": 0.9986896367555458, "(0.4774709104196012, 0.5358019396193375)": 0.9983687111130958, "(0.5358019396193375, 0.6470613240479299)": 0.998367347086403, "(0.6470613240479299, 0.8846891178694791)": 0.9975192325163611, "(0.8846891178694791, 0.8980971359893682)": 0.9970225613997621, "(0.8980971359893682, 0.9093343676403632)": 0.6201140014966738, "(0.9093343676403632, 1.0)": 0.013266944897915646}, "pct": 0.998367347086403, "best_return": 50.022335940209615}, "ew_ma": {"trend": "ew_ma", "time_param": 346, "q_params": {"(0.0, 0.28509634142602885)": 1.0, "(0.28509634142602885, 0.3643951427960346)": 0.9999822208165873, "(0.3643951427960346, 0.37208728144060566)": 0.9998644633974865, "(0.37208728144060566, 0.3999220123693521)": 0.9961638558753338, "(0.3999220123693521, 0.5697924390902953)": 0.9961636681419909, "(0.5697924390902953, 0.5874688834195557)": 0.9961305892760736, "(0.5874688834195557, 0.6363486261804255)": 0.9959171347653663, "(0.6363486261804255, 0.8039527004908463)": 0.9913713632371065, "(0.8039527004908463, 0.9825666682548526)": 0.9912940941245517, "(0.9825666682548526, 1.0)": 0.9910359161258742}, "pct": 0.9912940941245517, "best_return": 33.7420649190304}, "rel_minmax": {"trend": "rel_minmax", "time_param": 346, "q_params": {"(0, 0.18479365376109985)": 1.0, "(0.18479365376109985, 0.22029737057716542)": 0.998449133706689, "(0.22029737057716542, 0.3123650274973517)": 0.9977991965616272, "(0.3123650274973517, 0.4073998999546614)": 0.9977810988273869, "(0.4073998999546614, 0.5466629910217751)": 0.9972048730593022, "(0.5466629910217751, 0.6469414263901945)": 0.9960022652252557, "(0.6469414263901945, 0.6807417468138233)": 0.9949848628297964, "(0.6807417468138233, 0.7501003990349447)": 0.9932920102853746, "(0.7501003990349447, 0.9788257341914884)": 0.993195335306861, "(0.9788257341914884, 1.0)": 0.07586139557180656}, "pct": 0.07586139557180656, "best_return": 43.3854836390704}, "ew_rel_minmax": {"trend": "ew_rel_minmax", "time_param": 346, "q_params": {"(0, 0.19032722746788377)": 1.0, "(0.19032722746788377, 0.25258116260171315)": 0.9962555223582888, "(0.25258116260171315, 0.30000000000000004)": 0.99612638193013, "(0.30000000000000004, 0.3435459254426306)": 0.9961243888208444, "(0.3435459254426306, 0.5779824355905331)": 0.9961212555639773, "(0.5779824355905331, 0.6614868449210594)": 0.9961112317268601, "(0.6614868449210594, 0.7147000404463142)": 0.9961082144362673, "(0.7147000404463142, 0.7552681372326836)": 0.9956871244616858, "(0.7552681372326836, 0.9626232247303399)": 0.994365811012375, "(0.9626232247303399, 1.0)": 0.6352803658700449}, "pct": 0.6352803658700449, "best_return": 35.33294855546992}}