{"ma": {"trend": "ma", "time_param": 346, "q_params": {"(0, 0.15780297036421534)": 0.9992988560342668, "(0.15780297036421534, 0.19636973193406798)": 0.9988924902102035, "(0.19636973193406798, 0.32294379844163196)": 0.9987532915175684, "(0.32294379844163196, 0.47448476856873856)": 0.9986455463546782, "(0.47448476856873856, 0.5521813668755096)": 0.9986307381663517, "(0.5521813668755096, 0.6773196896010935)": 0.9814256036557808, "(0.6773196896010935, 0.8830480579772831)": 0.9814204021932069, "(0.8830480579772831, 0.8984351382467801)": 0.962098913140311, "(0.8984351382467801, 0.9093343676403632)": 0.6380848450371187, "(0.9093343676403632, 1.0)": 0.04266371527197697}, "pct": 0.9814204021932069, "best_return": 53.45274539884476}, "ew_ma": {"trend": "ew_ma", "time_param": 346, "q_params": {"(0, 0.2879718618503788)": 0.9998058512941617, "(0.2879718618503788, 0.3781740768085619)": 0.9997654674277208, "(0.3781740768085619, 0.39684821948032645)": 0.9997585499616304, "(0.39684821948032645, 0.543477266217834)": 0.9984371436331038, "(0.543477266217834, 0.5697924390902953)": 0.996367805609848, "(0.5697924390902953, 0.5874688834195557)": 0.9960704391154696, "(0.5874688834195557, 0.6211262747298593)": 0.9956099545519215, "(0.6211262747298593, 0.7878579519058097)": 0.992288670985381, "(0.7878579519058097, 0.9890532131312659)": 0.9911951220611983, "(0.9890532131312659, 1.0)": 0.9053133483129263}, "pct": 0.9911951220611983, "best_return": 37.69136115901987}, "rel_minmax": {"trend": "rel_minmax", "time_param": 346, "q_params": {"(0, 0.13627667481348257)": 1.0, "(0.13627667481348257, 0.2277399219445005)": 0.998079183319053, "(0.2277399219445005, 0.3636967360393819)": 0.9980267395116602, "(0.3636967360393819, 0.46778794026799797)": 0.9976296372246025, "(0.46778794026799797, 0.6367072858342758)": 0.9965491734722063, "(0.6367072858342758, 0.6844153208430441)": 0.9947130481783424, "(0.6844153208430441, 0.6971427466069774)": 0.9944667983351327, "(0.6971427466069774, 0.7228557661751975)": 0.9832408224933477, "(0.7228557661751975, 0.9745744886819996)": 0.9569675279140494, "(0.9745744886819996, 1.0)": 0.05642371148657586}, "pct": 0.05642371148657586, "best_return": 38.41763625113126}, "ew_rel_minmax": {"trend": "ew_rel_minmax", "time_param": 346, "q_params": {"(0.0, 0.23198178982783219)": 0.9998298135397976, "(0.23198178982783219, 0.25258116260171315)": 0.9965791350386488, "(0.25258116260171315, 0.29962991862924243)": 0.99612638193013, "(0.29962991862924243, 0.3685808242790112)": 0.996122958042578, "(0.3685808242790112, 0.5880767796985322)": 0.9961213331367413, "(0.5880767796985322, 0.6614868449210594)": 0.9960877120621066, "(0.6614868449210594, 0.7138785658652469)": 0.996034384392878, "(0.7138785658652469, 0.7460423582978821)": 0.9958501306386983, "(0.7460423582978821, 0.9626232247303399)": 0.9816222719325086, "(0.9626232247303399, 1.0)": 0.5100410864376332}, "pct": 1, "best_return": 37.3748213304347}}