{"ma": {"trend": "ma", "time_param": 346, "q_params": {"(0, 0.16565388792656172)": 0.9995892117693079, "(0.16565388792656172, 0.18380456373710835)": 0.9979031014409341, "(0.18380456373710835, 0.32294379844163196)": 0.9976113288899827, "(0.32294379844163196, 0.47328751609918035)": 0.9949059339148799, "(0.47328751609918035, 0.5512001444084453)": 0.9927082415413225, "(0.5512001444084453, 0.6473538056094017)": 0.9917106690574852, "(0.6473538056094017, 0.6702739671971715)": 0.9587116366977189, "(0.6702739671971715, 0.8766379061908299)": 0.8890248591126559, "(0.8766379061908299, 0.9036584612387591)": 0.6382820263563072, "(0.9036584612387591, 1.0)": 0.03611257897233775}, "pct": 0.9917106690574852, "best_return": 44.703281554485606}, "ew_ma": {"trend": "ew_ma", "time_param": 346, "q_params": {"(0, 0.28384872900248126)": 0.9999971678147254, "(0.28384872900248126, 0.3781740768085619)": 0.9997654674277208, "(0.3781740768085619, 0.41040563149864956)": 0.9986244449046479, "(0.41040563149864956, 0.5598397484865177)": 0.9975131536877916, "(0.5598397484865177, 0.5620988668713865)": 0.9960811927142437, "(0.5620988668713865, 0.5790910660634567)": 0.9960704391154696, "(0.5790910660634567, 0.6271360971351636)": 0.9956099545519215, "(0.6271360971351636, 0.7768183056146687)": 0.9952411999964559, "(0.7768183056146687, 0.9710021520637414)": 0.9442199789019564, "(0.9710021520637414, 1.0)": 0.9014444473447295}, "pct": 0.9442199789019564, "best_return": 37.0361183032344}, "rel_minmax": {"trend": "rel_minmax", "time_param": 346, "q_params": {"(0, 0.10008807046358231)": 0.999615550332062, "(0.10008807046358231, 0.2385547345210835)": 0.9993377781013445, "(0.2385547345210835, 0.37782324493051195)": 0.9983053856281678, "(0.37782324493051195, 0.455157038275537)": 0.9976296372246025, "(0.455157038275537, 0.6187427729276559)": 0.9975101045322035, "(0.6187427729276559, 0.6844153208430441)": 0.9968122908125626, "(0.6844153208430441, 0.7051813545875307)": 0.9883498685279831, "(0.7051813545875307, 0.7302734334583865)": 0.9857015403164292, "(0.7302734334583865, 0.9709702323874287)": 0.9669444725605217, "(0.9709702323874287, 1.0)": 0.049053792756175926}, "pct": 0.049053792756175926, "best_return": 40.7364194566684}, "ew_rel_minmax": {"trend": "ew_rel_minmax", "time_param": 346, "q_params": {"(0.0, 0.23198178982783219)": 0.9998298135397976, "(0.23198178982783219, 0.25258116260171315)": 0.9965791350386488, "(0.25258116260171315, 0.29962991862924243)": 0.99612638193013, "(0.29962991862924243, 0.3685808242790112)": 0.996122958042578, "(0.3685808242790112, 0.5880767796985322)": 0.9961213331367413, "(0.5880767796985322, 0.6614868449210594)": 0.9960877120621066, "(0.6614868449210594, 0.7138785658652469)": 0.996034384392878, "(0.7138785658652469, 0.7460423582978821)": 0.9958501306386983, "(0.7460423582978821, 0.9626232247303399)": 0.9816222719325086, "(0.9626232247303399, 1.0)": 0.5100410864376332}, "pct": 1, "best_return": 35.37248437046487}}