{"ma": {"trend": "ma", "time_param": 346, "q_params": {"(0, 0.17100374319009576)": 0.9999304456334618, "(0.17100374319009576, 0.1835176574859502)": 0.9977195531904612, "(0.1835176574859502, 0.3116312407782033)": 0.9976113288899827, "(0.3116312407782033, 0.48847883017008425)": 0.996562528032594, "(0.48847883017008425, 0.5482146947515175)": 0.9962231511941253, "(0.5482146947515175, 0.6500441347366418)": 0.992918989525386, "(0.6500441347366418, 0.6711070821869833)": 0.9541660346719006, "(0.6711070821869833, 0.8960139133958411)": 0.8940142538228651, "(0.8960139133958411, 0.9036584612387591)": 0.6448720153546147, "(0.9036584612387591, 1.0)": 0.023643323996902384}, "pct": 0.9976113288899827, "best_return": 36.00204396760725}, "ew_ma": {"trend": "ew_ma", "time_param": 346, "q_params": {"(0, 0.29353114952123677)": 0.9999971678147254, "(0.29353114952123677, 0.3781740768085619)": 0.9994616014467018, "(0.3781740768085619, 0.38356949392060524)": 0.9983172292792492, "(0.38356949392060524, 0.5598397484865177)": 0.9975131536877916, "(0.5598397484865177, 0.5632149696404082)": 0.9960811927142437, "(0.5632149696404082, 0.5678065682108341)": 0.9960704391154696, "(0.5678065682108341, 0.6271360971351636)": 0.9960347144489405, "(0.6271360971351636, 0.9342063019535044)": 0.9952411999964559, "(0.9342063019535044, 0.9710021520637414)": 0.9442199789019564, "(0.9710021520637414, 1.0)": 0.5955797695874541}, "pct": 0.9952411999964559, "best_return": 27.173732799763158}, "rel_minmax": {"trend": "rel_minmax", "time_param": 346, "q_params": {"(0, 0.23655859246884386)": 0.9997018130509809, "(0.23655859246884386, 0.28680172173891283)": 0.9995409769523376, "(0.28680172173891283, 0.31691662530351167)": 0.9994558907996787, "(0.31691662530351167, 0.43036009295004773)": 0.9976296372246025, "(0.43036009295004773, 0.635438355316183)": 0.9975717529720837, "(0.635438355316183, 0.6365269669812614)": 0.9968122908125626, "(0.6365269669812614, 0.7192125753353167)": 0.9955405376174201, "(0.7192125753353167, 0.7307538690557368)": 0.9701906622395485, "(0.7307538690557368, 0.964534684107794)": 0.9679889553836635, "(0.964534684107794, 1.0)": 0.08799411587686987}, "pct": 0.08799411587686987, "best_return": 36.08884446318347}, "ew_rel_minmax": {"trend": "ew_rel_minmax", "time_param": 346, "q_params": {"(0.0, 0.23198178982783219)": 0.9998298135397976, "(0.23198178982783219, 0.25258116260171315)": 0.9966798742818898, "(0.25258116260171315, 0.29962991862924243)": 0.99612638193013, "(0.29962991862924243, 0.3685808242790112)": 0.996123091827749, "(0.3685808242790112, 0.5880767796985322)": 0.9961213331367413, "(0.5880767796985322, 0.6614868449210594)": 0.9961116912962492, "(0.6614868449210594, 0.7138785658652469)": 0.996034384392878, "(0.7138785658652469, 0.7460423582978821)": 0.9958501306386983, "(0.7460423582978821, 0.9626232247303399)": 0.9816222719325086, "(0.9626232247303399, 1.0)": 0.502855319680747}, "pct": 1, "best_return": 26.506413322154536}}