{"ma": {"trend": "ma", "time_param": 251, "q_params": {"(0.0, 0.9869500317107004)": 1.0, "(0.9869500317107004, 0.9899648977436197)": 0.9999970114314133, "(0.9899648977436197, 0.9901162440129322)": 0.9997234501582134, "(0.9901162440129322, 1.0)": 0.01666800766381451}, "pct": 1.0, "best_return": 15.14541772859909}, "ew_ma": {"trend": "ew_ma", "time_param": 251, "q_params": {"(0.0, 0.9564905495900018)": 1.0, "(0.9564905495900018, 0.9565694663425924)": 0.9627076157984052, "(0.9565694663425924, 0.9568171615043475)": 0.09958535399512908, "(0.9568171615043475, 1.0)": 0.0006991968931491334}, "pct": 1.0, "best_return": 16.074521978335653}, "rel_minmax": {"trend": "rel_minmax", "time_param": 251, "q_params": {"(0.0, 0.9928770123481511)": 1.0, "(0.9928770123481511, 0.9986071030774962)": 0.9999988168264777, "(0.9986071030774962, 0.9988101147829168)": 0.9997738658653664, "(0.9988101147829168, 1.0)": 0.016741173054982482}, "pct": 1.0, "best_return": 13.942241980465457}, "ew_rel_minmax": {"trend": "ew_rel_minmax", "time_param": 251, "q_params": {"(0, 0.9888011454878711)": 1.0, "(0.9888011454878711, 0.9895414190284654)": 0.999999955046622, "(0.9895414190284654, 0.9896943644997739)": 0.9992927287402587, "(0.9896943644997739, 1.0)": 0.011698038073820196}, "pct": 1.0, "best_return": 14.862608588624601}}