{"ma": {"trend": "ma", "time_param": 251, "q_params": {"(0, 0.9447527389922636)": 1.0, "(0.9447527389922636, 0.9667146906394429)": 0.9999844387714497, "(0.9667146906394429, 0.9741480970519513)": 0.9634745096567802, "(0.9741480970519513, 1.0)": 0.009089884203358928}, "pct": 1.0, "best_return": 7.034276547491233}, "ew_ma": {"time_param": 146, "trend": "ew_ma", "q_params": {"(0.0, 0.9583352278035783)": 0.9999764342584916, "(0.9583352278035783, 0.9843562617533613)": 0.9985411859828627, "(0.9843562617533613, 0.9869615338201269)": 0.15632405901516164, "(0.9869615338201269, 1.0)": 5.1913018251292766e-05}, "pct": 0.9999764342584916, "best_return": 6.929524793882634}, "rel_minmax": {"trend": "rel_minmax", "time_param": 251, "q_params": {"(0, 0.47074889660767844)": 1.0, "(0.47074889660767844, 0.9559347199887593)": 0.9999996115166448, "(0.9559347199887593, 0.9924026107306906)": 0.9999194988241908, "(0.9924026107306906, 1.0)": 0.1371644918287985}, "pct": 1.0, "best_return": 5.353173832372338}, "ew_rel_minmax": {"trend": "ew_rel_minmax", "time_param": 251, "q_params": {"(0.0, 0.9565642499816522)": 1.0, "(0.9565642499816522, 0.966831988249037)": 0.9998608426454404, "(0.966831988249037, 0.9679262653229235)": 0.022070519472093215, "(0.9679262653229235, 1.0)": 0.0004047793195336133}, "pct": 1.0, "best_return": 7.530811285645173}}