{"ma": {"trend": "ma", "time_param": 251, "q_params": {"(0.0, 0.9559410040872741)": 1.0, "(0.9559410040872741, 0.9900240897815297)": 0.9999973126989337, "(0.9900240897815297, 0.9902887111988979)": 0.4374638311285802, "(0.9902887111988979, 1.0)": 0.0001365381538051473}, "pct": 1.0, "best_return": 14.287419852802685}, "ew_ma": {"trend": "ew_ma", "time_param": 251, "q_params": {"(0.0, 0.9217781969705403)": 1.0, "(0.9217781969705403, 0.9564571826358818)": 0.9999742624403678, "(0.9564571826358818, 0.9565590877691731)": 0.9473274701739733, "(0.9565590877691731, 1.0)": 0.0005336143268766949}, "pct": 1.0, "best_return": 15.138412329890684}, "rel_minmax": {"trend": "rel_minmax", "time_param": 251, "q_params": {"(0.0, 0.8020905457163743)": 1.0, "(0.8020905457163743, 0.9907092300319712)": 0.9999997307560193, "(0.9907092300319712, 0.9962972038332004)": 0.9779586835761828, "(0.9962972038332004, 1.0)": 0.002109970147596542}, "pct": 1, "best_return": 12.923478956244839}, "ew_rel_minmax": {"trend": "ew_rel_minmax", "time_param": 251, "q_params": {"(0.0, 0.9375109370324498)": 1.0, "(0.9375109370324498, 0.9605543022223376)": 0.9999812732134437, "(0.9605543022223376, 0.9894334898761519)": 0.9995071717386618, "(0.9894334898761519, 1.0)": 0.00045309222030090815}, "pct": 1.0, "best_return": 14.009818210771687}}