{"ma": {"trend": "ma", "time_param": 251, "q_params": {"(0, 0.9093170964988168)": 1.0, "(0.9093170964988168, 0.9721362467916573)": 0.9999718262184463, "(0.9721362467916573, 0.9890249730753171)": 0.9993925114708074, "(0.9890249730753171, 1.0)": 0.020282335241208885}, "pct": 1.0, "best_return": 6.718618299964408}, "ew_ma": {"trend": "ew_ma", "time_param": 251, "q_params": {"(0, 0.9569147021545363)": 1.0, "(0.9569147021545363, 0.9687201389359718)": 0.999, "(0.9687201389359718, 0.9717638674757594)": 0.06793418209753851, "(0.9717638674757594, 1.0)": 0.0032538398438179176}, "pct": 1.0, "best_return": 7.848668499794003}, "rel_minmax": {"trend": "rel_minmax", "time_param": 251, "q_params": {"(0, 0.4786129265230501)": 1.0, "(0.4786129265230501, 0.7838746823825515)": 0.9999959417087424, "(0.7838746823825515, 0.9935186015612402)": 0.9999205638467646, "(0.9935186015612402, 1.0)": 0.9982977251756175}, "pct": 1.0, "best_return": 5.349347231201133}, "ew_rel_minmax": {"trend": "ew_rel_minmax", "time_param": 251, "q_params": {"(0, 0.8284643599794539)": 1.0, "(0.8284643599794539, 0.963972587443257)": 0.999992815928275, "(0.963972587443257, 0.9664237995207487)": 0.9987717999583486, "(0.9664237995207487, 1.0)": 0.007615240024198402}, "pct": 1.0, "best_return": 7.386584532955937}}