{"ma": {"trend": "ma", "time_param": 126, "q_params": {"(0, 0.9621153856467596)": 1.0, "(0.9621153856467596, 0.9834409622286052)": 0.9999995889994018, "(0.9834409622286052, 0.9883178389131562)": 0.9996063059933499, "(0.9883178389131562, 1.0)": 0.002591210841462018}, "pct": 1.0, "best_return": 5.284559034644098}, "ew_ma": {"trend": "ew_ma", "time_param": 126, "q_params": {"(0, 0.9303527293747619)": 1.0, "(0.9303527293747619, 0.9308813973129741)": 0.9861703691537692, "(0.9308813973129741, 0.9815517221750738)": 0.8699683426841363, "(0.9815517221750738, 1.0)": 0.019732166841502273}, "pct": 1.0, "best_return": 4.701954590378902}, "rel_minmax": {"trend": "rel_minmax", "time_param": 126, "q_params": {"(0, 0.01607750902193785)": 1.0, "(0.01607750902193785, 0.6487929432813841)": 0.9999998442659975, "(0.6487929432813841, 0.9960541385308911)": 0.9999323323264449, "(0.9960541385308911, 1.0)": 0.0011248262937829934}, "pct": 0.9999998442659975, "best_return": 4.536771263753744}, "ew_rel_minmax": {"trend": "ew_rel_minmax", "time_param": 126, "q_params": {"(0.0, 0.9620148643448317)": 1.0, "(0.9620148643448317, 0.977223228852499)": 0.9999927366094381, "(0.977223228852499, 0.9802434260382301)": 0.9996318143038398, "(0.9802434260382301, 1.0)": 0.03693181415901254}, "pct": 1.0, "best_return": 4.880925681474552}}