{"ma": {"trend": "ma", "time_param": 126, "q_params": {"(0, 0.9602616647087487)": 1.0, "(0.9602616647087487, 0.9814399976490586)": 0.9999787186453273, "(0.9814399976490586, 0.9866558478479248)": 0.9984296088601331, "(0.9866558478479248, 1.0)": 0.004528504653657908}, "pct": 1.0, "best_return": 2.6636347958108715}, "ew_ma": {"trend": "ew_ma", "time_param": 126, "q_params": {"(0, 0.9211808447794985)": 1.0, "(0.9211808447794985, 0.9555615873385991)": 0.9999999548278522, "(0.9555615873385991, 0.9659196098949366)": 0.9994241682719848, "(0.9659196098949366, 1.0)": 0.0027986655546671305}, "pct": 1.0, "best_return": 3.0806843581615113}, "rel_minmax": {"trend": "rel_minmax", "time_param": 126, "q_params": {"(0.0, 0.04562390690202088)": 1.0, "(0.04562390690202088, 0.05116504763326536)": 0.9980175838866021, "(0.05116504763326536, 0.8393834245897609)": 0.998001, "(0.8393834245897609, 1.0)": 0.0002523110006514562}, "pct": 0.998001, "best_return": 2.4294607683659573}, "ew_rel_minmax": {"trend": "ew_rel_minmax", "time_param": 126, "q_params": {"(0, 0.9396812226946191)": 1.0, "(0.9396812226946191, 0.9741657316754545)": 0.9999817943128065, "(0.9741657316754545, 0.9814463561673319)": 0.998349441376681, "(0.9814463561673319, 1.0)": 0.017127736085341308}, "pct": 1.0, "best_return": 2.580061643465942}}