{"ma": {"trend": "ma", "time_param": 251, "q_params": {"(0.0, 0.9899979528884456)": 1.0, "(0.9899979528884456, 0.990018434986389)": 0.9999943457039698, "(0.990018434986389, 0.9902164592369515)": 0.48366005691953057, "(0.9902164592369515, 1.0)": 0.0004042117042805449}, "pct": 1.0, "best_return": 15.170743444905842}, "ew_ma": {"trend": "ew_ma", "time_param": 251, "q_params": {"(0.0, 0.921413882049876)": 1.0, "(0.921413882049876, 0.9560532463582748)": 0.9999989072783174, "(0.9560532463582748, 0.9562492607092365)": 0.9998910912988298, "(0.9562492607092365, 1.0)": 0.00011749640995312155}, "pct": 1.0, "best_return": 16.076050433121992}, "rel_minmax": {"trend": "rel_minmax", "time_param": 251, "q_params": {"(0, 0.7091189354795013)": 1.0, "(0.7091189354795013, 0.9984603113883477)": 0.9999998276063001, "(0.9984603113883477, 0.9989222204191884)": 0.8616200819602795, "(0.9989222204191884, 1.0)": 0.0002881843048862541}, "pct": 1.0, "best_return": 13.93154771032282}, "ew_rel_minmax": {"trend": "ew_rel_minmax", "time_param": 251, "q_params": {"(0.0, 0.9897463423833186)": 1.0, "(0.9897463423833186, 0.9897613647156063)": 0.9999997133811375, "(0.9897613647156063, 0.9897939929955494)": 0.99970701613535, "(0.9897939929955494, 1.0)": 0.0001716100951368262}, "pct": 1.0, "best_return": 14.876944063918293}}