{"ma": {"trend": "ma", "time_param": 251, "q_params": {"(0.0, 0.9896995034388231)": 1.0, "(0.9896995034388231, 0.9899648977436197)": 0.9999970114314133, "(0.9899648977436197, 0.9901162440129322)": 0.9997234501582134, "(0.9901162440129322, 1.0)": 0.00020230917688359123}, "pct": 1.0, "best_return": 14.287325303035528}, "ew_ma": {"trend": "ew_ma", "time_param": 251, "q_params": {"(0.0, 0.9564905495900018)": 1.0, "(0.9564905495900018, 0.9565694663425924)": 0.9627076157984052, "(0.9565694663425924, 0.9568171615043475)": 0.09958535399512908, "(0.9568171615043475, 1.0)": 0.0002650561829593695}, "pct": 1.0, "best_return": 15.139095988334374}, "rel_minmax": {"trend": "rel_minmax", "time_param": 251, "q_params": {"(0.0, 0.9838357910903194)": 1.0, "(0.9838357910903194, 0.9954299217195661)": 0.9922962522143395, "(0.9954299217195661, 0.9978975934281072)": 0.6100645088243503, "(0.9978975934281072, 1.0)": 0.010075733115594784}, "pct": 1, "best_return": 12.923478956244839}, "ew_rel_minmax": {"trend": "ew_rel_minmax", "time_param": 251, "q_params": {"(0.0, 0.9888011454878711)": 1.0, "(0.9888011454878711, 0.9895414190284654)": 0.999999955046622, "(0.9895414190284654, 0.9896943644997739)": 0.9992927287402587, "(0.9896943644997739, 1.0)": 0.0005101681233133533}, "pct": 1.0, "best_return": 14.009948022491013}}