{"ma": {"trend": "ma", "time_param": 251, "q_params": {"(0, 0.9551720304526078)": 1.0, "(0.9551720304526078, 0.9557890094158928)": 0.9985017109029705, "(0.9557890094158928, 0.9899443520769166)": 0.998469798953576, "(0.9899443520769166, 1.0)": 0.0023678699751733855}, "pct": 1.0, "best_return": 14.283198168468495}, "ew_ma": {"trend": "ew_ma", "time_param": 251, "q_params": {"(0.0, 0.9560169294346602)": 1.0, "(0.9560169294346602, 0.9562342834164923)": 0.9999905964702727, "(0.9562342834164923, 0.9638263429894126)": 0.0010288206889647136, "(0.9638263429894126, 1.0)": 1.4688021565225777e-05}, "pct": 1.0, "best_return": 15.365887188829788}, "rel_minmax": {"trend": "rel_minmax", "time_param": 251, "q_params": {"(0.0, 0.7021200976577455)": 1.0, "(0.7021200976577455, 0.9905819915738627)": 0.9999989050281103, "(0.9905819915738627, 0.9978242657206149)": 0.9706051825315338, "(0.9978242657206149, 1.0)": 0.003099298534789992}, "pct": 1, "best_return": 12.923478956244839}, "ew_rel_minmax": {"trend": "ew_rel_minmax", "time_param": 251, "q_params": {"(0.0, 0.9603378301307772)": 1.0, "(0.9603378301307772, 0.9894288657621079)": 0.9999981623094335, "(0.9894288657621079, 0.9896838526554916)": 0.9988381769561241, "(0.9896838526554916, 1.0)": 0.0005422112311431486}, "pct": 1.0, "best_return": 14.00990990980614}}