{"ma": {"time_param": 141, "trend": "ma", "q_params": {"(0, 0.06392009245710562)": 0.9528704823934724, "(0.06392009245710562, 0.7119142367474712)": 0.8652294195252807, "(0.7119142367474712, 0.9777653898715923)": 0.7274342091507261, "(0.9777653898715923, 1)": 0.17779293542723384}, "pct": 0.9528704823934724, "best_return": 1.740147557409603}, "ew_ma": {"time_param": 117, "trend": "ew_ma", "q_params": {"(0, 0.9311110613656914)": 0.9999161796157252, "(0.9311110613656914, 0.9492873380861394)": 0.9970337162573703, "(0.9492873380861394, 0.9545558284771143)": 0.1712273130574476, "(0.9545558284771143, 1.0)": 0.012199057602207545}, "pct": 0.9999161796157252, "best_return": 2.379844804633651}, "rel_minmax": {"time_param": 68, "trend": "rel_minmax", "q_params": {"(0, 0.7471645287966596)": 0.9998870360725831, "(0.7471645287966596, 0.9080956627193215)": 0.9842996491716669, "(0.9080956627193215, 0.9206960788372323)": 0.9463350599513023, "(0.9206960788372323, 1.0)": 0.049640661093753036}, "pct": 0.9998870360725831, "best_return": 2.004314159360272}, "ew_rel_minmax": {"time_param": 128, "trend": "ew_rel_minmax", "q_params": {"(0, 0.9059239567936395)": 0.9999592094840954, "(0.9059239567936395, 0.9206270829462975)": 0.9993885075405738, "(0.9206270829462975, 0.934751650530034)": 0.989828796018243, "(0.934751650530034, 1.0)": 0.002179941757811454}, "pct": 0.9999592094840954, "best_return": 2.1336056707587736}}