{"ma": {"trend": "ma", "time_param": 251, "q_params": {"(0.0, 0.9668775027530223)": 1.0, "(0.9668775027530223, 0.9740004258280263)": 0.9999994716800951, "(0.9740004258280263, 0.9741075865031351)": 0.9995805121665209, "(0.9741075865031351, 1.0)": 0.00023703659816401337}, "pct": 1.0, "best_return": 6.490964418047586}, "ew_ma": {"trend": "ew_ma", "time_param": 251, "q_params": {"(0.0, 0.967761792038598)": 1.0, "(0.967761792038598, 0.9687234625176397)": 0.9931538856777701, "(0.9687234625176397, 0.9716289500789512)": 0.00014787288763638937, "(0.9716289500789512, 1.0)": 2.2136736180541185e-07}, "pct": 1.0, "best_return": 7.352688354449803}, "rel_minmax": {"trend": "rel_minmax", "time_param": 251, "q_params": {"(0.0, 0.8463233523565552)": 1.0, "(0.8463233523565552, 0.9296699102645145)": 0.9999996499999219, "(0.9296699102645145, 0.9329856055980488)": 0.9998394890881007, "(0.9329856055980488, 1.0)": 0.0007672319807602204}, "pct": 1, "best_return": 4.938383252658185}, "ew_rel_minmax": {"time_param": 346, "trend": "ew_rel_minmax", "q_params": {"(0.0, 0.9042454107929839)": 0.9999501117175158, "(0.9042454107929839, 0.9148173938697497)": 0.00016896416188820962, "(0.9148173938697497, 0.9493151331173071)": 0.000168694567616627, "(0.9493151331173071, 1.0)": 3.855971340449686e-09}, "pct": 0.9999501117175158, "best_return": 7.012638476053412}}