{"ma": {"time_param": 114, "trend": "ma", "q_params": {"(0, 0.877971318788678)": 0.9999981439639052, "(0.877971318788678, 0.9753701709148893)": 0.9999650134763386, "(0.9753701709148893, 0.9829552047001827)": 0.9994686605421074, "(0.9829552047001827, 1.0)": 0.00022542127003585659}, "pct": 0.9999981439639052, "best_return": 2.4796979101515357}, "ew_ma": {"trend": "ew_ma", "time_param": 75, "q_params": {"(0.0, 0.25)": 1.0, "(0.25, 0.5)": 0.999, "(0.5, 0.75)": 0.998001, "(0.75, 1.0)": 0.997002999}, "pct": 1, "best_return": 2.2631476866420646}, "rel_minmax": {"trend": "rel_minmax", "time_param": 75, "q_params": {"(0.0, 0.25)": 1.0, "(0.25, 0.5)": 0.999, "(0.5, 0.75)": 0.998001, "(0.75, 1.0)": 0.997002999}, "pct": 1, "best_return": 2.2631476866420646}, "ew_rel_minmax": {"time_param": 144, "trend": "ew_rel_minmax", "q_params": {"(0, 0.9289890728834562)": 0.9999994399475789, "(0.9289890728834562, 0.9832826481716075)": 0.9992230560445486, "(0.9832826481716075, 0.9833513972289125)": 0.0806594082450017, "(0.9833513972289125, 1.0)": 0.0021243619604340938}, "pct": 0.9999994399475789, "best_return": 2.521600188700959}}