{"ma": {"trend": "ma", "time_param": 251, "q_params": {"(0.0, 0.9623015052996329)": 1.0, "(0.9623015052996329, 0.9739913131540507)": 0.9999718262184463, "(0.9739913131540507, 0.9915574989162296)": 0.02265746259500534, "(0.9915574989162296, 1.0)": 7.392322970013226e-05}, "pct": 1.0, "best_return": 6.4984670280165195}, "ew_ma": {"trend": "ew_ma", "time_param": 251, "q_params": {"(0.0, 0.967605961199586)": 1.0, "(0.967605961199586, 0.9688766491685498)": 0.9991422897946904, "(0.9688766491685498, 0.9717638674757594)": 0.0006058795825591599, "(0.9717638674757594, 1.0)": 3.3407627726551275e-05}, "pct": 1.0, "best_return": 7.35227674327777}, "rel_minmax": {"trend": "rel_minmax", "time_param": 251, "q_params": {"(0.0, 0.4865306497040179)": 1.0, "(0.4865306497040179, 0.7838746823825515)": 0.9999959417087424, "(0.7838746823825515, 0.9563373149370202)": 0.9999205638467646, "(0.9563373149370202, 1.0)": 0.9982977251756175}, "pct": 1, "best_return": 4.938383252658185}, "ew_rel_minmax": {"trend": "ew_rel_minmax", "time_param": 251, "q_params": {"(0, 0.9599525535598126)": 1.0, "(0.9599525535598126, 0.9658085179060475)": 0.999992815928275, "(0.9658085179060475, 0.9690120823624688)": 0.0036141919668392017, "(0.9690120823624688, 1.0)": 3.853365583806631e-05}, "pct": 1.0, "best_return": 7.035848481769096}}