{"ma": {"trend": "ma", "time_param": 251, "q_params": {"(0.0, 0.9507451938705334)": 1.0, "(0.9507451938705334, 0.98937657577291)": 0.9999973126989337, "(0.98937657577291, 0.9905627081934187)": 0.9981716516405067, "(0.9905627081934187, 1.0)": 0.029792654933094107}, "pct": 1.0, "best_return": 15.094957786988642}, "ew_ma": {"trend": "ew_ma", "time_param": 251, "q_params": {"(0.0, 0.9191528719339341)": 1.0, "(0.9191528719339341, 0.9564571826358818)": 0.9999742624403678, "(0.9564571826358818, 0.9565590877691731)": 0.9473274701739733, "(0.9565590877691731, 1.0)": 0.0025020308768457546}, "pct": 1.0, "best_return": 16.070275723845178}, "rel_minmax": {"trend": "rel_minmax", "time_param": 251, "q_params": {"(0, 0.5925277777492997)": 1.0, "(0.5925277777492997, 0.98864743680807)": 0.9999997307560193, "(0.98864743680807, 0.9976600040856697)": 0.9999066252726705, "(0.9976600040856697, 1.0)": 0.02973218421881865}, "pct": 1.0, "best_return": 13.66452447797615}, "ew_rel_minmax": {"trend": "ew_rel_minmax", "time_param": 251, "q_params": {"(0, 0.9227690648603564)": 1.0, "(0.9227690648603564, 0.9605543022223376)": 0.9999285967459894, "(0.9605543022223376, 0.9894334898761519)": 0.98424604657285, "(0.9894334898761519, 1.0)": 0.031110289213469505}, "pct": 1.0, "best_return": 14.83265738423178}}