{"ma": {"trend": "ma", "time_param": 251, "q_params": {"(0.0, 0.9543518856325203)": 1.0, "(0.9543518856325203, 0.9896823480929302)": 0.999999801634978, "(0.9896823480929302, 0.9899033398176551)": 0.9994438197808909, "(0.9899033398176551, 1.0)": 7.677859463717806e-05}, "pct": 1.0, "best_return": 15.171136233085623}, "ew_ma": {"trend": "ew_ma", "time_param": 251, "q_params": {"(0.0, 0.8845924855099754)": 1.0, "(0.8845924855099754, 0.9560323858546762)": 0.9999976907194482, "(0.9560323858546762, 0.9561974645648204)": 0.9995496227327624, "(0.9561974645648204, 1.0)": 0.0018136063516566298}, "pct": 1.0, "best_return": 16.072142097987918}, "rel_minmax": {"trend": "rel_minmax", "time_param": 251, "q_params": {"(0.0, 0.7496168330785934)": 1.0, "(0.7496168330785934, 0.996936423961909)": 0.9999984491772247, "(0.996936423961909, 0.9988353238766717)": 0.9998168138175377, "(0.9988353238766717, 1.0)": 0.012859944060352875}, "pct": 1.0, "best_return": 13.943345648253313}, "ew_rel_minmax": {"trend": "ew_rel_minmax", "time_param": 251, "q_params": {"(0.0, 0.9880938950029392)": 1.0, "(0.9880938950029392, 0.989576501792047)": 0.99999803177411, "(0.989576501792047, 0.989644383036294)": 0.9998451459941513, "(0.989644383036294, 1.0)": 0.006643151509074013}, "pct": 1.0, "best_return": 14.86889399560325}}