{"ma": {"trend": "ma", "time_param": 251, "q_params": {"(0, 0.9535183113096002)": 1.0, "(0.9535183113096002, 0.9780702932038503)": 0.9999656491040368, "(0.9780702932038503, 0.9952237483122403)": 0.0001416590632609474, "(0.9952237483122403, 1.0)": 4.196757056949614e-07}, "pct": 1.0, "best_return": 6.471501191280749}, "ew_ma": {"trend": "ew_ma", "time_param": 251, "q_params": {"(0, 0.9570590531720823)": 1.0, "(0.9570590531720823, 0.9681094333385581)": 0.9999981481477251, "(0.9681094333385581, 0.9734072776295367)": 0.004349590641675394, "(0.9734072776295367, 1.0)": 4.0573669938694614e-05}, "pct": 1.0, "best_return": 7.1381969398742875}, "rel_minmax": {"trend": "rel_minmax", "time_param": 251, "q_params": {"(0.0, 0.8092080264260708)": 1.0, "(0.8092080264260708, 0.9868086920987656)": 0.9999966160330731, "(0.9868086920987656, 0.998832021087354)": 0.9978979493827382, "(0.998832021087354, 1.0)": 0.11976257236999382}, "pct": 1, "best_return": 4.938383252658185}, "ew_rel_minmax": {"trend": "ew_rel_minmax", "time_param": 251, "q_params": {"(0.0, 0.9520698430328937)": 1.0, "(0.9520698430328937, 0.9599326849557067)": 0.999999561766205, "(0.9599326849557067, 0.9660116129511297)": 0.9999016032141216, "(0.9660116129511297, 1.0)": 0.0002608682746779124}, "pct": 1.0, "best_return": 6.937148082217043}}