{"ma": {"trend": "ma", "time_param": 251, "q_params": {"(0.0, 0.9563513689628321)": 1.0, "(0.9563513689628321, 0.9896823480929302)": 0.999999801634978, "(0.9896823480929302, 0.9899033398176551)": 0.9994566180410106, "(0.9899033398176551, 1.0)": 7.677859463717806e-05}, "pct": 1.0, "best_return": 14.287402323576003}, "ew_ma": {"trend": "ew_ma", "time_param": 251, "q_params": {"(0.0, 0.9213155678940418)": 1.0, "(0.9213155678940418, 0.9560323858546762)": 0.9999976907194482, "(0.9560323858546762, 0.9561974645648204)": 0.9995496227327624, "(0.9561974645648204, 1.0)": 0.0012146013585896207}, "pct": 1.0, "best_return": 15.137226878802354}, "rel_minmax": {"trend": "rel_minmax", "time_param": 251, "q_params": {"(0.0, 0.49879202651267995)": 1.0, "(0.49879202651267995, 0.9967335628936242)": 0.9999984491772247, "(0.9967335628936242, 0.9971064059991268)": 0.5093391308447095, "(0.9971064059991268, 1.0)": 0.0001922748370251522}, "pct": 1, "best_return": 12.923478956244839}, "ew_rel_minmax": {"trend": "ew_rel_minmax", "time_param": 251, "q_params": {"(0.0, 0.988761765293635)": 1.0, "(0.988761765293635, 0.989576501792047)": 0.99999803177411, "(0.989576501792047, 0.989644383036294)": 0.9998451459941513, "(0.989644383036294, 1.0)": 0.00034125198271706624}, "pct": 1.0, "best_return": 14.010145793373535}}