{"ma": {"trend": "ma", "time_param": 251, "q_params": {"(0.0, 0.9456923979091102)": 1.0, "(0.9456923979091102, 0.966515831228497)": 0.9999875923465865, "(0.966515831228497, 0.9741480970519513)": 0.9991570487401852, "(0.9741480970519513, 1.0)": 8.976113673523235e-06}, "pct": 1.0, "best_return": 6.491294238022652}, "ew_ma": {"time_param": 146, "trend": "ew_ma", "q_params": {"(0.0, 0.9785715625919729)": 0.9999764342584916, "(0.9785715625919729, 0.9866201261045539)": 0.9992624015609587, "(0.9866201261045539, 0.9868593515171039)": 0.09982594839165587, "(0.9868593515171039, 1.0)": 5.1913018251292766e-05}, "pct": 0.9999764342584916, "best_return": 6.455355637005487}, "rel_minmax": {"trend": "rel_minmax", "time_param": 251, "q_params": {"(0.0, 0.5734645442487842)": 1.0, "(0.5734645442487842, 0.9750106503924428)": 0.9999996115166448, "(0.9750106503924428, 0.981528072803899)": 0.9812824610805227, "(0.981528072803899, 1.0)": 0.3091040030789032}, "pct": 1, "best_return": 4.938383252658185}, "ew_rel_minmax": {"trend": "ew_rel_minmax", "time_param": 251, "q_params": {"(0.0, 0.9611942087103527)": 1.0, "(0.9611942087103527, 0.9638359738950207)": 0.5845790893513747, "(0.9638359738950207, 0.9659189906604986)": 0.5830736920358528, "(0.9659189906604986, 1.0)": 0.0004047793195336133}, "pct": 1.0, "best_return": 6.880106683407963}}