{"ma": {"trend": "ma", "time_param": 251, "q_params": {"(0.0, 0.9647455877087031)": 1.0, "(0.9647455877087031, 0.966849660825161)": 0.999999963002469, "(0.966849660825161, 0.9740781766576522)": 0.9999809032310603, "(0.9740781766576522, 1.0)": 0.00039035151360233735}, "pct": 1.0, "best_return": 6.490698163411635}, "ew_ma": {"trend": "ew_ma", "time_param": 251, "q_params": {"(0, 0.9673628846002807)": 1.0, "(0.9673628846002807, 0.9688928711037423)": 0.999998753021885, "(0.9688928711037423, 0.97170517261378)": 0.023017220342132202, "(0.97170517261378, 1.0)": 0.0006035503122444873}, "pct": 1.0, "best_return": 7.333328051405095}, "rel_minmax": {"trend": "rel_minmax", "time_param": 251, "q_params": {"(0.0, 0.7947720033642467)": 1.0, "(0.7947720033642467, 0.9942725534116237)": 0.9999829772971077, "(0.9942725534116237, 0.994911758383543)": 0.43894714115261807, "(0.994911758383543, 1.0)": 0.00014925183714407236}, "pct": 1, "best_return": 4.938383252658185}, "ew_rel_minmax": {"trend": "ew_rel_minmax", "time_param": 251, "q_params": {"(0.0, 0.960062559500042)": 1.0, "(0.960062559500042, 0.9655794542984194)": 0.9999947347470879, "(0.9655794542984194, 0.975799433202665)": 0.023024182238217346, "(0.975799433202665, 1.0)": 0.001047159098272223}, "pct": 1.0, "best_return": 7.020547583488154}}