{"ma": {"time_param": 141, "trend": "ma", "q_params": {"(0.0, 0.9502561826805007)": 0.9999499832180706, "(0.9502561826805007, 0.9604951145232644)": 0.9992001019741872, "(0.9604951145232644, 0.9826094736395531)": 0.9951124814109049, "(0.9826094736395531, 1.0)": 0.001224200776732188}, "pct": 0.9999499832180706, "best_return": 1.9784963705620038}, "ew_ma": {"time_param": 117, "trend": "ew_ma", "q_params": {"(0.0, 0.9370720895358451)": 0.9999767541641612, "(0.9370720895358451, 0.9517743611447794)": 0.9994762769579573, "(0.9517743611447794, 0.9980457612068377)": 0.0003516151591159058, "(0.9980457612068377, 1.0)": 5.6740520640640105e-06}, "pct": 0.9999767541641612, "best_return": 2.281567523296265}, "rel_minmax": {"time_param": 101, "trend": "rel_minmax", "q_params": {"(0, 0.8169115953996964)": 0.999966957594687, "(0.8169115953996964, 0.8395324220082861)": 0.9988747134551322, "(0.8395324220082861, 0.8869408657381124)": 0.06216324116797377, "(0.8869408657381124, 1.0)": 0.0007930013917936157}, "pct": 0.999966957594687, "best_return": 1.8568255119968424}, "ew_rel_minmax": {"time_param": 128, "trend": "ew_rel_minmax", "q_params": {"(0.0, 0.915703599051995)": 0.9999907517654604, "(0.915703599051995, 0.9347235131187879)": 0.9998489019733897, "(0.9347235131187879, 0.9352917355497943)": 0.9952333322966747, "(0.9352917355497943, 1.0)": 0.0005345286839315013}, "pct": 0.9999907517654604, "best_return": 1.9810963887908843}}