{"ma": {"trend": "ma", "time_param": 126, "q_params": {"(0.0, 0.9583711822659735)": 1.0, "(0.9583711822659735, 0.9814399976490586)": 0.999999182573394, "(0.9814399976490586, 0.9857849746519608)": 0.9999513496017048, "(0.9857849746519608, 1.0)": 0.0010882283571595778}, "pct": 1.0, "best_return": 2.4722226335850412}, "ew_ma": {"trend": "ew_ma", "time_param": 126, "q_params": {"(0, 0.9275686842037117)": 1.0, "(0.9275686842037117, 0.9643375384014649)": 0.9999999548278522, "(0.9643375384014649, 0.9725885078432867)": 0.9997582408123193, "(0.9725885078432867, 1.0)": 0.0011410379219190614}, "pct": 1.0, "best_return": 2.825055102811646}, "rel_minmax": {"trend": "rel_minmax", "time_param": 126, "q_params": {"(0.0, 0.030501268717018352)": 1.0, "(0.030501268717018352, 0.8187128014457824)": 0.999984205179636, "(0.8187128014457824, 0.9064414507868959)": 0.9957446362111889, "(0.9064414507868959, 1.0)": 9.388639656017771e-05}, "pct": 0.999984205179636, "best_return": 2.5032484133877726}, "ew_rel_minmax": {"trend": "ew_rel_minmax", "time_param": 126, "q_params": {"(0.0, 0.9716911941549848)": 1.0, "(0.9716911941549848, 0.979516645574684)": 0.998351659546886, "(0.979516645574684, 0.9814463561673319)": 0.998349441376681, "(0.9814463561673319, 1.0)": 0.0009266286484531524}, "pct": 1.0, "best_return": 2.418607438806727}}