{"ma": {"time_param": 114, "trend": "ma", "q_params": {"(0, 0.471161845328108)": 0.9999886276271704, "(0.471161845328108, 0.9753701709148893)": 0.9991283545682109, "(0.9753701709148893, 0.9829552047001827)": 0.9130217477465409, "(0.9829552047001827, 1.0)": 0.0018729941354127255}, "pct": 0.9999886276271704, "best_return": 2.5976148282034814}, "ew_ma": {"trend": "ew_ma", "time_param": 75, "q_params": {"(0.0, 0.25)": 1.0, "(0.25, 0.5)": 0.999, "(0.5, 0.75)": 0.998001, "(0.75, 1.0)": 0.997002999}, "pct": 1, "best_return": 2.392128247686147}, "rel_minmax": {"trend": "rel_minmax", "time_param": 75, "q_params": {"(0.0, 0.25)": 1.0, "(0.25, 0.5)": 0.999, "(0.5, 0.75)": 0.998001, "(0.75, 1.0)": 0.997002999}, "pct": 1, "best_return": 2.392128247686147}, "ew_rel_minmax": {"trend": "ew_rel_minmax", "time_param": 75, "q_params": {"(0.0, 0.25)": 1.0, "(0.25, 0.5)": 0.999, "(0.5, 0.75)": 0.998001, "(0.75, 1.0)": 0.997002999}, "pct": 1, "best_return": 2.392128247686147}}