{"ma": {"trend": "ma", "time_param": 126, "q_params": {"(0.0, 0.9688833711084136)": 1.0, "(0.9688833711084136, 0.9846668884938794)": 0.9999995889994018, "(0.9846668884938794, 0.9883178389131562)": 0.9996063059933499, "(0.9883178389131562, 1.0)": 0.0006809856259668902}, "pct": 1.0, "best_return": 5.007013374372886}, "ew_ma": {"trend": "ew_ma", "time_param": 126, "q_params": {"(0.0, 0.9265664593866882)": 1.0, "(0.9265664593866882, 0.9282300931384239)": 0.8689289820746348, "(0.9282300931384239, 0.9815517221750738)": 0.8684440402492469, "(0.9815517221750738, 1.0)": 0.00023212446635973013}, "pct": 1.0, "best_return": 4.465332000676125}, "rel_minmax": {"trend": "rel_minmax", "time_param": 126, "q_params": {"(0.0, 0.03529570625620625)": 1.0, "(0.03529570625620625, 0.6487929432813841)": 0.9999998442659975, "(0.6487929432813841, 0.9960541385308911)": 0.9999323323264449, "(0.9960541385308911, 1.0)": 0.0011248262937829934}, "pct": 1, "best_return": 4.178223885610853}, "ew_rel_minmax": {"trend": "ew_rel_minmax", "time_param": 126, "q_params": {"(0.0, 0.9753236767768185)": 1.0, "(0.9753236767768185, 0.977223228852499)": 0.9999990902829928, "(0.977223228852499, 0.9802434260382301)": 0.9996318143038398, "(0.9802434260382301, 1.0)": 0.0004584757320761062}, "pct": 1.0, "best_return": 4.644537559264979}}