{"ma": {"time_param": 93, "trend": "ma", "q_params": {"(0.0, 0.4630086396411691)": 0.8998115730005962, "(0.4630086396411691, 0.4788431016777198)": 0.8111188718150004, "(0.4788431016777198, 0.49691679765631597)": 0.7275353442057726, "(0.49691679765631597, 0.5481540704703733)": 0.7087797162491738, "(0.5481540704703733, 0.5956224717603118)": 0.6751032268918651, "(0.5956224717603118, 0.7116865473829458)": 0.6260721670281693, "(0.7116865473829458, 0.7311264963194033)": 0.4722276507230718, "(0.7311264963194033, 0.8900303639482955)": 0.4720327525735972, "(0.8900303639482955, 0.9808308046685078)": 0.37569821892453603, "(0.9808308046685078, 1.0)": 0.209721043330613}, "pct": 1, "best_return": 1220.9919921875}, "ew_ma": {"trend": "ew_ma", "time_param": 892, "q_params": {"(0, 0.008548585871058199)": 0.9998311399854946, "(0.008548585871058199, 0.2035215990371555)": 0.9996143996662401, "(0.2035215990371555, 0.23055099465422393)": 0.9990890076450194, "(0.23055099465422393, 0.2875268310488574)": 0.9948157448247682, "(0.2875268310488574, 0.5238286750340255)": 0.9877075518400702, "(0.5238286750340255, 0.7670034803257451)": 0.9854069472758175, "(0.7670034803257451, 0.7777428484828292)": 0.9490124900994169, "(0.7777428484828292, 0.987849691254154)": 0.6715272798027766, "(0.987849691254154, 0.9985006892564917)": 0.4742147552746241, "(0.9985006892564917, 1.0)": 0.038116269807093456}, "pct": 0.9854069472758175, "best_return": 1906.5058649156613}, "rel_minmax": {"time_param": 191, "trend": "rel_minmax", "q_params": {"(0.0, 0.07372280048289237)": 0.962633288323525, "(0.07372280048289237, 0.24979946810410403)": 0.9121068800274608, "(0.24979946810410403, 0.42899729267682385)": 0.9019522299454114, "(0.42899729267682385, 0.43552124984322105)": 0.730953721547249, "(0.43552124984322105, 0.44205356472461843)": 0.7117042078164386, "(0.44205356472461843, 0.5574021665706711)": 0.6119897500153545, "(0.5574021665706711, 0.6439697612409506)": 0.38505180815823936, "(0.6439697612409506, 0.9891653614157997)": 0.2921962001726694, "(0.9891653614157997, 0.9976200192908022)": 0.2734347197018752, "(0.9976200192908022, 1.0)": 0.21569296558057044}, "pct": 1, "best_return": 1220.9919921875}, "ew_rel_minmax": {"time_param": 155, "trend": "ew_rel_minmax", "q_params": {"(0.0, 0.12925969003220625)": 0.9711640276720892, "(0.12925969003220625, 0.1963141687787796)": 0.9675044948290347, "(0.1963141687787796, 0.21451618182496857)": 0.8085418111152786, "(0.21451618182496857, 0.3014246952203406)": 0.7906395525037445, "(0.3014246952203406, 0.44941995977900895)": 0.7633564702180136, "(0.44941995977900895, 0.6413001645559261)": 0.5416044501085656, "(0.6413001645559261, 0.8172700577831464)": 0.4991655820195532, "(0.8172700577831464, 0.8715588627818419)": 0.2301753353732101, "(0.8715588627818419, 0.990473069618645)": 0.2096219673388721, "(0.990473069618645, 1.0)": 0.12333045764859263}, "pct": 1, "best_return": 1220.9919921875}}