{"ma": {"time_param": 93, "trend": "ma", "q_params": {"(0.0, 0.4630086396411691)": 0.8998115730005962, "(0.4630086396411691, 0.4788431016777198)": 0.8111188718150004, "(0.4788431016777198, 0.49691679765631597)": 0.7275353442057726, "(0.49691679765631597, 0.5481540704703733)": 0.7087797162491738, "(0.5481540704703733, 0.5956224717603118)": 0.6751032268918651, "(0.5956224717603118, 0.7116865473829458)": 0.6260721670281693, "(0.7116865473829458, 0.7311264963194033)": 0.4722276507230718, "(0.7311264963194033, 0.8900303639482955)": 0.4720327525735972, "(0.8900303639482955, 0.9808308046685078)": 0.37569821892453603, "(0.9808308046685078, 1.0)": 0.209721043330613}, "pct": 1, "best_return": 1116.4844696795624}, "ew_ma": {"trend": "ew_ma", "time_param": 892, "q_params": {"(0.0, 0.005811269932740209)": 1.0, "(0.005811269932740209, 0.2123845966565758)": 0.9982003692282205, "(0.2123845966565758, 0.2296170624664671)": 0.9981695469518905, "(0.2296170624664671, 0.2848119841080428)": 0.9969063314418634, "(0.2848119841080428, 0.7464734959775583)": 0.9969062591691961, "(0.7464734959775583, 0.7714751221464867)": 0.9968828188492144, "(0.7714751221464867, 0.7746366226171637)": 0.9632521057438534, "(0.7746366226171637, 0.7819692246178374)": 0.936487433739001, "(0.7819692246178374, 0.9990334138497465)": 0.935691915766158, "(0.9990334138497465, 1.0)": 0.0023092191250996276}, "pct": 1, "best_return": 1116.4844696795624}, "rel_minmax": {"time_param": 191, "trend": "rel_minmax", "q_params": {"(0.0, 0.07372280048289237)": 0.962633288323525, "(0.07372280048289237, 0.24979946810410403)": 0.9121068800274608, "(0.24979946810410403, 0.42899729267682385)": 0.9019522299454114, "(0.42899729267682385, 0.43552124984322105)": 0.730953721547249, "(0.43552124984322105, 0.44205356472461843)": 0.7117042078164386, "(0.44205356472461843, 0.5574021665706711)": 0.6119897500153545, "(0.5574021665706711, 0.6439697612409506)": 0.38505180815823936, "(0.6439697612409506, 0.9891653614157997)": 0.2921962001726694, "(0.9891653614157997, 0.9976200192908022)": 0.2734347197018752, "(0.9976200192908022, 1.0)": 0.21569296558057044}, "pct": 1, "best_return": 1116.4844696795624}, "ew_rel_minmax": {"time_param": 155, "trend": "ew_rel_minmax", "q_params": {"(0.0, 0.12925969003220625)": 0.9711640276720892, "(0.12925969003220625, 0.1963141687787796)": 0.9675044948290347, "(0.1963141687787796, 0.21451618182496857)": 0.8085418111152786, "(0.21451618182496857, 0.3014246952203406)": 0.7906395525037445, "(0.3014246952203406, 0.44941995977900895)": 0.7633564702180136, "(0.44941995977900895, 0.6413001645559261)": 0.5416044501085656, "(0.6413001645559261, 0.8172700577831464)": 0.4991655820195532, "(0.8172700577831464, 0.8715588627818419)": 0.2301753353732101, "(0.8715588627818419, 0.990473069618645)": 0.2096219673388721, "(0.990473069618645, 1.0)": 0.12333045764859263}, "pct": 1, "best_return": 1116.4844696795624}}