{"ma": {"trend": "ma", "time_param": 892, "q_params": {"(0, 0.1677993014157402)": 1.0, "(0.1677993014157402, 0.20711884046410192)": 0.9999721083750719, "(0.20711884046410192, 0.39098144109901256)": 0.9978489127438741, "(0.39098144109901256, 0.5175589807739697)": 0.9978486327200123, "(0.5175589807739697, 0.5558802876499103)": 0.9978445603331262, "(0.5558802876499103, 0.5643084178207102)": 0.9976332591797353, "(0.5643084178207102, 0.5662873241123478)": 0.9932584773744366, "(0.5662873241123478, 0.5796931784798718)": 0.9932091899677535, "(0.5796931784798718, 0.8667575228597929)": 0.9932060821503518, "(0.8667575228597929, 1.0)": 0.9918279685972758}, "pct": 0.9976332591797353, "best_return": 1048.9636388269923}, "ew_ma": {"trend": "ew_ma", "time_param": 892, "q_params": {"(0, 0.005811269932740209)": 1.0, "(0.005811269932740209, 0.2123845966565758)": 0.9982003692282205, "(0.2123845966565758, 0.2296170624664671)": 0.9981695469518905, "(0.2296170624664671, 0.2848119841080428)": 0.9969063314418634, "(0.2848119841080428, 0.7464734959775583)": 0.9969062591691961, "(0.7464734959775583, 0.7714751221464867)": 0.9968828188492144, "(0.7714751221464867, 0.7746366226171637)": 0.9632521057438534, "(0.7746366226171637, 0.7819692246178374)": 0.936487433739001, "(0.7819692246178374, 0.9990334138497465)": 0.935691915766158, "(0.9990334138497465, 1.0)": 0.0023092191250996276}, "pct": 0.9969062591691961, "best_return": 1312.763008182876}, "rel_minmax": {"trend": "rel_minmax", "time_param": 892, "q_params": {"(0, 0.021535602653945024)": 1.0, "(0.021535602653945024, 0.0342536717427231)": 0.9962925883438959, "(0.0342536717427231, 0.26003331414603426)": 0.9962681359486983, "(0.26003331414603426, 0.2787816437874444)": 0.9962518679474895, "(0.2787816437874444, 0.5503746570615246)": 0.9962409924134786, "(0.5503746570615246, 0.5558384947943793)": 0.993380786652345, "(0.5558384947943793, 0.6123303042011152)": 0.9931286691428866, "(0.6123303042011152, 0.6220711457070512)": 0.993108671312971, "(0.6220711457070512, 0.9888942296911242)": 0.9931079159400007, "(0.9888942296911242, 1.0)": 0.12385790151296744}, "pct": 0.12385790151296744, "best_return": 1082.8851706833168}, "ew_rel_minmax": {"trend": "ew_rel_minmax", "time_param": 892, "q_params": {"(0, 0.05119895580798674)": 1.0, "(0.05119895580798674, 0.06140072525263747)": 0.9967845673077784, "(0.06140072525263747, 0.35821590417269583)": 0.9964566779926177, "(0.35821590417269583, 0.5818865196214149)": 0.9964430490801358, "(0.5818865196214149, 0.5880004979558889)": 0.9959992585658701, "(0.5880004979558889, 0.893865516820847)": 0.9941438360190215, "(0.893865516820847, 0.9008960615007126)": 0.9938731772940421, "(0.9008960615007126, 0.9293556010599404)": 0.9938207968648333, "(0.9293556010599404, 0.9777141116051563)": 0.9920279440699441, "(0.9777141116051563, 1.0)": 0.5634516839865304}, "pct": 0.5634516839865304, "best_return": 1086.7897990938256}}