{"ma": {"trend": "ma", "time_param": 892, "q_params": {"(0, 0.1677993014157402)": 1.0, "(0.1677993014157402, 0.2199205125422331)": 0.9999721083750719, "(0.2199205125422331, 0.39098144109901256)": 0.9978489127438741, "(0.39098144109901256, 0.5175589807739697)": 0.9978205463895072, "(0.5175589807739697, 0.5337452211280546)": 0.9975532280467199, "(0.5337452211280546, 0.5613988556391735)": 0.9972289935235258, "(0.5613988556391735, 0.5662718026056992)": 0.9932584773744366, "(0.5662718026056992, 0.5890007578699418)": 0.9932235342015966, "(0.5890007578699418, 0.8505730682985178)": 0.9932060821503518, "(0.8505730682985178, 1.0)": 0.9910359161258742}, "pct": 0.9972289935235258, "best_return": 958.1035838141302}, "ew_ma": {"trend": "ew_ma", "time_param": 892, "q_params": {"(0, 0.01439137084661532)": 1.0, "(0.01439137084661532, 0.2123845966565758)": 0.9982003692282205, "(0.2123845966565758, 0.2296170624664671)": 0.9981695469518905, "(0.2296170624664671, 0.3665519180121865)": 0.9969063314418634, "(0.3665519180121865, 0.7464734959775583)": 0.9969062591691961, "(0.7464734959775583, 0.7708984445178293)": 0.9968828188492144, "(0.7708984445178293, 0.7735315387500963)": 0.9834153541217928, "(0.7735315387500963, 0.7760159762996615)": 0.9589930854864965, "(0.7760159762996615, 0.9913693659621243)": 0.9577591181049189, "(0.9913693659621243, 1.0)": 0.1215377998307306}, "pct": 0.9969062591691961, "best_return": 1062.892541486885}, "rel_minmax": {"trend": "rel_minmax", "time_param": 892, "q_params": {"(0, 0.05772104369009874)": 1.0, "(0.05772104369009874, 0.21804059037834558)": 0.9972514524632856, "(0.21804059037834558, 0.23199514339930474)": 0.9962908613010851, "(0.23199514339930474, 0.2820579162533984)": 0.9962563467204617, "(0.2820579162533984, 0.5503746570615246)": 0.9962409924134786, "(0.5503746570615246, 0.5558384947943793)": 0.9947252136364378, "(0.5558384947943793, 0.559398426950364)": 0.9932358129718069, "(0.559398426950364, 0.6311967890543988)": 0.9931151029169895, "(0.6311967890543988, 0.9888942296911242)": 0.9931079159400007, "(0.9888942296911242, 1.0)": 0.12385790151296744}, "pct": 0.12385790151296744, "best_return": 992.503945419791}, "ew_rel_minmax": {"trend": "ew_rel_minmax", "time_param": 892, "q_params": {"(0, 0.05119895580798674)": 1.0, "(0.05119895580798674, 0.06140072525263747)": 0.9967845673077784, "(0.06140072525263747, 0.36663328352764085)": 0.9964566779926177, "(0.36663328352764085, 0.5453376142809662)": 0.9964356975220068, "(0.5453376142809662, 0.59503640365703)": 0.9963445906456079, "(0.59503640365703, 0.8895372820440661)": 0.9946113443094767, "(0.8895372820440661, 0.917440282236971)": 0.9942361487674286, "(0.917440282236971, 0.9245958660180952)": 0.9937990631820967, "(0.9245958660180952, 0.9328986859642345)": 0.9920279440699441, "(0.9328986859642345, 1.0)": 0.6738084356416918}, "pct": 0.6738084356416918, "best_return": 999.0986321132712}}