{"ma": {"trend": "ma", "time_param": 713, "q_params": {"(0, 0.06764643443655145)": 0.9997767839692998, "(0.06764643443655145, 0.2744496875042553)": 0.99862927054869, "(0.2744496875042553, 0.2803475721249068)": 0.9982883917794597, "(0.2803475721249068, 0.46489630393123327)": 0.9980661909824993, "(0.46489630393123327, 0.6086950249395434)": 0.9979979128204692, "(0.6086950249395434, 0.7638922632065506)": 0.997957321851185, "(0.7638922632065506, 0.8208202032390056)": 0.9969513200368703, "(0.8208202032390056, 0.8271280727286909)": 0.9968735960104063, "(0.8271280727286909, 0.8904073724614554)": 0.794934530863608, "(0.8904073724614554, 1.0)": 0.39289943359125923}, "pct": 0.9969513200368703, "best_return": 71.51747980705825}, "ew_ma": {"trend": "ew_ma", "time_param": 713, "q_params": {"(0, 0.3409906251295974)": 0.9982542456569058, "(0.3409906251295974, 0.38096209812588033)": 0.9979896382245863, "(0.38096209812588033, 0.3877659826285591)": 0.9960888705407781, "(0.3877659826285591, 0.3892900553021028)": 0.9960099694489261, "(0.3892900553021028, 0.44525028334631056)": 0.9956044106603411, "(0.44525028334631056, 0.6925980037922695)": 0.9952947884893061, "(0.6925980037922695, 0.8917032816714849)": 0.9802010484843088, "(0.8917032816714849, 0.9090611788561415)": 0.855234616621776, "(0.9090611788561415, 0.9824842756302682)": 0.7647118095993659, "(0.9824842756302682, 1.0)": 0.34891163688680277}, "pct": 0.7647118095993659, "best_return": 74.31365694988935}, "rel_minmax": {"trend": "rel_minmax", "time_param": 713, "q_params": {"(0, 0.22821563400739622)": 0.9998030993381436, "(0.22821563400739622, 0.299411847995128)": 0.9994149887176815, "(0.299411847995128, 0.342229010465899)": 0.9993585855747235, "(0.342229010465899, 0.42232328402519875)": 0.9964355270180326, "(0.42232328402519875, 0.45509737064495936)": 0.9944334776530721, "(0.45509737064495936, 0.5218383708723209)": 0.9941791044409499, "(0.5218383708723209, 0.5732598171998032)": 0.9925359093424574, "(0.5732598171998032, 0.6276129194235729)": 0.9910368595169843, "(0.6276129194235729, 0.8174951590686662)": 0.9778943268343657, "(0.8174951590686662, 1.0)": 0.9287123851697472}, "pct": 0.9287123851697472, "best_return": 70.50504501880663}, "ew_rel_minmax": {"trend": "ew_rel_minmax", "time_param": 713, "q_params": {"(0, 0.2569911550169401)": 0.9999980350447581, "(0.2569911550169401, 0.3206843966586064)": 0.998574158165711, "(0.3206843966586064, 0.34776823833534776)": 0.9980801191204354, "(0.34776823833534776, 0.3666399008331756)": 0.9968792172041907, "(0.3666399008331756, 0.3952202923346431)": 0.9967919458489828, "(0.3952202923346431, 0.5069843086387542)": 0.9947800472016456, "(0.5069843086387542, 0.6077719332090996)": 0.9938290743848355, "(0.6077719332090996, 0.6459624390547287)": 0.9906862676785501, "(0.6459624390547287, 0.8279812850102748)": 0.981962372270887, "(0.8279812850102748, 1.0)": 0.6859825578588167}, "pct": 0.6859825578588167, "best_return": 76.87885645010473}}