{"ma": {"trend": "ma", "time_param": 713, "q_params": {"(0, 0.06807349911488736)": 0.9998448446770404, "(0.06807349911488736, 0.2744496875042553)": 0.9990178286025666, "(0.2744496875042553, 0.28104463107845695)": 0.998444418970142, "(0.28104463107845695, 0.46489630393123327)": 0.9981516097794733, "(0.46489630393123327, 0.614829803803106)": 0.9979979128204692, "(0.614829803803106, 0.7680749130829891)": 0.997957321851185, "(0.7680749130829891, 0.8167288530103168)": 0.9969513200368703, "(0.8167288530103168, 0.8571271473975467)": 0.9968735960104063, "(0.8571271473975467, 0.8904073724614554)": 0.8066464161219873, "(0.8904073724614554, 1.0)": 0.39289943359125923}, "pct": 0.9969513200368703, "best_return": 104.0272557213654}, "ew_ma": {"trend": "ew_ma", "time_param": 713, "q_params": {"(0, 0.33102004409887975)": 0.9982542456569058, "(0.33102004409887975, 0.3669935913083981)": 0.9975654157433024, "(0.3669935913083981, 0.38102460086037976)": 0.997502271078455, "(0.38102460086037976, 0.38885590554425287)": 0.9957954943145804, "(0.38885590554425287, 0.44525028334631056)": 0.989394984363767, "(0.44525028334631056, 0.6925980037922695)": 0.985412842207348, "(0.6925980037922695, 0.8917032816714849)": 0.9802010484843088, "(0.8917032816714849, 0.9090611788561415)": 0.8728113442626059, "(0.9090611788561415, 0.9824842756302682)": 0.7647118095993659, "(0.9824842756302682, 1.0)": 0.3502415325378291}, "pct": 0.7647118095993659, "best_return": 77.24969392876855}, "rel_minmax": {"trend": "rel_minmax", "time_param": 713, "q_params": {"(0, 0.22821563400739622)": 0.9998030993381436, "(0.22821563400739622, 0.299411847995128)": 0.9994149887176815, "(0.299411847995128, 0.342229010465899)": 0.9993585855747235, "(0.342229010465899, 0.42232328402519875)": 0.9964355270180326, "(0.42232328402519875, 0.45509737064495936)": 0.9944334776530721, "(0.45509737064495936, 0.5218383708723209)": 0.9934610748132762, "(0.5218383708723209, 0.5732598171998032)": 0.9925359093424574, "(0.5732598171998032, 0.6335082622782591)": 0.9910368595169843, "(0.6335082622782591, 0.8174951590686662)": 0.9897079698188935, "(0.8174951590686662, 1.0)": 0.9491514319469174}, "pct": 0.9491514319469174, "best_return": 75.26234169812545}, "ew_rel_minmax": {"trend": "ew_rel_minmax", "time_param": 713, "q_params": {"(0, 0.26383888299425207)": 0.9999980350447581, "(0.26383888299425207, 0.3236922079173144)": 0.998574158165711, "(0.3236922079173144, 0.35001467682201387)": 0.9977593954470325, "(0.35001467682201387, 0.39440683966715173)": 0.9968792172041907, "(0.39440683966715173, 0.40797595265093056)": 0.9966810847048984, "(0.40797595265093056, 0.5069843086387542)": 0.9962197509602375, "(0.5069843086387542, 0.6104063604176024)": 0.9938290743848355, "(0.6104063604176024, 0.6427344380119212)": 0.9863089733617091, "(0.6427344380119212, 0.8279812850102748)": 0.981962372270887, "(0.8279812850102748, 1.0)": 0.6907547278036683}, "pct": 0.6907547278036683, "best_return": 80.65529175217156}}