{"ma": {"trend": "ma", "time_param": 713, "q_params": {"(0, 0.2510798679913962)": 1.0, "(0.2510798679913962, 0.25964013979089146)": 0.9989742728172631, "(0.25964013979089146, 0.30000000000000004)": 0.9979887959753634, "(0.30000000000000004, 0.34987615445548054)": 0.997988477600171, "(0.34987615445548054, 0.5796580486166072)": 0.9979626897307164, "(0.5796580486166072, 0.7177138064992358)": 0.9979035969111317, "(0.7177138064992358, 0.819892399280884)": 0.9976330616748053, "(0.819892399280884, 0.8478282573385858)": 0.9973011848829845, "(0.8478282573385858, 0.8646595460893217)": 0.9920279440699441, "(0.8646595460893217, 1.0)": 0.32852407779632703}, "pct": 0.9920279440699441, "best_return": 86.00876307642753}, "ew_ma": {"trend": "ew_ma", "time_param": 713, "q_params": {"(0, 0.3222961951227804)": 1.0, "(0.3222961951227804, 0.36572748160107943)": 0.999963650941158, "(0.36572748160107943, 0.38608649458790417)": 0.9997705996352539, "(0.38608649458790417, 0.389434144703718)": 0.9959971264615336, "(0.389434144703718, 0.4084536592351389)": 0.9959010534606876, "(0.4084536592351389, 0.6931835666785722)": 0.9958934678901944, "(0.6931835666785722, 0.8845007121596556)": 0.9956966712069163, "(0.8845007121596556, 0.9761956061283855)": 0.994971780098798, "(0.9761956061283855, 0.9835986280468286)": 0.7181943397898335, "(0.9835986280468286, 1.0)": 0.3713488887160864}, "pct": 0.7181943397898335, "best_return": 58.33995005702354}, "rel_minmax": {"trend": "rel_minmax", "time_param": 713, "q_params": {"(0, 0.18199723932085357)": 1.0, "(0.18199723932085357, 0.35813042498963665)": 0.9999783674951614, "(0.35813042498963665, 0.3879344668481494)": 0.9999470581305335, "(0.3879344668481494, 0.4190063913992604)": 0.9997563684594569, "(0.4190063913992604, 0.42276398735915677)": 0.9992879916379818, "(0.42276398735915677, 0.5034345601476167)": 0.9937615772234061, "(0.5034345601476167, 0.5813899027489458)": 0.9930677870552833, "(0.5813899027489458, 0.6626210930232983)": 0.9928021102570243, "(0.6626210930232983, 0.8382620277143438)": 0.9927841148810677, "(0.8382620277143438, 1.0)": 0.8642695447159994}, "pct": 0.8642695447159994, "best_return": 55.71674457489913}, "ew_rel_minmax": {"trend": "ew_rel_minmax", "time_param": 713, "q_params": {"(0, 0.3008338276355462)": 1.0, "(0.3008338276355462, 0.3427180401642399)": 0.9999978858095394, "(0.3427180401642399, 0.34640935319196303)": 0.9999800940570416, "(0.34640935319196303, 0.3470038059155947)": 0.9995527655608282, "(0.3470038059155947, 0.40180828787668565)": 0.9940500998430342, "(0.40180828787668565, 0.509288891648483)": 0.994001064143721, "(0.509288891648483, 0.5745461802751386)": 0.9928041851537872, "(0.5745461802751386, 0.6603526530563167)": 0.9924909657435087, "(0.6603526530563167, 0.8321580742219398)": 0.9924735523064608, "(0.8321580742219398, 1.0)": 0.7001625876674027}, "pct": 0.7001625876674027, "best_return": 59.09220895790263}}