{"ma": {"trend": "ma", "time_param": 713, "q_params": {"(0, 0.08560537411212218)": 0.9999984233397595, "(0.08560537411212218, 0.2503278712723805)": 0.9989742728172631, "(0.2503278712723805, 0.2664617176234084)": 0.9979887959753634, "(0.2664617176234084, 0.4395996178582919)": 0.9979631560471599, "(0.4395996178582919, 0.6134305345121932)": 0.9979626897307164, "(0.6134305345121932, 0.819230370593789)": 0.9978363184773597, "(0.819230370593789, 0.819892399280884)": 0.997431097141261, "(0.819892399280884, 0.8234993872233607)": 0.9968735960104063, "(0.8234993872233607, 0.8871631035809243)": 0.794934530863608, "(0.8871631035809243, 1.0)": 0.3607485305587472}, "pct": 0.9978363184773597, "best_return": 48.412853654832205}, "ew_ma": {"trend": "ew_ma", "time_param": 713, "q_params": {"(0, 0.3395371535314987)": 0.9999912440109678, "(0.3395371535314987, 0.37451989896488247)": 0.999932362473101, "(0.37451989896488247, 0.38608649458790417)": 0.9989122840932708, "(0.38608649458790417, 0.3892900553021028)": 0.9960334396581398, "(0.3892900553021028, 0.41685339453658227)": 0.9959989572757633, "(0.41685339453658227, 0.6947970516853001)": 0.9959840338345725, "(0.6947970516853001, 0.8882507594750015)": 0.9950566668775783, "(0.8882507594750015, 0.9267644411615391)": 0.994971780098798, "(0.9267644411615391, 0.9754117022153044)": 0.744541005682088, "(0.9754117022153044, 1.0)": 0.3277038946220743}, "pct": 0.744541005682088, "best_return": 51.21557968595603}, "rel_minmax": {"trend": "rel_minmax", "time_param": 713, "q_params": {"(0, 0.2462231298357158)": 0.9997779583553994, "(0.2462231298357158, 0.3617461755196365)": 0.9994231224896313, "(0.3617461755196365, 0.3731118567211214)": 0.9993868722327948, "(0.3731118567211214, 0.40117502959436296)": 0.9959988075535479, "(0.40117502959436296, 0.43308046026070157)": 0.9942183740067871, "(0.43308046026070157, 0.494487632060306)": 0.9937615772234061, "(0.494487632060306, 0.5566337952210846)": 0.9929566847622247, "(0.5566337952210846, 0.6330363662169477)": 0.9928021102570243, "(0.6330363662169477, 0.8088138969422249)": 0.9927841148810677, "(0.8088138969422249, 1.0)": 0.9393776228293576}, "pct": 0.9393776228293576, "best_return": 48.553709865435465}, "ew_rel_minmax": {"trend": "ew_rel_minmax", "time_param": 713, "q_params": {"(0, 0.27661169533350893)": 0.9999980350447581, "(0.27661169533350893, 0.30807389667624496)": 0.9999978858095394, "(0.30807389667624496, 0.3499862531833612)": 0.9982720505841919, "(0.3499862531833612, 0.37332975385662615)": 0.9968792172041907, "(0.37332975385662615, 0.4024324892405991)": 0.995788583584302, "(0.4024324892405991, 0.5189115958118053)": 0.993093658681499, "(0.5189115958118053, 0.5862523769160439)": 0.9930568632812682, "(0.5862523769160439, 0.6368316831654369)": 0.9929463957329758, "(0.6368316831654369, 0.8257202785428807)": 0.9841210822218592, "(0.8257202785428807, 1.0)": 0.7033027547058945}, "pct": 0.7033027547058945, "best_return": 50.90265859683904}}