{"ma": {"trend": "ma", "time_param": 713, "q_params": {"(0, 0.08423777942067535)": 0.999083550675066, "(0.08423777942067535, 0.2503278712723805)": 0.9983685145043389, "(0.2503278712723805, 0.46051919094382376)": 0.9982883917794597, "(0.46051919094382376, 0.4622127724782861)": 0.9982382334613592, "(0.4622127724782861, 0.6134305345121932)": 0.9979626897307164, "(0.6134305345121932, 0.819230370593789)": 0.997774501565193, "(0.819230370593789, 0.819892399280884)": 0.9969513200368703, "(0.819892399280884, 0.8271280727286909)": 0.9968735960104063, "(0.8271280727286909, 0.8904073724614554)": 0.794934530863608, "(0.8904073724614554, 1.0)": 0.39289943359125923}, "pct": 0.997774501565193, "best_return": 65.1761565478262}, "ew_ma": {"trend": "ew_ma", "time_param": 713, "q_params": {"(0, 0.3346894621958408)": 0.9999874790138326, "(0.3346894621958408, 0.3722803959610818)": 0.999932362473101, "(0.3722803959610818, 0.3797337405427109)": 0.9960888705407781, "(0.3797337405427109, 0.3892900553021028)": 0.9960099694489261, "(0.3892900553021028, 0.4362231198052888)": 0.9958220722205878, "(0.4362231198052888, 0.6733143753315441)": 0.9952947884893061, "(0.6733143753315441, 0.8917032816714849)": 0.9840496256572885, "(0.8917032816714849, 0.9185713520204731)": 0.855234616621776, "(0.9185713520204731, 0.9824842756302682)": 0.7647118095993659, "(0.9824842756302682, 1.0)": 0.35618743026501026}, "pct": 0.7647118095993659, "best_return": 61.565332518468715}, "rel_minmax": {"trend": "rel_minmax", "time_param": 713, "q_params": {"(0, 0.22821563400739622)": 0.9998030993381436, "(0.22821563400739622, 0.299411847995128)": 0.9994231224896313, "(0.299411847995128, 0.342229010465899)": 0.9993868722327948, "(0.342229010465899, 0.42232328402519875)": 0.9964355270180326, "(0.42232328402519875, 0.4372327896952424)": 0.9959959527650583, "(0.4372327896952424, 0.5112044868767268)": 0.9941791044409499, "(0.5112044868767268, 0.5598696186923829)": 0.9929566847622247, "(0.5598696186923829, 0.6330363662169477)": 0.9910368595169843, "(0.6330363662169477, 0.8174951590686662)": 0.9893716263295249, "(0.8174951590686662, 1.0)": 0.9474934578915295}, "pct": 0.9474934578915295, "best_return": 58.52888722118507}, "ew_rel_minmax": {"trend": "ew_rel_minmax", "time_param": 713, "q_params": {"(0, 0.2715044956754461)": 0.9999980350447581, "(0.2715044956754461, 0.3206843966586064)": 0.9999978858095394, "(0.3206843966586064, 0.34776823833534776)": 0.9984527909394744, "(0.34776823833534776, 0.3666399008331756)": 0.9968792172041907, "(0.3666399008331756, 0.4024324892405991)": 0.9957540619662566, "(0.4024324892405991, 0.5069843086387542)": 0.995074337348857, "(0.5069843086387542, 0.6077719332090996)": 0.9938290743848355, "(0.6077719332090996, 0.6534178052312966)": 0.9929217975977879, "(0.6534178052312966, 0.8279812850102748)": 0.981962372270887, "(0.8279812850102748, 1.0)": 0.7177818921260591}, "pct": 0.7177818921260591, "best_return": 65.28646492891257}}