{"ma": {"trend": "ma", "time_param": 713, "q_params": {"(0, 0.23561540947275883)": 0.9993047340798067, "(0.23561540947275883, 0.2655049061243444)": 0.9989742728172631, "(0.2655049061243444, 0.3065351734681553)": 0.9979887959753634, "(0.3065351734681553, 0.325336327899734)": 0.9979631560471599, "(0.325336327899734, 0.6134305345121932)": 0.9979626897307164, "(0.6134305345121932, 0.7486484286816877)": 0.9978727589104281, "(0.7486484286816877, 0.819892399280884)": 0.9977193221008225, "(0.819892399280884, 0.8207722038967326)": 0.9968735960104063, "(0.8207722038967326, 0.8602141987411652)": 0.9935729884336196, "(0.8602141987411652, 1.0)": 0.3607485305587472}, "pct": 0.9935729884336196, "best_return": 77.05318958325188}, "ew_ma": {"trend": "ew_ma", "time_param": 713, "q_params": {"(0, 0.33459926496467796)": 0.9999818118729287, "(0.33459926496467796, 0.37373318675164857)": 0.999932362473101, "(0.37373318675164857, 0.38608649458790417)": 0.9990602561337443, "(0.38608649458790417, 0.3892900553021028)": 0.9960334396581398, "(0.3892900553021028, 0.41685339453658227)": 0.9959010534606876, "(0.41685339453658227, 0.6947970516853001)": 0.9958934678901944, "(0.6947970516853001, 0.9195131331222827)": 0.9954784658412814, "(0.9195131331222827, 0.9796030552477709)": 0.994971780098798, "(0.9796030552477709, 0.998682635735187)": 0.744541005682088, "(0.998682635735187, 1.0)": 0.3336953920958331}, "pct": 0.994971780098798, "best_return": 56.85753097487451}, "rel_minmax": {"trend": "rel_minmax", "time_param": 713, "q_params": {"(0.0, 0.22010045750609342)": 1.0, "(0.22010045750609342, 0.35943903213231754)": 0.9999783674951614, "(0.35943903213231754, 0.3942206782840127)": 0.9993868722327948, "(0.3942206782840127, 0.40117502959436296)": 0.9993384710061787, "(0.40117502959436296, 0.4179477147710137)": 0.9942183740067871, "(0.4179477147710137, 0.5034345601476167)": 0.9937615772234061, "(0.5034345601476167, 0.5813899027489458)": 0.9930677870552833, "(0.5813899027489458, 0.6330363662169477)": 0.9928021102570243, "(0.6330363662169477, 0.8111171616975862)": 0.9927841148810677, "(0.8111171616975862, 1.0)": 0.9083156065187931}, "pct": 1, "best_return": 56.85753097487451}, "ew_rel_minmax": {"trend": "ew_rel_minmax", "time_param": 713, "q_params": {"(0.0, 0.3008338276355462)": 1.0, "(0.3008338276355462, 0.30807389667624496)": 0.9999978858095394, "(0.30807389667624496, 0.3459559224099258)": 0.9999800940570416, "(0.3459559224099258, 0.35600550190644054)": 0.9998531155803859, "(0.35600550190644054, 0.3988005641954032)": 0.9936247624626361, "(0.3988005641954032, 0.5189115958118053)": 0.993093658681499, "(0.5189115958118053, 0.5862523769160439)": 0.9928041851537872, "(0.5862523769160439, 0.6368316831654369)": 0.9924909657435087, "(0.6368316831654369, 0.8321580742219398)": 0.9924735523064608, "(0.8321580742219398, 1.0)": 0.7033027547058945}, "pct": 1, "best_return": 56.85753097487451}}