{"ma": {"trend": "ma", "time_param": 713, "q_params": {"(0, 0.2510798679913962)": 1.0, "(0.2510798679913962, 0.25515464112183667)": 0.998147257443648, "(0.25515464112183667, 0.30000000000000004)": 0.9979887959753634, "(0.30000000000000004, 0.34987615445548054)": 0.9979866437089941, "(0.34987615445548054, 0.5895572310078898)": 0.9979626897307164, "(0.5895572310078898, 0.7177138064992358)": 0.9979035969111317, "(0.7177138064992358, 0.819892399280884)": 0.9976330616748053, "(0.819892399280884, 0.8478282573385858)": 0.996021893953728, "(0.8478282573385858, 0.8646595460893217)": 0.9920279440699441, "(0.8646595460893217, 1.0)": 0.32852407779632703}, "pct": 0.996021893953728, "best_return": 91.3165729497261}, "ew_ma": {"trend": "ew_ma", "time_param": 713, "q_params": {"(0, 0.3222961951227804)": 1.0, "(0.3222961951227804, 0.37315509186719537)": 0.999963650941158, "(0.37315509186719537, 0.3869886217055263)": 0.9997705996352539, "(0.3869886217055263, 0.389434144703718)": 0.9959971264615336, "(0.389434144703718, 0.4084536592351389)": 0.9959135492685975, "(0.4084536592351389, 0.6931835666785722)": 0.9958934678901944, "(0.6931835666785722, 0.7088292359093545)": 0.9956966712069163, "(0.7088292359093545, 0.9765867118011875)": 0.994971780098798, "(0.9765867118011875, 0.9807615731370573)": 0.7181943397898335, "(0.9807615731370573, 1.0)": 0.44468087593662825}, "pct": 0.44468087593662825, "best_return": 59.51019993649479}, "rel_minmax": {"trend": "rel_minmax", "time_param": 713, "q_params": {"(0, 0.1942566007309295)": 1.0, "(0.1942566007309295, 0.3558344909766946)": 0.9999783674951614, "(0.3558344909766946, 0.3879344668481494)": 0.9998880708528013, "(0.3879344668481494, 0.4190063913992604)": 0.9994540514867816, "(0.4190063913992604, 0.4272790840124699)": 0.9992879916379818, "(0.4272790840124699, 0.5034345601476167)": 0.9942428490318589, "(0.5034345601476167, 0.5813899027489458)": 0.9930677870552833, "(0.5813899027489458, 0.6626210930232983)": 0.9928021102570243, "(0.6626210930232983, 0.8382620277143438)": 0.9927841148810677, "(0.8382620277143438, 1.0)": 0.8427685652138368}, "pct": 0.8427685652138368, "best_return": 56.315782586797184}, "ew_rel_minmax": {"trend": "ew_rel_minmax", "time_param": 713, "q_params": {"(0, 0.3008338276355462)": 1.0, "(0.3008338276355462, 0.3427180401642399)": 0.9999978858095394, "(0.3427180401642399, 0.34640935319196303)": 0.9999800940570416, "(0.34640935319196303, 0.3470038059155947)": 0.9989019140660772, "(0.3470038059155947, 0.40180828787668565)": 0.9953825938921375, "(0.40180828787668565, 0.509288891648483)": 0.994001064143721, "(0.509288891648483, 0.6068702087331894)": 0.9928041851537872, "(0.6068702087331894, 0.6603526530563167)": 0.9927128305281945, "(0.6603526530563167, 0.838046213667327)": 0.9924735523064608, "(0.838046213667327, 1.0)": 0.7703792594914206}, "pct": 0.7703792594914206, "best_return": 58.28001978858039}}