{"ma": {"trend": "ma", "time_param": 713, "q_params": {"(0, 0.0654542120199382)": 0.9999954090194133, "(0.0654542120199382, 0.28042662490042847)": 0.9994362355188269, "(0.28042662490042847, 0.2991235000439421)": 0.9987755184044019, "(0.2991235000439421, 0.46489630393123327)": 0.998372845144104, "(0.46489630393123327, 0.6002427230718402)": 0.9979979128204692, "(0.6002427230718402, 0.7498792280699825)": 0.9975365950540946, "(0.7498792280699825, 0.8167288530103168)": 0.997137234847404, "(0.8167288530103168, 0.8571271473975467)": 0.9968735960104063, "(0.8571271473975467, 0.8904073724614554)": 0.8060773009863647, "(0.8904073724614554, 1.0)": 0.377032013248991}, "pct": 0.9975365950540946, "best_return": 108.34143476220234}, "ew_ma": {"trend": "ew_ma", "time_param": 713, "q_params": {"(0, 0.32383178461413575)": 0.9990462533078853, "(0.32383178461413575, 0.3409576542007683)": 0.9978918936929532, "(0.3409576542007683, 0.36689563526633456)": 0.9970728632202017, "(0.36689563526633456, 0.39038975912013546)": 0.9867480386064041, "(0.39038975912013546, 0.44525028334631056)": 0.9857022070819313, "(0.44525028334631056, 0.6913374321164046)": 0.985412842207348, "(0.6913374321164046, 0.8862145653673312)": 0.9842685268942721, "(0.8862145653673312, 0.9043418742475411)": 0.8927593609959505, "(0.9043418742475411, 0.973018996754565)": 0.7674283913631053, "(0.973018996754565, 1.0)": 0.3209571225597279}, "pct": 0.7674283913631053, "best_return": 83.8891632960325}, "rel_minmax": {"trend": "rel_minmax", "time_param": 713, "q_params": {"(0, 0.2448931762332737)": 0.9999664647019844, "(0.2448931762332737, 0.3140990924762382)": 0.9995077074198138, "(0.3140990924762382, 0.3422846203554141)": 0.999466583816853, "(0.3422846203554141, 0.42232328402519875)": 0.9964410750901589, "(0.42232328402519875, 0.44342089428602727)": 0.9944334776530721, "(0.44342089428602727, 0.49811298587036423)": 0.9925637320835253, "(0.49811298587036423, 0.5705226691164011)": 0.9925599634668276, "(0.5705226691164011, 0.6335082622782591)": 0.9904948654135984, "(0.6335082622782591, 0.8174951590686662)": 0.9897079698188935, "(0.8174951590686662, 1.0)": 0.9493750081305269}, "pct": 0.9493750081305269, "best_return": 76.73698884952175}, "ew_rel_minmax": {"trend": "ew_rel_minmax", "time_param": 713, "q_params": {"(0, 0.24972751835125873)": 0.9999980350447581, "(0.24972751835125873, 0.34237156390537965)": 0.999767008709325, "(0.34237156390537965, 0.35001467682201387)": 0.9983582543976871, "(0.35001467682201387, 0.39440683966715173)": 0.9980528917626001, "(0.39440683966715173, 0.398300981455045)": 0.9966810847048984, "(0.398300981455045, 0.47663734930511636)": 0.987527656124974, "(0.47663734930511636, 0.5994926145546646)": 0.986556810790509, "(0.5994926145546646, 0.6384024871481061)": 0.9836525817369799, "(0.6384024871481061, 0.8279812850102748)": 0.9834791772194288, "(0.8279812850102748, 1.0)": 0.718206969797695}, "pct": 0.718206969797695, "best_return": 81.90271946440159}}