{"ma": {"trend": "ma", "time_param": 713, "q_params": {"(0, 0.23561540947275883)": 1.0, "(0.23561540947275883, 0.25964013979089146)": 0.9989742728172631, "(0.25964013979089146, 0.3065351734681553)": 0.9979887959753634, "(0.3065351734681553, 0.32568381838850585)": 0.9979633057902204, "(0.32568381838850585, 0.5796580486166072)": 0.9979626897307164, "(0.5796580486166072, 0.7486484286816877)": 0.9979373323549806, "(0.7486484286816877, 0.819892399280884)": 0.9977193221008225, "(0.819892399280884, 0.8478282573385858)": 0.9973011848829845, "(0.8478282573385858, 0.8646595460893217)": 0.9920279440699441, "(0.8646595460893217, 1.0)": 0.32852407779632703}, "pct": 0.9920279440699441, "best_return": 81.27607792238409}, "ew_ma": {"trend": "ew_ma", "time_param": 713, "q_params": {"(0, 0.3208053188707354)": 1.0, "(0.3208053188707354, 0.36572748160107943)": 0.999963650941158, "(0.36572748160107943, 0.38608649458790417)": 0.9997705996352539, "(0.38608649458790417, 0.3892900553021028)": 0.9959971264615336, "(0.3892900553021028, 0.4084536592351389)": 0.9959010534606876, "(0.4084536592351389, 0.6947970516853001)": 0.9958934678901944, "(0.6947970516853001, 0.8839929544945009)": 0.995739295742009, "(0.8839929544945009, 0.9796030552477709)": 0.994971780098798, "(0.9796030552477709, 0.9835986280468286)": 0.7242017554397625, "(0.9835986280468286, 1.0)": 0.3483752677237554}, "pct": 0.7242017554397625, "best_return": 62.33458265974}, "rel_minmax": {"trend": "rel_minmax", "time_param": 713, "q_params": {"(0, 0.19755432842343637)": 1.0, "(0.19755432842343637, 0.35943903213231754)": 0.9999783674951614, "(0.35943903213231754, 0.3942206782840127)": 0.9997600992510797, "(0.3942206782840127, 0.4056230079160183)": 0.9993384710061787, "(0.4056230079160183, 0.42276398735915677)": 0.9950157400184765, "(0.42276398735915677, 0.5034345601476167)": 0.9937615772234061, "(0.5034345601476167, 0.5813899027489458)": 0.9930677870552833, "(0.5813899027489458, 0.6330363662169477)": 0.9928021102570243, "(0.6330363662169477, 0.8382620277143438)": 0.9927841148810677, "(0.8382620277143438, 1.0)": 0.9083156065187931}, "pct": 0.9083156065187931, "best_return": 53.91676277628318}, "ew_rel_minmax": {"trend": "ew_rel_minmax", "time_param": 713, "q_params": {"(0, 0.3008338276355462)": 1.0, "(0.3008338276355462, 0.3082496244705102)": 0.9999978858095394, "(0.3082496244705102, 0.3459559224099258)": 0.9999800940570416, "(0.3459559224099258, 0.35600550190644054)": 0.9998531155803859, "(0.35600550190644054, 0.40180828787668565)": 0.9936247624626361, "(0.40180828787668565, 0.509288891648483)": 0.9935498208090007, "(0.509288891648483, 0.5862523769160439)": 0.9928041851537872, "(0.5862523769160439, 0.6368316831654369)": 0.9924909657435087, "(0.6368316831654369, 0.8321580742219398)": 0.9924735523064608, "(0.8321580742219398, 1.0)": 0.7001625876674027}, "pct": 0.7001625876674027, "best_return": 57.8195273600295}}