{"ma": {"trend": "ma", "time_param": 713, "q_params": {"(0, 0.2535706878160632)": 1.0, "(0.2535706878160632, 0.25515464112183667)": 0.9997940928236189, "(0.25515464112183667, 0.30000000000000004)": 0.998001, "(0.30000000000000004, 0.34987615445548054)": 0.9979769741564386, "(0.34987615445548054, 0.5917366595382174)": 0.9979626897307164, "(0.5917366595382174, 0.7177138064992358)": 0.9977848929268393, "(0.7177138064992358, 0.819892399280884)": 0.9976330616748053, "(0.819892399280884, 0.8435174677490573)": 0.996021893953728, "(0.8435174677490573, 0.8646595460893217)": 0.9920279440699441, "(0.8646595460893217, 1.0)": 0.4307449814256426}, "pct": 0.4307449814256426, "best_return": 90.23326215784292}, "ew_ma": {"trend": "ew_ma", "time_param": 713, "q_params": {"(0, 0.1696480089503744)": 1.0, "(0.1696480089503744, 0.33099052221878594)": 0.9999725819636768, "(0.33099052221878594, 0.3869886217055263)": 0.9997705996352539, "(0.3869886217055263, 0.39216940809629547)": 0.9959971264615336, "(0.39216940809629547, 0.4084536592351389)": 0.9959173555472949, "(0.4084536592351389, 0.6931835666785722)": 0.995882177567306, "(0.6931835666785722, 0.7088292359093545)": 0.9956966712069163, "(0.7088292359093545, 0.9765867118011875)": 0.994971780098798, "(0.9765867118011875, 0.9814525567850152)": 0.993043675637229, "(0.9814525567850152, 1.0)": 0.654208862281774}, "pct": 0.654208862281774, "best_return": 65.60304034892705}, "rel_minmax": {"trend": "rel_minmax", "time_param": 713, "q_params": {"(0, 0.1942566007309295)": 1.0, "(0.1942566007309295, 0.33111956545192145)": 0.999952067057517, "(0.33111956545192145, 0.35159991911187183)": 0.9998880708528013, "(0.35159991911187183, 0.3900530731118199)": 0.9997927130531942, "(0.3900530731118199, 0.4272790840124699)": 0.9992879916379818, "(0.4272790840124699, 0.5034345601476167)": 0.9942428490318589, "(0.5034345601476167, 0.5949760415563764)": 0.9936581493321902, "(0.5949760415563764, 0.6649302076206224)": 0.9929811967204952, "(0.6649302076206224, 0.8382620277143438)": 0.9927841148810677, "(0.8382620277143438, 1.0)": 0.8343181033503012}, "pct": 0.8343181033503012, "best_return": 62.70282599235761}, "ew_rel_minmax": {"trend": "ew_rel_minmax", "time_param": 713, "q_params": {"(0, 0.3082642087109279)": 1.0, "(0.3082642087109279, 0.3328549061592234)": 0.9999958228975822, "(0.3328549061592234, 0.3432201588907133)": 0.9999800940570416, "(0.3432201588907133, 0.34647684870668516)": 0.9989019140660772, "(0.34647684870668516, 0.40180828787668565)": 0.9953825938921375, "(0.40180828787668565, 0.5341063735765648)": 0.994001064143721, "(0.5341063735765648, 0.6068702087331894)": 0.993925047827276, "(0.6068702087331894, 0.6603526530563167)": 0.9927685071292871, "(0.6603526530563167, 0.838046213667327)": 0.9924735523064608, "(0.838046213667327, 1.0)": 0.7088309585631354}, "pct": 0.7088309585631354, "best_return": 64.85490711627126}}