{"ma": {"trend": "ma", "time_param": 713, "q_params": {"(0, 0.028219250967972606)": 0.9999954090194133, "(0.028219250967972606, 0.29461206974545207)": 0.9993358598487114, "(0.29461206974545207, 0.4562686745251145)": 0.9993009616019889, "(0.4562686745251145, 0.4945287656142337)": 0.9991192636187138, "(0.4945287656142337, 0.5783997905024276)": 0.9983368455036111, "(0.5783997905024276, 0.8160440594371916)": 0.9982659181928017, "(0.8160440594371916, 0.8484107235918318)": 0.9978794346833488, "(0.8484107235918318, 0.8571271473975467)": 0.9968735960104063, "(0.8571271473975467, 0.8739987275531615)": 0.8060773009863647, "(0.8739987275531615, 1.0)": 0.12345973626740483}, "pct": 0.9991192636187138, "best_return": 123.04646960087882}, "ew_ma": {"trend": "ew_ma", "time_param": 713, "q_params": {"(0, 0.32337135604588885)": 0.999495116430379, "(0.32337135604588885, 0.3395365260765452)": 0.9989929235571037, "(0.3395365260765452, 0.36689563526633456)": 0.9973951896704978, "(0.36689563526633456, 0.5223297563442473)": 0.9953430807256374, "(0.5223297563442473, 0.721861535479594)": 0.9857022070819313, "(0.721861535479594, 0.8182824868996875)": 0.98496355147741, "(0.8182824868996875, 0.8207904432853304)": 0.9848712214264749, "(0.8207904432853304, 0.8616531547490575)": 0.9221484037071893, "(0.8616531547490575, 0.9645978073420904)": 0.7244338568228179, "(0.9645978073420904, 1.0)": 0.027573466171254994}, "pct": 0.7244338568228179, "best_return": 69.47500898882811}, "rel_minmax": {"trend": "rel_minmax", "time_param": 713, "q_params": {"(0, 0.28922096072931935)": 0.9999949777892855, "(0.28922096072931935, 0.3047119456584646)": 0.9999515022819888, "(0.3047119456584646, 0.38195649982249125)": 0.9998925811683165, "(0.38195649982249125, 0.39784006218960133)": 0.9994907033405933, "(0.39784006218960133, 0.439668062164674)": 0.9944334776530721, "(0.439668062164674, 0.49811298587036423)": 0.9925637320835253, "(0.49811298587036423, 0.5837147734126721)": 0.9918619605074336, "(0.5837147734126721, 0.737124840856681)": 0.99161380804747, "(0.737124840856681, 0.8185151458198833)": 0.9897079698188935, "(0.8185151458198833, 1.0)": 0.9702259384477397}, "pct": 0.9702259384477397, "best_return": 62.42350568460759}, "ew_rel_minmax": {"trend": "ew_rel_minmax", "time_param": 713, "q_params": {"(0, 0.311343050612307)": 0.9999980350447581, "(0.311343050612307, 0.3844637036124224)": 0.9999303572944135, "(0.3844637036124224, 0.39572255957449487)": 0.9995013845495666, "(0.39572255957449487, 0.4013141542035763)": 0.9988222854879614, "(0.4013141542035763, 0.40335195428622805)": 0.9966810847048984, "(0.40335195428622805, 0.5147802586847926)": 0.986709213627746, "(0.5147802586847926, 0.5939834428373477)": 0.9860026915151475, "(0.5939834428373477, 0.6450969979492744)": 0.9836525817369799, "(0.6450969979492744, 0.8142526942992778)": 0.9834791772194288, "(0.8142526942992778, 1.0)": 0.7314103748249174}, "pct": 0.7314103748249174, "best_return": 64.38420365073893}}