{"ma": {"trend": "ma", "time_param": 713, "q_params": {"(0, 0.0654542120199382)": 0.9998448446770404, "(0.0654542120199382, 0.2744496875042553)": 0.9990178286025666, "(0.2744496875042553, 0.28104463107845695)": 0.998444418970142, "(0.28104463107845695, 0.46489630393123327)": 0.998372845144104, "(0.46489630393123327, 0.6142980702415528)": 0.9979979128204692, "(0.6142980702415528, 0.7680749130829891)": 0.9975365950540946, "(0.7680749130829891, 0.8167288530103168)": 0.997137234847404, "(0.8167288530103168, 0.8571271473975467)": 0.9968735960104063, "(0.8571271473975467, 0.8904073724614554)": 0.8066464161219873, "(0.8904073724614554, 1.0)": 0.3806316618400718}, "pct": 0.9975365950540946, "best_return": 108.32490188303231}, "ew_ma": {"trend": "ew_ma", "time_param": 713, "q_params": {"(0, 0.32383178461413575)": 0.9985362209412265, "(0.32383178461413575, 0.36290498837431817)": 0.9975654157433024, "(0.36290498837431817, 0.36689563526633456)": 0.9970728632202017, "(0.36689563526633456, 0.38885590554425287)": 0.9903908557796343, "(0.38885590554425287, 0.44525028334631056)": 0.9857022070819313, "(0.44525028334631056, 0.6931716215331521)": 0.985412842207348, "(0.6931716215331521, 0.8850333500452457)": 0.9809867265591722, "(0.8850333500452457, 0.906058755447107)": 0.8831639777018572, "(0.906058755447107, 0.9789408221846523)": 0.7647118095993659, "(0.9789408221846523, 1.0)": 0.33058713177755267}, "pct": 0.7647118095993659, "best_return": 85.14564055501792}, "rel_minmax": {"trend": "rel_minmax", "time_param": 713, "q_params": {"(0, 0.2448931762332737)": 0.9998993854114044, "(0.2448931762332737, 0.299411847995128)": 0.9995077074198138, "(0.299411847995128, 0.3422846203554141)": 0.9993585855747235, "(0.3422846203554141, 0.42232328402519875)": 0.999325560709651, "(0.42232328402519875, 0.4538863906549021)": 0.9944334776530721, "(0.4538863906549021, 0.49811298587036423)": 0.9934610748132762, "(0.49811298587036423, 0.5705226691164011)": 0.992588614363462, "(0.5705226691164011, 0.6335082622782591)": 0.9904948654135984, "(0.6335082622782591, 0.8174951590686662)": 0.9897079698188935, "(0.8174951590686662, 1.0)": 0.9491514319469174}, "pct": 0.9491514319469174, "best_return": 78.27769434673179}, "ew_rel_minmax": {"trend": "ew_rel_minmax", "time_param": 713, "q_params": {"(0, 0.24972751835125873)": 0.9999980350447581, "(0.24972751835125873, 0.3339315152690758)": 0.998574158165711, "(0.3339315152690758, 0.35001467682201387)": 0.9978043495008687, "(0.35001467682201387, 0.39440683966715173)": 0.9968792172041907, "(0.39440683966715173, 0.4062640253052433)": 0.9966810847048984, "(0.4062640253052433, 0.49600103295714193)": 0.9962197509602375, "(0.49600103295714193, 0.5994926145546646)": 0.989301176175169, "(0.5994926145546646, 0.6427344380119212)": 0.9863089733617091, "(0.6427344380119212, 0.8279812850102748)": 0.981962372270887, "(0.8279812850102748, 1.0)": 0.718206969797695}, "pct": 0.718206969797695, "best_return": 83.19694953277981}}