{"ma": {"trend": "ma", "time_param": 141, "q_params": {"(0, 0.18345536493842876)": 1.0, "(0.18345536493842876, 0.37046423102470055)": 0.999975887212468, "(0.37046423102470055, 0.39571066774688995)": 0.9991090114101416, "(0.39571066774688995, 0.41627493795736614)": 0.9942096358858964, "(0.41627493795736614, 0.45771558189121564)": 0.9941027087709309, "(0.45771558189121564, 0.46281739829824564)": 0.9938667416939778, "(0.46281739829824564, 0.9361074496953904)": 0.9933349562472352, "(0.9361074496953904, 0.9569385060805522)": 0.9920787649442716, "(0.9569385060805522, 0.9691487874227387)": 0.9751537719946315, "(0.9691487874227387, 1.0)": 0.18517849027061684}, "pct": 1.0, "best_return": 16.735924587239914}, "ew_ma": {"trend": "ew_ma", "time_param": 141, "q_params": {"(0, 0.31826239010490404)": 0.9999982135511748, "(0.31826239010490404, 0.6764514117995258)": 0.9998340759220978, "(0.6764514117995258, 0.6805933426710205)": 0.9997463559242662, "(0.6805933426710205, 0.7036473959366688)": 0.9902659322650195, "(0.7036473959366688, 0.7592667164958851)": 0.9893811795965792, "(0.7592667164958851, 0.76595609000532)": 0.9824139443484807, "(0.76595609000532, 0.7662997291489264)": 0.9674690955539481, "(0.7662997291489264, 0.7950101552937138)": 0.6950611525941656, "(0.7950101552937138, 0.9539361515788114)": 0.26381008850203486, "(0.9539361515788114, 1.0)": 0.1527860922785178}, "pct": 0.9999982135511748, "best_return": 21.662257022190307}, "rel_minmax": {"trend": "rel_minmax", "time_param": 141, "q_params": {"(0.0, 0.14624454195139655)": 0.9991415685668069, "(0.14624454195139655, 0.15261508243986804)": 0.9980817266958011, "(0.15261508243986804, 0.23142155553402657)": 0.9979552997768334, "(0.23142155553402657, 0.4405215663301321)": 0.9979532738212193, "(0.4405215663301321, 0.641188809196428)": 0.9979276573780467, "(0.641188809196428, 0.7883822645581322)": 0.9974461474169344, "(0.7883822645581322, 0.8766197423093314)": 0.9951936582094081, "(0.8766197423093314, 0.918249846331903)": 0.9940107785006823, "(0.918249846331903, 0.9317927655792493)": 0.9920262380949129, "(0.9317927655792493, 1.0)": 0.9784787272691908}, "pct": 1, "best_return": 16.202408751466848}, "ew_rel_minmax": {"trend": "ew_rel_minmax", "time_param": 141, "q_params": {"(0, 0.11699644042058858)": 0.9996425013303026, "(0.11699644042058858, 0.32486767268073524)": 0.9990717215870977, "(0.32486767268073524, 0.3926502934888326)": 0.9985529311252632, "(0.3926502934888326, 0.4435114565544616)": 0.9981572149139316, "(0.4435114565544616, 0.480988652705488)": 0.9976460516242966, "(0.480988652705488, 0.5866699735099585)": 0.9853170246833501, "(0.5866699735099585, 0.7353308756205713)": 0.9840327467337139, "(0.7353308756205713, 0.89333357571094)": 0.9683260545690487, "(0.89333357571094, 0.9471327638342695)": 0.6560407699594868, "(0.9471327638342695, 1.0)": 0.2537763856928739}, "pct": 0.2537763856928739, "best_return": 18.83715373058902}}