{"ma": {"trend": "ma", "time_param": 141, "q_params": {"(0, 0.1318767241650359)": 1.0, "(0.1318767241650359, 0.3540231429038347)": 0.999975887212468, "(0.3540231429038347, 0.40548646848097397)": 0.9997299378855777, "(0.40548646848097397, 0.4342765037630081)": 0.99438257479565, "(0.4342765037630081, 0.4676262285609801)": 0.9938735189273666, "(0.4676262285609801, 0.49051463014392716)": 0.9938413997421237, "(0.49051463014392716, 0.9361074496953904)": 0.9938385061316446, "(0.9361074496953904, 0.9766631676649598)": 0.9937792654358112, "(0.9766631676649598, 0.9901386396528865)": 0.9930165603373308, "(0.9901386396528865, 1.0)": 0.1781618416676442}, "pct": 0.99438257479565, "best_return": 29.929588648076145}, "ew_ma": {"trend": "ew_ma", "time_param": 141, "q_params": {"(0, 0.3310158893105825)": 1.0, "(0.3310158893105825, 0.6718857765989257)": 0.9999984407708175, "(0.6718857765989257, 0.7032341773574282)": 0.9999866081815247, "(0.7032341773574282, 0.7036473959366688)": 0.9997216853647151, "(0.7036473959366688, 0.768503158570007)": 0.999640285717792, "(0.768503158570007, 0.7773577579684527)": 0.9981338422722166, "(0.7773577579684527, 0.7797417597679297)": 0.9975778640847138, "(0.7797417597679297, 0.7848490238836394)": 0.6961767564825754, "(0.7848490238836394, 0.9862160814846048)": 0.26305290871383297, "(0.9862160814846048, 1.0)": 0.24002198082708884}, "pct": 0.9999984407708175, "best_return": 35.97012667477034}, "rel_minmax": {"trend": "rel_minmax", "time_param": 141, "q_params": {"(0, 0.14624454195139655)": 1.0, "(0.14624454195139655, 0.15544676328322563)": 0.9980670442303876, "(0.15544676328322563, 0.2178453743066534)": 0.9979552997768334, "(0.2178453743066534, 0.4845206168379628)": 0.9979532738212193, "(0.4845206168379628, 0.6269756095366179)": 0.9979276573780467, "(0.6269756095366179, 0.8753668752349981)": 0.9977267878687096, "(0.8753668752349981, 0.8766197423093314)": 0.9970000708988388, "(0.8766197423093314, 0.918249846331903)": 0.9921262890024719, "(0.918249846331903, 0.9467429128533419)": 0.9913642691417915, "(0.9467429128533419, 1.0)": 0.9910359161258742}, "pct": 0.9910359161258742, "best_return": 24.1849425724103}, "ew_rel_minmax": {"trend": "ew_rel_minmax", "time_param": 141, "q_params": {"(0, 0.0802678142719602)": 1.0, "(0.0802678142719602, 0.3179443577236458)": 0.9998105480968793, "(0.3179443577236458, 0.4326680019722703)": 0.998791067994896, "(0.4326680019722703, 0.43431783947351793)": 0.9982185903755213, "(0.43431783947351793, 0.480988652705488)": 0.9974622857777429, "(0.480988652705488, 0.6384226439655533)": 0.9974489148542163, "(0.6384226439655533, 0.8596249913638527)": 0.997180031497276, "(0.8596249913638527, 0.8817857268334129)": 0.9921207077488916, "(0.8817857268334129, 0.8880924572391123)": 0.6240907480162671, "(0.8880924572391123, 1.0)": 0.2417042999368285}, "pct": 0.2417042999368285, "best_return": 28.200770276087773}}