{"ma": {"trend": "ma", "time_param": 141, "q_params": {"(0, 0.32653855842725843)": 0.99971913589977, "(0.32653855842725843, 0.37771017365356585)": 0.9992694411289559, "(0.37771017365356585, 0.40091686355858525)": 0.9991670602036961, "(0.40091686355858525, 0.41601273369083064)": 0.99893419036629, "(0.41601273369083064, 0.431170909052608)": 0.9964364334581787, "(0.431170909052608, 0.46989154417092227)": 0.9934270112213621, "(0.46989154417092227, 0.9360926062192638)": 0.9932285113323601, "(0.9360926062192638, 0.9874813342287075)": 0.9921957200132884, "(0.9874813342287075, 0.9932485903905214)": 0.9838854518290479, "(0.9932485903905214, 1.0)": 0.08915448145451596}, "pct": 0.99971913589977, "best_return": 13.674230341076543}, "ew_ma": {"trend": "ew_ma", "time_param": 141, "q_params": {"(0, 0.36265965948857287)": 0.9999993334828786, "(0.36265965948857287, 0.6539203468696817)": 0.9999922288821582, "(0.6539203468696817, 0.6911470356377931)": 0.9950916722238413, "(0.6911470356377931, 0.718931276820067)": 0.9941219549506916, "(0.718931276820067, 0.7770283674559737)": 0.9920043375299533, "(0.7770283674559737, 0.788176819003411)": 0.9803614622906631, "(0.788176819003411, 0.7937655833719744)": 0.9570176064513736, "(0.7937655833719744, 0.7986425778052689)": 0.6749845550065741, "(0.7986425778052689, 0.9806271210468762)": 0.136684252991517, "(0.9806271210468762, 1.0)": 0.0009481995440581625}, "pct": 0.9999993334828786, "best_return": 17.367851496690538}, "rel_minmax": {"time_param": 178, "trend": "rel_minmax", "q_params": {"(0, 0.2117758651517)": 0.9972638947946285, "(0.2117758651517, 0.29589567203271755)": 0.8150517330954038, "(0.29589567203271755, 0.5663079182535499)": 0.7961602236829166, "(0.5663079182535499, 0.8108018444379248)": 0.7056346579089872, "(0.8108018444379248, 0.8604077606509636)": 0.5818938940334372, "(0.8604077606509636, 0.9081354143963889)": 0.5070012523597024, "(0.9081354143963889, 0.9218617454358797)": 0.31587386863873257, "(0.9218617454358797, 0.9642774388873817)": 0.20886578400871375, "(0.9642774388873817, 0.982868843041088)": 0.0832710698980501, "(0.982868843041088, 1)": 0.03177881690644491}, "pct": 0.20886578400871375, "best_return": 14.61009049396123}, "ew_rel_minmax": {"time_param": 285, "trend": "ew_rel_minmax", "q_params": {"(0, 0.09628718312434414)": 0.9669355181391477, "(0.09628718312434414, 0.28775293864576856)": 0.9668424738231598, "(0.28775293864576856, 0.4100580163354382)": 0.9602436278612417, "(0.4100580163354382, 0.5432647329883684)": 0.8499602935817098, "(0.5432647329883684, 0.5531375120407515)": 0.8169635451731492, "(0.5531375120407515, 0.588550202440007)": 0.6390889861458656, "(0.588550202440007, 0.6172797254151744)": 0.6166126928554733, "(0.6172797254151744, 0.6626693071105513)": 0.5110168812081164, "(0.6626693071105513, 0.8970934639360533)": 0.49521965682877456, "(0.8970934639360533, 1)": 0.45531274225681573}, "pct": 0.45531274225681573, "best_return": 13.132627972312527}}