{"ma": {"trend": "ma", "time_param": 141, "q_params": {"(0, 0.1567256227403269)": 1.0, "(0.1567256227403269, 0.35644088353864234)": 0.999975887212468, "(0.35644088353864234, 0.41224437077714143)": 0.9991090114101416, "(0.41224437077714143, 0.41627493795736614)": 0.9942096358858964, "(0.41627493795736614, 0.4520471716299214)": 0.9938735189273666, "(0.4520471716299214, 0.49051463014392716)": 0.9938667416939778, "(0.49051463014392716, 0.9361074496953904)": 0.9934529472409207, "(0.9361074496953904, 0.9594453961732162)": 0.9931241594150949, "(0.9594453961732162, 0.9762158790554267)": 0.9930165603373308, "(0.9762158790554267, 1.0)": 0.18517849027061684}, "pct": 1.0, "best_return": 20.277690214324114}, "ew_ma": {"trend": "ew_ma", "time_param": 141, "q_params": {"(0, 0.3310158893105825)": 0.9999945317301142, "(0.3310158893105825, 0.6718857765989257)": 0.9999881263494187, "(0.6718857765989257, 0.7032341773574282)": 0.9999715267707266, "(0.7032341773574282, 0.7036473959366688)": 0.9998937381553864, "(0.7036473959366688, 0.7733643343779322)": 0.9992354259639075, "(0.7733643343779322, 0.7745706210495925)": 0.9981338422722166, "(0.7745706210495925, 0.781047941613115)": 0.9975778640847138, "(0.781047941613115, 0.7848490238836394)": 0.6966713818857105, "(0.7848490238836394, 0.9552615655575005)": 0.27472907835378485, "(0.9552615655575005, 1.0)": 0.1527860922785178}, "pct": 0.9999881263494187, "best_return": 29.350682748122637}, "rel_minmax": {"trend": "rel_minmax", "time_param": 141, "q_params": {"(0, 0.14624454195139655)": 0.9991415685668069, "(0.14624454195139655, 0.15261508243986804)": 0.9980817266958011, "(0.15261508243986804, 0.23142155553402657)": 0.9979552997768334, "(0.23142155553402657, 0.4405215663301321)": 0.9979532738212193, "(0.4405215663301321, 0.641188809196428)": 0.9979276573780467, "(0.641188809196428, 0.7883822645581322)": 0.9974461474169344, "(0.7883822645581322, 0.8766197423093314)": 0.9951936582094081, "(0.8766197423093314, 0.918249846331903)": 0.9940107785006823, "(0.918249846331903, 0.9317927655792493)": 0.9920262380949129, "(0.9317927655792493, 1.0)": 0.9784787272691908}, "pct": 0.9784787272691908, "best_return": 19.951274381787517}, "ew_rel_minmax": {"trend": "ew_rel_minmax", "time_param": 141, "q_params": {"(0, 0.0925423868417856)": 1.0, "(0.0925423868417856, 0.3361604576567783)": 0.9996774253090198, "(0.3361604576567783, 0.36117689136056425)": 0.9989702960134051, "(0.36117689136056425, 0.43431783947351793)": 0.9982185903755213, "(0.43431783947351793, 0.480988652705488)": 0.9974622857777429, "(0.480988652705488, 0.5654810124839116)": 0.997382382943673, "(0.5654810124839116, 0.8780744330492647)": 0.997180031497276, "(0.8780744330492647, 0.8932744345312281)": 0.9681675791549986, "(0.8932744345312281, 0.9075466124946455)": 0.6382016307059564, "(0.9075466124946455, 1.0)": 0.2417042999368285}, "pct": 0.2417042999368285, "best_return": 23.955131380961156}}