{"ma": {"trend": "ma", "time_param": 141, "q_params": {"(0.0, 0.1567256227403269)": 1.0, "(0.1567256227403269, 0.35644088353864234)": 0.999975887212468, "(0.35644088353864234, 0.41224437077714143)": 0.9991090114101416, "(0.41224437077714143, 0.41627493795736614)": 0.9942096358858964, "(0.41627493795736614, 0.4520471716299214)": 0.9938735189273666, "(0.4520471716299214, 0.49051463014392716)": 0.9938667416939778, "(0.49051463014392716, 0.9361074496953904)": 0.9934529472409207, "(0.9361074496953904, 0.9594453961732162)": 0.9931241594150949, "(0.9594453961732162, 0.9762158790554267)": 0.9930165603373308, "(0.9762158790554267, 1.0)": 0.18517849027061684}, "pct": 1, "best_return": 19.10067203958683}, "ew_ma": {"trend": "ew_ma", "time_param": 141, "q_params": {"(0, 0.31826239010490404)": 0.9999982135511748, "(0.31826239010490404, 0.6858660361963026)": 0.9999295375729464, "(0.6858660361963026, 0.7032341773574282)": 0.9999240790559485, "(0.7032341773574282, 0.7036473959366688)": 0.999486617193432, "(0.7036473959366688, 0.7533071324826724)": 0.9850112186799966, "(0.7533071324826724, 0.7798321620091544)": 0.9824654709380501, "(0.7798321620091544, 0.781047941613115)": 0.9787202894396883, "(0.781047941613115, 0.7848490238836394)": 0.6959189248646427, "(0.7848490238836394, 0.9552615655575005)": 0.26381008850203486, "(0.9552615655575005, 1.0)": 0.1527860922785178}, "pct": 0.9999982135511748, "best_return": 24.906426220836593}, "rel_minmax": {"trend": "rel_minmax", "time_param": 141, "q_params": {"(0.0, 0.14624454195139655)": 0.9991415685668069, "(0.14624454195139655, 0.15261508243986804)": 0.9980817266958011, "(0.15261508243986804, 0.23142155553402657)": 0.9979552997768334, "(0.23142155553402657, 0.4405215663301321)": 0.9979532738212193, "(0.4405215663301321, 0.641188809196428)": 0.9979276573780467, "(0.641188809196428, 0.7883822645581322)": 0.9974461474169344, "(0.7883822645581322, 0.8766197423093314)": 0.9951936582094081, "(0.8766197423093314, 0.918249846331903)": 0.9940107785006823, "(0.918249846331903, 0.9317927655792493)": 0.9920262380949129, "(0.9317927655792493, 1.0)": 0.9784787272691908}, "pct": 1, "best_return": 19.10067203958683}, "ew_rel_minmax": {"trend": "ew_rel_minmax", "time_param": 141, "q_params": {"(0, 0.10634500896514273)": 0.9998569250879286, "(0.10634500896514273, 0.3361604576567783)": 0.9996374534912711, "(0.3361604576567783, 0.36117689136056425)": 0.9991151077621512, "(0.36117689136056425, 0.43431783947351793)": 0.9976589696578803, "(0.43431783947351793, 0.480988652705488)": 0.9976460516242966, "(0.480988652705488, 0.5552890918828456)": 0.9973652025772434, "(0.5552890918828456, 0.875515853315083)": 0.997180031497276, "(0.875515853315083, 0.8932744345312281)": 0.9681675791549986, "(0.8932744345312281, 0.9446674661728316)": 0.6337906678773437, "(0.9446674661728316, 1.0)": 0.2537763856928739}, "pct": 0.2537763856928739, "best_return": 20.018348261504165}}