{"ma": {"trend": "ma", "time_param": 141, "q_params": {"(0, 0.2878981751587024)": 0.9999829045170922, "(0.2878981751587024, 0.37771017365356585)": 0.9991815881436784, "(0.37771017365356585, 0.40091686355858525)": 0.9991090114101416, "(0.40091686355858525, 0.4295950800578476)": 0.9983483143700214, "(0.4295950800578476, 0.45175376117020083)": 0.9936087123441426, "(0.45175376117020083, 0.46989154417092227)": 0.9934270112213621, "(0.46989154417092227, 0.9360926062192638)": 0.9933349562472352, "(0.9360926062192638, 0.9664418327634018)": 0.9921957200132884, "(0.9664418327634018, 0.9691487874227387)": 0.9838854518290479, "(0.9691487874227387, 1.0)": 0.17679221449487534}, "pct": 0.9999829045170922, "best_return": 12.793260438163166}, "ew_ma": {"trend": "ew_ma", "time_param": 141, "q_params": {"(0.0, 0.33554416907554246)": 0.9999993334828786, "(0.33554416907554246, 0.6539203468696817)": 0.9999922288821582, "(0.6539203468696817, 0.7047048708581467)": 0.9950916722238413, "(0.7047048708581467, 0.7219207440431725)": 0.9923647637711709, "(0.7219207440431725, 0.7770283674559737)": 0.9920043375299533, "(0.7770283674559737, 0.77946342294501)": 0.9849565595497467, "(0.77946342294501, 0.7986094740436376)": 0.9396623935675383, "(0.7986094740436376, 0.7986425778052689)": 0.6749845550065741, "(0.7986425778052689, 0.950056421776594)": 0.2188750112166354, "(0.950056421776594, 1.0)": 0.08687461290762197}, "pct": 0.9999993334828786, "best_return": 17.09256388926351}, "rel_minmax": {"time_param": 288, "trend": "rel_minmax", "q_params": {"(0, 0.06670435334021318)": 0.9985290358822796, "(0.06670435334021318, 0.33939161659403416)": 0.9884767550524654, "(0.33939161659403416, 0.38154679058831764)": 0.7403550518398142, "(0.38154679058831764, 0.5988351598317069)": 0.697349702555903, "(0.5988351598317069, 0.7249513457769389)": 0.6851066740713366, "(0.7249513457769389, 0.8692234276318587)": 0.654054693830328, "(0.8692234276318587, 0.874301023438821)": 0.4810066320360268, "(0.874301023438821, 0.9674081614745885)": 0.2335911028654351, "(0.9674081614745885, 0.9741280614741283)": 0.1060872312564129, "(0.9741280614741283, 1.0)": 0.0015769624115731945}, "pct": 0.0015769624115731945, "best_return": 16.723006187942218}, "ew_rel_minmax": {"trend": "ew_rel_minmax", "time_param": 141, "q_params": {"(0, 0.12386912926483234)": 0.9999916693818058, "(0.12386912926483234, 0.3530350157990295)": 0.9999005817865586, "(0.3530350157990295, 0.40563428853043404)": 0.9996498542445466, "(0.40563428853043404, 0.4248411331425805)": 0.9953106731677336, "(0.4248411331425805, 0.44990363428094365)": 0.9951548852452691, "(0.44990363428094365, 0.7175653428883815)": 0.9943673858530849, "(0.7175653428883815, 0.772566268348318)": 0.9866500566700301, "(0.772566268348318, 0.9438062008340029)": 0.9484989625164859, "(0.9438062008340029, 0.9574468875412904)": 0.6938730036411495, "(0.9574468875412904, 1.0)": 0.15551051150907913}, "pct": 0.9484989625164859, "best_return": 18.653402208176377}}