{"ma": {"trend": "ma", "time_param": 141, "q_params": {"(0, 0.18345536493842876)": 0.9999990078096768, "(0.18345536493842876, 0.3635346703457219)": 0.9998790075525158, "(0.3635346703457219, 0.3954284029848675)": 0.9991090114101416, "(0.3954284029848675, 0.4295950800578476)": 0.9983483143700214, "(0.4295950800578476, 0.45175376117020083)": 0.9941027087709309, "(0.45175376117020083, 0.46989154417092227)": 0.9934270112213621, "(0.46989154417092227, 0.9352239260349368)": 0.9933349562472352, "(0.9352239260349368, 0.9516731194169487)": 0.9920787649442716, "(0.9516731194169487, 0.9691487874227387)": 0.9726471995151165, "(0.9691487874227387, 1.0)": 0.1821759515449864}, "pct": 0.9999990078096768, "best_return": 12.88908035881754}, "ew_ma": {"trend": "ew_ma", "time_param": 141, "q_params": {"(0, 0.33554416907554246)": 0.9999993334828786, "(0.33554416907554246, 0.6459364436280548)": 0.9999922288821582, "(0.6459364436280548, 0.7006996225250681)": 0.9992454669253501, "(0.7006996225250681, 0.7142265775809801)": 0.9944343741117666, "(0.7142265775809801, 0.7770283674559737)": 0.9920043375299533, "(0.7770283674559737, 0.7780931065832538)": 0.9788755057223951, "(0.7780931065832538, 0.7873011713183637)": 0.9434046042518497, "(0.7873011713183637, 0.8052116831202305)": 0.6749845550065741, "(0.8052116831202305, 0.9539361515788114)": 0.26940804144301195, "(0.9539361515788114, 1.0)": 0.1485264591654038}, "pct": 0.9999993334828786, "best_return": 16.263081783575053}, "rel_minmax": {"time_param": 69, "trend": "rel_minmax", "q_params": {"(0, 0.06143831058520299)": 0.9694467005836962, "(0.06143831058520299, 0.3149868464065416)": 0.9692733236763658, "(0.3149868464065416, 0.559262317336684)": 0.9689076219600182, "(0.559262317336684, 0.6421882153182485)": 0.6921883599810437, "(0.6421882153182485, 0.777345286755352)": 0.6657865034107219, "(0.777345286755352, 0.8217242139606614)": 0.6438865049756926, "(0.8217242139606614, 0.8685045090682919)": 0.38342020363991547, "(0.8685045090682919, 0.9623002352472037)": 0.23755080714543342, "(0.9623002352472037, 0.9740626091173756)": 0.1549792581814288, "(0.9740626091173756, 1)": 0.03962075458921521}, "pct": 0.23755080714543342, "best_return": 13.479204962177471}, "ew_rel_minmax": {"trend": "ew_rel_minmax", "time_param": 141, "q_params": {"(0, 0.12386912926483234)": 0.9999936687717798, "(0.12386912926483234, 0.3492800093453326)": 0.9997988373876842, "(0.3492800093453326, 0.40563428853043404)": 0.9996498542445466, "(0.40563428853043404, 0.4248411331425805)": 0.9953106731677336, "(0.4248411331425805, 0.46680402367004487)": 0.9936854842408127, "(0.46680402367004487, 0.5971095742871608)": 0.9913846036667602, "(0.5971095742871608, 0.7381894482494717)": 0.9866500566700301, "(0.7381894482494717, 0.8875097895968894)": 0.9494724176714805, "(0.8875097895968894, 0.9565949564368761)": 0.685901957736703, "(0.9565949564368761, 1.0)": 0.2453996995074475}, "pct": 0.2453996995074475, "best_return": 17.136624697165367}}