{"ma": {"trend": "ma", "time_param": 141, "q_params": {"(0.0, 0.18345536493842876)": 1.0, "(0.18345536493842876, 0.37046423102470055)": 0.999975887212468, "(0.37046423102470055, 0.39571066774688995)": 0.9991090114101416, "(0.39571066774688995, 0.41627493795736614)": 0.9942096358858964, "(0.41627493795736614, 0.45771558189121564)": 0.9941027087709309, "(0.45771558189121564, 0.46281739829824564)": 0.9938667416939778, "(0.46281739829824564, 0.9361074496953904)": 0.9933349562472352, "(0.9361074496953904, 0.9569385060805522)": 0.9920787649442716, "(0.9569385060805522, 0.9691487874227387)": 0.9751537719946315, "(0.9691487874227387, 1.0)": 0.18517849027061684}, "pct": 1, "best_return": 16.607184650755343}, "ew_ma": {"trend": "ew_ma", "time_param": 141, "q_params": {"(0, 0.3385122908016966)": 0.9999982135511748, "(0.3385122908016966, 0.6700000889128769)": 0.9999922288821582, "(0.6700000889128769, 0.6805933426710205)": 0.9997463559242662, "(0.6805933426710205, 0.7056274640932052)": 0.9902659322650195, "(0.7056274640932052, 0.7592667164958851)": 0.9877730690875118, "(0.7592667164958851, 0.76595609000532)": 0.9876751041374895, "(0.76595609000532, 0.7994006358266201)": 0.9675399655031716, "(0.7994006358266201, 0.8079319991330098)": 0.6950611525941656, "(0.8079319991330098, 0.9539361515788114)": 0.26381008850203486, "(0.9539361515788114, 1.0)": 0.1527860922785178}, "pct": 0.9999982135511748, "best_return": 19.639898558596485}, "rel_minmax": {"trend": "rel_minmax", "time_param": 141, "q_params": {"(0.0, 0.14624454195139655)": 0.9991415685668069, "(0.14624454195139655, 0.15261508243986804)": 0.9980817266958011, "(0.15261508243986804, 0.23142155553402657)": 0.9979552997768334, "(0.23142155553402657, 0.4405215663301321)": 0.9979532738212193, "(0.4405215663301321, 0.641188809196428)": 0.9979276573780467, "(0.641188809196428, 0.7883822645581322)": 0.9974461474169344, "(0.7883822645581322, 0.8766197423093314)": 0.9951936582094081, "(0.8766197423093314, 0.918249846331903)": 0.9940107785006823, "(0.918249846331903, 0.9317927655792493)": 0.9920262380949129, "(0.9317927655792493, 1.0)": 0.9784787272691908}, "pct": 1, "best_return": 16.607184650755343}, "ew_rel_minmax": {"trend": "ew_rel_minmax", "time_param": 141, "q_params": {"(0, 0.11699644042058858)": 0.9996425013303026, "(0.11699644042058858, 0.32486767268073524)": 0.9990717215870977, "(0.32486767268073524, 0.4015229416069414)": 0.9987138831526969, "(0.4015229416069414, 0.4345665284726997)": 0.9981572149139316, "(0.4345665284726997, 0.480988652705488)": 0.9937558404346506, "(0.480988652705488, 0.5866699735099585)": 0.9924736309233112, "(0.5866699735099585, 0.7253751581019616)": 0.9840327467337139, "(0.7253751581019616, 0.9033426832322435)": 0.9657997317281355, "(0.9033426832322435, 0.9331974720217603)": 0.6560407699594868, "(0.9331974720217603, 1.0)": 0.2537763856928739}, "pct": 0.2537763856928739, "best_return": 17.39996895038612}}