{"ma": {"trend": "ma", "time_param": 141, "q_params": {"(0, 0.13332192508833537)": 1.0, "(0.13332192508833537, 0.3614433387395506)": 0.9998739854239304, "(0.3614433387395506, 0.40548646848097397)": 0.9997299378855777, "(0.40548646848097397, 0.4342765037630081)": 0.99438257479565, "(0.4342765037630081, 0.4779823156065862)": 0.9938735189273666, "(0.4779823156065862, 0.49329082144493824)": 0.9938414546790449, "(0.49329082144493824, 0.9286434634141887)": 0.9938385061316446, "(0.9286434634141887, 0.9766631676649598)": 0.9937792654358112, "(0.9766631676649598, 0.9901386396528865)": 0.9930165603373308, "(0.9901386396528865, 1.0)": 0.2040339621633198}, "pct": 0.9998739854239304, "best_return": 27.267367303015796}, "ew_ma": {"trend": "ew_ma", "time_param": 141, "q_params": {"(0, 0.3310158893105825)": 1.0, "(0.3310158893105825, 0.6718857765989257)": 0.9999969813553538, "(0.6718857765989257, 0.6992938813646761)": 0.9999826383662634, "(0.6992938813646761, 0.7295750781037429)": 0.9999453758277466, "(0.7295750781037429, 0.768503158570007)": 0.9996362573651641, "(0.768503158570007, 0.7701986209046366)": 0.9990998435010551, "(0.7701986209046366, 0.7797417597679297)": 0.9975778640847138, "(0.7797417597679297, 0.7848490238836394)": 0.6437804481700611, "(0.7848490238836394, 0.9862160814846048)": 0.29095033004394133, "(0.9862160814846048, 1.0)": 0.24002198082708884}, "pct": 0.9999969813553538, "best_return": 32.48095859172488}, "rel_minmax": {"trend": "rel_minmax", "time_param": 141, "q_params": {"(0, 0.15483039764101691)": 1.0, "(0.15483039764101691, 0.15544676328322563)": 0.998355317985495, "(0.15544676328322563, 0.1790112321011772)": 0.9979552997768334, "(0.1790112321011772, 0.4845206168379628)": 0.9979532738212193, "(0.4845206168379628, 0.5753929019999211)": 0.9979183969885663, "(0.5753929019999211, 0.8753668752349981)": 0.9977267878687096, "(0.8753668752349981, 0.8766197423093314)": 0.9970000708988388, "(0.8766197423093314, 0.918249846331903)": 0.9921262890024719, "(0.918249846331903, 0.9610691910751744)": 0.9915777274258334, "(0.9610691910751744, 1.0)": 0.9910359161258742}, "pct": 0.9910359161258742, "best_return": 22.07681885070644}, "ew_rel_minmax": {"trend": "ew_rel_minmax", "time_param": 141, "q_params": {"(0, 0.0802678142719602)": 1.0, "(0.0802678142719602, 0.33837773261307924)": 0.9988534061951256, "(0.33837773261307924, 0.4326680019722703)": 0.998791067994896, "(0.4326680019722703, 0.43431783947351793)": 0.9978813610872727, "(0.43431783947351793, 0.4824557765628354)": 0.9974622857777429, "(0.4824557765628354, 0.6307157118683866)": 0.9974489148542163, "(0.6307157118683866, 0.8596249913638527)": 0.997180031497276, "(0.8596249913638527, 0.8817857268334129)": 0.9921207077488916, "(0.8817857268334129, 0.8880924572391123)": 0.6743084341771722, "(0.8880924572391123, 1.0)": 0.2539340037824791}, "pct": 0.2539340037824791, "best_return": 26.517383051659777}}