{"ma": {"trend": "ma", "time_param": 141, "q_params": {"(0, 0.13332192508833537)": 1.0, "(0.13332192508833537, 0.3519369894604746)": 0.9998609693901392, "(0.3519369894604746, 0.39384113340861504)": 0.9997299378855777, "(0.39384113340861504, 0.44741894914921665)": 0.9956578641102675, "(0.44741894914921665, 0.4639369445974077)": 0.9940921966335295, "(0.4639369445974077, 0.4901919795564402)": 0.9938414546790449, "(0.4901919795564402, 0.9286434634141887)": 0.9938319773370686, "(0.9286434634141887, 0.9766631676649598)": 0.9937424613865988, "(0.9766631676649598, 0.991204097802385)": 0.9930165603373308, "(0.991204097802385, 1.0)": 0.24458860778013092}, "pct": 0.9938319773370686, "best_return": 29.146068888636066}, "ew_ma": {"trend": "ew_ma", "time_param": 141, "q_params": {"(0, 0.3364724334230565)": 1.0, "(0.3364724334230565, 0.5093126078667954)": 0.9999969813553538, "(0.5093126078667954, 0.6666702341845355)": 0.9999625026424999, "(0.6666702341845355, 0.702840595224145)": 0.9997575331254613, "(0.702840595224145, 0.7740555969988817)": 0.999468253570683, "(0.7740555969988817, 0.776090025878851)": 0.9983632593476932, "(0.776090025878851, 0.7840840504453578)": 0.9954531933898391, "(0.7840840504453578, 0.7848490238836394)": 0.7226985858285088, "(0.7848490238836394, 0.9492910213739587)": 0.38250982508708714, "(0.9492910213739587, 1.0)": 0.2726183860948121}, "pct": 0.38250982508708714, "best_return": 31.748380565383144}, "rel_minmax": {"trend": "rel_minmax", "time_param": 141, "q_params": {"(0, 0.15483039764101691)": 1.0, "(0.15483039764101691, 0.15544676328322563)": 0.998355317985495, "(0.15544676328322563, 0.17699110272552981)": 0.9979552997768334, "(0.17699110272552981, 0.47665683343888976)": 0.9979518788802015, "(0.47665683343888976, 0.6350543100046404)": 0.9977091832402019, "(0.6350543100046404, 0.8651211634817169)": 0.9973457497189385, "(0.8651211634817169, 0.8920277249905108)": 0.9951719817922999, "(0.8920277249905108, 0.929280587362011)": 0.9921262890024719, "(0.929280587362011, 0.9586606572689431)": 0.9915000483813862, "(0.9586606572689431, 1.0)": 0.9910359161258742}, "pct": 0.9910359161258742, "best_return": 24.161821200328426}, "ew_rel_minmax": {"trend": "ew_rel_minmax", "time_param": 141, "q_params": {"(0, 0.0802678142719602)": 1.0, "(0.0802678142719602, 0.2821611360757582)": 0.9983376247731013, "(0.2821611360757582, 0.4108524394842247)": 0.9983184673246268, "(0.4108524394842247, 0.43282452549655553)": 0.9981129188371324, "(0.43282452549655553, 0.43768508624495783)": 0.9973277498735658, "(0.43768508624495783, 0.6307157118683866)": 0.9972661794529697, "(0.6307157118683866, 0.8076586441486413)": 0.9962258496582199, "(0.8076586441486413, 0.8271271436189516)": 0.9921207077488916, "(0.8271271436189516, 0.9050730848557437)": 0.6579751549123671, "(0.9050730848557437, 1.0)": 0.31873781932079626}, "pct": 0.31873781932079626, "best_return": 23.5664769749703}}