{"ma": {"trend": "ma", "time_param": 141, "q_params": {"(0.0, 0.18345536493842876)": 0.9999990078096768, "(0.18345536493842876, 0.3635346703457219)": 0.9998790075525158, "(0.3635346703457219, 0.3954284029848675)": 0.9991090114101416, "(0.3954284029848675, 0.4295950800578476)": 0.9959863236392483, "(0.4295950800578476, 0.45175376117020083)": 0.9941027087709309, "(0.45175376117020083, 0.46281739829824564)": 0.993765383144362, "(0.46281739829824564, 0.9361074496953904)": 0.9933349562472352, "(0.9361074496953904, 0.9574171314979759)": 0.9920787649442716, "(0.9574171314979759, 0.9691487874227387)": 0.9726471995151165, "(0.9691487874227387, 1.0)": 0.1821759515449864}, "pct": 0.9999990078096768, "best_return": 15.211946927029247}, "ew_ma": {"trend": "ew_ma", "time_param": 141, "q_params": {"(0, 0.3385122908016966)": 0.9999993334828786, "(0.3385122908016966, 0.6528387427376391)": 0.9999922288821582, "(0.6528387427376391, 0.7006996225250681)": 0.9949136741679034, "(0.7006996225250681, 0.7142265775809801)": 0.9940400955087246, "(0.7142265775809801, 0.7770283674559737)": 0.9905753293831827, "(0.7770283674559737, 0.7773583580007911)": 0.9788755057223951, "(0.7773583580007911, 0.7873011713183637)": 0.9531510977423185, "(0.7873011713183637, 0.8079319991330098)": 0.6749845550065741, "(0.8079319991330098, 0.9539361515788114)": 0.26381008850203486, "(0.9539361515788114, 1.0)": 0.15604173686438944}, "pct": 0.9999993334828786, "best_return": 19.227230970512053}, "rel_minmax": {"trend": "rel_minmax", "time_param": 141, "q_params": {"(0, 0.14624454195139655)": 0.9991415685668069, "(0.14624454195139655, 0.15261508243986804)": 0.9980817266958011, "(0.15261508243986804, 0.23142155553402657)": 0.9979552997768334, "(0.23142155553402657, 0.4405215663301321)": 0.9979532738212193, "(0.4405215663301321, 0.641188809196428)": 0.9979276573780467, "(0.641188809196428, 0.7883822645581322)": 0.9974461474169344, "(0.7883822645581322, 0.8766197423093314)": 0.9973957740224828, "(0.8766197423093314, 0.918249846331903)": 0.9940107785006823, "(0.918249846331903, 0.932728161078898)": 0.9920262380949129, "(0.932728161078898, 1.0)": 0.9540487380684064}, "pct": 0.9540487380684064, "best_return": 14.869485967464048}, "ew_rel_minmax": {"trend": "ew_rel_minmax", "time_param": 141, "q_params": {"(0, 0.12386912926483234)": 0.9998822539773213, "(0.12386912926483234, 0.3451847758636029)": 0.9997397197823755, "(0.3451847758636029, 0.40917794454711687)": 0.9996001304266278, "(0.40917794454711687, 0.4248411331425805)": 0.9953419315386473, "(0.4248411331425805, 0.46680402367004487)": 0.9949639591090292, "(0.46680402367004487, 0.6116248970318378)": 0.9913846036667602, "(0.6116248970318378, 0.729940829990156)": 0.9866500566700301, "(0.729940829990156, 0.8934825945371208)": 0.9494724176714805, "(0.8934825945371208, 0.9565949564368761)": 0.6755492225434524, "(0.9565949564368761, 1.0)": 0.2453996995074475}, "pct": 0.2453996995074475, "best_return": 19.118113994074836}}