{"ma": {"trend": "ma", "time_param": 141, "q_params": {"(0, 0.1318767241650359)": 1.0, "(0.1318767241650359, 0.3540231429038347)": 0.999975887212468, "(0.3540231429038347, 0.41224437077714143)": 0.9997299378855777, "(0.41224437077714143, 0.4342765037630081)": 0.9942096358858964, "(0.4342765037630081, 0.4520471716299214)": 0.9938735189273666, "(0.4520471716299214, 0.49051463014392716)": 0.9938385515574012, "(0.49051463014392716, 0.9361074496953904)": 0.9938385061316446, "(0.9361074496953904, 0.9766631676649598)": 0.9937792654358112, "(0.9766631676649598, 0.9901386396528865)": 0.9930165603373308, "(0.9901386396528865, 1.0)": 0.1748190527469396}, "pct": 0.999975887212468, "best_return": 28.80980831123725}, "ew_ma": {"trend": "ew_ma", "time_param": 141, "q_params": {"(0, 0.3310158893105825)": 1.0, "(0.3310158893105825, 0.6718857765989257)": 0.9999984407708175, "(0.6718857765989257, 0.7032341773574282)": 0.9999866081815247, "(0.7032341773574282, 0.7036473959366688)": 0.9998278858891227, "(0.7036473959366688, 0.7733643343779322)": 0.999640285717792, "(0.7733643343779322, 0.7773577579684527)": 0.9981338422722166, "(0.7773577579684527, 0.781047941613115)": 0.9975778640847138, "(0.781047941613115, 0.7848490238836394)": 0.6961767564825754, "(0.7848490238836394, 0.9862160814846048)": 0.26305290871383297, "(0.9862160814846048, 1.0)": 0.24002198082708884}, "pct": 0.9999984407708175, "best_return": 35.477499269685026}, "rel_minmax": {"trend": "rel_minmax", "time_param": 141, "q_params": {"(0, 0.14624454195139655)": 1.0, "(0.14624454195139655, 0.1496174220992861)": 0.9984288348664397, "(0.1496174220992861, 0.2178453743066534)": 0.9979552997768334, "(0.2178453743066534, 0.46410290129005716)": 0.9979532738212193, "(0.46410290129005716, 0.602775183961125)": 0.9979276573780467, "(0.602775183961125, 0.8729145684895885)": 0.9977267878687096, "(0.8729145684895885, 0.8766197423093314)": 0.9970000708988388, "(0.8766197423093314, 0.918249846331903)": 0.9921262890024719, "(0.918249846331903, 0.9467429128533419)": 0.9913642691417915, "(0.9467429128533419, 1.0)": 0.9910359161258742}, "pct": 0.9910359161258742, "best_return": 23.26773511515977}, "ew_rel_minmax": {"trend": "ew_rel_minmax", "time_param": 141, "q_params": {"(0, 0.07869093583957786)": 1.0, "(0.07869093583957786, 0.3551183464094737)": 0.9998105480968793, "(0.3551183464094737, 0.42128913171113197)": 0.998791067994896, "(0.42128913171113197, 0.43431783947351793)": 0.9982185903755213, "(0.43431783947351793, 0.480988652705488)": 0.9974622857777429, "(0.480988652705488, 0.6205187927204193)": 0.9974489148542163, "(0.6205187927204193, 0.8596249913638527)": 0.997180031497276, "(0.8596249913638527, 0.8817857268334129)": 0.9921207077488916, "(0.8817857268334129, 0.8880924572391123)": 0.6240907480162671, "(0.8880924572391123, 1.0)": 0.2417042999368285}, "pct": 0.2417042999368285, "best_return": 26.797513359670905}}