{"ma": {"trend": "ma", "time_param": 141, "q_params": {"(0, 0.32653855842725843)": 0.9995430577466153, "(0.32653855842725843, 0.3893511092792524)": 0.9992694411289559, "(0.3893511092792524, 0.4071743245972947)": 0.9991670602036961, "(0.4071743245972947, 0.4191708151849749)": 0.99893419036629, "(0.4191708151849749, 0.431170909052608)": 0.9964364334581787, "(0.431170909052608, 0.5389863865998922)": 0.9934270112213621, "(0.5389863865998922, 0.9360926062192638)": 0.9932285113323601, "(0.9360926062192638, 0.9874813342287075)": 0.9921957200132884, "(0.9874813342287075, 0.9932485903905214)": 0.9838854518290479, "(0.9932485903905214, 1.0)": 0.08915448145451596}, "pct": 0.9995430577466153, "best_return": 13.487131094323871}, "ew_ma": {"trend": "ew_ma", "time_param": 141, "q_params": {"(0, 0.36265965948857287)": 0.9999993334828786, "(0.36265965948857287, 0.6539203468696817)": 0.9999922288821582, "(0.6539203468696817, 0.6911470356377931)": 0.9950916722238413, "(0.6911470356377931, 0.718931276820067)": 0.9941219549506916, "(0.718931276820067, 0.7770283674559737)": 0.9835362091291545, "(0.7770283674559737, 0.7903934775907624)": 0.9803614622906631, "(0.7903934775907624, 0.7937655833719744)": 0.9570176064513736, "(0.7937655833719744, 0.7986425778052689)": 0.6749845550065741, "(0.7986425778052689, 0.9806271210468762)": 0.136684252991517, "(0.9806271210468762, 1.0)": 0.0009481995440581625}, "pct": 0.9999993334828786, "best_return": 16.96356946230454}, "rel_minmax": {"time_param": 174, "trend": "rel_minmax", "q_params": {"(0, 0.20325266620106866)": 0.9886481221452746, "(0.20325266620106866, 0.3567233874416139)": 0.9300491412409291, "(0.3567233874416139, 0.3759597923404868)": 0.7401771252032867, "(0.3759597923404868, 0.4277315698440234)": 0.7050518938797653, "(0.4277315698440234, 0.5887710961900792)": 0.6675373801349519, "(0.5887710961900792, 0.8882551666677189)": 0.6606210128282533, "(0.8882551666677189, 0.9077865424558406)": 0.3895017188590586, "(0.9077865424558406, 0.9263779469875257)": 0.22664849257006467, "(0.9263779469875257, 0.9938044193255313)": 0.17677390737707954, "(0.9938044193255313, 1)": 0.005181794793010952}, "pct": 0.6606210128282533, "best_return": 16.297422049357138}, "ew_rel_minmax": {"time_param": 302, "trend": "ew_rel_minmax", "q_params": {"(0, 0.30553176360858897)": 0.9853783880509556, "(0.30553176360858897, 0.3428397742492453)": 0.9475399976341524, "(0.3428397742492453, 0.45903152039362227)": 0.7668471753506154, "(0.45903152039362227, 0.5695389928923098)": 0.6277428246638078, "(0.5695389928923098, 0.6653781176408533)": 0.503743108990483, "(0.6653781176408533, 0.8261334878564103)": 0.40819015455513075, "(0.8261334878564103, 0.8704363965982922)": 0.37286151663647205, "(0.8704363965982922, 0.9546758632997221)": 0.3584156164939597, "(0.9546758632997221, 0.9559811340400586)": 0.3567937252149749, "(0.9559811340400586, 1)": 0.033631048721000534}, "pct": 0.033631048721000534, "best_return": 13.552687087605367}}