{"ma": {"trend": "ma", "time_param": 103, "q_params": {"(0, 0.14124969875659066)": 1.0, "(0.14124969875659066, 0.1683280889627913)": 0.9999978172141695, "(0.1683280889627913, 0.3214850997050078)": 0.9965920814906651, "(0.3214850997050078, 0.547715879663627)": 0.9965638737723304, "(0.547715879663627, 0.5631563116425514)": 0.9964137267830455, "(0.5631563116425514, 0.6179968994758068)": 0.994713906196026, "(0.6179968994758068, 0.6650650886746128)": 0.9946952526521854, "(0.6650650886746128, 0.9052509588717423)": 0.9946067681468941, "(0.9052509588717423, 0.9601264922013735)": 0.9926806376449799, "(0.9601264922013735, 1.0)": 0.5789366849253701}, "pct": 0.9965920814906651, "best_return": 8.538490541767702}, "ew_ma": {"trend": "ew_ma", "time_param": 103, "q_params": {"(0, 0.3272153703251086)": 1.0, "(0.3272153703251086, 0.4045919503090114)": 0.9996593327837452, "(0.4045919503090114, 0.4477179558508273)": 0.9996552312373642, "(0.4477179558508273, 0.45028298946975637)": 0.9996057872949405, "(0.45028298946975637, 0.4863029787217914)": 0.9963793168144617, "(0.4863029787217914, 0.5767211405359003)": 0.9963327173637448, "(0.5767211405359003, 0.743848069392868)": 0.9963234750478668, "(0.743848069392868, 0.8242852567590792)": 0.995594820370312, "(0.8242852567590792, 0.8833919822666)": 0.9452049175828795, "(0.8833919822666, 1.0)": 0.035855285941301995}, "pct": 1.0, "best_return": 9.642575839044579}, "rel_minmax": {"trend": "rel_minmax", "time_param": 103, "q_params": {"(0, 0.26673713375345426)": 1.0, "(0.26673713375345426, 0.3019481811698492)": 0.9999948058638262, "(0.3019481811698492, 0.3705195382858975)": 0.9999894446093601, "(0.3705195382858975, 0.49407862702381133)": 0.9993996498067048, "(0.49407862702381133, 0.49753322727548943)": 0.9958168784657137, "(0.49753322727548943, 0.7327405871786113)": 0.9952114556520648, "(0.7327405871786113, 0.7563468439019767)": 0.9946192946598491, "(0.7563468439019767, 0.8205637158406008)": 0.9944873056754435, "(0.8205637158406008, 0.8291035207463191)": 0.9337967670521615, "(0.8291035207463191, 1.0)": 0.7811878793399318}, "pct": 0.7811878793399318, "best_return": 7.5311607001864544}, "ew_rel_minmax": {"trend": "ew_rel_minmax", "time_param": 103, "q_params": {"(0, 0.22303631192621692)": 1.0, "(0.22303631192621692, 0.3832972567621377)": 0.999992886884328, "(0.3832972567621377, 0.3857206567877751)": 0.9998370834419538, "(0.3857206567877751, 0.5344661391616631)": 0.9996911796925169, "(0.5344661391616631, 0.6291179495048023)": 0.999321895003449, "(0.6291179495048023, 0.6357921830529092)": 0.9974747565694277, "(0.6357921830529092, 0.7805627537113627)": 0.994963612638289, "(0.7805627537113627, 0.858117884833507)": 0.9815653111857596, "(0.858117884833507, 0.9872740918814341)": 0.8629527126882858, "(0.9872740918814341, 1.0)": 0.8547834193583179}, "pct": 0.8629527126882858, "best_return": 7.3106903379805726}}