{"ma": {"trend": "ma", "time_param": 103, "q_params": {"(0, 0.16220699217649456)": 0.9999712394449674, "(0.16220699217649456, 0.16554029030313305)": 0.9990380700307718, "(0.16554029030313305, 0.31585662186790187)": 0.9968075285159136, "(0.31585662186790187, 0.3736558012959242)": 0.9966659183095102, "(0.3736558012959242, 0.615119216410711)": 0.9966541480378833, "(0.615119216410711, 0.628909143206027)": 0.9954575899342002, "(0.628909143206027, 0.6914434839390221)": 0.9952041718293778, "(0.6914434839390221, 0.9473148381607118)": 0.9896418396470202, "(0.9473148381607118, 0.9729419542065108)": 0.9711962354436248, "(0.9729419542065108, 1.0)": 0.46979891668037294}, "pct": 0.9968075285159136, "best_return": 7.092883563597061}, "ew_ma": {"time_param": 187, "trend": "ew_ma", "q_params": {"(0.0, 0.2146373554268445)": 0.9907083649845445, "(0.2146373554268445, 0.43982184891092596)": 0.9552637890825098, "(0.43982184891092596, 0.640806337604605)": 0.916022532798826, "(0.640806337604605, 0.7106535213629203)": 0.6731385856536527, "(0.7106535213629203, 0.7577745662417213)": 0.6634029673412225, "(0.7577745662417213, 0.8822369898883935)": 0.6588172560721717, "(0.8822369898883935, 0.8953872020951431)": 0.5931821163413012, "(0.8953872020951431, 0.9503028205052525)": 0.5165461769030419, "(0.9503028205052525, 0.97904221101858)": 0.488081789995345, "(0.97904221101858, 1.0)": 0.015319523925523715}, "pct": 1, "best_return": 6.520329296391695}, "rel_minmax": {"trend": "rel_minmax", "time_param": 103, "q_params": {"(0.0, 0.2735870780284149)": 1.0, "(0.2735870780284149, 0.35469714335140656)": 0.999996413265914, "(0.35469714335140656, 0.35688705659526404)": 0.9999791301907126, "(0.35688705659526404, 0.481502560414324)": 0.9999604784657549, "(0.481502560414324, 0.48933169848006014)": 0.9966297842585676, "(0.48933169848006014, 0.7620686529635021)": 0.9953917573133779, "(0.7620686529635021, 0.791904125619252)": 0.9946192946598491, "(0.791904125619252, 0.8129684503434417)": 0.9843682737536691, "(0.8129684503434417, 0.8372479617489352)": 0.8920863610277612, "(0.8372479617489352, 1.0)": 0.7775678118986851}, "pct": 1, "best_return": 6.520329296391695}, "ew_rel_minmax": {"trend": "ew_rel_minmax", "time_param": 103, "q_params": {"(0.0, 0.24017619644657134)": 1.0, "(0.24017619644657134, 0.39051013420670216)": 0.9999938731380571, "(0.39051013420670216, 0.5400507359358182)": 0.9999390856620567, "(0.5400507359358182, 0.5987562474714864)": 0.9998245038062963, "(0.5987562474714864, 0.6106745098960393)": 0.9982015605981083, "(0.6106745098960393, 0.6461367371204887)": 0.9958690934506569, "(0.6461367371204887, 0.7764203612619583)": 0.9955514908241461, "(0.7764203612619583, 0.8423251180867858)": 0.9794480104183362, "(0.8423251180867858, 0.9872740918814341)": 0.9463894429733113, "(0.9872740918814341, 1.0)": 0.8073273342913778}, "pct": 1, "best_return": 6.520329296391695}}