{"ma": {"trend": "ma", "time_param": 103, "q_params": {"(0, 0.14124969875659066)": 1.0, "(0.14124969875659066, 0.1683280889627913)": 0.9999978172141695, "(0.1683280889627913, 0.28771223474412005)": 0.9965920814906651, "(0.28771223474412005, 0.5318500852484699)": 0.9965638737723304, "(0.5318500852484699, 0.5831659405462294)": 0.9964137267830455, "(0.5831659405462294, 0.6179968994758068)": 0.994713906196026, "(0.6179968994758068, 0.6650650886746128)": 0.994612568680109, "(0.6650650886746128, 0.9052509588717423)": 0.9946067681468941, "(0.9052509588717423, 0.9601264922013735)": 0.9926806376449799, "(0.9601264922013735, 1.0)": 0.6974101557018987}, "pct": 0.9965920814906651, "best_return": 8.758748486672282}, "ew_ma": {"trend": "ew_ma", "time_param": 103, "q_params": {"(0, 0.3272153703251086)": 1.0, "(0.3272153703251086, 0.400475975658821)": 0.9996809083705067, "(0.400475975658821, 0.4112498507190837)": 0.9996552312373642, "(0.4112498507190837, 0.45346342656293914)": 0.9995426899826727, "(0.45346342656293914, 0.4878669778947309)": 0.9963793168144617, "(0.4878669778947309, 0.5767211405359003)": 0.9963327173637448, "(0.5767211405359003, 0.743848069392868)": 0.9963234750478668, "(0.743848069392868, 0.8264567232316276)": 0.995594820370312, "(0.8264567232316276, 0.8783401948370435)": 0.9332834178759734, "(0.8783401948370435, 1.0)": 0.03942632022131478}, "pct": 1.0, "best_return": 10.629862675031283}, "rel_minmax": {"trend": "rel_minmax", "time_param": 103, "q_params": {"(0, 0.2750739262968347)": 1.0, "(0.2750739262968347, 0.30275943799348704)": 0.9999948058638262, "(0.30275943799348704, 0.3705195382858975)": 0.9998159011097998, "(0.3705195382858975, 0.4940506941063007)": 0.9993996498067048, "(0.4940506941063007, 0.5)": 0.9968193165549931, "(0.5, 0.7327405871786113)": 0.9950226751136311, "(0.7327405871786113, 0.7563468439019767)": 0.9946192946598491, "(0.7563468439019767, 0.8299445884295655)": 0.9944873056754435, "(0.8299445884295655, 0.8453365295574228)": 0.8925489546235497, "(0.8453365295574228, 1.0)": 0.662340084361263}, "pct": 0.662340084361263, "best_return": 8.043877383999316}, "ew_rel_minmax": {"trend": "ew_rel_minmax", "time_param": 103, "q_params": {"(0, 0.21674873473612222)": 1.0, "(0.21674873473612222, 0.38393627475426545)": 0.9999822719001068, "(0.38393627475426545, 0.3857206567877751)": 0.9999474082176628, "(0.3857206567877751, 0.5563876483093763)": 0.9993249006680714, "(0.5563876483093763, 0.6291179495048023)": 0.9980363638269646, "(0.6291179495048023, 0.6448229929567079)": 0.9950317322059165, "(0.6448229929567079, 0.7805627537113627)": 0.9945796032849942, "(0.7805627537113627, 0.858117884833507)": 0.9945784290450362, "(0.858117884833507, 0.8618748823907644)": 0.8629527126882858, "(0.8618748823907644, 1.0)": 0.8547834193583179}, "pct": 0.8547834193583179, "best_return": 7.813036418720651}}