{"ma": {"time_param": 175, "trend": "ma", "q_params": {"(0, 0.09401878068603346)": 0.9939291626256397, "(0.09401878068603346, 0.09608110214893495)": 0.9383649065674783, "(0.09608110214893495, 0.1385090137062044)": 0.9115699379503481, "(0.1385090137062044, 0.17878337986786866)": 0.9020435063222757, "(0.17878337986786866, 0.6309460743130553)": 0.8483265769778907, "(0.6309460743130553, 0.8467747369823239)": 0.8452306126819981, "(0.8467747369823239, 0.9052870968597125)": 0.7711521816985488, "(0.9052870968597125, 0.9269864620394778)": 0.4839953026434012, "(0.9269864620394778, 0.9339328186057156)": 0.28013921217316734, "(0.9339328186057156, 1.0)": 0.012828423949056478}, "pct": 0.9939291626256397, "best_return": 6.920379929310239}, "ew_ma": {"time_param": 187, "trend": "ew_ma", "q_params": {"(0, 0.38087709661910973)": 0.9993243268558433, "(0.38087709661910973, 0.4521512513151095)": 0.9609739357545929, "(0.4521512513151095, 0.640806337604605)": 0.9313547799616209, "(0.640806337604605, 0.6731158979937804)": 0.7879450495120901, "(0.6731158979937804, 0.840925938440607)": 0.7147810021388886, "(0.840925938440607, 0.8822369898883935)": 0.6588172560721717, "(0.8822369898883935, 0.909236130800075)": 0.6567839113698659, "(0.909236130800075, 0.9305262516453032)": 0.5673757846880848, "(0.9305262516453032, 0.9502679741627372)": 0.3839312722966751, "(0.9502679741627372, 1.0)": 0.015319523925523715}, "pct": 0.9993243268558433, "best_return": 7.105244423988699}, "rel_minmax": {"trend": "rel_minmax", "time_param": 103, "q_params": {"(0.0, 0.2735870780284149)": 1.0, "(0.2735870780284149, 0.35154183748345225)": 0.999996413265914, "(0.35154183748345225, 0.35688705659526404)": 0.9999791301907126, "(0.35688705659526404, 0.487595055402716)": 0.9999708844314535, "(0.487595055402716, 0.48933169848006014)": 0.9980663444161325, "(0.48933169848006014, 0.6385212058810157)": 0.9979650282925556, "(0.6385212058810157, 0.7405920183573007)": 0.9946192946598491, "(0.7405920183573007, 0.8305394807376953)": 0.9324175460173773, "(0.8305394807376953, 0.9280075139458278)": 0.8498948544446955, "(0.9280075139458278, 1.0)": 0.7775678118986851}, "pct": 1, "best_return": 6.011581858188259}, "ew_rel_minmax": {"trend": "ew_rel_minmax", "time_param": 103, "q_params": {"(0.0, 0.24017619644657134)": 1.0, "(0.24017619644657134, 0.29235368572757314)": 0.9999966137902524, "(0.29235368572757314, 0.5400507359358182)": 0.9999390856620567, "(0.5400507359358182, 0.542263513714012)": 0.9996495112773868, "(0.542263513714012, 0.6060951077355121)": 0.9961455994887352, "(0.6060951077355121, 0.6461367371204887)": 0.9958690934506569, "(0.6461367371204887, 0.7369338882963562)": 0.9822374586319323, "(0.7369338882963562, 0.8423251180867858)": 0.9700165284499557, "(0.8423251180867858, 0.9872740918814341)": 0.9463894429733113, "(0.9872740918814341, 1.0)": 0.7730466913954903}, "pct": 1, "best_return": 6.011581858188259}}