{"ma": {"trend": "ma", "time_param": 103, "q_params": {"(0, 0.14124969875659066)": 1.0, "(0.14124969875659066, 0.16723147419668252)": 0.9999978172141695, "(0.16723147419668252, 0.3214850997050078)": 0.9965920814906651, "(0.3214850997050078, 0.547715879663627)": 0.9965761213149017, "(0.547715879663627, 0.5713448640091594)": 0.9964137267830455, "(0.5713448640091594, 0.6179968994758068)": 0.994713906196026, "(0.6179968994758068, 0.6754942036334223)": 0.9946990114361755, "(0.6754942036334223, 0.9052509588717423)": 0.9946067681468941, "(0.9052509588717423, 0.9601264922013735)": 0.9926806376449799, "(0.9601264922013735, 1.0)": 0.5059231131988499}, "pct": 0.9965920814906651, "best_return": 8.49238774959779}, "ew_ma": {"trend": "ew_ma", "time_param": 103, "q_params": {"(0, 0.3272153703251086)": 1.0, "(0.3272153703251086, 0.4045919503090114)": 0.9999224586472679, "(0.4045919503090114, 0.44350426108102936)": 0.9999117360571886, "(0.44350426108102936, 0.4712941837561041)": 0.9996057872949405, "(0.4712941837561041, 0.4930037077719833)": 0.9963793168144617, "(0.4930037077719833, 0.5836938579176854)": 0.9963257289035088, "(0.5836938579176854, 0.754861383677017)": 0.9963234750478668, "(0.754861383677017, 0.8500773095207522)": 0.995594820370312, "(0.8500773095207522, 0.8833919822666)": 0.884064693574482, "(0.8833919822666, 1.0)": 0.003971508369074229}, "pct": 1.0, "best_return": 9.882601393863503}, "rel_minmax": {"trend": "rel_minmax", "time_param": 103, "q_params": {"(0, 0.2940909561677873)": 1.0, "(0.2940909561677873, 0.2970254691645228)": 0.9999904959347128, "(0.2970254691645228, 0.35688705659526404)": 0.9999894446093601, "(0.35688705659526404, 0.48386508172605525)": 0.9998663074671325, "(0.48386508172605525, 0.48933169848006014)": 0.9955281517501684, "(0.48933169848006014, 0.7159901108595322)": 0.9952114556520648, "(0.7159901108595322, 0.7694252652507977)": 0.9946192946598491, "(0.7694252652507977, 0.8205637158406008)": 0.9944873056754435, "(0.8205637158406008, 0.8291035207463191)": 0.9078605769676666, "(0.8291035207463191, 1.0)": 0.7399955429694361}, "pct": 0.7399955429694361, "best_return": 7.164954453454266}, "ew_rel_minmax": {"trend": "ew_rel_minmax", "time_param": 103, "q_params": {"(0, 0.22303631192621692)": 1.0, "(0.22303631192621692, 0.39051013420670216)": 0.9999931611542712, "(0.39051013420670216, 0.5358140636254771)": 0.9999555036312305, "(0.5358140636254771, 0.5902192401811988)": 0.9998245038062963, "(0.5902192401811988, 0.6153675239932537)": 0.9994528509145884, "(0.6153675239932537, 0.6357921830529092)": 0.9958949447331776, "(0.6357921830529092, 0.7748125721208289)": 0.9952768366590642, "(0.7748125721208289, 0.8409693833631025)": 0.9937546523453836, "(0.8409693833631025, 0.9872740918814341)": 0.8629527126882858, "(0.9872740918814341, 1.0)": 0.8560706668950203}, "pct": 0.8629527126882858, "best_return": 7.125712237314564}}