{"ma": {"trend": "ma", "time_param": 103, "q_params": {"(0, 0.15187701775372675)": 1.0, "(0.15187701775372675, 0.16194221146927718)": 0.9982431700371446, "(0.16194221146927718, 0.31832234295426726)": 0.9979744955308717, "(0.31832234295426726, 0.4160728466808347)": 0.996776170522994, "(0.4160728466808347, 0.5897873912935351)": 0.9965523716257978, "(0.5897873912935351, 0.6110033733647687)": 0.9960246243513484, "(0.6110033733647687, 0.6859636968642587)": 0.9941828382752222, "(0.6859636968642587, 0.8895331029539314)": 0.9930896252462353, "(0.8895331029539314, 0.9792996127087583)": 0.9891733122690675, "(0.9792996127087583, 1.0)": 0.5003747158917198}, "pct": 1.0, "best_return": 6.792425090967514}, "ew_ma": {"trend": "ew_ma", "time_param": 103, "q_params": {"(0, 0.3201275841557354)": 0.999956277923788, "(0.3201275841557354, 0.38918265728445606)": 0.9999261506923989, "(0.38918265728445606, 0.4424659112541563)": 0.9999117360571886, "(0.4424659112541563, 0.471581524613026)": 0.9998944843581239, "(0.471581524613026, 0.4731023909406652)": 0.9973084861559833, "(0.4731023909406652, 0.5746802125428301)": 0.9945766255049718, "(0.5746802125428301, 0.7711995231984986)": 0.9799762059022945, "(0.7711995231984986, 0.8056303483615281)": 0.9589517776739526, "(0.8056303483615281, 0.8702283537561535)": 0.8971856394376108, "(0.8702283537561535, 1.0)": 0.15036112595323015}, "pct": 0.999956277923788, "best_return": 7.06161301490908}, "rel_minmax": {"trend": "rel_minmax", "time_param": 103, "q_params": {"(0.0, 0.2735870780284149)": 1.0, "(0.2735870780284149, 0.35469714335140656)": 0.9999914560673454, "(0.35469714335140656, 0.35688705659526404)": 0.9999894446093601, "(0.35688705659526404, 0.481502560414324)": 0.9998663074671325, "(0.481502560414324, 0.48933169848006014)": 0.9955281517501684, "(0.48933169848006014, 0.7620686529635021)": 0.9953917573133779, "(0.7620686529635021, 0.791038050620339)": 0.9946192946598491, "(0.791038050620339, 0.8145085913148022)": 0.9944873056754435, "(0.8145085913148022, 0.8291035207463191)": 0.8920863610277612, "(0.8291035207463191, 1.0)": 0.7732228848072698}, "pct": 1, "best_return": 6.527879788562344}, "ew_rel_minmax": {"trend": "ew_rel_minmax", "time_param": 103, "q_params": {"(0.0, 0.24017619644657134)": 1.0, "(0.24017619644657134, 0.39051013420670216)": 0.9999938731380571, "(0.39051013420670216, 0.5400507359358182)": 0.9999390856620567, "(0.5400507359358182, 0.6069628537515299)": 0.9998245038062963, "(0.6069628537515299, 0.6153675239932537)": 0.9986029999716305, "(0.6153675239932537, 0.6461367371204887)": 0.9958690934506569, "(0.6461367371204887, 0.7748125721208289)": 0.9955514908241461, "(0.7748125721208289, 0.8423251180867858)": 0.9814258167470525, "(0.8423251180867858, 0.9872740918814341)": 0.9375184326403113, "(0.9872740918814341, 1.0)": 0.8073273342913778}, "pct": 1, "best_return": 6.527879788562344}}