{"ma": {"trend": "ma", "time_param": 103, "q_params": {"(0, 0.15187701775372675)": 1.0, "(0.15187701775372675, 0.16194221146927718)": 0.9982431700371446, "(0.16194221146927718, 0.31832234295426726)": 0.9979744955308717, "(0.31832234295426726, 0.4160728466808347)": 0.9965761213149017, "(0.4160728466808347, 0.5897873912935351)": 0.9965523716257978, "(0.5897873912935351, 0.6236794862906976)": 0.994713906196026, "(0.6236794862906976, 0.692767567053894)": 0.9946990114361755, "(0.692767567053894, 0.8784066538756721)": 0.9934182589699464, "(0.8784066538756721, 0.9467059102661074)": 0.9929228793867829, "(0.9467059102661074, 1.0)": 0.4829581696304674}, "pct": 0.9979744955308717, "best_return": 7.176230856848785}, "ew_ma": {"trend": "ew_ma", "time_param": 103, "q_params": {"(0, 0.31339027693372024)": 0.999956277923788, "(0.31339027693372024, 0.34652404975085616)": 0.999936422049333, "(0.34652404975085616, 0.4507678756072622)": 0.9999117360571886, "(0.4507678756072622, 0.47234220793362724)": 0.9998944843581239, "(0.47234220793362724, 0.4731023909406652)": 0.9973084861559833, "(0.4731023909406652, 0.5836938579176854)": 0.9945766255049718, "(0.5836938579176854, 0.7845608642096464)": 0.9930433315967965, "(0.7845608642096464, 0.842652253049733)": 0.9589517776739526, "(0.842652253049733, 0.8702283537561535)": 0.8971856394376108, "(0.8702283537561535, 1.0)": 0.15036112595323015}, "pct": 0.999956277923788, "best_return": 8.36821834419731}, "rel_minmax": {"trend": "rel_minmax", "time_param": 103, "q_params": {"(0, 0.2735870780284149)": 1.0, "(0.2735870780284149, 0.35469714335140656)": 0.9999914560673454, "(0.35469714335140656, 0.35688705659526404)": 0.9999894446093601, "(0.35688705659526404, 0.481502560414324)": 0.9998663074671325, "(0.481502560414324, 0.48933169848006014)": 0.9955281517501684, "(0.48933169848006014, 0.7620686529635021)": 0.9953917573133779, "(0.7620686529635021, 0.791038050620339)": 0.9946192946598491, "(0.791038050620339, 0.8145085913148022)": 0.9944873056754435, "(0.8145085913148022, 0.8291035207463191)": 0.8920863610277612, "(0.8291035207463191, 1.0)": 0.7732228848072698}, "pct": 0.7732228848072698, "best_return": 6.712157547774122}, "ew_rel_minmax": {"trend": "ew_rel_minmax", "time_param": 103, "q_params": {"(0, 0.24017619644657134)": 1.0, "(0.24017619644657134, 0.39051013420670216)": 0.9999938731380571, "(0.39051013420670216, 0.5400507359358182)": 0.9999390856620567, "(0.5400507359358182, 0.6069628537515299)": 0.9998245038062963, "(0.6069628537515299, 0.6153675239932537)": 0.9986029999716305, "(0.6153675239932537, 0.6461367371204887)": 0.9958690934506569, "(0.6461367371204887, 0.7748125721208289)": 0.9955514908241461, "(0.7748125721208289, 0.8423251180867858)": 0.9814258167470525, "(0.8423251180867858, 0.9872740918814341)": 0.9375184326403113, "(0.9872740918814341, 1.0)": 0.8073273342913778}, "pct": 0.9375184326403113, "best_return": 6.492745422922094}}