{"ma": {"trend": "ma", "time_param": 103, "q_params": {"(0, 0.14124969875659066)": 1.0, "(0.14124969875659066, 0.16723147419668252)": 0.9999978172141695, "(0.16723147419668252, 0.3279766831623471)": 0.9965920814906651, "(0.3279766831623471, 0.547715879663627)": 0.9965761213149017, "(0.547715879663627, 0.5713448640091594)": 0.9964137267830455, "(0.5713448640091594, 0.6179968994758068)": 0.994713906196026, "(0.6179968994758068, 0.6754942036334223)": 0.9946990114361755, "(0.6754942036334223, 0.9052509588717423)": 0.9946067681468941, "(0.9052509588717423, 0.9601264922013735)": 0.9926806376449799, "(0.9601264922013735, 1.0)": 0.4829581696304674}, "pct": 0.9965920814906651, "best_return": 8.532812436648719}, "ew_ma": {"trend": "ew_ma", "time_param": 103, "q_params": {"(0, 0.33960607661225023)": 1.0, "(0.33960607661225023, 0.4045919503090114)": 0.9999224586472679, "(0.4045919503090114, 0.44350426108102936)": 0.9999117360571886, "(0.44350426108102936, 0.4712941837561041)": 0.9996057872949405, "(0.4712941837561041, 0.4919431471522456)": 0.9963793168144617, "(0.4919431471522456, 0.5836938579176854)": 0.9963257289035088, "(0.5836938579176854, 0.7845608642096464)": 0.9963234750478668, "(0.7845608642096464, 0.8500773095207522)": 0.995594820370312, "(0.8500773095207522, 0.8833919822666)": 0.8810579423162577, "(0.8833919822666, 1.0)": 0.0009006692254293286}, "pct": 1.0, "best_return": 9.940136930795497}, "rel_minmax": {"trend": "rel_minmax", "time_param": 103, "q_params": {"(0, 0.29533678212696773)": 1.0, "(0.29533678212696773, 0.2970254691645228)": 0.9999902333611166, "(0.2970254691645228, 0.35688705659526404)": 0.9999894446093601, "(0.35688705659526404, 0.481502560414324)": 0.9998663074671325, "(0.481502560414324, 0.48933169848006014)": 0.9955281517501684, "(0.48933169848006014, 0.7592651897045306)": 0.9952114556520648, "(0.7592651897045306, 0.7694252652507977)": 0.9946192946598491, "(0.7694252652507977, 0.8145085913148022)": 0.9944873056754435, "(0.8145085913148022, 0.8291035207463191)": 0.9078605769676666, "(0.8291035207463191, 1.0)": 0.7474127225961189}, "pct": 0.7474127225961189, "best_return": 7.2093047180589105}, "ew_rel_minmax": {"trend": "ew_rel_minmax", "time_param": 103, "q_params": {"(0, 0.22303631192621692)": 1.0, "(0.22303631192621692, 0.39051013420670216)": 0.9999938731380571, "(0.39051013420670216, 0.5400507359358182)": 0.9999555036312305, "(0.5400507359358182, 0.5902192401811988)": 0.9998245038062963, "(0.5902192401811988, 0.6153675239932537)": 0.9994528509145884, "(0.6153675239932537, 0.6357921830529092)": 0.9958949447331776, "(0.6357921830529092, 0.7748125721208289)": 0.9952768366590642, "(0.7748125721208289, 0.8409693833631025)": 0.9937546523453836, "(0.8409693833631025, 0.9872740918814341)": 0.8629527126882858, "(0.9872740918814341, 1.0)": 0.8560706668950203}, "pct": 0.8629527126882858, "best_return": 7.08804619646613}}