{"ma": {"trend": "ma", "time_param": 103, "q_params": {"(0, 0.14124969875659066)": 1.0, "(0.14124969875659066, 0.1683280889627913)": 0.9999978172141695, "(0.1683280889627913, 0.3214850997050078)": 0.9965920814906651, "(0.3214850997050078, 0.547715879663627)": 0.9965638737723304, "(0.547715879663627, 0.5713448640091594)": 0.9964137267830455, "(0.5713448640091594, 0.6179968994758068)": 0.994713906196026, "(0.6179968994758068, 0.6687657492580809)": 0.9946952526521854, "(0.6687657492580809, 0.9052509588717423)": 0.9946067681468941, "(0.9052509588717423, 0.9601264922013735)": 0.9926806376449799, "(0.9601264922013735, 1.0)": 0.5269613774637878}, "pct": 0.9965920814906651, "best_return": 8.356307566836307}, "ew_ma": {"trend": "ew_ma", "time_param": 103, "q_params": {"(0, 0.3272153703251086)": 1.0, "(0.3272153703251086, 0.4045919503090114)": 0.9999445490404839, "(0.4045919503090114, 0.41901395009280124)": 0.9999117360571886, "(0.41901395009280124, 0.45028298946975637)": 0.9996057872949405, "(0.45028298946975637, 0.4863029787217914)": 0.9963793168144617, "(0.4863029787217914, 0.5767211405359003)": 0.9963327173637448, "(0.5767211405359003, 0.7456906279847428)": 0.9963234750478668, "(0.7456906279847428, 0.8500773095207522)": 0.995594820370312, "(0.8500773095207522, 0.8833919822666)": 0.9115228756587539, "(0.8833919822666, 1.0)": 0.004622243515993786}, "pct": 1.0, "best_return": 9.783559783958152}, "rel_minmax": {"trend": "rel_minmax", "time_param": 103, "q_params": {"(0, 0.2940909561677873)": 1.0, "(0.2940909561677873, 0.2970254691645228)": 0.9999921273150904, "(0.2970254691645228, 0.35688705659526404)": 0.9999894446093601, "(0.35688705659526404, 0.49407862702381133)": 0.9998663074671325, "(0.49407862702381133, 0.5185367028892978)": 0.9958168784657137, "(0.5185367028892978, 0.7327405871786113)": 0.9952114556520648, "(0.7327405871786113, 0.7694252652507977)": 0.9946192946598491, "(0.7694252652507977, 0.8205637158406008)": 0.9944873056754435, "(0.8205637158406008, 0.8291035207463191)": 0.9337967670521615, "(0.8291035207463191, 1.0)": 0.7399955429694361}, "pct": 0.7399955429694361, "best_return": 7.324128980926217}, "ew_rel_minmax": {"trend": "ew_rel_minmax", "time_param": 103, "q_params": {"(0, 0.22303631192621692)": 1.0, "(0.22303631192621692, 0.3832972567621377)": 0.9999931611542712, "(0.3832972567621377, 0.5358140636254771)": 0.9999555036312305, "(0.5358140636254771, 0.5902192401811988)": 0.9996911796925169, "(0.5902192401811988, 0.6291179495048023)": 0.9994528509145884, "(0.6291179495048023, 0.6357921830529092)": 0.9958949447331776, "(0.6357921830529092, 0.7766684709762264)": 0.994963612638289, "(0.7766684709762264, 0.858117884833507)": 0.9915198039011232, "(0.858117884833507, 0.9872740918814341)": 0.8629527126882858, "(0.9872740918814341, 1.0)": 0.8560706668950203}, "pct": 0.8629527126882858, "best_return": 7.146840463659337}}