{"ma": {"time_param": 175, "trend": "ma", "q_params": {"(0, 0.03713103353534852)": 0.9939291626256397, "(0.03713103353534852, 0.08192672021596949)": 0.9383649065674783, "(0.08192672021596949, 0.09850267662615854)": 0.9136310066639469, "(0.09850267662615854, 0.17878337986786866)": 0.8954294881529684, "(0.17878337986786866, 0.6309460743130553)": 0.8455686113919788, "(0.6309460743130553, 0.769263073797674)": 0.8452306126819981, "(0.769263073797674, 0.9263880276767534)": 0.7245222591908451, "(0.9263880276767534, 0.9387733283186472)": 0.5382667698833449, "(0.9387733283186472, 0.9442265874802926)": 0.39465248424458166, "(0.9442265874802926, 1.0)": 0.012828423949056478}, "pct": 0.8455686113919788, "best_return": 6.959761177729126}, "ew_ma": {"time_param": 187, "trend": "ew_ma", "q_params": {"(0, 0.4277459214160041)": 0.9907083649845445, "(0.4277459214160041, 0.43982184891092596)": 0.9552637890825098, "(0.43982184891092596, 0.640806337604605)": 0.9313547799616209, "(0.640806337604605, 0.7545028872744081)": 0.8417085246601099, "(0.7545028872744081, 0.7577745662417213)": 0.6634029673412225, "(0.7577745662417213, 0.8822369898883935)": 0.6588172560721717, "(0.8822369898883935, 0.8953872020951431)": 0.5931821163413012, "(0.8953872020951431, 0.9503028205052525)": 0.5155417832547826, "(0.9503028205052525, 0.996524086572049)": 0.488081789995345, "(0.996524086572049, 1.0)": 0.015319523925523715}, "pct": 0.9907083649845445, "best_return": 6.481457011296548}, "rel_minmax": {"trend": "rel_minmax", "time_param": 103, "q_params": {"(0, 0.2735870780284149)": 1.0, "(0.2735870780284149, 0.35154183748345225)": 0.999996413265914, "(0.35154183748345225, 0.35688705659526404)": 0.9999791301907126, "(0.35688705659526404, 0.487595055402716)": 0.9999604784657549, "(0.487595055402716, 0.48933169848006014)": 0.9980663444161325, "(0.48933169848006014, 0.6385212058810157)": 0.9953917573133779, "(0.6385212058810157, 0.791904125619252)": 0.9946192946598491, "(0.791904125619252, 0.8305394807376953)": 0.9324175460173773, "(0.8305394807376953, 0.8877260546617332)": 0.8920863610277612, "(0.8877260546617332, 1.0)": 0.7775678118986851}, "pct": 0.8920863610277612, "best_return": 6.106888058951538}, "ew_rel_minmax": {"trend": "ew_rel_minmax", "time_param": 103, "q_params": {"(0, 0.24017619644657134)": 1.0, "(0.24017619644657134, 0.47236118742779765)": 0.9999966137902524, "(0.47236118742779765, 0.5400507359358182)": 0.9999390856620567, "(0.5400507359358182, 0.5987562474714864)": 0.9986238613294874, "(0.5987562474714864, 0.6304941592396722)": 0.9982015605981083, "(0.6304941592396722, 0.6461367371204887)": 0.9958690934506569, "(0.6461367371204887, 0.7764203612619583)": 0.9955514908241461, "(0.7764203612619583, 0.8423251180867858)": 0.9700165284499557, "(0.8423251180867858, 0.9872740918814341)": 0.9463894429733113, "(0.9872740918814341, 1.0)": 0.8073273342913778}, "pct": 0.9463894429733113, "best_return": 6.293893909856523}}