{"ma": {"trend": "ma", "time_param": 221, "q_params": {"(0, 0.09116626788682736)": 1.0, "(0.09116626788682736, 0.13659980361181956)": 0.999, "(0.13659980361181956, 0.244485536405535)": 0.9989949268610135, "(0.244485536405535, 0.42250013340830533)": 0.9989359583409395, "(0.42250013340830533, 0.45191884433356505)": 0.9985173185226227, "(0.45191884433356505, 0.4682844635607736)": 0.9944384381674503, "(0.4682844635607736, 0.487905222307919)": 0.9942609181517637, "(0.487905222307919, 0.8991858391508748)": 0.9941775755782027, "(0.8991858391508748, 0.9507229024176205)": 0.9926568091442467, "(0.9507229024176205, 1.0)": 0.19341263938219355}, "pct": 0.9941775755782027, "best_return": 7.201421935014451}, "ew_ma": {"trend": "ew_ma", "time_param": 221, "q_params": {"(0, 0.33659124027447973)": 1.0, "(0.33659124027447973, 0.3488603919534253)": 0.9999674500310618, "(0.3488603919534253, 0.3706397621719436)": 0.9995970399643008, "(0.3706397621719436, 0.37426074823333094)": 0.9950099346642227, "(0.37426074823333094, 0.39889668685924323)": 0.9930374770444679, "(0.39889668685924323, 0.42742399605961473)": 0.992265544615861, "(0.42742399605961473, 0.8352574262425024)": 0.9921462738627734, "(0.8352574262425024, 0.8632616859942834)": 0.9920569120586935, "(0.8632616859942834, 0.8739816370409348)": 0.9910896507762539, "(0.8739816370409348, 1.0)": 0.9910359161258742}, "pct": 0.9921462738627734, "best_return": 6.220604696768685}, "rel_minmax": {"trend": "rel_minmax", "time_param": 221, "q_params": {"(0, 0.2656904097792746)": 1.0, "(0.2656904097792746, 0.31332593682687726)": 0.9964265529715796, "(0.31332593682687726, 0.3363192704759491)": 0.9960405014392743, "(0.3363192704759491, 0.3978584979565794)": 0.9960073031417515, "(0.3978584979565794, 0.40276213632799324)": 0.996005996001, "(0.40276213632799324, 0.5235788245733011)": 0.9959791558918589, "(0.5235788245733011, 0.898355761860398)": 0.9946770644359104, "(0.898355761860398, 0.9026182170864813)": 0.9942839255599529, "(0.9026182170864813, 0.9341354437968775)": 0.9920279440699441, "(0.9341354437968775, 1.0)": 0.12649451321675548}, "pct": 0.12649451321675548, "best_return": 9.269891357251051}, "ew_rel_minmax": {"trend": "ew_rel_minmax", "time_param": 221, "q_params": {"(0, 0.3357021821061154)": 1.0, "(0.3357021821061154, 0.5107476319088956)": 0.9999791778047235, "(0.5107476319088956, 0.5375142524449478)": 0.9986128170276745, "(0.5375142524449478, 0.5617857219336919)": 0.9950243285409697, "(0.5617857219336919, 0.5667263691907177)": 0.9942094245248587, "(0.5667263691907177, 0.7676956740778871)": 0.9938607399467545, "(0.7676956740778871, 0.8315544187738624)": 0.9935381021792593, "(0.8315544187738624, 0.9035919307667678)": 0.6326128057416511, "(0.9035919307667678, 0.9043708036848294)": 0.598125425213926, "(0.9043708036848294, 1.0)": 0.34489424843913774}, "pct": 0.34489424843913774, "best_return": 9.012460313512577}}