{"ma": {"trend": "ma", "time_param": 221, "q_params": {"(0, 0.057231931494305416)": 0.9991055376872338, "(0.057231931494305416, 0.1756570592827859)": 0.9990067569458093, "(0.1756570592827859, 0.23231165141361362)": 0.9989999058483117, "(0.23231165141361362, 0.42931573792145195)": 0.9989943095075041, "(0.42931573792145195, 0.43522231883410917)": 0.9989773899331716, "(0.43522231883410917, 0.4756249103093365)": 0.9984481052339533, "(0.4756249103093365, 0.487905222307919)": 0.9951566088852509, "(0.487905222307919, 0.8947290987208588)": 0.9941775755782027, "(0.8947290987208588, 0.9572199332448045)": 0.9726725463032472, "(0.9572199332448045, 1.0)": 0.17965745652604773}, "pct": 0.9941775755782027, "best_return": 6.977915237865732}, "ew_ma": {"trend": "ew_ma", "time_param": 221, "q_params": {"(0, 0.29865098713386495)": 0.9999934647004225, "(0.29865098713386495, 0.3633061831085847)": 0.9999934239365211, "(0.3633061831085847, 0.37023109625293277)": 0.9941763776622301, "(0.37023109625293277, 0.3729277211478542)": 0.9940337392992357, "(0.3729277211478542, 0.4109216414270247)": 0.9926600046456087, "(0.4109216414270247, 0.6988865189124047)": 0.9924189350319272, "(0.6988865189124047, 0.8770009435855277)": 0.9922956091810166, "(0.8770009435855277, 0.9095635490364614)": 0.9920569120586935, "(0.9095635490364614, 0.9863196188215916)": 0.9228908568472626, "(0.9863196188215916, 1.0)": 0.6231852663671654}, "pct": 0.9922956091810166, "best_return": 6.307926580093779}, "rel_minmax": {"trend": "rel_minmax", "time_param": 221, "q_params": {"(0, 0.2626947671145615)": 0.9993745572723302, "(0.2626947671145615, 0.27108263299075347)": 0.9976871138951177, "(0.27108263299075347, 0.3276397731904225)": 0.9960405014392743, "(0.3276397731904225, 0.3736965508004608)": 0.9959821975589601, "(0.3736965508004608, 0.421120935266718)": 0.9959352095195444, "(0.421120935266718, 0.5189311974017992)": 0.9958422516949381, "(0.5189311974017992, 0.8702979493986996)": 0.9958335426839233, "(0.8702979493986996, 0.9326245432415456)": 0.9951102516666415, "(0.9326245432415456, 0.9707155675542609)": 0.6756515258250142, "(0.9707155675542609, 1.0)": 0.09492713091254681}, "pct": 0.6756515258250142, "best_return": 7.614953091576342}, "ew_rel_minmax": {"trend": "ew_rel_minmax", "time_param": 221, "q_params": {"(0, 0.3720751286184614)": 0.9999920049934021, "(0.3720751286184614, 0.537430679008023)": 0.9999791778047235, "(0.537430679008023, 0.5475634389029352)": 0.9971988867777907, "(0.5475634389029352, 0.5788004774865836)": 0.9956358296028953, "(0.5788004774865836, 0.5891313407356028)": 0.993206613126731, "(0.5891313407356028, 0.7789068317446803)": 0.9817576732213734, "(0.7789068317446803, 0.8797254569495367)": 0.8733828362056192, "(0.8797254569495367, 0.9005514259332894)": 0.6276911557602286, "(0.9005514259332894, 0.9049849986034111)": 0.5754443659404975, "(0.9049849986034111, 1.0)": 0.31402296448405714}, "pct": 0.31402296448405714, "best_return": 8.48860817457902}}