{"ma": {"trend": "ma", "time_param": 221, "q_params": {"(0, 0.04176409890104328)": 0.9996145364305962, "(0.04176409890104328, 0.1428546581833327)": 0.9993475402566038, "(0.1428546581833327, 0.2447015149086028)": 0.9990012880415506, "(0.2447015149086028, 0.4225039923050023)": 0.9989913365790081, "(0.4225039923050023, 0.4339722752662813)": 0.9989291108451807, "(0.4339722752662813, 0.45079472077756055)": 0.9971949101190815, "(0.45079472077756055, 0.47494999695596535)": 0.9964332507453768, "(0.47494999695596535, 0.8949091320260284)": 0.9959202550260952, "(0.8949091320260284, 0.9524644575986526)": 0.9934777681812073, "(0.9524644575986526, 1.0)": 0.19804811265514585}, "pct": 0.9959202550260952, "best_return": 7.812388746922009}, "ew_ma": {"trend": "ew_ma", "time_param": 221, "q_params": {"(0.0, 0.29865098713386495)": 0.9999934647004225, "(0.29865098713386495, 0.3633061831085847)": 0.9999934239365211, "(0.3633061831085847, 0.37023109625293277)": 0.9941763776622301, "(0.37023109625293277, 0.3729277211478542)": 0.9940337392992357, "(0.3729277211478542, 0.4109216414270247)": 0.9926600046456087, "(0.4109216414270247, 0.6988865189124047)": 0.9924189350319272, "(0.6988865189124047, 0.8770009435855277)": 0.9922956091810166, "(0.8770009435855277, 0.9272868468726492)": 0.9920569120586935, "(0.9272868468726492, 0.9883727161387266)": 0.9228908568472626, "(0.9883727161387266, 1.0)": 0.6231852663671654}, "pct": 1, "best_return": 7.10228711701423}, "rel_minmax": {"trend": "rel_minmax", "time_param": 221, "q_params": {"(0, 0.2626947671145615)": 0.9993745572723302, "(0.2626947671145615, 0.2836478220834418)": 0.9961964842261086, "(0.2836478220834418, 0.31971966954651077)": 0.9960825717710576, "(0.31971966954651077, 0.3643711386044156)": 0.9959821975589601, "(0.3643711386044156, 0.4248118925788665)": 0.9959747884228412, "(0.4248118925788665, 0.5090012368808426)": 0.9958602462811829, "(0.5090012368808426, 0.8548744264379461)": 0.9913629614055703, "(0.8548744264379461, 0.9264153884729122)": 0.9896518358104096, "(0.9264153884729122, 0.980044958112006)": 0.6837023954940515, "(0.980044958112006, 1.0)": 0.09683943375872182}, "pct": 0.09683943375872182, "best_return": 7.120307429083793}, "ew_rel_minmax": {"trend": "ew_rel_minmax", "time_param": 221, "q_params": {"(0, 0.4052965129175899)": 0.9999502249914866, "(0.4052965129175899, 0.5144802734876943)": 0.9995444882942894, "(0.5144802734876943, 0.5397263178947987)": 0.9931704622227511, "(0.5397263178947987, 0.5559688613935518)": 0.985519997721332, "(0.5559688613935518, 0.6194806772812674)": 0.9714692139064081, "(0.6194806772812674, 0.8016859906872282)": 0.9377512631622277, "(0.8016859906872282, 0.8590711157054324)": 0.8676143735485862, "(0.8590711157054324, 0.8949384246981142)": 0.5865500117239266, "(0.8949384246981142, 0.8985728191171507)": 0.5862343337679916, "(0.8985728191171507, 1.0)": 0.2848594239180217}, "pct": 0.2848594239180217, "best_return": 7.610902431934063}}