{"ma": {"trend": "ma", "time_param": 221, "q_params": {"(0, 0.09116626788682736)": 1.0, "(0.09116626788682736, 0.13609187569116335)": 0.999, "(0.13609187569116335, 0.244485536405535)": 0.9989999615106903, "(0.244485536405535, 0.42250013340830533)": 0.9989943095075041, "(0.42250013340830533, 0.44387119557649524)": 0.9988074248952001, "(0.44387119557649524, 0.4631515525273148)": 0.9944350148561409, "(0.4631515525273148, 0.487905222307919)": 0.9941978576906297, "(0.487905222307919, 0.9225543072994603)": 0.9941775755782027, "(0.9225543072994603, 0.9507229024176205)": 0.9926568091442467, "(0.9507229024176205, 1.0)": 0.1878545264751018}, "pct": 0.9941775755782027, "best_return": 7.535206503868607}, "ew_ma": {"trend": "ew_ma", "time_param": 221, "q_params": {"(0, 0.32615524664150747)": 1.0, "(0.32615524664150747, 0.35340562965708316)": 0.9999964595512691, "(0.35340562965708316, 0.3694547907361792)": 0.9999330687577501, "(0.3694547907361792, 0.3729277211478542)": 0.9931706042873941, "(0.3729277211478542, 0.3926922797471971)": 0.9926600046456087, "(0.3926922797471971, 0.4136302392859693)": 0.9925045489545833, "(0.4136302392859693, 0.8352574262425024)": 0.9921462738627734, "(0.8352574262425024, 0.8632616859942834)": 0.9920569120586935, "(0.8632616859942834, 0.9959909593112175)": 0.9389814630073037, "(0.9959909593112175, 1.0)": 0.6572385076026972}, "pct": 0.9920569120586935, "best_return": 6.51691894610628}, "rel_minmax": {"trend": "rel_minmax", "time_param": 221, "q_params": {"(0, 0.2626947671145615)": 1.0, "(0.2626947671145615, 0.31332593682687726)": 0.9960636135363122, "(0.31332593682687726, 0.3363192704759491)": 0.9960405014392743, "(0.3363192704759491, 0.39275985794628954)": 0.9960063148977479, "(0.39275985794628954, 0.5187980895719644)": 0.996005996001, "(0.5187980895719644, 0.5189311974017992)": 0.9958429817512584, "(0.5189311974017992, 0.898355761860398)": 0.9957790740680549, "(0.898355761860398, 0.9305190878764874)": 0.9954014553905322, "(0.9305190878764874, 0.9341354437968775)": 0.993086816058109, "(0.9341354437968775, 1.0)": 0.09492713091254681}, "pct": 0.09492713091254681, "best_return": 8.875228567245799}, "ew_rel_minmax": {"trend": "ew_rel_minmax", "time_param": 221, "q_params": {"(0, 0.3343819381440717)": 1.0, "(0.3343819381440717, 0.537430679008023)": 0.9999791778047235, "(0.537430679008023, 0.5376710492459612)": 0.9986128170276745, "(0.5376710492459612, 0.5597685598199905)": 0.9942075877874768, "(0.5597685598199905, 0.587620865001199)": 0.9936591147538453, "(0.587620865001199, 0.778273860483866)": 0.9936577487139385, "(0.778273860483866, 0.874041774257332)": 0.9935381021792593, "(0.874041774257332, 0.893848572281561)": 0.6248874273996384, "(0.893848572281561, 0.9108577036948255)": 0.5718448701537202, "(0.9108577036948255, 1.0)": 0.3108390405639967}, "pct": 0.3108390405639967, "best_return": 8.727327560447241}}