{"ma": {"trend": "ma", "time_param": 221, "q_params": {"(0, 0.09116626788682736)": 1.0, "(0.09116626788682736, 0.13609187569116335)": 0.999, "(0.13609187569116335, 0.244485536405535)": 0.9989981329577845, "(0.244485536405535, 0.42250013340830533)": 0.9989943095075041, "(0.42250013340830533, 0.44387119557649524)": 0.9985173185226227, "(0.44387119557649524, 0.4682844635607736)": 0.9944384381674503, "(0.4682844635607736, 0.487905222307919)": 0.9941978576906297, "(0.487905222307919, 0.9068488074586704)": 0.9941775755782027, "(0.9068488074586704, 0.9507229024176205)": 0.9926568091442467, "(0.9507229024176205, 1.0)": 0.19341263938219355}, "pct": 0.9941775755782027, "best_return": 7.657422482312964}, "ew_ma": {"trend": "ew_ma", "time_param": 221, "q_params": {"(0, 0.32615524664150747)": 1.0, "(0.32615524664150747, 0.35340562965708316)": 0.9999674500310618, "(0.35340562965708316, 0.3694547907361792)": 0.9995970399643008, "(0.3694547907361792, 0.37364933269376877)": 0.9942549186091998, "(0.37364933269376877, 0.39735830439014647)": 0.9926600046456087, "(0.39735830439014647, 0.42742399605961473)": 0.9926436305382765, "(0.42742399605961473, 0.8352574262425024)": 0.9921462738627734, "(0.8352574262425024, 0.8632616859942834)": 0.9920569120586935, "(0.8632616859942834, 0.9933486811910668)": 0.9910896507762539, "(0.9933486811910668, 1.0)": 0.9910359161258742}, "pct": 0.9921462738627734, "best_return": 6.616199116455476}, "rel_minmax": {"trend": "rel_minmax", "time_param": 221, "q_params": {"(0, 0.2626947671145615)": 1.0, "(0.2626947671145615, 0.31332593682687726)": 0.9964265529715796, "(0.31332593682687726, 0.3363192704759491)": 0.9960405014392743, "(0.3363192704759491, 0.3978584979565794)": 0.9960073031417515, "(0.3978584979565794, 0.5187980895719644)": 0.996005996001, "(0.5187980895719644, 0.5235788245733011)": 0.9959791558918589, "(0.5235788245733011, 0.898355761860398)": 0.9957790740680549, "(0.898355761860398, 0.9305190878764874)": 0.9947045830004101, "(0.9305190878764874, 0.9341354437968775)": 0.9938998562804097, "(0.9341354437968775, 1.0)": 0.12649451321675548}, "pct": 0.12649451321675548, "best_return": 9.465102474768571}, "ew_rel_minmax": {"trend": "ew_rel_minmax", "time_param": 221, "q_params": {"(0, 0.3357021821061154)": 1.0, "(0.3357021821061154, 0.537430679008023)": 0.9999791778047235, "(0.537430679008023, 0.5376710492459612)": 0.9986128170276745, "(0.5376710492459612, 0.5415926915855573)": 0.9942075877874768, "(0.5415926915855573, 0.587620865001199)": 0.9936591147538453, "(0.587620865001199, 0.7693415792848444)": 0.9936577487139385, "(0.7693415792848444, 0.8746415917581237)": 0.9935381021792593, "(0.8746415917581237, 0.893848572281561)": 0.6248874273996384, "(0.893848572281561, 0.9108577036948255)": 0.598125425213926, "(0.9108577036948255, 1.0)": 0.3108390405639967}, "pct": 0.3108390405639967, "best_return": 9.118421743631126}}