{"ma": {"trend": "ma", "time_param": 221, "q_params": {"(0, 0.04176409890104328)": 0.9991055376872338, "(0.04176409890104328, 0.16491339304598673)": 0.9990375448446323, "(0.16491339304598673, 0.2439259037641976)": 0.9990012880415506, "(0.2439259037641976, 0.4122320024118375)": 0.998935804430602, "(0.4122320024118375, 0.44186935014148704)": 0.9989291108451807, "(0.44186935014148704, 0.45079472077756055)": 0.9981441018156519, "(0.45079472077756055, 0.47494999695596535)": 0.9964332507453768, "(0.47494999695596535, 0.8949091320260284)": 0.9959202550260952, "(0.8949091320260284, 0.9524644575986526)": 0.9934777681812073, "(0.9524644575986526, 1.0)": 0.19804811265514585}, "pct": 0.9959202550260952, "best_return": 8.031910186156349}, "ew_ma": {"trend": "ew_ma", "time_param": 221, "q_params": {"(0.0, 0.29865098713386495)": 0.9999934647004225, "(0.29865098713386495, 0.3633061831085847)": 0.9999934239365211, "(0.3633061831085847, 0.37023109625293277)": 0.9941763776622301, "(0.37023109625293277, 0.3729277211478542)": 0.9940337392992357, "(0.3729277211478542, 0.4109216414270247)": 0.9926600046456087, "(0.4109216414270247, 0.6988865189124047)": 0.9924189350319272, "(0.6988865189124047, 0.8770009435855277)": 0.9922956091810166, "(0.8770009435855277, 0.9095635490364614)": 0.9920569120586935, "(0.9095635490364614, 0.9863196188215916)": 0.9228908568472626, "(0.9863196188215916, 1.0)": 0.6231852663671654}, "pct": 1, "best_return": 7.21227062701234}, "rel_minmax": {"trend": "rel_minmax", "time_param": 221, "q_params": {"(0, 0.2626947671145615)": 0.9993745572723302, "(0.2626947671145615, 0.2758235723650638)": 0.9961964842261086, "(0.2758235723650638, 0.31971966954651077)": 0.9960825717710576, "(0.31971966954651077, 0.3736965508004608)": 0.9959821975589601, "(0.3736965508004608, 0.4248118925788665)": 0.9959352095195444, "(0.4248118925788665, 0.5189311974017992)": 0.9958602462811829, "(0.5189311974017992, 0.8537886662993891)": 0.991416574596077, "(0.8537886662993891, 0.9326245432415456)": 0.985985972842454, "(0.9326245432415456, 0.980044958112006)": 0.6837023954940515, "(0.980044958112006, 1.0)": 0.09683943375872182}, "pct": 0.09683943375872182, "best_return": 7.219708319386357}, "ew_rel_minmax": {"trend": "ew_rel_minmax", "time_param": 221, "q_params": {"(0, 0.3974509843028314)": 0.9999502249914866, "(0.3974509843028314, 0.5144802734876943)": 0.9995444882942894, "(0.5144802734876943, 0.5448072943496488)": 0.9953513774764581, "(0.5448072943496488, 0.5559688613935518)": 0.9918353614259627, "(0.5559688613935518, 0.6226414198346355)": 0.9821824499759282, "(0.6226414198346355, 0.8016859906872282)": 0.9332219774490028, "(0.8016859906872282, 0.8590711157054324)": 0.8676143735485862, "(0.8590711157054324, 0.8949384246981142)": 0.592896123609855, "(0.8949384246981142, 0.9041906157175794)": 0.5862343337679916, "(0.9041906157175794, 1.0)": 0.2848594239180217}, "pct": 0.2848594239180217, "best_return": 8.236001803898034}}