{"ma": {"trend": "ma", "time_param": 221, "q_params": {"(0, 0.04462967039150322)": 0.9991055376872338, "(0.04462967039150322, 0.18207223038865344)": 0.9990067569458093, "(0.18207223038865344, 0.24332928484292)": 0.9989952448530575, "(0.24332928484292, 0.426232318540898)": 0.9989943095075041, "(0.426232318540898, 0.4345404028893831)": 0.9989773899331716, "(0.4345404028893831, 0.45079472077756055)": 0.9984481052339533, "(0.45079472077756055, 0.487905222307919)": 0.9951566088852509, "(0.487905222307919, 0.8944769078014163)": 0.9941775755782027, "(0.8944769078014163, 0.9472260199486806)": 0.9833960743689607, "(0.9472260199486806, 1.0)": 0.14560441800716753}, "pct": 0.9951566088852509, "best_return": 6.718358767887281}, "ew_ma": {"trend": "ew_ma", "time_param": 221, "q_params": {"(0.0, 0.29865098713386495)": 0.9999934647004225, "(0.29865098713386495, 0.3633061831085847)": 0.9999934239365211, "(0.3633061831085847, 0.37023109625293277)": 0.9941763776622301, "(0.37023109625293277, 0.3729277211478542)": 0.9940337392992357, "(0.3729277211478542, 0.4109216414270247)": 0.9926600046456087, "(0.4109216414270247, 0.6988865189124047)": 0.9924189350319272, "(0.6988865189124047, 0.8770009435855277)": 0.9922956091810166, "(0.8770009435855277, 0.9095635490364614)": 0.9920569120586935, "(0.9095635490364614, 0.9863196188215916)": 0.9228908568472626, "(0.9863196188215916, 1.0)": 0.6231852663671654}, "pct": 1, "best_return": 6.136050751023716}, "rel_minmax": {"trend": "rel_minmax", "time_param": 221, "q_params": {"(0, 0.2626947671145615)": 0.9993745572723302, "(0.2626947671145615, 0.2758235723650638)": 0.9961964842261086, "(0.2758235723650638, 0.31971966954651077)": 0.9960825717710576, "(0.31971966954651077, 0.3736965508004608)": 0.9959821975589601, "(0.3736965508004608, 0.4248118925788665)": 0.9959352095195444, "(0.4248118925788665, 0.5189311974017992)": 0.9958602462811829, "(0.5189311974017992, 0.8537886662993891)": 0.991416574596077, "(0.8537886662993891, 0.9326245432415456)": 0.985985972842454, "(0.9326245432415456, 0.9707155675542609)": 0.6837023954940515, "(0.9707155675542609, 1.0)": 0.10381316538681835}, "pct": 0.10381316538681835, "best_return": 7.202009820774204}, "ew_rel_minmax": {"trend": "ew_rel_minmax", "time_param": 221, "q_params": {"(0, 0.3720751286184614)": 0.9999920049934021, "(0.3720751286184614, 0.5041095603243176)": 0.9995444882942894, "(0.5041095603243176, 0.5448072943496488)": 0.9966451311819677, "(0.5448072943496488, 0.585062417585064)": 0.9938972925318548, "(0.585062417585064, 0.5891313407356028)": 0.993206613126731, "(0.5891313407356028, 0.7789068317446803)": 0.9836371716551077, "(0.7789068317446803, 0.8797254569495367)": 0.8733828362056192, "(0.8797254569495367, 0.8949299204075969)": 0.606114201421333, "(0.8949299204075969, 0.9049849986034111)": 0.5606387344674202, "(0.9049849986034111, 1.0)": 0.3212637923322726}, "pct": 0.3212637923322726, "best_return": 7.8640047969921305}}