{"ma": {"trend": "ma", "time_param": 221, "q_params": {"(0, 0.0861780801500387)": 0.999694292307581, "(0.0861780801500387, 0.3607051476796627)": 0.9994956472465916, "(0.3607051476796627, 0.39490038194322796)": 0.9994479439575893, "(0.39490038194322796, 0.42163448989049634)": 0.9989913365790081, "(0.42163448989049634, 0.448898120951224)": 0.998007246362125, "(0.448898120951224, 0.45294747952049136)": 0.997257939587446, "(0.45294747952049136, 0.5738228695621816)": 0.9960447730691719, "(0.5738228695621816, 0.9263369905986025)": 0.9959257735750148, "(0.9263369905986025, 0.9444921441397546)": 0.8195213883606657, "(0.9444921441397546, 1.0)": 0.10614219428348626}, "pct": 0.9959257735750148, "best_return": 7.452289537556884}, "ew_ma": {"trend": "ew_ma", "time_param": 221, "q_params": {"(0, 0.29865098713386495)": 0.9999991512816034, "(0.29865098713386495, 0.3374527861941805)": 0.9988290349842721, "(0.3374527861941805, 0.37023109625293277)": 0.9957412247101907, "(0.37023109625293277, 0.3797260659720511)": 0.9940337392992357, "(0.3797260659720511, 0.396396427793097)": 0.9926304607063969, "(0.396396427793097, 0.5124110435230094)": 0.992355079527768, "(0.5124110435230094, 0.9324615596006728)": 0.9923437978891184, "(0.9324615596006728, 0.9566244863399942)": 0.9920569120586935, "(0.9566244863399942, 0.9883727161387266)": 0.978398391714711, "(0.9883727161387266, 1.0)": 0.051091989727152565}, "pct": 0.9923437978891184, "best_return": 7.646141602661804}, "rel_minmax": {"trend": "rel_minmax", "time_param": 221, "q_params": {"(0.0, 0.2626947671145615)": 0.9996720002780408, "(0.2626947671145615, 0.2984644287646742)": 0.9974003637748483, "(0.2984644287646742, 0.3599020234518342)": 0.9960122621585838, "(0.3599020234518342, 0.46250196393691956)": 0.9959972818309345, "(0.46250196393691956, 0.508210670491701)": 0.9959747884228412, "(0.508210670491701, 0.8480413554959227)": 0.9956693891404238, "(0.8480413554959227, 0.8569927381616638)": 0.9885911662710613, "(0.8569927381616638, 0.8912980048701005)": 0.9829552364905496, "(0.8912980048701005, 0.980044958112006)": 0.5085245991982996, "(0.980044958112006, 1.0)": 0.18699344275267213}, "pct": 1, "best_return": 6.875064269358614}, "ew_rel_minmax": {"time_param": 418, "trend": "ew_rel_minmax", "q_params": {"(0, 0.17279613531060525)": 0.9741128299738759, "(0.17279613531060525, 0.2703393609746997)": 0.9710403756624058, "(0.2703393609746997, 0.43153795130202754)": 0.9454030703656084, "(0.43153795130202754, 0.552411752729627)": 0.9383555644690913, "(0.552411752729627, 0.8105888757952671)": 0.9204075523525918, "(0.8105888757952671, 0.821046253599189)": 0.7529003102030056, "(0.821046253599189, 0.8737971320344118)": 0.6399985590090719, "(0.8737971320344118, 0.9391497053268318)": 0.556014357352646, "(0.9391497053268318, 0.9475575213365747)": 0.4346278063431311, "(0.9475575213365747, 1.0)": 0.056826882233155185}, "pct": 0.056826882233155185, "best_return": 7.281699503371057}}