{"ma": {"trend": "ma", "time_param": 221, "q_params": {"(0, 0.06397779857074841)": 0.9994657461964592, "(0.06397779857074841, 0.13609187569116335)": 0.9992122639433412, "(0.13609187569116335, 0.25275827420216024)": 0.9989999058483117, "(0.25275827420216024, 0.42931573792145195)": 0.9989943095075041, "(0.42931573792145195, 0.44131114365355906)": 0.9988074248952001, "(0.44131114365355906, 0.4721375696582244)": 0.9969184812485596, "(0.4721375696582244, 0.487905222307919)": 0.9941978576906297, "(0.487905222307919, 0.9266593662444399)": 0.9941775755782027, "(0.9266593662444399, 0.9572199332448045)": 0.9602349488203007, "(0.9572199332448045, 1.0)": 0.17965745652604773}, "pct": 0.9941775755782027, "best_return": 7.124757276404416}, "ew_ma": {"trend": "ew_ma", "time_param": 221, "q_params": {"(0, 0.3284911429902678)": 1.0, "(0.3284911429902678, 0.3633061831085847)": 0.9999897295275347, "(0.3633061831085847, 0.37023109625293277)": 0.999989285397797, "(0.37023109625293277, 0.3729277211478542)": 0.9940337392992357, "(0.3729277211478542, 0.3942736348961954)": 0.9926600046456087, "(0.3942736348961954, 0.4136302392859693)": 0.9925045489545833, "(0.4136302392859693, 0.8741257707949311)": 0.9923237930772714, "(0.8741257707949311, 0.9095635490364614)": 0.9920569120586935, "(0.9095635490364614, 0.9959909593112175)": 0.9228908568472626, "(0.9959909593112175, 1.0)": 0.6588358735778996}, "pct": 0.9923237930772714, "best_return": 6.620012674518144}, "rel_minmax": {"trend": "rel_minmax", "time_param": 221, "q_params": {"(0, 0.2626947671145615)": 1.0, "(0.2626947671145615, 0.27108263299075347)": 0.9978179847373269, "(0.27108263299075347, 0.3363192704759491)": 0.9960405014392743, "(0.3363192704759491, 0.3736965508004608)": 0.9960203549285453, "(0.3736965508004608, 0.4346372260843665)": 0.9958589080333798, "(0.4346372260843665, 0.5189311974017992)": 0.9958422516949381, "(0.5189311974017992, 0.8768230089978735)": 0.9958335426839233, "(0.8768230089978735, 0.9326245432415456)": 0.9951102516666415, "(0.9326245432415456, 0.9387038772246062)": 0.6799462071921145, "(0.9387038772246062, 1.0)": 0.09492713091254681}, "pct": 0.09492713091254681, "best_return": 8.29484852484908}, "ew_rel_minmax": {"trend": "ew_rel_minmax", "time_param": 221, "q_params": {"(0, 0.3720751286184614)": 0.9999956093749617, "(0.3720751286184614, 0.537430679008023)": 0.9999791778047235, "(0.537430679008023, 0.55608461149455)": 0.9971988867777907, "(0.55608461149455, 0.5707042662343782)": 0.9942075877874768, "(0.5707042662343782, 0.5776705789367129)": 0.985866152774322, "(0.5776705789367129, 0.778273860483866)": 0.9646846992125896, "(0.778273860483866, 0.874041774257332)": 0.9604764749713888, "(0.874041774257332, 0.8839565607015262)": 0.5968021013758255, "(0.8839565607015262, 0.9307763904317292)": 0.5718448701537202, "(0.9307763904317292, 1.0)": 0.3108390405639967}, "pct": 0.3108390405639967, "best_return": 8.122609228751498}}