{"ma": {"trend": "ma", "time_param": 221, "q_params": {"(0, 0.0861780801500387)": 0.9999781110759646, "(0.0861780801500387, 0.3607051476796627)": 0.9994956472465916, "(0.3607051476796627, 0.39490038194322796)": 0.9992297962851392, "(0.39490038194322796, 0.42163448989049634)": 0.9989913365790081, "(0.42163448989049634, 0.44084681653531443)": 0.998007246362125, "(0.44084681653531443, 0.45294747952049136)": 0.997257939587446, "(0.45294747952049136, 0.5738228695621816)": 0.9960730188465279, "(0.5738228695621816, 0.9263369905986025)": 0.9959257735750148, "(0.9263369905986025, 0.9444921441397546)": 0.8195213883606657, "(0.9444921441397546, 1.0)": 0.1777339699178622}, "pct": 0.9959257735750148, "best_return": 7.431202242523493}, "ew_ma": {"trend": "ew_ma", "time_param": 221, "q_params": {"(0, 0.29865098713386495)": 0.9999991512816034, "(0.29865098713386495, 0.3374527861941805)": 0.9971174201893149, "(0.3374527861941805, 0.37023109625293277)": 0.9943714761181413, "(0.37023109625293277, 0.3788525436550055)": 0.9940337392992357, "(0.3788525436550055, 0.396396427793097)": 0.9926304607063969, "(0.396396427793097, 0.6170475578053934)": 0.992355079527768, "(0.6170475578053934, 0.9027551131152383)": 0.9923437978891184, "(0.9027551131152383, 0.9566244863399942)": 0.9920569120586935, "(0.9566244863399942, 0.9883727161387266)": 0.9530356247498049, "(0.9883727161387266, 1.0)": 0.051091989727152565}, "pct": 0.9920569120586935, "best_return": 7.681597766368347}, "rel_minmax": {"trend": "rel_minmax", "time_param": 221, "q_params": {"(0, 0.2626947671145615)": 0.9996720002780408, "(0.2626947671145615, 0.2984644287646742)": 0.9974003637748483, "(0.2984644287646742, 0.3599020234518342)": 0.9960122621585838, "(0.3599020234518342, 0.46250196393691956)": 0.9959972818309345, "(0.46250196393691956, 0.508210670491701)": 0.9959747884228412, "(0.508210670491701, 0.8480413554959227)": 0.9956693891404238, "(0.8480413554959227, 0.8569927381616638)": 0.9885911662710613, "(0.8569927381616638, 0.8912980048701005)": 0.9829552364905496, "(0.8912980048701005, 0.980044958112006)": 0.5085245991982996, "(0.980044958112006, 1.0)": 0.18699344275267213}, "pct": 0.18699344275267213, "best_return": 6.996512131228485}, "ew_rel_minmax": {"time_param": 418, "trend": "ew_rel_minmax", "q_params": {"(0, 0.16602745691934376)": 0.9741128299738759, "(0.16602745691934376, 0.27214527273280653)": 0.972073131144906, "(0.27214527273280653, 0.43153795130202754)": 0.9454030703656084, "(0.43153795130202754, 0.4874388633636365)": 0.9383555644690913, "(0.4874388633636365, 0.8105888757952671)": 0.9204075523525918, "(0.8105888757952671, 0.8547286990249011)": 0.6679563620852069, "(0.8547286990249011, 0.8737971320344118)": 0.6120957163384095, "(0.8737971320344118, 0.9957752329122721)": 0.556014357352646, "(0.9957752329122721, 0.9974702917683256)": 0.4346278063431311, "(0.9974702917683256, 1)": 0.056826882233155185}, "pct": 0.556014357352646, "best_return": 7.393345895851298}}