{"ma": {"trend": "ma", "time_param": 52, "q_params": {"(0, 0.062219066677256046)": 0.9999673242145123, "(0.062219066677256046, 0.29240282289483444)": 0.997831109145833, "(0.29240282289483444, 0.5779015222432511)": 0.9975667676020892, "(0.5779015222432511, 0.6094559006073647)": 0.9966074886333964, "(0.6094559006073647, 0.6325348238864738)": 0.9962446294542567, "(0.6325348238864738, 0.7164330063064288)": 0.9961262857767417, "(0.7164330063064288, 0.7498836691697596)": 0.9737432713319366, "(0.7498836691697596, 0.8249858761199221)": 0.9645135629099646, "(0.8249858761199221, 0.8832173593433905)": 0.4146701175121444, "(0.8832173593433905, 1.0)": 0.40578350938125135}, "pct": 0.997831109145833, "best_return": 2.381477873467073}, "ew_ma": {"trend": "ew_ma", "time_param": 52, "q_params": {"(0, 0.029878613574155614)": 0.999291580305413, "(0.029878613574155614, 0.322579422463189)": 0.9972018490797804, "(0.322579422463189, 0.34092964539554305)": 0.9970689783218143, "(0.34092964539554305, 0.3415515931646266)": 0.9960414495711953, "(0.3415515931646266, 0.37059430400467464)": 0.9959073641986842, "(0.37059430400467464, 0.6843812899765521)": 0.9955691298061574, "(0.6843812899765521, 0.7035886235058035)": 0.9950906345013276, "(0.7035886235058035, 0.9824183109887135)": 0.9754244348042813, "(0.9824183109887135, 0.99542684284719)": 0.9728208059216278, "(0.99542684284719, 1.0)": 0.004310223710987625}, "pct": 0.9972018490797804, "best_return": 2.4865774809852415}, "rel_minmax": {"time_param": 89, "trend": "rel_minmax", "q_params": {"(0, 0.19631390829042789)": 0.8982945559787948, "(0.19631390829042789, 0.37211865572726893)": 0.6681982788295986, "(0.37211865572726893, 0.3995801109034555)": 0.5466620880814073, "(0.3995801109034555, 0.4602921480515087)": 0.4971017938572847, "(0.4602921480515087, 0.4856040916117113)": 0.394200741054871, "(0.4856040916117113, 0.5889668825129057)": 0.36260209793671166, "(0.5889668825129057, 0.9039515959453873)": 0.336494175791261, "(0.9039515959453873, 0.9115352699337832)": 0.2764562899489632, "(0.9115352699337832, 0.9484121884871664)": 0.10959054490080244, "(0.9484121884871664, 1)": 0.02479374222716102}, "pct": 0.02479374222716102, "best_return": 2.26367400239228}, "ew_rel_minmax": {"time_param": 76, "trend": "ew_rel_minmax", "q_params": {"(0, 0.07323944871301015)": 0.9520586607787186, "(0.07323944871301015, 0.1365217484370305)": 0.9045275576006818, "(0.1365217484370305, 0.2688867180401948)": 0.8376337023922686, "(0.2688867180401948, 0.4011400771278333)": 0.8012343324317727, "(0.4011400771278333, 0.4095977320455226)": 0.6543643097772073, "(0.4095977320455226, 0.6942274269458989)": 0.4252727446992707, "(0.6942274269458989, 0.7238619769709447)": 0.37333134815219843, "(0.7238619769709447, 0.9256155794599794)": 0.14684272436658596, "(0.9256155794599794, 0.9510658126948965)": 0.05501767811749381, "(0.9510658126948965, 1)": 0.0026638838827252043}, "pct": 0.14684272436658596, "best_return": 2.4276749825928063}}