{"ma": {"time_param": 39, "trend": "ma", "q_params": {"(0, 0.44263151452496907)": 0.9545144627506416, "(0.44263151452496907, 0.6208334030179583)": 0.9116931679395595, "(0.6208334030179583, 0.6696883905038357)": 0.8115328147278232, "(0.6696883905038357, 0.7032347805308008)": 0.7775651928987826, "(0.7032347805308008, 0.7573305136084788)": 0.5674263731214553, "(0.7573305136084788, 0.7916435319822218)": 0.5015922865849268, "(0.7916435319822218, 0.8191387017632596)": 0.5014854479350057, "(0.8191387017632596, 0.9520998692356172)": 0.4703423246336256, "(0.9520998692356172, 0.9728578003861692)": 0.06309250862743665, "(0.9728578003861692, 1)": 0.037455115331027966}, "pct": 0.9545144627506416, "best_return": 2.452871331907997}, "ew_ma": {"trend": "ew_ma", "time_param": 52, "q_params": {"(0, 0.052405356370600134)": 0.9999885319185854, "(0.052405356370600134, 0.1588463408799759)": 0.9977728838906895, "(0.1588463408799759, 0.3268809772488658)": 0.9977506859519568, "(0.3268809772488658, 0.3382912463460022)": 0.9961778500763626, "(0.3382912463460022, 0.39979937630132567)": 0.9868453183915169, "(0.39979937630132567, 0.4524225033854486)": 0.9765148424709098, "(0.4524225033854486, 0.7016624748503038)": 0.9662066186624948, "(0.7016624748503038, 0.9349016665747105)": 0.9633093254780336, "(0.9349016665747105, 0.9779318942022264)": 0.9534376994984888, "(0.9779318942022264, 1.0)": 0.04777421390735112}, "pct": 0.9977506859519568, "best_return": 2.1164141329408546}, "rel_minmax": {"time_param": 38, "trend": "rel_minmax", "q_params": {"(0, 0.05232000180899854)": 0.9065350133033091, "(0.05232000180899854, 0.1812103307926252)": 0.8794303873877178, "(0.1812103307926252, 0.3404638441048605)": 0.8650450867585404, "(0.3404638441048605, 0.34225994596199183)": 0.4501373591384627, "(0.34225994596199183, 0.4495191040230597)": 0.4137770963963524, "(0.4495191040230597, 0.66135414276841)": 0.33067905684132365, "(0.66135414276841, 0.6949365553282005)": 0.32848057498303274, "(0.6949365553282005, 0.7527270191618333)": 0.21981889310695446, "(0.7527270191618333, 0.9137340332397452)": 0.09177148504854826, "(0.9137340332397452, 1)": 0.016845221321502124}, "pct": 0.09177148504854826, "best_return": 2.5426420275276924}, "ew_rel_minmax": {"time_param": 82, "trend": "ew_rel_minmax", "q_params": {"(0, 0.1615505938997045)": 0.9427255700178003, "(0.1615505938997045, 0.3136234684523148)": 0.7951202643962249, "(0.3136234684523148, 0.38913192138894614)": 0.7317356203953911, "(0.38913192138894614, 0.4274208130666296)": 0.6192625475475952, "(0.4274208130666296, 0.5180736800785426)": 0.5322540459657098, "(0.5180736800785426, 0.6361925331539167)": 0.4226540365963779, "(0.6361925331539167, 0.7970591166720522)": 0.37697740961944093, "(0.7970591166720522, 0.9335585402912177)": 0.31982871047630224, "(0.9335585402912177, 0.9557147520525685)": 0.2770369941925305, "(0.9557147520525685, 1)": 0.24518245665042937}, "pct": 0.31982871047630224, "best_return": 2.4197855014634215}}