{"ma": {"trend": "ma", "time_param": 52, "q_params": {"(0, 0.07443262208515852)": 0.9980822351470996, "(0.07443262208515852, 0.29507672331828916)": 0.9978499807437374, "(0.29507672331828916, 0.5517010386836365)": 0.9974879877261922, "(0.5517010386836365, 0.5836778333779505)": 0.9972766644048463, "(0.5836778333779505, 0.6106547774644322)": 0.9947653613869323, "(0.6106547774644322, 0.7216240455961032)": 0.976582600404397, "(0.7216240455961032, 0.7370433705098649)": 0.9611186670135843, "(0.7370433705098649, 0.8249858761199221)": 0.5958964736961291, "(0.8249858761199221, 0.859636994953508)": 0.5732277852791485, "(0.859636994953508, 1.0)": 0.3987568825898437}, "pct": 0.9980822351470996, "best_return": 2.120604819903686}, "ew_ma": {"trend": "ew_ma", "time_param": 52, "q_params": {"(0, 0.04451267618524786)": 0.9999292437369993, "(0.04451267618524786, 0.13308899603877852)": 0.9984168393966111, "(0.13308899603877852, 0.3413959764122415)": 0.9972074833723361, "(0.3413959764122415, 0.3546020050983854)": 0.9963083225553265, "(0.3546020050983854, 0.37059430400467464)": 0.9962490278204265, "(0.37059430400467464, 0.49208035257536176)": 0.9949521510644971, "(0.49208035257536176, 0.6819019091717554)": 0.9939231377335366, "(0.6819019091717554, 0.9553333466677462)": 0.9754244348042813, "(0.9553333466677462, 0.9779310083867355)": 0.9314118691199501, "(0.9779310083867355, 1.0)": 0.043722312033527055}, "pct": 0.9984168393966111, "best_return": 2.146781512623006}, "rel_minmax": {"time_param": 17, "trend": "rel_minmax", "q_params": {"(0, 0.11414587662401753)": 0.8325902951528353, "(0.11414587662401753, 0.14431531917047458)": 0.7206210249848685, "(0.14431531917047458, 0.23047405033880244)": 0.7203854291353123, "(0.23047405033880244, 0.34719251123673023)": 0.547225200218673, "(0.34719251123673023, 0.568655222500913)": 0.45755584536189764, "(0.568655222500913, 0.5979415751266003)": 0.4455737051641945, "(0.5979415751266003, 0.6454293588325327)": 0.38722135779029876, "(0.6454293588325327, 0.6549995428012826)": 0.35659851687624067, "(0.6549995428012826, 0.8245347725847496)": 0.267459322319567, "(0.8245347725847496, 1)": 0.04900478153137788}, "pct": 0.04900478153137788, "best_return": 2.0094210762812885}, "ew_rel_minmax": {"time_param": 25, "trend": "ew_rel_minmax", "q_params": {"(0, 0.14910567802603417)": 0.8983185599012184, "(0.14910567802603417, 0.16190666191363529)": 0.8802200204006334, "(0.16190666191363529, 0.3123490319056317)": 0.8498640322684876, "(0.3123490319056317, 0.47480083364590275)": 0.8003861722992244, "(0.47480083364590275, 0.499068591577085)": 0.719568961085578, "(0.499068591577085, 0.5120848720810731)": 0.6798843267714815, "(0.5120848720810731, 0.570525421090795)": 0.5718546036370783, "(0.570525421090795, 0.9234493507072503)": 0.5551152014465363, "(0.9234493507072503, 0.9710415599546455)": 0.4225849501883394, "(0.9710415599546455, 1)": 0.34378383064951606}, "pct": 0.5551152014465363, "best_return": 2.1354707184180284}}