{"ma": {"time_param": 39, "trend": "ma", "q_params": {"(0, 0.44263151452496907)": 0.9440615448260381, "(0.44263151452496907, 0.6208334030179583)": 0.9116931679395595, "(0.6208334030179583, 0.6696883905038357)": 0.8115328147278232, "(0.6696883905038357, 0.7032347805308008)": 0.7775651928987826, "(0.7032347805308008, 0.7560421254932255)": 0.5705743377799491, "(0.7560421254932255, 0.7916435319822218)": 0.5015922865849268, "(0.7916435319822218, 0.8253106245074792)": 0.5014854479350057, "(0.8253106245074792, 0.9520998692356172)": 0.4703423246336256, "(0.9520998692356172, 0.9728578003861692)": 0.05775763979782973, "(0.9728578003861692, 1.0)": 0.037455115331027966}, "pct": 0.9440615448260381, "best_return": 2.3457805844055883}, "ew_ma": {"trend": "ew_ma", "time_param": 52, "q_params": {"(0, 0.052405356370600134)": 0.9999885319185854, "(0.052405356370600134, 0.15647098309792712)": 0.9977728838906895, "(0.15647098309792712, 0.33481861913370115)": 0.9977506859519568, "(0.33481861913370115, 0.3382912463460022)": 0.9961778500763626, "(0.3382912463460022, 0.39979937630132567)": 0.9868453183915169, "(0.39979937630132567, 0.4524225033854486)": 0.9765148424709098, "(0.4524225033854486, 0.7016624748503038)": 0.9662066186624948, "(0.7016624748503038, 0.9349016665747105)": 0.9564843599276145, "(0.9349016665747105, 0.9824520107455451)": 0.9534376994984888, "(0.9824520107455451, 1.0)": 0.04777421390735112}, "pct": 0.9977728838906895, "best_return": 2.1271416510030567}, "rel_minmax": {"time_param": 82, "trend": "rel_minmax", "q_params": {"(0, 0.1740147860180714)": 0.9973828356468825, "(0.1740147860180714, 0.2627201831385262)": 0.7755498815511722, "(0.2627201831385262, 0.2990795711889134)": 0.6593383917450927, "(0.2990795711889134, 0.44388075813321914)": 0.6391480709576556, "(0.44388075813321914, 0.544483534264037)": 0.37782212224056055, "(0.544483534264037, 0.7178760619587016)": 0.22577153702143427, "(0.7178760619587016, 0.8674662897806681)": 0.12448928121826568, "(0.8674662897806681, 0.9377115965960868)": 0.1107137649788702, "(0.9377115965960868, 0.9952125299578267)": 0.10073696265946662, "(0.9952125299578267, 1)": 0.007048451709863013}, "pct": 0.1107137649788702, "best_return": 2.8156242193220558}, "ew_rel_minmax": {"time_param": 99, "trend": "ew_rel_minmax", "q_params": {"(0, 0.2153051548493185)": 0.9844679467394611, "(0.2153051548493185, 0.2824269798735872)": 0.9144874515907121, "(0.2824269798735872, 0.3239295324401342)": 0.8812999828784555, "(0.3239295324401342, 0.47642372543520883)": 0.7452323539768937, "(0.47642372543520883, 0.699363491546309)": 0.7006000127332349, "(0.699363491546309, 0.7195323051118371)": 0.6971467558733122, "(0.7195323051118371, 0.8513269149290553)": 0.5689084850971492, "(0.8513269149290553, 0.8767698692299247)": 0.3582320089894898, "(0.8767698692299247, 0.9322556010172204)": 0.11541237470483479, "(0.9322556010172204, 1)": 0.013624251107719476}, "pct": 0.5689084850971492, "best_return": 2.8490592996418815}}