{"ma": {"time_param": 39, "trend": "ma", "q_params": {"(0, 0.4641386630996581)": 0.9341055248756005, "(0.4641386630996581, 0.6562423549871496)": 0.9321140683199831, "(0.6562423549871496, 0.6826877735329958)": 0.8104368410856773, "(0.6826877735329958, 0.7167055096170243)": 0.7784539839930026, "(0.7167055096170243, 0.7323735832032789)": 0.6971415065536803, "(0.7323735832032789, 0.7798715069327622)": 0.5080485222303728, "(0.7798715069327622, 0.9256723809325895)": 0.4851184476510539, "(0.9256723809325895, 0.9520998692356172)": 0.458897093976694, "(0.9520998692356172, 0.9698157598950926)": 0.04768228480338634, "(0.9698157598950926, 1.0)": 0.009853598822955808}, "pct": 0.9341055248756005, "best_return": 1.9622373716617316}, "ew_ma": {"trend": "ew_ma", "time_param": 52, "q_params": {"(0, 0.05001809010656508)": 0.9999885319185854, "(0.05001809010656508, 0.19259571211814513)": 0.9978970734059327, "(0.19259571211814513, 0.25581890508735017)": 0.9964559719355587, "(0.25581890508735017, 0.3906727276931543)": 0.9954085670389295, "(0.3906727276931543, 0.41863677716035796)": 0.9924986535944448, "(0.41863677716035796, 0.45587670887357956)": 0.9733394446854973, "(0.45587670887357956, 0.7187945300155296)": 0.9718477609403074, "(0.7187945300155296, 0.9283317927043871)": 0.9583543571158437, "(0.9283317927043871, 0.9870236473614691)": 0.9545437243635437, "(0.9870236473614691, 1.0)": 0.05095755730355245}, "pct": 0.9999885319185854, "best_return": 1.685967310097937}, "rel_minmax": {"time_param": 127, "trend": "rel_minmax", "q_params": {"(0, 0.21829062782063247)": 0.9875302903897981, "(0.21829062782063247, 0.35574592859069387)": 0.8315953558060746, "(0.35574592859069387, 0.46781919666636673)": 0.8307645192662599, "(0.46781919666636673, 0.6154466157522751)": 0.7346098516864147, "(0.6154466157522751, 0.6660948915621113)": 0.5687645143994468, "(0.6660948915621113, 0.6893766412468606)": 0.22392453592003714, "(0.6893766412468606, 0.7058609461719648)": 0.22195876575128293, "(0.7058609461719648, 0.8636007365934654)": 0.1075339458981911, "(0.8636007365934654, 0.8875431244126655)": 0.10424796840553674, "(0.8875431244126655, 1.0)": 0.0008592243241150044}, "pct": 0.1075339458981911, "best_return": 2.7270543624227037}, "ew_rel_minmax": {"time_param": 110, "trend": "ew_rel_minmax", "q_params": {"(0, 0.22690667500101347)": 0.9970134729395969, "(0.22690667500101347, 0.24615508054383334)": 0.9519081759938659, "(0.24615508054383334, 0.2629180912602181)": 0.9480359399791622, "(0.2629180912602181, 0.2945503584381126)": 0.8327813189313906, "(0.2945503584381126, 0.357089902345042)": 0.7577573599233375, "(0.357089902345042, 0.3871694397863277)": 0.6828518785944141, "(0.3871694397863277, 0.40884123448694604)": 0.6172812855447988, "(0.40884123448694604, 0.7268434420418094)": 0.43070164967067925, "(0.7268434420418094, 0.8469984399110887)": 0.19384383734804744, "(0.8469984399110887, 1.0)": 0.00020259353434590177}, "pct": 0.43070164967067925, "best_return": 2.7345973983447225}}