{"ma": {"time_param": 39, "trend": "ma", "q_params": {"(0, 0.44263151452496907)": 0.9341055248756005, "(0.44263151452496907, 0.6562423549871496)": 0.9321140683199831, "(0.6562423549871496, 0.6578443064565854)": 0.8104368410856773, "(0.6578443064565854, 0.7103318021575663)": 0.7784539839930026, "(0.7103318021575663, 0.7661254833279817)": 0.5611121928345854, "(0.7661254833279817, 0.767307185838228)": 0.5015462935927606, "(0.767307185838228, 0.8246303017956855)": 0.49549513728356814, "(0.8246303017956855, 0.9520998692356172)": 0.48597252938117175, "(0.9520998692356172, 0.9728578003861692)": 0.05252393384473655, "(0.9728578003861692, 1.0)": 0.02614893443144262}, "pct": 0.9341055248756005, "best_return": 2.2417462105272623}, "ew_ma": {"trend": "ew_ma", "time_param": 52, "q_params": {"(0, 0.053166270919806066)": 0.9999885319185854, "(0.053166270919806066, 0.16929522453864534)": 0.9978970734059327, "(0.16929522453864534, 0.2067516562800314)": 0.9959774337325787, "(0.2067516562800314, 0.3906727276931543)": 0.9955430067109381, "(0.3906727276931543, 0.39979937630132567)": 0.9924986535944448, "(0.39979937630132567, 0.45587670887357956)": 0.9781736710035721, "(0.45587670887357956, 0.7016624748503038)": 0.9718477609403074, "(0.7016624748503038, 0.9283317927043871)": 0.9583543571158437, "(0.9283317927043871, 0.9915397493784472)": 0.9545437243635437, "(0.9915397493784472, 1.0)": 0.05095755730355245}, "pct": 0.9978970734059327, "best_return": 1.6307921904480467}, "rel_minmax": {"time_param": 38, "trend": "rel_minmax", "q_params": {"(0, 0.1728839276896847)": 0.9866355510125756, "(0.1728839276896847, 0.2332116396958852)": 0.9588872125095218, "(0.2332116396958852, 0.2860658416257932)": 0.7961514999779902, "(0.2860658416257932, 0.5230114090460646)": 0.7298782986868372, "(0.5230114090460646, 0.542960511639069)": 0.6123209521835443, "(0.542960511639069, 0.5841867360217936)": 0.2942594637409316, "(0.5841867360217936, 0.6243746842472413)": 0.2110337090005443, "(0.6243746842472413, 0.679685670217298)": 0.05228822793969057, "(0.679685670217298, 0.9760749474376101)": 0.021064678253974033, "(0.9760749474376101, 1.0)": 0.01035664020604996}, "pct": 0.021064678253974033, "best_return": 2.8362062164549062}, "ew_rel_minmax": {"time_param": 106, "trend": "ew_rel_minmax", "q_params": {"(0, 0.26486725795712496)": 0.979185762901082, "(0.26486725795712496, 0.2971094945355671)": 0.8964563710265634, "(0.2971094945355671, 0.4471016330640184)": 0.8844383323853422, "(0.4471016330640184, 0.4868214740364891)": 0.7677755228964609, "(0.4868214740364891, 0.8132769676497486)": 0.47765377945103427, "(0.8132769676497486, 0.8265574688720381)": 0.38136210531138215, "(0.8265574688720381, 0.8725870257487739)": 0.3784241249324054, "(0.8725870257487739, 0.8801846438895737)": 0.3717000218902512, "(0.8801846438895737, 0.9760674759597011)": 0.3362780024800992, "(0.9760674759597011, 1)": 0.1134798921823037}, "pct": 0.47765377945103427, "best_return": 2.688091191965401}}