{"ma": {"trend": "ma", "time_param": 52, "q_params": {"(0, 0.07164165878779913)": 0.9998244880545584, "(0.07164165878779913, 0.3217887101774336)": 0.997831109145833, "(0.3217887101774336, 0.4345903175122886)": 0.9977003587858444, "(0.4345903175122886, 0.44055819469358526)": 0.9975261565629231, "(0.44055819469358526, 0.6064345660033236)": 0.997089261245026, "(0.6064345660033236, 0.6981612421955454)": 0.9963941441885679, "(0.6981612421955454, 0.7730257424295742)": 0.9955612541464652, "(0.7730257424295742, 0.7923976214355071)": 0.9470912466096579, "(0.7923976214355071, 0.8562739312742024)": 0.4146701175121444, "(0.8562739312742024, 1.0)": 0.40578350938125135}, "pct": 0.9963941441885679, "best_return": 3.1075929874114925}, "ew_ma": {"trend": "ew_ma", "time_param": 52, "q_params": {"(0, 0.05223297184471312)": 1.0, "(0.05223297184471312, 0.32693562618655003)": 0.9975328156400103, "(0.32693562618655003, 0.34092964539554305)": 0.9971019490807286, "(0.34092964539554305, 0.3415515931646266)": 0.9960171093304553, "(0.3415515931646266, 0.36622315104188113)": 0.9955755110490232, "(0.36622315104188113, 0.644533061343126)": 0.9955691298061574, "(0.644533061343126, 0.7035886235058035)": 0.9951151434525174, "(0.7035886235058035, 0.9824672969041347)": 0.9950887394897867, "(0.9824672969041347, 0.9874007160507912)": 0.9923638483788189, "(0.9874007160507912, 1.0)": 0.051789184826542475}, "pct": 0.9955691298061574, "best_return": 3.3519189635251845}, "rel_minmax": {"time_param": 41, "trend": "rel_minmax", "q_params": {"(0, 0.3388516301086788)": 0.9972592813456547, "(0.3388516301086788, 0.3546922699561069)": 0.9118195801457298, "(0.3546922699561069, 0.5957859761670287)": 0.9112151052656647, "(0.5957859761670287, 0.60949501594162)": 0.906245472369604, "(0.60949501594162, 0.6134163068606181)": 0.5592210524721236, "(0.6134163068606181, 0.8224389557074716)": 0.4822384816608303, "(0.8224389557074716, 0.8336139185727016)": 0.43220141743483675, "(0.8336139185727016, 0.9673400575061412)": 0.4319645676479935, "(0.9673400575061412, 0.9717978222112752)": 0.4244154750176681, "(0.9717978222112752, 1.0)": 0.0008364112219769373}, "pct": 0.4822384816608303, "best_return": 3.3112093889982224}, "ew_rel_minmax": {"time_param": 78, "trend": "ew_rel_minmax", "q_params": {"(0, 0.17924972806625072)": 0.9997239547745673, "(0.17924972806625072, 0.5934329991150609)": 0.992112586715935, "(0.5934329991150609, 0.5938456852874119)": 0.7022263186332582, "(0.5938456852874119, 0.5977426050886079)": 0.5685827579741265, "(0.5977426050886079, 0.6001839503429651)": 0.3388681016588305, "(0.6001839503429651, 0.6193336277376237)": 0.2989544694384128, "(0.6193336277376237, 0.6229108104673714)": 0.28087023452647863, "(0.6229108104673714, 0.6565438078573956)": 0.15025493116272376, "(0.6565438078573956, 0.8368019148523631)": 0.1376213518337436, "(0.8368019148523631, 1.0)": 0.03454602262573906}, "pct": 0.1376213518337436, "best_return": 3.348659851647033}}