{"ma": {"trend": "ma", "time_param": 52, "q_params": {"(0, 0.06618575501541317)": 0.9985450762433598, "(0.06618575501541317, 0.3377765565986055)": 0.9980264517913542, "(0.3377765565986055, 0.5420431022004419)": 0.9977603176477674, "(0.5420431022004419, 0.5881284320333322)": 0.9974889088984755, "(0.5881284320333322, 0.651024409307122)": 0.9972201669921555, "(0.651024409307122, 0.7100177758552536)": 0.976582600404397, "(0.7100177758552536, 0.7370433705098649)": 0.9611186670135843, "(0.7370433705098649, 0.8369328342629747)": 0.5892480270427513, "(0.8369328342629747, 0.8632941537760063)": 0.5266382095613986, "(0.8632941537760063, 1.0)": 0.4128858290373608}, "pct": 0.9980264517913542, "best_return": 2.2805068818956307}, "ew_ma": {"trend": "ew_ma", "time_param": 52, "q_params": {"(0, 0.04451267618524786)": 0.9999885319185854, "(0.04451267618524786, 0.13499951087063122)": 0.9984168393966111, "(0.13499951087063122, 0.33898726737360585)": 0.9970308045853907, "(0.33898726737360585, 0.3546020050983854)": 0.9961778500763626, "(0.3546020050983854, 0.39052565105839404)": 0.9948355815939914, "(0.39052565105839404, 0.46662303203847655)": 0.9814343873785999, "(0.46662303203847655, 0.6783125421403818)": 0.9813129674774921, "(0.6783125421403818, 0.947485197969792)": 0.9633093254780336, "(0.947485197969792, 0.9859004306991266)": 0.9241001766801165, "(0.9859004306991266, 1.0)": 0.04777421390735112}, "pct": 0.9970308045853907, "best_return": 2.5099747666774865}, "rel_minmax": {"time_param": 39, "trend": "rel_minmax", "q_params": {"(0, 0.010517219266695133)": 0.92499131959953, "(0.010517219266695133, 0.15325547376165471)": 0.8548842138825519, "(0.15325547376165471, 0.1596493364150694)": 0.8223994827097632, "(0.1596493364150694, 0.31718082646754053)": 0.6536034053917048, "(0.31718082646754053, 0.6229498282578678)": 0.48139416485677433, "(0.6229498282578678, 0.7258599906003926)": 0.4503177811864202, "(0.7258599906003926, 0.92207311346442)": 0.3457558840212017, "(0.92207311346442, 0.9631465606981031)": 0.3265146790993897, "(0.9631465606981031, 0.9881367214849659)": 0.24622466380262506, "(0.9881367214849659, 1)": 0.12013138391384252}, "pct": 0.3457558840212017, "best_return": 2.2789964236489926}, "ew_rel_minmax": {"time_param": 115, "trend": "ew_rel_minmax", "q_params": {"(0, 0.22316465664070073)": 0.8256365975021462, "(0.22316465664070073, 0.280999085296486)": 0.8163114986228096, "(0.280999085296486, 0.2823180355075431)": 0.5330099007922251, "(0.2823180355075431, 0.3290543386631306)": 0.512255313493874, "(0.3290543386631306, 0.35358446316199565)": 0.3730228779502479, "(0.35358446316199565, 0.8392356414140387)": 0.2695411164876923, "(0.8392356414140387, 0.8411633174493623)": 0.24884225587051623, "(0.8411633174493623, 0.8722748346832528)": 0.14069201550151875, "(0.8722748346832528, 0.9727931776731162)": 0.04921569430836059, "(0.9727931776731162, 1)": 0.025933334923706922}, "pct": 0.14069201550151875, "best_return": 2.5591039454126054}}