{"ma": {"trend": "ma", "time_param": 52, "q_params": {"(0, 0.07164165878779913)": 0.9999673242145123, "(0.07164165878779913, 0.3217887101774336)": 0.997831109145833, "(0.3217887101774336, 0.5771619172625853)": 0.997804847947141, "(0.5771619172625853, 0.5845030381574303)": 0.9976918072778268, "(0.5845030381574303, 0.6325348238864738)": 0.9968619723072029, "(0.6325348238864738, 0.6981612421955454)": 0.9963997674933822, "(0.6981612421955454, 0.7730257424295742)": 0.9718239483619893, "(0.7730257424295742, 0.8059395093707605)": 0.9705439494746637, "(0.8059395093707605, 0.8832173593433905)": 0.4146701175121444, "(0.8832173593433905, 1.0)": 0.40578350938125135}, "pct": 0.9976918072778268, "best_return": 3.246392199971919}, "ew_ma": {"trend": "ew_ma", "time_param": 52, "q_params": {"(0.0, 0.048163845355595744)": 1.0, "(0.048163845355595744, 0.321266583607539)": 0.9973316319642034, "(0.321266583607539, 0.34092964539554305)": 0.9971019490807286, "(0.34092964539554305, 0.3415515931646266)": 0.9960171093304553, "(0.3415515931646266, 0.36622315104188113)": 0.9955755110490232, "(0.36622315104188113, 0.644533061343126)": 0.9955691298061574, "(0.644533061343126, 0.7035886235058035)": 0.9950906345013276, "(0.7035886235058035, 0.9824672969041347)": 0.9950887394897867, "(0.9824672969041347, 0.9874007160507912)": 0.9923638483788189, "(0.9874007160507912, 1.0)": 0.018194240132495883}, "pct": 0.9955691298061574, "best_return": 3.491068924119104}, "rel_minmax": {"time_param": 41, "trend": "rel_minmax", "q_params": {"(0, 0.3388516301086788)": 0.9972592813456547, "(0.3388516301086788, 0.3498645340849939)": 0.9114466940838726, "(0.3498645340849939, 0.5902587615531344)": 0.9112151052656647, "(0.5902587615531344, 0.5973464251185665)": 0.691741351047338, "(0.5973464251185665, 0.7455010102206066)": 0.4833160347128364, "(0.7455010102206066, 0.7754995258689868)": 0.4822384816608303, "(0.7754995258689868, 0.8336139185727016)": 0.481751655124511, "(0.8336139185727016, 0.9511851304224976)": 0.47949780456355395, "(0.9511851304224976, 0.9596143459595967)": 0.42618852285421116, "(0.9596143459595967, 1.0)": 0.0008364112219769373}, "pct": 0.481751655124511, "best_return": 3.4355908631183345}, "ew_rel_minmax": {"time_param": 78, "trend": "ew_rel_minmax", "q_params": {"(0, 0.18335834558272793)": 0.9997239547745673, "(0.18335834558272793, 0.5641461279092691)": 0.992112586715935, "(0.5641461279092691, 0.5676782959936041)": 0.6341702821651264, "(0.5676782959936041, 0.5945094676594783)": 0.5270137547685332, "(0.5945094676594783, 0.6040707023728857)": 0.3476675950382939, "(0.6040707023728857, 0.6068829680062334)": 0.26998262229924413, "(0.6068829680062334, 0.6229108104673714)": 0.18484357108969585, "(0.6229108104673714, 0.721843966919939)": 0.15025493116272376, "(0.721843966919939, 0.8546488426679006)": 0.14838404233251162, "(0.8546488426679006, 1.0)": 0.009565691612214428}, "pct": 0.14838404233251162, "best_return": 3.3087875603459866}}