{"ma": {"time_param": 39, "trend": "ma", "q_params": {"(0, 0.44263151452496907)": 0.9341055248756005, "(0.44263151452496907, 0.6198144715083016)": 0.9226254005827558, "(0.6198144715083016, 0.6602802784008681)": 0.8115328147278232, "(0.6602802784008681, 0.7032347805308008)": 0.7775651928987826, "(0.7032347805308008, 0.7560421254932255)": 0.5695900071907722, "(0.7560421254932255, 0.7916435319822218)": 0.5015922865849268, "(0.7916435319822218, 0.8224361003832878)": 0.49549513728356814, "(0.8224361003832878, 0.9520998692356172)": 0.4810039858735682, "(0.9520998692356172, 0.9728578003861692)": 0.056368942041741824, "(0.9728578003861692, 1.0)": 0.037455115331027966}, "pct": 0.9341055248756005, "best_return": 2.283419309500753}, "ew_ma": {"trend": "ew_ma", "time_param": 52, "q_params": {"(0, 0.052405356370600134)": 0.9999885319185854, "(0.052405356370600134, 0.16929522453864534)": 0.9977728838906895, "(0.16929522453864534, 0.33481861913370115)": 0.9977506859519568, "(0.33481861913370115, 0.34628149265890507)": 0.9960968531967358, "(0.34628149265890507, 0.39979937630132567)": 0.9906630841179069, "(0.39979937630132567, 0.45587670887357956)": 0.9765148424709098, "(0.45587670887357956, 0.7016624748503038)": 0.9708056430625355, "(0.7016624748503038, 0.9283317927043871)": 0.9557279664588059, "(0.9283317927043871, 0.9915397493784472)": 0.9534376994984888, "(0.9915397493784472, 1.0)": 0.05395181756776579}, "pct": 0.9977506859519568, "best_return": 2.329839386250819}, "rel_minmax": {"time_param": 104, "trend": "rel_minmax", "q_params": {"(0, 0.2790829436472537)": 0.9689228563948258, "(0.2790829436472537, 0.3165016209304652)": 0.891970982316501, "(0.3165016209304652, 0.3813000726158643)": 0.7773188917234591, "(0.3813000726158643, 0.4714324517315517)": 0.5699579470407373, "(0.4714324517315517, 0.5181540704483532)": 0.5192801643970796, "(0.5181540704483532, 0.6567894403440218)": 0.34932979794910846, "(0.6567894403440218, 0.7528083512394502)": 0.3137797724703094, "(0.7528083512394502, 0.7802693967111797)": 0.15025286815578506, "(0.7802693967111797, 0.9726575527924872)": 0.12225370731954377, "(0.9726575527924872, 1)": 0.02015559472597562}, "pct": 0.12225370731954377, "best_return": 2.545713697413235}, "ew_rel_minmax": {"time_param": 96, "trend": "ew_rel_minmax", "q_params": {"(0, 0.038896743806456247)": 0.9375187193807449, "(0.038896743806456247, 0.10870653356872029)": 0.7955884252124393, "(0.10870653356872029, 0.241728773224412)": 0.6627865143426513, "(0.241728773224412, 0.2505224207646302)": 0.612101889065922, "(0.2505224207646302, 0.4615825372860002)": 0.507822405616877, "(0.4615825372860002, 0.4868567001885234)": 0.49149866614494764, "(0.4868567001885234, 0.7035354809933516)": 0.4185462802401778, "(0.7035354809933516, 0.7227943866780414)": 0.41222638835165515, "(0.7227943866780414, 0.8543089442686512)": 0.298862800854636, "(0.8543089442686512, 1)": 0.10523027864243806}, "pct": 0.298862800854636, "best_return": 2.1932299751020095}}