{"ma": {"trend": "ma", "time_param": 52, "q_params": {"(0, 0.07164165878779913)": 0.9999673242145123, "(0.07164165878779913, 0.3217887101774336)": 0.997831109145833, "(0.3217887101774336, 0.5783382852214862)": 0.9978218564658429, "(0.5783382852214862, 0.6013295948372193)": 0.9977204895664378, "(0.6013295948372193, 0.6325348238864738)": 0.9967312134095155, "(0.6325348238864738, 0.720627938087481)": 0.9963997674933822, "(0.720627938087481, 0.799169536211086)": 0.9959260956423412, "(0.799169536211086, 0.8059395093707605)": 0.9705439494746637, "(0.8059395093707605, 0.8832173593433905)": 0.4146701175121444, "(0.8832173593433905, 1.0)": 0.40578350938125135}, "pct": 0.9978218564658429, "best_return": 3.1069420850546843}, "ew_ma": {"trend": "ew_ma", "time_param": 52, "q_params": {"(0, 0.048163845355595744)": 1.0, "(0.048163845355595744, 0.321169589050702)": 0.9972018490797804, "(0.321169589050702, 0.34092964539554305)": 0.9971019490807286, "(0.34092964539554305, 0.3415515931646266)": 0.9960171093304553, "(0.3415515931646266, 0.3518929990127974)": 0.9955755110490232, "(0.3518929990127974, 0.644533061343126)": 0.9955691298061574, "(0.644533061343126, 0.7035886235058035)": 0.9950906345013276, "(0.7035886235058035, 0.9851531003848194)": 0.9950887394897867, "(0.9851531003848194, 0.9874007160507912)": 0.9923638483788189, "(0.9874007160507912, 1.0)": 0.004310223710987625}, "pct": 0.9955691298061574, "best_return": 3.3471249504877063}, "rel_minmax": {"time_param": 41, "trend": "rel_minmax", "q_params": {"(0, 0.31279958538863023)": 0.9998835663484702, "(0.31279958538863023, 0.37713909338579815)": 0.9656427578888898, "(0.37713909338579815, 0.5902587615531344)": 0.9152789838964196, "(0.5902587615531344, 0.5973464251185665)": 0.691741351047338, "(0.5973464251185665, 0.6917539206386067)": 0.4833160347128364, "(0.6917539206386067, 0.806049299424226)": 0.4829902232254992, "(0.806049299424226, 0.83046352785372)": 0.4803162153736972, "(0.83046352785372, 0.9511851304224976)": 0.47949780456355395, "(0.9511851304224976, 0.9604258247147033)": 0.4460637857197488, "(0.9604258247147033, 1.0)": 0.0008364112219769373}, "pct": 0.47949780456355395, "best_return": 3.2638912448377146}, "ew_rel_minmax": {"time_param": 78, "trend": "ew_rel_minmax", "q_params": {"(0, 0.18203323308230046)": 0.9998412400959513, "(0.18203323308230046, 0.5168014765553731)": 0.9967385317952614, "(0.5168014765553731, 0.5184932906865596)": 0.6254515477899141, "(0.5184932906865596, 0.568119254293157)": 0.5231029868057132, "(0.568119254293157, 0.569639551441116)": 0.3117957189603631, "(0.569639551441116, 0.6019302432774909)": 0.23216837756456257, "(0.6019302432774909, 0.612896307183328)": 0.1661011268254023, "(0.612896307183328, 0.6886867220899495)": 0.15025493116272376, "(0.6886867220899495, 0.8546488426679006)": 0.14838404233251162, "(0.8546488426679006, 1.0)": 0.00040533176714475407}, "pct": 0.14838404233251162, "best_return": 3.4040260733258583}}