{"ma": {"trend": "ma", "time_param": 52, "q_params": {"(0, 0.08187884974354079)": 0.9981994957899212, "(0.08187884974354079, 0.3193506558738787)": 0.9978499807437374, "(0.3193506558738787, 0.5461738487211446)": 0.9975667676020892, "(0.5461738487211446, 0.5836778333779505)": 0.9972766644048463, "(0.5836778333779505, 0.6145607079839202)": 0.9947653613869323, "(0.6145607079839202, 0.7216240455961032)": 0.9946660105844919, "(0.7216240455961032, 0.7475508330851213)": 0.9479581049259318, "(0.7475508330851213, 0.8249858761199221)": 0.6008920286147432, "(0.8249858761199221, 0.859636994953508)": 0.5732277852791485, "(0.859636994953508, 1.0)": 0.401327624353743}, "pct": 0.9978499807437374, "best_return": 2.166336877596041}, "ew_ma": {"trend": "ew_ma", "time_param": 52, "q_params": {"(0, 0.04451267618524786)": 0.9999292437369993, "(0.04451267618524786, 0.13940613441355348)": 0.9982740071191795, "(0.13940613441355348, 0.34092964539554305)": 0.9972074833723361, "(0.34092964539554305, 0.3546020050983854)": 0.9963408362293436, "(0.3546020050983854, 0.37059430400467464)": 0.9959073641986842, "(0.37059430400467464, 0.4875300421762996)": 0.9941719542886944, "(0.4875300421762996, 0.6819019091717554)": 0.9933540650702952, "(0.6819019091717554, 0.9824183109887135)": 0.9754244348042813, "(0.9824183109887135, 0.9932816054936544)": 0.9619355892658451, "(0.9932816054936544, 1.0)": 0.043722312033527055}, "pct": 0.9972074833723361, "best_return": 2.3380380404182186}, "rel_minmax": {"time_param": 73, "trend": "rel_minmax", "q_params": {"(0, 0.0007644845284003401)": 0.9506119459036633, "(0.0007644845284003401, 0.10929391047925577)": 0.9332687715003842, "(0.10929391047925577, 0.16619308267492475)": 0.8530960456156902, "(0.16619308267492475, 0.21335267236685324)": 0.7583222632665978, "(0.21335267236685324, 0.2546692364505697)": 0.6530368985933284, "(0.2546692364505697, 0.46202099886246606)": 0.6309894215900613, "(0.46202099886246606, 0.5612555683935726)": 0.5884777298542742, "(0.5612555683935726, 0.6732673646230617)": 0.522440091097133, "(0.6732673646230617, 0.9116458384091828)": 0.23323734103190424, "(0.9116458384091828, 1)": 0.1451383766725222}, "pct": 0.1451383766725222, "best_return": 2.294108169002934}, "ew_rel_minmax": {"time_param": 52, "trend": "ew_rel_minmax", "q_params": {"(0, 0.030317838281423516)": 0.9764392983132938, "(0.030317838281423516, 0.12104310807154212)": 0.9530022551633651, "(0.12104310807154212, 0.23800475456777626)": 0.8408375276747166, "(0.23800475456777626, 0.2841783850352301)": 0.805977684554997, "(0.2841783850352301, 0.31096101757883887)": 0.7612954956989285, "(0.31096101757883887, 0.38272627139102156)": 0.7468963860998616, "(0.38272627139102156, 0.5429323311236679)": 0.4158046749972222, "(0.5429323311236679, 0.9256303679529976)": 0.20806570991791346, "(0.9256303679529976, 0.9797599144120691)": 0.174902095125226, "(0.9797599144120691, 1)": 0.04290687126400025}, "pct": 0.174902095125226, "best_return": 2.2153736222659495}}