{"ma": {"time_param": 39, "trend": "ma", "q_params": {"(0, 0.44263151452496907)": 0.9341055248756005, "(0.44263151452496907, 0.6208334030179583)": 0.9116931679395595, "(0.6208334030179583, 0.6602802784008681)": 0.8115328147278232, "(0.6602802784008681, 0.7032347805308008)": 0.7775651928987826, "(0.7032347805308008, 0.7560421254932255)": 0.5695900071907722, "(0.7560421254932255, 0.7916435319822218)": 0.5015922865849268, "(0.7916435319822218, 0.8261334920490351)": 0.5014854479350057, "(0.8261334920490351, 0.9520998692356172)": 0.4810039858735682, "(0.9520998692356172, 0.9728578003861692)": 0.05775763979782973, "(0.9728578003861692, 1.0)": 0.037455115331027966}, "pct": 0.9341055248756005, "best_return": 2.4064182225143504}, "ew_ma": {"trend": "ew_ma", "time_param": 52, "q_params": {"(0, 0.052405356370600134)": 0.9999885319185854, "(0.052405356370600134, 0.16929522453864534)": 0.9977728838906895, "(0.16929522453864534, 0.33481861913370115)": 0.9977506859519568, "(0.33481861913370115, 0.34628149265890507)": 0.9961778500763626, "(0.34628149265890507, 0.39979937630132567)": 0.9906276268973586, "(0.39979937630132567, 0.4524225033854486)": 0.9765148424709098, "(0.4524225033854486, 0.7016624748503038)": 0.9708056430625355, "(0.7016624748503038, 0.9252692277951109)": 0.9557279664588059, "(0.9252692277951109, 0.9824520107455451)": 0.9534376994984888, "(0.9824520107455451, 1.0)": 0.04777421390735112}, "pct": 0.9977728838906895, "best_return": 2.1542438582386234}, "rel_minmax": {"time_param": 114, "trend": "rel_minmax", "q_params": {"(0, 0.04606039708316101)": 0.9298742066422668, "(0.04606039708316101, 0.1421259268622973)": 0.7781917184608373, "(0.1421259268622973, 0.21314211395375549)": 0.6552105620272219, "(0.21314211395375549, 0.32381192498913025)": 0.6321158587155437, "(0.32381192498913025, 0.47423046136501223)": 0.5938369010073733, "(0.47423046136501223, 0.47902909191749066)": 0.5259036414217985, "(0.47902909191749066, 0.5275581091267407)": 0.487110159742944, "(0.5275581091267407, 0.6010535293830118)": 0.291602545720124, "(0.6010535293830118, 0.8668568639124977)": 0.18578701393820363, "(0.8668568639124977, 1)": 0.000787812912573291}, "pct": 0.18578701393820363, "best_return": 2.1828686466528464}, "ew_rel_minmax": {"time_param": 68, "trend": "ew_rel_minmax", "q_params": {"(0, 0.13943943109029977)": 0.9814550662550534, "(0.13943943109029977, 0.1837159707900249)": 0.8753792645666247, "(0.1837159707900249, 0.33057024362619813)": 0.8019269515158545, "(0.33057024362619813, 0.4640527438878006)": 0.6796547113814049, "(0.4640527438878006, 0.5963763275526723)": 0.6494675896194027, "(0.5963763275526723, 0.6034732634981471)": 0.34862330390344975, "(0.6034732634981471, 0.6415716497842432)": 0.33637296550139373, "(0.6415716497842432, 0.6517617536980413)": 0.28793852951797594, "(0.6517617536980413, 0.8654203803815512)": 0.28139135939422577, "(0.8654203803815512, 1)": 0.011784040788225376}, "pct": 0.28139135939422577, "best_return": 2.6975268722864327}}