{"ma": {"trend": "ma", "time_param": 52, "q_params": {"(0, 0.07164165878779913)": 0.9999673242145123, "(0.07164165878779913, 0.3217887101774336)": 0.997831109145833, "(0.3217887101774336, 0.5771619172625853)": 0.997804847947141, "(0.5771619172625853, 0.5992346614740244)": 0.9977204895664378, "(0.5992346614740244, 0.6325348238864738)": 0.9967312134095155, "(0.6325348238864738, 0.6981612421955454)": 0.9963997674933822, "(0.6981612421955454, 0.7730257424295742)": 0.9718239483619893, "(0.7730257424295742, 0.8059395093707605)": 0.9705439494746637, "(0.8059395093707605, 0.8832173593433905)": 0.4146701175121444, "(0.8832173593433905, 1.0)": 0.40578350938125135}, "pct": 0.997804847947141, "best_return": 2.9989436783257064}, "ew_ma": {"trend": "ew_ma", "time_param": 52, "q_params": {"(0, 0.048163845355595744)": 1.0, "(0.048163845355595744, 0.31453426454225014)": 0.9972018490797804, "(0.31453426454225014, 0.34092964539554305)": 0.9971019490807286, "(0.34092964539554305, 0.3415515931646266)": 0.9960171093304553, "(0.3415515931646266, 0.3566857133518358)": 0.9955755110490232, "(0.3566857133518358, 0.644533061343126)": 0.9955691298061574, "(0.644533061343126, 0.7035886235058035)": 0.9950906345013276, "(0.7035886235058035, 0.9824672969041347)": 0.9950887394897867, "(0.9824672969041347, 0.9874007160507912)": 0.9923638483788189, "(0.9874007160507912, 1.0)": 0.018194240132495883}, "pct": 0.9955691298061574, "best_return": 3.2250334992826404}, "rel_minmax": {"time_param": 41, "trend": "rel_minmax", "q_params": {"(0, 0.3388516301086788)": 0.9998835663484702, "(0.3388516301086788, 0.3498645340849939)": 0.9114466940838726, "(0.3498645340849939, 0.5902587615531344)": 0.9112151052656647, "(0.5902587615531344, 0.5973464251185665)": 0.691741351047338, "(0.5973464251185665, 0.6821916275532482)": 0.4833160347128364, "(0.6821916275532482, 0.8141175388808841)": 0.4829902232254992, "(0.8141175388808841, 0.83046352785372)": 0.4815845583890456, "(0.83046352785372, 0.9511851304224976)": 0.47949780456355395, "(0.9511851304224976, 0.9604258247147033)": 0.42618852285421116, "(0.9604258247147033, 1.0)": 0.0008364112219769373}, "pct": 0.47949780456355395, "best_return": 3.213166829201021}, "ew_rel_minmax": {"time_param": 78, "trend": "ew_rel_minmax", "q_params": {"(0, 0.18203323308230046)": 0.9997239547745673, "(0.18203323308230046, 0.5168014765553731)": 0.9967385317952614, "(0.5168014765553731, 0.5635788309956878)": 0.6254515477899141, "(0.5635788309956878, 0.5861419562202658)": 0.5270137547685332, "(0.5861419562202658, 0.6040707023728857)": 0.3151078702728785, "(0.6040707023728857, 0.6068829680062334)": 0.23803860256676518, "(0.6068829680062334, 0.612896307183328)": 0.17522116033994609, "(0.612896307183328, 0.721843966919939)": 0.15025493116272376, "(0.721843966919939, 0.8546488426679006)": 0.14838404233251162, "(0.8546488426679006, 1.0)": 0.009059037548366114}, "pct": 0.14838404233251162, "best_return": 3.297843790123072}}