{"ma": {"trend": "ma", "time_param": 52, "q_params": {"(0, 0.06452354594230542)": 0.9980822351470996, "(0.06452354594230542, 0.3377765565986055)": 0.9978499807437374, "(0.3377765565986055, 0.5517010386836365)": 0.9974879877261922, "(0.5517010386836365, 0.5836778333779505)": 0.9972766644048463, "(0.5836778333779505, 0.651024409307122)": 0.9972201669921555, "(0.651024409307122, 0.7019142518956998)": 0.976582600404397, "(0.7019142518956998, 0.7370433705098649)": 0.9611186670135843, "(0.7370433705098649, 0.8249858761199221)": 0.5892480270427513, "(0.8249858761199221, 0.8632941537760063)": 0.5283024155080057, "(0.8632941537760063, 1.0)": 0.4127938419143485}, "pct": 0.9978499807437374, "best_return": 2.264481724424586}, "ew_ma": {"trend": "ew_ma", "time_param": 52, "q_params": {"(0, 0.04451267618524786)": 0.9999292437369993, "(0.04451267618524786, 0.13308899603877852)": 0.9984168393966111, "(0.13308899603877852, 0.33898726737360585)": 0.9970308045853907, "(0.33898726737360585, 0.3546020050983854)": 0.9963083225553265, "(0.3546020050983854, 0.39052565105839404)": 0.9949847008531809, "(0.39052565105839404, 0.4924851683210979)": 0.9947672830980147, "(0.4924851683210979, 0.6783125421403818)": 0.9885123196585076, "(0.6783125421403818, 0.9499991404784603)": 0.9633093254780336, "(0.9499991404784603, 0.9859004306991266)": 0.9241001766801165, "(0.9859004306991266, 1.0)": 0.04777421390735112}, "pct": 0.9970308045853907, "best_return": 2.495448381318374}, "rel_minmax": {"time_param": 98, "trend": "rel_minmax", "q_params": {"(0, 0.038814713168907056)": 0.9428299319448059, "(0.038814713168907056, 0.1506709800847147)": 0.8618382841539061, "(0.1506709800847147, 0.16345832013056905)": 0.8233126297948513, "(0.16345832013056905, 0.39821259008252147)": 0.7803722974513385, "(0.39821259008252147, 0.6687556556367165)": 0.6373110178199652, "(0.6687556556367165, 0.8186983611785369)": 0.3876516957153825, "(0.8186983611785369, 0.85826090903944)": 0.2673226935438894, "(0.85826090903944, 0.8909428934300705)": 0.10407831849650165, "(0.8909428934300705, 0.9048477155037553)": 0.10067035430974991, "(0.9048477155037553, 1)": 0.057549367685997825}, "pct": 0.057549367685997825, "best_return": 2.281666681753992}, "ew_rel_minmax": {"time_param": 21, "trend": "ew_rel_minmax", "q_params": {"(0, 0.11548999768294932)": 0.8077436245913697, "(0.11548999768294932, 0.14497713647019556)": 0.7667915031251165, "(0.14497713647019556, 0.36234364711224054)": 0.7663281814099008, "(0.36234364711224054, 0.6163837030103694)": 0.6761221628471166, "(0.6163837030103694, 0.6522161593640365)": 0.6619093241447027, "(0.6522161593640365, 0.6774444944334834)": 0.5622739019510599, "(0.6774444944334834, 0.7836943420247147)": 0.3760179810380653, "(0.7836943420247147, 0.960469890320936)": 0.21287504206439722, "(0.960469890320936, 0.9882142879421323)": 0.1684634175778914, "(0.9882142879421323, 1)": 0.0598514198276182}, "pct": 0.21287504206439722, "best_return": 2.133443621750879}}