{"ma": {"trend": "ma", "time_param": 41, "q_params": {"(0.0, 0.09661416520475678)": 0.9991518632408034, "(0.09661416520475678, 0.10342687360131815)": 0.9985271475486547, "(0.10342687360131815, 0.11666183199646228)": 0.9983956987036852, "(0.11666183199646228, 0.675422811193516)": 0.9979917462787217, "(0.675422811193516, 0.7218555730637006)": 0.9977736830721755, "(0.7218555730637006, 0.7851618998791836)": 0.997742879705656, "(0.7851618998791836, 0.8461371342241968)": 0.9958551191633925, "(0.8461371342241968, 0.8470900718698432)": 0.9895481276741422, "(0.8470900718698432, 0.9728644640542724)": 0.2812637870548901, "(0.9728644640542724, 1.0)": 0.04040090597548947}, "pct": 1, "best_return": 3.6221982282758436}, "ew_ma": {"trend": "ew_ma", "time_param": 41, "q_params": {"(0, 0.1163475519650826)": 0.9995811177961074, "(0.1163475519650826, 0.14270169264501484)": 0.9992840846128107, "(0.14270169264501484, 0.19682282774062032)": 0.993451086634651, "(0.19682282774062032, 0.21689569822747354)": 0.9923525202428259, "(0.21689569822747354, 0.7277004931375968)": 0.9900095320569796, "(0.7277004931375968, 0.7648415151107482)": 0.9801604344115632, "(0.7648415151107482, 0.8418693882287515)": 0.9782032728147917, "(0.8418693882287515, 0.9048849361223834)": 0.9542612532198946, "(0.9048849361223834, 0.9329254957377158)": 0.5652780759935812, "(0.9329254957377158, 1.0)": 0.36794060220717684}, "pct": 0.9995811177961074, "best_return": 4.0511518803639195}, "rel_minmax": {"time_param": 68, "trend": "rel_minmax", "q_params": {"(0, 0.18524261877778528)": 0.993439485432948, "(0.18524261877778528, 0.50117082701797)": 0.9408425165363945, "(0.50117082701797, 0.5908588036410923)": 0.7635918821765626, "(0.5908588036410923, 0.5912223405019263)": 0.6890150733448921, "(0.5912223405019263, 0.7226649251547881)": 0.642510847881924, "(0.7226649251547881, 0.8912295247898238)": 0.6044779801271012, "(0.8912295247898238, 0.9454831549685406)": 0.5808694814278005, "(0.9454831549685406, 0.9761430160059259)": 0.45090550046310146, "(0.9761430160059259, 0.9990171599624719)": 0.15339998059500093, "(0.9990171599624719, 1)": 0.04425933512335456}, "pct": 0.15339998059500093, "best_return": 3.700744205759851}, "ew_rel_minmax": {"time_param": 21, "trend": "ew_rel_minmax", "q_params": {"(0, 0.12315101264933305)": 0.9999510599997715, "(0.12315101264933305, 0.14032357121885253)": 0.9490763444778096, "(0.14032357121885253, 0.5474027618281873)": 0.8335155770233895, "(0.5474027618281873, 0.5497171348274047)": 0.7123587428016712, "(0.5497171348274047, 0.5729900313138218)": 0.7068470286543111, "(0.5729900313138218, 0.5844000046246318)": 0.6069020623270355, "(0.5844000046246318, 0.9497149939697839)": 0.4082839527496732, "(0.9497149939697839, 0.9541191708733999)": 0.1853711231573989, "(0.9541191708733999, 0.9910880007960943)": 0.14929306581792254, "(0.9910880007960943, 1)": 0.07112444972920345}, "pct": 0.4082839527496732, "best_return": 3.8527984112495597}}