{"ma": {"trend": "ma", "time_param": 41, "q_params": {"(0, 0.07404760265518348)": 0.9993831196457413, "(0.07404760265518348, 0.1122533440484727)": 0.9993008718103857, "(0.1122533440484727, 0.11666183199646228)": 0.9985888427696955, "(0.11666183199646228, 0.5177873656847823)": 0.9979978951254511, "(0.5177873656847823, 0.7092026144486376)": 0.9979691855416384, "(0.7092026144486376, 0.7592370192911988)": 0.9968107378963873, "(0.7592370192911988, 0.8256571601678734)": 0.9962742860646823, "(0.8256571601678734, 0.8452209081961634)": 0.9940354835282094, "(0.8452209081961634, 0.926623778264706)": 0.22671770182802056, "(0.926623778264706, 1.0)": 0.051423426321532975}, "pct": 0.9979978951254511, "best_return": 3.809484311349826}, "ew_ma": {"trend": "ew_ma", "time_param": 41, "q_params": {"(0, 0.11463178491744407)": 0.9993338637845903, "(0.11463178491744407, 0.13207807293629067)": 0.992525371662083, "(0.13207807293629067, 0.18242678917826877)": 0.9920473734071868, "(0.18242678917826877, 0.21487947178995082)": 0.9840296242851236, "(0.21487947178995082, 0.7198525216962036)": 0.9829135121343994, "(0.7198525216962036, 0.7691192990880191)": 0.9823874596283009, "(0.7691192990880191, 0.861124862033302)": 0.9782032728147917, "(0.861124862033302, 0.873811118554395)": 0.9546558845975402, "(0.873811118554395, 0.9174703621128779)": 0.44928608728350306, "(0.9174703621128779, 1.0)": 0.03592670515277126}, "pct": 0.9993338637845903, "best_return": 4.302045574998066}, "rel_minmax": {"time_param": 80, "trend": "rel_minmax", "q_params": {"(0, 0.031942484047967845)": 0.8731940302991993, "(0.031942484047967845, 0.10081604402954059)": 0.8349461333686811, "(0.10081604402954059, 0.20879787618112067)": 0.7929000678511111, "(0.20879787618112067, 0.22045935755971158)": 0.7320627300021872, "(0.22045935755971158, 0.4123959997618738)": 0.5926996915737942, "(0.4123959997618738, 0.5499614122607062)": 0.5843513220766695, "(0.5499614122607062, 0.663191935095524)": 0.33288449062198255, "(0.663191935095524, 0.8911251473004056)": 0.21914339295098206, "(0.8911251473004056, 0.9846534927397286)": 0.11114951936650941, "(0.9846534927397286, 1)": 0.06913088226554542}, "pct": 0.21914339295098206, "best_return": 3.4723775458137}, "ew_rel_minmax": {"time_param": 102, "trend": "ew_rel_minmax", "q_params": {"(0, 0.09457370351717043)": 0.9734216273039965, "(0.09457370351717043, 0.33238144907832345)": 0.9638910787523929, "(0.33238144907832345, 0.3925707688980421)": 0.8572748494351444, "(0.3925707688980421, 0.5442791841103709)": 0.8279201376719173, "(0.5442791841103709, 0.5556383648544383)": 0.8269013371182438, "(0.5556383648544383, 0.6098959222586143)": 0.5272173377144552, "(0.6098959222586143, 0.6955215970087167)": 0.3186636633139291, "(0.6955215970087167, 0.7929517386332676)": 0.27045740147401065, "(0.7929517386332676, 0.996417478088316)": 0.2049970753251209, "(0.996417478088316, 1)": 0.14487705190856415}, "pct": 0.2049970753251209, "best_return": 3.874884665525813}}