{"ma": {"trend": "ma", "time_param": 41, "q_params": {"(0, 0.06802519984202182)": 0.9993316699400479, "(0.06802519984202182, 0.11307723417581948)": 0.9986995087153577, "(0.11307723417581948, 0.11666183199646228)": 0.9985888427696955, "(0.11666183199646228, 0.6731968336350731)": 0.9979978951254511, "(0.6731968336350731, 0.7405585909717233)": 0.9979691855416384, "(0.7405585909717233, 0.7851618998791836)": 0.997742879705656, "(0.7851618998791836, 0.8238141521421204)": 0.9959318138472173, "(0.8238141521421204, 0.8452209081961634)": 0.9895481276741422, "(0.8452209081961634, 0.9748001603513798)": 0.23156776222084632, "(0.9748001603513798, 1.0)": 0.051423426321532975}, "pct": 0.9979978951254511, "best_return": 3.365041384248137}, "ew_ma": {"trend": "ew_ma", "time_param": 41, "q_params": {"(0, 0.11463178491744407)": 0.992881863384902, "(0.11463178491744407, 0.14270169264501484)": 0.9924454571605666, "(0.14270169264501484, 0.18928681051981752)": 0.9911976224705656, "(0.18928681051981752, 0.21210107653712446)": 0.9875277967555813, "(0.21210107653712446, 0.7170740062469556)": 0.9804405629041363, "(0.7170740062469556, 0.7740880980541801)": 0.9801604344115632, "(0.7740880980541801, 0.8554716119110854)": 0.9782032728147917, "(0.8554716119110854, 0.8991659727306068)": 0.9457352818726928, "(0.8991659727306068, 0.9174703621128779)": 0.5417088589712473, "(0.9174703621128779, 1.0)": 0.3236148749383757}, "pct": 0.992881863384902, "best_return": 3.735367549923865}, "rel_minmax": {"time_param": 57, "trend": "rel_minmax", "q_params": {"(0, 0.03820798568030048)": 0.9749275061546789, "(0.03820798568030048, 0.08423032225617422)": 0.9730844444954297, "(0.08423032225617422, 0.18927831997948086)": 0.8883727159402691, "(0.18927831997948086, 0.3490470981322137)": 0.8211976673096354, "(0.3490470981322137, 0.48247678961915275)": 0.8137510906159533, "(0.48247678961915275, 0.6125822347183572)": 0.3135305710412346, "(0.6125822347183572, 0.7660964519858945)": 0.2635687531101084, "(0.7660964519858945, 0.8509304103696588)": 0.12136157304906436, "(0.8509304103696588, 0.9799338600763883)": 0.09201091038404542, "(0.9799338600763883, 1)": 0.08390335722827647}, "pct": 0.12136157304906436, "best_return": 4.064787528843399}, "ew_rel_minmax": {"time_param": 103, "trend": "ew_rel_minmax", "q_params": {"(0, 0.15070348017393773)": 0.885948366553438, "(0.15070348017393773, 0.1975495932812713)": 0.8793574612550106, "(0.1975495932812713, 0.26385429483579836)": 0.6526039372298623, "(0.26385429483579836, 0.44824507640324546)": 0.6147081653586073, "(0.44824507640324546, 0.5401218063805086)": 0.6019314919321004, "(0.5401218063805086, 0.5589526231564501)": 0.35396879200207887, "(0.5589526231564501, 0.7083273062074988)": 0.3497668328311905, "(0.7083273062074988, 0.7354537363755952)": 0.335581766700478, "(0.7354537363755952, 0.8222578692438676)": 0.23341358386748962, "(0.8222578692438676, 1)": 0.022089934689730195}, "pct": 0.022089934689730195, "best_return": 3.6555667736277475}}