{"ma": {"trend": "ma", "time_param": 41, "q_params": {"(0, 0.08066819344055134)": 0.9999359487692814, "(0.08066819344055134, 0.09965263560356248)": 0.9986662420090267, "(0.09965263560356248, 0.11666183199646228)": 0.9980686608415428, "(0.11666183199646228, 0.6895714730279874)": 0.997884782177557, "(0.6895714730279874, 0.7218555730637006)": 0.9978244334233511, "(0.7218555730637006, 0.7950312215275408)": 0.9978161796871846, "(0.7950312215275408, 0.8461371342241968)": 0.9971327748380527, "(0.8461371342241968, 0.8522224506719804)": 0.9920318506943994, "(0.8522224506719804, 0.860522859313823)": 0.2824744083504419, "(0.860522859313823, 1.0)": 0.0018388278434643762}, "pct": 0.997884782177557, "best_return": 4.532731439164621}, "ew_ma": {"trend": "ew_ma", "time_param": 41, "q_params": {"(0, 0.10333158400238338)": 0.9998372772443306, "(0.10333158400238338, 0.16088911543602952)": 0.9975113081022203, "(0.16088911543602952, 0.2009065234567548)": 0.9974511002802345, "(0.2009065234567548, 0.21689569822747354)": 0.997011211100285, "(0.21689569822747354, 0.7571674954735587)": 0.9969603557757899, "(0.7571674954735587, 0.7980645860605033)": 0.9969484431234223, "(0.7980645860605033, 0.8545337207250202)": 0.9782032728147917, "(0.8545337207250202, 0.8580924126153567)": 0.954259808538552, "(0.8580924126153567, 0.8961686414637874)": 0.4724901639590657, "(0.8961686414637874, 1.0)": 0.35659372587288923}, "pct": 0.9969603557757899, "best_return": 5.811230005034382}, "rel_minmax": {"time_param": 71, "trend": "rel_minmax", "q_params": {"(0, 0.21556726869160625)": 0.9987525365131712, "(0.21556726869160625, 0.5395604874311444)": 0.9975604814232647, "(0.5395604874311444, 0.5731096607011034)": 0.9188159489912057, "(0.5731096607011034, 0.6628598404037238)": 0.823946744665473, "(0.6628598404037238, 0.7128399378219327)": 0.6530343512638077, "(0.7128399378219327, 0.7136707940332314)": 0.5029073383778077, "(0.7136707940332314, 0.7459626299234354)": 0.46636085576588004, "(0.7459626299234354, 0.7800139690534811)": 0.24939795038123513, "(0.7800139690534811, 0.9088153577958611)": 0.07137261338613227, "(0.9088153577958611, 1.0)": 0.003837619333703056}, "pct": 0.9975604814232647, "best_return": 5.07478787296892}, "ew_rel_minmax": {"trend": "ew_rel_minmax", "time_param": 41, "q_params": {"(0, 0.24657800998985835)": 0.9999403784734439, "(0.24657800998985835, 0.2545071871906812)": 0.999704419130045, "(0.2545071871906812, 0.2652300116170531)": 0.999637237387021, "(0.2652300116170531, 0.3404765820467257)": 0.997002999, "(0.3404765820467257, 0.6914085924228535)": 0.9970003272570654, "(0.6914085924228535, 0.7898165291315563)": 0.9959877467119218, "(0.7898165291315563, 0.8480387954413361)": 0.9932167495400566, "(0.8480387954413361, 0.8745999394408109)": 0.8166878308850927, "(0.8745999394408109, 0.8883047134530568)": 0.6841179636963144, "(0.8883047134530568, 1.0)": 0.4167125511799527}, "pct": 0.9932167495400566, "best_return": 5.591805551376977}}