{"ma": {"trend": "ma", "time_param": 41, "q_params": {"(0, 0.016742876917261285)": 0.9999001761910008, "(0.016742876917261285, 0.09530295484520916)": 0.9980251834326682, "(0.09530295484520916, 0.1448738308697059)": 0.9979427153224596, "(0.1448738308697059, 0.633325752236408)": 0.99787869711222, "(0.633325752236408, 0.7486098130604614)": 0.9978710016526465, "(0.7486098130604614, 0.7931249788145387)": 0.9978161796871846, "(0.7931249788145387, 0.8054294797774877)": 0.9971327748380527, "(0.8054294797774877, 0.8654053461032685)": 0.9930522636556122, "(0.8654053461032685, 0.9)": 0.9920279440699441, "(0.9, 1.0)": 0.0003025975621713337}, "pct": 0.9978710016526465, "best_return": 4.976455371136749}, "ew_ma": {"trend": "ew_ma", "time_param": 41, "q_params": {"(0, 0.1420606445712707)": 1.0, "(0.1420606445712707, 0.14403978994921948)": 0.9975372232316144, "(0.14403978994921948, 0.1628877349612529)": 0.9974511002802345, "(0.1628877349612529, 0.18105191309645055)": 0.9969611510116853, "(0.18105191309645055, 0.7207817092248229)": 0.9969492847859771, "(0.7207817092248229, 0.8282596978243886)": 0.9969237520174863, "(0.8282596978243886, 0.8478094539624179)": 0.9950619182439164, "(0.8478094539624179, 0.8647273019937947)": 0.7119255120806849, "(0.8647273019937947, 0.88955064322661)": 0.48874973182535825, "(0.88955064322661, 1.0)": 0.39739294968701927}, "pct": 0.9969492847859771, "best_return": 5.001333372214571}, "rel_minmax": {"time_param": 71, "trend": "rel_minmax", "q_params": {"(0, 0.17707003593925608)": 0.999694393495778, "(0.17707003593925608, 0.5575063453991046)": 0.9957645749286766, "(0.5575063453991046, 0.692011200891103)": 0.8829825948031682, "(0.692011200891103, 0.6941942520734576)": 0.8406507584741881, "(0.6941942520734576, 0.6981848363742691)": 0.5928708896792966, "(0.6981848363742691, 0.7003628035099048)": 0.4698137282950286, "(0.7003628035099048, 0.7045637616254075)": 0.19890693272379256, "(0.7045637616254075, 0.7562767093962827)": 0.10055011312355122, "(0.7562767093962827, 0.864832001422337)": 0.09989490198890685, "(0.864832001422337, 1.0)": 0.003837619333703056}, "pct": 0.9957645749286766, "best_return": 5.156542320847589}, "ew_rel_minmax": {"trend": "ew_rel_minmax", "time_param": 41, "q_params": {"(0, 0.2549718691602566)": 1.0, "(0.2549718691602566, 0.2557031156390591)": 0.9999982114130885, "(0.2557031156390591, 0.26543741126366766)": 0.9978030779872051, "(0.26543741126366766, 0.4051509219683863)": 0.997002999, "(0.4051509219683863, 0.6328025615309087)": 0.996984668953281, "(0.6328025615309087, 0.7669763947741535)": 0.996930620544711, "(0.7669763947741535, 0.8480387954413361)": 0.9963175255604263, "(0.8480387954413361, 0.8745999394408109)": 0.993020965034979, "(0.8745999394408109, 0.8756231417535812)": 0.7019071549176095, "(0.8756231417535812, 1.0)": 0.5273405692622307}, "pct": 0.996984668953281, "best_return": 4.676239958386814}}