{"ma": {"trend": "ma", "time_param": 41, "q_params": {"(0.0, 0.09661416520475678)": 0.9991518632408034, "(0.09661416520475678, 0.10006399165540425)": 0.9986662420090267, "(0.10006399165540425, 0.11666183199646228)": 0.9980985896405006, "(0.11666183199646228, 0.675422811193516)": 0.9978332818933502, "(0.675422811193516, 0.7218555730637006)": 0.9978244334233511, "(0.7218555730637006, 0.7859451070135783)": 0.997742879705656, "(0.7859451070135783, 0.8461371342241968)": 0.9973857678561854, "(0.8461371342241968, 0.8470900718698432)": 0.9895481276741422, "(0.8470900718698432, 0.9728644640542724)": 0.2824744083504419, "(0.9728644640542724, 1.0)": 0.00629606812082232}, "pct": 1, "best_return": 3.904375473892678}, "ew_ma": {"trend": "ew_ma", "time_param": 41, "q_params": {"(0, 0.12220893847677201)": 0.9991922202193411, "(0.12220893847677201, 0.1617135522763709)": 0.9984419907685093, "(0.1617135522763709, 0.1998384022337561)": 0.9973161543894503, "(0.1998384022337561, 0.21689569822747354)": 0.9969717952170907, "(0.21689569822747354, 0.7277004931375968)": 0.9863130746400849, "(0.7277004931375968, 0.7681512763841328)": 0.9860367082739072, "(0.7681512763841328, 0.8605742866539285)": 0.9782032728147917, "(0.8605742866539285, 0.9048849361223834)": 0.9466241332524152, "(0.9048849361223834, 0.9238357915615967)": 0.5514128208821256, "(0.9238357915615967, 1.0)": 0.3859363711887425}, "pct": 0.9973161543894503, "best_return": 4.5738492902493455}, "rel_minmax": {"time_param": 33, "trend": "rel_minmax", "q_params": {"(0, 0.11806935199847678)": 0.9874499455611166, "(0.11806935199847678, 0.28849652849437096)": 0.9756264871691191, "(0.28849652849437096, 0.29070184943525623)": 0.9599495185017025, "(0.29070184943525623, 0.72734870484)": 0.920349257971897, "(0.72734870484, 0.8103624845855187)": 0.9116354543029832, "(0.8103624845855187, 0.861256026385136)": 0.8264511679009584, "(0.861256026385136, 0.926310140367706)": 0.8134363020309707, "(0.926310140367706, 0.9408006592610686)": 0.6927995844556782, "(0.9408006592610686, 0.9529880136427654)": 0.685640356930742, "(0.9529880136427654, 1)": 0.08989012113276995}, "pct": 0.08989012113276995, "best_return": 4.8096466062929775}, "ew_rel_minmax": {"time_param": 68, "trend": "ew_rel_minmax", "q_params": {"(0, 0.2744566333333598)": 0.9906269018729129, "(0.2744566333333598, 0.35159388863424246)": 0.9520202584549761, "(0.35159388863424246, 0.5235893385684812)": 0.853101062982266, "(0.5235893385684812, 0.5882479130628132)": 0.8190240377473529, "(0.5882479130628132, 0.5888733376107725)": 0.780497016790795, "(0.5888733376107725, 0.6107404353225796)": 0.695585247605821, "(0.6107404353225796, 0.7227551871427589)": 0.6855834598418264, "(0.7227551871427589, 0.7448350425101884)": 0.4998269665490319, "(0.7448350425101884, 0.907235230956138)": 0.28741202542924366, "(0.907235230956138, 1.0)": 0.09123421143118289}, "pct": 0.28741202542924366, "best_return": 4.142921402421028}}