{"ma": {"trend": "ma", "time_param": 41, "q_params": {"(0.0, 0.07404760265518348)": 0.9993831196457413, "(0.07404760265518348, 0.11478624541203546)": 0.9989080521661757, "(0.11478624541203546, 0.12487958584154323)": 0.9985679935785757, "(0.12487958584154323, 0.5177873656847823)": 0.9978945583231846, "(0.5177873656847823, 0.6668679149219123)": 0.9975711143650461, "(0.6668679149219123, 0.7592370192911988)": 0.997490074543549, "(0.7592370192911988, 0.8256571601678734)": 0.9962742860646823, "(0.8256571601678734, 0.8452209081961634)": 0.8231349819437539, "(0.8452209081961634, 0.926623778264706)": 0.2867763104577066, "(0.926623778264706, 1.0)": 0.051423426321532975}, "pct": 0.9993831196457413, "best_return": 2.0899344565128555}, "ew_ma": {"trend": "ew_ma", "time_param": 41, "q_params": {"(0, 0.11463178491744407)": 0.9932338714234201, "(0.11463178491744407, 0.13207807293629067)": 0.9905813197024047, "(0.13207807293629067, 0.17606265915168193)": 0.9846846836261263, "(0.17606265915168193, 0.21487947178995082)": 0.9845608628065113, "(0.21487947178995082, 0.7198525216962036)": 0.9829135121343994, "(0.7198525216962036, 0.8203734820223318)": 0.9823874596283009, "(0.8203734820223318, 0.861124862033302)": 0.9782032728147917, "(0.861124862033302, 0.8849485667134669)": 0.9546558845975402, "(0.8849485667134669, 0.9116974875039168)": 0.4039129516962657, "(0.9116974875039168, 1.0)": 0.09746891330667029}, "pct": 0.9932338714234201, "best_return": 2.6583601222114948}, "rel_minmax": {"time_param": 78, "trend": "rel_minmax", "q_params": {"(0, 0.035062288383319)": 0.9532803981066639, "(0.035062288383319, 0.11470319033495499)": 0.8595843191438363, "(0.11470319033495499, 0.41419878639196694)": 0.782814419570213, "(0.41419878639196694, 0.5943215508745391)": 0.5770927612918528, "(0.5943215508745391, 0.6596987080666014)": 0.5610132599853346, "(0.6596987080666014, 0.7320616851131067)": 0.35964978335744124, "(0.7320616851131067, 0.7674673113417605)": 0.2706624310921184, "(0.7674673113417605, 0.8766514628599453)": 0.04581587054207248, "(0.8766514628599453, 0.9746938554225266)": 0.021740102101118416, "(0.9746938554225266, 1.0)": 0.02050652471641312}, "pct": 0.782814419570213, "best_return": 3.6664778124550153}, "ew_rel_minmax": {"time_param": 81, "trend": "ew_rel_minmax", "q_params": {"(0, 0.19591877693640197)": 0.9981123757704159, "(0.19591877693640197, 0.2523403662011309)": 0.900450596748011, "(0.2523403662011309, 0.25785644773330874)": 0.5417884073509217, "(0.25785644773330874, 0.2674384208558197)": 0.4756073294801838, "(0.2674384208558197, 0.3836492303358118)": 0.4186720011206999, "(0.3836492303358118, 0.4502895773158213)": 0.404378860297053, "(0.4502895773158213, 0.6780375187162543)": 0.4027312847705864, "(0.6780375187162543, 0.7148328660428033)": 0.28489983365882643, "(0.7148328660428033, 0.8294582588305092)": 0.14943841233283492, "(0.8294582588305092, 1)": 0.012061121442159428}, "pct": 0.404378860297053, "best_return": 3.8111882452664725}}