{"ma": {"trend": "ma", "time_param": 41, "q_params": {"(0.0, 0.09661416520475678)": 0.9991518632408034, "(0.09661416520475678, 0.10342687360131815)": 0.9985271475486547, "(0.10342687360131815, 0.11666183199646228)": 0.9983956987036852, "(0.11666183199646228, 0.675422811193516)": 0.9979917462787217, "(0.675422811193516, 0.7218555730637006)": 0.9977736830721755, "(0.7218555730637006, 0.7851618998791836)": 0.997742879705656, "(0.7851618998791836, 0.8461371342241968)": 0.9958551191633925, "(0.8461371342241968, 0.8470900718698432)": 0.9895481276741422, "(0.8470900718698432, 0.9728644640542724)": 0.2812637870548901, "(0.9728644640542724, 1.0)": 0.04040090597548947}, "pct": 1, "best_return": 3.5627770911651373}, "ew_ma": {"trend": "ew_ma", "time_param": 41, "q_params": {"(0, 0.13013850685665163)": 0.9998895160453, "(0.13013850685665163, 0.14270169264501484)": 0.9960159226103289, "(0.14270169264501484, 0.19682282774062032)": 0.993451086634651, "(0.19682282774062032, 0.21689569822747354)": 0.9923525202428259, "(0.21689569822747354, 0.7310864178684885)": 0.9804405629041363, "(0.7310864178684885, 0.7679427836360816)": 0.9801604344115632, "(0.7679427836360816, 0.8421528993946296)": 0.9782032728147917, "(0.8421528993946296, 0.917395894453471)": 0.9457352818726928, "(0.917395894453471, 0.9277972513358801)": 0.551102294662984, "(0.9277972513358801, 1.0)": 0.35406294184917747}, "pct": 0.9998895160453, "best_return": 3.7656769668270527}, "rel_minmax": {"time_param": 34, "trend": "rel_minmax", "q_params": {"(0, 0.07910790705683649)": 0.9854186986972816, "(0.07910790705683649, 0.4014257255184274)": 0.959488972601414, "(0.4014257255184274, 0.41178470238086085)": 0.8769441260991901, "(0.41178470238086085, 0.4851913606328391)": 0.853871779733942, "(0.4851913606328391, 0.6076171446694923)": 0.6293155943467743, "(0.6076171446694923, 0.6419859938615358)": 0.5240069022377164, "(0.6419859938615358, 0.728078464667121)": 0.4725704653710443, "(0.728078464667121, 0.8019813057112082)": 0.3040528179871664, "(0.8019813057112082, 0.8699212445171831)": 0.07729637180270567, "(0.8699212445171831, 1)": 0.002158505870416624}, "pct": 0.002158505870416624, "best_return": 4.354068108015221}, "ew_rel_minmax": {"time_param": 21, "trend": "ew_rel_minmax", "q_params": {"(0, 0.11962282792751362)": 0.9999510599997715, "(0.11962282792751362, 0.15809749561372316)": 0.9490763444778096, "(0.15809749561372316, 0.5367122030305939)": 0.8335155770233895, "(0.5367122030305939, 0.5497171348274047)": 0.7098226274327379, "(0.5497171348274047, 0.5729900313138218)": 0.7068470286543111, "(0.5729900313138218, 0.5844000046246318)": 0.6078802989236517, "(0.5844000046246318, 0.9629702822013058)": 0.4082839527496732, "(0.9629702822013058, 0.9719769578310794)": 0.1767906034798591, "(0.9719769578310794, 0.9801110805893808)": 0.14701445392944182, "(0.9801110805893808, 1.0)": 0.07446462965277217}, "pct": 0.4082839527496732, "best_return": 3.7580526973138704}}