{"ma": {"trend": "ma", "time_param": 41, "q_params": {"(0, 0.09661416520475678)": 0.9991518632408034, "(0.09661416520475678, 0.10342687360131815)": 0.9985271475486547, "(0.10342687360131815, 0.11666183199646228)": 0.9983956987036852, "(0.11666183199646228, 0.675422811193516)": 0.9979917462787217, "(0.675422811193516, 0.7218555730637006)": 0.9977736830721755, "(0.7218555730637006, 0.7851618998791836)": 0.997742879705656, "(0.7851618998791836, 0.8461371342241968)": 0.9958551191633925, "(0.8461371342241968, 0.8470900718698432)": 0.9895481276741422, "(0.8470900718698432, 0.9728644640542724)": 0.2812637870548901, "(0.9728644640542724, 1.0)": 0.04040090597548947}, "pct": 0.9979917462787217, "best_return": 3.982225568381768}, "ew_ma": {"trend": "ew_ma", "time_param": 41, "q_params": {"(0, 0.1163475519650826)": 0.9998884188263398, "(0.1163475519650826, 0.14270169264501484)": 0.9984419907685093, "(0.14270169264501484, 0.19682282774062032)": 0.9973161543894503, "(0.19682282774062032, 0.21689569822747354)": 0.9957357282726595, "(0.21689569822747354, 0.7277004931375968)": 0.9910363192700405, "(0.7277004931375968, 0.7648415151107482)": 0.9860367082739072, "(0.7648415151107482, 0.8605742866539285)": 0.9782032728147917, "(0.8605742866539285, 0.9048849361223834)": 0.9466241332524152, "(0.9048849361223834, 0.9312447970017804)": 0.5514128208821256, "(0.9312447970017804, 1.0)": 0.3859363711887425}, "pct": 0.9910363192700405, "best_return": 4.62278639623293}, "rel_minmax": {"time_param": 48, "trend": "rel_minmax", "q_params": {"(0, 0.3122500886132445)": 0.9485856673277467, "(0.3122500886132445, 0.5007258022897378)": 0.8577076560068048, "(0.5007258022897378, 0.5135848379074578)": 0.5959340671677115, "(0.5135848379074578, 0.5541995479045492)": 0.5213192459520607, "(0.5541995479045492, 0.5949477908723529)": 0.5109286625867713, "(0.5949477908723529, 0.6722875753484225)": 0.47687357017991894, "(0.6722875753484225, 0.7110101994281876)": 0.3768929188850811, "(0.7110101994281876, 0.858043451163724)": 0.3604313839287733, "(0.858043451163724, 0.8614981422136541)": 0.18977190633184748, "(0.8614981422136541, 1)": 0.185220862141929}, "pct": 0.3604313839287733, "best_return": 4.599736864395581}, "ew_rel_minmax": {"time_param": 68, "trend": "ew_rel_minmax", "q_params": {"(0, 0.2744566333333598)": 0.9906269018729129, "(0.2744566333333598, 0.35159388863424246)": 0.963790660603153, "(0.35159388863424246, 0.5413017895448892)": 0.8479984578701092, "(0.5413017895448892, 0.5709733251660517)": 0.8309212605533662, "(0.5709733251660517, 0.5888733376107725)": 0.7930719559096756, "(0.5888733376107725, 0.6107404353225796)": 0.7712404566444582, "(0.6107404353225796, 0.714396876023437)": 0.6798468016107875, "(0.714396876023437, 0.7413638340392728)": 0.4998269665490319, "(0.7413638340392728, 0.9323994835084436)": 0.28741202542924366, "(0.9323994835084436, 1.0)": 0.09123421143118289}, "pct": 0.28741202542924366, "best_return": 4.154175878845908}}