{"ma": {"trend": "ma", "time_param": 41, "q_params": {"(0, 0.016742876917261285)": 0.9999359487692814, "(0.016742876917261285, 0.09965263560356248)": 0.9979832341962782, "(0.09965263560356248, 0.15231061211930305)": 0.9979085737063819, "(0.15231061211930305, 0.6786397334897547)": 0.9979011863268918, "(0.6786397334897547, 0.7120533256885612)": 0.9978710016526465, "(0.7120533256885612, 0.7950312215275408)": 0.9978161796871846, "(0.7950312215275408, 0.816859349432807)": 0.9971327748380527, "(0.816859349432807, 0.8554140674787434)": 0.9920318506943994, "(0.8554140674787434, 0.9145625440738016)": 0.9920279440699441, "(0.9145625440738016, 1.0)": 0.0003025975621713337}, "pct": 0.9979011863268918, "best_return": 6.0250823182488755}, "ew_ma": {"trend": "ew_ma", "time_param": 41, "q_params": {"(0, 0.10650060946036878)": 1.0, "(0.10650060946036878, 0.11756361502546252)": 0.9975113081022203, "(0.11756361502546252, 0.13489741375738265)": 0.9974511002802345, "(0.13489741375738265, 0.21689569822747354)": 0.9969611510116853, "(0.21689569822747354, 0.7202852477783891)": 0.9969603557757899, "(0.7202852477783891, 0.7942709956938945)": 0.9969484431234223, "(0.7942709956938945, 0.8545337207250202)": 0.9950619182439164, "(0.8545337207250202, 0.8561888743378065)": 0.8833872322840538, "(0.8561888743378065, 0.8961686414637874)": 0.4724901639590657, "(0.8961686414637874, 1.0)": 0.35659372587288923}, "pct": 0.9969603557757899, "best_return": 6.033214590196544}, "rel_minmax": {"time_param": 71, "trend": "rel_minmax", "q_params": {"(0, 0.21556726869160625)": 0.9997789642027003, "(0.21556726869160625, 0.5395604874311444)": 0.9973148124331105, "(0.5395604874311444, 0.5739285737742236)": 0.9188159489912057, "(0.5739285737742236, 0.6756806166819248)": 0.7973871077507951, "(0.6756806166819248, 0.7128399378219327)": 0.6530343512638077, "(0.7128399378219327, 0.7130959647107074)": 0.5029073383778077, "(0.7130959647107074, 0.7364306196254978)": 0.46636085576588004, "(0.7364306196254978, 0.7439191108977817)": 0.25011318649699593, "(0.7439191108977817, 0.8739505625274882)": 0.09989490198890685, "(0.8739505625274882, 1.0)": 0.003837619333703056}, "pct": 0.9188159489912057, "best_return": 5.627462091624254}, "ew_rel_minmax": {"trend": "ew_rel_minmax", "time_param": 41, "q_params": {"(0, 0.24657800998985835)": 1.0, "(0.24657800998985835, 0.2625932942430213)": 0.999704419130045, "(0.2625932942430213, 0.26543741126366766)": 0.9993948301739558, "(0.26543741126366766, 0.3533667418798479)": 0.997002999, "(0.3533667418798479, 0.6393467392286665)": 0.9969903709306711, "(0.6393467392286665, 0.785459164910039)": 0.9969812578927061, "(0.785459164910039, 0.8480387954413361)": 0.9967636347382962, "(0.8480387954413361, 0.8745999394408109)": 0.993020965034979, "(0.8745999394408109, 0.8788576458618659)": 0.7019071549176095, "(0.8788576458618659, 1.0)": 0.4167125511799527}, "pct": 0.9969812578927061, "best_return": 5.847019024078743}}