{"ma": {"trend": "ma", "time_param": 41, "q_params": {"(0, 0.06802519984202182)": 0.9993316699400479, "(0.06802519984202182, 0.10928737170467358)": 0.9986995087153577, "(0.10928737170467358, 0.11666183199646228)": 0.9985888427696955, "(0.11666183199646228, 0.6731968336350731)": 0.9979978951254511, "(0.6731968336350731, 0.7405585909717233)": 0.9979691855416384, "(0.7405585909717233, 0.7851618998791836)": 0.997742879705656, "(0.7851618998791836, 0.8238141521421204)": 0.9959318138472173, "(0.8238141521421204, 0.8452209081961634)": 0.9895481276741422, "(0.8452209081961634, 0.9728644640542724)": 0.2399509198161387, "(0.9728644640542724, 1.0)": 0.051423426321532975}, "pct": 0.9979978951254511, "best_return": 3.6222432196272893}, "ew_ma": {"trend": "ew_ma", "time_param": 41, "q_params": {"(0, 0.1299678785297298)": 0.992881863384902, "(0.1299678785297298, 0.14270169264501484)": 0.9924454571605666, "(0.14270169264501484, 0.1912245455548322)": 0.9914681152985452, "(0.1912245455548322, 0.21210107653712446)": 0.9875277967555813, "(0.21210107653712446, 0.7170740062469556)": 0.9804405629041363, "(0.7170740062469556, 0.7740880980541801)": 0.9801604344115632, "(0.7740880980541801, 0.8529161510081527)": 0.9782032728147917, "(0.8529161510081527, 0.8991659727306068)": 0.9457352818726928, "(0.8991659727306068, 0.9174703621128779)": 0.5417088589712473, "(0.9174703621128779, 1.0)": 0.3236148749383757}, "pct": 0.992881863384902, "best_return": 4.117094157278574}, "rel_minmax": {"time_param": 20, "trend": "rel_minmax", "q_params": {"(0, 0.029605406448924065)": 0.9476117555533691, "(0.029605406448924065, 0.2473306740253297)": 0.9467274832608166, "(0.2473306740253297, 0.44930187316963033)": 0.7712673733247535, "(0.44930187316963033, 0.5947455003565085)": 0.7338200877760462, "(0.5947455003565085, 0.7259841434304677)": 0.38304787902894755, "(0.7259841434304677, 0.7583156068261528)": 0.35140896706069547, "(0.7583156068261528, 0.8458043147263042)": 0.21905666836747703, "(0.8458043147263042, 0.8612759509823329)": 0.1263126401326968, "(0.8612759509823329, 0.9699747395865901)": 0.07162211876879207, "(0.9699747395865901, 1)": 0.02264991201664346}, "pct": 0.35140896706069547, "best_return": 4.121784602278179}, "ew_rel_minmax": {"time_param": 82, "trend": "ew_rel_minmax", "q_params": {"(0, 0.45523967336291704)": 0.953167987634019, "(0.45523967336291704, 0.4965363495054599)": 0.8743969623539968, "(0.4965363495054599, 0.5512806782469201)": 0.7527569389609436, "(0.5512806782469201, 0.6191498987484008)": 0.412819682205949, "(0.6191498987484008, 0.6527703543973048)": 0.36779663418335784, "(0.6527703543973048, 0.7442610188817724)": 0.3258414891729605, "(0.7442610188817724, 0.8757613642718484)": 0.2431047097596208, "(0.8757613642718484, 0.9080543141525662)": 0.23091889579087566, "(0.9080543141525662, 0.9450095541350128)": 0.08403829601465351, "(0.9450095541350128, 1)": 0.05708161271204635}, "pct": 0.2431047097596208, "best_return": 4.564534595322237}}