{"ma": {"trend": "ma", "time_param": 41, "q_params": {"(0, 0.09661416520475678)": 0.9991518632408034, "(0.09661416520475678, 0.10006399165540425)": 0.9986662420090267, "(0.10006399165540425, 0.11666183199646228)": 0.9980985896405006, "(0.11666183199646228, 0.675422811193516)": 0.9978332818933502, "(0.675422811193516, 0.7218555730637006)": 0.9978244334233511, "(0.7218555730637006, 0.7859451070135783)": 0.997742879705656, "(0.7859451070135783, 0.8461371342241968)": 0.9973857678561854, "(0.8461371342241968, 0.8470900718698432)": 0.9895481276741422, "(0.8470900718698432, 0.9728644640542724)": 0.2824744083504419, "(0.9728644640542724, 1.0)": 0.00629606812082232}, "pct": 0.9978332818933502, "best_return": 3.9671493101704325}, "ew_ma": {"trend": "ew_ma", "time_param": 41, "q_params": {"(0, 0.118087649175429)": 0.9991922202193411, "(0.118087649175429, 0.16088911543602952)": 0.9975113081022203, "(0.16088911543602952, 0.2009065234567548)": 0.9973161543894503, "(0.2009065234567548, 0.21689569822747354)": 0.9969717952170907, "(0.21689569822747354, 0.7277004931375968)": 0.9969603557757899, "(0.7277004931375968, 0.8041442058315051)": 0.984464440875888, "(0.8041442058315051, 0.8605742866539285)": 0.9782032728147917, "(0.8605742866539285, 0.8656527426139355)": 0.9466241332524152, "(0.8656527426139355, 0.9238357915615967)": 0.5562668688364117, "(0.9238357915615967, 1.0)": 0.39490415112377264}, "pct": 0.9969603557757899, "best_return": 4.941115417993198}, "rel_minmax": {"time_param": 71, "trend": "rel_minmax", "q_params": {"(0, 0.21556726869160625)": 0.9986913608669297, "(0.21556726869160625, 0.5395604874311444)": 0.9975604814232647, "(0.5395604874311444, 0.5731096607011034)": 0.9358001181112403, "(0.5731096607011034, 0.6954118684467325)": 0.8492417391163014, "(0.6954118684467325, 0.7005574616041814)": 0.6525717459255318, "(0.7005574616041814, 0.7382301531614875)": 0.4906631411843898, "(0.7382301531614875, 0.770392546075111)": 0.47159877061551003, "(0.770392546075111, 0.7800139690534811)": 0.2213925656452732, "(0.7800139690534811, 0.8928431575293418)": 0.07137261338613227, "(0.8928431575293418, 1.0)": 8.934580586585951e-05}, "pct": 0.8492417391163014, "best_return": 4.905231518431517}, "ew_rel_minmax": {"time_param": 68, "trend": "ew_rel_minmax", "q_params": {"(0, 0.23190696663419633)": 0.9906269018729129, "(0.23190696663419633, 0.35159388863424246)": 0.9520202584549761, "(0.35159388863424246, 0.5182417716204374)": 0.853101062982266, "(0.5182417716204374, 0.5882479130628132)": 0.8201878515426781, "(0.5882479130628132, 0.6090749699186636)": 0.7874351508944345, "(0.6090749699186636, 0.6107404353225796)": 0.707401330006962, "(0.6107404353225796, 0.736480337043659)": 0.6722482303495058, "(0.736480337043659, 0.7417374439019903)": 0.47785620016558283, "(0.7417374439019903, 0.907235230956138)": 0.28741202542924366, "(0.907235230956138, 1)": 0.09123421143118289}, "pct": 0.6722482303495058, "best_return": 4.40638846844843}}