{"ma": {"trend": "ma", "time_param": 41, "q_params": {"(0, 0.06777095718073546)": 0.9991518632408034, "(0.06777095718073546, 0.10928737170467358)": 0.9986995087153577, "(0.10928737170467358, 0.11666183199646228)": 0.9985888427696955, "(0.11666183199646228, 0.6731968336350731)": 0.9979978951254511, "(0.6731968336350731, 0.7405585909717233)": 0.9979691855416384, "(0.7405585909717233, 0.7851618998791836)": 0.997742879705656, "(0.7851618998791836, 0.8172111327372832)": 0.9959318138472173, "(0.8172111327372832, 0.8452209081961634)": 0.9895481276741422, "(0.8452209081961634, 0.9728644640542724)": 0.2399509198161387, "(0.9728644640542724, 1.0)": 0.05873648416390889}, "pct": 0.9991518632408034, "best_return": 3.7492495631515155}, "ew_ma": {"trend": "ew_ma", "time_param": 41, "q_params": {"(0, 0.1299678785297298)": 0.9998895160453, "(0.1299678785297298, 0.14270169264501484)": 0.9924454571605666, "(0.14270169264501484, 0.19682282774062032)": 0.9914681152985452, "(0.19682282774062032, 0.20062331923097776)": 0.9904888360844646, "(0.20062331923097776, 0.7170740062469556)": 0.9804405629041363, "(0.7170740062469556, 0.765885149593985)": 0.9801604344115632, "(0.765885149593985, 0.8529161510081527)": 0.9782032728147917, "(0.8529161510081527, 0.8991659727306068)": 0.9457352818726928, "(0.8991659727306068, 0.9277972513358801)": 0.5417088589712473, "(0.9277972513358801, 1.0)": 0.3236148749383757}, "pct": 0.9998895160453, "best_return": 3.9614137481698823}, "rel_minmax": {"time_param": 31, "trend": "rel_minmax", "q_params": {"(0, 0.1551695295846351)": 0.9770823759851786, "(0.1551695295846351, 0.2382265069632844)": 0.9476667023232098, "(0.2382265069632844, 0.2807766045895387)": 0.9157946172115056, "(0.2807766045895387, 0.5166456613331001)": 0.8529706188929149, "(0.5166456613331001, 0.5816796127514055)": 0.8015122028561613, "(0.5816796127514055, 0.6358058625222591)": 0.7514587955142669, "(0.6358058625222591, 0.7465635269571681)": 0.6590864560113009, "(0.7465635269571681, 0.8271556098924232)": 0.6235730106068268, "(0.8271556098924232, 0.8625849606337949)": 0.48331678422112, "(0.8625849606337949, 1)": 0.27802848035520467}, "pct": 0.6235730106068268, "best_return": 3.8457376873386773}, "ew_rel_minmax": {"time_param": 49, "trend": "ew_rel_minmax", "q_params": {"(0, 0.07179872469015736)": 0.95160783917327, "(0.07179872469015736, 0.259407767871358)": 0.9250395359409791, "(0.259407767871358, 0.47834210033643865)": 0.854645694676175, "(0.47834210033643865, 0.5750940568593933)": 0.5754032946445096, "(0.5750940568593933, 0.7512588045470154)": 0.46288863149104253, "(0.7512588045470154, 0.7691346873381518)": 0.4517387984145079, "(0.7691346873381518, 0.803186589071407)": 0.4232077910216957, "(0.803186589071407, 0.8148500513141611)": 0.3316247843477601, "(0.8148500513141611, 0.8313430266966474)": 0.11571928317476066, "(0.8313430266966474, 1)": 0.04880543502974943}, "pct": 0.4232077910216957, "best_return": 4.270246292956174}}