{"ma": {"trend": "ma", "time_param": 41, "q_params": {"(0, 0.016742876917261285)": 0.9999359487692814, "(0.016742876917261285, 0.09965263560356248)": 0.9979832341962782, "(0.09965263560356248, 0.1448738308697059)": 0.9979085737063819, "(0.1448738308697059, 0.6715881741757203)": 0.9979011863268918, "(0.6715881741757203, 0.7120533256885612)": 0.9978710016526465, "(0.7120533256885612, 0.7950312215275408)": 0.9978161796871846, "(0.7950312215275408, 0.816859349432807)": 0.9971327748380527, "(0.816859349432807, 0.8554140674787434)": 0.9921193384362561, "(0.8554140674787434, 0.9145625440738016)": 0.9920279440699441, "(0.9145625440738016, 1.0)": 0.0003025975621713337}, "pct": 0.9979011863268918, "best_return": 5.380228187653158}, "ew_ma": {"trend": "ew_ma", "time_param": 41, "q_params": {"(0, 0.10650060946036878)": 1.0, "(0.10650060946036878, 0.12722253890754398)": 0.9975372232316144, "(0.12722253890754398, 0.13489741375738265)": 0.9974511002802345, "(0.13489741375738265, 0.21689569822747354)": 0.9969611510116853, "(0.21689569822747354, 0.7202852477783891)": 0.9969603557757899, "(0.7202852477783891, 0.7942709956938945)": 0.9969484431234223, "(0.7942709956938945, 0.8498513198307212)": 0.9950619182439164, "(0.8498513198307212, 0.8561888743378065)": 0.8833872322840538, "(0.8561888743378065, 0.8961686414637874)": 0.48874973182535825, "(0.8961686414637874, 1.0)": 0.37453371725160745}, "pct": 0.9969603557757899, "best_return": 5.29189662005402}, "rel_minmax": {"time_param": 71, "trend": "rel_minmax", "q_params": {"(0, 0.18426038949533474)": 0.9997789642027003, "(0.18426038949533474, 0.5395604874311444)": 0.9973148124331105, "(0.5395604874311444, 0.6086448111112874)": 0.9455994057712133, "(0.6086448111112874, 0.6756806166819248)": 0.7973871077507951, "(0.6756806166819248, 0.6993260700329087)": 0.5928708896792966, "(0.6993260700329087, 0.7130959647107074)": 0.4957627989838433, "(0.7130959647107074, 0.721680986175046)": 0.25011818550909487, "(0.721680986175046, 0.7562767093962827)": 0.2379290315531028, "(0.7562767093962827, 0.8739505625274882)": 0.09989490198890685, "(0.8739505625274882, 1.0)": 0.003837619333703056}, "pct": 0.5928708896792966, "best_return": 5.1866357618978505}, "ew_rel_minmax": {"trend": "ew_rel_minmax", "time_param": 41, "q_params": {"(0, 0.24657800998985835)": 1.0, "(0.24657800998985835, 0.2625932942430213)": 0.9995036578942533, "(0.2625932942430213, 0.26543741126366766)": 0.9993948301739558, "(0.26543741126366766, 0.3533667418798479)": 0.997002999, "(0.3533667418798479, 0.6471324333852787)": 0.9969903709306711, "(0.6471324333852787, 0.8065258018673879)": 0.9969812578927061, "(0.8065258018673879, 0.8480387954413361)": 0.996619028804973, "(0.8480387954413361, 0.8745999394408109)": 0.993020965034979, "(0.8745999394408109, 0.8756231417535812)": 0.7019071549176095, "(0.8756231417535812, 1.0)": 0.44008489433771053}, "pct": 0.9969812578927061, "best_return": 5.159929101524607}}