{"ma": {"trend": "ma", "time_param": 41, "q_params": {"(0, 0.016742876917261285)": 0.9999359487692814, "(0.016742876917261285, 0.09965263560356248)": 0.9979832341962782, "(0.09965263560356248, 0.1448738308697059)": 0.9979192508855245, "(0.1448738308697059, 0.6385497175193924)": 0.9979011863268918, "(0.6385497175193924, 0.765881742077324)": 0.9978710016526465, "(0.765881742077324, 0.8047258685099329)": 0.9978161796871846, "(0.8047258685099329, 0.8054294797774877)": 0.9971327748380527, "(0.8054294797774877, 0.8554140674787434)": 0.9930522636556122, "(0.8554140674787434, 0.9100228327047041)": 0.9920279440699441, "(0.9100228327047041, 1.0)": 0.0003025975621713337}, "pct": 0.9979011863268918, "best_return": 5.321164148683824}, "ew_ma": {"trend": "ew_ma", "time_param": 41, "q_params": {"(0, 0.10650060946036878)": 1.0, "(0.10650060946036878, 0.12722253890754398)": 0.9975372232316144, "(0.12722253890754398, 0.13939565861668796)": 0.9974511002802345, "(0.13939565861668796, 0.21689569822747354)": 0.9969611510116853, "(0.21689569822747354, 0.7092682550611473)": 0.9969560742779419, "(0.7092682550611473, 0.7942709956938945)": 0.9969332565021872, "(0.7942709956938945, 0.8498513198307212)": 0.9950619182439164, "(0.8498513198307212, 0.8561888743378065)": 0.8215338532196248, "(0.8561888743378065, 0.88955064322661)": 0.48874973182535825, "(0.88955064322661, 1.0)": 0.37453371725160745}, "pct": 0.9969560742779419, "best_return": 5.340884710187947}, "rel_minmax": {"time_param": 71, "trend": "rel_minmax", "q_params": {"(0, 0.18426038949533474)": 0.999694393495778, "(0.18426038949533474, 0.5395604874311444)": 0.9973148124331105, "(0.5395604874311444, 0.6086448111112874)": 0.9473614180129699, "(0.6086448111112874, 0.6941942520734576)": 0.7865085593038883, "(0.6941942520734576, 0.6993260700329087)": 0.5928708896792966, "(0.6993260700329087, 0.7003628035099048)": 0.4698137282950286, "(0.7003628035099048, 0.7045637616254075)": 0.21235938801127532, "(0.7045637616254075, 0.7562767093962827)": 0.10055011312355122, "(0.7562767093962827, 0.8739505625274882)": 0.09989490198890685, "(0.8739505625274882, 1.0)": 0.003837619333703056}, "pct": 0.9973148124331105, "best_return": 5.159040072019795}, "ew_rel_minmax": {"trend": "ew_rel_minmax", "time_param": 41, "q_params": {"(0, 0.2549718691602566)": 1.0, "(0.2549718691602566, 0.2625932942430213)": 0.9999982114130885, "(0.2625932942430213, 0.26543741126366766)": 0.9993948301739558, "(0.26543741126366766, 0.3661174328920855)": 0.997002999, "(0.3661174328920855, 0.6471324333852787)": 0.9969903709306711, "(0.6471324333852787, 0.8065258018673879)": 0.9969812578927061, "(0.8065258018673879, 0.8480387954413361)": 0.9933636985662416, "(0.8480387954413361, 0.8745999394408109)": 0.993020965034979, "(0.8745999394408109, 0.8756231417535812)": 0.7019071549176095, "(0.8756231417535812, 1.0)": 0.44008489433771053}, "pct": 0.9969903709306711, "best_return": 5.10801793071542}}