{"ma": {"time_param": 1032, "trend": "ma", "q_params": {"(0, 0.09035194597706042)": 0.9954098702885005, "(0.09035194597706042, 0.09909428279523184)": 0.84290553190804, "(0.09909428279523184, 0.39580189236785296)": 0.8160121301987983, "(0.39580189236785296, 0.5361587304975055)": 0.8136004002415363, "(0.5361587304975055, 0.5766945741448332)": 0.6092209159618804, "(0.5766945741448332, 0.8158644634413396)": 0.6088645181440447, "(0.8158644634413396, 0.8671044652851999)": 0.6049755094631895, "(0.8671044652851999, 0.8842590949490963)": 0.5825009033449554, "(0.8842590949490963, 0.9835078284834824)": 0.07372890353849552, "(0.9835078284834824, 1.0)": 0.002321566029705933}, "pct": 0.6088645181440447, "best_return": 70.04136716375635}, "ew_ma": {"time_param": 1319, "trend": "ew_ma", "q_params": {"(0, 0.09405603951438987)": 0.9913994234110443, "(0.09405603951438987, 0.11923642717219536)": 0.7395243061077862, "(0.11923642717219536, 0.2533829174482223)": 0.7308684220350783, "(0.2533829174482223, 0.2638348419183984)": 0.6857602467669439, "(0.2638348419183984, 0.2820362863893812)": 0.5854438095144497, "(0.2820362863893812, 0.6787395342536774)": 0.5834206365560185, "(0.6787395342536774, 0.7006302862553982)": 0.5776028737996053, "(0.7006302862553982, 0.705978565852774)": 0.3613699780750815, "(0.705978565852774, 0.9977813516021413)": 0.3590458138301937, "(0.9977813516021413, 1.0)": 0.008249990001912733}, "pct": 0.3590458138301937, "best_return": 65.92605218376727}, "rel_minmax": {"time_param": 85, "trend": "rel_minmax", "q_params": {"(0, 0.20951913874625475)": 0.9986747005003261, "(0.20951913874625475, 0.3370841207234591)": 0.9824530522492306, "(0.3370841207234591, 0.34903112814701254)": 0.6378007964901286, "(0.34903112814701254, 0.37567915675091945)": 0.4543746407436436, "(0.37567915675091945, 0.5972488351536367)": 0.4498108910949783, "(0.5972488351536367, 0.8053208414582104)": 0.44905037820621285, "(0.8053208414582104, 0.8161116400944023)": 0.3651846726328617, "(0.8161116400944023, 0.8774267301747911)": 0.361578049413941, "(0.8774267301747911, 0.9685806942935156)": 0.31900441516988615, "(0.9685806942935156, 1.0)": 0.02390799667119603}, "pct": 0.02390799667119603, "best_return": 103.44524724783462}, "ew_rel_minmax": {"time_param": 563, "trend": "ew_rel_minmax", "q_params": {"(0, 0.03795502801319638)": 0.9895250747316354, "(0.03795502801319638, 0.040394420010383854)": 0.8603986701847824, "(0.040394420010383854, 0.05410545526600741)": 0.8440834817404905, "(0.05410545526600741, 0.3691766585596956)": 0.8422332462403206, "(0.3691766585596956, 0.5155307096374131)": 0.8342122273772525, "(0.5155307096374131, 0.8580873289727775)": 0.8307585146434576, "(0.8580873289727775, 0.8934504908525829)": 0.3202240431129734, "(0.8934504908525829, 0.9747317159932938)": 0.3080209387900818, "(0.9747317159932938, 0.9835740060179593)": 0.05077199385991219, "(0.9835740060179593, 1.0)": 0.005854174580029325}, "pct": 0.005854174580029325, "best_return": 68.9259275087042}}