{"ma": {"time_param": 1096, "trend": "ma", "q_params": {"(0, 0.01880439644069798)": 0.964344285817894, "(0.01880439644069798, 0.1479753258959272)": 0.8544187314536626, "(0.1479753258959272, 0.4707716473807938)": 0.8058089174229822, "(0.4707716473807938, 0.5922941329137265)": 0.6355790411829781, "(0.5922941329137265, 0.6937547514308642)": 0.6309968634215575, "(0.6937547514308642, 0.7503558439108196)": 0.6199792977656192, "(0.7503558439108196, 0.8574177197707048)": 0.3942357820353002, "(0.8574177197707048, 0.9376008859742757)": 0.18019507116084754, "(0.9376008859742757, 0.9654242764515172)": 0.09323066221519061, "(0.9654242764515172, 1)": 0.0580501431725029}, "pct": 0.3942357820353002, "best_return": 45.69795263885297}, "ew_ma": {"time_param": 369, "trend": "ew_ma", "q_params": {"(0, 0.14312841070797766)": 0.9116571272881175, "(0.14312841070797766, 0.416253583702797)": 0.9044687534943047, "(0.416253583702797, 0.5782993019486343)": 0.8006498273500439, "(0.5782993019486343, 0.5909851079803237)": 0.7662966280045204, "(0.5909851079803237, 0.6535471331515725)": 0.7391798066620334, "(0.6535471331515725, 0.8143975572119836)": 0.6771604608369021, "(0.8143975572119836, 0.8851127423018041)": 0.4798901370989671, "(0.8851127423018041, 0.9139555805326312)": 0.3261177079005123, "(0.9139555805326312, 0.9920190095939806)": 0.18673634410287787, "(0.9920190095939806, 1.0)": 0.1661739508178156}, "pct": 0.6771604608369021, "best_return": 37.392901391136974}, "rel_minmax": {"time_param": 439, "trend": "rel_minmax", "q_params": {"(0, 0.22206707129554212)": 0.9531213988839309, "(0.22206707129554212, 0.23772381314879426)": 0.8973797849150468, "(0.23772381314879426, 0.35870067277314593)": 0.7936108347114379, "(0.35870067277314593, 0.36355191305823165)": 0.6511183653088735, "(0.36355191305823165, 0.4318415680980548)": 0.5643156790937127, "(0.4318415680980548, 0.6292954745222339)": 0.5483529347686539, "(0.6292954745222339, 0.7883988717117305)": 0.49069985881777806, "(0.7883988717117305, 0.790591223929502)": 0.3616525016639774, "(0.790591223929502, 0.9639933050951729)": 0.3520005521391577, "(0.9639933050951729, 1.0)": 0.217015796811504}, "pct": 0.217015796811504, "best_return": 44.54001540056335}, "ew_rel_minmax": {"time_param": 1313, "trend": "ew_rel_minmax", "q_params": {"(0.0, 0.011997971739557738)": 0.9691779123054585, "(0.011997971739557738, 0.12836147468758147)": 0.8294847612442072, "(0.12836147468758147, 0.27939246472206786)": 0.7131026104103811, "(0.27939246472206786, 0.3476566209063747)": 0.5875038371699401, "(0.3476566209063747, 0.44115336852776654)": 0.5684172393303136, "(0.44115336852776654, 0.5989086371982988)": 0.4011323540545444, "(0.5989086371982988, 0.6225553010799928)": 0.3729807754509693, "(0.6225553010799928, 0.7380482748304718)": 0.3210479454959251, "(0.7380482748304718, 0.9874614945906824)": 0.29763852467505486, "(0.9874614945906824, 1.0)": 0.28473816018227466}, "pct": 1, "best_return": 32.26285574776786}}