{"ma": {"time_param": 1482, "trend": "ma", "q_params": {"(0, 0.14125894530827487)": 0.9334168234827739, "(0.14125894530827487, 0.232011408326398)": 0.8929722258720099, "(0.232011408326398, 0.32700915093174854)": 0.8136528260930538, "(0.32700915093174854, 0.40084489438803883)": 0.7438051216293488, "(0.40084489438803883, 0.4762566833410735)": 0.7021660787504298, "(0.4762566833410735, 0.5177008860825294)": 0.5268639478304132, "(0.5177008860825294, 0.5394288458531347)": 0.45417485915461575, "(0.5394288458531347, 0.8452488939787081)": 0.43263637641819463, "(0.8452488939787081, 0.9009853858369385)": 0.39029621972001216, "(0.9009853858369385, 1)": 0.17749095405123705}, "pct": 0.17749095405123705, "best_return": 43.54952535335544}, "ew_ma": {"time_param": 369, "trend": "ew_ma", "q_params": {"(0, 0.14312841070797766)": 0.9116571272881175, "(0.14312841070797766, 0.416253583702797)": 0.9044687534943047, "(0.416253583702797, 0.5797456791638668)": 0.8006498273500439, "(0.5797456791638668, 0.5909851079803237)": 0.7662966280045204, "(0.5909851079803237, 0.6535471331515725)": 0.74240028355541, "(0.6535471331515725, 0.8143975572119836)": 0.6771604608369021, "(0.8143975572119836, 0.8851127423018041)": 0.4807873524284344, "(0.8851127423018041, 0.9139555805326312)": 0.3261177079005123, "(0.9139555805326312, 0.9920190095939806)": 0.18673634410287787, "(0.9920190095939806, 1)": 0.1661739508178156}, "pct": 0.4807873524284344, "best_return": 39.14579746666851}, "rel_minmax": {"time_param": 439, "trend": "rel_minmax", "q_params": {"(0, 0.22206707129554212)": 0.9455052597884079, "(0.22206707129554212, 0.23772381314879426)": 0.8918464084722506, "(0.23772381314879426, 0.36025243854399885)": 0.7936108347114379, "(0.36025243854399885, 0.37180027210752464)": 0.6511183653088735, "(0.37180027210752464, 0.4339676402223055)": 0.5643156790937127, "(0.4339676402223055, 0.6292954745222339)": 0.5442666530688872, "(0.6292954745222339, 0.7883988717117305)": 0.49069985881777806, "(0.7883988717117305, 0.790591223929502)": 0.3616525016639774, "(0.790591223929502, 0.9639933050951729)": 0.3520005521391577, "(0.9639933050951729, 1.0)": 0.217015796811504}, "pct": 0.217015796811504, "best_return": 37.05968602980155}, "ew_rel_minmax": {"time_param": 1313, "trend": "ew_rel_minmax", "q_params": {"(0.0, 0.011997971739557738)": 0.9691779123054585, "(0.011997971739557738, 0.12836147468758147)": 0.8294847612442072, "(0.12836147468758147, 0.27939246472206786)": 0.7131026104103811, "(0.27939246472206786, 0.3476566209063747)": 0.5875038371699401, "(0.3476566209063747, 0.44115336852776654)": 0.5684172393303136, "(0.44115336852776654, 0.5989086371982988)": 0.4011323540545444, "(0.5989086371982988, 0.6225553010799928)": 0.3729807754509693, "(0.6225553010799928, 0.7380482748304718)": 0.3210479454959251, "(0.7380482748304718, 0.9874614945906824)": 0.29763852467505486, "(0.9874614945906824, 1.0)": 0.28473816018227466}, "pct": 1, "best_return": 34.10444471571181}}