{"ma": {"time_param": 1032, "trend": "ma", "q_params": {"(0, 0.09035194597706042)": 0.9954098702885005, "(0.09035194597706042, 0.09909428279523184)": 0.8031444518552101, "(0.09909428279523184, 0.5234149446831181)": 0.7982760594469336, "(0.5234149446831181, 0.5679771987974963)": 0.7934183982672701, "(0.5679771987974963, 0.583857741362437)": 0.7907052637433762, "(0.583857741362437, 0.5915562934933268)": 0.6072043220248409, "(0.5915562934933268, 0.8671044652851999)": 0.605287199552228, "(0.8671044652851999, 0.8851119525274409)": 0.5889932757857981, "(0.8851119525274409, 0.915230891116079)": 0.011431166912438256, "(0.915230891116079, 1.0)": 0.001064675196829135}, "pct": 0.605287199552228, "best_return": 98.84945302964157}, "ew_ma": {"time_param": 1319, "trend": "ew_ma", "q_params": {"(0, 0.0955034224749488)": 0.9913994234110443, "(0.0955034224749488, 0.11869074630369411)": 0.7395243061077862, "(0.11869074630369411, 0.26113339705151173)": 0.7308684220350783, "(0.26113339705151173, 0.26357379121201)": 0.7120924418836122, "(0.26357379121201, 0.2820362863893812)": 0.5854438095144497, "(0.2820362863893812, 0.6795545364068949)": 0.5851817763402448, "(0.6795545364068949, 0.7095022134479917)": 0.5803954991073011, "(0.7095022134479917, 0.7261820321063942)": 0.3613699780750815, "(0.7261820321063942, 0.9977813516021413)": 0.3590458138301937, "(0.9977813516021413, 1.0)": 0.007128357528624483}, "pct": 0.3590458138301937, "best_return": 72.16495836611972}, "rel_minmax": {"time_param": 85, "trend": "rel_minmax", "q_params": {"(0, 0.18961334744694647)": 0.9999514100504295, "(0.18961334744694647, 0.3370841207234591)": 0.9983136953720337, "(0.3370841207234591, 0.35180883077137887)": 0.6129040854146326, "(0.35180883077137887, 0.41018406046285827)": 0.4543746407436436, "(0.41018406046285827, 0.6017779599677067)": 0.44978305310301303, "(0.6017779599677067, 0.8053208414582104)": 0.44905037820621285, "(0.8053208414582104, 0.8241782748677347)": 0.36380066164108504, "(0.8241782748677347, 0.8611313836039665)": 0.361578049413941, "(0.8611313836039665, 0.9726740205969148)": 0.3192998046423008, "(0.9726740205969148, 1.0)": 0.0003191431682686256}, "pct": 0.3192998046423008, "best_return": 127.20840448431102}, "ew_rel_minmax": {"time_param": 563, "trend": "ew_rel_minmax", "q_params": {"(0, 0.03795502801319638)": 0.9895250747316354, "(0.03795502801319638, 0.03872695438182789)": 0.8441126242021637, "(0.03872695438182789, 0.0426417851449386)": 0.8373298931625976, "(0.0426417851449386, 0.36749043070933174)": 0.8323428565039377, "(0.36749043070933174, 0.5155307096374131)": 0.8312210239203947, "(0.5155307096374131, 0.8580873289727775)": 0.8307585146434576, "(0.8580873289727775, 0.9686753047332534)": 0.52755537709993, "(0.9686753047332534, 0.9747317159932938)": 0.3152620035253554, "(0.9747317159932938, 0.9749488658172473)": 0.03275041499425774, "(0.9749488658172473, 1.0)": 0.005854174580029325}, "pct": 0.005854174580029325, "best_return": 79.52892010253406}}