{"ma": {"time_param": 1114, "trend": "ma", "q_params": {"(0, 0.04492987851713669)": 0.9852278718385545, "(0.04492987851713669, 0.05118545629427862)": 0.8767548822885389, "(0.05118545629427862, 0.19286947395952458)": 0.7443273788448264, "(0.19286947395952458, 0.2805517238293906)": 0.7363776617018366, "(0.2805517238293906, 0.5634077101409579)": 0.7095476100598912, "(0.5634077101409579, 0.7746639788914277)": 0.500588509147994, "(0.7746639788914277, 0.8187451293120072)": 0.44533721670806137, "(0.8187451293120072, 0.9284014245959636)": 0.34979441454999227, "(0.9284014245959636, 0.9753095916334712)": 0.18645093008821245, "(0.9753095916334712, 1)": 0.05282840848090291}, "pct": 0.500588509147994, "best_return": 33.35285026471486}, "ew_ma": {"time_param": 1523, "trend": "ew_ma", "q_params": {"(0, 0.10528173629417414)": 0.9873364539709495, "(0.10528173629417414, 0.21136966554543768)": 0.987007086920979, "(0.21136966554543768, 0.3090651560249126)": 0.9698936832330144, "(0.3090651560249126, 0.3631028364454777)": 0.961563001053902, "(0.3631028364454777, 0.7121133414660322)": 0.9553841140594155, "(0.7121133414660322, 0.7443502390262753)": 0.9250592481988932, "(0.7443502390262753, 0.8265261412815817)": 0.9064734164478327, "(0.8265261412815817, 0.9398359463553665)": 0.5763490657429885, "(0.9398359463553665, 0.9841490012518322)": 0.31931497529740427, "(0.9841490012518322, 1)": 0.24565543081098024}, "pct": 0.31931497529740427, "best_return": 29.808565444852057}, "rel_minmax": {"time_param": 83, "trend": "rel_minmax", "q_params": {"(0, 0.2664677240236303)": 0.9048864776781933, "(0.2664677240236303, 0.2826477702740386)": 0.9024738038434532, "(0.2826477702740386, 0.35668497608732486)": 0.817504085438321, "(0.35668497608732486, 0.36933568145845463)": 0.7439678463074707, "(0.36933568145845463, 0.43084665785851306)": 0.6961384087488057, "(0.43084665785851306, 0.557908841943757)": 0.43101158979987714, "(0.557908841943757, 0.8465097805117012)": 0.37040887604864225, "(0.8465097805117012, 0.9554181732389309)": 0.3015480590046603, "(0.9554181732389309, 0.9633930216742347)": 0.2705507798280753, "(0.9633930216742347, 1)": 0.2606709890474193}, "pct": 0.2705507798280753, "best_return": 35.533811124071846}, "ew_rel_minmax": {"time_param": 1313, "trend": "ew_rel_minmax", "q_params": {"(0, 0.02285411578273903)": 0.974244329664406, "(0.02285411578273903, 0.12836147468758147)": 0.8294847612442072, "(0.12836147468758147, 0.26394863630465026)": 0.7131026104103811, "(0.26394863630465026, 0.3296588577372021)": 0.5875038371699401, "(0.3296588577372021, 0.44115336852776654)": 0.56838005436838, "(0.44115336852776654, 0.5913621910797131)": 0.4011323540545444, "(0.5913621910797131, 0.6469115544119611)": 0.3729807754509693, "(0.6469115544119611, 0.7129462443395277)": 0.3210479454959251, "(0.7129462443395277, 0.9874614945906824)": 0.29763852467505486, "(0.9874614945906824, 1.0)": 0.2904331217999179}, "pct": 0.2904331217999179, "best_return": 32.045498166708725}}