{"ma": {"time_param": 1032, "trend": "ma", "q_params": {"(0, 0.09035194597706042)": 0.9954098702885005, "(0.09035194597706042, 0.09909428279523184)": 0.8197636719677869, "(0.09909428279523184, 0.5050525766383268)": 0.8160121301987983, "(0.5050525766383268, 0.5361587304975055)": 0.8151056368285675, "(0.5361587304975055, 0.5766945741448332)": 0.7907052637433762, "(0.5766945741448332, 0.5915562934933268)": 0.6072043220248409, "(0.5915562934933268, 0.8671044652851999)": 0.605287199552228, "(0.8671044652851999, 0.8851119525274409)": 0.5889932757857981, "(0.8851119525274409, 0.915230891116079)": 0.012029417494039862, "(0.915230891116079, 1.0)": 0.002321566029705933}, "pct": 0.605287199552228, "best_return": 93.00276486205058}, "ew_ma": {"time_param": 1319, "trend": "ew_ma", "q_params": {"(0, 0.09405603951438987)": 0.9913994234110443, "(0.09405603951438987, 0.11869074630369411)": 0.7395243061077862, "(0.11869074630369411, 0.26113339705151173)": 0.7308684220350783, "(0.26113339705151173, 0.2638348419183984)": 0.7020746060779476, "(0.2638348419183984, 0.2820362863893812)": 0.5854438095144497, "(0.2820362863893812, 0.6996211711908795)": 0.5851817763402448, "(0.6996211711908795, 0.7015427701634951)": 0.5803954991073011, "(0.7015427701634951, 0.7261820321063942)": 0.3613699780750815, "(0.7261820321063942, 0.9977813516021413)": 0.3590458138301937, "(0.9977813516021413, 1.0)": 0.008249990001912733}, "pct": 0.3590458138301937, "best_return": 71.11206110987372}, "rel_minmax": {"time_param": 85, "trend": "rel_minmax", "q_params": {"(0, 0.20951913874625475)": 0.9986747005003261, "(0.20951913874625475, 0.3370841207234591)": 0.9983136953720337, "(0.3370841207234591, 0.3422310947692436)": 0.6170635974435517, "(0.3422310947692436, 0.3788608640987734)": 0.4543746407436436, "(0.3788608640987734, 0.6017779599677067)": 0.44978305310301303, "(0.6017779599677067, 0.8053208414582104)": 0.44905037820621285, "(0.8053208414582104, 0.8274489524275664)": 0.36380066164108504, "(0.8274489524275664, 0.8774267301747911)": 0.361578049413941, "(0.8774267301747911, 0.9685806942935156)": 0.3192998046423008, "(0.9685806942935156, 1.0)": 0.02390799667119603}, "pct": 0.3192998046423008, "best_return": 115.64034447910325}, "ew_rel_minmax": {"time_param": 563, "trend": "ew_rel_minmax", "q_params": {"(0, 0.03795502801319638)": 0.9895250747316354, "(0.03795502801319638, 0.03872695438182789)": 0.848274188120173, "(0.03872695438182789, 0.0426417851449386)": 0.8373298931625976, "(0.0426417851449386, 0.3691766585596956)": 0.8323428565039377, "(0.3691766585596956, 0.5155307096374131)": 0.8322005067771435, "(0.5155307096374131, 0.8580873289727775)": 0.8307585146434576, "(0.8580873289727775, 0.9698148663227025)": 0.518030293951673, "(0.9698148663227025, 0.9747317159932938)": 0.3152620035253554, "(0.9747317159932938, 0.978946921357948)": 0.03275041499425774, "(0.978946921357948, 1.0)": 0.005854174580029325}, "pct": 0.005854174580029325, "best_return": 83.60802624264127}}