{"ma": {"time_param": 901, "trend": "ma", "q_params": {"(0, 0.12897911068736534)": 0.9408948924272673, "(0.12897911068736534, 0.1467843461445998)": 0.8607641278314035, "(0.1467843461445998, 0.16016316041407697)": 0.8603074189925216, "(0.16016316041407697, 0.24374506487345804)": 0.814271807331906, "(0.24374506487345804, 0.3074225755711678)": 0.7788964146133213, "(0.3074225755711678, 0.43862243914016513)": 0.7727223988587827, "(0.43862243914016513, 0.530335038931881)": 0.6930694712174138, "(0.530335038931881, 0.8103605085460458)": 0.6696197182831668, "(0.8103605085460458, 0.9229268897534223)": 0.38447102630025987, "(0.9229268897534223, 1)": 0.19578921118762635}, "pct": 0.6696197182831668, "best_return": 37.312161336910755}, "ew_ma": {"time_param": 1319, "trend": "ew_ma", "q_params": {"(0.0, 0.0955034224749488)": 0.9913994234110443, "(0.0955034224749488, 0.11869074630369411)": 0.7395243061077862, "(0.11869074630369411, 0.26113339705151173)": 0.7308684220350783, "(0.26113339705151173, 0.26357379121201)": 0.7120924418836122, "(0.26357379121201, 0.2820362863893812)": 0.5854438095144497, "(0.2820362863893812, 0.6795545364068949)": 0.5851817763402448, "(0.6795545364068949, 0.7095022134479917)": 0.5803954991073011, "(0.7095022134479917, 0.7261820321063942)": 0.3613699780750815, "(0.7261820321063942, 0.9977813516021413)": 0.3590458138301937, "(0.9977813516021413, 1.0)": 0.007128357528624483}, "pct": 1, "best_return": 29.22051219451122}, "rel_minmax": {"time_param": 85, "trend": "rel_minmax", "q_params": {"(0, 0.18961334744694647)": 0.9999524381307183, "(0.18961334744694647, 0.3651153106810504)": 0.9983136953720337, "(0.3651153106810504, 0.37214556217500644)": 0.6017018088034664, "(0.37214556217500644, 0.40417942649525024)": 0.5069446460022424, "(0.40417942649525024, 0.5982926590052612)": 0.44413089942394185, "(0.5982926590052612, 0.802942669837071)": 0.43398834007126924, "(0.802942669837071, 0.8140857490582131)": 0.3855746300826836, "(0.8140857490582131, 0.8264826539945586)": 0.33279167792720693, "(0.8264826539945586, 0.9603656427131103)": 0.3192998046423008, "(0.9603656427131103, 1.0)": 0.0003191431682686256}, "pct": 0.3192998046423008, "best_return": 70.80445491145771}, "ew_rel_minmax": {"time_param": 563, "trend": "ew_rel_minmax", "q_params": {"(0, 0.03795502801319638)": 0.9895250747316354, "(0.03795502801319638, 0.21933110503300282)": 0.9618770619867957, "(0.21933110503300282, 0.3109129684425927)": 0.8580890820999126, "(0.3109129684425927, 0.3668226299109929)": 0.8359167386743227, "(0.3668226299109929, 0.4954718477042036)": 0.8322885461685846, "(0.4954718477042036, 0.8426680936297718)": 0.8224527993265884, "(0.8426680936297718, 0.9686753047332534)": 0.5707632565744484, "(0.9686753047332534, 0.9697355067556738)": 0.3253564802078917, "(0.9697355067556738, 0.981692365146323)": 0.21817591454446325, "(0.981692365146323, 1.0)": 0.015262604551494724}, "pct": 0.015262604551494724, "best_return": 56.36600844399593}}