{"ma": {"time_param": 901, "trend": "ma", "q_params": {"(0, 0.10686424965166025)": 0.9213285650908141, "(0.10686424965166025, 0.15196766890997715)": 0.8699177893535011, "(0.15196766890997715, 0.1936546817761288)": 0.8581667030278314, "(0.1936546817761288, 0.23921520154499934)": 0.8197131031178658, "(0.23921520154499934, 0.3287794416327037)": 0.8011503200560541, "(0.3287794416327037, 0.38286161673956237)": 0.7727223988587827, "(0.38286161673956237, 0.5568263026211407)": 0.6930694712174138, "(0.5568263026211407, 0.8734645206815655)": 0.6696197182831668, "(0.8734645206815655, 0.9364345806968334)": 0.39586037993729506, "(0.9364345806968334, 1.0)": 0.26595361764160796}, "pct": 0.6930694712174138, "best_return": 24.215405373815578}, "ew_ma": {"time_param": 1319, "trend": "ew_ma", "q_params": {"(0.0, 0.0955034224749488)": 0.9913994234110443, "(0.0955034224749488, 0.11869074630369411)": 0.7395243061077862, "(0.11869074630369411, 0.26113339705151173)": 0.7308684220350783, "(0.26113339705151173, 0.26357379121201)": 0.7120924418836122, "(0.26357379121201, 0.2820362863893812)": 0.5854438095144497, "(0.2820362863893812, 0.6795545364068949)": 0.5851817763402448, "(0.6795545364068949, 0.7095022134479917)": 0.5803954991073011, "(0.7095022134479917, 0.7261820321063942)": 0.3613699780750815, "(0.7261820321063942, 0.9977813516021413)": 0.3590458138301937, "(0.9977813516021413, 1.0)": 0.007128357528624483}, "pct": 1, "best_return": 23.908861377571203}, "rel_minmax": {"time_param": 295, "trend": "rel_minmax", "q_params": {"(0, 0.08458429520586064)": 0.970513776536031, "(0.08458429520586064, 0.123742897503359)": 0.7296675135755191, "(0.123742897503359, 0.24429667645636002)": 0.6742128320224671, "(0.24429667645636002, 0.3787121849580031)": 0.6377231445586726, "(0.3787121849580031, 0.4007178499397671)": 0.4842519563082734, "(0.4007178499397671, 0.4236625058648828)": 0.47387509370194036, "(0.4236625058648828, 0.4341001177392583)": 0.4294490702681979, "(0.4341001177392583, 0.6418408827653354)": 0.39720944378319023, "(0.6418408827653354, 0.9564534350011891)": 0.286943456187279, "(0.9564534350011891, 1.0)": 0.016274510706987474}, "pct": 0.016274510706987474, "best_return": 29.85323299450341}, "ew_rel_minmax": {"time_param": 546, "trend": "ew_rel_minmax", "q_params": {"(0, 0.055184222321132625)": 0.9846995735962253, "(0.055184222321132625, 0.1257951147729726)": 0.9469556668043174, "(0.1257951147729726, 0.17643748460841946)": 0.8256114154324585, "(0.17643748460841946, 0.28118470070596313)": 0.7599160053651239, "(0.28118470070596313, 0.44947848284138436)": 0.7198936863830552, "(0.44947848284138436, 0.7014909862248657)": 0.6707293522626787, "(0.7014909862248657, 0.7200832543403911)": 0.6579388618116877, "(0.7200832543403911, 0.8301591498576055)": 0.4567444584073691, "(0.8301591498576055, 0.9691816712788986)": 0.414051099921837, "(0.9691816712788986, 1)": 0.38894539905327996}, "pct": 0.38894539905327996, "best_return": 30.71035872187595}}