{"ma": {"time_param": 1003, "trend": "ma", "q_params": {"(0, 0.1540508528121296)": 0.9126448171900563, "(0.1540508528121296, 0.2932113681665227)": 0.9111868798425866, "(0.2932113681665227, 0.3202446265296135)": 0.8446936336635891, "(0.3202446265296135, 0.46811540457943474)": 0.7888260957109655, "(0.46811540457943474, 0.5328704757402716)": 0.7686811000294441, "(0.5328704757402716, 0.7376868296202307)": 0.5393172299410135, "(0.7376868296202307, 0.7716585643485125)": 0.2914295325574894, "(0.7716585643485125, 0.8376680466462829)": 0.16768711522280272, "(0.8376680466462829, 0.9042953581940146)": 0.08143619127552704, "(0.9042953581940146, 1)": 0.06538725686140323}, "pct": 0.5393172299410135, "best_return": 34.543843316889905}, "ew_ma": {"time_param": 369, "trend": "ew_ma", "q_params": {"(0, 0.14312841070797766)": 0.9308586579181705, "(0.14312841070797766, 0.416253583702797)": 0.9044687534943047, "(0.416253583702797, 0.5732843105477045)": 0.8099086729434667, "(0.5732843105477045, 0.5923301035975859)": 0.7869420291898394, "(0.5923301035975859, 0.6535471331515725)": 0.7391798066620334, "(0.6535471331515725, 0.8143975572119836)": 0.6771604608369021, "(0.8143975572119836, 0.8851127423018041)": 0.4744944700624709, "(0.8851127423018041, 0.9139555805326312)": 0.324991877426121, "(0.9139555805326312, 0.9920190095939806)": 0.199193627478906, "(0.9920190095939806, 1.0)": 0.1661739508178156}, "pct": 0.6771604608369021, "best_return": 39.9314539513294}, "rel_minmax": {"time_param": 695, "trend": "rel_minmax", "q_params": {"(0, 0.046974433339039945)": 0.9401822188835253, "(0.046974433339039945, 0.06095338923132376)": 0.8802492890876917, "(0.06095338923132376, 0.11537500492387831)": 0.8601022543016059, "(0.11537500492387831, 0.17976422594399583)": 0.6600153828283297, "(0.17976422594399583, 0.7114401244788715)": 0.6150788243122385, "(0.7114401244788715, 0.7323200712730048)": 0.5701440249056726, "(0.7323200712730048, 0.9574661841999402)": 0.5099324200743897, "(0.9574661841999402, 0.9888458841109357)": 0.38442778730607297, "(0.9888458841109357, 0.9970730868321477)": 0.37587358070299226, "(0.9970730868321477, 1)": 0.28067644903721134}, "pct": 0.38442778730607297, "best_return": 50.519244461050214}, "ew_rel_minmax": {"time_param": 1313, "trend": "ew_rel_minmax", "q_params": {"(0, 0.021144833049903923)": 0.9827170529084334, "(0.021144833049903923, 0.12836147468758147)": 0.8340974829137712, "(0.12836147468758147, 0.27939246472206786)": 0.7131026104103811, "(0.27939246472206786, 0.3476566209063747)": 0.5795334346954392, "(0.3476566209063747, 0.4616938550426603)": 0.5771762313484492, "(0.4616938550426603, 0.6108862478080518)": 0.4212541233994333, "(0.6108862478080518, 0.6262350910997144)": 0.37248032899616124, "(0.6262350910997144, 0.7380482748304718)": 0.3210479454959251, "(0.7380482748304718, 0.9828843553130007)": 0.29763852467505486, "(0.9828843553130007, 1.0)": 0.28473816018227466}, "pct": 0.28473816018227466, "best_return": 37.0906194502188}}