{"ma": {"time_param": 1484, "trend": "ma", "q_params": {"(0, 0.17104517494872723)": 0.97577435180056, "(0.17104517494872723, 0.2943920785076226)": 0.8600118314564538, "(0.2943920785076226, 0.3331632587549703)": 0.7264271660147633, "(0.3331632587549703, 0.5996583918688522)": 0.4218163076655306, "(0.5996583918688522, 0.6227942702977829)": 0.3848738508866875, "(0.6227942702977829, 0.7495514018972068)": 0.2885370404389547, "(0.7495514018972068, 0.8825413407382475)": 0.08291488748613296, "(0.8825413407382475, 0.9004922325321895)": 0.030637967088523323, "(0.9004922325321895, 0.9876121457047851)": 0.009332437583169484, "(0.9876121457047851, 1)": 0.002918157355474038}, "pct": 0.08291488748613296, "best_return": 24.66835504845728}, "ew_ma": {"time_param": 1435, "trend": "ew_ma", "q_params": {"(0, 0.0226000417913808)": 0.8949002198717524, "(0.0226000417913808, 0.029739075930559786)": 0.8848538415145242, "(0.029739075930559786, 0.163434540824561)": 0.838224981071165, "(0.163434540824561, 0.24307924447085105)": 0.8365776650546268, "(0.24307924447085105, 0.4137395342035626)": 0.816156673539573, "(0.4137395342035626, 0.6610974706835758)": 0.7899881832965316, "(0.6610974706835758, 0.7758674709905468)": 0.5023027680556496, "(0.7758674709905468, 0.8146243952527704)": 0.48140670557170806, "(0.8146243952527704, 0.9908172907198001)": 0.18931915008790823, "(0.9908172907198001, 1)": 0.007734048418893802}, "pct": 0.18931915008790823, "best_return": 29.842268237279775}, "rel_minmax": {"time_param": 236, "trend": "rel_minmax", "q_params": {"(0, 0.17322501311161548)": 0.9773884947768134, "(0.17322501311161548, 0.3156915379072541)": 0.8162906143535194, "(0.3156915379072541, 0.5673481692244718)": 0.8086529236489938, "(0.5673481692244718, 0.7085734015427075)": 0.7397373364546468, "(0.7085734015427075, 0.8187579220450536)": 0.6743765971601847, "(0.8187579220450536, 0.8640070643915011)": 0.671102647115168, "(0.8640070643915011, 0.9048322717026637)": 0.6577298320944296, "(0.9048322717026637, 0.9094062048330236)": 0.47431585091868655, "(0.9094062048330236, 0.9891122595016605)": 0.4223443128985853, "(0.9891122595016605, 1)": 0.28706093076989264}, "pct": 0.4223443128985853, "best_return": 35.23994564334117}, "ew_rel_minmax": {"time_param": 1313, "trend": "ew_rel_minmax", "q_params": {"(0, 0.01100999510776277)": 0.974244329664406, "(0.01100999510776277, 0.13733498988465032)": 0.8275690483940702, "(0.13733498988465032, 0.2586502929434667)": 0.7271885681653845, "(0.2586502929434667, 0.3296588577372021)": 0.5759884723540468, "(0.3296588577372021, 0.44916525351097314)": 0.5638892813464776, "(0.44916525351097314, 0.5835170834168809)": 0.4011323540545444, "(0.5835170834168809, 0.6469115544119611)": 0.3729807754509693, "(0.6469115544119611, 0.7088169330533135)": 0.3210479454959251, "(0.7088169330533135, 0.9874614945906824)": 0.3006903482386917, "(0.9874614945906824, 1)": 0.2904331217999179}, "pct": 0.2904331217999179, "best_return": 32.62304304676279}}