{"ma": {"time_param": 1289, "trend": "ma", "q_params": {"(0, 0.13692042701276597)": 0.8963389023113213, "(0.13692042701276597, 0.21053042290320678)": 0.8767308837751272, "(0.21053042290320678, 0.29465935342887706)": 0.8759975567100575, "(0.29465935342887706, 0.792345237684528)": 0.8569287696454494, "(0.792345237684528, 0.8176584693428564)": 0.7728178364885627, "(0.8176584693428564, 0.8392701873869225)": 0.7426323559918244, "(0.8392701873869225, 0.850164556727197)": 0.6833602481536951, "(0.850164556727197, 0.8680294667434109)": 0.6241617182567115, "(0.8680294667434109, 0.9437244930507883)": 0.4900152562485154, "(0.9437244930507883, 1)": 0.15646245636470935}, "pct": 0.6833602481536951, "best_return": 56.32027249176397}, "ew_ma": {"time_param": 220, "trend": "ew_ma", "q_params": {"(0, 0.05027618014744553)": 0.9832236609584811, "(0.05027618014744553, 0.2068361062686338)": 0.8910652161558106, "(0.2068361062686338, 0.46817136528874664)": 0.885249052937289, "(0.46817136528874664, 0.6114439584431424)": 0.8397337908524046, "(0.6114439584431424, 0.7490900116023735)": 0.8261376517501987, "(0.7490900116023735, 0.784963019943044)": 0.7084463418926646, "(0.784963019943044, 0.8003264442056655)": 0.6368332159458723, "(0.8003264442056655, 0.8542118697526168)": 0.5596489428995334, "(0.8542118697526168, 0.9873123471250882)": 0.557684326551271, "(0.9873123471250882, 1.0)": 0.42803882216658706}, "pct": 0.8261376517501987, "best_return": 54.63759312697776}, "rel_minmax": {"time_param": 267, "trend": "rel_minmax", "q_params": {"(0, 0.04528915215890461)": 0.8963395904564426, "(0.04528915215890461, 0.09908981534142625)": 0.8246696650683083, "(0.09908981534142625, 0.22304058915816502)": 0.8093766147496875, "(0.22304058915816502, 0.35712735568104215)": 0.767991481712075, "(0.35712735568104215, 0.5519614206456964)": 0.6341063975051552, "(0.5519614206456964, 0.7009041128104411)": 0.5877773700348657, "(0.7009041128104411, 0.7745397970814951)": 0.4729827878663241, "(0.7745397970814951, 0.7943048826963072)": 0.464182765142496, "(0.7943048826963072, 0.9984926225939273)": 0.3151483653383551, "(0.9984926225939273, 1)": 0.20740654289650798}, "pct": 0.3151483653383551, "best_return": 57.68703117617812}, "ew_rel_minmax": {"time_param": 83, "trend": "ew_rel_minmax", "q_params": {"(0, 0.07046922909547282)": 0.9406807218025093, "(0.07046922909547282, 0.22905442996414538)": 0.893023113800621, "(0.22905442996414538, 0.42972376690784525)": 0.7928051985155279, "(0.42972376690784525, 0.44748553358624965)": 0.7329020031166881, "(0.44748553358624965, 0.5879013876026588)": 0.6974318545342866, "(0.5879013876026588, 0.7478323502825234)": 0.6795647668042619, "(0.7478323502825234, 0.8300617406652747)": 0.6554885672123331, "(0.8300617406652747, 0.9321023404893558)": 0.6397850991431766, "(0.9321023404893558, 0.9645742514119755)": 0.4655286332264535, "(0.9645742514119755, 1.0)": 0.16325939299710035}, "pct": 0.4655286332264535, "best_return": 78.02762118694613}}