{"ma": {"time_param": 901, "trend": "ma", "q_params": {"(0, 0.13531691852463634)": 0.9435981665356892, "(0.13531691852463634, 0.15196766890997715)": 0.8699177893535011, "(0.15196766890997715, 0.19519510073627871)": 0.8315644098230345, "(0.19519510073627871, 0.23921520154499934)": 0.8197131031178658, "(0.23921520154499934, 0.3287794416327037)": 0.8011503200560541, "(0.3287794416327037, 0.3834728267170911)": 0.7727223988587827, "(0.3834728267170911, 0.5568263026211407)": 0.6930694712174138, "(0.5568263026211407, 0.8382162030201643)": 0.6696197182831668, "(0.8382162030201643, 0.934956570027142)": 0.38447102630025987, "(0.934956570027142, 1.0)": 0.23175071024169056}, "pct": 0.6696197182831668, "best_return": 31.162220644932333}, "ew_ma": {"time_param": 1319, "trend": "ew_ma", "q_params": {"(0.0, 0.0955034224749488)": 0.9913994234110443, "(0.0955034224749488, 0.11869074630369411)": 0.7395243061077862, "(0.11869074630369411, 0.26113339705151173)": 0.7308684220350783, "(0.26113339705151173, 0.26357379121201)": 0.7120924418836122, "(0.26357379121201, 0.2820362863893812)": 0.5854438095144497, "(0.2820362863893812, 0.6795545364068949)": 0.5851817763402448, "(0.6795545364068949, 0.7095022134479917)": 0.5803954991073011, "(0.7095022134479917, 0.7261820321063942)": 0.3613699780750815, "(0.7261820321063942, 0.9977813516021413)": 0.3590458138301937, "(0.9977813516021413, 1.0)": 0.007128357528624483}, "pct": 1, "best_return": 26.02051250751202}, "rel_minmax": {"time_param": 295, "trend": "rel_minmax", "q_params": {"(0, 0.08458429520586064)": 0.970513776536031, "(0.08458429520586064, 0.123742897503359)": 0.7240869655930164, "(0.123742897503359, 0.23130324380853717)": 0.6919220676858119, "(0.23130324380853717, 0.37948849648077987)": 0.6334324582770273, "(0.37948849648077987, 0.4030766374988657)": 0.48924002813207346, "(0.4030766374988657, 0.43190018570669886)": 0.47387509370194036, "(0.43190018570669886, 0.4341001177392583)": 0.4331628108699447, "(0.4341001177392583, 0.6195590774606524)": 0.39720944378319023, "(0.6195590774606524, 0.9703330947822607)": 0.29537657532397926, "(0.9703330947822607, 1)": 0.0029545079659405523}, "pct": 0.0029545079659405523, "best_return": 33.412724064911686}, "ew_rel_minmax": {"time_param": 19, "trend": "ew_rel_minmax", "q_params": {"(0, 0.016108482591798645)": 0.8950792139449235, "(0.016108482591798645, 0.2732840151155339)": 0.8610306975960054, "(0.2732840151155339, 0.4156792359500338)": 0.8255106465957844, "(0.4156792359500338, 0.6124486239061725)": 0.7979646775751501, "(0.6124486239061725, 0.645098316328713)": 0.7541249165236109, "(0.645098316328713, 0.8067355852042015)": 0.641808474096415, "(0.8067355852042015, 0.8103860773572681)": 0.5976687150229875, "(0.8103860773572681, 0.938718678637479)": 0.4101640620455742, "(0.938718678637479, 0.9841011174319836)": 0.29304578147654076, "(0.9841011174319836, 1)": 0.20313777897977026}, "pct": 0.29304578147654076, "best_return": 35.2628862783565}}