{"ma": {"time_param": 1114, "trend": "ma", "q_params": {"(0, 0.04492987851713669)": 0.9866764889806275, "(0.04492987851713669, 0.07335391004610944)": 0.8767548822885389, "(0.07335391004610944, 0.19286947395952458)": 0.736603646154458, "(0.19286947395952458, 0.2751887575016852)": 0.7363776617018366, "(0.2751887575016852, 0.5677782697410171)": 0.7078779398478119, "(0.5677782697410171, 0.762449830998585)": 0.500588509147994, "(0.762449830998585, 0.8187451293120072)": 0.44533721670806137, "(0.8187451293120072, 0.9051235792676178)": 0.34979441454999227, "(0.9051235792676178, 0.9753095916334712)": 0.18489407214594736, "(0.9753095916334712, 1.0)": 0.043515300283908626}, "pct": 0.44533721670806137, "best_return": 38.27380691593517}, "ew_ma": {"time_param": 1523, "trend": "ew_ma", "q_params": {"(0, 0.10528173629417414)": 0.9940098903206432, "(0.10528173629417414, 0.21136966554543768)": 0.987007086920979, "(0.21136966554543768, 0.30505348542395305)": 0.9678823644729446, "(0.30505348542395305, 0.3818583707050189)": 0.961563001053902, "(0.3818583707050189, 0.7121133414660322)": 0.9553841140594155, "(0.7121133414660322, 0.7324365159492107)": 0.9250592481988932, "(0.7324365159492107, 0.8265261412815817)": 0.9064734164478327, "(0.8265261412815817, 0.9398359463553665)": 0.5763490657429885, "(0.9398359463553665, 0.9881708966938434)": 0.3267370009808486, "(0.9881708966938434, 1.0)": 0.21753108748983646}, "pct": 0.3267370009808486, "best_return": 33.67661048922655}, "rel_minmax": {"time_param": 499, "trend": "rel_minmax", "q_params": {"(0, 0.12663682023820932)": 0.9290521463369079, "(0.12663682023820932, 0.17553832030065947)": 0.9134029006584287, "(0.17553832030065947, 0.2418756445261685)": 0.7899235820868645, "(0.2418756445261685, 0.32005705879790747)": 0.6781663958900346, "(0.32005705879790747, 0.6383604494884321)": 0.6451502699158997, "(0.6383604494884321, 0.6386578172412162)": 0.6362742973727845, "(0.6386578172412162, 0.7366036700281018)": 0.6296915334937722, "(0.7366036700281018, 0.8098831071062496)": 0.6296369191806342, "(0.8098831071062496, 0.9574370398095938)": 0.4596934690527623, "(0.9574370398095938, 1)": 0.09504213502506342}, "pct": 0.09504213502506342, "best_return": 44.93896031426504}, "ew_rel_minmax": {"time_param": 1313, "trend": "ew_rel_minmax", "q_params": {"(0, 0.011997971739557738)": 0.974244329664406, "(0.011997971739557738, 0.12836147468758147)": 0.8294847612442072, "(0.12836147468758147, 0.27939246472206786)": 0.7131026104103811, "(0.27939246472206786, 0.33966605717687115)": 0.5875038371699401, "(0.33966605717687115, 0.44115336852776654)": 0.5684172393303136, "(0.44115336852776654, 0.5989086371982988)": 0.4011323540545444, "(0.5989086371982988, 0.6225553010799928)": 0.3729807754509693, "(0.6225553010799928, 0.7380482748304718)": 0.3210479454959251, "(0.7380482748304718, 0.9874614945906824)": 0.29763852467505486, "(0.9874614945906824, 1.0)": 0.2962560107657672}, "pct": 0.2962560107657672, "best_return": 29.37842646729363}}