{"ma": {"time_param": 470, "trend": "ma", "q_params": {"(0, 0.03286739108373071)": 0.9407725058641062, "(0.03286739108373071, 0.05111577507335033)": 0.8704592308713613, "(0.05111577507335033, 0.4482907356442959)": 0.7959421943252584, "(0.4482907356442959, 0.4804249644356221)": 0.7315421882295643, "(0.4804249644356221, 0.5465570598313294)": 0.607518294020384, "(0.5465570598313294, 0.5688393548568885)": 0.6056319257395485, "(0.5688393548568885, 0.6549670151490323)": 0.5743578404158837, "(0.6549670151490323, 0.841939145647537)": 0.5107770080947356, "(0.841939145647537, 0.9863813901583649)": 0.4554619385886781, "(0.9863813901583649, 1)": 0.09963985302470224}, "pct": 0.7959421943252584, "best_return": 57.77650901109449}, "ew_ma": {"time_param": 113, "trend": "ew_ma", "q_params": {"(0.0, 0.07101183727741811)": 0.9944788900402288, "(0.07101183727741811, 0.22402421502138714)": 0.9438399950746437, "(0.22402421502138714, 0.22950457537527938)": 0.6797806775369436, "(0.22950457537527938, 0.2735510175207325)": 0.6652321194696524, "(0.2735510175207325, 0.5205491009858795)": 0.648491974031075, "(0.5205491009858795, 0.8251807280060804)": 0.6379451309293289, "(0.8251807280060804, 0.930661153114077)": 0.6186735675544952, "(0.930661153114077, 0.9847822123005694)": 0.4391654457332752, "(0.9847822123005694, 0.9863234635028217)": 0.10701837454546469, "(0.9863234635028217, 1.0)": 0.006941494858494046}, "pct": 0.648491974031075, "best_return": 51.59599903484499}, "rel_minmax": {"time_param": 46, "trend": "rel_minmax", "q_params": {"(0, 0.11697394534823348)": 0.9963108250689848, "(0.11697394534823348, 0.38779071254518543)": 0.9917830308495855, "(0.38779071254518543, 0.4116897546751562)": 0.9097144627228021, "(0.4116897546751562, 0.4974474770288465)": 0.7375828282029778, "(0.4974474770288465, 0.5367109159801235)": 0.6677496507319264, "(0.5367109159801235, 0.5499970579717608)": 0.5927988128605545, "(0.5499970579717608, 0.7543601036083141)": 0.5757513274228478, "(0.7543601036083141, 0.8495649863463698)": 0.3972847472504173, "(0.8495649863463698, 0.9721584799923424)": 0.23640355597917523, "(0.9721584799923424, 1)": 0.0826103323241963}, "pct": 0.0826103323241963, "best_return": 64.60068091607454}, "ew_rel_minmax": {"time_param": 116, "trend": "ew_rel_minmax", "q_params": {"(0.0, 0.029304747834723477)": 0.9020002196447275, "(0.029304747834723477, 0.1375919047461857)": 0.802177867141848, "(0.1375919047461857, 0.3078007401833668)": 0.8005110477051857, "(0.3078007401833668, 0.3163592150771293)": 0.7909822336318181, "(0.3163592150771293, 0.32486532159973336)": 0.7771308740317469, "(0.32486532159973336, 0.6395977178480756)": 0.7120806223337907, "(0.6395977178480756, 0.6702053460801063)": 0.6846419978057658, "(0.6702053460801063, 0.749157844817094)": 0.4662954240890298, "(0.749157844817094, 0.9549029841231453)": 0.45449254258113025, "(0.9549029841231453, 1.0)": 0.15325485435348363}, "pct": 0.15325485435348363, "best_return": 44.60747497016043}}