{"ma": {"time_param": 901, "trend": "ma", "q_params": {"(0, 0.13088914651688938)": 0.9572654291350983, "(0.13088914651688938, 0.15991402846698785)": 0.8699177893535011, "(0.15991402846698785, 0.17237340857915168)": 0.8463370475136203, "(0.17237340857915168, 0.23921520154499934)": 0.799285605772558, "(0.23921520154499934, 0.3226826499703775)": 0.7788964146133213, "(0.3226826499703775, 0.43862243914016513)": 0.7727223988587827, "(0.43862243914016513, 0.5545233286619355)": 0.6930694712174138, "(0.5545233286619355, 0.8198107660449898)": 0.6696197182831668, "(0.8198107660449898, 0.9311555666684003)": 0.38447102630025987, "(0.9311555666684003, 1.0)": 0.2298286160431623}, "pct": 0.6696197182831668, "best_return": 38.179495390919115}, "ew_ma": {"time_param": 1319, "trend": "ew_ma", "q_params": {"(0.0, 0.0955034224749488)": 0.9913994234110443, "(0.0955034224749488, 0.11869074630369411)": 0.7395243061077862, "(0.11869074630369411, 0.26113339705151173)": 0.7308684220350783, "(0.26113339705151173, 0.26357379121201)": 0.7120924418836122, "(0.26357379121201, 0.2820362863893812)": 0.5854438095144497, "(0.2820362863893812, 0.6795545364068949)": 0.5851817763402448, "(0.6795545364068949, 0.7095022134479917)": 0.5803954991073011, "(0.7095022134479917, 0.7261820321063942)": 0.3613699780750815, "(0.7261820321063942, 0.9977813516021413)": 0.3590458138301937, "(0.9977813516021413, 1.0)": 0.007128357528624483}, "pct": 1, "best_return": 29.543290150316455}, "rel_minmax": {"time_param": 85, "trend": "rel_minmax", "q_params": {"(0, 0.16448917738943125)": 0.9995040744355641, "(0.16448917738943125, 0.3651153106810504)": 0.9698880896510655, "(0.3651153106810504, 0.37214556217500644)": 0.6017018088034664, "(0.37214556217500644, 0.40417942649525024)": 0.5069446460022424, "(0.40417942649525024, 0.5865299547092626)": 0.44413089942394185, "(0.5865299547092626, 0.8073239276894896)": 0.44149570517778935, "(0.8073239276894896, 0.830365973959565)": 0.3855746300826836, "(0.830365973959565, 0.9061039077486179)": 0.3145110575636236, "(0.9061039077486179, 0.9487390239499296)": 0.2815379722435798, "(0.9487390239499296, 1.0)": 0.11807840852826615}, "pct": 0.11807840852826615, "best_return": 47.76824855341681}, "ew_rel_minmax": {"time_param": 143, "trend": "ew_rel_minmax", "q_params": {"(0, 0.10263716473789153)": 0.9612348952081117, "(0.10263716473789153, 0.1483900861680473)": 0.9541923385693806, "(0.1483900861680473, 0.2163086801735507)": 0.930925332692876, "(0.2163086801735507, 0.24872539694996273)": 0.8213461818723153, "(0.24872539694996273, 0.2635999860161202)": 0.7823489407123126, "(0.2635999860161202, 0.6526664281808946)": 0.72160531113323, "(0.6526664281808946, 0.8209919726124857)": 0.5293280776121668, "(0.8209919726124857, 0.9113566349987002)": 0.5175011546762405, "(0.9113566349987002, 0.9223138789343417)": 0.4536224933818005, "(0.9223138789343417, 1)": 0.08342451844431487}, "pct": 0.08342451844431487, "best_return": 32.71077434006428}}