{"ma": {"time_param": 579, "trend": "ma", "q_params": {"(0, 0.1781915443544252)": 0.9974407579358908, "(0.1781915443544252, 0.3980591754406541)": 0.9201676648650551, "(0.3980591754406541, 0.5205231272326502)": 0.8624664956168289, "(0.5205231272326502, 0.8433655959783742)": 0.8089808616843062, "(0.8433655959783742, 0.8825872083222961)": 0.6796918419596351, "(0.8825872083222961, 0.9236091427522647)": 0.4283743157983373, "(0.9236091427522647, 0.946242581696328)": 0.26786156916687187, "(0.946242581696328, 0.9523216581610368)": 0.24519768731148306, "(0.9523216581610368, 0.9818777910245243)": 0.22358194727648417, "(0.9818777910245243, 1)": 0.03672877881663539}, "pct": 0.8624664956168289, "best_return": 37.77373494663995}, "ew_ma": {"time_param": 369, "trend": "ew_ma", "q_params": {"(0, 0.14312841070797766)": 0.9308586579181705, "(0.14312841070797766, 0.416253583702797)": 0.9044687534943047, "(0.416253583702797, 0.5782993019486343)": 0.8006498273500439, "(0.5782993019486343, 0.5923301035975859)": 0.7884548506176321, "(0.5923301035975859, 0.6535471331515725)": 0.7391798066620334, "(0.6535471331515725, 0.8143975572119836)": 0.6771604608369021, "(0.8143975572119836, 0.8851127423018041)": 0.4798901370989671, "(0.8851127423018041, 0.9139555805326312)": 0.3261177079005123, "(0.9139555805326312, 0.9920190095939806)": 0.18673634410287787, "(0.9920190095939806, 1.0)": 0.1661739508178156}, "pct": 0.6771604608369021, "best_return": 39.18770544259213}, "rel_minmax": {"time_param": 439, "trend": "rel_minmax", "q_params": {"(0, 0.2125645515754017)": 0.9531213988839309, "(0.2125645515754017, 0.24829929072984203)": 0.8973797849150468, "(0.24829929072984203, 0.35870067277314593)": 0.7936108347114379, "(0.35870067277314593, 0.36355191305823165)": 0.6434790225940129, "(0.36355191305823165, 0.4318415680980548)": 0.5643156790937127, "(0.4318415680980548, 0.6292954745222339)": 0.5483529347686539, "(0.6292954745222339, 0.7883988717117305)": 0.4938402390020903, "(0.7883988717117305, 0.797501439711174)": 0.36769949422457365, "(0.797501439711174, 0.9639933050951729)": 0.3520005521391577, "(0.9639933050951729, 1.0)": 0.217015796811504}, "pct": 0.217015796811504, "best_return": 46.42881864536963}, "ew_rel_minmax": {"time_param": 1313, "trend": "ew_rel_minmax", "q_params": {"(0, 0.011997971739557738)": 0.9691779123054585, "(0.011997971739557738, 0.12836147468758147)": 0.8340974829137712, "(0.12836147468758147, 0.27939246472206786)": 0.7131026104103811, "(0.27939246472206786, 0.3476566209063747)": 0.5875038371699401, "(0.3476566209063747, 0.44115336852776654)": 0.5684172393303136, "(0.44115336852776654, 0.6108862478080518)": 0.4050737651577265, "(0.6108862478080518, 0.6262350910997144)": 0.3729807754509693, "(0.6262350910997144, 0.7380482748304718)": 0.3210479454959251, "(0.7380482748304718, 0.9828843553130007)": 0.29763852467505486, "(0.9828843553130007, 1.0)": 0.28473816018227466}, "pct": 0.28473816018227466, "best_return": 33.61797548351728}}