{"ma": {"time_param": 162, "trend": "ma", "q_params": {"(0, 0.014567574731922113)": 0.9765042447700684, "(0.014567574731922113, 0.12271719133095516)": 0.9536398606671859, "(0.12271719133095516, 0.43655045090870737)": 0.8268814892384057, "(0.43655045090870737, 0.47303919219790264)": 0.7607306948926247, "(0.47303919219790264, 0.8386876557026666)": 0.6847502512856238, "(0.8386876557026666, 0.8700479796061625)": 0.5173529847456563, "(0.8700479796061625, 0.9003773251572755)": 0.40985571340433624, "(0.9003773251572755, 0.920806248310156)": 0.37046315303581595, "(0.920806248310156, 0.9626855240209404)": 0.21862109034098365, "(0.9626855240209404, 1.0)": 0.02790882346375094}, "pct": 0.9536398606671859, "best_return": 2.4963038414549112}, "ew_ma": {"trend": "ew_ma", "time_param": 95, "q_params": {"(0, 0.039616404333458706)": 0.9996877775872687, "(0.039616404333458706, 0.20429395284122495)": 0.9978162796555022, "(0.20429395284122495, 0.27538977204456283)": 0.9975690403885703, "(0.27538977204456283, 0.29617775003807806)": 0.9953602050421193, "(0.29617775003807806, 0.3173227961850733)": 0.9935450043974693, "(0.3173227961850733, 0.6415550795971688)": 0.9858935009977023, "(0.6415550795971688, 0.7893109449594853)": 0.9837224544165347, "(0.7893109449594853, 0.8507953896022497)": 0.9104426245732911, "(0.8507953896022497, 0.9352698419893496)": 0.8545046616521541, "(0.9352698419893496, 1.0)": 0.14842000453981186}, "pct": 0.9858935009977023, "best_return": 2.646316973352292}, "rel_minmax": {"time_param": 48, "trend": "rel_minmax", "q_params": {"(0, 0.29935918877216516)": 0.9494056350389802, "(0.29935918877216516, 0.33018597933691546)": 0.6276080922021264, "(0.33018597933691546, 0.3486331423578762)": 0.6101023185115603, "(0.3486331423578762, 0.4918719303213742)": 0.5388490282676233, "(0.4918719303213742, 0.7143953177033564)": 0.4347840138003817, "(0.7143953177033564, 0.8767053379513733)": 0.43416152126452157, "(0.8767053379513733, 0.8890291041376388)": 0.41672278221621895, "(0.8890291041376388, 0.8990166362117987)": 0.19073220058873697, "(0.8990166362117987, 0.9296273465839205)": 0.10611274941225823, "(0.9296273465839205, 1)": 0.053179563832944754}, "pct": 0.41672278221621895, "best_return": 4.655675193887175}, "ew_rel_minmax": {"time_param": 81, "trend": "ew_rel_minmax", "q_params": {"(0, 0.12692907491851335)": 0.875436436122745, "(0.12692907491851335, 0.28274724212365177)": 0.7968445945292659, "(0.28274724212365177, 0.37089851937134644)": 0.7459567729220694, "(0.37089851937134644, 0.5144412668776491)": 0.5932952952434647, "(0.5144412668776491, 0.5167916439099572)": 0.4112515457193179, "(0.5167916439099572, 0.6901522858663526)": 0.402937162555465, "(0.6901522858663526, 0.7333335156417058)": 0.3695842651840545, "(0.7333335156417058, 0.8340718888631312)": 0.30052252233365306, "(0.8340718888631312, 0.8444591425491164)": 0.1375131862993958, "(0.8444591425491164, 1)": 0.0007182063716986153}, "pct": 0.0007182063716986153, "best_return": 3.165624609004653}}