{"ma": {"trend": "ma", "time_param": 95, "q_params": {"(0, 0.2654582108962689)": 0.9999868670684136, "(0.2654582108962689, 0.28836284687591357)": 0.9969635586832479, "(0.28836284687591357, 0.34144255250880523)": 0.9957072973433422, "(0.34144255250880523, 0.369307310276932)": 0.9885884899807679, "(0.369307310276932, 0.3754432244929768)": 0.9846237724671127, "(0.3754432244929768, 0.4338345746354192)": 0.9564691327231066, "(0.4338345746354192, 0.9336725836180514)": 0.829288925492768, "(0.9336725836180514, 0.9594885129336912)": 0.8237153908351572, "(0.9594885129336912, 0.9761064988815958)": 0.2562272496470353, "(0.9761064988815958, 1.0)": 0.002673234746556903}, "pct": 0.9999868670684136, "best_return": 2.9952608582614593}, "ew_ma": {"trend": "ew_ma", "time_param": 95, "q_params": {"(0, 0.029020987951891685)": 0.9993920020413952, "(0.029020987951891685, 0.17704587589080611)": 0.9978135044344368, "(0.17704587589080611, 0.25131042493780215)": 0.9966549393201517, "(0.25131042493780215, 0.2839143276037196)": 0.9957399280464511, "(0.2839143276037196, 0.3241012151388771)": 0.9955038605865768, "(0.3241012151388771, 0.5813557920704142)": 0.9940816273852907, "(0.5813557920704142, 0.7988985463922892)": 0.9920334641124146, "(0.7988985463922892, 0.8895177169953874)": 0.9092752016606234, "(0.8895177169953874, 0.9343226454579783)": 0.840056069321025, "(0.9343226454579783, 1.0)": 0.15959005665950532}, "pct": 0.9940816273852907, "best_return": 2.8473368487806257}, "rel_minmax": {"time_param": 145, "trend": "rel_minmax", "q_params": {"(0, 0.06253558861114974)": 0.97242454010029, "(0.06253558861114974, 0.20716534208117865)": 0.9214104768532633, "(0.20716534208117865, 0.21860332934998394)": 0.8706746662250023, "(0.21860332934998394, 0.4819357625521535)": 0.8097236136359663, "(0.4819357625521535, 0.6301586416571425)": 0.7376574857090752, "(0.6301586416571425, 0.7019112854830276)": 0.6403043496079035, "(0.7019112854830276, 0.8244405645934931)": 0.4659400379140535, "(0.8244405645934931, 0.9026532515335407)": 0.45437778531780965, "(0.9026532515335407, 0.9405818757728496)": 0.3785741189836008, "(0.9405818757728496, 1)": 0.3107566794890587}, "pct": 0.3107566794890587, "best_return": 2.5815150254563255}, "ew_rel_minmax": {"time_param": 45, "trend": "ew_rel_minmax", "q_params": {"(0, 0.1567241402712419)": 0.9814396988167498, "(0.1567241402712419, 0.30281789040613594)": 0.9217306940316037, "(0.30281789040613594, 0.36977424383811797)": 0.8080489775241364, "(0.36977424383811797, 0.4298818314809719)": 0.7575368881542635, "(0.4298818314809719, 0.4637411573415011)": 0.39632067206360133, "(0.4637411573415011, 0.7131972749514598)": 0.39226598460849876, "(0.7131972749514598, 0.8619344233902864)": 0.3506068153145885, "(0.8619344233902864, 0.9207940847129595)": 0.3130604824285145, "(0.9207940847129595, 0.9638813001838263)": 0.2996767932298672, "(0.9638813001838263, 1)": 0.14260948166002896}, "pct": 0.14260948166002896, "best_return": 3.669142526177665}}