{"ma": {"time_param": 162, "trend": "ma", "q_params": {"(0, 0.019721380827818047)": 0.9765042447700684, "(0.019721380827818047, 0.12271719133095516)": 0.9536398606671859, "(0.12271719133095516, 0.441280446504865)": 0.8268814892384057, "(0.441280446504865, 0.4663982300116808)": 0.7607306948926247, "(0.4663982300116808, 0.8386876557026666)": 0.7112052441994995, "(0.8386876557026666, 0.8700479796061625)": 0.5173529847456563, "(0.8700479796061625, 0.9003773251572755)": 0.41312995699723615, "(0.9003773251572755, 0.920806248310156)": 0.37046315303581595, "(0.920806248310156, 0.9626855240209404)": 0.21862109034098365, "(0.9626855240209404, 1)": 0.028578772411810838}, "pct": 0.8268814892384057, "best_return": 2.488373565635507}, "ew_ma": {"trend": "ew_ma", "time_param": 95, "q_params": {"(0, 0.03730103141834393)": 0.9993920020413952, "(0.03730103141834393, 0.20429395284122495)": 0.9978162796555022, "(0.20429395284122495, 0.27538977204456283)": 0.9975690403885703, "(0.27538977204456283, 0.29617775003807806)": 0.9953602050421193, "(0.29617775003807806, 0.3173227961850733)": 0.9935450043974693, "(0.3173227961850733, 0.6415550795971688)": 0.9858935009977023, "(0.6415550795971688, 0.7893109449594853)": 0.9837224544165347, "(0.7893109449594853, 0.8507953896022497)": 0.9104426245732911, "(0.8507953896022497, 0.9352698419893496)": 0.8545046616521541, "(0.9352698419893496, 1.0)": 0.14963169838462495}, "pct": 0.9858935009977023, "best_return": 2.675499560643375}, "rel_minmax": {"time_param": 72, "trend": "rel_minmax", "q_params": {"(0, 0.09930761315502401)": 0.9992665738515191, "(0.09930761315502401, 0.190361153732565)": 0.9431460774805533, "(0.190361153732565, 0.3592880762581021)": 0.8744692296507065, "(0.3592880762581021, 0.42891931363612434)": 0.7101641005036743, "(0.42891931363612434, 0.5457868984634029)": 0.6150659890853402, "(0.5457868984634029, 0.718017314322494)": 0.46233286519707345, "(0.718017314322494, 0.83312585907935)": 0.45907548526091246, "(0.83312585907935, 0.8393605380508933)": 0.2165642128471602, "(0.8393605380508933, 0.8539804107363279)": 0.19378565482552537, "(0.8539804107363279, 1)": 0.08170319688556038}, "pct": 0.08170319688556038, "best_return": 4.231089236459665}, "ew_rel_minmax": {"time_param": 14, "trend": "ew_rel_minmax", "q_params": {"(0, 0.2762564041264469)": 0.9984167574091443, "(0.2762564041264469, 0.34459756837120814)": 0.9924057065051591, "(0.34459756837120814, 0.3756118523379936)": 0.858772559737231, "(0.3756118523379936, 0.3896580420903203)": 0.7391164534164177, "(0.3896580420903203, 0.5384085021372556)": 0.6363337654180793, "(0.5384085021372556, 0.6516355346797797)": 0.4191209839835346, "(0.6516355346797797, 0.6856916827082989)": 0.2428196635408905, "(0.6856916827082989, 0.8391491002171884)": 0.23490486719601122, "(0.8391491002171884, 0.9329223478247144)": 0.11366628670822831, "(0.9329223478247144, 1.0)": 0.013598694857606328}, "pct": 0.23490486719601122, "best_return": 4.990556819488997}}