{"ma": {"trend": "ma", "time_param": 95, "q_params": {"(0, 0.2876867755396614)": 1.0, "(0.2876867755396614, 0.3098731066424626)": 0.9999853667056696, "(0.3098731066424626, 0.33836102326853024)": 0.999929500979951, "(0.33836102326853024, 0.3663363219291495)": 0.9935107811096368, "(0.3663363219291495, 0.40671940697211073)": 0.9932423189866589, "(0.40671940697211073, 0.45955824123539063)": 0.992848953168989, "(0.45955824123539063, 0.9333515843986958)": 0.992785183964269, "(0.9333515843986958, 0.9558005481854072)": 0.9927708831767509, "(0.9558005481854072, 0.9646082177328572)": 0.06838275810436208, "(0.9646082177328572, 1.0)": 0.04306874439239126}, "pct": 0.9932423189866589, "best_return": 3.3410554100714656}, "ew_ma": {"trend": "ew_ma", "time_param": 95, "q_params": {"(0, 0.026097753928079212)": 1.0, "(0.026097753928079212, 0.17130906696036347)": 0.9984183107880642, "(0.17130906696036347, 0.2815382283875488)": 0.9983619805827751, "(0.2815382283875488, 0.3171325750564185)": 0.9971980514607656, "(0.3171325750564185, 0.330702732076493)": 0.9945761371623797, "(0.330702732076493, 0.5272594796678568)": 0.9940816273852907, "(0.5272594796678568, 0.7741977070981562)": 0.9940625254824728, "(0.7741977070981562, 0.7777088959310784)": 0.9835385946825695, "(0.7777088959310784, 0.9310687588881431)": 0.9822047773960373, "(0.9310687588881431, 1.0)": 0.1680554732747397}, "pct": 0.9940625254824728, "best_return": 3.3577845818693026}, "rel_minmax": {"time_param": 37, "trend": "rel_minmax", "q_params": {"(0, 0.3324365236114736)": 0.9971495241069023, "(0.3324365236114736, 0.3360746038569835)": 0.9057910477043392, "(0.3360746038569835, 0.340231469961692)": 0.5812771694370297, "(0.340231469961692, 0.5227374941780759)": 0.5121213703112504, "(0.5227374941780759, 0.6092055134577884)": 0.5117863842513678, "(0.6092055134577884, 0.6222666027711191)": 0.309651722356099, "(0.6222666027711191, 0.8452195702753856)": 0.30498417404913714, "(0.8452195702753856, 0.8747350986383041)": 0.28810139560653364, "(0.8747350986383041, 0.9246865517774989)": 0.2756974805288309, "(0.9246865517774989, 1.0)": 0.004610049806853712}, "pct": 0.30498417404913714, "best_return": 6.06738662660231}, "ew_rel_minmax": {"time_param": 57, "trend": "ew_rel_minmax", "q_params": {"(0, 0.30549706739826965)": 0.9989134879085815, "(0.30549706739826965, 0.30745781653436405)": 0.9807997746707866, "(0.30745781653436405, 0.32411551669048694)": 0.826184294739579, "(0.32411551669048694, 0.32994249681523097)": 0.4872190997584527, "(0.32994249681523097, 0.4407056389124592)": 0.21941227614616507, "(0.4407056389124592, 0.49548529167399324)": 0.1688292884678501, "(0.49548529167399324, 0.5030758381598592)": 0.16873260327784173, "(0.5030758381598592, 0.5187125663924105)": 0.1598949085360078, "(0.5187125663924105, 0.8760484583252257)": 0.1596994320353023, "(0.8760484583252257, 1.0)": 0.003205714207704438}, "pct": 0.003205714207704438, "best_return": 6.441537776415749}}