{"ma": {"trend": "ma", "time_param": 95, "q_params": {"(0, 0.26097576405978246)": 0.9996593581809465, "(0.26097576405978246, 0.28836284687591357)": 0.9987235360555675, "(0.28836284687591357, 0.34144255250880523)": 0.9918652844286521, "(0.34144255250880523, 0.37390134119478363)": 0.983005792862447, "(0.37390134119478363, 0.40492473822992747)": 0.9719904211646008, "(0.40492473822992747, 0.42423017128995255)": 0.9302339830155075, "(0.42423017128995255, 0.9295673254545992)": 0.829288925492768, "(0.9295673254545992, 0.9489399938857779)": 0.33397461914532406, "(0.9489399938857779, 0.9835439281481463)": 0.23680046200285362, "(0.9835439281481463, 1.0)": 0.002673234746556903}, "pct": 0.9996593581809465, "best_return": 2.4149071177030907}, "ew_ma": {"trend": "ew_ma", "time_param": 95, "q_params": {"(0, 0.029020987951891685)": 0.9993920020413952, "(0.029020987951891685, 0.16273170440222295)": 0.9974051957490121, "(0.16273170440222295, 0.27538977204456283)": 0.9966549393201517, "(0.27538977204456283, 0.2968645015252385)": 0.9961874644431726, "(0.2968645015252385, 0.3107497246899154)": 0.9950960821108163, "(0.3107497246899154, 0.6411748798725818)": 0.9903800348816504, "(0.6411748798725818, 0.7879299715501875)": 0.9837224544165347, "(0.7879299715501875, 0.8560928350459428)": 0.9150603977342365, "(0.8560928350459428, 0.9343226454579783)": 0.840056069321025, "(0.9343226454579783, 1.0)": 0.13651416725763194}, "pct": 0.9903800348816504, "best_return": 2.612023554561591}, "rel_minmax": {"time_param": 204, "trend": "rel_minmax", "q_params": {"(0, 0.092893340055198)": 0.993423126094423, "(0.092893340055198, 0.5503407249455431)": 0.7707546502943373, "(0.5503407249455431, 0.6340678497542931)": 0.5730498674186333, "(0.6340678497542931, 0.6504843543453106)": 0.5321211307590938, "(0.6504843543453106, 0.70977943410108)": 0.511761980641566, "(0.70977943410108, 0.7836281853465847)": 0.4911601287603262, "(0.7836281853465847, 0.7994457181331494)": 0.44350294734075113, "(0.7994457181331494, 0.901454312185989)": 0.33612541839986176, "(0.901454312185989, 0.9604825319907206)": 0.09862510518800895, "(0.9604825319907206, 1)": 0.08254625568303764}, "pct": 0.08254625568303764, "best_return": 3.024240927091433}, "ew_rel_minmax": {"time_param": 175, "trend": "ew_rel_minmax", "q_params": {"(0, 0.04750115945775759)": 0.9919478311331976, "(0.04750115945775759, 0.15651839927278585)": 0.9204724286473694, "(0.15651839927278585, 0.26633278872866895)": 0.8090352773704985, "(0.26633278872866895, 0.3224159758931931)": 0.7331452998482352, "(0.3224159758931931, 0.329838479276655)": 0.7230804879090544, "(0.329838479276655, 0.6247622428065329)": 0.39372516723680107, "(0.6247622428065329, 0.842186433692522)": 0.3530011269431611, "(0.842186433692522, 0.9567938375494623)": 0.19783664151248603, "(0.9567938375494623, 0.9795785200620967)": 0.1180914949751698, "(0.9795785200620967, 1)": 0.02365174215068333}, "pct": 0.02365174215068333, "best_return": 3.3229726219410716}}