{"ma": {"trend": "ma", "time_param": 95, "q_params": {"(0, 0.24926394617557868)": 0.9999958421924179, "(0.24926394617557868, 0.2895879897889906)": 0.9999853667056696, "(0.2895879897889906, 0.33836102326853024)": 0.9969634516805349, "(0.33836102326853024, 0.3579870762663919)": 0.9960820578328806, "(0.3579870762663919, 0.37163359249362554)": 0.9921748319952975, "(0.37163359249362554, 0.4551726303563354)": 0.9699015804938639, "(0.4551726303563354, 0.9336725836180514)": 0.8328413944014207, "(0.9336725836180514, 0.950558263834752)": 0.8027571335421585, "(0.950558263834752, 0.9511028477175273)": 0.05185776133612104, "(0.9511028477175273, 1.0)": 0.05078421436951127}, "pct": 0.8328413944014207, "best_return": 3.233454137432847}, "ew_ma": {"trend": "ew_ma", "time_param": 95, "q_params": {"(0, 0.03555333592279816)": 1.0, "(0.03555333592279816, 0.16934523467821525)": 0.9984183107880642, "(0.16934523467821525, 0.2688715664180956)": 0.9969729426076336, "(0.2688715664180956, 0.29861513649063814)": 0.9958600750341571, "(0.29861513649063814, 0.3250161870327416)": 0.9955038605865768, "(0.3250161870327416, 0.5438484804278433)": 0.9940816273852907, "(0.5438484804278433, 0.8184800379986293)": 0.9920334641124146, "(0.8184800379986293, 0.8823878537853375)": 0.9907835837058434, "(0.8823878537853375, 0.9394936683242001)": 0.8493983858015757, "(0.9394936683242001, 1.0)": 0.1682043525126146}, "pct": 0.9920334641124146, "best_return": 2.9920532754447215}, "rel_minmax": {"time_param": 65, "trend": "rel_minmax", "q_params": {"(0, 0.1888795199926542)": 0.9250749537280416, "(0.1888795199926542, 0.2571788966573964)": 0.8604655408802528, "(0.2571788966573964, 0.34210503932116443)": 0.7883078300481209, "(0.34210503932116443, 0.3620853611974383)": 0.7358183595452586, "(0.3620853611974383, 0.3897666822550643)": 0.5521319685619538, "(0.3897666822550643, 0.431006181378768)": 0.5065454173752667, "(0.431006181378768, 0.7666885614222921)": 0.303743069194843, "(0.7666885614222921, 0.7733588376273194)": 0.17839166189831412, "(0.7733588376273194, 0.8689771609929311)": 0.10074485932002968, "(0.8689771609929311, 1)": 0.025679497514537464}, "pct": 0.025679497514537464, "best_return": 3.9681672411963764}, "ew_rel_minmax": {"time_param": 10, "trend": "ew_rel_minmax", "q_params": {"(0, 0.03411707619686298)": 0.9741004023436088, "(0.03411707619686298, 0.08123528997683761)": 0.9543880079925496, "(0.08123528997683761, 0.5369594361236533)": 0.8025007428657766, "(0.5369594361236533, 0.6177217307828103)": 0.7803993848478973, "(0.6177217307828103, 0.694854932861431)": 0.7194334516840358, "(0.694854932861431, 0.7347877229321231)": 0.7125835765523403, "(0.7347877229321231, 0.765118657089739)": 0.5940285122033221, "(0.765118657089739, 0.8343848268059881)": 0.5795067314244353, "(0.8343848268059881, 0.9347220719210025)": 0.5316963657141598, "(0.9347220719210025, 1)": 0.23382181327621487}, "pct": 0.5795067314244353, "best_return": 3.2607136065490563}}