{"ma": {"trend": "ma", "time_param": 95, "q_params": {"(0, 0.2876867755396614)": 1.0, "(0.2876867755396614, 0.31241520004224654)": 0.9999708079510229, "(0.31241520004224654, 0.33836102326853024)": 0.999929500979951, "(0.33836102326853024, 0.3663363219291495)": 0.9981612513536874, "(0.3663363219291495, 0.43211845985128594)": 0.9932423189866589, "(0.43211845985128594, 0.45955824123539063)": 0.9931912488023623, "(0.45955824123539063, 0.9333515843986958)": 0.992785183964269, "(0.9333515843986958, 0.9558005481854072)": 0.9927708831767509, "(0.9558005481854072, 0.9919101638501372)": 0.13336727112692892, "(0.9919101638501372, 1.0)": 0.02206042080104619}, "pct": 0.9932423189866589, "best_return": 3.2582079748372674}, "ew_ma": {"trend": "ew_ma", "time_param": 95, "q_params": {"(0, 0.026097753928079212)": 1.0, "(0.026097753928079212, 0.17245326452126242)": 0.9984183107880642, "(0.17245326452126242, 0.2854445319680427)": 0.9983619805827751, "(0.2854445319680427, 0.3171325750564185)": 0.9950706951035173, "(0.3171325750564185, 0.330702732076493)": 0.9942312442771299, "(0.330702732076493, 0.5399640059233038)": 0.9940816273852907, "(0.5399640059233038, 0.7741977070981562)": 0.9940625254824728, "(0.7741977070981562, 0.7783749130068025)": 0.9835385946825695, "(0.7783749130068025, 0.9359493591928228)": 0.9822047773960373, "(0.9359493591928228, 1.0)": 0.2368231493183052}, "pct": 0.9940625254824728, "best_return": 3.2654949130302957}, "rel_minmax": {"time_param": 37, "trend": "rel_minmax", "q_params": {"(0, 0.3324365236114736)": 0.9884450627879287, "(0.3324365236114736, 0.332465079266852)": 0.9057910477043392, "(0.332465079266852, 0.340231469961692)": 0.6517609412245361, "(0.340231469961692, 0.5227374941780759)": 0.5121213703112504, "(0.5227374941780759, 0.6199016251163308)": 0.5117863842513678, "(0.6199016251163308, 0.6272078726699336)": 0.309651722356099, "(0.6272078726699336, 0.8429135448027132)": 0.30498417404913714, "(0.8429135448027132, 0.9136181278250977)": 0.294272698579397, "(0.9136181278250977, 0.9246865517774989)": 0.2756974805288309, "(0.9246865517774989, 1.0)": 0.005865379609507873}, "pct": 0.30498417404913714, "best_return": 5.847677925156448}, "ew_rel_minmax": {"time_param": 57, "trend": "ew_rel_minmax", "q_params": {"(0, 0.30549706739826965)": 0.9989134879085815, "(0.30549706739826965, 0.30745781653436405)": 0.9807997746707866, "(0.30745781653436405, 0.31491284968502486)": 0.8255827725268933, "(0.31491284968502486, 0.4390995833385871)": 0.24268378410997998, "(0.4390995833385871, 0.4407056389124592)": 0.24098500383682206, "(0.4407056389124592, 0.4556901649268842)": 0.1688292884678501, "(0.4556901649268842, 0.512074855626393)": 0.16873260327784173, "(0.512074855626393, 0.5274575323475438)": 0.1598949085360078, "(0.5274575323475438, 0.8736160498036463)": 0.1596994320353023, "(0.8736160498036463, 1.0)": 0.003205714207704438}, "pct": 0.003205714207704438, "best_return": 6.486477972681559}}