{"ma": {"time_param": 173, "trend": "ma", "q_params": {"(0, 0.03566319578362358)": 0.9984870456981639, "(0.03566319578362358, 0.05364818029570023)": 0.8659260169193247, "(0.05364818029570023, 0.06691964072202249)": 0.8291648924857963, "(0.06691964072202249, 0.08023598703737356)": 0.723111562030447, "(0.08023598703737356, 0.36122584242362776)": 0.7086162273607846, "(0.36122584242362776, 0.8708162619990694)": 0.6980559226738872, "(0.8708162619990694, 0.8996377949516402)": 0.5962812457792681, "(0.8996377949516402, 0.9131057256437384)": 0.17033162445045816, "(0.9131057256437384, 0.9647371728589599)": 0.0655810609413719, "(0.9647371728589599, 1.0)": 0.002869117926275623}, "pct": 0.9984870456981639, "best_return": 2.6289368029695117}, "ew_ma": {"trend": "ew_ma", "time_param": 95, "q_params": {"(0, 0.01725301531552693)": 0.9996877775872687, "(0.01725301531552693, 0.21593009333163213)": 0.9975756495329744, "(0.21593009333163213, 0.2494136832329224)": 0.9975743859634113, "(0.2494136832329224, 0.2812852638526585)": 0.9950576909262423, "(0.2812852638526585, 0.3170833094359605)": 0.9652560635625077, "(0.3170833094359605, 0.7870031360354947)": 0.9376330146866193, "(0.7870031360354947, 0.7917226379831643)": 0.937151399152511, "(0.7917226379831643, 0.8869043752458695)": 0.9104426245732911, "(0.8869043752458695, 0.9375588889389523)": 0.8752915545758314, "(0.9375588889389523, 1.0)": 0.046162143013984955}, "pct": 0.9975756495329744, "best_return": 2.131101994421551}, "rel_minmax": {"time_param": 153, "trend": "rel_minmax", "q_params": {"(0, 0.12052915707540746)": 0.8642165032329369, "(0.12052915707540746, 0.32687132265208685)": 0.8077267483232964, "(0.32687132265208685, 0.3586169297948698)": 0.33603310248172347, "(0.3586169297948698, 0.3743135326935846)": 0.3353405684982277, "(0.3743135326935846, 0.38248423775944174)": 0.29021561034074217, "(0.38248423775944174, 0.5501268151218741)": 0.24200966733787113, "(0.5501268151218741, 0.6777388690998081)": 0.20300005199931626, "(0.6777388690998081, 0.7341382134051171)": 0.16005216593437321, "(0.7341382134051171, 0.7665162245007069)": 0.083808152548837, "(0.7665162245007069, 1)": 0.0196005501060158}, "pct": 0.0196005501060158, "best_return": 3.4905988526915417}, "ew_rel_minmax": {"time_param": 47, "trend": "ew_rel_minmax", "q_params": {"(0, 0.35147404674567617)": 0.9785459913796359, "(0.35147404674567617, 0.3736134082708723)": 0.7808399425897585, "(0.3736134082708723, 0.43258088928424976)": 0.6597884782067965, "(0.43258088928424976, 0.49965947701866753)": 0.6127815441697171, "(0.49965947701866753, 0.5438869977511822)": 0.6000647485136595, "(0.5438869977511822, 0.5478892894935076)": 0.5565113830804486, "(0.5478892894935076, 0.8486242987012051)": 0.4336175484855819, "(0.8486242987012051, 0.9140023945974503)": 0.41116513670281774, "(0.9140023945974503, 0.9293829735689904)": 0.20784714478495714, "(0.9293829735689904, 1.0)": 0.06715490607195163}, "pct": 0.4336175484855819, "best_return": 4.446967355495523}}