{"ma": {"time_param": 173, "trend": "ma", "q_params": {"(0, 0.005119138378243071)": 0.9567655484351922, "(0.005119138378243071, 0.05789781815273287)": 0.9515338845967434, "(0.05789781815273287, 0.06691964072202249)": 0.8086224851119606, "(0.06691964072202249, 0.10643033624531527)": 0.7310401443381527, "(0.10643033624531527, 0.3900440037272057)": 0.7086162273607846, "(0.3900440037272057, 0.8686806016815425)": 0.5360535203451922, "(0.8686806016815425, 0.8996377949516402)": 0.5067727973023196, "(0.8996377949516402, 0.9501236325948393)": 0.17130840662750169, "(0.9501236325948393, 0.9804263215354297)": 0.1597429056485683, "(0.9804263215354297, 1.0)": 0.05842939653022927}, "pct": 0.7086162273607846, "best_return": 2.716481761823735}, "ew_ma": {"trend": "ew_ma", "time_param": 95, "q_params": {"(0.0, 0.03587511241868345)": 0.9996877775872687, "(0.03587511241868345, 0.21363266087757612)": 0.9975756495329744, "(0.21363266087757612, 0.26728186899204914)": 0.9975690403885703, "(0.26728186899204914, 0.3160399192714104)": 0.9963227517180482, "(0.3160399192714104, 0.3170833094359605)": 0.9882635577547746, "(0.3170833094359605, 0.5221553042964189)": 0.9663078230437842, "(0.5221553042964189, 0.7917226379831643)": 0.946995564031114, "(0.7917226379831643, 0.8569046212292671)": 0.9104426245732911, "(0.8569046212292671, 0.9375588889389523)": 0.8593146755766388, "(0.9375588889389523, 1.0)": 0.054143927267144884}, "pct": 0.9663078230437842, "best_return": 2.661770279935227}, "rel_minmax": {"time_param": 43, "trend": "rel_minmax", "q_params": {"(0, 0.2674733906474285)": 0.9127789701625351, "(0.2674733906474285, 0.29436536737617147)": 0.9049758535041432, "(0.29436536737617147, 0.33272251552440457)": 0.3885174230093294, "(0.33272251552440457, 0.48091620502792176)": 0.37397591743244146, "(0.48091620502792176, 0.4960287243328806)": 0.3724559349518153, "(0.4960287243328806, 0.7667306003235347)": 0.3131182359093869, "(0.7667306003235347, 0.7929135445707871)": 0.17972019796794791, "(0.7929135445707871, 0.8640649773931953)": 0.14625092122158453, "(0.8640649773931953, 0.9058619745855863)": 0.0764462266335425, "(0.9058619745855863, 1)": 0.0598424546799976}, "pct": 0.17972019796794791, "best_return": 4.582981308969103}, "ew_rel_minmax": {"time_param": 93, "trend": "ew_rel_minmax", "q_params": {"(0, 0.2884580553584183)": 0.9154470868343085, "(0.2884580553584183, 0.30766494868602023)": 0.8032670281947174, "(0.30766494868602023, 0.3290850328423814)": 0.7651995293745023, "(0.3290850328423814, 0.3659741631345075)": 0.5953917111696365, "(0.3659741631345075, 0.6000858723992597)": 0.49141092105832396, "(0.6000858723992597, 0.6629127277330139)": 0.20343022391967608, "(0.6629127277330139, 0.6643933196068115)": 0.17983024082365884, "(0.6643933196068115, 0.8921612283649787)": 0.1307445233128919, "(0.8921612283649787, 0.9779849081075557)": 0.10831128822384614, "(0.9779849081075557, 1)": 0.005658509668294065}, "pct": 0.1307445233128919, "best_return": 3.558978119136459}}