{"ma": {"trend": "ma", "time_param": 95, "q_params": {"(0, 0.25325415661285233)": 0.9999868670684136, "(0.25325415661285233, 0.2895879897889906)": 0.9999853667056696, "(0.2895879897889906, 0.33836102326853024)": 0.9987959682014577, "(0.33836102326853024, 0.3579870762663919)": 0.9862940142176587, "(0.3579870762663919, 0.37163359249362554)": 0.9846237724671127, "(0.37163359249362554, 0.4551726303563354)": 0.9564691327231066, "(0.4551726303563354, 0.9336725836180514)": 0.8328413944014207, "(0.9336725836180514, 0.9594885129336912)": 0.8123194414760974, "(0.9594885129336912, 0.9745285086119637)": 0.26887966048336454, "(0.9745285086119637, 1.0)": 0.05078421436951127}, "pct": 0.9564691327231066, "best_return": 3.1414678776462046}, "ew_ma": {"trend": "ew_ma", "time_param": 95, "q_params": {"(0, 0.03555333592279816)": 0.9988989781960323, "(0.03555333592279816, 0.17704587589080611)": 0.9984183107880642, "(0.17704587589080611, 0.2754342245167576)": 0.9966549393201517, "(0.2754342245167576, 0.3014227030666304)": 0.9962884761113676, "(0.3014227030666304, 0.3250161870327416)": 0.9955038605865768, "(0.3250161870327416, 0.5653841219973912)": 0.9940816273852907, "(0.5653841219973912, 0.8068145076250369)": 0.9920334641124146, "(0.8068145076250369, 0.8895177169953874)": 0.8715763477949762, "(0.8895177169953874, 0.9695403624762129)": 0.8397886132418546, "(0.9695403624762129, 1.0)": 0.17102309828640327}, "pct": 0.9920334641124146, "best_return": 2.921300315741188}, "rel_minmax": {"time_param": 41, "trend": "rel_minmax", "q_params": {"(0, 0.06918126747759527)": 0.9185244319701246, "(0.06918126747759527, 0.10698685591795798)": 0.8999984720960794, "(0.10698685591795798, 0.41372789464362764)": 0.8338826421125599, "(0.41372789464362764, 0.5622685282954538)": 0.6732799105262578, "(0.5622685282954538, 0.6146037760549903)": 0.5958663942652156, "(0.6146037760549903, 0.662325203603087)": 0.5770609096807487, "(0.662325203603087, 0.668711976695181)": 0.509466385572553, "(0.668711976695181, 0.883933673410959)": 0.37667715523825573, "(0.883933673410959, 0.9834131271502672)": 0.18083714437407394, "(0.9834131271502672, 1)": 0.1536617948164739}, "pct": 0.18083714437407394, "best_return": 3.2963581202885326}, "ew_rel_minmax": {"time_param": 158, "trend": "ew_rel_minmax", "q_params": {"(0, 0.12480024371965884)": 0.9801616560684879, "(0.12480024371965884, 0.28241642174548676)": 0.9032569498420103, "(0.28241642174548676, 0.4944783366241361)": 0.8649858590609557, "(0.4944783366241361, 0.6866608905423247)": 0.840900689990118, "(0.6866608905423247, 0.7761102848704778)": 0.7295735123488281, "(0.7761102848704778, 0.7907597959146873)": 0.585692204689886, "(0.7907597959146873, 0.9138841546847667)": 0.5395082988321159, "(0.9138841546847667, 0.9160228107527693)": 0.3343130982762017, "(0.9160228107527693, 0.977069288194203)": 0.24076752912649793, "(0.977069288194203, 1)": 0.07643915454622008}, "pct": 0.07643915454622008, "best_return": 2.9256019655439296}}