{"ma": {"trend": "ma", "time_param": 95, "q_params": {"(0, 0.26097576405978246)": 0.9994067780940189, "(0.26097576405978246, 0.28836284687591357)": 0.9987235360555675, "(0.28836284687591357, 0.34144255250880523)": 0.9957072973433422, "(0.34144255250880523, 0.374646881102217)": 0.9885884899807679, "(0.374646881102217, 0.40492473822992747)": 0.9846237724671127, "(0.40492473822992747, 0.4355389991124874)": 0.9564691327231066, "(0.4355389991124874, 0.9050570277432826)": 0.829288925492768, "(0.9050570277432826, 0.9489399938857779)": 0.823479074875663, "(0.9489399938857779, 0.9811521978692018)": 0.2562272496470353, "(0.9811521978692018, 1.0)": 0.002673234746556903}, "pct": 0.9994067780940189, "best_return": 2.459919601015111}, "ew_ma": {"trend": "ew_ma", "time_param": 95, "q_params": {"(0, 0.029020987951891685)": 0.9993920020413952, "(0.029020987951891685, 0.16163983424315292)": 0.9978135044344368, "(0.16163983424315292, 0.27538977204456283)": 0.9966549393201517, "(0.27538977204456283, 0.29305115373812957)": 0.9957118094558755, "(0.29305115373812957, 0.3107497246899154)": 0.9951532507041416, "(0.3107497246899154, 0.6012364420167001)": 0.9940816273852907, "(0.6012364420167001, 0.7977907381490588)": 0.9837224544165347, "(0.7977907381490588, 0.8560928350459428)": 0.9150603977342365, "(0.8560928350459428, 0.9343226454579783)": 0.840056069321025, "(0.9343226454579783, 1.0)": 0.15959005665950532}, "pct": 0.9978135044344368, "best_return": 2.2955836410313597}, "rel_minmax": {"time_param": 27, "trend": "rel_minmax", "q_params": {"(0, 0.01162583456407107)": 0.9797509718964855, "(0.01162583456407107, 0.15472973131830348)": 0.8634980227699968, "(0.15472973131830348, 0.1969078897576706)": 0.759848555384303, "(0.1969078897576706, 0.3268480553179803)": 0.7323812099431699, "(0.3268480553179803, 0.5024832103838476)": 0.7122257856758991, "(0.5024832103838476, 0.7337849687803979)": 0.44170381051319674, "(0.7337849687803979, 0.8294420551216733)": 0.33628495852785145, "(0.8294420551216733, 0.9015824564825883)": 0.18658569142920567, "(0.9015824564825883, 0.9232570069411813)": 0.11923260886925766, "(0.9232570069411813, 1)": 0.06739317795881439}, "pct": 0.06739317795881439, "best_return": 3.4882381100910664}, "ew_rel_minmax": {"time_param": 61, "trend": "ew_rel_minmax", "q_params": {"(0, 0.10269040097416074)": 0.9728966839165246, "(0.10269040097416074, 0.1991236338856771)": 0.8568915724349221, "(0.1991236338856771, 0.22024359632826662)": 0.8268780791364201, "(0.22024359632826662, 0.3054799066319031)": 0.8113237214694166, "(0.3054799066319031, 0.49508807717064485)": 0.7890921461723632, "(0.49508807717064485, 0.5371378945863033)": 0.6891417176158425, "(0.5371378945863033, 0.5931995761523344)": 0.4809026422582539, "(0.5931995761523344, 0.7451930795723108)": 0.12411710771107176, "(0.7451930795723108, 0.9779527632619553)": 0.11616013703803497, "(0.9779527632619553, 1)": 0.061952226994976906}, "pct": 0.11616013703803497, "best_return": 3.545406754767796}}