{"ma": {"trend": "ma", "time_param": 95, "q_params": {"(0, 0.26097576405978246)": 0.9989668818761798, "(0.26097576405978246, 0.3031268738613873)": 0.9982273111604103, "(0.3031268738613873, 0.3233113714329759)": 0.9951074078595247, "(0.3233113714329759, 0.36189311187709505)": 0.982125494645789, "(0.36189311187709505, 0.40492473822992747)": 0.9719904211646008, "(0.40492473822992747, 0.4242976580194816)": 0.9302339830155075, "(0.4242976580194816, 0.9294867322877245)": 0.829288925492768, "(0.9294867322877245, 0.9493800403457909)": 0.3626877230455876, "(0.9493800403457909, 0.9964257311325727)": 0.23680046200285362, "(0.9964257311325727, 1.0)": 0.2025359398160447}, "pct": 0.9989668818761798, "best_return": 2.4485633065471655}, "ew_ma": {"trend": "ew_ma", "time_param": 95, "q_params": {"(0, 0.03549298401946697)": 0.9993920020413952, "(0.03549298401946697, 0.20429395284122495)": 0.9978162796555022, "(0.20429395284122495, 0.27538977204456283)": 0.9971318433406293, "(0.27538977204456283, 0.29239287602981034)": 0.9961874644431726, "(0.29239287602981034, 0.32763331864508954)": 0.9935450043974693, "(0.32763331864508954, 0.6415550795971688)": 0.9926598109075628, "(0.6415550795971688, 0.8097542096712335)": 0.9837224544165347, "(0.8097542096712335, 0.8518346098942797)": 0.9150603977342365, "(0.8518346098942797, 0.9352698419893496)": 0.840056069321025, "(0.9352698419893496, 1.0)": 0.1400530155363837}, "pct": 0.9926598109075628, "best_return": 2.6205138278327285}, "rel_minmax": {"time_param": 196, "trend": "rel_minmax", "q_params": {"(0, 0.21649917474825014)": 0.9860517609715729, "(0.21649917474825014, 0.31149987585396127)": 0.952301215889362, "(0.31149987585396127, 0.3797856337975408)": 0.93680787694457, "(0.3797856337975408, 0.38572662119080126)": 0.7947698707041639, "(0.38572662119080126, 0.43318623378689847)": 0.6100503109383257, "(0.43318623378689847, 0.6404146333181082)": 0.5766084534535785, "(0.6404146333181082, 0.6643296909434498)": 0.574780955527701, "(0.6643296909434498, 0.829446559689269)": 0.34805492322394216, "(0.829446559689269, 0.9002329479385588)": 0.3198600735149522, "(0.9002329479385588, 1)": 0.1724788759525704}, "pct": 0.1724788759525704, "best_return": 3.1869746258343876}, "ew_rel_minmax": {"time_param": 107, "trend": "ew_rel_minmax", "q_params": {"(0, 0.16999340189927534)": 0.9800809078573431, "(0.16999340189927534, 0.3275291842486658)": 0.6652047706206051, "(0.3275291842486658, 0.5754333616844179)": 0.619593688698436, "(0.5754333616844179, 0.669143864654084)": 0.5483890933113533, "(0.669143864654084, 0.7535260055119375)": 0.4732365887771909, "(0.7535260055119375, 0.8223957346935269)": 0.40027093479406184, "(0.8223957346935269, 0.9046121976653261)": 0.3913251707092992, "(0.9046121976653261, 0.9081475342353909)": 0.345136650530377, "(0.9081475342353909, 0.9631897293556536)": 0.31102356550531673, "(0.9631897293556536, 1)": 0.24842174765213343}, "pct": 0.345136650530377, "best_return": 2.9514786781662727}}