{"ma": {"trend": "ma", "time_param": 95, "q_params": {"(0, 0.26097576405978246)": 0.9989668818761798, "(0.26097576405978246, 0.3031268738613873)": 0.9982273111604103, "(0.3031268738613873, 0.35632401486228854)": 0.9894872339822889, "(0.35632401486228854, 0.37390134119478363)": 0.983005792862447, "(0.37390134119478363, 0.40492473822992747)": 0.9719904211646008, "(0.40492473822992747, 0.42423017128995255)": 0.9302339830155075, "(0.42423017128995255, 0.9294867322877245)": 0.829288925492768, "(0.9294867322877245, 0.9517179495336466)": 0.3626877230455876, "(0.9517179495336466, 0.9971500353884075)": 0.23680046200285362, "(0.9971500353884075, 1.0)": 0.002673234746556903}, "pct": 0.9989668818761798, "best_return": 2.3213511106325817}, "ew_ma": {"trend": "ew_ma", "time_param": 95, "q_params": {"(0, 0.03699120462329576)": 0.9993920020413952, "(0.03699120462329576, 0.19840574978628495)": 0.9978162796555022, "(0.19840574978628495, 0.27538977204456283)": 0.9966549393201517, "(0.27538977204456283, 0.2968645015252385)": 0.9961874644431726, "(0.2968645015252385, 0.32763331864508954)": 0.9950960821108163, "(0.32763331864508954, 0.6485272735869899)": 0.9889511599783051, "(0.6485272735869899, 0.7866827859110052)": 0.9837224544165347, "(0.7866827859110052, 0.8560928350459428)": 0.9150603977342365, "(0.8560928350459428, 0.9413973944134512)": 0.840056069321025, "(0.9413973944134512, 1.0)": 0.1357012824072439}, "pct": 0.9966549393201517, "best_return": 2.3985745282435587}, "rel_minmax": {"time_param": 68, "trend": "rel_minmax", "q_params": {"(0, 0.34346779388339377)": 0.7560389428548523, "(0.34346779388339377, 0.4485056100290681)": 0.731781966384615, "(0.4485056100290681, 0.4584408283456601)": 0.6996231519148709, "(0.4584408283456601, 0.4844295575797915)": 0.693441235671114, "(0.4844295575797915, 0.6566411933159408)": 0.640561966238446, "(0.6566411933159408, 0.6828063957781408)": 0.6275361291461417, "(0.6828063957781408, 0.7840718064370653)": 0.5829718022529858, "(0.7840718064370653, 0.8293537367704747)": 0.38575962694043975, "(0.8293537367704747, 0.8979446328345312)": 0.2946477270951449, "(0.8979446328345312, 1)": 0.05987293055447081}, "pct": 0.05987293055447081, "best_return": 2.861667969074075}, "ew_rel_minmax": {"time_param": 15, "trend": "ew_rel_minmax", "q_params": {"(0, 0.2123864351461423)": 0.9531528097244168, "(0.2123864351461423, 0.3915655827985382)": 0.7541533458318731, "(0.3915655827985382, 0.4405808361069016)": 0.6321246532801331, "(0.4405808361069016, 0.4744029788550008)": 0.5803863875910705, "(0.4744029788550008, 0.5821064951737028)": 0.5777373364036988, "(0.5821064951737028, 0.8381430541674877)": 0.5358461529220027, "(0.8381430541674877, 0.8899192991192026)": 0.5222935412751382, "(0.8899192991192026, 0.9120492837601532)": 0.422174071477572, "(0.9120492837601532, 0.9584955807078662)": 0.1166954964280369, "(0.9584955807078662, 1)": 0.05144329118937655}, "pct": 0.5222935412751382, "best_return": 3.0542829956632436}}