{"ma": {"time_param": 244, "trend": "ma", "q_params": {"(0, 0.13986757211486645)": 0.9679842919247751, "(0.13986757211486645, 0.16787144078834182)": 0.9393226399118836, "(0.16787144078834182, 0.17580671720577085)": 0.8007355889846061, "(0.17580671720577085, 0.2510671203184738)": 0.7733272020194198, "(0.2510671203184738, 0.6584194135538233)": 0.7480787978927097, "(0.6584194135538233, 0.8933232281699824)": 0.6012185584560927, "(0.8933232281699824, 0.9359344334404005)": 0.5869086595742362, "(0.9359344334404005, 0.9793096235801528)": 0.5162687175960832, "(0.9793096235801528, 0.9962356785583605)": 0.32667466223009317, "(0.9962356785583605, 1.0)": 0.23989393135888254}, "pct": 0.6012185584560927, "best_return": 69.7820717733191}, "ew_ma": {"time_param": 588, "trend": "ew_ma", "q_params": {"(0, 0.12220643049047353)": 0.8859391356695036, "(0.12220643049047353, 0.28883165271797717)": 0.8835599686719748, "(0.28883165271797717, 0.29007182186512714)": 0.7617161931163554, "(0.29007182186512714, 0.2925768313504285)": 0.7276592467801323, "(0.2925768313504285, 0.29507918786565857)": 0.5408312611917591, "(0.29507918786565857, 0.32005163454314034)": 0.47005041369574185, "(0.32005163454314034, 0.48009449140035043)": 0.3009662486318768, "(0.48009449140035043, 0.5295050442383628)": 0.25715317482568434, "(0.5295050442383628, 0.5875845837641235)": 0.12385835007798651, "(0.5875845837641235, 1)": 0.12158223451543348}, "pct": 0.12158223451543348, "best_return": 58.615453541992316}, "rel_minmax": {"time_param": 1654, "trend": "rel_minmax", "q_params": {"(0, 0.09490824217027345)": 0.9870168368310971, "(0.09490824217027345, 0.11272571522894892)": 0.926861904806716, "(0.11272571522894892, 0.32266774713534674)": 0.7235468470184317, "(0.32266774713534674, 0.34081516201181905)": 0.6751095178363005, "(0.34081516201181905, 0.4034609590346473)": 0.608157861012137, "(0.4034609590346473, 0.5016677600443317)": 0.5227030339754929, "(0.5016677600443317, 0.6586013873976163)": 0.38715185790390505, "(0.6586013873976163, 0.7881328042018351)": 0.36787114537154614, "(0.7881328042018351, 0.965648860330124)": 0.1504930651212373, "(0.965648860330124, 1.0)": 0.09898341303090306}, "pct": 0.09898341303090306, "best_return": 46.6735736351824}, "ew_rel_minmax": {"time_param": 1268, "trend": "ew_rel_minmax", "q_params": {"(0, 0.06797544193326133)": 0.9717408111282426, "(0.06797544193326133, 0.11173711577906942)": 0.9185479682580242, "(0.11173711577906942, 0.1489931068954934)": 0.9078917147418286, "(0.1489931068954934, 0.19994326384379812)": 0.8475641233779395, "(0.19994326384379812, 0.25456640255353247)": 0.6692950450735408, "(0.25456640255353247, 0.5815302652732565)": 0.6013712065790239, "(0.5815302652732565, 0.9527655928196481)": 0.3704522140301405, "(0.9527655928196481, 0.9681336030913332)": 0.2552608308467909, "(0.9681336030913332, 0.9722667324887448)": 0.22938467580685218, "(0.9722667324887448, 1)": 0.1501527480536181}, "pct": 0.1501527480536181, "best_return": 73.05419559536003}}