{"ma": {"time_param": 295, "trend": "ma", "q_params": {"(0, 0.0011049385099772269)": 0.9927344770977743, "(0.0011049385099772269, 0.3620565386815022)": 0.8076790449372022, "(0.3620565386815022, 0.39250971146981783)": 0.806810956226488, "(0.39250971146981783, 0.6157458267407568)": 0.7992242405273293, "(0.6157458267407568, 0.7048907912116104)": 0.6824440368059265, "(0.7048907912116104, 0.7634427414192502)": 0.6450623396957085, "(0.7634427414192502, 0.7915081294402907)": 0.6038772880218649, "(0.7915081294402907, 0.8057698832988053)": 0.47479518767051343, "(0.8057698832988053, 0.91508312055865)": 0.13478178984727351, "(0.91508312055865, 1)": 0.02785189310293415}, "pct": 0.6824440368059265, "best_return": 62.30676554337796}, "ew_ma": {"time_param": 49, "trend": "ew_ma", "q_params": {"(0, 0.2677645548578521)": 0.9932812014499601, "(0.2677645548578521, 0.279982481691439)": 0.9723088628884817, "(0.279982481691439, 0.2946686184276258)": 0.917703984351469, "(0.2946686184276258, 0.45085904993696524)": 0.8217999689052523, "(0.45085904993696524, 0.48233699020063553)": 0.755072011703053, "(0.48233699020063553, 0.509791136473327)": 0.6767656393878609, "(0.509791136473327, 0.5500832518546871)": 0.33922364694781987, "(0.5500832518546871, 0.59789203216929)": 0.3367078691350465, "(0.59789203216929, 0.9221176347099241)": 0.3242869623790021, "(0.9221176347099241, 1.0)": 0.2750286976724144}, "pct": 0.3367078691350465, "best_return": 53.27073538650666}, "rel_minmax": {"time_param": 972, "trend": "rel_minmax", "q_params": {"(0, 0.029416408603895026)": 0.978183727689937, "(0.029416408603895026, 0.034107773218927995)": 0.9615544529242201, "(0.034107773218927995, 0.16283457731114792)": 0.8799629762480828, "(0.16283457731114792, 0.2607827263364273)": 0.8495601514722764, "(0.2607827263364273, 0.283203475412381)": 0.8468986481905322, "(0.283203475412381, 0.38720273863231713)": 0.736929881594116, "(0.38720273863231713, 0.5607646417069263)": 0.7121485595816595, "(0.5607646417069263, 0.5838306164719312)": 0.621049543824581, "(0.5838306164719312, 0.9871002007253427)": 0.41033854681567244, "(0.9871002007253427, 1)": 0.3420586426783091}, "pct": 0.3420586426783091, "best_return": 73.37755630324259}, "ew_rel_minmax": {"time_param": 1737, "trend": "ew_rel_minmax", "q_params": {"(0, 0.0742928296552155)": 0.8781533552380092, "(0.0742928296552155, 0.14228366620178823)": 0.8146104682666094, "(0.14228366620178823, 0.15210329295196026)": 0.7377696902857508, "(0.15210329295196026, 0.249529325033521)": 0.6129186999052013, "(0.249529325033521, 0.38179691236078284)": 0.5878349539659119, "(0.38179691236078284, 0.5816940313818763)": 0.5331465547657096, "(0.5816940313818763, 0.6965233907195812)": 0.4592253127949659, "(0.6965233907195812, 0.940581826293245)": 0.37154437850819344, "(0.940581826293245, 0.9859620203110486)": 0.2573351082641253, "(0.9859620203110486, 1)": 0.13945191933500928}, "pct": 0.13945191933500928, "best_return": 47.55062596387501}}