{"ma": {"time_param": 285, "trend": "ma", "q_params": {"(0, 0.022497988359960124)": 0.9750713009635734, "(0.022497988359960124, 0.056381859800779824)": 0.9065199196471391, "(0.056381859800779824, 0.20612354254825205)": 0.8429045851552619, "(0.20612354254825205, 0.253381966373011)": 0.6370252819122255, "(0.253381966373011, 0.45455449558657246)": 0.6022766486951862, "(0.45455449558657246, 0.6414958795398517)": 0.529081861126719, "(0.6414958795398517, 0.8249597457593232)": 0.5025269419372965, "(0.8249597457593232, 0.9632025115168581)": 0.3215291490255567, "(0.9632025115168581, 0.976556244576363)": 0.17958346973541645, "(0.976556244576363, 1)": 0.02577487059658179}, "pct": 0.3215291490255567, "best_return": 52.09121885127384}, "ew_ma": {"time_param": 34, "trend": "ew_ma", "q_params": {"(0, 0.1988759489748647)": 0.9879600959756933, "(0.1988759489748647, 0.2670245905697927)": 0.986550680268641, "(0.2670245905697927, 0.2811568716617704)": 0.9506037298894848, "(0.2811568716617704, 0.31275335215065)": 0.9032687816878238, "(0.31275335215065, 0.3539607263962484)": 0.6312230615650987, "(0.3539607263962484, 0.4886446950098533)": 0.5651271506068026, "(0.4886446950098533, 0.5452002097360077)": 0.5376088280869603, "(0.5452002097360077, 0.6493696621407296)": 0.48217099329823543, "(0.6493696621407296, 0.9195422725155408)": 0.30427933907328797, "(0.9195422725155408, 1.0)": 0.037845190072937004}, "pct": 0.037845190072937004, "best_return": 289.0672983929787}, "rel_minmax": {"time_param": 1505, "trend": "rel_minmax", "q_params": {"(0, 0.15065077429315918)": 0.8366450995401352, "(0.15065077429315918, 0.20898356740470966)": 0.646588157577135, "(0.20898356740470966, 0.28855600912531165)": 0.548334108496362, "(0.28855600912531165, 0.3845621442312613)": 0.49886775904519765, "(0.3845621442312613, 0.5135339723926617)": 0.40714133453464474, "(0.5135339723926617, 0.5454157934183433)": 0.4040907061775115, "(0.5454157934183433, 0.8524863247346552)": 0.3751684159228318, "(0.8524863247346552, 0.872611650855844)": 0.34415796105916996, "(0.872611650855844, 0.963314443868847)": 0.18831195781735385, "(0.963314443868847, 1.0)": 0.08864564611754691}, "pct": 0.08864564611754691, "best_return": 52.56135876678322}, "ew_rel_minmax": {"time_param": 1667, "trend": "ew_rel_minmax", "q_params": {"(0, 0.09842363157648004)": 0.9729989592857745, "(0.09842363157648004, 0.10857179569483646)": 0.7650153923244887, "(0.10857179569483646, 0.19738994980506708)": 0.7152077562663793, "(0.19738994980506708, 0.25268806000827193)": 0.6313044500795358, "(0.25268806000827193, 0.29340330500324774)": 0.5163676376315108, "(0.29340330500324774, 0.29729166328457823)": 0.5059367043515667, "(0.29729166328457823, 0.42536137246647976)": 0.48540368196981987, "(0.42536137246647976, 0.6395582452097299)": 0.4466034182541626, "(0.6395582452097299, 0.8249309477644406)": 0.3724828643978765, "(0.8249309477644406, 1)": 0.12988023408417515}, "pct": 0.12988023408417515, "best_return": 50.07114791405334}}