{"ma": {"time_param": 244, "trend": "ma", "q_params": {"(0, 0.13986757211486645)": 0.977120854664046, "(0.13986757211486645, 0.16869031319804073)": 0.9393226399118836, "(0.16869031319804073, 0.17580671720577085)": 0.8007355889846061, "(0.17580671720577085, 0.23811917314915335)": 0.7733272020194198, "(0.23811917314915335, 0.6584194135538233)": 0.7480787978927097, "(0.6584194135538233, 0.8933232281699824)": 0.6021127164796932, "(0.8933232281699824, 0.9359344334404005)": 0.5869086595742362, "(0.9359344334404005, 0.9793096235801528)": 0.5162687175960832, "(0.9793096235801528, 0.9962683697871194)": 0.32667466223009317, "(0.9962683697871194, 1.0)": 0.23989393135888254}, "pct": 0.6021127164796932, "best_return": 69.65286829383783}, "ew_ma": {"time_param": 588, "trend": "ew_ma", "q_params": {"(0, 0.12220643049047353)": 0.8859391356695036, "(0.12220643049047353, 0.28883165271797717)": 0.8835599686719748, "(0.28883165271797717, 0.2898217961916694)": 0.7799984886624318, "(0.2898217961916694, 0.2925768313504285)": 0.7410088323593241, "(0.2925768313504285, 0.29507918786565857)": 0.5408312611917591, "(0.29507918786565857, 0.32005163454314034)": 0.47005041369574185, "(0.32005163454314034, 0.47413636361274014)": 0.3009662486318768, "(0.47413636361274014, 0.5295050442383628)": 0.25780928358733074, "(0.5295050442383628, 0.5875845837641235)": 0.12385835007798651, "(0.5875845837641235, 1.0)": 0.12158223451543348}, "pct": 0.12158223451543348, "best_return": 58.40968769194028}, "rel_minmax": {"time_param": 1093, "trend": "rel_minmax", "q_params": {"(0, 0.004644405334473745)": 0.986208781954131, "(0.004644405334473745, 0.15839651119125497)": 0.980526490602249, "(0.15839651119125497, 0.2800662635686046)": 0.9384463427873504, "(0.2800662635686046, 0.3683881182727109)": 0.8605501795296363, "(0.3683881182727109, 0.422319277163849)": 0.4836531437341738, "(0.422319277163849, 0.43416742680194553)": 0.4536106652048476, "(0.43416742680194553, 0.6642182311504173)": 0.3795084189414597, "(0.6642182311504173, 0.8091743613961122)": 0.3728149264723035, "(0.8091743613961122, 0.9868383471471994)": 0.2644220690905784, "(0.9868383471471994, 1)": 0.09965200660770357}, "pct": 0.09965200660770357, "best_return": 66.7083802068667}, "ew_rel_minmax": {"time_param": 1268, "trend": "ew_rel_minmax", "q_params": {"(0, 0.06797544193326133)": 0.9717408111282426, "(0.06797544193326133, 0.11173711577906942)": 0.9185479682580242, "(0.11173711577906942, 0.1489931068954934)": 0.9106382576610541, "(0.1489931068954934, 0.19994326384379812)": 0.8475641233779395, "(0.19994326384379812, 0.25501041790252654)": 0.6692950450735408, "(0.25501041790252654, 0.5805111193284049)": 0.6013712065790239, "(0.5805111193284049, 0.9631735312939335)": 0.3818326677252422, "(0.9631735312939335, 0.9681336030913332)": 0.2552608308467909, "(0.9681336030913332, 0.9764377169152648)": 0.22938467580685218, "(0.9764377169152648, 1.0)": 0.1501527480536181}, "pct": 0.1501527480536181, "best_return": 86.7518105508651}}