{"ma": {"time_param": 16, "trend": "ma", "q_params": {"(0, 0.13579082994245306)": 0.9233838132953596, "(0.13579082994245306, 0.2722395634345146)": 0.9038737699316671, "(0.2722395634345146, 0.38532588782543176)": 0.8993152987204577, "(0.38532588782543176, 0.6454851254946561)": 0.884183893203653, "(0.6454851254946561, 0.785088918524709)": 0.8737598092176347, "(0.785088918524709, 0.9025473233620132)": 0.8398577160456042, "(0.9025473233620132, 0.9466782954712247)": 0.8033489882473925, "(0.9466782954712247, 0.9721499404796795)": 0.7185252876767361, "(0.9721499404796795, 0.9779172077527273)": 0.2975217568047925, "(0.9779172077527273, 1.0)": 0.13873347369012878}, "pct": 0.8993152987204577, "best_return": 329.4556679658982}, "ew_ma": {"time_param": 49, "trend": "ew_ma", "q_params": {"(0, 0.2677645548578521)": 0.9932812014499601, "(0.2677645548578521, 0.279982481691439)": 0.9723088628884817, "(0.279982481691439, 0.283109861076613)": 0.917703984351469, "(0.283109861076613, 0.45085904993696524)": 0.8217999689052523, "(0.45085904993696524, 0.48233699020063553)": 0.7248884277685945, "(0.48233699020063553, 0.509791136473327)": 0.5675058719061163, "(0.509791136473327, 0.5500832518546871)": 0.33922364694781987, "(0.5500832518546871, 0.59789203216929)": 0.3367078691350465, "(0.59789203216929, 0.9152923617027934)": 0.3242869623790021, "(0.9152923617027934, 1.0)": 0.2750286976724144}, "pct": 0.3367078691350465, "best_return": 60.549837423046995}, "rel_minmax": {"time_param": 329, "trend": "rel_minmax", "q_params": {"(0, 0.050244166501644316)": 0.9572364121010383, "(0.050244166501644316, 0.19262520126161542)": 0.9461022330095741, "(0.19262520126161542, 0.22132380447834005)": 0.9165520657632998, "(0.22132380447834005, 0.3053705454677631)": 0.8561878229701049, "(0.3053705454677631, 0.3093845209373923)": 0.6977621980915407, "(0.3093845209373923, 0.36989977022345144)": 0.6308202028279422, "(0.36989977022345144, 0.5118184044120861)": 0.5308467080168434, "(0.5118184044120861, 0.5720216879815612)": 0.5050270281412199, "(0.5720216879815612, 0.7526415864485332)": 0.4596231854724999, "(0.7526415864485332, 1)": 0.40502962969293577}, "pct": 0.40502962969293577, "best_return": 96.19264736030162}, "ew_rel_minmax": {"time_param": 878, "trend": "ew_rel_minmax", "q_params": {"(0, 0.004462272741918434)": 0.96180608896186, "(0.004462272741918434, 0.1407607063162043)": 0.9537364966308529, "(0.1407607063162043, 0.22872580532501702)": 0.6969818291897154, "(0.22872580532501702, 0.25425831450015346)": 0.6808787967423202, "(0.25425831450015346, 0.32125807349366586)": 0.559941132925381, "(0.32125807349366586, 0.36615722014081387)": 0.5547488290815339, "(0.36615722014081387, 0.5145922887628476)": 0.3388185334848671, "(0.5145922887628476, 0.5361753116885988)": 0.3210791484490936, "(0.5361753116885988, 0.568258141539501)": 0.3043613173308789, "(0.568258141539501, 1.0)": 0.23608115327828397}, "pct": 0.23608115327828397, "best_return": 132.1591672321244}}