{"ma": {"time_param": 163, "trend": "ma", "q_params": {"(0, 0.008298940500694463)": 0.9672578742589827, "(0.008298940500694463, 0.12638774367545613)": 0.9060244894676058, "(0.12638774367545613, 0.1371757220079303)": 0.7178316453880376, "(0.1371757220079303, 0.29499785965267944)": 0.6941227048856683, "(0.29499785965267944, 0.32700214199275623)": 0.5139317248248524, "(0.32700214199275623, 0.3959402120490013)": 0.49415103766381596, "(0.3959402120490013, 0.654316584738466)": 0.4831962382821964, "(0.654316584738466, 0.875113873269252)": 0.4214283214766393, "(0.875113873269252, 0.8852533421307922)": 0.2707787414928264, "(0.8852533421307922, 1.0)": 0.0038517773938729905}, "pct": 0.0038517773938729905, "best_return": 97.76216431820627}, "ew_ma": {"time_param": 509, "trend": "ew_ma", "q_params": {"(0, 0.1872936700732024)": 0.9584760333210082, "(0.1872936700732024, 0.271834297795166)": 0.9032982912004788, "(0.271834297795166, 0.3533570199391298)": 0.7330023358946441, "(0.3533570199391298, 0.41983572608741604)": 0.6999567806577881, "(0.41983572608741604, 0.4595432696462624)": 0.5996267785186444, "(0.4595432696462624, 0.4670938239258332)": 0.500248415334745, "(0.4670938239258332, 0.4741879870994236)": 0.48613145984627565, "(0.4741879870994236, 0.4879066195363334)": 0.3103090044193973, "(0.4879066195363334, 0.506620312579022)": 0.2977938120594296, "(0.506620312579022, 1.0)": 0.25043855670789417}, "pct": 0.25043855670789417, "best_return": 91.37590135916977}, "rel_minmax": {"time_param": 1599, "trend": "rel_minmax", "q_params": {"(0, 0.043071623353534094)": 0.9282304497052385, "(0.043071623353534094, 0.10406582628581496)": 0.6759931965925399, "(0.10406582628581496, 0.16066863908872886)": 0.6486002321714122, "(0.16066863908872886, 0.21922708286712758)": 0.589107553091628, "(0.21922708286712758, 0.24979835681248863)": 0.5661423281083158, "(0.24979835681248863, 0.2811933300351357)": 0.5176611030436512, "(0.2811933300351357, 0.6582658205688237)": 0.4517507050017437, "(0.6582658205688237, 0.7361935903604732)": 0.43859502927307054, "(0.7361935903604732, 0.850708771231048)": 0.31656070349462573, "(0.850708771231048, 1)": 0.26988167074956615}, "pct": 0.26988167074956615, "best_return": 63.42772210631351}, "ew_rel_minmax": {"time_param": 1765, "trend": "ew_rel_minmax", "q_params": {"(0, 0.015052577982413048)": 0.9518473091728717, "(0.015052577982413048, 0.0648799975742772)": 0.908021498592472, "(0.0648799975742772, 0.08667597903645496)": 0.7291330486292769, "(0.08667597903645496, 0.11860462123260856)": 0.6844853344661409, "(0.11860462123260856, 0.31132397561755976)": 0.5115040447154008, "(0.31132397561755976, 0.41317288860335577)": 0.42913654769669696, "(0.41317288860335577, 0.42294392626784816)": 0.25712985672197874, "(0.42294392626784816, 0.6313003880169239)": 0.2422308559727191, "(0.6313003880169239, 0.9740020651129836)": 0.17157192784737207, "(0.9740020651129836, 1.0)": 0.11949218977521592}, "pct": 0.11949218977521592, "best_return": 81.58663270965435}}