{"ma": {"time_param": 1206, "trend": "ma", "q_params": {"(0, 0.030404686804097136)": 0.9374887973724281, "(0.030404686804097136, 0.2908870955270606)": 0.8594137442992196, "(0.2908870955270606, 0.35679187871711815)": 0.8442379837916846, "(0.35679187871711815, 0.4163354614200391)": 0.8438395344132031, "(0.4163354614200391, 0.41805549910282563)": 0.7557820960167955, "(0.41805549910282563, 0.6025110944005089)": 0.6584046811924832, "(0.6025110944005089, 0.9440153894921929)": 0.6306665421140562, "(0.9440153894921929, 0.9825270711424408)": 0.5979439807687035, "(0.9825270711424408, 0.9862281394987885)": 0.5621721477365934, "(0.9862281394987885, 1)": 0.3803488510031269}, "pct": 0.6306665421140562, "best_return": 44.28592097046716}, "ew_ma": {"time_param": 34, "trend": "ew_ma", "q_params": {"(0.0, 0.17379995634067352)": 0.9981358399684612, "(0.17379995634067352, 0.2670245905697927)": 0.9933292173215683, "(0.2670245905697927, 0.2880979422967187)": 0.9143255573678303, "(0.2880979422967187, 0.31275335215065)": 0.9063685995425494, "(0.31275335215065, 0.3448098472506238)": 0.5694557622178433, "(0.3448098472506238, 0.4886446950098533)": 0.5625960781361085, "(0.4886446950098533, 0.544417728218296)": 0.5619702778226945, "(0.544417728218296, 0.6603864360251425)": 0.4961340871650296, "(0.6603864360251425, 0.9265079120095742)": 0.4929142874123461, "(0.9265079120095742, 1.0)": 0.037845190072937004}, "pct": 1, "best_return": 39.17999971829928}, "rel_minmax": {"time_param": 528, "trend": "rel_minmax", "q_params": {"(0, 0.26475642331048677)": 0.9255845224187961, "(0.26475642331048677, 0.34827050955461547)": 0.8396245871647207, "(0.34827050955461547, 0.4240095062581254)": 0.8140416965150259, "(0.4240095062581254, 0.4482957882503267)": 0.7409690934056872, "(0.4482957882503267, 0.4635831016376294)": 0.5715583341607593, "(0.4635831016376294, 0.5761546153577146)": 0.479813154843684, "(0.5761546153577146, 0.577983115327826)": 0.40076569188286737, "(0.577983115327826, 0.9780859987199901)": 0.34931550718493687, "(0.9780859987199901, 0.9942239864607787)": 0.21284965965311686, "(0.9942239864607787, 1)": 0.15531251920616557}, "pct": 0.15531251920616557, "best_return": 45.227089304185554}, "ew_rel_minmax": {"time_param": 1012, "trend": "ew_rel_minmax", "q_params": {"(0, 0.015209807125870656)": 0.944858818936641, "(0.015209807125870656, 0.07637954703609517)": 0.9317236457231355, "(0.07637954703609517, 0.08891333214979757)": 0.8793124197678527, "(0.08891333214979757, 0.2095750742466193)": 0.7624137659838849, "(0.2095750742466193, 0.3044983659051804)": 0.4499270595901514, "(0.3044983659051804, 0.3765065615810482)": 0.3669094311106136, "(0.3765065615810482, 0.9243178150794371)": 0.3501811559486584, "(0.9243178150794371, 0.978675921606331)": 0.33110305848043997, "(0.978675921606331, 0.9974901160991518)": 0.32736200339526694, "(0.9974901160991518, 1)": 0.09140432593761133}, "pct": 0.09140432593761133, "best_return": 68.1506632639665}}