{"ma": {"time_param": 244, "trend": "ma", "q_params": {"(0, 0.12379617627922923)": 0.9679842919247751, "(0.12379617627922923, 0.16787144078834182)": 0.9393226399118836, "(0.16787144078834182, 0.17580671720577085)": 0.8007355889846061, "(0.17580671720577085, 0.2510671203184738)": 0.7733272020194198, "(0.2510671203184738, 0.6584194135538233)": 0.7480787978927097, "(0.6584194135538233, 0.8933232281699824)": 0.6012185584560927, "(0.8933232281699824, 0.9359344334404005)": 0.5840508163100172, "(0.9359344334404005, 0.9764608507022032)": 0.5314496963316467, "(0.9764608507022032, 0.9962356785583605)": 0.33096740571896743, "(0.9962356785583605, 1)": 0.23989393135888254}, "pct": 0.6012185584560927, "best_return": 84.03112913434316}, "ew_ma": {"time_param": 25, "trend": "ew_ma", "q_params": {"(0, 0.09941092615029436)": 0.8281225442383263, "(0.09941092615029436, 0.2279834603244184)": 0.7715440117619871, "(0.2279834603244184, 0.424474122297659)": 0.7258161579710259, "(0.424474122297659, 0.5218644884693557)": 0.5814089678168036, "(0.5218644884693557, 0.5533221821044975)": 0.4217884493609586, "(0.5533221821044975, 0.5670984618128736)": 0.17172545504653047, "(0.5670984618128736, 0.7320801411480299)": 0.15171939346606156, "(0.7320801411480299, 0.9036514821018872)": 0.09777463398451823, "(0.9036514821018872, 0.9865370972465439)": 0.09308372884526452, "(0.9865370972465439, 1)": 0.04992669706445685}, "pct": 0.09777463398451823, "best_return": 55.54994656801408}, "rel_minmax": {"time_param": 1654, "trend": "rel_minmax", "q_params": {"(0, 0.09112943995048557)": 0.9870168368310971, "(0.09112943995048557, 0.11272571522894892)": 0.926861904806716, "(0.11272571522894892, 0.32266774713534674)": 0.7235468470184317, "(0.32266774713534674, 0.34081516201181905)": 0.6751095178363005, "(0.34081516201181905, 0.4034609590346473)": 0.608157861012137, "(0.4034609590346473, 0.5100084434654703)": 0.5227030339754929, "(0.5100084434654703, 0.6586013873976163)": 0.38715185790390505, "(0.6586013873976163, 0.7881328042018351)": 0.36120028976265894, "(0.7881328042018351, 0.965648860330124)": 0.1504930651212373, "(0.965648860330124, 1)": 0.10180296906110708}, "pct": 0.10180296906110708, "best_return": 46.2383984375}, "ew_rel_minmax": {"time_param": 1057, "trend": "ew_rel_minmax", "q_params": {"(0, 0.06822696465970589)": 0.9501769839056933, "(0.06822696465970589, 0.26407600154950905)": 0.9248398857548485, "(0.26407600154950905, 0.3030957750742418)": 0.7862130462111876, "(0.3030957750742418, 0.36426058440558623)": 0.7178550111173028, "(0.36426058440558623, 0.3845625017945205)": 0.6794767076672817, "(0.3845625017945205, 0.3863811968338704)": 0.5052709980865742, "(0.3863811968338704, 0.4093640926724652)": 0.37000767326437745, "(0.4093640926724652, 0.5253370694950897)": 0.34952031033808506, "(0.5253370694950897, 0.8214897374247546)": 0.23085493693311943, "(0.8214897374247546, 1)": 0.13396891686560763}, "pct": 0.13396891686560763, "best_return": 95.14021101430774}}