{"ma": {"time_param": 124, "trend": "ma", "q_params": {"(0, 0.025951703475719623)": 0.9221527571802469, "(0.025951703475719623, 0.1679754210462453)": 0.8557514723111663, "(0.1679754210462453, 0.1843450343143529)": 0.7926038944991756, "(0.1843450343143529, 0.21860451131150624)": 0.7814972259262408, "(0.21860451131150624, 0.2560294298882083)": 0.7477654859245715, "(0.2560294298882083, 0.709528610402706)": 0.6200092345793202, "(0.709528610402706, 0.7928353836000993)": 0.5815244852866617, "(0.7928353836000993, 0.8035345168502569)": 0.5766596233416043, "(0.8035345168502569, 0.8845837485842478)": 0.5137775011277214, "(0.8845837485842478, 1)": 0.2032608974881076}, "pct": 0.2032608974881076, "best_return": 47.694881255367456}, "ew_ma": {"time_param": 34, "trend": "ew_ma", "q_params": {"(0, 0.1988759489748647)": 0.9964729561329224, "(0.1988759489748647, 0.2670245905697927)": 0.9860811139570338, "(0.2670245905697927, 0.2880979422967187)": 0.9143255573678303, "(0.2880979422967187, 0.31275335215065)": 0.9032687816878238, "(0.31275335215065, 0.3448098472506238)": 0.6298724136382295, "(0.3448098472506238, 0.4886446950098533)": 0.5651993278514725, "(0.4886446950098533, 0.5452002097360077)": 0.5619702778226945, "(0.5452002097360077, 0.6493696621407296)": 0.4961340871650296, "(0.6493696621407296, 0.9195422725155408)": 0.31992724520693505, "(0.9195422725155408, 1.0)": 0.037845190072937004}, "pct": 0.037845190072937004, "best_return": 282.20847670288646}, "rel_minmax": {"time_param": 1505, "trend": "rel_minmax", "q_params": {"(0, 0.15769552037627532)": 0.8256383888315377, "(0.15769552037627532, 0.20898356740470966)": 0.646588157577135, "(0.20898356740470966, 0.28831940302357784)": 0.548334108496362, "(0.28831940302357784, 0.504673994099996)": 0.49886775904519765, "(0.504673994099996, 0.5135339723926617)": 0.4298595537138261, "(0.5135339723926617, 0.5454157934183433)": 0.4175265001005335, "(0.5454157934183433, 0.8524863247346552)": 0.3751684159228318, "(0.8524863247346552, 0.9762427263244443)": 0.35366761988346446, "(0.9762427263244443, 0.9797397751857946)": 0.1990494434390381, "(0.9797397751857946, 1)": 0.08063599377208351}, "pct": 0.08063599377208351, "best_return": 81.0028842456276}, "ew_rel_minmax": {"time_param": 1092, "trend": "ew_rel_minmax", "q_params": {"(0, 0.04175353757353473)": 0.8142754225792431, "(0.04175353757353473, 0.04894656580644596)": 0.7186579854604455, "(0.04894656580644596, 0.4601311737200614)": 0.5876606190174744, "(0.4601311737200614, 0.4870228621494941)": 0.5598550388254697, "(0.4870228621494941, 0.7264627688881025)": 0.5485247379092779, "(0.7264627688881025, 0.7429374737359358)": 0.504609177711227, "(0.7429374737359358, 0.8084227019286713)": 0.470404047637399, "(0.8084227019286713, 0.8427926471916412)": 0.29329299066785597, "(0.8427926471916412, 0.8542985445373877)": 0.2522566596164483, "(0.8542985445373877, 1)": 0.2282214107391783}, "pct": 0.2282214107391783, "best_return": 43.27181466154016}}