{"ma": {"time_param": 285, "trend": "ma", "q_params": {"(0, 0.02894831372905792)": 0.9750713009635734, "(0.02894831372905792, 0.056381859800779824)": 0.9065199196471391, "(0.056381859800779824, 0.20612354254825205)": 0.8443361757250265, "(0.20612354254825205, 0.21483229192517403)": 0.6370252819122255, "(0.21483229192517403, 0.4496271275160496)": 0.6092756865858368, "(0.4496271275160496, 0.6414958795398517)": 0.523761932416622, "(0.6414958795398517, 0.8249597457593232)": 0.5058936176127106, "(0.8249597457593232, 0.9632025115168581)": 0.3106492358977459, "(0.9632025115168581, 0.9780895101530058)": 0.17958346973541645, "(0.9780895101530058, 1.0)": 0.02577487059658179}, "pct": 0.3106492358977459, "best_return": 50.15292711545888}, "ew_ma": {"time_param": 34, "trend": "ew_ma", "q_params": {"(0, 0.1988759489748647)": 0.981902648849611, "(0.1988759489748647, 0.2670245905697927)": 0.9578158353124591, "(0.2670245905697927, 0.3071626770445624)": 0.9506037298894848, "(0.3071626770445624, 0.3122111438133063)": 0.9049534673509656, "(0.3122111438133063, 0.3539607263962484)": 0.6373443597073937, "(0.3539607263962484, 0.4886446950098533)": 0.5733503253338783, "(0.4886446950098533, 0.5452002097360077)": 0.5414461691035668, "(0.5452002097360077, 0.6493696621407296)": 0.502637715137956, "(0.6493696621407296, 0.9195422725155408)": 0.30427933907328797, "(0.9195422725155408, 1.0)": 0.04430937774344734}, "pct": 0.04430937774344734, "best_return": 258.39803903259525}, "rel_minmax": {"time_param": 1034, "trend": "rel_minmax", "q_params": {"(0, 0.23059839638354773)": 0.9805690676789793, "(0.23059839638354773, 0.33218820860272014)": 0.9128591625533058, "(0.33218820860272014, 0.37366552887782845)": 0.8325018045543663, "(0.37366552887782845, 0.4692506570071328)": 0.7619496589134827, "(0.4692506570071328, 0.5645695687060797)": 0.6230375777250634, "(0.5645695687060797, 0.6943414096990087)": 0.6026569116762639, "(0.6943414096990087, 0.9215134329015994)": 0.587739139791184, "(0.9215134329015994, 0.9692970886322321)": 0.4330781398200253, "(0.9692970886322321, 0.9952518312078867)": 0.24032195337849982, "(0.9952518312078867, 1)": 0.1415666486833438}, "pct": 0.1415666486833438, "best_return": 58.75987525316417}, "ew_rel_minmax": {"time_param": 1571, "trend": "ew_rel_minmax", "q_params": {"(0, 0.0791458694181697)": 0.9375908829517796, "(0.0791458694181697, 0.18996255899256062)": 0.7888400900640276, "(0.18996255899256062, 0.33183934636340195)": 0.7532179319656042, "(0.33183934636340195, 0.36443705022291084)": 0.616995107708714, "(0.36443705022291084, 0.3984728981605594)": 0.5866319625121614, "(0.3984728981605594, 0.5916928502918436)": 0.42933185164521537, "(0.5916928502918436, 0.9569456781873318)": 0.26312528744927527, "(0.9569456781873318, 0.97165570101679)": 0.21640563512504785, "(0.97165570101679, 0.9808374294986261)": 0.047885033981804236, "(0.9808374294986261, 1)": 0.0234726027619344}, "pct": 0.0234726027619344, "best_return": 52.4094700457257}}