{"ma": {"time_param": 55, "trend": "ma", "q_params": {"(0, 0.1498090254246895)": 0.9999302665454173, "(0.1498090254246895, 0.1853824964799578)": 0.9997649585850616, "(0.1853824964799578, 0.26264601232678675)": 0.9957046001551662, "(0.26264601232678675, 0.3473116130536924)": 0.7576739900111079, "(0.3473116130536924, 0.41388654447487033)": 0.7557239965421315, "(0.41388654447487033, 0.5089194363720895)": 0.586288174349022, "(0.5089194363720895, 0.7222337447620947)": 0.5806379887748467, "(0.7222337447620947, 0.8742270708954241)": 0.33437501664575275, "(0.8742270708954241, 0.9598228578878821)": 0.15095446783710326, "(0.9598228578878821, 1.0)": 0.0035774543182727388}, "pct": 0.5806379887748467, "best_return": 211.78941697435243}, "ew_ma": {"time_param": 34, "trend": "ew_ma", "q_params": {"(0.0, 0.17379995634067352)": 0.9981358399684612, "(0.17379995634067352, 0.2670245905697927)": 0.9933292173215683, "(0.2670245905697927, 0.2880979422967187)": 0.9143255573678303, "(0.2880979422967187, 0.31275335215065)": 0.9063685995425494, "(0.31275335215065, 0.3448098472506238)": 0.5694557622178433, "(0.3448098472506238, 0.4886446950098533)": 0.5625960781361085, "(0.4886446950098533, 0.544417728218296)": 0.5619702778226945, "(0.544417728218296, 0.6603864360251425)": 0.4961340871650296, "(0.6603864360251425, 0.9265079120095742)": 0.4929142874123461, "(0.9265079120095742, 1.0)": 0.037845190072937004}, "pct": 0.4961340871650296, "best_return": NaN}, "rel_minmax": {"time_param": 534, "trend": "rel_minmax", "q_params": {"(0, 0.14446863367691282)": 0.998804799555915, "(0.14446863367691282, 0.24099314600964156)": 0.9986602261866934, "(0.24099314600964156, 0.26146445225106674)": 0.9739712144616935, "(0.26146445225106674, 0.28592260330078706)": 0.6137653083688625, "(0.28592260330078706, 0.295583282557554)": 0.6005692678643415, "(0.295583282557554, 0.7209671568179763)": 0.5981068588530759, "(0.7209671568179763, 0.8462556876660268)": 0.594911914089606, "(0.8462556876660268, 0.9928053019394171)": 0.5947329177297526, "(0.9928053019394171, 0.9948588206118527)": 0.5649463580718498, "(0.9948588206118527, 1.0)": 0.28121505612029657}, "pct": 0.28121505612029657, "best_return": 110.82756174740288}, "ew_rel_minmax": {"time_param": 500, "trend": "ew_rel_minmax", "q_params": {"(0, 0.022935490789059956)": 0.9979797575074636, "(0.022935490789059956, 0.18620272102665653)": 0.9814336388260161, "(0.18620272102665653, 0.21292724891312903)": 0.7954135959637842, "(0.21292724891312903, 0.24004503878222033)": 0.7932207138968728, "(0.24004503878222033, 0.24947745189437912)": 0.7794074763314024, "(0.24947745189437912, 0.32819918129098113)": 0.41084611340359634, "(0.32819918129098113, 0.4824019518979089)": 0.3877635646076691, "(0.4824019518979089, 0.503038524185177)": 0.38583854962209163, "(0.503038524185177, 0.5599044669115418)": 0.3590406249576792, "(0.5599044669115418, 1.0)": 0.2341778035959803}, "pct": 0.2341778035959803, "best_return": 62.78768987056539}}