{"ma": {"time_param": 971, "trend": "ma", "q_params": {"(0, 0.08332032496754826)": 0.9912342584718853, "(0.08332032496754826, 0.14951279437040932)": 0.8801824206253609, "(0.14951279437040932, 0.3215260774937031)": 0.86129976933101, "(0.3215260774937031, 0.41337378622891147)": 0.8185194075232232, "(0.41337378622891147, 0.4584606193907075)": 0.7722816460672824, "(0.4584606193907075, 0.7308242829977776)": 0.7583158410277414, "(0.7308242829977776, 0.8731872213804932)": 0.7030478682052897, "(0.8731872213804932, 0.9530532982523755)": 0.6130346561762035, "(0.9530532982523755, 0.9774609492222304)": 0.5707312850892083, "(0.9774609492222304, 1)": 0.15362281498365848}, "pct": 0.6130346561762035, "best_return": 66.35591648111485}, "ew_ma": {"time_param": 34, "trend": "ew_ma", "q_params": {"(0.0, 0.17379995634067352)": 0.9981358399684612, "(0.17379995634067352, 0.2670245905697927)": 0.9933292173215683, "(0.2670245905697927, 0.2880979422967187)": 0.9143255573678303, "(0.2880979422967187, 0.31275335215065)": 0.9063685995425494, "(0.31275335215065, 0.3448098472506238)": 0.5694557622178433, "(0.3448098472506238, 0.4886446950098533)": 0.5625960781361085, "(0.4886446950098533, 0.544417728218296)": 0.5619702778226945, "(0.544417728218296, 0.6603864360251425)": 0.4961340871650296, "(0.6603864360251425, 0.9265079120095742)": 0.4929142874123461, "(0.9265079120095742, 1.0)": 0.037845190072937004}, "pct": 1, "best_return": 36.1969228891226}, "rel_minmax": {"time_param": 1755, "trend": "rel_minmax", "q_params": {"(0, 0.20940169556103533)": 0.9802982287349701, "(0.20940169556103533, 0.408551110749686)": 0.851300043081563, "(0.408551110749686, 0.5283386998189304)": 0.8148975117159343, "(0.5283386998189304, 0.569243883062286)": 0.7139929378300358, "(0.569243883062286, 0.6345088683282508)": 0.6737605455536814, "(0.6345088683282508, 0.7226169425922316)": 0.5531321718649768, "(0.7226169425922316, 0.7655074085109562)": 0.4482914321488372, "(0.7655074085109562, 0.9753644418124645)": 0.34538964430880364, "(0.9753644418124645, 0.9789984917465772)": 0.16235065123875214, "(0.9789984917465772, 1)": 0.005671727413045224}, "pct": 0.005671727413045224, "best_return": 55.9427952543506}, "ew_rel_minmax": {"time_param": 370, "trend": "ew_rel_minmax", "q_params": {"(0, 0.11897445735423431)": 0.897438504114722, "(0.11897445735423431, 0.13386250862536964)": 0.8753058702722852, "(0.13386250862536964, 0.2350293530629492)": 0.7693409056630596, "(0.2350293530629492, 0.28658624264816435)": 0.6070464168537448, "(0.28658624264816435, 0.3024410275923346)": 0.5416157308529936, "(0.3024410275923346, 0.478743489516292)": 0.5135619853856196, "(0.478743489516292, 0.5590279882450809)": 0.4514353321608024, "(0.5590279882450809, 0.7037723789647453)": 0.2809253060961143, "(0.7037723789647453, 0.9263905408624891)": 0.2223316835007582, "(0.9263905408624891, 1)": 0.028466833503254827}, "pct": 0.028466833503254827, "best_return": 39.671057961940775}}