{"ma": {"time_param": 23, "trend": "ma", "q_params": {"(0, 0.1446581092900673)": 0.9417002559252384, "(0.1446581092900673, 0.19475539367169542)": 0.8574388797770509, "(0.19475539367169542, 0.236801982546536)": 0.8530147669784058, "(0.236801982546536, 0.5773637866222011)": 0.8362312023183187, "(0.5773637866222011, 0.836335068354087)": 0.5071361988270737, "(0.836335068354087, 0.8898702449087779)": 0.44671699984175656, "(0.8898702449087779, 0.8964781585373204)": 0.3591536190985908, "(0.8964781585373204, 0.9141718912570539)": 0.2887203175831445, "(0.9141718912570539, 0.9485607520027726)": 0.22085196134250884, "(0.9485607520027726, 1)": 0.06062376677003212}, "pct": 0.22085196134250884, "best_return": 40.16482706100888}, "ew_ma": {"time_param": 34, "trend": "ew_ma", "q_params": {"(0.0, 0.17379995634067352)": 0.9981358399684612, "(0.17379995634067352, 0.2670245905697927)": 0.9933292173215683, "(0.2670245905697927, 0.2880979422967187)": 0.9143255573678303, "(0.2880979422967187, 0.31275335215065)": 0.9063685995425494, "(0.31275335215065, 0.3448098472506238)": 0.5694557622178433, "(0.3448098472506238, 0.4886446950098533)": 0.5625960781361085, "(0.4886446950098533, 0.544417728218296)": 0.5619702778226945, "(0.544417728218296, 0.6603864360251425)": 0.4961340871650296, "(0.6603864360251425, 0.9265079120095742)": 0.4929142874123461, "(0.9265079120095742, 1.0)": 0.037845190072937004}, "pct": 1, "best_return": 36.08428519112723}, "rel_minmax": {"time_param": 167, "trend": "rel_minmax", "q_params": {"(0, 0.09245882307516057)": 0.999178398409012, "(0.09245882307516057, 0.148762144761238)": 0.9167001410961152, "(0.148762144761238, 0.1923037280095713)": 0.7089849426801557, "(0.1923037280095713, 0.3558231718353719)": 0.6425538997462901, "(0.3558231718353719, 0.36340131138735865)": 0.6028466920778001, "(0.36340131138735865, 0.4076425356806299)": 0.5051575310288535, "(0.4076425356806299, 0.4282531374325111)": 0.3670359282428179, "(0.4282531374325111, 0.5569070774891554)": 0.3309892330833014, "(0.5569070774891554, 0.9020569959425376)": 0.23815350099489496, "(0.9020569959425376, 1)": 0.2102092699106578}, "pct": 0.2102092699106578, "best_return": 38.04368346086337}, "ew_rel_minmax": {"time_param": 277, "trend": "ew_rel_minmax", "q_params": {"(0, 0.05183373585469119)": 0.9801612034630068, "(0.05183373585469119, 0.06158808625413248)": 0.9432799851625164, "(0.06158808625413248, 0.33529708957228255)": 0.6325789774412928, "(0.33529708957228255, 0.3524742186385101)": 0.6154616931390983, "(0.3524742186385101, 0.4685020804141669)": 0.5148971765658661, "(0.4685020804141669, 0.4815924662610785)": 0.4576846088818271, "(0.4815924662610785, 0.48808764642434876)": 0.40799574942707084, "(0.48808764642434876, 0.6060210417532166)": 0.3430487302906041, "(0.6060210417532166, 0.9873860885558882)": 0.31382256277179527, "(0.9873860885558882, 1)": 0.27293946742779107}, "pct": 0.27293946742779107, "best_return": 78.65026738145082}}