{"ma": {"time_param": 384, "trend": "ma", "q_params": {"(0, 0.3195836185134002)": 0.9515029360898807, "(0.3195836185134002, 0.4715201090812896)": 0.7639931269406623, "(0.4715201090812896, 0.6860491175252998)": 0.7593593897505997, "(0.6860491175252998, 0.8009728184171968)": 0.6266167429876768, "(0.8009728184171968, 0.8933408820450908)": 0.5921781577483496, "(0.8933408820450908, 0.952482849931923)": 0.5689174292415831, "(0.952482849931923, 0.9646317917985479)": 0.5032545947518466, "(0.9646317917985479, 0.96845253637591)": 0.38031405977443933, "(0.96845253637591, 0.9874839152497438)": 0.16994740665254449, "(0.9874839152497438, 1.0)": 0.04116963697970255}, "pct": 0.6266167429876768, "best_return": 69.63734337866188}, "ew_ma": {"time_param": 49, "trend": "ew_ma", "q_params": {"(0, 0.20132874457570638)": 0.9932812014499601, "(0.20132874457570638, 0.28527023926468464)": 0.9723088628884817, "(0.28527023926468464, 0.3309854673624041)": 0.917703984351469, "(0.3309854673624041, 0.3849928348339092)": 0.8217999689052523, "(0.3849928348339092, 0.3891362191570503)": 0.6291221023099722, "(0.3891362191570503, 0.5216077688391476)": 0.39516245431199515, "(0.5216077688391476, 0.6681324678197901)": 0.3440169331688208, "(0.6681324678197901, 0.7475817796059361)": 0.31967474074364743, "(0.7475817796059361, 0.9152923617027934)": 0.3193115094286585, "(0.9152923617027934, 1)": 0.3093388364561591}, "pct": 0.31967474074364743, "best_return": 69.43126392840999}, "rel_minmax": {"time_param": 1065, "trend": "rel_minmax", "q_params": {"(0, 0.1762435559532668)": 0.9749936079801611, "(0.1762435559532668, 0.2031916927074532)": 0.8444113028652697, "(0.2031916927074532, 0.30566775763955845)": 0.7708161477199067, "(0.30566775763955845, 0.3138918309234021)": 0.7439635838423226, "(0.3138918309234021, 0.3354551484887238)": 0.6551555959121894, "(0.3354551484887238, 0.3691199493988422)": 0.578411986966933, "(0.3691199493988422, 0.39755585992401654)": 0.5730991255087732, "(0.39755585992401654, 0.4227114101354925)": 0.4013010916430677, "(0.4227114101354925, 0.9933631476057533)": 0.20434022691143927, "(0.9933631476057533, 1)": 0.05969721150236029}, "pct": 0.05969721150236029, "best_return": 223.12968593349734}, "ew_rel_minmax": {"time_param": 1165, "trend": "ew_rel_minmax", "q_params": {"(0, 0.01920968045838344)": 0.9600582712551599, "(0.01920968045838344, 0.10195939960300604)": 0.8163606179206677, "(0.10195939960300604, 0.13617707843723925)": 0.7912187580962585, "(0.13617707843723925, 0.14285764553276714)": 0.7222026333939087, "(0.14285764553276714, 0.27958231891565277)": 0.6445973178325207, "(0.27958231891565277, 0.32104283064827943)": 0.5153292942536978, "(0.32104283064827943, 0.5133515957393048)": 0.18499176242324056, "(0.5133515957393048, 0.7416884268126389)": 0.1745799995108962, "(0.7416884268126389, 0.7469133781358158)": 0.12911526628472866, "(0.7469133781358158, 1.0)": 0.1265193552258813}, "pct": 0.1265193552258813, "best_return": 87.87401026612328}}