{"ma": {"time_param": 55, "trend": "ma", "q_params": {"(0, 0.1498090254246895)": 0.9998301495362811, "(0.1498090254246895, 0.1853824964799578)": 0.999441857458294, "(0.1853824964799578, 0.26264601232678675)": 0.986450189505755, "(0.26264601232678675, 0.3473116130536924)": 0.7576739900111079, "(0.3473116130536924, 0.41388654447487033)": 0.7557239965421315, "(0.41388654447487033, 0.5089194363720895)": 0.5893157426966491, "(0.5089194363720895, 0.7100779169980187)": 0.5806379887748467, "(0.7100779169980187, 0.8742270708954241)": 0.33437501664575275, "(0.8742270708954241, 0.9598228578878821)": 0.09777954601232075, "(0.9598228578878821, 1.0)": 0.0035774543182727388}, "pct": 0.5806379887748467, "best_return": 234.72293098055036}, "ew_ma": {"time_param": 34, "trend": "ew_ma", "q_params": {"(0, 0.17379995634067352)": 0.9981358399684612, "(0.17379995634067352, 0.2670245905697927)": 0.9933292173215683, "(0.2670245905697927, 0.2880979422967187)": 0.9143255573678303, "(0.2880979422967187, 0.31275335215065)": 0.9063685995425494, "(0.31275335215065, 0.3448098472506238)": 0.5694557622178433, "(0.3448098472506238, 0.4886446950098533)": 0.5625960781361085, "(0.4886446950098533, 0.544417728218296)": 0.5619702778226945, "(0.544417728218296, 0.6603864360251425)": 0.4961340871650296, "(0.6603864360251425, 0.9265079120095742)": 0.4929142874123461, "(0.9265079120095742, 1.0)": 0.037845190072937004}, "pct": 0.5619702778226945, "best_return": 385.2047336266754}, "rel_minmax": {"time_param": 534, "trend": "rel_minmax", "q_params": {"(0, 0.14446863367691282)": 0.998804799555915, "(0.14446863367691282, 0.25697084651927254)": 0.9909537478173989, "(0.25697084651927254, 0.28337426766816076)": 0.9678722146400602, "(0.28337426766816076, 0.28592260330078706)": 0.6137653083688625, "(0.28592260330078706, 0.3069715534056822)": 0.602749122467182, "(0.3069715534056822, 0.682410914583765)": 0.599934555556991, "(0.682410914583765, 0.8462556876660268)": 0.594911914089606, "(0.8462556876660268, 0.9928053019394171)": 0.5947329177297526, "(0.9928053019394171, 0.993072825325717)": 0.5578749706643921, "(0.993072825325717, 1.0)": 0.288714051952715}, "pct": 0.288714051952715, "best_return": 245.3002270141827}, "ew_rel_minmax": {"time_param": 500, "trend": "ew_rel_minmax", "q_params": {"(0, 0.022935490789059956)": 0.9979797575074636, "(0.022935490789059956, 0.19103435367301658)": 0.9814336388260161, "(0.19103435367301658, 0.21292724891312903)": 0.7954135959637842, "(0.21292724891312903, 0.23726916320319164)": 0.7910712136794597, "(0.23726916320319164, 0.24947745189437912)": 0.7794074763314024, "(0.24947745189437912, 0.3424312020232823)": 0.414269349832845, "(0.3424312020232823, 0.4824019518979089)": 0.4118040708946105, "(0.4824019518979089, 0.5342638796443546)": 0.4117205992782468, "(0.5342638796443546, 0.5599044669115418)": 0.23549115332156034, "(0.5599044669115418, 1.0)": 0.2341778035959803}, "pct": 0.2341778035959803, "best_return": 234.6915513097843}}