{"ma": {"time_param": 55, "trend": "ma", "q_params": {"(0, 0.12972039875301625)": 0.9998301495362811, "(0.12972039875301625, 0.1853824964799578)": 0.999441857458294, "(0.1853824964799578, 0.26264601232678675)": 0.986450189505755, "(0.26264601232678675, 0.3465989376179003)": 0.7576739900111079, "(0.3465989376179003, 0.41388654447487033)": 0.7557239965421315, "(0.41388654447487033, 0.5230884849273039)": 0.5893157426966491, "(0.5230884849273039, 0.7100779169980187)": 0.5806379887748467, "(0.7100779169980187, 0.8742270708954241)": 0.3406244134202993, "(0.8742270708954241, 0.9598228578878821)": 0.20976226673756307, "(0.9598228578878821, 1.0)": 0.0035774543182727388}, "pct": 0.5893157426966491, "best_return": 227.82146322139744}, "ew_ma": {"time_param": 34, "trend": "ew_ma", "q_params": {"(0, 0.12963672341674318)": 0.9955412874258504, "(0.12963672341674318, 0.20056062499393965)": 0.9901140372128353, "(0.20056062499393965, 0.2880979422967187)": 0.8769024310452453, "(0.2880979422967187, 0.31275335215065)": 0.8738070593268349, "(0.31275335215065, 0.3448098472506238)": 0.5882779655143404, "(0.3448098472506238, 0.48988616924589734)": 0.5651564888331884, "(0.48988616924589734, 0.544417728218296)": 0.5619702778226945, "(0.544417728218296, 0.6776079202744371)": 0.49961198691223613, "(0.6776079202744371, 0.9265079120095742)": 0.4929142874123461, "(0.9265079120095742, 1.0)": 0.037845190072937004}, "pct": 0.5651564888331884, "best_return": 348.2727973590562}, "rel_minmax": {"time_param": 534, "trend": "rel_minmax", "q_params": {"(0, 0.14483471801936598)": 0.998804799555915, "(0.14483471801936598, 0.25697084651927254)": 0.9689144187858875, "(0.25697084651927254, 0.2843555237680731)": 0.9678722146400602, "(0.2843555237680731, 0.28592260330078706)": 0.7557242561894628, "(0.28592260330078706, 0.3069715534056822)": 0.6176385891136381, "(0.3069715534056822, 0.6688253316615552)": 0.600563496450847, "(0.6688253316615552, 0.8462556876660268)": 0.594911914089606, "(0.8462556876660268, 0.9741248870841306)": 0.5946643471915218, "(0.9741248870841306, 0.9933974934588781)": 0.5927112155256838, "(0.9933974934588781, 1.0)": 0.4277925045835111}, "pct": 0.4277925045835111, "best_return": 239.72964756102837}, "ew_rel_minmax": {"time_param": 500, "trend": "ew_rel_minmax", "q_params": {"(0.0, 0.022935490789059956)": 0.9979797575074636, "(0.022935490789059956, 0.19103435367301658)": 0.9814336388260161, "(0.19103435367301658, 0.21292724891312903)": 0.8008935607542356, "(0.21292724891312903, 0.23726916320319164)": 0.7768964845431613, "(0.23726916320319164, 0.24947745189437912)": 0.7416875406630776, "(0.24947745189437912, 0.3424312020232823)": 0.4296655608583417, "(0.3424312020232823, 0.4824019518979089)": 0.4118040708946105, "(0.4824019518979089, 0.5342638796443546)": 0.4117205992782468, "(0.5342638796443546, 0.5919606019971557)": 0.24385905515393047, "(0.5919606019971557, 1.0)": 0.2341778035959803}, "pct": 0.2341778035959803, "best_return": 227.013999165009}}