{"ma": {"time_param": 23, "trend": "ma", "q_params": {"(0, 0.1415917483551386)": 0.9253318520020648, "(0.1415917483551386, 0.19475539367169542)": 0.8574388797770509, "(0.19475539367169542, 0.236801982546536)": 0.843219617866879, "(0.236801982546536, 0.5628645446842572)": 0.8400082717914652, "(0.5628645446842572, 0.836335068354087)": 0.5159851781023168, "(0.836335068354087, 0.8854209757709984)": 0.4713115852563509, "(0.8854209757709984, 0.8954796701069854)": 0.33055448599655135, "(0.8954796701069854, 0.9113124530498709)": 0.2598928115599348, "(0.9113124530498709, 0.9485607520027726)": 0.24504027373302636, "(0.9485607520027726, 1.0)": 0.06062376677003212}, "pct": 0.4713115852563509, "best_return": 46.510466148131144}, "ew_ma": {"time_param": 34, "trend": "ew_ma", "q_params": {"(0.0, 0.17379995634067352)": 0.9981358399684612, "(0.17379995634067352, 0.2670245905697927)": 0.9933292173215683, "(0.2670245905697927, 0.2880979422967187)": 0.9143255573678303, "(0.2880979422967187, 0.31275335215065)": 0.9063685995425494, "(0.31275335215065, 0.3448098472506238)": 0.5694557622178433, "(0.3448098472506238, 0.4886446950098533)": 0.5625960781361085, "(0.4886446950098533, 0.544417728218296)": 0.5619702778226945, "(0.544417728218296, 0.6603864360251425)": 0.4961340871650296, "(0.6603864360251425, 0.9265079120095742)": 0.4929142874123461, "(0.9265079120095742, 1.0)": 0.037845190072937004}, "pct": 1, "best_return": 38.40615375225361}, "rel_minmax": {"time_param": 167, "trend": "rel_minmax", "q_params": {"(0, 0.09245882307516057)": 0.999178398409012, "(0.09245882307516057, 0.148762144761238)": 0.9167001410961152, "(0.148762144761238, 0.1923037280095713)": 0.7089849426801557, "(0.1923037280095713, 0.3558231718353719)": 0.6425538997462901, "(0.3558231718353719, 0.36340131138735865)": 0.6028466920778001, "(0.36340131138735865, 0.4046889272544407)": 0.5051575310288535, "(0.4046889272544407, 0.4282531374325111)": 0.3670359282428179, "(0.4282531374325111, 0.5569070774891554)": 0.3309892330833014, "(0.5569070774891554, 0.9020569959425376)": 0.23815350099489496, "(0.9020569959425376, 1.0)": 0.2102092699106578}, "pct": 0.2102092699106578, "best_return": 40.70932315910084}, "ew_rel_minmax": {"time_param": 277, "trend": "ew_rel_minmax", "q_params": {"(0, 0.03537883656052648)": 0.9778816921136485, "(0.03537883656052648, 0.06158808625413248)": 0.9432799851625164, "(0.06158808625413248, 0.33529708957228255)": 0.6325789774412928, "(0.33529708957228255, 0.3524742186385101)": 0.6154616931390983, "(0.3524742186385101, 0.4476055505851607)": 0.5506522719781882, "(0.4476055505851607, 0.47798506863409845)": 0.45079139367772997, "(0.47798506863409845, 0.48808764642434876)": 0.40799574942707084, "(0.48808764642434876, 0.5914604182324406)": 0.3768738827489632, "(0.5914604182324406, 0.9675269100315165)": 0.3359862635725333, "(0.9675269100315165, 1.0)": 0.24599949876267174}, "pct": 0.24599949876267174, "best_return": 70.74576586809962}}