{"ma": {"trend": "ma", "time_param": 91, "q_params": {"(0, 0.06099046868015834)": 0.999820897636331, "(0.06099046868015834, 0.33496506260302417)": 0.9993455217009124, "(0.33496506260302417, 0.34547828609733755)": 0.9990589725203742, "(0.34547828609733755, 0.366083335943805)": 0.9984046570750457, "(0.366083335943805, 0.5624227437006637)": 0.998379559799724, "(0.5624227437006637, 0.5884567414465858)": 0.9954568066837977, "(0.5884567414465858, 0.6400896344451156)": 0.980592069400174, "(0.6400896344451156, 0.8817651884354413)": 0.9592924146106742, "(0.8817651884354413, 0.9383669766895637)": 0.9222232239137993, "(0.9383669766895637, 1.0)": 0.08980740096667122}, "pct": 0.9993455217009124, "best_return": 8.859362553473394}, "ew_ma": {"trend": "ew_ma", "time_param": 91, "q_params": {"(0, 0.03645552038581101)": 0.9997662397310662, "(0.03645552038581101, 0.23220203103077633)": 0.9983316444252804, "(0.23220203103077633, 0.498815388467393)": 0.9979182956268196, "(0.498815388467393, 0.6164612524586619)": 0.9925350238350981, "(0.6164612524586619, 0.6345548100600386)": 0.9846774020956776, "(0.6345548100600386, 0.6741603060216989)": 0.977664444303561, "(0.6741603060216989, 0.6848209836896779)": 0.9662760357052624, "(0.6848209836896779, 0.8376260563931699)": 0.8836123822057982, "(0.8376260563931699, 0.9719373044850282)": 0.7878673823278078, "(0.9719373044850282, 1.0)": 0.039714383079382166}, "pct": 0.9983316444252804, "best_return": 7.088138215669995}, "rel_minmax": {"time_param": 109, "trend": "rel_minmax", "q_params": {"(0, 0.29755003222524695)": 0.959859967113328, "(0.29755003222524695, 0.3166338809007486)": 0.9129795676115215, "(0.3166338809007486, 0.354492464061471)": 0.8908780177636142, "(0.354492464061471, 0.5760209991870059)": 0.889337375412926, "(0.5760209991870059, 0.5874109282171499)": 0.6177468987359653, "(0.5874109282171499, 0.6790768074615244)": 0.5882440304843987, "(0.6790768074615244, 0.7769864763514551)": 0.46448336619699054, "(0.7769864763514551, 0.8251279994610302)": 0.35652863056175504, "(0.8251279994610302, 0.8718451200994181)": 0.10899275919289964, "(0.8718451200994181, 1.0)": 0.10546961122201054}, "pct": 0.10546961122201054, "best_return": 7.585047041743915}, "ew_rel_minmax": {"time_param": 172, "trend": "ew_rel_minmax", "q_params": {"(0, 0.14409986892072035)": 0.9882586149771992, "(0.14409986892072035, 0.1798839010313042)": 0.9400135914580314, "(0.1798839010313042, 0.4649424461047612)": 0.9251550168687833, "(0.4649424461047612, 0.4888374866799554)": 0.8496800489098959, "(0.4888374866799554, 0.659136575387579)": 0.33513284986574465, "(0.659136575387579, 0.7530663194846828)": 0.31157570063966755, "(0.7530663194846828, 0.8123924068627966)": 0.19497935757320817, "(0.8123924068627966, 0.9224635767851406)": 0.12698711034118604, "(0.9224635767851406, 0.9274094120706309)": 0.06747139168401672, "(0.9274094120706309, 1.0)": 0.0031946082666640674}, "pct": 0.0031946082666640674, "best_return": 8.131070130847302}}