{"ma": {"trend": "ma", "time_param": 91, "q_params": {"(0, 0.07673753031639358)": 0.9993997029908699, "(0.07673753031639358, 0.33905688731770783)": 0.9993455217009124, "(0.33905688731770783, 0.3410600183818563)": 0.9992082713148633, "(0.3410600183818563, 0.379761639185837)": 0.9986879401625173, "(0.379761639185837, 0.5705116894506782)": 0.9974354351897398, "(0.5705116894506782, 0.5929385246010943)": 0.9932993471313905, "(0.5929385246010943, 0.6478584221521876)": 0.9826864885634559, "(0.6478584221521876, 0.9091247884247001)": 0.9534767636885717, "(0.9091247884247001, 0.9411047081407942)": 0.9294662678083849, "(0.9411047081407942, 1.0)": 0.09193215079056657}, "pct": 0.9993455217009124, "best_return": 9.03252275952986}, "ew_ma": {"trend": "ew_ma", "time_param": 91, "q_params": {"(0, 0.031291967665319755)": 0.9988538858085291, "(0.031291967665319755, 0.2176080682822895)": 0.998505210873493, "(0.2176080682822895, 0.4878530623108872)": 0.9979182956268196, "(0.4878530623108872, 0.5770306844253152)": 0.996770699239791, "(0.5770306844253152, 0.627612084446878)": 0.980009970798026, "(0.627612084446878, 0.6616767913173628)": 0.9709636404813963, "(0.6616767913173628, 0.698748163370873)": 0.9555451847264692, "(0.698748163370873, 0.8239004331929664)": 0.832086434650561, "(0.8239004331929664, 0.9719373044850282)": 0.8055449355496268, "(0.9719373044850282, 1.0)": 0.05361601917495498}, "pct": 0.9979182956268196, "best_return": 7.9056668670934735}, "rel_minmax": {"time_param": 65, "trend": "rel_minmax", "q_params": {"(0, 0.305426069566891)": 0.9998550710818292, "(0.305426069566891, 0.5060142348870726)": 0.9867262832416788, "(0.5060142348870726, 0.687281893296761)": 0.9397263881867104, "(0.687281893296761, 0.7818255704675096)": 0.9076832514537824, "(0.7818255704675096, 0.8259086661137959)": 0.846397064952146, "(0.8259086661137959, 0.8465399914523977)": 0.8309388605852941, "(0.8465399914523977, 0.8568211244847055)": 0.6759297267124819, "(0.8568211244847055, 0.9088477105467248)": 0.5753722089384815, "(0.9088477105467248, 0.9447242418024174)": 0.41112735767420394, "(0.9447242418024174, 1)": 0.022914787460807884}, "pct": 0.022914787460807884, "best_return": 8.22126985975191}, "ew_rel_minmax": {"trend": "ew_rel_minmax", "time_param": 91, "q_params": {"(0, 0.20076705302863776)": 1.0, "(0.20076705302863776, 0.25459251722980697)": 0.9996082008521034, "(0.25459251722980697, 0.2720698568631487)": 0.999345030550326, "(0.2720698568631487, 0.4540215766669973)": 0.9974275836941627, "(0.4540215766669973, 0.5725296628538502)": 0.996621263728293, "(0.5725296628538502, 0.579424740283211)": 0.9915981743159565, "(0.579424740283211, 0.6656678033674702)": 0.9776120471452006, "(0.6656678033674702, 0.750081512954819)": 0.9716992785343737, "(0.750081512954819, 0.9496416167923859)": 0.7436415962978334, "(0.9496416167923859, 1.0)": 0.12990647099586525}, "pct": 0.7436415962978334, "best_return": 7.794781470490709}}