{"ma": {"trend": "ma", "time_param": 91, "q_params": {"(0, 0.07673753031639358)": 0.9993997029908699, "(0.07673753031639358, 0.3479710606098257)": 0.9993899169245035, "(0.3479710606098257, 0.3661171202868358)": 0.9992082713148633, "(0.3661171202868358, 0.36942012707152483)": 0.9991341876094632, "(0.36942012707152483, 0.5736354153676629)": 0.9974354351897398, "(0.5736354153676629, 0.5984473512599402)": 0.9967056911114207, "(0.5984473512599402, 0.6466351490873801)": 0.9961409601044756, "(0.6466351490873801, 0.9011347108634198)": 0.9534767636885717, "(0.9011347108634198, 0.9495459616235755)": 0.9294662678083849, "(0.9495459616235755, 1.0)": 0.0718966451515787}, "pct": 0.9993899169245035, "best_return": 8.889833949049708}, "ew_ma": {"trend": "ew_ma", "time_param": 91, "q_params": {"(0, 0.031291967665319755)": 0.999588411016089, "(0.031291967665319755, 0.2176080682822895)": 0.9985465099057563, "(0.2176080682822895, 0.4878530623108872)": 0.9983055727257334, "(0.4878530623108872, 0.5770306844253152)": 0.998211919521312, "(0.5770306844253152, 0.6442750122383049)": 0.9931787124380639, "(0.6442750122383049, 0.6801358882941323)": 0.9709636404813963, "(0.6801358882941323, 0.7287056721459507)": 0.9468101864134826, "(0.7287056721459507, 0.8127372416463379)": 0.832086434650561, "(0.8127372416463379, 0.9674329503821592)": 0.7951642646935955, "(0.9674329503821592, 1.0)": 0.05146497684195368}, "pct": 0.9983055727257334, "best_return": 7.9106964692299035}, "rel_minmax": {"time_param": 130, "trend": "rel_minmax", "q_params": {"(0, 0.2266544240336883)": 0.9895220697342736, "(0.2266544240336883, 0.23626058162161676)": 0.9517769919816503, "(0.23626058162161676, 0.2427080470649219)": 0.8742640022578481, "(0.2427080470649219, 0.2460067257173522)": 0.8042368336785458, "(0.2460067257173522, 0.48726199530331615)": 0.798796469352244, "(0.48726199530331615, 0.4969017788798797)": 0.7852107700609231, "(0.4969017788798797, 0.7061751106519984)": 0.741990632695751, "(0.7061751106519984, 0.8620647637987005)": 0.5841574942863956, "(0.8620647637987005, 0.9002404825784783)": 0.08625831611859487, "(0.9002404825784783, 1.0)": 0.008897479069737502}, "pct": 0.008897479069737502, "best_return": 11.398371791914416}, "ew_rel_minmax": {"trend": "ew_rel_minmax", "time_param": 91, "q_params": {"(0, 0.25118363914474157)": 1.0, "(0.25118363914474157, 0.25459251722980697)": 0.9994219388501248, "(0.25459251722980697, 0.2720698568631487)": 0.9968888361535556, "(0.2720698568631487, 0.45444431769815685)": 0.9966566942021065, "(0.45444431769815685, 0.5725296628538502)": 0.9966556924915126, "(0.5725296628538502, 0.6054382629128395)": 0.9963450186751541, "(0.6054382629128395, 0.6911354022293451)": 0.9954094508035595, "(0.6911354022293451, 0.750081512954819)": 0.9936715700213964, "(0.750081512954819, 0.9448220984533312)": 0.747987131000678, "(0.9448220984533312, 1.0)": 0.13065688792918037}, "pct": 0.13065688792918037, "best_return": 7.924697726453355}}