{"ma": {"trend": "ma", "time_param": 91, "q_params": {"(0, 0.07673753031639358)": 0.9993997029908699, "(0.07673753031639358, 0.3059435653937356)": 0.9993761650253505, "(0.3059435653937356, 0.3286214207467709)": 0.999369421628963, "(0.3286214207467709, 0.39251281491695444)": 0.9991858721265685, "(0.39251281491695444, 0.5736354153676629)": 0.998189263700752, "(0.5736354153676629, 0.6165866683297396)": 0.9972563359873372, "(0.6165866683297396, 0.6221233803376877)": 0.9961409601044756, "(0.6221233803376877, 0.9011347108634198)": 0.9941378348703863, "(0.9011347108634198, 0.9380750778191795)": 0.9294662678083849, "(0.9380750778191795, 1.0)": 0.0735182106719464}, "pct": 0.998189263700752, "best_return": 12.0120742141803}, "ew_ma": {"trend": "ew_ma", "time_param": 91, "q_params": {"(0, 0.021067048784748726)": 0.9999893194386579, "(0.021067048784748726, 0.18604528694187195)": 0.999972532654138, "(0.18604528694187195, 0.5017459919126395)": 0.998590125981946, "(0.5017459919126395, 0.5480193225855057)": 0.998211919521312, "(0.5480193225855057, 0.6569171128850428)": 0.9931787124380639, "(0.6569171128850428, 0.6801358882941323)": 0.9920807545131406, "(0.6801358882941323, 0.7620998333761255)": 0.9688727259895136, "(0.7620998333761255, 0.8225953940736872)": 0.9684489717892788, "(0.8225953940736872, 0.9674329503821592)": 0.7951642646935955, "(0.9674329503821592, 1.0)": 0.045765698442501924}, "pct": 0.9931787124380639, "best_return": 9.958251913359915}, "rel_minmax": {"time_param": 130, "trend": "rel_minmax", "q_params": {"(0, 0.23572297355069002)": 0.9639087758329883, "(0.23572297355069002, 0.23626058162161676)": 0.9185740565103035, "(0.23626058162161676, 0.2380903385649935)": 0.8742640022578481, "(0.2380903385649935, 0.2388741668151715)": 0.8098264761671904, "(0.2388741668151715, 0.4622456250382175)": 0.7959453192185727, "(0.4622456250382175, 0.4969017788798797)": 0.7852107700609231, "(0.4969017788798797, 0.7113503250987512)": 0.7805238806711254, "(0.7113503250987512, 0.9025263934962973)": 0.600203851527881, "(0.9025263934962973, 0.9675753891018806)": 0.0773902290209243, "(0.9675753891018806, 1.0)": 0.0002784560632946526}, "pct": 0.0002784560632946526, "best_return": 9.211967910134625}, "ew_rel_minmax": {"trend": "ew_rel_minmax", "time_param": 91, "q_params": {"(0, 0.25118363914474157)": 1.0, "(0.25118363914474157, 0.26881374044871925)": 0.9979380057235832, "(0.26881374044871925, 0.2720698568631487)": 0.9968888361535556, "(0.2720698568631487, 0.449920010874773)": 0.9966566942021065, "(0.449920010874773, 0.5881295033379429)": 0.9966556924915126, "(0.5881295033379429, 0.6054382629128395)": 0.99624712842726, "(0.6054382629128395, 0.664396390537479)": 0.9944221696155245, "(0.664396390537479, 0.7684805820489046)": 0.9936715700213964, "(0.7684805820489046, 0.9448220984533312)": 0.747987131000678, "(0.9448220984533312, 1.0)": 0.13065688792918037}, "pct": 0.747987131000678, "best_return": 9.162364260823665}}