{"ma": {"trend": "ma", "time_param": 91, "q_params": {"(0, 0.07673753031639358)": 0.9993997029908699, "(0.07673753031639358, 0.3479710606098257)": 0.9993899169245035, "(0.3479710606098257, 0.3661171202868358)": 0.9992227940625837, "(0.3661171202868358, 0.3689754255187369)": 0.9991858721265685, "(0.3689754255187369, 0.5736354153676629)": 0.9974354351897398, "(0.5736354153676629, 0.5984473512599402)": 0.9969810433012604, "(0.5984473512599402, 0.6427743053558732)": 0.9961409601044756, "(0.6427743053558732, 0.9011347108634198)": 0.9818562930954184, "(0.9011347108634198, 0.9515196016233762)": 0.9294662678083849, "(0.9515196016233762, 1.0)": 0.07258636083824525}, "pct": 0.9993899169245035, "best_return": 9.39747185323792}, "ew_ma": {"trend": "ew_ma", "time_param": 91, "q_params": {"(0, 0.028886341049079257)": 0.9992563935624383, "(0.028886341049079257, 0.18604528694187195)": 0.99904929349602, "(0.18604528694187195, 0.490775557371085)": 0.9982453053393632, "(0.490775557371085, 0.5770306844253152)": 0.998211919521312, "(0.5770306844253152, 0.6547588630287723)": 0.9931787124380639, "(0.6547588630287723, 0.6801358882941323)": 0.9919792705631157, "(0.6801358882941323, 0.7287056721459507)": 0.9362873396574352, "(0.7287056721459507, 0.7991981414479219)": 0.832086434650561, "(0.7991981414479219, 0.9674329503821592)": 0.7951642646935955, "(0.9674329503821592, 1.0)": 0.05146497684195368}, "pct": 0.9982453053393632, "best_return": 8.633297410753588}, "rel_minmax": {"time_param": 130, "trend": "rel_minmax", "q_params": {"(0, 0.23572297355069002)": 0.9895220697342736, "(0.23572297355069002, 0.23626058162161676)": 0.8992102791528255, "(0.23626058162161676, 0.2427080470649219)": 0.8742640022578481, "(0.2427080470649219, 0.2460067257173522)": 0.827350842411771, "(0.2460067257173522, 0.4622456250382175)": 0.8153172410003845, "(0.4622456250382175, 0.4969017788798797)": 0.7852107700609231, "(0.4969017788798797, 0.6919158586667943)": 0.7125924709363013, "(0.6919158586667943, 0.8839895442386099)": 0.600203851527881, "(0.8839895442386099, 0.9002404825784783)": 0.07477821908118706, "(0.9002404825784783, 1.0)": 0.008897479069737502}, "pct": 0.008897479069737502, "best_return": 9.45288093928549}, "ew_rel_minmax": {"trend": "ew_rel_minmax", "time_param": 91, "q_params": {"(0.0, 0.25118363914474157)": 1.0, "(0.25118363914474157, 0.26881374044871925)": 0.9979380057235832, "(0.26881374044871925, 0.2720698568631487)": 0.9968888361535556, "(0.2720698568631487, 0.449920010874773)": 0.9966566942021065, "(0.449920010874773, 0.5881295033379429)": 0.9966556924915126, "(0.5881295033379429, 0.6054382629128395)": 0.99624712842726, "(0.6054382629128395, 0.664396390537479)": 0.9944221696155245, "(0.664396390537479, 0.7684805820489046)": 0.9936715700213964, "(0.7684805820489046, 0.9448220984533312)": 0.747987131000678, "(0.9448220984533312, 1.0)": 0.13065688792918037}, "pct": 1, "best_return": 7.969133970713534}}