{"ma": {"trend": "ma", "time_param": 91, "q_params": {"(0, 0.044785310603548664)": 0.9993997029908699, "(0.044785310603548664, 0.29070535009312076)": 0.9993761650253505, "(0.29070535009312076, 0.3286214207467709)": 0.9992353918931927, "(0.3286214207467709, 0.39251281491695444)": 0.9991858721265685, "(0.39251281491695444, 0.5736354153676629)": 0.9988343255394713, "(0.5736354153676629, 0.5856844969374162)": 0.9981193716492648, "(0.5856844969374162, 0.6530169330591312)": 0.9946707078987526, "(0.6530169330591312, 0.8741604468302409)": 0.9934737247842907, "(0.8741604468302409, 0.9380750778191795)": 0.992183291053536, "(0.9380750778191795, 1.0)": 0.11165945347946658}, "pct": 0.9934737247842907, "best_return": 13.93070097154097}, "ew_ma": {"trend": "ew_ma", "time_param": 91, "q_params": {"(0, 0.021067048784748726)": 0.9999778940673733, "(0.021067048784748726, 0.18690923959664107)": 0.999972532654138, "(0.18690923959664107, 0.5017459919126395)": 0.99997127439203, "(0.5017459919126395, 0.5160839651746693)": 0.9999683683215792, "(0.5160839651746693, 0.6569171128850428)": 0.9999037546623836, "(0.6569171128850428, 0.6789782173659547)": 0.9920807545131406, "(0.6789782173659547, 0.7047685272520653)": 0.9725594516142054, "(0.7047685272520653, 0.8516905710563378)": 0.9684489717892788, "(0.8516905710563378, 0.9674329503821592)": 0.7951642646935955, "(0.9674329503821592, 1.0)": 0.045765698442501924}, "pct": 0.9684489717892788, "best_return": 10.4721856028395}, "rel_minmax": {"time_param": 130, "trend": "rel_minmax", "q_params": {"(0, 0.23572297355069002)": 0.9863765673783262, "(0.23572297355069002, 0.23594623296144154)": 0.8806259713517457, "(0.23594623296144154, 0.23757853220771907)": 0.8742640022578481, "(0.23757853220771907, 0.2575558860196149)": 0.8098264761671904, "(0.2575558860196149, 0.45071657958205286)": 0.7933178591644402, "(0.45071657958205286, 0.5131696071997791)": 0.7852107700609231, "(0.5131696071997791, 0.6588837236015794)": 0.7805238806711254, "(0.6588837236015794, 0.8690727568187635)": 0.6005080561256556, "(0.8690727568187635, 0.9193766958104002)": 0.0773902290209243, "(0.9193766958104002, 1.0)": 0.0002784560632946526}, "pct": 0.0773902290209243, "best_return": 11.20489246679836}, "ew_rel_minmax": {"trend": "ew_rel_minmax", "time_param": 91, "q_params": {"(0.0, 0.25118363914474157)": 1.0, "(0.25118363914474157, 0.25234855154334423)": 0.9971740090965456, "(0.25234855154334423, 0.2720698568631487)": 0.996742935796547, "(0.2720698568631487, 0.449920010874773)": 0.9966566942021065, "(0.449920010874773, 0.5881295033379429)": 0.9966556924915126, "(0.5881295033379429, 0.6054382629128395)": 0.99624712842726, "(0.6054382629128395, 0.664396390537479)": 0.9937605731017022, "(0.664396390537479, 0.7954565171699685)": 0.9936715700213964, "(0.7954565171699685, 0.9448220984533312)": 0.7540597101208981, "(0.9448220984533312, 1.0)": 0.13779222547702483}, "pct": 1, "best_return": 10.31380770044655}}