{"ma": {"trend": "ma", "time_param": 91, "q_params": {"(0, 0.06817598562166352)": 0.9992229387054778, "(0.06817598562166352, 0.28755136386052027)": 0.9992199891724461, "(0.28755136386052027, 0.31844081284994363)": 0.999203232267923, "(0.31844081284994363, 0.5319984662693731)": 0.9991067582660014, "(0.5319984662693731, 0.5736354153676629)": 0.9988343255394713, "(0.5736354153676629, 0.5924288286898151)": 0.9972660051071829, "(0.5924288286898151, 0.6423345205876543)": 0.9931514803750516, "(0.6423345205876543, 0.8741604468302409)": 0.993020965034979, "(0.8741604468302409, 0.9380750778191795)": 0.992183291053536, "(0.9380750778191795, 1.0)": 0.11165945347946658}, "pct": 0.9988343255394713, "best_return": 13.784759165116121}, "ew_ma": {"trend": "ew_ma", "time_param": 91, "q_params": {"(0, 0.02021677888157073)": 1.0, "(0.02021677888157073, 0.021503093490749872)": 0.999972532654138, "(0.021503093490749872, 0.4871547965609793)": 0.9999685217561497, "(0.4871547965609793, 0.5464069332065422)": 0.9999683683215792, "(0.5464069332065422, 0.6608151121391419)": 0.9995981615788235, "(0.6608151121391419, 0.6723475740386237)": 0.9951776208408506, "(0.6723475740386237, 0.6997861988756753)": 0.994929126795681, "(0.6997861988756753, 0.7482565444153964)": 0.760111307692723, "(0.7482565444153964, 0.9617476398267704)": 0.7559988974986408, "(0.9617476398267704, 1.0)": 0.045765698442501924}, "pct": 0.760111307692723, "best_return": 11.925346509437418}, "rel_minmax": {"time_param": 130, "trend": "rel_minmax", "q_params": {"(0, 0.23572297355069002)": 0.9988324227732369, "(0.23572297355069002, 0.23830863486931514)": 0.9263230036613291, "(0.23830863486931514, 0.24691326309759792)": 0.8742640022578481, "(0.24691326309759792, 0.2575558860196149)": 0.8098264761671904, "(0.2575558860196149, 0.4918092302612511)": 0.8063818456655215, "(0.4918092302612511, 0.5260662187470557)": 0.78544046011714, "(0.5260662187470557, 0.6832320097440832)": 0.7805238806711254, "(0.6832320097440832, 0.8831793141509128)": 0.6118016788209452, "(0.8831793141509128, 0.9193766958104002)": 0.000495931596505881, "(0.9193766958104002, 1.0)": 0.0002784560632946526}, "pct": 0.0002784560632946526, "best_return": 13.237728999923172}, "ew_rel_minmax": {"trend": "ew_rel_minmax", "time_param": 91, "q_params": {"(0.0, 0.25118363914474157)": 1.0, "(0.25118363914474157, 0.25234855154334423)": 0.9971740090965456, "(0.25234855154334423, 0.25736671501537306)": 0.996742935796547, "(0.25736671501537306, 0.4354028619379784)": 0.9966636298627249, "(0.4354028619379784, 0.6048438426591161)": 0.9966556924915126, "(0.6048438426591161, 0.6054382629128395)": 0.99624712842726, "(0.6054382629128395, 0.7011952712296696)": 0.9937605731017022, "(0.7011952712296696, 0.789792468520741)": 0.9936715700213964, "(0.789792468520741, 0.9142396015359601)": 0.7270805029890739, "(0.9142396015359601, 1.0)": 0.1605901084366042}, "pct": 0.1605901084366042, "best_return": 9.214120180710022}}