{"ma": {"trend": "ma", "time_param": 91, "q_params": {"(0, 0.06099046868015834)": 0.999820897636331, "(0.06099046868015834, 0.33905688731770783)": 0.9993455217009124, "(0.33905688731770783, 0.34547828609733755)": 0.9990589725203742, "(0.34547828609733755, 0.366083335943805)": 0.9984046570750457, "(0.366083335943805, 0.5624227437006637)": 0.998379559799724, "(0.5624227437006637, 0.5884567414465858)": 0.9954568066837977, "(0.5884567414465858, 0.6400896344451156)": 0.9762304115571465, "(0.6400896344451156, 0.8817651884354413)": 0.9538043657738045, "(0.8817651884354413, 0.9383669766895637)": 0.9222232239137993, "(0.9383669766895637, 1.0)": 0.07849755969402292}, "pct": 0.9993455217009124, "best_return": 8.590856589775266}, "ew_ma": {"trend": "ew_ma", "time_param": 91, "q_params": {"(0, 0.03645552038581101)": 0.9997662397310662, "(0.03645552038581101, 0.22863737644186216)": 0.998505210873493, "(0.22863737644186216, 0.498815388467393)": 0.9979182956268196, "(0.498815388467393, 0.5988583842197847)": 0.9925350238350981, "(0.5988583842197847, 0.627612084446878)": 0.9846774020956776, "(0.627612084446878, 0.6741603060216989)": 0.977664444303561, "(0.6741603060216989, 0.6848209836896779)": 0.9560317638135504, "(0.6848209836896779, 0.8376260563931699)": 0.8836123822057982, "(0.8376260563931699, 0.9719373044850282)": 0.7878673823278078, "(0.9719373044850282, 1.0)": 0.04444397406339005}, "pct": 0.998505210873493, "best_return": 6.802926773108462}, "rel_minmax": {"time_param": 109, "trend": "rel_minmax", "q_params": {"(0, 0.29755003222524695)": 0.959859967113328, "(0.29755003222524695, 0.32148983066195613)": 0.9129795676115215, "(0.32148983066195613, 0.354492464061471)": 0.8908780177636142, "(0.354492464061471, 0.5698014339591567)": 0.889337375412926, "(0.5698014339591567, 0.5874109282171499)": 0.6177468987359653, "(0.5874109282171499, 0.6790768074615244)": 0.5882440304843987, "(0.6790768074615244, 0.7769864763514551)": 0.4712259473191471, "(0.7769864763514551, 0.8251279994610302)": 0.35652863056175504, "(0.8251279994610302, 0.8634872206280828)": 0.10899275919289964, "(0.8634872206280828, 1.0)": 0.08646086348417986}, "pct": 0.08646086348417986, "best_return": 7.071760009904841}, "ew_rel_minmax": {"time_param": 172, "trend": "ew_rel_minmax", "q_params": {"(0, 0.14409986892072035)": 0.972412553536738, "(0.14409986892072035, 0.1798839010313042)": 0.9298294740928096, "(0.1798839010313042, 0.4742686805781736)": 0.9251550168687833, "(0.4742686805781736, 0.48364001709764326)": 0.8496800489098959, "(0.48364001709764326, 0.659136575387579)": 0.32641865230765177, "(0.659136575387579, 0.7509305427400949)": 0.31157570063966755, "(0.7509305427400949, 0.8123924068627966)": 0.19497935757320817, "(0.8123924068627966, 0.910214551804624)": 0.12698711034118604, "(0.910214551804624, 0.9219087062737745)": 0.06747139168401672, "(0.9219087062737745, 1)": 0.0031946082666640674}, "pct": 0.0031946082666640674, "best_return": 8.096932626763795}}