{"ma": {"trend": "ma", "time_param": 91, "q_params": {"(0, 0.011427163455516197)": 0.9999855908358586, "(0.011427163455516197, 0.47888120811218443)": 0.9991505553992126, "(0.47888120811218443, 0.48044325110076797)": 0.9990589725203742, "(0.48044325110076797, 0.5328560966812517)": 0.9989759907696094, "(0.5328560966812517, 0.6059439861629917)": 0.9989243496092077, "(0.6059439861629917, 0.6535054164482248)": 0.9982059049965811, "(0.6535054164482248, 0.8763082615334401)": 0.991415447213978, "(0.8763082615334401, 0.9344231326236929)": 0.958191411706287, "(0.9344231326236929, 0.9460916774137869)": 0.9222232239137993, "(0.9460916774137869, 1.0)": 0.049005672382020714}, "pct": 0.9991505553992126, "best_return": 6.895893869142359}, "ew_ma": {"trend": "ew_ma", "time_param": 91, "q_params": {"(0, 0.017684072685748668)": 0.9999577426820321, "(0.017684072685748668, 0.027140723353896272)": 0.9964448923030329, "(0.027140723353896272, 0.48866296127935643)": 0.9961648402730571, "(0.48866296127935643, 0.5236389254204757)": 0.9900901245050648, "(0.5236389254204757, 0.6864614500829268)": 0.9846774020956776, "(0.6864614500829268, 0.7304028127258707)": 0.9812448487812474, "(0.7304028127258707, 0.7716900417593378)": 0.9028476807364691, "(0.7716900417593378, 0.8477444154408043)": 0.8836123822057982, "(0.8477444154408043, 0.9769941586140857)": 0.4038631430314857, "(0.9769941586140857, 1.0)": 0.030533579787102954}, "pct": 0.9961648402730571, "best_return": 5.636832166214047}, "rel_minmax": {"time_param": 139, "trend": "rel_minmax", "q_params": {"(0, 0.1287899950902076)": 0.913475706658996, "(0.1287899950902076, 0.35836943899171214)": 0.8737043585381974, "(0.35836943899171214, 0.3913814504969222)": 0.7874385706014013, "(0.3913814504969222, 0.7424101928240949)": 0.6489306212460142, "(0.7424101928240949, 0.7569356393254016)": 0.6224500480792123, "(0.7569356393254016, 0.8799313544047813)": 0.47542282672549985, "(0.8799313544047813, 0.8852446772025934)": 0.37155137482022704, "(0.8852446772025934, 0.9140616950795672)": 0.36313149462444927, "(0.9140616950795672, 0.9151664711055286)": 0.21109168117257548, "(0.9151664711055286, 1)": 0.05396480687236193}, "pct": 0.36313149462444927, "best_return": 6.7381453807997485}, "ew_rel_minmax": {"time_param": 19, "trend": "ew_rel_minmax", "q_params": {"(0, 0.10997249015201364)": 0.9960466721169833, "(0.10997249015201364, 0.12505001080452566)": 0.9409450830086997, "(0.12505001080452566, 0.40805978160451184)": 0.8773076576185816, "(0.40805978160451184, 0.5075185670358001)": 0.7901361278604183, "(0.5075185670358001, 0.6132383055957554)": 0.6998381859880548, "(0.6132383055957554, 0.7755245994634004)": 0.5325948686655576, "(0.7755245994634004, 0.8907354754469053)": 0.469719447345636, "(0.8907354754469053, 0.9265375982778128)": 0.3472609595964845, "(0.9265375982778128, 0.9558029999666979)": 0.3317751771368191, "(0.9558029999666979, 1)": 0.20331656185108596}, "pct": 0.5325948686655576, "best_return": 6.557876303798211}}