{"ma": {"trend": "ma", "time_param": 91, "q_params": {"(0.0, 0.011427163455516197)": 0.999820897636331, "(0.011427163455516197, 0.329391246766435)": 0.9991505553992126, "(0.329391246766435, 0.3512370251401025)": 0.9990589725203742, "(0.3512370251401025, 0.5560590889382271)": 0.9986009781730406, "(0.5560590889382271, 0.5624227437006637)": 0.998379559799724, "(0.5624227437006637, 0.5985760222667165)": 0.9967750407880828, "(0.5985760222667165, 0.6445296611112817)": 0.9672726606974503, "(0.6445296611112817, 0.8784194995893964)": 0.9638238348140471, "(0.8784194995893964, 0.9460916774137869)": 0.9222232239137993, "(0.9460916774137869, 1.0)": 0.08303225056617292}, "pct": 0.9991505553992126, "best_return": 7.8259985886579235}, "ew_ma": {"trend": "ew_ma", "time_param": 91, "q_params": {"(0, 0.014531752629169836)": 0.9999577426820321, "(0.014531752629169836, 0.041717731020601584)": 0.9983316444252804, "(0.041717731020601584, 0.48866296127935643)": 0.9966822793828957, "(0.48866296127935643, 0.6272412108954211)": 0.9925350238350981, "(0.6272412108954211, 0.6473467925072557)": 0.9846774020956776, "(0.6473467925072557, 0.6660914042164575)": 0.9812448487812474, "(0.6660914042164575, 0.6841391046182621)": 0.9028476807364691, "(0.6841391046182621, 0.8477444154408043)": 0.8836123822057982, "(0.8477444154408043, 0.9769941586140857)": 0.7868454118669057, "(0.9769941586140857, 1.0)": 0.030533579787102954}, "pct": 0.9966822793828957, "best_return": 6.609522137772165}, "rel_minmax": {"time_param": 16, "trend": "rel_minmax", "q_params": {"(0, 0.22421192554233782)": 0.9900138576645373, "(0.22421192554233782, 0.3986671000394822)": 0.9572749653955627, "(0.3986671000394822, 0.45671425125472276)": 0.9164470860290159, "(0.45671425125472276, 0.6510547165954917)": 0.8484697677372437, "(0.6510547165954917, 0.9351266278255641)": 0.7689402764982963, "(0.9351266278255641, 0.9423559796068308)": 0.6360159963884575, "(0.9423559796068308, 0.9575124068339956)": 0.5236482121301308, "(0.9575124068339956, 0.9612556918790446)": 0.11141143179236279, "(0.9612556918790446, 0.9747108218938938)": 0.040473409083231826, "(0.9747108218938938, 1.0)": 0.0007289642283575537}, "pct": 0.6360159963884575, "best_return": 8.463593613175293}, "ew_rel_minmax": {"time_param": 90, "trend": "ew_rel_minmax", "q_params": {"(0, 0.3274745938267698)": 0.9950773522552886, "(0.3274745938267698, 0.539286627332348)": 0.9217015148878362, "(0.539286627332348, 0.5679495356026998)": 0.7347800839274287, "(0.5679495356026998, 0.6249392831972791)": 0.6943582943615678, "(0.6249392831972791, 0.6943131658811199)": 0.692814363717888, "(0.6943131658811199, 0.7906323623893536)": 0.6050213908593233, "(0.7906323623893536, 0.811315039853127)": 0.5978592671687897, "(0.811315039853127, 0.8661509888417095)": 0.40527980741065583, "(0.8661509888417095, 0.9294782733770043)": 0.2936015303621736, "(0.9294782733770043, 1)": 0.272024046632562}, "pct": 0.272024046632562, "best_return": 6.968020967717296}}