{"ma": {"trend": "ma", "time_param": 91, "q_params": {"(0, 0.07673753031639358)": 0.9993997029908699, "(0.07673753031639358, 0.33905688731770783)": 0.9993455217009124, "(0.33905688731770783, 0.34547828609733755)": 0.9992017838059828, "(0.34547828609733755, 0.379761639185837)": 0.9989829865863125, "(0.379761639185837, 0.5762324273636245)": 0.9974354351897398, "(0.5762324273636245, 0.5851517744617895)": 0.9773810557740429, "(0.5851517744617895, 0.6452627094981963)": 0.9762304115571465, "(0.6452627094981963, 0.9091247884247001)": 0.9534767636885717, "(0.9091247884247001, 0.9383669766895637)": 0.9410409669145141, "(0.9383669766895637, 1.0)": 0.08573658510858491}, "pct": 0.9993455217009124, "best_return": 8.992143607607424}, "ew_ma": {"trend": "ew_ma", "time_param": 91, "q_params": {"(0, 0.04290392083385604)": 0.9997662397310662, "(0.04290392083385604, 0.2195970967668654)": 0.998505210873493, "(0.2195970967668654, 0.498815388467393)": 0.9979182956268196, "(0.498815388467393, 0.5837168358629911)": 0.9925350238350981, "(0.5837168358629911, 0.627612084446878)": 0.980009970798026, "(0.627612084446878, 0.6477919381850744)": 0.9709636404813963, "(0.6477919381850744, 0.6848209836896779)": 0.9464861767496549, "(0.6848209836896779, 0.8376260563931699)": 0.832086434650561, "(0.8376260563931699, 0.9719373044850282)": 0.8055449355496268, "(0.9719373044850282, 1.0)": 0.051642864801459264}, "pct": 0.9979182956268196, "best_return": 7.557527369637334}, "rel_minmax": {"time_param": 65, "trend": "rel_minmax", "q_params": {"(0, 0.305426069566891)": 0.9982548962272636, "(0.305426069566891, 0.5060142348870726)": 0.9870449135335649, "(0.5060142348870726, 0.6783498460762051)": 0.9397263881867104, "(0.6783498460762051, 0.7985155540044038)": 0.8953973049040449, "(0.7985155540044038, 0.827944823651778)": 0.843621544075779, "(0.827944823651778, 0.8465399914523977)": 0.8309388605852941, "(0.8465399914523977, 0.8568211244847055)": 0.6759297267124819, "(0.8568211244847055, 0.9088477105467248)": 0.5771041133498281, "(0.9088477105467248, 0.9447242418024174)": 0.41112735767420394, "(0.9447242418024174, 1.0)": 0.022914787460807884}, "pct": 0.022914787460807884, "best_return": 8.391640490653504}, "ew_rel_minmax": {"trend": "ew_rel_minmax", "time_param": 91, "q_params": {"(0, 0.19394518225131355)": 1.0, "(0.19394518225131355, 0.2582139109896175)": 0.9997095808452591, "(0.2582139109896175, 0.2720698568631487)": 0.9995121846410113, "(0.2720698568631487, 0.46635984379260537)": 0.9993196192805314, "(0.46635984379260537, 0.5725296628538502)": 0.996621263728293, "(0.5725296628538502, 0.579424740283211)": 0.9901407941619184, "(0.579424740283211, 0.6662831700096528)": 0.9776120471452006, "(0.6662831700096528, 0.750081512954819)": 0.97718984287096, "(0.750081512954819, 0.9473846532893351)": 0.7436415962978334, "(0.9473846532893351, 1.0)": 0.13626473718158338}, "pct": 0.7436415962978334, "best_return": 7.587027729929959}}