{"ma": {"trend": "ma", "time_param": 91, "q_params": {"(0, 0.011427163455516197)": 0.9998988089765436, "(0.011427163455516197, 0.42595488240683255)": 0.9991505553992126, "(0.42595488240683255, 0.5198310507499705)": 0.9990589725203742, "(0.5198310507499705, 0.5328560966812517)": 0.9989279470547752, "(0.5328560966812517, 0.5624227437006637)": 0.9989243496092077, "(0.5624227437006637, 0.6535054164482248)": 0.9982059049965811, "(0.6535054164482248, 0.8763082615334401)": 0.991415447213978, "(0.8763082615334401, 0.9344231326236929)": 0.958191411706287, "(0.9344231326236929, 0.9460916774137869)": 0.9222232239137993, "(0.9460916774137869, 1.0)": 0.08303225056617292}, "pct": 0.9991505553992126, "best_return": 6.32516084461383}, "ew_ma": {"trend": "ew_ma", "time_param": 91, "q_params": {"(0, 0.017684072685748668)": 0.9999577426820321, "(0.017684072685748668, 0.027140723353896272)": 0.9982365234873548, "(0.027140723353896272, 0.48866296127935643)": 0.9961648402730571, "(0.48866296127935643, 0.5236389254204757)": 0.9900901245050648, "(0.5236389254204757, 0.6864614500829268)": 0.9846774020956776, "(0.6864614500829268, 0.7255348184527398)": 0.9812448487812474, "(0.7255348184527398, 0.7716900417593378)": 0.9028476807364691, "(0.7716900417593378, 0.8477444154408043)": 0.8836123822057982, "(0.8477444154408043, 0.9769941586140857)": 0.33834509542994134, "(0.9769941586140857, 1.0)": 0.030533579787102954}, "pct": 0.9999577426820321, "best_return": 5.3584526793535}, "rel_minmax": {"time_param": 38, "trend": "rel_minmax", "q_params": {"(0, 0.17462363259074487)": 0.9094442919972933, "(0.17462363259074487, 0.18408311321285076)": 0.8394854991144869, "(0.18408311321285076, 0.31864045610958397)": 0.5931982413646308, "(0.31864045610958397, 0.4602466104740263)": 0.586002599731225, "(0.4602466104740263, 0.6378285326687362)": 0.3963252091567697, "(0.6378285326687362, 0.755157288481306)": 0.3910429454860306, "(0.755157288481306, 0.7641911314014876)": 0.34064801382788035, "(0.7641911314014876, 0.8742618708911591)": 0.21914478213611033, "(0.8742618708911591, 0.923922649302208)": 0.0652502399505196, "(0.923922649302208, 1)": 0.027179138189963647}, "pct": 0.21914478213611033, "best_return": 5.31328465717393}, "ew_rel_minmax": {"time_param": 179, "trend": "ew_rel_minmax", "q_params": {"(0, 0.2176928596081945)": 0.8851956194456806, "(0.2176928596081945, 0.2671810145878333)": 0.6896785585957592, "(0.2671810145878333, 0.4097566311273384)": 0.5907725252195524, "(0.4097566311273384, 0.5376175347902856)": 0.5383258866711931, "(0.5376175347902856, 0.5719331827700358)": 0.3766028217998083, "(0.5719331827700358, 0.7339885181282001)": 0.2920132778224524, "(0.7339885181282001, 0.807522200369508)": 0.2501410017681077, "(0.807522200369508, 0.9046699243360067)": 0.1566277180871286, "(0.9046699243360067, 0.927559839131772)": 0.1261276840582498, "(0.927559839131772, 1)": 0.10603327371006414}, "pct": 0.1566277180871286, "best_return": 6.077877195293314}}