{"ma": {"trend": "ma", "time_param": 91, "q_params": {"(0, 0.06099046868015834)": 0.999820897636331, "(0.06099046868015834, 0.33134338446354655)": 0.9991505553992126, "(0.33134338446354655, 0.34547828609733755)": 0.9990589725203742, "(0.34547828609733755, 0.36239792002286064)": 0.9984046570750457, "(0.36239792002286064, 0.5624227437006637)": 0.998379559799724, "(0.5624227437006637, 0.5884567414465858)": 0.9954568066837977, "(0.5884567414465858, 0.6400896344451156)": 0.980592069400174, "(0.6400896344451156, 0.8784194995893964)": 0.9638238348140471, "(0.8784194995893964, 0.9332119041437318)": 0.9222232239137993, "(0.9332119041437318, 1.0)": 0.08303225056617292}, "pct": 0.9991505553992126, "best_return": 8.553233349203936}, "ew_ma": {"trend": "ew_ma", "time_param": 91, "q_params": {"(0, 0.03645552038581101)": 0.9997662397310662, "(0.03645552038581101, 0.23220203103077633)": 0.9983316444252804, "(0.23220203103077633, 0.48866296127935643)": 0.9967490175214658, "(0.48866296127935643, 0.6164612524586619)": 0.9925350238350981, "(0.6164612524586619, 0.6395309414248638)": 0.9846774020956776, "(0.6395309414248638, 0.6660914042164575)": 0.9797293925370171, "(0.6660914042164575, 0.6848209836896779)": 0.9662760357052624, "(0.6848209836896779, 0.8376260563931699)": 0.8836123822057982, "(0.8376260563931699, 0.9769941586140857)": 0.7878673823278078, "(0.9769941586140857, 1.0)": 0.03888294217103354}, "pct": 0.9983316444252804, "best_return": 7.286651497556031}, "rel_minmax": {"time_param": 109, "trend": "rel_minmax", "q_params": {"(0, 0.2901782970678338)": 0.959859967113328, "(0.2901782970678338, 0.3166338809007486)": 0.9129795676115215, "(0.3166338809007486, 0.3503621837966311)": 0.8908780177636142, "(0.3503621837966311, 0.5702532960007006)": 0.889337375412926, "(0.5702532960007006, 0.5874109282171499)": 0.6177468987359653, "(0.5874109282171499, 0.6790768074615244)": 0.6012628080816891, "(0.6790768074615244, 0.7769864763514551)": 0.46448336619699054, "(0.7769864763514551, 0.8251279994610302)": 0.3568056817000841, "(0.8251279994610302, 0.8718451200994181)": 0.10882860416373617, "(0.8718451200994181, 1.0)": 0.10546961122201054}, "pct": 0.10546961122201054, "best_return": 7.396640693667456}, "ew_rel_minmax": {"time_param": 172, "trend": "ew_rel_minmax", "q_params": {"(0, 0.14409986892072035)": 0.9882586149771992, "(0.14409986892072035, 0.1798839010313042)": 0.9400135914580314, "(0.1798839010313042, 0.4738773336396042)": 0.9251550168687833, "(0.4738773336396042, 0.4888374866799554)": 0.8496800489098959, "(0.4888374866799554, 0.659136575387579)": 0.33513284986574465, "(0.659136575387579, 0.7639867347626189)": 0.31157570063966755, "(0.7639867347626189, 0.8123924068627966)": 0.19497935757320817, "(0.8123924068627966, 0.9173969276113814)": 0.12698711034118604, "(0.9173969276113814, 0.9251406525887396)": 0.07411553383040144, "(0.9251406525887396, 1.0)": 0.0031946082666640674}, "pct": 0.0031946082666640674, "best_return": 8.109403784055099}}