{"ma": {"trend": "ma", "time_param": 91, "q_params": {"(0, 0.07673753031639358)": 0.9993997029908699, "(0.07673753031639358, 0.33905688731770783)": 0.9993345125297154, "(0.33905688731770783, 0.34553825794203336)": 0.9992082713148633, "(0.34553825794203336, 0.379761639185837)": 0.9977138733346161, "(0.379761639185837, 0.5723650668808717)": 0.9974354351897398, "(0.5723650668808717, 0.5984473512599402)": 0.9973962369839826, "(0.5984473512599402, 0.6478584221521876)": 0.9961409601044756, "(0.6478584221521876, 0.9011347108634198)": 0.9534767636885717, "(0.9011347108634198, 0.937753442950588)": 0.9294662678083849, "(0.937753442950588, 1.0)": 0.09193215079056657}, "pct": 0.9993345125297154, "best_return": 9.492737834247153}, "ew_ma": {"trend": "ew_ma", "time_param": 91, "q_params": {"(0, 0.031291967665319755)": 0.999588411016089, "(0.031291967665319755, 0.2176080682822895)": 0.998505210873493, "(0.2176080682822895, 0.4878530623108872)": 0.9979182956268196, "(0.4878530623108872, 0.5770306844253152)": 0.9936026113555068, "(0.5770306844253152, 0.6669974190558915)": 0.9931787124380639, "(0.6669974190558915, 0.6801358882941323)": 0.9709636404813963, "(0.6801358882941323, 0.7287056721459507)": 0.9440295741765976, "(0.7287056721459507, 0.840601947251045)": 0.832086434650561, "(0.840601947251045, 0.9708658566105152)": 0.7951642646935955, "(0.9708658566105152, 1.0)": 0.05361601917495498}, "pct": 0.9979182956268196, "best_return": 8.070234329066174}, "rel_minmax": {"time_param": 130, "trend": "rel_minmax", "q_params": {"(0, 0.23202294172276966)": 0.9895220697342736, "(0.23202294172276966, 0.23440372668790238)": 0.9527518442025088, "(0.23440372668790238, 0.23677571265597883)": 0.8742640022578481, "(0.23677571265597883, 0.2460067257173522)": 0.8042368336785458, "(0.2460067257173522, 0.4845171591139897)": 0.8013148977543685, "(0.4845171591139897, 0.5121160039438376)": 0.7852107700609231, "(0.5121160039438376, 0.7061751106519984)": 0.741990632695751, "(0.7061751106519984, 0.8545242916740533)": 0.5784502995934718, "(0.8545242916740533, 0.9018278286833382)": 0.08625831611859487, "(0.9018278286833382, 1.0)": 0.027914227953113456}, "pct": 0.027914227953113456, "best_return": 9.816867041253735}, "ew_rel_minmax": {"trend": "ew_rel_minmax", "time_param": 91, "q_params": {"(0, 0.25118363914474157)": 1.0, "(0.25118363914474157, 0.25459251722980697)": 0.9996082008521034, "(0.25459251722980697, 0.2720698568631487)": 0.9992975970152636, "(0.2720698568631487, 0.45444431769815685)": 0.9966566942021065, "(0.45444431769815685, 0.5725296628538502)": 0.9966556924915126, "(0.5725296628538502, 0.6054382629128395)": 0.9963450186751541, "(0.6054382629128395, 0.6911354022293451)": 0.9776120471452006, "(0.6911354022293451, 0.750081512954819)": 0.9716992785343737, "(0.750081512954819, 0.9512244287674773)": 0.747987131000678, "(0.9512244287674773, 1.0)": 0.12990647099586525}, "pct": 0.747987131000678, "best_return": 8.030601381466305}}