{"ma": {"trend": "ma", "time_param": 89, "q_params": {"(0, 0.11620904230731086)": 0.9999233915279613, "(0.11620904230731086, 0.13468391182198933)": 0.9998321672450171, "(0.13468391182198933, 0.42628032152723183)": 0.999620690371569, "(0.42628032152723183, 0.5996556718965689)": 0.999579930581667, "(0.5996556718965689, 0.6772213632044728)": 0.999439308699139, "(0.6772213632044728, 0.7580600595106592)": 0.9993323815656009, "(0.7580600595106592, 0.782255804714414)": 0.9989178169959645, "(0.782255804714414, 0.8115165021036076)": 0.9987913253818581, "(0.8115165021036076, 0.8169698482303075)": 0.9945660714906607, "(0.8169698482303075, 1.0)": 0.9879366575826322}, "pct": 0.999620690371569, "best_return": 22.503269181932602}, "ew_ma": {"trend": "ew_ma", "time_param": 89, "q_params": {"(0, 0.09615020620565232)": 0.9999995345734978, "(0.09615020620565232, 0.5208397016732886)": 0.9996039514948367, "(0.5208397016732886, 0.553782307359024)": 0.998942946930891, "(0.553782307359024, 0.5607855011662655)": 0.9974010223904062, "(0.5607855011662655, 0.5798713878125846)": 0.9941793803598972, "(0.5798713878125846, 0.5977970946094567)": 0.9933060161902107, "(0.5977970946094567, 0.7043034558721717)": 0.9925222439797753, "(0.7043034558721717, 0.948723944732628)": 0.9879991388718007, "(0.948723944732628, 0.9787444970428425)": 0.7420798990983131, "(0.9787444970428425, 1.0)": 0.4662850434604791}, "pct": 0.9996039514948367, "best_return": 25.816895835424422}, "rel_minmax": {"trend": "rel_minmax", "time_param": 89, "q_params": {"(0, 0.16893740896023926)": 1.0, "(0.16893740896023926, 0.2266701680792752)": 0.9999554919809482, "(0.2266701680792752, 0.3777949032172035)": 0.999942833671465, "(0.3777949032172035, 0.39980273461557286)": 0.9997800496332984, "(0.39980273461557286, 0.5134677460679796)": 0.9993129449404421, "(0.5134677460679796, 0.5811392969028294)": 0.9989971232212083, "(0.5811392969028294, 0.8137993757371987)": 0.9986739293254573, "(0.8137993757371987, 0.89707411517277)": 0.993812545030261, "(0.89707411517277, 0.9575130250167038)": 0.9906335659829111, "(0.9575130250167038, 1.0)": 0.9790569346136619}, "pct": 0.9790569346136619, "best_return": 22.456661429621466}, "ew_rel_minmax": {"trend": "ew_rel_minmax", "time_param": 89, "q_params": {"(0.0, 0.015784462826005187)": 0.9993699689267221, "(0.015784462826005187, 0.16410737716864146)": 0.9993531949207531, "(0.16410737716864146, 0.2742705120699609)": 0.9987302926914458, "(0.2742705120699609, 0.30194297935161335)": 0.9965287088379031, "(0.30194297935161335, 0.35416724923111703)": 0.996080806529529, "(0.35416724923111703, 0.8236746187502043)": 0.9960086344214131, "(0.8236746187502043, 0.8306956057107626)": 0.9948827138399672, "(0.8306956057107626, 0.9349415636957227)": 0.9941770092604183, "(0.9349415636957227, 0.9951472935777806)": 0.9937082533168009, "(0.9951472935777806, 1.0)": 0.17898948446101234}, "pct": 1, "best_return": 22.42392801829841}}