{"ma": {"trend": "ma", "time_param": 89, "q_params": {"(0.0, 0.11620904230731086)": 0.9998320316185895, "(0.11620904230731086, 0.1429053681128997)": 0.9996491638122248, "(0.1429053681128997, 0.4232800776113778)": 0.999620690371569, "(0.4232800776113778, 0.5867357755210927)": 0.999579930581667, "(0.5867357755210927, 0.6772213632044728)": 0.999439308699139, "(0.6772213632044728, 0.7580600595106592)": 0.9990711371511077, "(0.7580600595106592, 0.782255804714414)": 0.9989178169959645, "(0.782255804714414, 0.8087245585297845)": 0.9955940716159745, "(0.8087245585297845, 0.8410054249074588)": 0.9917527573599029, "(0.8410054249074588, 1.0)": 0.9910359161258742}, "pct": 1, "best_return": 24.00957535987344}, "ew_ma": {"trend": "ew_ma", "time_param": 89, "q_params": {"(0, 0.09615020620565232)": 0.9999995345734978, "(0.09615020620565232, 0.5248004170487091)": 0.9999965090590196, "(0.5248004170487091, 0.5598225449021421)": 0.9970870899267904, "(0.5598225449021421, 0.5622241659822932)": 0.996387406807662, "(0.5622241659822932, 0.5868430710727406)": 0.9957853440762828, "(0.5868430710727406, 0.594341024676142)": 0.9933060161902107, "(0.594341024676142, 0.7043034558721717)": 0.9926979567400113, "(0.7043034558721717, 0.9564841512877164)": 0.9889962746121911, "(0.9564841512877164, 0.9908281776857903)": 0.722939463316047, "(0.9908281776857903, 1.0)": 0.4700552655193457}, "pct": 0.9889962746121911, "best_return": 24.279165308182744}, "rel_minmax": {"trend": "rel_minmax", "time_param": 89, "q_params": {"(0.0, 0.16893740896023926)": 1.0, "(0.16893740896023926, 0.2266701680792752)": 0.9999554919809482, "(0.2266701680792752, 0.37599942642719575)": 0.999942833671465, "(0.37599942642719575, 0.39980273461557286)": 0.9997800496332984, "(0.39980273461557286, 0.5083404106290683)": 0.9993129449404421, "(0.5083404106290683, 0.5622096836799007)": 0.9988073774099255, "(0.5622096836799007, 0.8137993757371987)": 0.9986739293254573, "(0.8137993757371987, 0.89707411517277)": 0.9880422021740434, "(0.89707411517277, 0.9575130250167038)": 0.9880383767324405, "(0.9575130250167038, 1.0)": 0.9702539339193899}, "pct": 1, "best_return": 24.00957535987344}, "ew_rel_minmax": {"trend": "ew_rel_minmax", "time_param": 89, "q_params": {"(0.0, 0.015784462826005187)": 0.9993699689267221, "(0.015784462826005187, 0.15193147433227153)": 0.999199203920591, "(0.15193147433227153, 0.2742705120699609)": 0.9987302926914458, "(0.2742705120699609, 0.30194297935161335)": 0.9965287088379031, "(0.30194297935161335, 0.35416724923111703)": 0.9965133596489305, "(0.35416724923111703, 0.8401976294833544)": 0.9957963979277364, "(0.8401976294833544, 0.9175860413582861)": 0.9948827138399672, "(0.9175860413582861, 0.923711580226168)": 0.9941770092604183, "(0.923711580226168, 0.9998078893163348)": 0.9937082533168009, "(0.9998078893163348, 1.0)": 0.19412176395545938}, "pct": 1, "best_return": 24.00957535987344}}