{"ma": {"trend": "ma", "time_param": 89, "q_params": {"(0, 0.11620904230731086)": 0.999996619716271, "(0.11620904230731086, 0.13468391182198933)": 0.9997489552979758, "(0.13468391182198933, 0.43930836538144274)": 0.9996323586529637, "(0.43930836538144274, 0.5996556718965689)": 0.9996191537410033, "(0.5996556718965689, 0.7268846578065985)": 0.9995190861733947, "(0.7268846578065985, 0.7580600595106592)": 0.9993323815656009, "(0.7580600595106592, 0.782255804714414)": 0.998875280747138, "(0.782255804714414, 0.8141844653481299)": 0.9988580158710598, "(0.8141844653481299, 0.8169698482303075)": 0.9945660714906607, "(0.8169698482303075, 1.0)": 0.9879366575826322}, "pct": 0.9996323586529637, "best_return": 25.47737858261721}, "ew_ma": {"trend": "ew_ma", "time_param": 89, "q_params": {"(0, 0.09615020620565232)": 0.9999995345734978, "(0.09615020620565232, 0.531747462052778)": 0.9999809269194297, "(0.531747462052778, 0.5732579950564795)": 0.998942946930891, "(0.5732579950564795, 0.5736664783389588)": 0.9981933952491644, "(0.5736664783389588, 0.5814954918598034)": 0.9941793803598972, "(0.5814954918598034, 0.6195568961460687)": 0.9929436923662021, "(0.6195568961460687, 0.7070206211897075)": 0.9911209740619753, "(0.7070206211897075, 0.9477851180548637)": 0.9893489737036878, "(0.9477851180548637, 0.9787444970428425)": 0.8121408297016266, "(0.9787444970428425, 1.0)": 0.4471331660480514}, "pct": 0.9999809269194297, "best_return": 30.14997535954763}, "rel_minmax": {"trend": "rel_minmax", "time_param": 89, "q_params": {"(0, 0.17338869171217472)": 1.0, "(0.17338869171217472, 0.35964849094726425)": 0.999990305422336, "(0.35964849094726425, 0.3777949032172035)": 0.999942833671465, "(0.3777949032172035, 0.493916609033758)": 0.9995426893813486, "(0.493916609033758, 0.5182180458424046)": 0.9993129449404421, "(0.5182180458424046, 0.5738434099509573)": 0.9991529673208962, "(0.5738434099509573, 0.8137993757371987)": 0.9986739293254573, "(0.8137993757371987, 0.8174913055650047)": 0.993812545030261, "(0.8174913055650047, 0.9653627146285297)": 0.9925222665402861, "(0.9653627146285297, 1.0)": 0.9821556735425169}, "pct": 0.9821556735425169, "best_return": 25.439771679131383}, "ew_rel_minmax": {"trend": "ew_rel_minmax", "time_param": 89, "q_params": {"(0, 0.015784462826005187)": 0.9995060136319971, "(0.015784462826005187, 0.03568256882750259)": 0.9993531949207531, "(0.03568256882750259, 0.18753774834105885)": 0.9987302926914458, "(0.18753774834105885, 0.30194297935161335)": 0.9965287088379031, "(0.30194297935161335, 0.35577863237852686)": 0.996080806529529, "(0.35577863237852686, 0.8236746187502043)": 0.9960086344214131, "(0.8236746187502043, 0.8306956057107626)": 0.9948827138399672, "(0.8306956057107626, 0.9455229140121229)": 0.9941770092604183, "(0.9455229140121229, 0.9993158793924337)": 0.9937082533168009, "(0.9993158793924337, 1.0)": 0.17898948446101234}, "pct": 0.9937082533168009, "best_return": 25.39474539048657}}