{"ma": {"trend": "ma", "time_param": 89, "q_params": {"(0.0, 0.11620904230731086)": 0.999996619716271, "(0.11620904230731086, 0.13468391182198933)": 0.9997489552979758, "(0.13468391182198933, 0.4542296656161948)": 0.9996323586529637, "(0.4542296656161948, 0.5304028858517517)": 0.9996191537410033, "(0.5304028858517517, 0.7268846578065985)": 0.9995190861733947, "(0.7268846578065985, 0.7580600595106592)": 0.9993323815656009, "(0.7580600595106592, 0.782255804714414)": 0.998875280747138, "(0.782255804714414, 0.8141844653481299)": 0.9988580158710598, "(0.8141844653481299, 0.8169698482303075)": 0.9945660714906607, "(0.8169698482303075, 1.0)": 0.9879366575826322}, "pct": 1, "best_return": 16.79661000749446}, "ew_ma": {"trend": "ew_ma", "time_param": 89, "q_params": {"(0, 0.3840025101566735)": 0.9999995345734978, "(0.3840025101566735, 0.5505450037526278)": 0.9997396462502246, "(0.5505450037526278, 0.5617634405252444)": 0.9990940853043031, "(0.5617634405252444, 0.5777524290826281)": 0.9980677487860627, "(0.5777524290826281, 0.5814954918598034)": 0.9956388109750149, "(0.5814954918598034, 0.6234590322482736)": 0.9920522840376176, "(0.6234590322482736, 0.8621306132881512)": 0.9915228850847478, "(0.8621306132881512, 0.9477851180548637)": 0.9893489737036878, "(0.9477851180548637, 0.9787444970428425)": 0.8501413036940244, "(0.9787444970428425, 1.0)": 0.30936475208739533}, "pct": 0.9999995345734978, "best_return": 19.48868867902667}, "rel_minmax": {"trend": "rel_minmax", "time_param": 89, "q_params": {"(0, 0.17338869171217472)": 1.0, "(0.17338869171217472, 0.35964849094726425)": 0.999990305422336, "(0.35964849094726425, 0.3641533780154291)": 0.999942833671465, "(0.3641533780154291, 0.493916609033758)": 0.9995989282282328, "(0.493916609033758, 0.5182180458424046)": 0.9993256757585751, "(0.5182180458424046, 0.5622082895202013)": 0.9991529673208962, "(0.5622082895202013, 0.7937279790161957)": 0.9987284718443674, "(0.7937279790161957, 0.8945896024621507)": 0.9945269128747475, "(0.8945896024621507, 0.9653627146285297)": 0.9925222665402861, "(0.9653627146285297, 1.0)": 0.7018594785923189}, "pct": 0.7018594785923189, "best_return": 17.685158564020583}, "ew_rel_minmax": {"trend": "ew_rel_minmax", "time_param": 89, "q_params": {"(0, 0.055898148927513804)": 0.9998479984139477, "(0.055898148927513804, 0.10793099222810276)": 0.9990226891206103, "(0.10793099222810276, 0.18753774834105885)": 0.9988362955304081, "(0.18753774834105885, 0.42436310505603164)": 0.9984577156145231, "(0.42436310505603164, 0.6482442586065301)": 0.9979612614709243, "(0.6482442586065301, 0.820659951586467)": 0.9978980268860346, "(0.820659951586467, 0.8577321095434607)": 0.9952810679500234, "(0.8577321095434607, 0.8974229628429791)": 0.9947574439493986, "(0.8974229628429791, 0.9516856246634277)": 0.6706292851481324, "(0.9516856246634277, 1.0)": 0.09355788263162229}, "pct": 0.6706292851481324, "best_return": 19.11629394287676}}