{"ma": {"trend": "ma", "time_param": 89, "q_params": {"(0, 0.12087190566380529)": 1.0, "(0.12087190566380529, 0.15839077727013964)": 0.9996533309376449, "(0.15839077727013964, 0.49139183829904154)": 0.999650247037992, "(0.49139183829904154, 0.5712548009420616)": 0.9996187672614535, "(0.5712548009420616, 0.6724914302224245)": 0.9994531635265987, "(0.6724914302224245, 0.7131640650576513)": 0.9992276317483074, "(0.7131640650576513, 0.782255804714414)": 0.9992176285761988, "(0.782255804714414, 0.7864615504346585)": 0.9956386199612131, "(0.7864615504346585, 0.8410054249074588)": 0.9912151213917971, "(0.8410054249074588, 1.0)": 0.9910359161258742}, "pct": 0.999650247037992, "best_return": 18.090318042620666}, "ew_ma": {"trend": "ew_ma", "time_param": 89, "q_params": {"(0, 0.17933639788502853)": 1.0, "(0.17933639788502853, 0.5116313170445225)": 0.999957456442841, "(0.5116313170445225, 0.5268856036374461)": 0.999951183923134, "(0.5268856036374461, 0.5764521727250661)": 0.9998477911415297, "(0.5764521727250661, 0.5783672634876141)": 0.9988812494360193, "(0.5783672634876141, 0.5858244046735578)": 0.9944618516966087, "(0.5858244046735578, 0.6119460025198682)": 0.9936630224118773, "(0.6119460025198682, 0.974652703601248)": 0.9936554683320039, "(0.974652703601248, 0.9809652200406946)": 0.9930173669892617, "(0.9809652200406946, 1.0)": 0.5236787603179298}, "pct": 0.9936554683320039, "best_return": 22.98928288532707}, "rel_minmax": {"trend": "rel_minmax", "time_param": 89, "q_params": {"(0, 0.185277371351316)": 1.0, "(0.185277371351316, 0.2266701680792752)": 0.9999476025965437, "(0.2266701680792752, 0.34662268774788507)": 0.999922140162488, "(0.34662268774788507, 0.4868407050207407)": 0.9997800496332984, "(0.4868407050207407, 0.49964525938438015)": 0.999132228865634, "(0.49964525938438015, 0.5248879769059831)": 0.998750984305389, "(0.5248879769059831, 0.8082832988512024)": 0.9976324790692941, "(0.8082832988512024, 0.8998493900146152)": 0.9974709063373969, "(0.8998493900146152, 0.9814597319475363)": 0.9848381418185824, "(0.9814597319475363, 1.0)": 0.9841527863322623}, "pct": 0.9848381418185824, "best_return": 18.091752604659167}, "ew_rel_minmax": {"trend": "ew_rel_minmax", "time_param": 89, "q_params": {"(0, 0.269713305710454)": 1.0, "(0.269713305710454, 0.2709245137350943)": 0.9997420458796907, "(0.2709245137350943, 0.27149159019142516)": 0.996793618606075, "(0.27149159019142516, 0.29989972630598627)": 0.9961798502099607, "(0.29989972630598627, 0.7979205615048669)": 0.9961798112885528, "(0.7979205615048669, 0.81951613101467)": 0.996117980625303, "(0.81951613101467, 0.9228309256373655)": 0.9959900747827116, "(0.9228309256373655, 0.923711580226168)": 0.99401029449978, "(0.923711580226168, 0.9998078893163348)": 0.9870766026870043, "(0.9998078893163348, 1.0)": 0.966965885517578}, "pct": 0.9870766026870043, "best_return": 18.04864282981479}}