{"ma": {"trend": "ma", "time_param": 89, "q_params": {"(0.0, 0.12087190566380529)": 1.0, "(0.12087190566380529, 0.15839077727013964)": 0.9996533309376449, "(0.15839077727013964, 0.49139183829904154)": 0.999650247037992, "(0.49139183829904154, 0.5712548009420616)": 0.9996187672614535, "(0.5712548009420616, 0.6741136744234213)": 0.9994531635265987, "(0.6741136744234213, 0.731840964331918)": 0.9992885079514777, "(0.731840964331918, 0.782255804714414)": 0.9992176285761988, "(0.782255804714414, 0.8087245585297845)": 0.9989139719744161, "(0.8087245585297845, 0.8410054249074588)": 0.9912151213917971, "(0.8410054249074588, 1.0)": 0.9910359161258742}, "pct": 1, "best_return": 19.268531809072805}, "ew_ma": {"trend": "ew_ma", "time_param": 89, "q_params": {"(0, 0.13831551108051685)": 1.0, "(0.13831551108051685, 0.515924125412337)": 0.9999950090733384, "(0.515924125412337, 0.5268856036374461)": 0.9999939217816239, "(0.5268856036374461, 0.5764521727250661)": 0.996387406807662, "(0.5764521727250661, 0.5786209180391179)": 0.9958262011562509, "(0.5786209180391179, 0.5799163888918715)": 0.9937576929470857, "(0.5799163888918715, 0.5946908549052374)": 0.9936630224118773, "(0.5946908549052374, 0.9426388495733582)": 0.9916516937438132, "(0.9426388495733582, 0.956757680645608)": 0.991097627936916, "(0.956757680645608, 1.0)": 0.4608036983776277}, "pct": 0.9999950090733384, "best_return": 19.27134234904344}, "rel_minmax": {"trend": "rel_minmax", "time_param": 89, "q_params": {"(0.0, 0.18961245211601782)": 1.0, "(0.18961245211601782, 0.2266701680792752)": 0.9999403830479402, "(0.2266701680792752, 0.3962547210443179)": 0.999922140162488, "(0.3962547210443179, 0.4868407050207407)": 0.9997800496332984, "(0.4868407050207407, 0.5026076589641255)": 0.9988159151792864, "(0.5026076589641255, 0.5143301180261789)": 0.9987899814523723, "(0.5143301180261789, 0.8298615945577479)": 0.9986739293254573, "(0.8298615945577479, 0.8878225492349449)": 0.9974709063373969, "(0.8878225492349449, 0.9814597319475363)": 0.9848381418185824, "(0.9814597319475363, 1.0)": 0.9841527863322623}, "pct": 1, "best_return": 19.268531809072805}, "ew_rel_minmax": {"trend": "ew_rel_minmax", "time_param": 89, "q_params": {"(0.0, 0.269713305710454)": 1.0, "(0.269713305710454, 0.2709245137350943)": 0.9997420458796907, "(0.2709245137350943, 0.27149159019142516)": 0.996793618606075, "(0.27149159019142516, 0.3372499001008914)": 0.9961798502099607, "(0.3372499001008914, 0.8022046837178487)": 0.9961798112885528, "(0.8022046837178487, 0.8343855111729955)": 0.9961221224807774, "(0.8343855111729955, 0.8715937872319038)": 0.9947490389498772, "(0.8715937872319038, 0.923711580226168)": 0.99401029449978, "(0.923711580226168, 0.9998078893163348)": 0.9937082533168009, "(0.9998078893163348, 1.0)": 0.966965885517578}, "pct": 1, "best_return": 19.268531809072805}}