{"ma": {"trend": "ma", "time_param": 150, "q_params": {"(0.0, 0.1337471196613034)": 0.9999541219248993, "(0.1337471196613034, 0.17546982965073912)": 0.9989173414970476, "(0.17546982965073912, 0.32723924568824386)": 0.9987897658640758, "(0.32723924568824386, 0.4060874470507516)": 0.9948314079214158, "(0.4060874470507516, 0.6076766112435322)": 0.9922134186384901, "(0.6076766112435322, 0.6841456817486733)": 0.9844056162073275, "(0.6841456817486733, 0.911248656694353)": 0.8990186533035504, "(0.911248656694353, 0.9487025649281873)": 0.8570741087565449, "(0.9487025649281873, 0.9653341895534497)": 0.5089679131765762, "(0.9653341895534497, 1.0)": 0.13446856064686255}, "pct": 1, "best_return": 33.771505931915414}, "ew_ma": {"trend": "ew_ma", "time_param": 150, "q_params": {"(0, 0.38200444353429147)": 0.9999967283934117, "(0.38200444353429147, 0.5600774570648048)": 0.9999856995819147, "(0.5600774570648048, 0.5853518200427276)": 0.9998902210661165, "(0.5853518200427276, 0.6235514596738436)": 0.996593879938797, "(0.6235514596738436, 0.7864857398337041)": 0.9965762150537506, "(0.7864857398337041, 0.8210729395186575)": 0.9964149604416345, "(0.8210729395186575, 0.8405772464756434)": 0.9910752602697573, "(0.8405772464756434, 0.8515791377560955)": 0.9441820423903586, "(0.8515791377560955, 0.8809810851112473)": 0.7531985142494557, "(0.8809810851112473, 1.0)": 0.6122691684451824}, "pct": 0.9999967283934117, "best_return": 37.656559096344225}, "rel_minmax": {"trend": "rel_minmax", "time_param": 150, "q_params": {"(0, 0.05009177289392413)": 0.9999549024914132, "(0.05009177289392413, 0.36868485834501424)": 0.9999521608947642, "(0.36868485834501424, 0.4198059073083205)": 0.9998590197253772, "(0.4198059073083205, 0.4253038053493491)": 0.9995373491230899, "(0.4253038053493491, 0.8085449444760069)": 0.9994650160191908, "(0.8085449444760069, 0.8226939706847625)": 0.9992554937786291, "(0.8226939706847625, 0.8501102833699234)": 0.9992111876280947, "(0.8501102833699234, 0.8871852722938612)": 0.9492571463826264, "(0.8871852722938612, 0.8932212683888572)": 0.946441166184478, "(0.8932212683888572, 1.0)": 0.7344419631395228}, "pct": 0.7344419631395228, "best_return": 33.89068659646601}, "ew_rel_minmax": {"trend": "ew_rel_minmax", "time_param": 150, "q_params": {"(0.0, 0.27398677302055424)": 0.9999994422154426, "(0.27398677302055424, 0.4869321696689379)": 0.9999905120993744, "(0.4869321696689379, 0.6766395082264332)": 0.9995211442337972, "(0.6766395082264332, 0.6784467344118241)": 0.999384196808979, "(0.6784467344118241, 0.7041710772085187)": 0.9979637684047346, "(0.7041710772085187, 0.8052887367900554)": 0.997918535684168, "(0.8052887367900554, 0.8495567038619091)": 0.9977568741997762, "(0.8495567038619091, 0.9198873196118431)": 0.9940552869453592, "(0.9198873196118431, 0.9977384686336453)": 0.9710359967941297, "(0.9977384686336453, 1.0)": 0.9478778951257}, "pct": 1, "best_return": 33.771505931915414}}