{"ma": {"trend": "ma", "time_param": 150, "q_params": {"(0, 0.13343308695776437)": 0.9999352072421996, "(0.13343308695776437, 0.230402284809806)": 0.9992773262527627, "(0.230402284809806, 0.3096527870339981)": 0.9985238225137237, "(0.3096527870339981, 0.4053181844159932)": 0.995587961962252, "(0.4053181844159932, 0.6091110566144747)": 0.9853623942106934, "(0.6091110566144747, 0.6936710028603152)": 0.9844056162073275, "(0.6936710028603152, 0.911248656694353)": 0.8994205077694032, "(0.911248656694353, 0.9487025649281873)": 0.8537745527788968, "(0.9487025649281873, 0.9653341895534497)": 0.5096688566115725, "(0.9653341895534497, 1.0)": 0.33021046612551386}, "pct": 0.9992773262527627, "best_return": 34.725024966538356}, "ew_ma": {"trend": "ew_ma", "time_param": 150, "q_params": {"(0, 0.36054253456548174)": 0.9999903078515975, "(0.36054253456548174, 0.4168075659239186)": 0.9999825254444672, "(0.4168075659239186, 0.5669446426061946)": 0.9998902210661165, "(0.5669446426061946, 0.6100653126306663)": 0.996593879938797, "(0.6100653126306663, 0.7305389547501145)": 0.9965387625747131, "(0.7305389547501145, 0.7747834797898575)": 0.9964149604416345, "(0.7747834797898575, 0.8083915846191109)": 0.9426195978575707, "(0.8083915846191109, 0.8467897403839831)": 0.932308421720502, "(0.8467897403839831, 0.8809810851112473)": 0.868434677107633, "(0.8809810851112473, 1.0)": 0.7364380680608367}, "pct": 0.9999825254444672, "best_return": 36.52654605532798}, "rel_minmax": {"trend": "rel_minmax", "time_param": 150, "q_params": {"(0.0, 0.28309495625776476)": 0.9999549024914132, "(0.28309495625776476, 0.38503338663170444)": 0.9998139407931711, "(0.38503338663170444, 0.4176913926116257)": 0.999540709310293, "(0.4176913926116257, 0.4253038053493491)": 0.9994888759544076, "(0.4253038053493491, 0.6151152577264899)": 0.9993674621979572, "(0.6151152577264899, 0.8226939706847625)": 0.9993298704398491, "(0.8226939706847625, 0.8448223837455214)": 0.9992111876280947, "(0.8448223837455214, 0.8549321026512235)": 0.9492571463826264, "(0.8549321026512235, 0.8932212683888572)": 0.946441166184478, "(0.8932212683888572, 1.0)": 0.9376013135106543}, "pct": 1, "best_return": 33.98767868433034}, "ew_rel_minmax": {"trend": "ew_rel_minmax", "time_param": 150, "q_params": {"(0.0, 0.27135398997442817)": 0.9999994422154426, "(0.27135398997442817, 0.4869321696689379)": 0.9995898349322047, "(0.4869321696689379, 0.5738418703469819)": 0.9994206765997277, "(0.5738418703469819, 0.6784467344118241)": 0.9979716484107524, "(0.6784467344118241, 0.7066725901833977)": 0.9978979533067812, "(0.7066725901833977, 0.7953458733774778)": 0.9978192650352465, "(0.7953458733774778, 0.8642364586194768)": 0.9977568741997762, "(0.8642364586194768, 0.9198873196118431)": 0.9940552869453592, "(0.9198873196118431, 0.9982048093604536)": 0.9850391839990728, "(0.9982048093604536, 1.0)": 0.9478778951257}, "pct": 1, "best_return": 33.98767868433034}}