{"ma": {"trend": "ma", "time_param": 150, "q_params": {"(0, 0.22604870374898284)": 0.9995298472917101, "(0.22604870374898284, 0.24889754916816242)": 0.9982528158771209, "(0.24889754916816242, 0.3096527870339981)": 0.9982401508912309, "(0.3096527870339981, 0.3901247346920032)": 0.995587961962252, "(0.3901247346920032, 0.616674146811186)": 0.9853623942106934, "(0.616674146811186, 0.6891037819946155)": 0.9636138137122003, "(0.6891037819946155, 0.9097494429366522)": 0.8990187684349833, "(0.9097494429366522, 0.9487025649281873)": 0.8405917669776004, "(0.9487025649281873, 0.9675265370564561)": 0.5201566361909016, "(0.9675265370564561, 1.0)": 0.3242210019768069}, "pct": 0.9853623942106934, "best_return": 36.42261664272995}, "ew_ma": {"trend": "ew_ma", "time_param": 150, "q_params": {"(0, 0.35399493464922904)": 0.9999711269498165, "(0.35399493464922904, 0.4168075659239186)": 0.9999277842711048, "(0.4168075659239186, 0.5377984323121701)": 0.9998902210661165, "(0.5377984323121701, 0.6083519412599302)": 0.9968828286442262, "(0.6083519412599302, 0.7305389547501145)": 0.9965248279743024, "(0.7305389547501145, 0.765561832212252)": 0.9948505370837911, "(0.765561832212252, 0.814698237368156)": 0.9076011251250868, "(0.814698237368156, 0.8351472385222184)": 0.9064167006425746, "(0.8351472385222184, 0.886712259555206)": 0.8859906371819672, "(0.886712259555206, 1.0)": 0.7485326877278976}, "pct": 0.9968828286442262, "best_return": 37.02967095241728}, "rel_minmax": {"trend": "rel_minmax", "time_param": 150, "q_params": {"(0, 0.2698808773793477)": 0.9998380865060187, "(0.2698808773793477, 0.38503338663170444)": 0.9998139407931711, "(0.38503338663170444, 0.4176913926116257)": 0.999540709310293, "(0.4176913926116257, 0.4253038053493491)": 0.9994765260811016, "(0.4253038053493491, 0.6151152577264899)": 0.9993674621979572, "(0.6151152577264899, 0.8226939706847625)": 0.9993298704398491, "(0.8226939706847625, 0.8448223837455214)": 0.9992111876280947, "(0.8448223837455214, 0.8549321026512235)": 0.9529130442067986, "(0.8549321026512235, 0.9039258689450204)": 0.946441166184478, "(0.9039258689450204, 1.0)": 0.9376013135106543}, "pct": 0.9376013135106543, "best_return": 36.300057008787554}, "ew_rel_minmax": {"trend": "ew_rel_minmax", "time_param": 150, "q_params": {"(0, 0.27135398997442817)": 0.9999994422154426, "(0.27135398997442817, 0.4780526869267112)": 0.9995233725762128, "(0.4780526869267112, 0.5732949925155226)": 0.9994206765997277, "(0.5732949925155226, 0.6784467344118241)": 0.9991546282361277, "(0.6784467344118241, 0.7066725901833977)": 0.9978979533067812, "(0.7066725901833977, 0.7920378332939777)": 0.9978192650352465, "(0.7920378332939777, 0.8642364586194768)": 0.9977568741997762, "(0.8642364586194768, 0.9198873196118431)": 0.9940552869453592, "(0.9198873196118431, 0.9952238132274485)": 0.9930450187426133, "(0.9952238132274485, 1.0)": 0.938538643021428}, "pct": 0.9930450187426133, "best_return": 36.51635798551217}}