{"ma": {"trend": "ma", "time_param": 150, "q_params": {"(0, 0.2332946270645931)": 0.9998509932119789, "(0.2332946270645931, 0.24889754916816242)": 0.9982528158771209, "(0.24889754916816242, 0.31025665393896257)": 0.9982401508912309, "(0.31025665393896257, 0.3901247346920032)": 0.995587961962252, "(0.3901247346920032, 0.616674146811186)": 0.9853623942106934, "(0.616674146811186, 0.6615608865523561)": 0.9772631721267413, "(0.6615608865523561, 0.9097494429366522)": 0.8990187684349833, "(0.9097494429366522, 0.9487025649281873)": 0.8400435024856552, "(0.9487025649281873, 0.9659348085405913)": 0.5303631488028354, "(0.9659348085405913, 1.0)": 0.3242210019768069}, "pct": 0.9853623942106934, "best_return": 36.4821182690187}, "ew_ma": {"trend": "ew_ma", "time_param": 150, "q_params": {"(0, 0.35399493464922904)": 0.9999662920562221, "(0.35399493464922904, 0.41702099466030607)": 0.9999277842711048, "(0.41702099466030607, 0.5377984323121701)": 0.9998902210661165, "(0.5377984323121701, 0.5982081455501995)": 0.9995253405397883, "(0.5982081455501995, 0.7305389547501145)": 0.9965248279743024, "(0.7305389547501145, 0.7770992323215073)": 0.9948505370837911, "(0.7770992323215073, 0.814698237368156)": 0.9218591390310608, "(0.814698237368156, 0.8351472385222184)": 0.9137921788011364, "(0.8351472385222184, 0.886712259555206)": 0.8859906371819672, "(0.886712259555206, 1.0)": 0.7412916910135111}, "pct": 0.9995253405397883, "best_return": 36.45543866316623}, "rel_minmax": {"trend": "rel_minmax", "time_param": 150, "q_params": {"(0.0, 0.3842235772154072)": 1.0, "(0.3842235772154072, 0.38503338663170444)": 0.9999970397487782, "(0.38503338663170444, 0.42510658601906404)": 0.9999282841373327, "(0.42510658601906404, 0.4287434184725969)": 0.9994957718702508, "(0.4287434184725969, 0.6151152577264899)": 0.9993674621979572, "(0.6151152577264899, 0.8262796685387559)": 0.9993298704398491, "(0.8262796685387559, 0.8448223837455214)": 0.9992111876280947, "(0.8448223837455214, 0.8549321026512235)": 0.9586283306471891, "(0.8549321026512235, 0.9039258689450204)": 0.9393533951531295, "(0.9039258689450204, 1.0)": 0.9376013135106543}, "pct": 1, "best_return": 35.95331371805978}, "ew_rel_minmax": {"trend": "ew_rel_minmax", "time_param": 150, "q_params": {"(0.0, 0.27135398997442817)": 0.9999994422154426, "(0.27135398997442817, 0.4862526777070991)": 0.9995233725762128, "(0.4862526777070991, 0.5732949925155226)": 0.9994206765997277, "(0.5732949925155226, 0.5862379542124398)": 0.9993547717031317, "(0.5862379542124398, 0.7066725901833977)": 0.9981765103222935, "(0.7066725901833977, 0.7920378332939777)": 0.9979638857770904, "(0.7920378332939777, 0.8694012097561353)": 0.9977568741997762, "(0.8694012097561353, 0.9198873196118431)": 0.9940552869453592, "(0.9198873196118431, 0.9952238132274485)": 0.9930450187426133, "(0.9952238132274485, 1.0)": 0.9216410796699256}, "pct": 1, "best_return": 35.95331371805978}}