{"ma": {"trend": "ma", "time_param": 150, "q_params": {"(0, 0.19173033464765943)": 1.0, "(0.19173033464765943, 0.25058223901433535)": 0.9999124358699488, "(0.25058223901433535, 0.3176202550318198)": 0.9984174217044133, "(0.3176202550318198, 0.3739931766525052)": 0.9979809939805244, "(0.3739931766525052, 0.38551024165648495)": 0.9949341465061562, "(0.38551024165648495, 0.6146949900034401)": 0.9946310369796133, "(0.6146949900034401, 0.9424808235626735)": 0.994627385684873, "(0.9424808235626735, 0.9477449435788751)": 0.9945723746558193, "(0.9477449435788751, 0.9642553998551934)": 0.5464712793232652, "(0.9642553998551934, 1.0)": 0.33913452243023523}, "pct": 0.9946310369796133, "best_return": 41.55382294081226}, "ew_ma": {"trend": "ew_ma", "time_param": 150, "q_params": {"(0, 0.35399493464922904)": 1.0, "(0.35399493464922904, 0.4654893074359758)": 0.9999828724143189, "(0.4654893074359758, 0.5171682558352946)": 0.9999258353343986, "(0.5171682558352946, 0.5697203710118626)": 0.9998645901627035, "(0.5697203710118626, 0.7220207630943128)": 0.9990301834489148, "(0.7220207630943128, 0.7617848294239135)": 0.998470954756598, "(0.7617848294239135, 0.784303734431974)": 0.9962406933963475, "(0.784303734431974, 0.8432635824048647)": 0.9936766721102377, "(0.8432635824048647, 0.8468617180083994)": 0.8956914567105168, "(0.8468617180083994, 1.0)": 0.6927096711634589}, "pct": 0.9990301834489148, "best_return": 40.374643437897745}, "rel_minmax": {"trend": "rel_minmax", "time_param": 150, "q_params": {"(0, 0.39370150030722595)": 1.0, "(0.39370150030722595, 0.39779270290677005)": 0.9999998281797079, "(0.39779270290677005, 0.42510658601906404)": 0.9999945465858036, "(0.42510658601906404, 0.4287434184725969)": 0.9996735945904148, "(0.4287434184725969, 0.6303094230533731)": 0.9994073826871485, "(0.6303094230533731, 0.8202197308704998)": 0.9993035678417508, "(0.8202197308704998, 0.8448223837455214)": 0.9992111876280947, "(0.8448223837455214, 0.8549321026512235)": 0.9942899176431853, "(0.8549321026512235, 0.8664846077203208)": 0.9443890318898329, "(0.8664846077203208, 1.0)": 0.9376013135106543}, "pct": 0.9376013135106543, "best_return": 36.42348706046684}, "ew_rel_minmax": {"trend": "ew_rel_minmax", "time_param": 150, "q_params": {"(0, 0.3125959653137745)": 1.0, "(0.3125959653137745, 0.4801927514008265)": 0.9999854709014838, "(0.4801927514008265, 0.5826770336831649)": 0.9999536072828307, "(0.5826770336831649, 0.5862379542124398)": 0.9997614388680346, "(0.5862379542124398, 0.7066725901833977)": 0.9986790159004868, "(0.7066725901833977, 0.8345466847327613)": 0.9984162578245005, "(0.8345466847327613, 0.8770501697319695)": 0.9977568741997762, "(0.8770501697319695, 0.9255035526125784)": 0.9974920822382571, "(0.9255035526125784, 0.9952238132274485)": 0.9930450187426133, "(0.9952238132274485, 1.0)": 0.9216410796699256}, "pct": 0.9216410796699256, "best_return": 36.58159974367795}}