{"ma": {"trend": "ma", "time_param": 150, "q_params": {"(0, 0.23106736795770544)": 1.0, "(0.23106736795770544, 0.25058223901433535)": 0.9984985412775261, "(0.25058223901433535, 0.3176202550318198)": 0.9984174217044133, "(0.3176202550318198, 0.3434408295107585)": 0.9979809939805244, "(0.3434408295107585, 0.38551024165648495)": 0.9965033822244875, "(0.38551024165648495, 0.6146949900034401)": 0.9946310369796133, "(0.6146949900034401, 0.6388927821032225)": 0.994627385684873, "(0.6388927821032225, 0.9477449435788751)": 0.9945723746558193, "(0.9477449435788751, 0.9642553998551934)": 0.5464712793232652, "(0.9642553998551934, 1.0)": 0.3594338981602281}, "pct": 0.9946310369796133, "best_return": 42.47532204808592}, "ew_ma": {"trend": "ew_ma", "time_param": 150, "q_params": {"(0, 0.3393055166362338)": 1.0, "(0.3393055166362338, 0.407246401202598)": 0.9999828724143189, "(0.407246401202598, 0.5086949946052008)": 0.9999258353343986, "(0.5086949946052008, 0.5766134066413064)": 0.9996162547747609, "(0.5766134066413064, 0.7241606818623615)": 0.9990279733599148, "(0.7241606818623615, 0.7617848294239135)": 0.998470954756598, "(0.7617848294239135, 0.7901156019524342)": 0.9971289707021928, "(0.7901156019524342, 0.8432635824048647)": 0.9936766721102377, "(0.8432635824048647, 0.8435322848491702)": 0.8956914567105168, "(0.8435322848491702, 1.0)": 0.728922928094849}, "pct": 0.998470954756598, "best_return": 42.423206267764925}, "rel_minmax": {"trend": "rel_minmax", "time_param": 150, "q_params": {"(0, 0.3555496381868802)": 1.0, "(0.3555496381868802, 0.37833882580945466)": 0.9999968346908994, "(0.37833882580945466, 0.4074331574093243)": 0.9999945465858036, "(0.4074331574093243, 0.41313931178252106)": 0.9994560795016622, "(0.41313931178252106, 0.6303094230533731)": 0.9994073826871485, "(0.6303094230533731, 0.7550094122132393)": 0.9993035678417508, "(0.7550094122132393, 0.8324722212181546)": 0.9985036087783117, "(0.8324722212181546, 0.8549321026512235)": 0.9963968300478655, "(0.8549321026512235, 0.8664846077203208)": 0.9530803676942254, "(0.8664846077203208, 1.0)": 0.9376013135106543}, "pct": 0.9376013135106543, "best_return": 38.19398119282467}, "ew_rel_minmax": {"trend": "ew_rel_minmax", "time_param": 150, "q_params": {"(0, 0.2969742459569249)": 1.0, "(0.2969742459569249, 0.4515470337334345)": 0.9999606555022993, "(0.4515470337334345, 0.5287260597518335)": 0.999899864162955, "(0.5287260597518335, 0.592490175754324)": 0.9997614388680346, "(0.592490175754324, 0.7066725901833977)": 0.9984763197935949, "(0.7066725901833977, 0.8345466847327613)": 0.9983780977910024, "(0.8345466847327613, 0.8770501697319695)": 0.9977568741997762, "(0.8770501697319695, 0.9315057792554071)": 0.9974920822382571, "(0.9315057792554071, 0.9818919306649095)": 0.9930450187426133, "(0.9818919306649095, 1.0)": 0.9618603344523943}, "pct": 0.9974920822382571, "best_return": 38.11391247041329}}