{"ma": {"trend": "ma", "time_param": 150, "q_params": {"(0, 0.1875407204867805)": 1.0, "(0.1875407204867805, 0.25058223901433535)": 0.9989968959488325, "(0.25058223901433535, 0.3176202550318198)": 0.9984416906413678, "(0.3176202550318198, 0.38045609301557104)": 0.9979809939805244, "(0.38045609301557104, 0.6034479363626561)": 0.9949341465061562, "(0.6034479363626561, 0.6615608865523561)": 0.9946310369796133, "(0.6615608865523561, 0.932180064596119)": 0.9946021088213683, "(0.932180064596119, 0.9487025649281873)": 0.8365053780019978, "(0.9487025649281873, 0.9659348085405913)": 0.514755752852456, "(0.9659348085405913, 1.0)": 0.3242210019768069}, "pct": 0.9949341465061562, "best_return": 41.83691418238407}, "ew_ma": {"trend": "ew_ma", "time_param": 150, "q_params": {"(0, 0.35399493464922904)": 1.0, "(0.35399493464922904, 0.45660806702752194)": 0.9999277842711048, "(0.45660806702752194, 0.525694078276837)": 0.9997117796150695, "(0.525694078276837, 0.5713143587470124)": 0.9991970589351604, "(0.5713143587470124, 0.7305389547501145)": 0.9990301834489148, "(0.7305389547501145, 0.776860220015418)": 0.998470954756598, "(0.776860220015418, 0.7778797567202643)": 0.9944393074756486, "(0.7778797567202643, 0.8276684370815516)": 0.9040632583297461, "(0.8276684370815516, 0.884406428583813)": 0.8956914567105168, "(0.884406428583813, 1.0)": 0.6866372491378714}, "pct": 0.9990301834489148, "best_return": 39.792105605872095}, "rel_minmax": {"trend": "rel_minmax", "time_param": 150, "q_params": {"(0.0, 0.39370150030722595)": 1.0, "(0.39370150030722595, 0.39779270290677005)": 0.9999998281797079, "(0.39779270290677005, 0.42510658601906404)": 0.9999945465858036, "(0.42510658601906404, 0.4287434184725969)": 0.9996735945904148, "(0.4287434184725969, 0.6303094230533731)": 0.9994073826871485, "(0.6303094230533731, 0.8202197308704998)": 0.9993035678417508, "(0.8202197308704998, 0.8448223837455214)": 0.9992111876280947, "(0.8448223837455214, 0.8549321026512235)": 0.9942899176431853, "(0.8549321026512235, 0.8664846077203208)": 0.9443890318898329, "(0.8664846077203208, 1.0)": 0.9376013135106543}, "pct": 1, "best_return": 39.05535699046161}, "ew_rel_minmax": {"trend": "ew_rel_minmax", "time_param": 150, "q_params": {"(0, 0.2504754624709562)": 0.9999994422154426, "(0.2504754624709562, 0.4801927514008265)": 0.9999854709014838, "(0.4801927514008265, 0.5688746770355017)": 0.9998961981562152, "(0.5688746770355017, 0.5862379542124398)": 0.9997614388680346, "(0.5862379542124398, 0.7066725901833977)": 0.9986586918287724, "(0.7066725901833977, 0.8513413018812209)": 0.9984162578245005, "(0.8513413018812209, 0.8850127793216765)": 0.9977568741997762, "(0.8850127793216765, 0.9198873196118431)": 0.9940552869453592, "(0.9198873196118431, 0.9952238132274485)": 0.9930450187426133, "(0.9952238132274485, 1.0)": 0.9216410796699256}, "pct": 0.9930450187426133, "best_return": 39.092082811325035}}