{"ma": {"trend": "ma", "time_param": 150, "q_params": {"(0.0, 0.22058799714899846)": 0.9998509932119789, "(0.22058799714899846, 0.22584408998600666)": 0.9989968959488325, "(0.22584408998600666, 0.31025665393896257)": 0.9982401508912309, "(0.31025665393896257, 0.3908036697800742)": 0.995587961962252, "(0.3908036697800742, 0.6034479363626561)": 0.9853623942106934, "(0.6034479363626561, 0.6615608865523561)": 0.9772631721267413, "(0.6615608865523561, 0.9097494429366522)": 0.8990187684349833, "(0.9097494429366522, 0.9487025649281873)": 0.8365053780019978, "(0.9487025649281873, 0.9659348085405913)": 0.5534620301856503, "(0.9659348085405913, 1.0)": 0.3242210019768069}, "pct": 1, "best_return": 38.223851174301245}, "ew_ma": {"trend": "ew_ma", "time_param": 150, "q_params": {"(0.0, 0.35399493464922904)": 0.9999662920562221, "(0.35399493464922904, 0.42828766586608613)": 0.9999277842711048, "(0.42828766586608613, 0.5377984323121701)": 0.9998902210661165, "(0.5377984323121701, 0.6024997546858706)": 0.9994195266871354, "(0.6024997546858706, 0.7305389547501145)": 0.9965248279743024, "(0.7305389547501145, 0.7559312615029115)": 0.9961594823604792, "(0.7559312615029115, 0.814698237368156)": 0.9944393074756486, "(0.814698237368156, 0.8354576542408846)": 0.9137921788011364, "(0.8354576542408846, 0.886712259555206)": 0.8859906371819672, "(0.886712259555206, 1.0)": 0.710540933032088}, "pct": 1, "best_return": 38.223851174301245}, "rel_minmax": {"trend": "rel_minmax", "time_param": 150, "q_params": {"(0.0, 0.3842235772154072)": 1.0, "(0.3842235772154072, 0.38503338663170444)": 0.9999970397487782, "(0.38503338663170444, 0.42510658601906404)": 0.9999282841373327, "(0.42510658601906404, 0.4287434184725969)": 0.9994957718702508, "(0.4287434184725969, 0.6151152577264899)": 0.9993674621979572, "(0.6151152577264899, 0.8262796685387559)": 0.9993298704398491, "(0.8262796685387559, 0.8448223837455214)": 0.9992111876280947, "(0.8448223837455214, 0.8549321026512235)": 0.9586283306471891, "(0.8549321026512235, 0.9039258689450204)": 0.9393533951531295, "(0.9039258689450204, 1.0)": 0.9376013135106543}, "pct": 1, "best_return": 38.223851174301245}, "ew_rel_minmax": {"trend": "ew_rel_minmax", "time_param": 150, "q_params": {"(0.0, 0.27135398997442817)": 0.9999994422154426, "(0.27135398997442817, 0.4862526777070991)": 0.9995233725762128, "(0.4862526777070991, 0.5732949925155226)": 0.9994206765997277, "(0.5732949925155226, 0.5862379542124398)": 0.9993547717031317, "(0.5862379542124398, 0.7066725901833977)": 0.9981765103222935, "(0.7066725901833977, 0.7920378332939777)": 0.9979638857770904, "(0.7920378332939777, 0.8694012097561353)": 0.9977568741997762, "(0.8694012097561353, 0.9198873196118431)": 0.9940552869453592, "(0.9198873196118431, 0.9952238132274485)": 0.9930450187426133, "(0.9952238132274485, 1.0)": 0.9216410796699256}, "pct": 1, "best_return": 38.223851174301245}}