{"ma": {"time_param": 242, "trend": "ma", "q_params": {"(0, 0.3165389898785679)": 0.9798730302439407, "(0.3165389898785679, 0.4022637287392147)": 0.9147161696289553, "(0.4022637287392147, 0.631958712344276)": 0.8865730808353983, "(0.631958712344276, 0.8935756222856586)": 0.8333322003998404, "(0.8935756222856586, 0.9000781662607572)": 0.6507126152431637, "(0.9000781662607572, 0.9429225147619691)": 0.5149363195598564, "(0.9429225147619691, 0.9491438694174521)": 0.48083617509005766, "(0.9491438694174521, 0.960949808056132)": 0.41391951059445126, "(0.960949808056132, 0.9715539658897134)": 0.2351082256411716, "(0.9715539658897134, 1.0)": 0.16116603130837517}, "pct": 0.9798730302439407, "best_return": 7.490961531179129}, "ew_ma": {"trend": "ew_ma", "time_param": 147, "q_params": {"(0, 0.31208365324514104)": 0.9999910298675085, "(0.31208365324514104, 0.4412636824738344)": 0.9999832036379924, "(0.4412636824738344, 0.4754169776286529)": 0.9996779842521387, "(0.4754169776286529, 0.5108962300459682)": 0.9995155616950085, "(0.5108962300459682, 0.5950393683117434)": 0.9989814622819554, "(0.5950393683117434, 0.6443107417802612)": 0.9985510138736995, "(0.6443107417802612, 0.6816953493898849)": 0.9985315618664579, "(0.6816953493898849, 0.856487188798936)": 0.9971808635491348, "(0.856487188798936, 0.9293585662966536)": 0.8162892102125219, "(0.9293585662966536, 1.0)": 0.23465914719862163}, "pct": 0.9999910298675085, "best_return": 9.726539535004582}, "rel_minmax": {"time_param": 254, "trend": "rel_minmax", "q_params": {"(0, 0.07415761428886425)": 0.983752971504132, "(0.07415761428886425, 0.40764618855353785)": 0.975334704914253, "(0.40764618855353785, 0.45464905365851915)": 0.812594472499334, "(0.45464905365851915, 0.4624679993973516)": 0.6283332783374356, "(0.4624679993973516, 0.5110517787849072)": 0.5142871121494862, "(0.5110517787849072, 0.8368726448304019)": 0.4686363867566893, "(0.8368726448304019, 0.8978294496505603)": 0.4593566528401941, "(0.8978294496505603, 0.908074498572639)": 0.4299901106249307, "(0.908074498572639, 0.9216133741997772)": 0.410999218161181, "(0.9216133741997772, 1)": 0.0366061754066844}, "pct": 0.0366061754066844, "best_return": 7.762228198230238}, "ew_rel_minmax": {"trend": "ew_rel_minmax", "time_param": 147, "q_params": {"(0, 0.11501148235847546)": 0.9994282909393704, "(0.11501148235847546, 0.2644390062425483)": 0.9990360648311958, "(0.2644390062425483, 0.27384566793183196)": 0.9988865193021699, "(0.27384566793183196, 0.5038996264712478)": 0.9987029258869694, "(0.5038996264712478, 0.6338617257650614)": 0.9986915595404338, "(0.6338617257650614, 0.7307879947124407)": 0.9983841335881781, "(0.7307879947124407, 0.7665267012892627)": 0.9981458883378189, "(0.7665267012892627, 0.8827307418635297)": 0.9957475268803073, "(0.8827307418635297, 0.9369405802008505)": 0.2671773182155255, "(0.9369405802008505, 1.0)": 0.06905940442369327}, "pct": 0.2671773182155255, "best_return": 8.82353860912277}}