{"ma": {"time_param": 242, "trend": "ma", "q_params": {"(0, 0.36452411733424456)": 0.97313365637438, "(0.36452411733424456, 0.4185870873388888)": 0.939723062934475, "(0.4185870873388888, 0.6342970288863679)": 0.8986862028397115, "(0.6342970288863679, 0.8977941396131248)": 0.8473770206653134, "(0.8977941396131248, 0.9260764955543672)": 0.6389943274258141, "(0.9260764955543672, 0.9300345403010272)": 0.5078983009430327, "(0.9300345403010272, 0.9400017199531868)": 0.48035053030570907, "(0.9400017199531868, 0.959307142096566)": 0.3945724755801057, "(0.959307142096566, 0.9665104128257844)": 0.24836330916428578, "(0.9665104128257844, 1.0)": 0.1244390720710759}, "pct": 0.97313365637438, "best_return": 7.786825512874979}, "ew_ma": {"trend": "ew_ma", "time_param": 147, "q_params": {"(0, 0.3282826704760326)": 0.9999966113265489, "(0.3282826704760326, 0.37218250875842646)": 0.9998930390202282, "(0.37218250875842646, 0.46821375885572447)": 0.9996779842521387, "(0.46821375885572447, 0.4948112464204339)": 0.9980539671487685, "(0.4948112464204339, 0.5780272132176385)": 0.9963284471534762, "(0.5780272132176385, 0.638302548383423)": 0.9884218534681662, "(0.638302548383423, 0.6880567285418893)": 0.9090200696502805, "(0.6880567285418893, 0.8528638550759274)": 0.8651124950028568, "(0.8528638550759274, 0.9366141937502358)": 0.8478137557049246, "(0.9366141937502358, 1.0)": 0.22673227786250755}, "pct": 0.9999966113265489, "best_return": 8.528332986771554}, "rel_minmax": {"time_param": 254, "trend": "rel_minmax", "q_params": {"(0, 0.07415761428886425)": 0.983752971504132, "(0.07415761428886425, 0.40764618855353785)": 0.975334704914253, "(0.40764618855353785, 0.44482618608773966)": 0.8108106695205252, "(0.44482618608773966, 0.4544196737494188)": 0.6689169444841305, "(0.4544196737494188, 0.47871703144627237)": 0.4877092770916545, "(0.47871703144627237, 0.8408916139947262)": 0.4612162568574307, "(0.8408916139947262, 0.9048592676946011)": 0.43385435683346407, "(0.9048592676946011, 0.9153520171635031)": 0.4299901106249307, "(0.9153520171635031, 0.9824562483305372)": 0.4147806334186327, "(0.9824562483305372, 1.0)": 0.025885147421245498}, "pct": 0.43385435683346407, "best_return": 7.862160948363026}, "ew_rel_minmax": {"trend": "ew_rel_minmax", "time_param": 147, "q_params": {"(0, 0.09615356725106669)": 0.9992865408638344, "(0.09615356725106669, 0.2481793795847978)": 0.9992665631619734, "(0.2481793795847978, 0.2736712420535193)": 0.9992165393935946, "(0.2736712420535193, 0.5069669818185253)": 0.9989263910534276, "(0.5069669818185253, 0.6440832733980719)": 0.9986915595404338, "(0.6440832733980719, 0.7205641921332151)": 0.9985149766680134, "(0.7205641921332151, 0.7749826517494752)": 0.704744598885705, "(0.7749826517494752, 0.8806983669011205)": 0.4276160287713171, "(0.8806983669011205, 0.9498202325185983)": 0.28900297786744555, "(0.9498202325185983, 1.0)": 0.060892592336872206}, "pct": 0.4276160287713171, "best_return": 9.92762315579282}}