{"ma": {"time_param": 242, "trend": "ma", "q_params": {"(0, 0.5707757581362061)": 0.9823963797169281, "(0.5707757581362061, 0.5939627761895424)": 0.9676681183471079, "(0.5939627761895424, 0.62574613006068)": 0.9246010083223573, "(0.62574613006068, 0.8977941396131248)": 0.9080880096996312, "(0.8977941396131248, 0.9018997772106301)": 0.8250447976632527, "(0.9018997772106301, 0.9296098254839169)": 0.6024947921034498, "(0.9296098254839169, 0.9369083095977031)": 0.5678925564269967, "(0.9369083095977031, 0.9589244997318651)": 0.39432893689303267, "(0.9589244997318651, 0.9654828013602268)": 0.2447897426741021, "(0.9654828013602268, 1.0)": 0.14655624535887768}, "pct": 0.9823963797169281, "best_return": 7.353651104632737}, "ew_ma": {"trend": "ew_ma", "time_param": 147, "q_params": {"(0, 0.35528987933589806)": 0.9999951509382343, "(0.35528987933589806, 0.4016864288788179)": 0.9999658099017141, "(0.4016864288788179, 0.4835417363944709)": 0.9999343898361234, "(0.4835417363944709, 0.590551959363288)": 0.9967400149849573, "(0.590551959363288, 0.6338231265101971)": 0.9963284471534762, "(0.6338231265101971, 0.6446613297938226)": 0.9920106141794462, "(0.6446613297938226, 0.6852387190586018)": 0.9044307506136362, "(0.6852387190586018, 0.918808590256124)": 0.8820830517961108, "(0.918808590256124, 0.9452374632159394)": 0.39283728269934653, "(0.9452374632159394, 1.0)": 0.05180626347911613}, "pct": 0.9999951509382343, "best_return": 8.421215101850589}, "rel_minmax": {"time_param": 203, "trend": "rel_minmax", "q_params": {"(0, 0.07572717061653986)": 0.9921579762790292, "(0.07572717061653986, 0.23298473148062693)": 0.9761910704286749, "(0.23298473148062693, 0.25093756681415114)": 0.8285914042511829, "(0.25093756681415114, 0.3425178057268254)": 0.6813689380045217, "(0.3425178057268254, 0.4671242702613534)": 0.6250964193442486, "(0.4671242702613534, 0.6325226191859014)": 0.5659704735913224, "(0.6325226191859014, 0.7507147324779784)": 0.48169194647980507, "(0.7507147324779784, 0.7951495701128276)": 0.3656636557600802, "(0.7951495701128276, 0.838224469895116)": 0.34581894473754926, "(0.838224469895116, 1)": 0.010100974683064493}, "pct": 0.3656636557600802, "best_return": 7.502939071109228}, "ew_rel_minmax": {"time_param": 177, "trend": "ew_rel_minmax", "q_params": {"(0, 0.046092007070995256)": 0.9631309583952098, "(0.046092007070995256, 0.35848493105477586)": 0.8589631499433283, "(0.35848493105477586, 0.4040042502394203)": 0.8223305463566938, "(0.4040042502394203, 0.42907139839034836)": 0.7682501039178776, "(0.42907139839034836, 0.4756540863892741)": 0.6214877995019714, "(0.4756540863892741, 0.6364901503918908)": 0.6169915467699615, "(0.6364901503918908, 0.789123403584043)": 0.5402257736111774, "(0.789123403584043, 0.7919198143388072)": 0.1591773498023178, "(0.7919198143388072, 0.9663418274898067)": 0.05423196924285345, "(0.9663418274898067, 1)": 0.05372049115248445}, "pct": 0.1591773498023178, "best_return": 6.881968003747791}}