{"ma": {"time_param": 242, "trend": "ma", "q_params": {"(0, 0.3165389898785679)": 0.9953506292332943, "(0.3165389898785679, 0.4022637287392147)": 0.9147161696289553, "(0.4022637287392147, 0.6426435301439479)": 0.8865730808353983, "(0.6426435301439479, 0.8971431364313478)": 0.8333322003998404, "(0.8971431364313478, 0.9000781662607572)": 0.5939221358977763, "(0.9000781662607572, 0.9429225147619691)": 0.5149363195598564, "(0.9429225147619691, 0.9491438694174521)": 0.4828630966961987, "(0.9491438694174521, 0.960949808056132)": 0.41391951059445126, "(0.960949808056132, 0.9756508479565452)": 0.2395383208280151, "(0.9756508479565452, 1)": 0.16116603130837517}, "pct": 0.9953506292332943, "best_return": 7.98117634486114}, "ew_ma": {"trend": "ew_ma", "time_param": 147, "q_params": {"(0, 0.34418621487608825)": 1.0, "(0.34418621487608825, 0.4412636824738344)": 0.9999832036379924, "(0.4412636824738344, 0.4784177032148541)": 0.9996779842521387, "(0.4784177032148541, 0.5108962300459682)": 0.9995155616950085, "(0.5108962300459682, 0.5884730197131537)": 0.9989814622819554, "(0.5884730197131537, 0.6443107417802612)": 0.9989266427594236, "(0.6443107417802612, 0.6816953493898849)": 0.9983462586293872, "(0.6816953493898849, 0.8585449818765817)": 0.9972799143489167, "(0.8585449818765817, 0.9145887637587918)": 0.9920279440699441, "(0.9145887637587918, 1.0)": 0.2305557518101373}, "pct": 1.0, "best_return": 11.407461131177634}, "rel_minmax": {"time_param": 204, "trend": "rel_minmax", "q_params": {"(0, 0.41691010317655086)": 0.9886187947721948, "(0.41691010317655086, 0.5457909485272918)": 0.8622691377160555, "(0.5457909485272918, 0.5895594022788878)": 0.8290591371184123, "(0.5895594022788878, 0.729929705777368)": 0.80968642446744, "(0.729929705777368, 0.8258791719254882)": 0.7573004037472927, "(0.8258791719254882, 0.8642111867092539)": 0.7051759965611029, "(0.8642111867092539, 0.8864632577952738)": 0.5742676921327251, "(0.8864632577952738, 0.9220253426985208)": 0.5354948257675343, "(0.9220253426985208, 0.9278633551302533)": 0.06485076709978915, "(0.9278633551302533, 1.0)": 0.039068025679348584}, "pct": 0.039068025679348584, "best_return": 9.364430104831984}, "ew_rel_minmax": {"trend": "ew_rel_minmax", "time_param": 147, "q_params": {"(0, 0.11501148235847546)": 0.9995275025622246, "(0.11501148235847546, 0.1277942904248927)": 0.9990158064401312, "(0.1277942904248927, 0.27384566793183196)": 0.9988865193021699, "(0.27384566793183196, 0.5038996264712478)": 0.9985142227338849, "(0.5038996264712478, 0.6254043504566916)": 0.9984846873430603, "(0.6254043504566916, 0.7295397548802545)": 0.9983500153644888, "(0.7295397548802545, 0.772793278826803)": 0.9981458883378189, "(0.772793278826803, 0.8827307418635297)": 0.9957475268803073, "(0.8827307418635297, 0.9081957023477087)": 0.2671773182155255, "(0.9081957023477087, 1.0)": 0.08194877900647685}, "pct": 0.2671773182155255, "best_return": 9.711601025375737}}