{"ma": {"time_param": 242, "trend": "ma", "q_params": {"(0, 0.34894880495347413)": 0.9595522838395957, "(0.34894880495347413, 0.4135828996767255)": 0.9201343017144205, "(0.4135828996767255, 0.631958712344276)": 0.8865730808353983, "(0.631958712344276, 0.8962232248788161)": 0.8297730336542, "(0.8962232248788161, 0.9136007367645683)": 0.6530352112187843, "(0.9136007367645683, 0.9231063975380644)": 0.5149363195598564, "(0.9231063975380644, 0.9336773036381314)": 0.47226601095573606, "(0.9336773036381314, 0.9664729355706023)": 0.3914087463830386, "(0.9664729355706023, 0.9786362483306194)": 0.2388293712890787, "(0.9786362483306194, 1.0)": 0.15169986932275914}, "pct": 0.9595522838395957, "best_return": 7.849158980175013}, "ew_ma": {"trend": "ew_ma", "time_param": 147, "q_params": {"(0, 0.31208365324514104)": 0.9999931722355068, "(0.31208365324514104, 0.4649745796621415)": 0.9999832036379924, "(0.4649745796621415, 0.4754169776286529)": 0.9996779842521387, "(0.4754169776286529, 0.47793612432382315)": 0.9992228685464543, "(0.47793612432382315, 0.5713476637685941)": 0.9989814622819554, "(0.5713476637685941, 0.6465325444734807)": 0.9985510138736995, "(0.6465325444734807, 0.6735494256057314)": 0.9983536731579433, "(0.6735494256057314, 0.863808852588909)": 0.868077012066814, "(0.863808852588909, 0.9366141937502358)": 0.822655919194222, "(0.9366141937502358, 1.0)": 0.23280780119246827}, "pct": 0.9999931722355068, "best_return": 9.267657428603858}, "rel_minmax": {"time_param": 254, "trend": "rel_minmax", "q_params": {"(0.0, 0.07415761428886425)": 0.983752971504132, "(0.07415761428886425, 0.40764618855353785)": 0.975334704914253, "(0.40764618855353785, 0.4482328375798035)": 0.8108106695205252, "(0.4482328375798035, 0.4624679993973516)": 0.6283332783374356, "(0.4624679993973516, 0.4902194034364926)": 0.5142871121494862, "(0.4902194034364926, 0.8368726448304019)": 0.4686363867566893, "(0.8368726448304019, 0.8978294496505603)": 0.4392591022845514, "(0.8978294496505603, 0.9153520171635031)": 0.4299901106249307, "(0.9153520171635031, 0.9216133741997772)": 0.410999218161181, "(0.9216133741997772, 1.0)": 0.0366061754066844}, "pct": 1, "best_return": 7.62110777596314}, "ew_rel_minmax": {"trend": "ew_rel_minmax", "time_param": 147, "q_params": {"(0, 0.09615356725106669)": 0.9994282909393704, "(0.09615356725106669, 0.2416430045072929)": 0.9990360648311958, "(0.2416430045072929, 0.2686252408953822)": 0.9988546893312497, "(0.2686252408953822, 0.5008283660792858)": 0.998834531662788, "(0.5008283660792858, 0.6382896061180408)": 0.9986915595404338, "(0.6382896061180408, 0.7135230615096743)": 0.9985149766680134, "(0.7135230615096743, 0.7595727898499288)": 0.7069422023815484, "(0.7595727898499288, 0.8993490412023305)": 0.4147757919668877, "(0.8993490412023305, 0.9498202325185983)": 0.29388315111900687, "(0.9498202325185983, 1.0)": 0.06905940442369327}, "pct": 0.4147757919668877, "best_return": 9.748054778533486}}