{"ma": {"trend": "ma", "time_param": 147, "q_params": {"(0, 0.1657654253098851)": 0.999870964831897, "(0.1657654253098851, 0.2869481007116411)": 0.9993384157028548, "(0.2869481007116411, 0.3097485038626376)": 0.9988282033995126, "(0.3097485038626376, 0.3289769717872552)": 0.997002999, "(0.3289769717872552, 0.45976160018653056)": 0.9969988015691692, "(0.45976160018653056, 0.547593019092597)": 0.9969516286823993, "(0.547593019092597, 0.5917593982278099)": 0.9960850495758019, "(0.5917593982278099, 0.6419406695124276)": 0.9955501333291367, "(0.6419406695124276, 0.9757244198570948)": 0.9920279440699441, "(0.9757244198570948, 1.0)": 0.3169182813114137}, "pct": 0.999870964831897, "best_return": 9.141489900155303}, "ew_ma": {"trend": "ew_ma", "time_param": 147, "q_params": {"(0, 0.449609301670429)": 1.0, "(0.449609301670429, 0.4560089202115649)": 0.9999832036379924, "(0.4560089202115649, 0.4953381675619028)": 0.9999242069299656, "(0.4953381675619028, 0.5108962300459682)": 0.9995638812465508, "(0.5108962300459682, 0.5582987256159445)": 0.9989876519758156, "(0.5582987256159445, 0.6000000000000001)": 0.9987179799527308, "(0.6000000000000001, 0.6258292618749438)": 0.9983462586293872, "(0.6258292618749438, 0.862847115251196)": 0.9954110608420056, "(0.862847115251196, 0.9106893564677327)": 0.9920279440699441, "(0.9106893564677327, 1.0)": 0.30201615227625855}, "pct": 1.0, "best_return": 10.638412812181722}, "rel_minmax": {"time_param": 204, "trend": "rel_minmax", "q_params": {"(0, 0.5321069588495805)": 0.9886187947721948, "(0.5321069588495805, 0.5401448127345192)": 0.833223869205677, "(0.5401448127345192, 0.5745687046712391)": 0.8290591371184123, "(0.5745687046712391, 0.6975927060162804)": 0.8034726786799391, "(0.6975927060162804, 0.8361350475525529)": 0.7905926964428882, "(0.8361350475525529, 0.853372344986626)": 0.7594518092343286, "(0.853372344986626, 0.8773212485329763)": 0.7035772159604242, "(0.8773212485329763, 0.9255356078590438)": 0.5418776964066815, "(0.9255356078590438, 0.9554602440685508)": 0.06176355207815809, "(0.9554602440685508, 1.0)": 0.0009263335932332695}, "pct": 0.06176355207815809, "best_return": 10.474204867330045}, "ew_rel_minmax": {"trend": "ew_rel_minmax", "time_param": 147, "q_params": {"(0, 0.08710020292098827)": 0.9990205883149501, "(0.08710020292098827, 0.1277942904248927)": 0.9990179167980752, "(0.1277942904248927, 0.27075246278051823)": 0.9990002628778611, "(0.27075246278051823, 0.5038996264712478)": 0.9989828724729428, "(0.5038996264712478, 0.7251152109859734)": 0.9984152705933887, "(0.7251152109859734, 0.7295397548802545)": 0.9982729616739187, "(0.7295397548802545, 0.8155768364323042)": 0.9972201668258363, "(0.8155768364323042, 0.8169926113437497)": 0.9957475268803073, "(0.8169926113437497, 0.9713193323009349)": 0.27012550772531824, "(0.9713193323009349, 1.0)": 0.049921760235707636}, "pct": 0.27012550772531824, "best_return": 10.582746744838339}}