{"ma": {"time_param": 242, "trend": "ma", "q_params": {"(0, 0.34894880495347413)": 0.9595522838395957, "(0.34894880495347413, 0.42258606970493057)": 0.9156585343589082, "(0.42258606970493057, 0.631958712344276)": 0.8865730808353983, "(0.631958712344276, 0.8935756222856586)": 0.8333322003998404, "(0.8935756222856586, 0.9000781662607572)": 0.657843218113548, "(0.9000781662607572, 0.9186934479731953)": 0.5149363195598564, "(0.9186934479731953, 0.9336773036381314)": 0.48083617509005766, "(0.9336773036381314, 0.960949808056132)": 0.3914087463830386, "(0.960949808056132, 0.9786362483306194)": 0.24322196087688822, "(0.9786362483306194, 1.0)": 0.15169986932275914}, "pct": 0.9595522838395957, "best_return": 7.639810615043105}, "ew_ma": {"trend": "ew_ma", "time_param": 147, "q_params": {"(0, 0.31208365324514104)": 0.9999910298675085, "(0.31208365324514104, 0.4397366674471978)": 0.9999832036379924, "(0.4397366674471978, 0.4754169776286529)": 0.9996779842521387, "(0.4754169776286529, 0.47793612432382315)": 0.9995155616950085, "(0.47793612432382315, 0.5648550188907773)": 0.9989814622819554, "(0.5648550188907773, 0.6465325444734807)": 0.9985510138736995, "(0.6465325444734807, 0.6735494256057314)": 0.9985315618664579, "(0.6735494256057314, 0.863808852588909)": 0.9971808635491348, "(0.863808852588909, 0.9352445985718132)": 0.8162892102125219, "(0.9352445985718132, 1.0)": 0.23280780119246827}, "pct": 0.9999910298675085, "best_return": 9.25948563215926}, "rel_minmax": {"time_param": 254, "trend": "rel_minmax", "q_params": {"(0, 0.07415761428886425)": 0.983752971504132, "(0.07415761428886425, 0.40764618855353785)": 0.975334704914253, "(0.40764618855353785, 0.4482328375798035)": 0.8108106695205252, "(0.4482328375798035, 0.4624679993973516)": 0.6283332783374356, "(0.4624679993973516, 0.4902194034364926)": 0.5142871121494862, "(0.4902194034364926, 0.8368726448304019)": 0.4686363867566893, "(0.8368726448304019, 0.8978294496505603)": 0.4392591022845514, "(0.8978294496505603, 0.9153520171635031)": 0.4299901106249307, "(0.9153520171635031, 0.9216133741997772)": 0.410999218161181, "(0.9216133741997772, 1.0)": 0.0366061754066844}, "pct": 0.0366061754066844, "best_return": 7.64411329475605}, "ew_rel_minmax": {"trend": "ew_rel_minmax", "time_param": 147, "q_params": {"(0, 0.09202023241711016)": 0.9994282909393704, "(0.09202023241711016, 0.2644390062425483)": 0.9990360648311958, "(0.2644390062425483, 0.27384566793183196)": 0.9988773005743925, "(0.27384566793183196, 0.5008283660792858)": 0.9988077053986738, "(0.5008283660792858, 0.6217704728753483)": 0.9986915595404338, "(0.6217704728753483, 0.7135230615096743)": 0.9983841335881781, "(0.7135230615096743, 0.7665267012892627)": 0.9981458883378189, "(0.7665267012892627, 0.8993490412023305)": 0.4219963818947008, "(0.8993490412023305, 0.9369405802008505)": 0.29388315111900687, "(0.9369405802008505, 1.0)": 0.06905940442369327}, "pct": 0.4219963818947008, "best_return": 9.650845070973624}}