{"ma": {"time_param": 242, "trend": "ma", "q_params": {"(0, 0.34894880495347413)": 0.9595522838395957, "(0.34894880495347413, 0.4135828996767255)": 0.9201343017144205, "(0.4135828996767255, 0.6207567042746482)": 0.8986862028397115, "(0.6207567042746482, 0.8922362590789223)": 0.8297730336542, "(0.8922362590789223, 0.9109932941409147)": 0.629774825495641, "(0.9109932941409147, 0.9324892233299816)": 0.5149363195598564, "(0.9324892233299816, 0.9336773036381314)": 0.47226601095573606, "(0.9336773036381314, 0.959307142096566)": 0.38742007627912783, "(0.959307142096566, 0.9786362483306194)": 0.24836330916428578, "(0.9786362483306194, 1.0)": 0.15169986932275914}, "pct": 0.9595522838395957, "best_return": 7.867435694187169}, "ew_ma": {"trend": "ew_ma", "time_param": 147, "q_params": {"(0, 0.3240053840367254)": 0.9999931722355068, "(0.3240053840367254, 0.4538063121308932)": 0.9998988286826557, "(0.4538063121308932, 0.46821375885572447)": 0.9996779842521387, "(0.46821375885572447, 0.4948112464204339)": 0.9990749524618623, "(0.4948112464204339, 0.5713476637685941)": 0.9989814622819554, "(0.5713476637685941, 0.6465325444734807)": 0.9985884220619706, "(0.6465325444734807, 0.6735494256057314)": 0.9983536731579433, "(0.6735494256057314, 0.8528638550759274)": 0.8651124950028568, "(0.8528638550759274, 0.9366141937502358)": 0.822655919194222, "(0.9366141937502358, 1.0)": 0.22673227786250755}, "pct": 0.9999931722355068, "best_return": 9.156344177629977}, "rel_minmax": {"time_param": 254, "trend": "rel_minmax", "q_params": {"(0, 0.07415761428886425)": 0.983752971504132, "(0.07415761428886425, 0.40764618855353785)": 0.975334704914253, "(0.40764618855353785, 0.4482328375798035)": 0.8108106695205252, "(0.4482328375798035, 0.4624679993973516)": 0.6283332783374356, "(0.4624679993973516, 0.49180791611405567)": 0.5009671532957168, "(0.49180791611405567, 0.8368726448304019)": 0.4612162568574307, "(0.8368726448304019, 0.8978294496505603)": 0.4392591022845514, "(0.8978294496505603, 0.9153520171635031)": 0.4299901106249307, "(0.9153520171635031, 0.9824562483305372)": 0.410999218161181, "(0.9824562483305372, 1.0)": 0.0366061754066844}, "pct": 0.410999218161181, "best_return": 7.804606940410101}, "ew_rel_minmax": {"trend": "ew_rel_minmax", "time_param": 147, "q_params": {"(0, 0.09615356725106669)": 0.9994282909393704, "(0.09615356725106669, 0.2481793795847978)": 0.9992665631619734, "(0.2481793795847978, 0.2736712420535193)": 0.9988546893312497, "(0.2736712420535193, 0.5008283660792858)": 0.9987780879785532, "(0.5008283660792858, 0.6475596534813494)": 0.9986915595404338, "(0.6475596534813494, 0.7205641921332151)": 0.9985149766680134, "(0.7205641921332151, 0.7749826517494752)": 0.7069422023815484, "(0.7749826517494752, 0.9023212537722214)": 0.4106545839543755, "(0.9023212537722214, 0.9498202325185983)": 0.28900297786744555, "(0.9498202325185983, 1.0)": 0.06432852422104958}, "pct": 0.4106545839543755, "best_return": 9.665032011145552}}