{"ma": {"trend": "ma", "time_param": 147, "q_params": {"(0, 0.13524444720355389)": 0.9999073634189289, "(0.13524444720355389, 0.2869481007116411)": 0.9998668780247142, "(0.2869481007116411, 0.2901466215114536)": 0.9991924330918203, "(0.2901466215114536, 0.3415258337661757)": 0.997002999, "(0.3415258337661757, 0.47870021496472215)": 0.9969734507309934, "(0.47870021496472215, 0.547593019092597)": 0.9969516286823993, "(0.547593019092597, 0.5917593982278099)": 0.9960850495758019, "(0.5917593982278099, 0.6419406695124276)": 0.9956450318950212, "(0.6419406695124276, 0.9134535089590295)": 0.9859459075860684, "(0.9134535089590295, 1.0)": 0.3053133269036278}, "pct": 0.9999073634189289, "best_return": 9.30850707023146}, "ew_ma": {"trend": "ew_ma", "time_param": 147, "q_params": {"(0, 0.4365504889382662)": 1.0, "(0.4365504889382662, 0.4412636824738344)": 0.9999832036379924, "(0.4412636824738344, 0.4826238434630672)": 0.9997660090653316, "(0.4826238434630672, 0.5108962300459682)": 0.9991364903339158, "(0.5108962300459682, 0.5329201195724241)": 0.9989814622819554, "(0.5329201195724241, 0.599633692232997)": 0.9989266427594236, "(0.599633692232997, 0.6258292618749438)": 0.9983462586293872, "(0.6258292618749438, 0.8594000793738058)": 0.9972799143489167, "(0.8594000793738058, 0.9145887637587918)": 0.9920279440699441, "(0.9145887637587918, 1.0)": 0.25524866879593694}, "pct": 1.0, "best_return": 11.517911035104326}, "rel_minmax": {"time_param": 204, "trend": "rel_minmax", "q_params": {"(0, 0.41691010317655086)": 0.9886187947721948, "(0.41691010317655086, 0.5210335058965812)": 0.833223869205677, "(0.5210335058965812, 0.5745687046712391)": 0.8290591371184123, "(0.5745687046712391, 0.6975927060162804)": 0.8034726786799391, "(0.6975927060162804, 0.8266695808574235)": 0.7850217944816776, "(0.8266695808574235, 0.8339758864077651)": 0.7051759965611029, "(0.8339758864077651, 0.888554909942437)": 0.5825176922324429, "(0.888554909942437, 0.8901920251441084)": 0.5354948257675343, "(0.8901920251441084, 0.9278633551302533)": 0.08434578790598922, "(0.9278633551302533, 1.0)": 0.039068025679348584}, "pct": 0.039068025679348584, "best_return": 10.211607252079265}, "ew_rel_minmax": {"trend": "ew_rel_minmax", "time_param": 147, "q_params": {"(0, 0.11501148235847546)": 0.9990205883149501, "(0.11501148235847546, 0.1277942904248927)": 0.9990158064401312, "(0.1277942904248927, 0.27384566793183196)": 0.9988865193021699, "(0.27384566793183196, 0.5038996264712478)": 0.9985829208497358, "(0.5038996264712478, 0.7251152109859734)": 0.9984152705933887, "(0.7251152109859734, 0.7295397548802545)": 0.9973441445634319, "(0.7295397548802545, 0.8023647102775787)": 0.9972201668258363, "(0.8023647102775787, 0.897803623015781)": 0.9957475268803073, "(0.897803623015781, 0.9081957023477087)": 0.2568086995557425, "(0.9081957023477087, 1.0)": 0.03302963577227633}, "pct": 0.9957475268803073, "best_return": 10.40744827175238}}