{"ma": {"time_param": 242, "trend": "ma", "q_params": {"(0, 0.539685158511141)": 0.97313365637438, "(0.539685158511141, 0.61824261298949)": 0.9366748452626033, "(0.61824261298949, 0.6344743912813439)": 0.9207001571574822, "(0.6344743912813439, 0.8977941396131248)": 0.9080880096996312, "(0.8977941396131248, 0.9216937169862571)": 0.6389943274258141, "(0.9216937169862571, 0.9267599484308258)": 0.6293501412620974, "(0.9267599484308258, 0.9369083095977031)": 0.599852301786922, "(0.9369083095977031, 0.9597136208015199)": 0.4462037226327723, "(0.9597136208015199, 0.9716036194672445)": 0.2447897426741021, "(0.9716036194672445, 1.0)": 0.12057397126412343}, "pct": 0.97313365637438, "best_return": 10.94625497205994}, "ew_ma": {"trend": "ew_ma", "time_param": 147, "q_params": {"(0, 0.3674767938659549)": 0.9999966113265489, "(0.3674767938659549, 0.3922364815642859)": 0.9998930390202282, "(0.3922364815642859, 0.45519321190646966)": 0.9996779842521387, "(0.45519321190646966, 0.5023468217460781)": 0.9966128043586565, "(0.5023468217460781, 0.5826232637246149)": 0.9963284471534762, "(0.5826232637246149, 0.6440180739668792)": 0.9739786139807665, "(0.6440180739668792, 0.6852387190586018)": 0.9044307506136362, "(0.6852387190586018, 0.8585811780163325)": 0.8820830517961108, "(0.8585811780163325, 0.9452374632159394)": 0.34509458420384054, "(0.9452374632159394, 1.0)": 0.18121459300011356}, "pct": 0.9999966113265489, "best_return": 9.547441676314685}, "rel_minmax": {"time_param": 169, "trend": "rel_minmax", "q_params": {"(0, 0.08360727110188715)": 0.980237024494676, "(0.08360727110188715, 0.28988770337256053)": 0.9616320772770238, "(0.28988770337256053, 0.30935440422221117)": 0.9265439168167016, "(0.30935440422221117, 0.3326248531594176)": 0.914103099405493, "(0.3326248531594176, 0.45664972943139237)": 0.8832247725090494, "(0.45664972943139237, 0.6770795383378654)": 0.8523623875657191, "(0.6770795383378654, 0.8170629051770542)": 0.5445301532368353, "(0.8170629051770542, 0.8977794102223621)": 0.33039911727654975, "(0.8977794102223621, 0.9164241301913507)": 0.25500720908979824, "(0.9164241301913507, 1)": 0.010956271838945542}, "pct": 0.33039911727654975, "best_return": 8.941571879118154}, "ew_rel_minmax": {"time_param": 199, "trend": "ew_rel_minmax", "q_params": {"(0, 0.21181059407554192)": 0.9981673103975911, "(0.21181059407554192, 0.2576238360697415)": 0.9743243085251532, "(0.2576238360697415, 0.3683894977938732)": 0.9517503129237219, "(0.3683894977938732, 0.789320426626679)": 0.888482996122894, "(0.789320426626679, 0.8762313105034085)": 0.8678917767966056, "(0.8762313105034085, 0.8764159384658209)": 0.5865222317483793, "(0.8764159384658209, 0.9284225827386983)": 0.48083975105902077, "(0.9284225827386983, 0.9442639743957892)": 0.42924777136025416, "(0.9442639743957892, 0.9602144468305447)": 0.42296587575860733, "(0.9602144468305447, 1.0)": 0.0470420232803708}, "pct": 0.8678917767966056, "best_return": 12.674350534597885}}