{"ma": {"trend": "ma", "time_param": 147, "q_params": {"(0, 0.16525132839959566)": 0.9999624755737504, "(0.16525132839959566, 0.2679644396865012)": 0.9993384157028548, "(0.2679644396865012, 0.3334294965902879)": 0.9988282033995126, "(0.3334294965902879, 0.3518878167134003)": 0.997002999, "(0.3518878167134003, 0.4792563917393691)": 0.9969988015691692, "(0.4792563917393691, 0.547593019092597)": 0.9969516286823993, "(0.547593019092597, 0.5638103860246766)": 0.9968444154483295, "(0.5638103860246766, 0.6181638197939824)": 0.9923214778554329, "(0.6181638197939824, 0.9781170297687443)": 0.9920279440699441, "(0.9781170297687443, 1.0)": 0.31828160810737927}, "pct": 0.9999624755737504, "best_return": 11.116913362916886}, "ew_ma": {"trend": "ew_ma", "time_param": 147, "q_params": {"(0, 0.38573693561513955)": 1.0, "(0.38573693561513955, 0.4560089202115649)": 0.9999832259745957, "(0.4560089202115649, 0.4637904751447786)": 0.9999242069299656, "(0.4637904751447786, 0.500640794505397)": 0.9991944075101139, "(0.500640794505397, 0.5477911811241689)": 0.9989876519758156, "(0.5477911811241689, 0.6000000000000001)": 0.9988687881722464, "(0.6000000000000001, 0.6258292618749438)": 0.9983462586293872, "(0.6258292618749438, 0.847921683911231)": 0.9965421402555152, "(0.847921683911231, 0.9117491356653113)": 0.9920279440699441, "(0.9117491356653113, 1.0)": 0.3022316180079106}, "pct": 1.0, "best_return": 10.58954844783084}, "rel_minmax": {"time_param": 204, "trend": "rel_minmax", "q_params": {"(0, 0.5321069588495805)": 0.9992784708003956, "(0.5321069588495805, 0.5401448127345192)": 0.833223869205677, "(0.5401448127345192, 0.6837613859627074)": 0.8069773934456547, "(0.6837613859627074, 0.6881915003586356)": 0.8067897241687266, "(0.6881915003586356, 0.8361350475525529)": 0.7905926964428882, "(0.8361350475525529, 0.8534012781612103)": 0.6876502141950259, "(0.8534012781612103, 0.9065762755376751)": 0.6824230649142581, "(0.9065762755376751, 0.9255356078590438)": 0.5836799652654505, "(0.9255356078590438, 0.9633891593394394)": 0.06176355207815809, "(0.9633891593394394, 1.0)": 0.0009263335932332695}, "pct": 0.06176355207815809, "best_return": 12.16406799943653}, "ew_rel_minmax": {"trend": "ew_rel_minmax", "time_param": 147, "q_params": {"(0, 0.05367365571250179)": 0.9990011151919707, "(0.05367365571250179, 0.1277942904248927)": 0.9990007974910841, "(0.1277942904248927, 0.46471940477515233)": 0.9990000741574273, "(0.46471940477515233, 0.4836978616056179)": 0.9989828724729428, "(0.4836978616056179, 0.7135267308821431)": 0.9987186625929826, "(0.7135267308821431, 0.7406247408269003)": 0.9982729616739187, "(0.7406247408269003, 0.8071875554758392)": 0.9964139271368794, "(0.8071875554758392, 0.8169926113437497)": 0.9957475268803073, "(0.8169926113437497, 0.9555965017523335)": 0.27012550772531824, "(0.9555965017523335, 1.0)": 0.00039523167920390125}, "pct": 0.27012550772531824, "best_return": 12.22230957653353}}