{"ma": {"time_param": 242, "trend": "ma", "q_params": {"(0, 0.5707757581362061)": 0.9757700098336551, "(0.5707757581362061, 0.5939627761895424)": 0.9676681183471079, "(0.5939627761895424, 0.6847951825062927)": 0.9207001571574822, "(0.6847951825062927, 0.8977941396131248)": 0.9080880096996312, "(0.8977941396131248, 0.9216937169862571)": 0.6389943274258141, "(0.9216937169862571, 0.9296098254839169)": 0.6293501412620974, "(0.9296098254839169, 0.9369083095977031)": 0.5678925564269967, "(0.9369083095977031, 0.9589244997318651)": 0.29926010336510855, "(0.9589244997318651, 0.9716036194672445)": 0.2447897426741021, "(0.9716036194672445, 1.0)": 0.12057397126412343}, "pct": 0.9757700098336551, "best_return": 6.944331760884837}, "ew_ma": {"trend": "ew_ma", "time_param": 147, "q_params": {"(0, 0.3172381257444664)": 0.9999966113265489, "(0.3172381257444664, 0.4016864288788179)": 0.9999779011982804, "(0.4016864288788179, 0.45519321190646966)": 0.9999343898361234, "(0.45519321190646966, 0.5227578033632574)": 0.9967400149849573, "(0.5227578033632574, 0.6338231265101971)": 0.9963284471534762, "(0.6338231265101971, 0.6446613297938226)": 0.9920106141794462, "(0.6446613297938226, 0.6852387190586018)": 0.9044307506136362, "(0.6852387190586018, 0.9443711403397353)": 0.8820830517961108, "(0.9443711403397353, 0.9452374632159394)": 0.39283728269934653, "(0.9452374632159394, 1.0)": 0.05180626347911613}, "pct": 0.9999966113265489, "best_return": 7.984381630798039}, "rel_minmax": {"time_param": 284, "trend": "rel_minmax", "q_params": {"(0, 0.058424901326605716)": 0.9754750436536745, "(0.058424901326605716, 0.09613672155978975)": 0.900210494518846, "(0.09613672155978975, 0.40377636494954205)": 0.8980086286973099, "(0.40377636494954205, 0.7052347741927077)": 0.7759104189932693, "(0.7052347741927077, 0.7192340427190475)": 0.7304876510469419, "(0.7192340427190475, 0.787033766682311)": 0.5926057911455764, "(0.787033766682311, 0.8635021471031206)": 0.43390391193545075, "(0.8635021471031206, 0.9074177688204681)": 0.34314092943473096, "(0.9074177688204681, 0.9808808169667967)": 0.26387759984433157, "(0.9808808169667967, 1)": 0.010005119176969779}, "pct": 0.43390391193545075, "best_return": 9.872315652284087}, "ew_rel_minmax": {"time_param": 252, "trend": "ew_rel_minmax", "q_params": {"(0, 0.039933028619805105)": 0.9549915950692467, "(0.039933028619805105, 0.12152001039227811)": 0.9541102082106655, "(0.12152001039227811, 0.17220157038439032)": 0.8984066323529426, "(0.17220157038439032, 0.5680687625876351)": 0.7579444000879729, "(0.5680687625876351, 0.6395208746461767)": 0.6642050798568288, "(0.6395208746461767, 0.6592887097469012)": 0.6524620014113645, "(0.6592887097469012, 0.8454283736996716)": 0.5585135492998214, "(0.8454283736996716, 0.891388125025595)": 0.44998128566494877, "(0.891388125025595, 0.9275541245681964)": 0.23111503156129587, "(0.9275541245681964, 1.0)": 0.017818873035989825}, "pct": 0.5585135492998214, "best_return": 6.2943894826647195}}