{"ma": {"time_param": 242, "trend": "ma", "q_params": {"(0, 0.3713468539215115)": 0.97313365637438, "(0.3713468539215115, 0.4185870873388888)": 0.9366748452626033, "(0.4185870873388888, 0.6298488979090062)": 0.9207001571574822, "(0.6298488979090062, 0.8977941396131248)": 0.8473770206653134, "(0.8977941396131248, 0.9260764955543672)": 0.6389943274258141, "(0.9260764955543672, 0.9300345403010272)": 0.5051461069321724, "(0.9300345403010272, 0.9301631419659402)": 0.4674142503703361, "(0.9301631419659402, 0.9582323358142906)": 0.3945724755801057, "(0.9582323358142906, 0.9665104128257844)": 0.24836330916428578, "(0.9665104128257844, 1.0)": 0.12057397126412343}, "pct": 0.97313365637438, "best_return": 8.334462684614973}, "ew_ma": {"trend": "ew_ma", "time_param": 147, "q_params": {"(0, 0.3282826704760326)": 0.9999966113265489, "(0.3282826704760326, 0.3807163609784711)": 0.9998930390202282, "(0.3807163609784711, 0.4797135051532668)": 0.9996779842521387, "(0.4797135051532668, 0.4948112464204339)": 0.9980539671487685, "(0.4948112464204339, 0.5568099455179619)": 0.9963284471534762, "(0.5568099455179619, 0.6440180739668792)": 0.9739786139807665, "(0.6440180739668792, 0.6880567285418893)": 0.9090200696502805, "(0.6880567285418893, 0.8591416108600879)": 0.8651124950028568, "(0.8591416108600879, 0.9308475709806393)": 0.8501854611849141, "(0.9308475709806393, 1.0)": 0.22673227786250755}, "pct": 0.9999966113265489, "best_return": 9.832364924264024}, "rel_minmax": {"time_param": 254, "trend": "rel_minmax", "q_params": {"(0, 0.07415761428886425)": 0.9940731376504983, "(0.07415761428886425, 0.41011316293088756)": 0.975334704914253, "(0.41011316293088756, 0.44482618608773966)": 0.8108106695205252, "(0.44482618608773966, 0.4544196737494188)": 0.6689169444841305, "(0.4544196737494188, 0.47871703144627237)": 0.4877092770916545, "(0.47871703144627237, 0.8254102545061673)": 0.4733049135345998, "(0.8254102545061673, 0.9048592676946011)": 0.42750731236534095, "(0.9048592676946011, 0.9280529228780799)": 0.4171417629020729, "(0.9280529228780799, 0.9824562483305372)": 0.4155943095795459, "(0.9824562483305372, 1.0)": 0.025885147421245498}, "pct": 0.42750731236534095, "best_return": 8.308992565887888}, "ew_rel_minmax": {"time_param": 124, "trend": "ew_rel_minmax", "q_params": {"(0, 0.40481948019888025)": 0.9810467797408787, "(0.40481948019888025, 0.532995783945122)": 0.9597186037246771, "(0.532995783945122, 0.5798902662282579)": 0.7872678247767289, "(0.5798902662282579, 0.6316115367331916)": 0.7263652420855216, "(0.6316115367331916, 0.6926797285410303)": 0.6564717327063386, "(0.6926797285410303, 0.6939154782378973)": 0.5233316421396519, "(0.6939154782378973, 0.7255194462998581)": 0.5148004292262469, "(0.7255194462998581, 0.79221639120739)": 0.4631747236293928, "(0.79221639120739, 0.9160127836135908)": 0.32249898944517597, "(0.9160127836135908, 1.0)": 0.24685696694745618}, "pct": 0.32249898944517597, "best_return": 8.166881277016191}}