{"ma": {"time_param": 153, "trend": "ma", "q_params": {"(0, 0.16881408239423779)": 0.9989282114350143, "(0.16881408239423779, 0.5443466171711085)": 0.9945428017178221, "(0.5443466171711085, 0.6058634316719297)": 0.8590166271244569, "(0.6058634316719297, 0.680728049953761)": 0.8588262733484813, "(0.680728049953761, 0.6938191267456867)": 0.8512852760153763, "(0.6938191267456867, 0.7539500719900236)": 0.7798156623715555, "(0.7539500719900236, 0.8090603951936776)": 0.39334872701016027, "(0.8090603951936776, 0.8350930755186519)": 0.37416234400934495, "(0.8350930755186519, 0.9099432133253347)": 0.024262400432077343, "(0.9099432133253347, 1.0)": 0.0018322869294606409}, "pct": 0.9945428017178221, "best_return": 16.632482945097518}, "ew_ma": {"trend": "ew_ma", "time_param": 136, "q_params": {"(0, 0.29342974310776254)": 1.0, "(0.29342974310776254, 0.3350824047571734)": 0.9999653806145714, "(0.3350824047571734, 0.37606564247470575)": 0.9989461922371335, "(0.37606564247470575, 0.42396276767875996)": 0.9989201926544204, "(0.42396276767875996, 0.561414180262495)": 0.9987733932047256, "(0.561414180262495, 0.6373811615933687)": 0.9982275003901028, "(0.6373811615933687, 0.6606146960972752)": 0.9961767728908283, "(0.6606146960972752, 0.7087321759077512)": 0.9944173659474143, "(0.7087321759077512, 0.7604249000721023)": 0.022141753450630543, "(0.7604249000721023, 1.0)": 3.381943346062166e-05}, "pct": 0.9987733932047256, "best_return": 16.807075366862883}, "rel_minmax": {"trend": "rel_minmax", "time_param": 136, "q_params": {"(0, 0.269165853007862)": 1.0, "(0.269165853007862, 0.4315807541009261)": 0.9999836714137312, "(0.4315807541009261, 0.43637421229868045)": 0.9999770277285768, "(0.43637421229868045, 0.6002262943015764)": 0.9999620262222533, "(0.6002262943015764, 0.6180628676977385)": 0.9996610704163791, "(0.6180628676977385, 0.6321614024509044)": 0.9978699738156418, "(0.6321614024509044, 0.7894367281300415)": 0.9943850459099367, "(0.7894367281300415, 0.8950113179094944)": 0.9943785893871382, "(0.8950113179094944, 0.9971157063443147)": 0.994195155022078, "(0.9971157063443147, 1.0)": 0.9910359161258742}, "pct": 0.994195155022078, "best_return": 9.333128654744542}, "ew_rel_minmax": {"trend": "ew_rel_minmax", "time_param": 136, "q_params": {"(0, 0.14515397731283888)": 1.0, "(0.14515397731283888, 0.4349711290916593)": 0.9999189547523318, "(0.4349711290916593, 0.6124969237281314)": 0.9996054307193181, "(0.6124969237281314, 0.6202849870371288)": 0.9952875803135187, "(0.6202849870371288, 0.65143273425415)": 0.9951713805714807, "(0.65143273425415, 0.6650349397301332)": 0.9948322725600582, "(0.6650349397301332, 0.8343898335897767)": 0.9945035462817489, "(0.8343898335897767, 0.8511421712186008)": 0.9944814196112399, "(0.8511421712186008, 0.9645017538544025)": 0.9944235759565008, "(0.9645017538544025, 1.0)": 0.9937521769196277}, "pct": 0.9937521769196277, "best_return": 9.328247555646458}}