{"ma": {"time_param": 153, "trend": "ma", "q_params": {"(0, 0.17114507122283262)": 0.9989282114350143, "(0.17114507122283262, 0.5336821352998831)": 0.9945428017178221, "(0.5336821352998831, 0.6058634316719297)": 0.8590166271244569, "(0.6058634316719297, 0.680728049953761)": 0.858346597463457, "(0.680728049953761, 0.7534481497215919)": 0.8438682968220476, "(0.7534481497215919, 0.7539500719900236)": 0.7295431726534338, "(0.7539500719900236, 0.8070981747309148)": 0.4072066909688895, "(0.8070981747309148, 0.8310249796469191)": 0.4006072993690626, "(0.8310249796469191, 0.9099432133253347)": 0.024262400432077343, "(0.9099432133253347, 1.0)": 0.0018322869294606409}, "pct": 0.9945428017178221, "best_return": 17.524825126689016}, "ew_ma": {"trend": "ew_ma", "time_param": 136, "q_params": {"(0, 0.29342974310776254)": 1.0, "(0.29342974310776254, 0.3274656735299344)": 0.9999653806145714, "(0.3274656735299344, 0.37606564247470575)": 0.9989044907993236, "(0.37606564247470575, 0.4445900742599384)": 0.9988842119286013, "(0.4445900742599384, 0.6352076693657562)": 0.9986915402807437, "(0.6352076693657562, 0.6477165282216264)": 0.9982275003901028, "(0.6477165282216264, 0.6525575762781253)": 0.9961528967509145, "(0.6525575762781253, 0.7087321759077512)": 0.9944173659474143, "(0.7087321759077512, 0.7604249000721023)": 0.022141753450630543, "(0.7604249000721023, 1.0)": 3.381943346062166e-05}, "pct": 0.9961528967509145, "best_return": 17.51941991077677}, "rel_minmax": {"trend": "rel_minmax", "time_param": 136, "q_params": {"(0, 0.2660819348632623)": 1.0, "(0.2660819348632623, 0.4315807541009261)": 0.9999836714137312, "(0.4315807541009261, 0.45909311693727145)": 0.9999344309619663, "(0.45909311693727145, 0.5904339781647812)": 0.9997390451907466, "(0.5904339781647812, 0.629382706614113)": 0.9995075843260048, "(0.629382706614113, 0.6418778348671258)": 0.9957238331731031, "(0.6418778348671258, 0.7946170926971784)": 0.9943850459099367, "(0.7946170926971784, 0.8950113179094944)": 0.9943785893871382, "(0.8950113179094944, 0.9971157063443147)": 0.994195155022078, "(0.9971157063443147, 1.0)": 0.9910359161258742}, "pct": 0.994195155022078, "best_return": 9.69270013335458}, "ew_rel_minmax": {"trend": "ew_rel_minmax", "time_param": 136, "q_params": {"(0, 0.14515397731283888)": 1.0, "(0.14515397731283888, 0.4349711290916593)": 0.9999189547523318, "(0.4349711290916593, 0.6124969237281314)": 0.9996054307193181, "(0.6124969237281314, 0.6197486364462498)": 0.9988675286323913, "(0.6197486364462498, 0.6235853685282375)": 0.9947429039987603, "(0.6235853685282375, 0.6650349397301332)": 0.994724862793439, "(0.6650349397301332, 0.6833640991260593)": 0.9945035462817489, "(0.6833640991260593, 0.8710404866436229)": 0.9944419357353481, "(0.8710404866436229, 0.9688988117560623)": 0.9944235759565008, "(0.9688988117560623, 1.0)": 0.9910359161258742}, "pct": 0.9910359161258742, "best_return": 9.68451745587282}}