{"ma": {"time_param": 153, "trend": "ma", "q_params": {"(0.0, 0.18569289173829703)": 0.984656512947923, "(0.18569289173829703, 0.3714314075352241)": 0.8741785133523194, "(0.3714314075352241, 0.6193351119032402)": 0.8715055460192818, "(0.6193351119032402, 0.6511351863883486)": 0.8559092920962427, "(0.6511351863883486, 0.7004562625289452)": 0.8383579888820726, "(0.7004562625289452, 0.7916288802690414)": 0.7784641336931444, "(0.7916288802690414, 0.8714896177415135)": 0.5506842959613462, "(0.8714896177415135, 0.9051347264500802)": 0.40847733442825856, "(0.9051347264500802, 0.9406137304128325)": 0.0456705362780988, "(0.9406137304128325, 1.0)": 0.005636520279290446}, "pct": 1, "best_return": 12.277537830563203}, "ew_ma": {"trend": "ew_ma", "time_param": 136, "q_params": {"(0, 0.2832274549580241)": 0.9999903413459735, "(0.2832274549580241, 0.3165779329199175)": 0.999976778715475, "(0.3165779329199175, 0.47881807990461056)": 0.9996127692432154, "(0.47881807990461056, 0.5606509477687545)": 0.9994808320639945, "(0.5606509477687545, 0.5994650858832937)": 0.9973179423391307, "(0.5994650858832937, 0.6272743964718673)": 0.9943298770100021, "(0.6272743964718673, 0.6745469151231103)": 0.9908139442694623, "(0.6745469151231103, 0.6821860089211322)": 0.5957440339966056, "(0.6821860089211322, 0.8312421421894276)": 0.07219754285146206, "(0.8312421421894276, 1.0)": 0.05970609535333434}, "pct": 0.5957440339966056, "best_return": 20.079324972245633}, "rel_minmax": {"trend": "rel_minmax", "time_param": 136, "q_params": {"(0, 0.2948343604524866)": 0.9999997550358247, "(0.2948343604524866, 0.5600141619542935)": 0.9999995836812683, "(0.5600141619542935, 0.5645390454124355)": 0.999821734658718, "(0.5645390454124355, 0.5790684199497375)": 0.9997152476248299, "(0.5790684199497375, 0.5898020389201867)": 0.9992298312770341, "(0.5898020389201867, 0.6321614024509044)": 0.9979998038061518, "(0.6321614024509044, 0.7872578349718568)": 0.9967058437576087, "(0.7872578349718568, 0.9450564843716043)": 0.995333568713186, "(0.9450564843716043, 0.9861075621998074)": 0.994195155022078, "(0.9861075621998074, 1.0)": 0.48862558599978906}, "pct": 0.48862558599978906, "best_return": 13.724484060043327}, "ew_rel_minmax": {"trend": "ew_rel_minmax", "time_param": 136, "q_params": {"(0, 0.13361347159531)": 0.999932432583847, "(0.13361347159531, 0.4349711290916593)": 0.9998544016936064, "(0.4349711290916593, 0.4413478338028265)": 0.9968697915591056, "(0.4413478338028265, 0.5606352937160622)": 0.9954880636872102, "(0.5606352937160622, 0.6491853816095268)": 0.9949335170062634, "(0.6491853816095268, 0.7243854869438209)": 0.9948011192084929, "(0.7243854869438209, 0.7992154284394392)": 0.9947298180281875, "(0.7992154284394392, 0.8743732756995712)": 0.9946798496180741, "(0.8743732756995712, 0.9674363543817464)": 0.9944235759565008, "(0.9674363543817464, 1.0)": 0.9937521769196277}, "pct": 0.9944235759565008, "best_return": 12.449739229467196}}