{"ma": {"time_param": 153, "trend": "ma", "q_params": {"(0, 0.16881408239423779)": 0.9738997611893971, "(0.16881408239423779, 0.5443466171711085)": 0.9171451937954159, "(0.5443466171711085, 0.6179508382080371)": 0.8590166271244569, "(0.6179508382080371, 0.6395612254791642)": 0.8540232320849829, "(0.6395612254791642, 0.7265906754827616)": 0.8457025455501626, "(0.7265906754827616, 0.7995540760220878)": 0.7750024588414478, "(0.7995540760220878, 0.8256607018485338)": 0.5721538470166204, "(0.8256607018485338, 0.8642859218521031)": 0.36080440207112285, "(0.8642859218521031, 0.894034906416097)": 0.02881369559291791, "(0.894034906416097, 1.0)": 0.014368494372831534}, "pct": 0.014368494372831534, "best_return": 15.064539729129624}, "ew_ma": {"trend": "ew_ma", "time_param": 136, "q_params": {"(0, 0.29342974310776254)": 0.9999836547089054, "(0.29342974310776254, 0.3350824047571734)": 0.9999653806145714, "(0.3350824047571734, 0.3915651771445158)": 0.9995179179065651, "(0.3915651771445158, 0.5077527159155745)": 0.9989807817366209, "(0.5077527159155745, 0.5787847713436858)": 0.9989172402886091, "(0.5787847713436858, 0.6637103875499529)": 0.9985162862271973, "(0.6637103875499529, 0.6692614413852392)": 0.9893900692690039, "(0.6692614413852392, 0.6824822083661253)": 0.7453949526860107, "(0.6824822083661253, 0.7547424317635185)": 0.10129301214708028, "(0.7547424317635185, 1.0)": 0.027004879157231914}, "pct": 0.027004879157231914, "best_return": 16.446727005233203}, "rel_minmax": {"trend": "rel_minmax", "time_param": 136, "q_params": {"(0.0, 0.269165853007862)": 1.0, "(0.269165853007862, 0.4315807541009261)": 0.9999836714137312, "(0.4315807541009261, 0.43637421229868045)": 0.9999770277285768, "(0.43637421229868045, 0.6002262943015764)": 0.9999620262222533, "(0.6002262943015764, 0.6180628676977385)": 0.9996610704163791, "(0.6180628676977385, 0.6321614024509044)": 0.9978699738156418, "(0.6321614024509044, 0.7894367281300415)": 0.9943850459099367, "(0.7894367281300415, 0.8950113179094944)": 0.9943785893871382, "(0.8950113179094944, 0.9971157063443147)": 0.994195155022078, "(0.9971157063443147, 1.0)": 0.9910359161258742}, "pct": 1, "best_return": 12.259272482159044}, "ew_rel_minmax": {"trend": "ew_rel_minmax", "time_param": 136, "q_params": {"(0.0, 0.14515397731283888)": 1.0, "(0.14515397731283888, 0.4349711290916593)": 0.9999189547523318, "(0.4349711290916593, 0.6124969237281314)": 0.9996054307193181, "(0.6124969237281314, 0.6202849870371288)": 0.9952875803135187, "(0.6202849870371288, 0.65143273425415)": 0.9951713805714807, "(0.65143273425415, 0.6650349397301332)": 0.9948322725600582, "(0.6650349397301332, 0.8343898335897767)": 0.9945035462817489, "(0.8343898335897767, 0.8511421712186008)": 0.9944814196112399, "(0.8511421712186008, 0.9645017538544025)": 0.9944235759565008, "(0.9645017538544025, 1.0)": 0.9937521769196277}, "pct": 1, "best_return": 12.259272482159044}}