{"ma": {"time_param": 153, "trend": "ma", "q_params": {"(0, 0.16881408239423779)": 0.9903710794271648, "(0.16881408239423779, 0.5565045107155843)": 0.8741785133523194, "(0.5565045107155843, 0.6378058530736311)": 0.8688843001034903, "(0.6378058530736311, 0.6395612254791642)": 0.8559092920962427, "(0.6395612254791642, 0.6979507618517902)": 0.8469006124618116, "(0.6979507618517902, 0.794094263781846)": 0.7784641336931444, "(0.794094263781846, 0.8560873493390896)": 0.5721538470166204, "(0.8560873493390896, 0.8792533674468228)": 0.4162528132821885, "(0.8792533674468228, 0.9261822176635751)": 0.02881369559291791, "(0.9261822176635751, 1.0)": 0.00255797811935167}, "pct": 0.00255797811935167, "best_return": 13.743603227806705}, "ew_ma": {"trend": "ew_ma", "time_param": 136, "q_params": {"(0, 0.3202652700198767)": 0.9999836547089054, "(0.3202652700198767, 0.33212981217221377)": 0.9999653806145714, "(0.33212981217221377, 0.39271701750754223)": 0.9994824740428521, "(0.39271701750754223, 0.5363081225278349)": 0.9989807817366209, "(0.5363081225278349, 0.5866670803607638)": 0.9985943913835175, "(0.5866670803607638, 0.655464526014406)": 0.9985162862271973, "(0.655464526014406, 0.6740201787867519)": 0.9929191785030519, "(0.6740201787867519, 0.7007778031997774)": 0.7300741679677417, "(0.7007778031997774, 0.7547424317635185)": 0.0757321271356717, "(0.7547424317635185, 1.0)": 0.025342991004528758}, "pct": 0.025342991004528758, "best_return": 19.02984689348489}, "rel_minmax": {"trend": "rel_minmax", "time_param": 136, "q_params": {"(0, 0.269165853007862)": 1.0, "(0.269165853007862, 0.4169302835718508)": 0.9999958708049118, "(0.4169302835718508, 0.43637421229868045)": 0.9999722405888218, "(0.43637421229868045, 0.5790684199497375)": 0.9999620262222533, "(0.5790684199497375, 0.6002224903166178)": 0.9980406655207729, "(0.6002224903166178, 0.6321614024509044)": 0.9978699738156418, "(0.6321614024509044, 0.7653688331039634)": 0.9978343954221, "(0.7653688331039634, 0.8950113179094944)": 0.9943785893871382, "(0.8950113179094944, 0.9971157063443147)": 0.994195155022078, "(0.9971157063443147, 1.0)": 0.5575399536242671}, "pct": 0.994195155022078, "best_return": 11.988401701428494}, "ew_rel_minmax": {"trend": "ew_rel_minmax", "time_param": 136, "q_params": {"(0, 0.14515397731283888)": 0.9998890108274121, "(0.14515397731283888, 0.4349711290916593)": 0.999613524649142, "(0.4349711290916593, 0.6124969237281314)": 0.9994255659777909, "(0.6124969237281314, 0.6202849870371288)": 0.9952875803135187, "(0.6202849870371288, 0.6491853816095268)": 0.9949335170062634, "(0.6491853816095268, 0.7433600305236262)": 0.9948322725600582, "(0.7433600305236262, 0.7992154284394392)": 0.9945035462817489, "(0.7992154284394392, 0.8462726614215765)": 0.9945012693687713, "(0.8462726614215765, 0.9391476133214446)": 0.9944235759565008, "(0.9391476133214446, 1.0)": 0.9937521769196277}, "pct": 0.9944235759565008, "best_return": 11.98420381586558}}