{"ma": {"time_param": 153, "trend": "ma", "q_params": {"(0, 0.16881408239423779)": 0.9986435104395555, "(0.16881408239423779, 0.5443466171711085)": 0.9938818826625843, "(0.5443466171711085, 0.6058634316719297)": 0.8590166271244569, "(0.6058634316719297, 0.6541283739513872)": 0.8588262733484813, "(0.6541283739513872, 0.6678249900702737)": 0.8457025455501626, "(0.6678249900702737, 0.7830534393098773)": 0.7798156623715555, "(0.7830534393098773, 0.8090603951936776)": 0.39334872701016027, "(0.8090603951936776, 0.8272957145952359)": 0.36080440207112285, "(0.8272957145952359, 0.8847066475453165)": 0.02881369559291791, "(0.8847066475453165, 1.0)": 0.014368494372831534}, "pct": 0.9938818826625843, "best_return": 15.980199221043456}, "ew_ma": {"trend": "ew_ma", "time_param": 136, "q_params": {"(0, 0.29342974310776254)": 0.9999836547089054, "(0.29342974310776254, 0.3350824047571734)": 0.9999653806145714, "(0.3350824047571734, 0.4226046503570903)": 0.9989466830692142, "(0.4226046503570903, 0.4666881645342816)": 0.9989201926544204, "(0.4666881645342816, 0.5882970009697879)": 0.9985990931725793, "(0.5882970009697879, 0.6637103875499529)": 0.9974109932248028, "(0.6637103875499529, 0.6761112092149586)": 0.9893900692690039, "(0.6761112092149586, 0.6824822083661253)": 0.740654961450474, "(0.6824822083661253, 0.7547424317635185)": 0.07614822335824495, "(0.7547424317635185, 1.0)": 3.381943346062166e-05}, "pct": 0.9985990931725793, "best_return": 13.70868620942211}, "rel_minmax": {"trend": "rel_minmax", "time_param": 136, "q_params": {"(0.0, 0.269165853007862)": 1.0, "(0.269165853007862, 0.4315807541009261)": 0.9999836714137312, "(0.4315807541009261, 0.43637421229868045)": 0.9999770277285768, "(0.43637421229868045, 0.6002262943015764)": 0.9999620262222533, "(0.6002262943015764, 0.6180628676977385)": 0.9996610704163791, "(0.6180628676977385, 0.6321614024509044)": 0.9978699738156418, "(0.6321614024509044, 0.7894367281300415)": 0.9943850459099367, "(0.7894367281300415, 0.8950113179094944)": 0.9943785893871382, "(0.8950113179094944, 0.9971157063443147)": 0.994195155022078, "(0.9971157063443147, 1.0)": 0.9910359161258742}, "pct": 1, "best_return": 9.661758811008873}, "ew_rel_minmax": {"trend": "ew_rel_minmax", "time_param": 136, "q_params": {"(0.0, 0.14515397731283888)": 1.0, "(0.14515397731283888, 0.4349711290916593)": 0.9999189547523318, "(0.4349711290916593, 0.6124969237281314)": 0.9996054307193181, "(0.6124969237281314, 0.6202849870371288)": 0.9952875803135187, "(0.6202849870371288, 0.65143273425415)": 0.9951713805714807, "(0.65143273425415, 0.6650349397301332)": 0.9948322725600582, "(0.6650349397301332, 0.8343898335897767)": 0.9945035462817489, "(0.8343898335897767, 0.8511421712186008)": 0.9944814196112399, "(0.8511421712186008, 0.9645017538544025)": 0.9944235759565008, "(0.9645017538544025, 1.0)": 0.9937521769196277}, "pct": 1, "best_return": 9.661758811008873}}