{"ma": {"time_param": 153, "trend": "ma", "q_params": {"(0.0, 0.18569289173829703)": 0.984656512947923, "(0.18569289173829703, 0.3714314075352241)": 0.8741785133523194, "(0.3714314075352241, 0.6193351119032402)": 0.8715055460192818, "(0.6193351119032402, 0.6511351863883486)": 0.8559092920962427, "(0.6511351863883486, 0.7004562625289452)": 0.8383579888820726, "(0.7004562625289452, 0.7916288802690414)": 0.7784641336931444, "(0.7916288802690414, 0.8714896177415135)": 0.5506842959613462, "(0.8714896177415135, 0.9051347264500802)": 0.40847733442825856, "(0.9051347264500802, 0.9406137304128325)": 0.0456705362780988, "(0.9406137304128325, 1.0)": 0.005636520279290446}, "pct": 1, "best_return": 15.50828761448373}, "ew_ma": {"trend": "ew_ma", "time_param": 136, "q_params": {"(0, 0.30823262602432766)": 0.9999903413459735, "(0.30823262602432766, 0.3461203388373352)": 0.9996538913199308, "(0.3461203388373352, 0.46108559494196316)": 0.9996473333283025, "(0.46108559494196316, 0.5243806925607635)": 0.9994808320639945, "(0.5243806925607635, 0.5994650858832937)": 0.9973179423391307, "(0.5994650858832937, 0.6568472005202685)": 0.9943298770100021, "(0.6568472005202685, 0.6834815878388272)": 0.9534744394645865, "(0.6834815878388272, 0.7005665680865653)": 0.6919392550220984, "(0.7005665680865653, 0.7616409034777846)": 0.07219754285146206, "(0.7616409034777846, 1.0)": 0.04387181187368751}, "pct": 0.04387181187368751, "best_return": 17.837847307075712}, "rel_minmax": {"trend": "rel_minmax", "time_param": 136, "q_params": {"(0.0, 0.269165853007862)": 0.9999997550358247, "(0.269165853007862, 0.42215737422531063)": 0.9999958708049118, "(0.42215737422531063, 0.43637421229868045)": 0.9999722405888218, "(0.43637421229868045, 0.5790684199497375)": 0.9997152476248299, "(0.5790684199497375, 0.6002224903166178)": 0.9980406655207729, "(0.6002224903166178, 0.6321614024509044)": 0.9979998038061518, "(0.6321614024509044, 0.7653688331039634)": 0.9958435014997469, "(0.7653688331039634, 0.8950113179094944)": 0.9943785893871382, "(0.8950113179094944, 0.9971157063443147)": 0.994195155022078, "(0.9971157063443147, 1.0)": 0.48862558599978906}, "pct": 1, "best_return": 15.50828761448373}, "ew_rel_minmax": {"trend": "ew_rel_minmax", "time_param": 136, "q_params": {"(0.0, 0.13361347159531)": 0.9998890108274121, "(0.13361347159531, 0.4349711290916593)": 0.9998544016936064, "(0.4349711290916593, 0.6124969237281314)": 0.9994255659777909, "(0.6124969237281314, 0.6399847689527216)": 0.9952875803135187, "(0.6399847689527216, 0.6491853816095268)": 0.9949335170062634, "(0.6491853816095268, 0.7433600305236262)": 0.9948322725600582, "(0.7433600305236262, 0.7992154284394392)": 0.9945035462817489, "(0.7992154284394392, 0.8481684093236287)": 0.9945012693687713, "(0.8481684093236287, 0.9391476133214446)": 0.9944235759565008, "(0.9391476133214446, 1.0)": 0.9937521769196277}, "pct": 1, "best_return": 15.50828761448373}}