{"ma": {"time_param": 153, "trend": "ma", "q_params": {"(0, 0.18569289173829703)": 0.9820438467702879, "(0.18569289173829703, 0.3714314075352241)": 0.8741785133523194, "(0.3714314075352241, 0.5734020813229969)": 0.8715055460192818, "(0.5734020813229969, 0.6395612254791642)": 0.8559092920962427, "(0.6395612254791642, 0.6979507618517902)": 0.8448656172632577, "(0.6979507618517902, 0.794094263781846)": 0.7784641336931444, "(0.794094263781846, 0.8560873493390896)": 0.5506842959613462, "(0.8560873493390896, 0.9051347264500802)": 0.40847733442825856, "(0.9051347264500802, 0.9429106107511531)": 0.02881369559291791, "(0.9429106107511531, 1.0)": 0.0048425849698155886}, "pct": 0.0048425849698155886, "best_return": 13.162415738103384}, "ew_ma": {"trend": "ew_ma", "time_param": 136, "q_params": {"(0, 0.29390081187780764)": 0.9999836547089054, "(0.29390081187780764, 0.33212981217221377)": 0.9997532350751972, "(0.33212981217221377, 0.39271701750754223)": 0.9994824740428521, "(0.39271701750754223, 0.5184182223685995)": 0.9989807817366209, "(0.5184182223685995, 0.5866670803607638)": 0.9987281136121653, "(0.5866670803607638, 0.655464526014406)": 0.9935075082107855, "(0.655464526014406, 0.6649659007159353)": 0.9929191785030519, "(0.6649659007159353, 0.7058980368313957)": 0.7154681746329444, "(0.7058980368313957, 0.7547424317635185)": 0.07814047885753567, "(0.7547424317635185, 1.0)": 0.038518004313780406}, "pct": 0.038518004313780406, "best_return": 20.075689477691146}, "rel_minmax": {"trend": "rel_minmax", "time_param": 136, "q_params": {"(0.0, 0.269165853007862)": 1.0, "(0.269165853007862, 0.4169302835718508)": 0.9999958708049118, "(0.4169302835718508, 0.43637421229868045)": 0.9999722405888218, "(0.43637421229868045, 0.5790684199497375)": 0.9999620262222533, "(0.5790684199497375, 0.6002224903166178)": 0.9980406655207729, "(0.6002224903166178, 0.6321614024509044)": 0.9978699738156418, "(0.6321614024509044, 0.7653688331039634)": 0.9978343954221, "(0.7653688331039634, 0.8950113179094944)": 0.9943785893871382, "(0.8950113179094944, 0.9971157063443147)": 0.994195155022078, "(0.9971157063443147, 1.0)": 0.5575399536242671}, "pct": 1, "best_return": 12.23216238755555}, "ew_rel_minmax": {"trend": "ew_rel_minmax", "time_param": 136, "q_params": {"(0.0, 0.14515397731283888)": 0.9998890108274121, "(0.14515397731283888, 0.4349711290916593)": 0.999613524649142, "(0.4349711290916593, 0.6124969237281314)": 0.9994255659777909, "(0.6124969237281314, 0.6202849870371288)": 0.9952875803135187, "(0.6202849870371288, 0.6491853816095268)": 0.9949335170062634, "(0.6491853816095268, 0.7433600305236262)": 0.9948322725600582, "(0.7433600305236262, 0.7992154284394392)": 0.9945035462817489, "(0.7992154284394392, 0.8462726614215765)": 0.9945012693687713, "(0.8462726614215765, 0.9391476133214446)": 0.9944235759565008, "(0.9391476133214446, 1.0)": 0.9937521769196277}, "pct": 1, "best_return": 12.23216238755555}}