{"ma": {"time_param": 366, "trend": "ma", "q_params": {"(0, 0.024657875636886012)": 0.9689196065846717, "(0.024657875636886012, 0.11865076056274917)": 0.9052954164900379, "(0.11865076056274917, 0.15762041311481342)": 0.8799902922928003, "(0.15762041311481342, 0.24007561206276629)": 0.8300257861329517, "(0.24007561206276629, 0.7060983411783807)": 0.8067656209715302, "(0.7060983411783807, 0.8113158532141168)": 0.7112383462236676, "(0.8113158532141168, 0.8809510620571251)": 0.5505160590307117, "(0.8809510620571251, 0.9231651431373569)": 0.4736385410542478, "(0.9231651431373569, 0.9331819486553904)": 0.422202897292687, "(0.9331819486553904, 1.0)": 0.00885132444057971}, "pct": 0.8067656209715302, "best_return": 43.901106335674626}, "ew_ma": {"time_param": 79, "trend": "ew_ma", "q_params": {"(0, 0.07931188770920287)": 0.9690471727850936, "(0.07931188770920287, 0.15451421688342382)": 0.9382776188517862, "(0.15451421688342382, 0.30689817994353946)": 0.8507560944971448, "(0.30689817994353946, 0.668240837248251)": 0.7627011415261008, "(0.668240837248251, 0.7565843991173796)": 0.7533833390757118, "(0.7565843991173796, 0.7900485370809524)": 0.5722417722815458, "(0.7900485370809524, 0.8322674678731109)": 0.4336790012338301, "(0.8322674678731109, 0.8676665965432442)": 0.07282744662557368, "(0.8676665965432442, 0.9101842715596014)": 0.07132968773096846, "(0.9101842715596014, 1.0)": 0.001393327099810176}, "pct": 0.7627011415261008, "best_return": 33.329927416854176}, "rel_minmax": {"trend": "rel_minmax", "time_param": 556, "q_params": {"(0, 0.09455471128221321)": 0.9996260150855573, "(0.09455471128221321, 0.17484223706551297)": 0.9973741413985935, "(0.17484223706551297, 0.24109268889116794)": 0.9972191303437774, "(0.24109268889116794, 0.44149665555211853)": 0.9971988688590738, "(0.44149665555211853, 0.5135276346345069)": 0.9941958134707906, "(0.5135276346345069, 0.6227347202578452)": 0.9884006642992019, "(0.6227347202578452, 0.6304140878451376)": 0.9870589541200931, "(0.6304140878451376, 0.6539905800158705)": 0.980591937871136, "(0.6539905800158705, 0.9730201531953395)": 0.9573094016409341, "(0.9730201531953395, 1.0)": 0.15572618987659675}, "pct": 0.15572618987659675, "best_return": 28.478306223593066}, "ew_rel_minmax": {"trend": "ew_rel_minmax", "time_param": 556, "q_params": {"(0, 0.051285677521320246)": 0.9999037127472692, "(0.051285677521320246, 0.4101631116685891)": 0.9984958437740018, "(0.4101631116685891, 0.44384234423381147)": 0.9984943234954623, "(0.44384234423381147, 0.4452160207272879)": 0.9981153381750364, "(0.4452160207272879, 0.5247451835440964)": 0.9966507864917025, "(0.5247451835440964, 0.598609073922711)": 0.9918132224669378, "(0.598609073922711, 0.6854887800285154)": 0.9754063068876555, "(0.6854887800285154, 0.7028391457458756)": 0.9753010515345021, "(0.7028391457458756, 0.9992423498264592)": 0.9660935320962413, "(0.9992423498264592, 1.0)": 0.16047829404740074}, "pct": 0.16047829404740074, "best_return": 27.351791396302982}}