{"ma": {"time_param": 319, "trend": "ma", "q_params": {"(0, 0.09471837589747947)": 0.958948576555223, "(0.09471837589747947, 0.24258067463775262)": 0.9484226351824121, "(0.24258067463775262, 0.31799348991852516)": 0.9214195447113765, "(0.31799348991852516, 0.4306860161335945)": 0.8116662197476544, "(0.4306860161335945, 0.7655511007847798)": 0.7587716328532969, "(0.7655511007847798, 0.8097575150626612)": 0.7288528342340695, "(0.8097575150626612, 0.8534100407090492)": 0.529755697239991, "(0.8534100407090492, 0.9077752700713713)": 0.4381604362981008, "(0.9077752700713713, 0.9259838651860325)": 0.055190385384068744, "(0.9259838651860325, 1.0)": 0.02996719663817058}, "pct": 0.7587716328532969, "best_return": 44.476765792667514}, "ew_ma": {"trend": "ew_ma", "time_param": 556, "q_params": {"(0, 0.01895416380471915)": 0.9995429011333901, "(0.01895416380471915, 0.14112855072355687)": 0.9975756700325453, "(0.14112855072355687, 0.29047712597681846)": 0.9960828835528125, "(0.29047712597681846, 0.5961827762250074)": 0.9959451507771139, "(0.5961827762250074, 0.6337910118088109)": 0.9959289162720253, "(0.6337910118088109, 0.6587702909837599)": 0.9955476071766003, "(0.6587702909837599, 0.8278284493283268)": 0.9952150547883784, "(0.8278284493283268, 0.8400328503893509)": 0.9084351617061468, "(0.8400328503893509, 0.8409819329922894)": 0.7749220432873931, "(0.8409819329922894, 1.0)": 0.43283894848748816}, "pct": 0.43283894848748816, "best_return": 26.118592059939758}, "rel_minmax": {"trend": "rel_minmax", "time_param": 556, "q_params": {"(0, 0.08788554138002483)": 0.9991186308823067, "(0.08788554138002483, 0.17484223706551297)": 0.9990136940563885, "(0.17484223706551297, 0.219893474092272)": 0.996913658253835, "(0.219893474092272, 0.4294403287422378)": 0.9946610356584429, "(0.4294403287422378, 0.4784776622346378)": 0.9935897918425589, "(0.4784776622346378, 0.6005152453384337)": 0.9931287240332214, "(0.6005152453384337, 0.6280979742423967)": 0.9926515256729347, "(0.6280979742423967, 0.6647090523561869)": 0.9921711449738626, "(0.6647090523561869, 0.9778025585608869)": 0.9827324003565083, "(0.9778025585608869, 1.0)": 0.19584933472043237}, "pct": 0.19584933472043237, "best_return": 25.91324235913551}, "ew_rel_minmax": {"trend": "ew_rel_minmax", "time_param": 556, "q_params": {"(0, 0.043141385128679176)": 0.99975035660475, "(0.043141385128679176, 0.40410334994285524)": 0.9984958437740018, "(0.40410334994285524, 0.43280275387552936)": 0.9983292439716573, "(0.43280275387552936, 0.4416943861874889)": 0.9982646883071856, "(0.4416943861874889, 0.5000350883965585)": 0.9957973367570379, "(0.5000350883965585, 0.6084287176024531)": 0.9957948604039122, "(0.6084287176024531, 0.6902664046841427)": 0.9754063068876555, "(0.6902664046841427, 0.9880369974036347)": 0.9753010515345021, "(0.9880369974036347, 0.9895276742908835)": 0.972689922721827, "(0.9895276742908835, 1.0)": 0.1712516376817068}, "pct": 0.1712516376817068, "best_return": 25.756292528586734}}