{"ma": {"time_param": 366, "trend": "ma", "q_params": {"(0.0, 0.02564728649328929)": 0.9689196065846717, "(0.02564728649328929, 0.11865076056274917)": 0.8887351704976639, "(0.11865076056274917, 0.15762041311481342)": 0.8799902922928003, "(0.15762041311481342, 0.24007561206276629)": 0.8300257861329517, "(0.24007561206276629, 0.7060983411783807)": 0.8039188013465912, "(0.7060983411783807, 0.8165552894089744)": 0.7057083496822614, "(0.8165552894089744, 0.8778276943364572)": 0.5505160590307117, "(0.8778276943364572, 0.9231651431373569)": 0.4736385410542478, "(0.9231651431373569, 0.9331819486553904)": 0.422202897292687, "(0.9331819486553904, 1.0)": 0.00885132444057971}, "pct": 0.8039188013465912, "best_return": 41.83838340713288}, "ew_ma": {"time_param": 79, "trend": "ew_ma", "q_params": {"(0, 0.07931188770920287)": 0.9690471727850936, "(0.07931188770920287, 0.15451421688342382)": 0.9382776188517862, "(0.15451421688342382, 0.30689817994353946)": 0.848529538843968, "(0.30689817994353946, 0.668240837248251)": 0.7627011415261008, "(0.668240837248251, 0.7565843991173796)": 0.7531015235189388, "(0.7565843991173796, 0.7900485370809524)": 0.5936280138026009, "(0.7900485370809524, 0.8297342204197231)": 0.4392119982123791, "(0.8297342204197231, 0.8676665965432442)": 0.07282744662557368, "(0.8676665965432442, 0.923960993446634)": 0.07100813467250576, "(0.923960993446634, 1.0)": 0.001393327099810176}, "pct": 0.7627011415261008, "best_return": 30.77807081430541}, "rel_minmax": {"trend": "rel_minmax", "time_param": 556, "q_params": {"(0, 0.09455471128221321)": 0.9996260150855573, "(0.09455471128221321, 0.17484223706551297)": 0.9973741413985935, "(0.17484223706551297, 0.24109268889116794)": 0.9972191303437774, "(0.24109268889116794, 0.43787528606286436)": 0.9946610356584429, "(0.43787528606286436, 0.5135276346345069)": 0.9941958134707906, "(0.5135276346345069, 0.6227347202578452)": 0.9940121267208291, "(0.6227347202578452, 0.6458295973456463)": 0.9870589541200931, "(0.6458295973456463, 0.6539905800158705)": 0.980591937871136, "(0.6539905800158705, 0.9730201531953395)": 0.9557709328357398, "(0.9730201531953395, 1.0)": 0.1653885196824821}, "pct": 0.1653885196824821, "best_return": 26.810624320570874}, "ew_rel_minmax": {"trend": "ew_rel_minmax", "time_param": 556, "q_params": {"(0, 0.051285677521320246)": 0.9999037127472692, "(0.051285677521320246, 0.4101631116685891)": 0.9984958437740018, "(0.4101631116685891, 0.43280275387552936)": 0.9983702700689621, "(0.43280275387552936, 0.4452160207272879)": 0.9981231366291687, "(0.4452160207272879, 0.5000350883965585)": 0.9966507864917025, "(0.5000350883965585, 0.598609073922711)": 0.9918132224669378, "(0.598609073922711, 0.6902664046841427)": 0.9754063068876555, "(0.6902664046841427, 0.7028391457458756)": 0.9753010515345021, "(0.7028391457458756, 0.9992423498264592)": 0.9730965909358561, "(0.9992423498264592, 1.0)": 0.16047829404740074}, "pct": 0.9730965909358561, "best_return": 26.44585478553531}}