{"ma": {"time_param": 319, "trend": "ma", "q_params": {"(0, 0.11412839653826101)": 0.9504057093086985, "(0.11412839653826101, 0.3083395232289845)": 0.9484226351824121, "(0.3083395232289845, 0.3322425431491561)": 0.8286508354707546, "(0.3322425431491561, 0.4001351455176205)": 0.7826563981587727, "(0.4001351455176205, 0.7973247407742658)": 0.7798259158312902, "(0.7973247407742658, 0.8025138390977475)": 0.6995214068815406, "(0.8025138390977475, 0.8492371897923662)": 0.4651712852742099, "(0.8492371897923662, 0.894270640080804)": 0.43749305218941664, "(0.894270640080804, 0.9282791005267492)": 0.04084598408834826, "(0.9282791005267492, 1.0)": 0.00951853097312503}, "pct": 0.7798259158312902, "best_return": 65.74639252266005}, "ew_ma": {"trend": "ew_ma", "time_param": 556, "q_params": {"(0, 0.025025896941688927)": 0.9977612225306413, "(0.025025896941688927, 0.1543965765011736)": 0.9974628034264045, "(0.1543965765011736, 0.1742012755578231)": 0.9960294316312659, "(0.1742012755578231, 0.5860892571263618)": 0.9959450777226445, "(0.5860892571263618, 0.6217509839673513)": 0.9959437486975385, "(0.6217509839673513, 0.6992193538392178)": 0.9959210553114163, "(0.6992193538392178, 0.8365696509235955)": 0.9952150547883784, "(0.8365696509235955, 0.8400328503893509)": 0.8588507938532313, "(0.8400328503893509, 0.853204974697301)": 0.756253572619543, "(0.853204974697301, 1.0)": 0.4338244361678784}, "pct": 0.4338244361678784, "best_return": 24.317621422112374}, "rel_minmax": {"trend": "rel_minmax", "time_param": 556, "q_params": {"(0, 0.1)": 1.0, "(0.1, 0.12864245930769633)": 0.9979402119872988, "(0.12864245930769633, 0.18986539654412518)": 0.9977544383613101, "(0.18986539654412518, 0.46557123810014633)": 0.9977414336720367, "(0.46557123810014633, 0.47027000174997396)": 0.994089639350616, "(0.47027000174997396, 0.47482974399264366)": 0.9940212778162738, "(0.47482974399264366, 0.6403446583085967)": 0.9929357921223769, "(0.6403446583085967, 0.6735112089120623)": 0.9927400922366759, "(0.6735112089120623, 0.9886476056630341)": 0.9926972093015046, "(0.9886476056630341, 1.0)": 0.2018235058436241}, "pct": 0.2018235058436241, "best_return": 24.677520561095044}, "ew_rel_minmax": {"trend": "ew_rel_minmax", "time_param": 556, "q_params": {"(0, 0.043141385128679176)": 1.0, "(0.043141385128679176, 0.3917037254572014)": 0.9983408144113451, "(0.3917037254572014, 0.43226099082547886)": 0.9983292439716573, "(0.43226099082547886, 0.4364930489163761)": 0.9967071434292615, "(0.4364930489163761, 0.467155478449017)": 0.9957973367570379, "(0.467155478449017, 0.5982391803118711)": 0.9957948604039122, "(0.5982391803118711, 0.689688347741019)": 0.9936093237076847, "(0.689688347741019, 0.9782848774462136)": 0.9935845697387664, "(0.9782848774462136, 0.9920682156743997)": 0.9933072426054683, "(0.9920682156743997, 1.0)": 0.2213610925852285}, "pct": 0.2213610925852285, "best_return": 25.10436250821829}}