{"ma": {"time_param": 280, "trend": "ma", "q_params": {"(0, 0.17040260079228642)": 0.9619002135459213, "(0.17040260079228642, 0.3708886525223589)": 0.9519790838156982, "(0.3708886525223589, 0.38871616339138615)": 0.9064003837750821, "(0.38871616339138615, 0.52059923490109)": 0.854995602307516, "(0.52059923490109, 0.6402025573574525)": 0.8509338991155949, "(0.6402025573574525, 0.6539730153946676)": 0.7091539831770609, "(0.6539730153946676, 0.686169408075678)": 0.24782911655136697, "(0.686169408075678, 0.8893634030956665)": 0.14484003115254948, "(0.8893634030956665, 0.9693326222238141)": 0.10974221898415704, "(0.9693326222238141, 1)": 0.07043672820143737}, "pct": 0.24782911655136697, "best_return": 28.930044614712685}, "ew_ma": {"trend": "ew_ma", "time_param": 556, "q_params": {"(0, 0.01895416380471915)": 0.999613422385641, "(0.01895416380471915, 0.1652963858643672)": 0.9995145561456389, "(0.1652963858643672, 0.2922264562730739)": 0.9967546465031001, "(0.2922264562730739, 0.5870804205758752)": 0.9964982149296571, "(0.5870804205758752, 0.6705486982449825)": 0.9964433705132555, "(0.6705486982449825, 0.7592662446920274)": 0.9954350020110159, "(0.7592662446920274, 0.8278284493283268)": 0.9952150547883784, "(0.8278284493283268, 0.8400328503893509)": 0.9313552502329048, "(0.8400328503893509, 0.9881353675058188)": 0.7676290883268095, "(0.9881353675058188, 1.0)": 0.42533108731248565}, "pct": 0.7676290883268095, "best_return": 28.578267528728386}, "rel_minmax": {"trend": "rel_minmax", "time_param": 556, "q_params": {"(0.0, 0.08788554138002483)": 0.999914480450192, "(0.08788554138002483, 0.17484223706551297)": 0.998339925935498, "(0.17484223706551297, 0.219893474092272)": 0.996913658253835, "(0.219893474092272, 0.4294403287422378)": 0.9946610356584429, "(0.4294403287422378, 0.49020383390407346)": 0.9944108977795778, "(0.49020383390407346, 0.6082289261832742)": 0.9927919156589384, "(0.6082289261832742, 0.6488174107814421)": 0.9926515256729347, "(0.6488174107814421, 0.671544457798594)": 0.9921711449738626, "(0.671544457798594, 0.9778025585608869)": 0.9687915543750831, "(0.9778025585608869, 1.0)": 0.19584933472043237}, "pct": 1, "best_return": 28.349114713785283}, "ew_rel_minmax": {"trend": "ew_rel_minmax", "time_param": 556, "q_params": {"(0.0, 0.04136754952258869)": 0.9990654570966454, "(0.04136754952258869, 0.4101631116685891)": 0.9984958437740018, "(0.4101631116685891, 0.43280275387552936)": 0.9983702700689621, "(0.43280275387552936, 0.4524199090910895)": 0.9982646883071856, "(0.4524199090910895, 0.5000350883965585)": 0.9977155928506243, "(0.5000350883965585, 0.6232963011374663)": 0.9957948604039122, "(0.6232963011374663, 0.6902664046841427)": 0.9754063068876555, "(0.6902664046841427, 0.7067220778402763)": 0.9753010515345021, "(0.7067220778402763, 0.9895276742908835)": 0.972689922721827, "(0.9895276742908835, 1.0)": 0.17491447816624536}, "pct": 1, "best_return": 28.349114713785283}}