{"ma": {"time_param": 383, "trend": "ma", "q_params": {"(0, 0.37402019696655353)": 0.9626601302357726, "(0.37402019696655353, 0.5092148114844892)": 0.9116736725869883, "(0.5092148114844892, 0.7010699850109365)": 0.8076672914084357, "(0.7010699850109365, 0.740389806917403)": 0.7112904684589806, "(0.740389806917403, 0.7545187435624308)": 0.687941536579384, "(0.7545187435624308, 0.7656801532401354)": 0.5835160675729331, "(0.7656801532401354, 0.7699267236929799)": 0.38037833494773976, "(0.7699267236929799, 0.7903093290358822)": 0.28930515802274914, "(0.7903093290358822, 0.8034426158741359)": 0.016803905354591545, "(0.8034426158741359, 1)": 0.010252970411071703}, "pct": 0.28930515802274914, "best_return": 38.08858628913458}, "ew_ma": {"time_param": 102, "trend": "ew_ma", "q_params": {"(0, 0.49552734302204426)": 0.9880994040659382, "(0.49552734302204426, 0.6052372344525544)": 0.8043900788199151, "(0.6052372344525544, 0.794014488788779)": 0.7953661037948458, "(0.794014488788779, 0.8124541578234795)": 0.742230498779903, "(0.8124541578234795, 0.8428181037645587)": 0.6045473379697796, "(0.8428181037645587, 0.8558311312055363)": 0.332260264466319, "(0.8558311312055363, 0.8891761734014273)": 0.2665875549418697, "(0.8891761734014273, 0.9257859695860552)": 0.08865786184270912, "(0.9257859695860552, 0.9587587171647042)": 0.052785615293693355, "(0.9587587171647042, 1.0)": 0.026165560905814917}, "pct": 0.6045473379697796, "best_return": 55.786376404429674}, "rel_minmax": {"trend": "rel_minmax", "time_param": 556, "q_params": {"(0.0, 0.08302991510348118)": 0.9997346041686637, "(0.08302991510348118, 0.17484223706551297)": 0.997309995895656, "(0.17484223706551297, 0.19581454600338433)": 0.9972018079758849, "(0.19581454600338433, 0.4394224871918624)": 0.9971988688590738, "(0.4394224871918624, 0.5116952628497987)": 0.9850424114205126, "(0.5116952628497987, 0.617706632220372)": 0.9839996558883514, "(0.617706632220372, 0.6229420296305184)": 0.9837109911873292, "(0.6229420296305184, 0.6539905800158705)": 0.9727001907480088, "(0.6539905800158705, 0.9678410730050359)": 0.9661040253445824, "(0.9678410730050359, 1.0)": 0.15572618987659675}, "pct": 1, "best_return": 31.12484833688447}, "ew_rel_minmax": {"trend": "ew_rel_minmax", "time_param": 556, "q_params": {"(0.0, 0.051285677521320246)": 0.9999037127472692, "(0.051285677521320246, 0.44162123846973445)": 0.9987605881461757, "(0.44162123846973445, 0.4433832204846666)": 0.996516329168858, "(0.4433832204846666, 0.4452160207272879)": 0.9953445767478608, "(0.4452160207272879, 0.5247451835440964)": 0.9947987342366996, "(0.5247451835440964, 0.598609073922711)": 0.9931405331336978, "(0.598609073922711, 0.6908161414741554)": 0.9754063068876555, "(0.6908161414741554, 0.7134294543637003)": 0.9752350797597943, "(0.7134294543637003, 0.9939014675652138)": 0.975188340828414, "(0.9939014675652138, 1.0)": 0.3711284895848902}, "pct": 1, "best_return": 31.12484833688447}}