{"ma": {"time_param": 366, "trend": "ma", "q_params": {"(0, 0.03664459277912724)": 0.9293907451570288, "(0.03664459277912724, 0.23015923667638427)": 0.9236750978605661, "(0.23015923667638427, 0.29234240043267123)": 0.9052362895322792, "(0.29234240043267123, 0.5659995180125533)": 0.9018755580706102, "(0.5659995180125533, 0.7065107392684005)": 0.8887028881654969, "(0.7065107392684005, 0.8326716419061921)": 0.7112383462236676, "(0.8326716419061921, 0.8660786713491627)": 0.7008841152920426, "(0.8660786713491627, 0.8829685121122722)": 0.41777513329575716, "(0.8829685121122722, 0.9074371616613647)": 0.195333953501737, "(0.9074371616613647, 1.0)": 0.15184750900440794}, "pct": 0.41777513329575716, "best_return": 66.77048218213275}, "ew_ma": {"time_param": 102, "trend": "ew_ma", "q_params": {"(0, 0.49552734302204426)": 0.9601446105888657, "(0.49552734302204426, 0.6052372344525544)": 0.8043900788199151, "(0.6052372344525544, 0.794014488788779)": 0.7802041740452048, "(0.794014488788779, 0.8124541578234795)": 0.7403486415892011, "(0.8124541578234795, 0.8428181037645587)": 0.6045473379697796, "(0.8428181037645587, 0.8558311312055363)": 0.3735815811627201, "(0.8558311312055363, 0.8891761734014273)": 0.2665875549418697, "(0.8891761734014273, 0.9349788115388352)": 0.08865786184270912, "(0.9349788115388352, 0.9587587171647042)": 0.052785615293693355, "(0.9587587171647042, 1.0)": 0.0482658884095547}, "pct": 0.08865786184270912, "best_return": 52.19490926875179}, "rel_minmax": {"trend": "rel_minmax", "time_param": 556, "q_params": {"(0.0, 0.08302991510348118)": 0.9997346041686637, "(0.08302991510348118, 0.17484223706551297)": 0.997309995895656, "(0.17484223706551297, 0.19581454600338433)": 0.9972018079758849, "(0.19581454600338433, 0.4394224871918624)": 0.9971988688590738, "(0.4394224871918624, 0.5116952628497987)": 0.9850424114205126, "(0.5116952628497987, 0.617706632220372)": 0.9839996558883514, "(0.617706632220372, 0.6229420296305184)": 0.9837109911873292, "(0.6229420296305184, 0.6539905800158705)": 0.9727001907480088, "(0.6539905800158705, 0.9678410730050359)": 0.9661040253445824, "(0.9678410730050359, 1.0)": 0.15572618987659675}, "pct": 1, "best_return": 31.538324475178953}, "ew_rel_minmax": {"trend": "ew_rel_minmax", "time_param": 556, "q_params": {"(0.0, 0.051285677521320246)": 0.9999037127472692, "(0.051285677521320246, 0.44162123846973445)": 0.9987605881461757, "(0.44162123846973445, 0.4433832204846666)": 0.996516329168858, "(0.4433832204846666, 0.4452160207272879)": 0.9953445767478608, "(0.4452160207272879, 0.5247451835440964)": 0.9947987342366996, "(0.5247451835440964, 0.598609073922711)": 0.9931405331336978, "(0.598609073922711, 0.6908161414741554)": 0.9754063068876555, "(0.6908161414741554, 0.7134294543637003)": 0.9752350797597943, "(0.7134294543637003, 0.9939014675652138)": 0.975188340828414, "(0.9939014675652138, 1.0)": 0.3711284895848902}, "pct": 1, "best_return": 31.538324475178953}}