{"ma": {"time_param": 366, "trend": "ma", "q_params": {"(0, 0.024657875636886012)": 0.9689196065846717, "(0.024657875636886012, 0.11865076056274917)": 0.9052954164900379, "(0.11865076056274917, 0.15814008751534672)": 0.9052362895322792, "(0.15814008751534672, 0.24007561206276629)": 0.8300257861329517, "(0.24007561206276629, 0.7065107392684005)": 0.8067656209715302, "(0.7065107392684005, 0.8113158532141168)": 0.7112383462236676, "(0.8113158532141168, 0.8809510620571251)": 0.5505160590307117, "(0.8809510620571251, 0.9231651431373569)": 0.4736385410542478, "(0.9231651431373569, 0.9331819486553904)": 0.422202897292687, "(0.9331819486553904, 1.0)": 0.00885132444057971}, "pct": 0.8067656209715302, "best_return": 40.33441551119586}, "ew_ma": {"time_param": 79, "trend": "ew_ma", "q_params": {"(0, 0.07931188770920287)": 0.9592098599348883, "(0.07931188770920287, 0.15451421688342382)": 0.9382776188517862, "(0.15451421688342382, 0.30689817994353946)": 0.8507560944971448, "(0.30689817994353946, 0.668240837248251)": 0.7893337277761977, "(0.668240837248251, 0.751080523379668)": 0.7533833390757118, "(0.751080523379668, 0.7900485370809524)": 0.5624514293904536, "(0.7900485370809524, 0.8322674678731109)": 0.4336790012338301, "(0.8322674678731109, 0.8676665965432442)": 0.07282744662557368, "(0.8676665965432442, 0.9123605022177242)": 0.07132968773096846, "(0.9123605022177242, 1.0)": 0.001393327099810176}, "pct": 0.8507560944971448, "best_return": 33.702971301272825}, "rel_minmax": {"trend": "rel_minmax", "time_param": 556, "q_params": {"(0, 0.07949908186231061)": 0.9996260150855573, "(0.07949908186231061, 0.17484223706551297)": 0.997309995895656, "(0.17484223706551297, 0.21930903682368375)": 0.9972191303437774, "(0.21930903682368375, 0.44149665555211853)": 0.9971988688590738, "(0.44149665555211853, 0.5135276346345069)": 0.9902717995150476, "(0.5135276346345069, 0.617706632220372)": 0.9884006642992019, "(0.617706632220372, 0.6491983490799443)": 0.9870589541200931, "(0.6491983490799443, 0.6539905800158705)": 0.9727001907480088, "(0.6539905800158705, 0.9730201531953395)": 0.9573094016409341, "(0.9730201531953395, 1.0)": 0.15572618987659675}, "pct": 0.15572618987659675, "best_return": 28.168641688181683}, "ew_rel_minmax": {"trend": "ew_rel_minmax", "time_param": 556, "q_params": {"(0, 0.051285677521320246)": 0.9999037127472692, "(0.051285677521320246, 0.4101631116685891)": 0.9987605881461757, "(0.4101631116685891, 0.44384234423381147)": 0.9984943234954623, "(0.44384234423381147, 0.4452160207272879)": 0.9971318096135612, "(0.4452160207272879, 0.5247451835440964)": 0.9948247233354616, "(0.5247451835440964, 0.598609073922711)": 0.9931405331336978, "(0.598609073922711, 0.6908161414741554)": 0.9754063068876555, "(0.6908161414741554, 0.7134294543637003)": 0.9753010515345021, "(0.7134294543637003, 0.9992423498264592)": 0.975188340828414, "(0.9992423498264592, 1.0)": 0.16047829404740074}, "pct": 0.975188340828414, "best_return": 23.052403176477714}}