{"ma": {"time_param": 319, "trend": "ma", "q_params": {"(0, 0.11412839653826101)": 0.958948576555223, "(0.11412839653826101, 0.24258067463775262)": 0.9484226351824121, "(0.24258067463775262, 0.32454212151088735)": 0.8405985253602909, "(0.32454212151088735, 0.4354927265862911)": 0.7840569022466967, "(0.4354927265862911, 0.7973247407742658)": 0.7798259158312902, "(0.7973247407742658, 0.8025138390977475)": 0.6995214068815406, "(0.8025138390977475, 0.8469937649895053)": 0.5168524114182977, "(0.8469937649895053, 0.9058337089279044)": 0.44146918112459294, "(0.9058337089279044, 0.9282791005267492)": 0.04084598408834826, "(0.9282791005267492, 1.0)": 0.007114000536961749}, "pct": 0.7798259158312902, "best_return": 53.37395674046269}, "ew_ma": {"trend": "ew_ma", "time_param": 556, "q_params": {"(0, 0.01895416380471915)": 0.9996813183538662, "(0.01895416380471915, 0.1543965765011736)": 0.9974628034264045, "(0.1543965765011736, 0.2753247056911251)": 0.9960294316312659, "(0.2753247056911251, 0.5860892571263618)": 0.9959451507771139, "(0.5860892571263618, 0.6337910118088109)": 0.9959437486975385, "(0.6337910118088109, 0.6587702909837599)": 0.9955217406817374, "(0.6587702909837599, 0.8170687731684667)": 0.9952150547883784, "(0.8170687731684667, 0.8400328503893509)": 0.8829334953956759, "(0.8400328503893509, 0.853204974697301)": 0.756253572619543, "(0.853204974697301, 1.0)": 0.43283894848748816}, "pct": 0.43283894848748816, "best_return": 21.67521426970715}, "rel_minmax": {"trend": "rel_minmax", "time_param": 556, "q_params": {"(0, 0.07411356689020371)": 0.9992316685792199, "(0.07411356689020371, 0.1706903155245389)": 0.9990136940563885, "(0.1706903155245389, 0.18986539654412518)": 0.9982967312150325, "(0.18986539654412518, 0.4499914612821724)": 0.9972033490577128, "(0.4499914612821724, 0.47027000174997396)": 0.994089639350616, "(0.47027000174997396, 0.4841223370076697)": 0.9939113019150073, "(0.4841223370076697, 0.6280979742423967)": 0.9929357921223769, "(0.6280979742423967, 0.6735112089120623)": 0.9928240049641677, "(0.6735112089120623, 0.9778025585608869)": 0.9926972093015046, "(0.9778025585608869, 1.0)": 0.1889013015553272}, "pct": 0.1889013015553272, "best_return": 24.953031513224353}, "ew_rel_minmax": {"trend": "ew_rel_minmax", "time_param": 556, "q_params": {"(0, 0.043141385128679176)": 0.99975035660475, "(0.043141385128679176, 0.40410334994285524)": 0.9984958437740018, "(0.40410334994285524, 0.43280275387552936)": 0.9983292439716573, "(0.43280275387552936, 0.45605469857767933)": 0.9965122268455087, "(0.45605469857767933, 0.5000350883965585)": 0.9957973367570379, "(0.5000350883965585, 0.6084287176024531)": 0.9957948604039122, "(0.6084287176024531, 0.6902664046841427)": 0.9754063068876555, "(0.6902664046841427, 0.9880369974036347)": 0.9753010515345021, "(0.9880369974036347, 0.9920682156743997)": 0.972689922721827, "(0.9920682156743997, 1.0)": 0.1712516376817068}, "pct": 0.1712516376817068, "best_return": 23.600415090476982}}