{"ma": {"time_param": 319, "trend": "ma", "q_params": {"(0, 0.11412839653826101)": 0.9504057093086985, "(0.11412839653826101, 0.3083395232289845)": 0.9484226351824121, "(0.3083395232289845, 0.3551947838798165)": 0.8500940685847951, "(0.3551947838798165, 0.4001351455176205)": 0.7826563981587727, "(0.4001351455176205, 0.7952953148549842)": 0.7603490562031451, "(0.7952953148549842, 0.8025138390977475)": 0.6995214068815406, "(0.8025138390977475, 0.8368402471135095)": 0.4651712852742099, "(0.8368402471135095, 0.894270640080804)": 0.4317799169245729, "(0.894270640080804, 0.9275103517061891)": 0.0511591095000336, "(0.9275103517061891, 1.0)": 0.018444378857770727}, "pct": 0.7603490562031451, "best_return": 59.47123797945857}, "ew_ma": {"trend": "ew_ma", "time_param": 556, "q_params": {"(0, 0.025025896941688927)": 0.9977612225306413, "(0.025025896941688927, 0.1543965765011736)": 0.9974628034264045, "(0.1543965765011736, 0.1742012755578231)": 0.9965532202397865, "(0.1742012755578231, 0.5860892571263618)": 0.9959450777226445, "(0.5860892571263618, 0.6217509839673513)": 0.9959420462193255, "(0.6217509839673513, 0.7100086167274948)": 0.9959210553114163, "(0.7100086167274948, 0.8365696509235955)": 0.9952150547883784, "(0.8365696509235955, 0.8466453802502336)": 0.8588507938532313, "(0.8466453802502336, 0.853204974697301)": 0.7544606593722339, "(0.853204974697301, 1.0)": 0.5523452192930934}, "pct": 0.5523452192930934, "best_return": 24.815295447940745}, "rel_minmax": {"trend": "rel_minmax", "time_param": 556, "q_params": {"(0, 0.1)": 1.0, "(0.1, 0.12864245930769633)": 0.9979402119872988, "(0.12864245930769633, 0.18986539654412518)": 0.9977544383613101, "(0.18986539654412518, 0.46557123810014633)": 0.9977414336720367, "(0.46557123810014633, 0.46646116325508613)": 0.9975019530422418, "(0.46646116325508613, 0.47482974399264366)": 0.9940212778162738, "(0.47482974399264366, 0.6403446583085967)": 0.9932539126614359, "(0.6403446583085967, 0.7039521856584691)": 0.9928199343769187, "(0.7039521856584691, 0.9906694371945801)": 0.9926972093015046, "(0.9906694371945801, 1.0)": 0.9910359161258742}, "pct": 0.9910359161258742, "best_return": 22.131014661230015}, "ew_rel_minmax": {"trend": "ew_rel_minmax", "time_param": 556, "q_params": {"(0, 0.030638959532936383)": 1.0, "(0.030638959532936383, 0.3917037254572014)": 0.9983408144113451, "(0.3917037254572014, 0.43226099082547886)": 0.9983292439716573, "(0.43226099082547886, 0.4359130047660714)": 0.9981493434669368, "(0.4359130047660714, 0.467155478449017)": 0.9958157540584199, "(0.467155478449017, 0.5982391803118711)": 0.9954755463095434, "(0.5982391803118711, 0.689688347741019)": 0.9936093237076847, "(0.689688347741019, 0.9686691738510584)": 0.9935845697387664, "(0.9686691738510584, 0.9811219309086435)": 0.9933072426054683, "(0.9811219309086435, 1.0)": 0.2213610925852285}, "pct": 0.2213610925852285, "best_return": 22.34122069483015}}