{"ma": {"time_param": 366, "trend": "ma", "q_params": {"(0, 0.02564728649328929)": 0.9689196065846717, "(0.02564728649328929, 0.11865076056274917)": 0.8887351704976639, "(0.11865076056274917, 0.15762041311481342)": 0.8799902922928003, "(0.15762041311481342, 0.24007561206276629)": 0.8297502376584954, "(0.24007561206276629, 0.7060983411783807)": 0.8039188013465912, "(0.7060983411783807, 0.8165552894089744)": 0.6972817898679463, "(0.8165552894089744, 0.8778276943364572)": 0.5472834436056025, "(0.8778276943364572, 0.9231651431373569)": 0.48487927475272086, "(0.9231651431373569, 0.9331819486553904)": 0.422202897292687, "(0.9331819486553904, 1.0)": 0.00885132444057971}, "pct": 0.8039188013465912, "best_return": 43.821863414507796}, "ew_ma": {"time_param": 79, "trend": "ew_ma", "q_params": {"(0, 0.07931188770920287)": 0.983853937998738, "(0.07931188770920287, 0.1487004862616531)": 0.9382776188517862, "(0.1487004862616531, 0.30178652959205543)": 0.848529538843968, "(0.30178652959205543, 0.668240837248251)": 0.7627011415261008, "(0.668240837248251, 0.7565843991173796)": 0.7531015235189388, "(0.7565843991173796, 0.7900485370809524)": 0.6151074572193859, "(0.7900485370809524, 0.8297342204197231)": 0.4392119982123791, "(0.8297342204197231, 0.8676665965432442)": 0.07282744662557368, "(0.8676665965432442, 0.9213113674991043)": 0.06404121284148175, "(0.9213113674991043, 1.0)": 0.001393327099810176}, "pct": 0.7627011415261008, "best_return": 33.412176172644735}, "rel_minmax": {"trend": "rel_minmax", "time_param": 556, "q_params": {"(0.0, 0.10014113666345312)": 0.9996260150855573, "(0.10014113666345312, 0.17484223706551297)": 0.9973741413985935, "(0.17484223706551297, 0.24109268889116794)": 0.9972191303437774, "(0.24109268889116794, 0.43787528606286436)": 0.9946610356584429, "(0.43787528606286436, 0.5077511946655343)": 0.9941958134707906, "(0.5077511946655343, 0.6227347202578452)": 0.9940121267208291, "(0.6227347202578452, 0.6458295973456463)": 0.9880526993690575, "(0.6458295973456463, 0.6786091555433409)": 0.980591937871136, "(0.6786091555433409, 0.9730201531953395)": 0.9557709328357398, "(0.9730201531953395, 1.0)": 0.1900209136214713}, "pct": 1, "best_return": 27.215685474961465}, "ew_rel_minmax": {"trend": "ew_rel_minmax", "time_param": 556, "q_params": {"(0, 0.04136754952258869)": 0.9997759886436308, "(0.04136754952258869, 0.4101631116685891)": 0.9984958437740018, "(0.4101631116685891, 0.43280275387552936)": 0.9983702700689621, "(0.43280275387552936, 0.4528538152639116)": 0.9981231366291687, "(0.4528538152639116, 0.5000350883965585)": 0.9972853363095604, "(0.5000350883965585, 0.6091038902197586)": 0.9957948604039122, "(0.6091038902197586, 0.6902664046841427)": 0.9754063068876555, "(0.6902664046841427, 0.7067220778402763)": 0.9753010515345021, "(0.7067220778402763, 0.9992423498264592)": 0.972689922721827, "(0.9992423498264592, 1.0)": 0.16264015895180417}, "pct": 0.972689922721827, "best_return": 28.735832027072302}}