{"ma": {"time_param": 239, "trend": "ma", "q_params": {"(0.0, 0.022337403720115834)": 0.9949703314507292, "(0.022337403720115834, 0.1159222253447674)": 0.9938059203166849, "(0.1159222253447674, 0.19462262362673294)": 0.9618262972173834, "(0.19462262362673294, 0.19928516936374896)": 0.855529011548247, "(0.19928516936374896, 0.32114921760166754)": 0.5694707231786377, "(0.32114921760166754, 0.3662609334162773)": 0.5416483671743972, "(0.3662609334162773, 0.664940104913438)": 0.5410406149435929, "(0.664940104913438, 0.8098170546761841)": 0.5260935772246071, "(0.8098170546761841, 0.9935504689201753)": 0.5049008680889678, "(0.9935504689201753, 1.0)": 0.4029991413524362}, "pct": 1, "best_return": 13.09619226252864}, "ew_ma": {"time_param": 175, "trend": "ew_ma", "q_params": {"(0.0, 0.1475912283067818)": 0.9461388988764295, "(0.1475912283067818, 0.16898332484386897)": 0.7754251283415765, "(0.16898332484386897, 0.30654241392298126)": 0.6283084427903755, "(0.30654241392298126, 0.4952459129526078)": 0.6250256449891014, "(0.4952459129526078, 0.6875934134729632)": 0.6217839011541815, "(0.6875934134729632, 0.7121736703164473)": 0.5972171082960652, "(0.7121736703164473, 0.7507491143324424)": 0.4940307658689659, "(0.7507491143324424, 0.821389812752579)": 0.4683315184361735, "(0.821389812752579, 0.973270687641124)": 0.1678871778024017, "(0.973270687641124, 1.0)": 0.1662984895081532}, "pct": 1, "best_return": 13.09619226252864}, "rel_minmax": {"trend": "rel_minmax", "time_param": 117, "q_params": {"(0.0, 0.13129903916502658)": 1.0, "(0.13129903916502658, 0.13233720593744946)": 0.9999912774384382, "(0.13233720593744946, 0.13692272785885928)": 0.9996249192309111, "(0.13692272785885928, 0.5461965614649679)": 0.9996047490176687, "(0.5461965614649679, 0.5698303861270476)": 0.9945065998654516, "(0.5698303861270476, 0.6075192144944124)": 0.9943938992825777, "(0.6075192144944124, 0.7690512417791687)": 0.9941673275729064, "(0.7690512417791687, 0.7699920400387176)": 0.993020965034979, "(0.7699920400387176, 0.8871751117015743)": 0.693645675495575, "(0.8871751117015743, 1.0)": 0.14284074596166635}, "pct": 1, "best_return": 13.09619226252864}, "ew_rel_minmax": {"time_param": 213, "trend": "ew_rel_minmax", "q_params": {"(0.0, 0.18640104769608357)": 0.9858559086623387, "(0.18640104769608357, 0.3166874922041539)": 0.7454606476912361, "(0.3166874922041539, 0.3731254794100899)": 0.7324984889846864, "(0.3731254794100899, 0.5016882339548546)": 0.6969926363598694, "(0.5016882339548546, 0.5262158128323595)": 0.5221662509208378, "(0.5262158128323595, 0.7986311318993513)": 0.5132827468379635, "(0.7986311318993513, 0.8359538716046403)": 0.2931551215041703, "(0.8359538716046403, 0.8658020425755207)": 0.29206121833205173, "(0.8658020425755207, 0.9129013764015332)": 0.1336819098491834, "(0.9129013764015332, 1.0)": 0.057933320438917205}, "pct": 1, "best_return": 13.09619226252864}}