{"ma": {"time_param": 22, "trend": "ma", "q_params": {"(0, 0.07570691326438102)": 0.9606425232063747, "(0.07570691326438102, 0.23312758663254068)": 0.8473271149007553, "(0.23312758663254068, 0.34933456361988746)": 0.8468416442265765, "(0.34933456361988746, 0.40173795768156473)": 0.8419746943203325, "(0.40173795768156473, 0.4750943488696508)": 0.8121585755419793, "(0.4750943488696508, 0.52768909224339)": 0.7259856016978862, "(0.52768909224339, 0.6996474441176966)": 0.6263275897184957, "(0.6996474441176966, 0.9193343138789314)": 0.6249677551928216, "(0.9193343138789314, 0.9969175955571088)": 0.48513515984589906, "(0.9969175955571088, 1)": 0.2354813829966604}, "pct": 0.9606425232063747, "best_return": 3.103142784609937}, "ew_ma": {"time_param": 175, "trend": "ew_ma", "q_params": {"(0, 0.15547317132535332)": 0.9458557109241312, "(0.15547317132535332, 0.16898332484386897)": 0.7682411762154183, "(0.16898332484386897, 0.3401562284841615)": 0.6283084427903755, "(0.3401562284841615, 0.4815560430927267)": 0.6250256449891014, "(0.4815560430927267, 0.7092225185168507)": 0.6217839011541815, "(0.7092225185168507, 0.7144449493131166)": 0.5972171082960652, "(0.7144449493131166, 0.7507491143324424)": 0.4940307658689659, "(0.7507491143324424, 0.8482865911241144)": 0.4683315184361735, "(0.8482865911241144, 0.973270687641124)": 0.1678871778024017, "(0.973270687641124, 1)": 0.13954637424268568}, "pct": 0.9458557109241312, "best_return": 3.3550206925764146}, "rel_minmax": {"trend": "rel_minmax", "time_param": 117, "q_params": {"(0, 0.13129903916502658)": 1.0, "(0.13129903916502658, 0.13233720593744946)": 0.9999912774384382, "(0.13233720593744946, 0.1567291595650612)": 0.9996249192309111, "(0.1567291595650612, 0.5461965614649679)": 0.9995846667662862, "(0.5461965614649679, 0.5532689964007005)": 0.9957586225866134, "(0.5532689964007005, 0.6075192144944124)": 0.9944957632268526, "(0.6075192144944124, 0.7484608620743922)": 0.9941673275729064, "(0.7484608620743922, 0.8779351310643795)": 0.993020965034979, "(0.8779351310643795, 0.8871751117015743)": 0.6965721197773096, "(0.8871751117015743, 1.0)": 0.19623371164939485}, "pct": 0.9995846667662862, "best_return": 14.500031363078755}, "ew_rel_minmax": {"time_param": 213, "trend": "ew_rel_minmax", "q_params": {"(0, 0.18640104769608357)": 0.960524066044663, "(0.18640104769608357, 0.1873753102454746)": 0.7454606476912361, "(0.1873753102454746, 0.3731254794100899)": 0.7324984889846864, "(0.3731254794100899, 0.5088506531367848)": 0.6969926363598694, "(0.5088506531367848, 0.5262158128323595)": 0.520234789046371, "(0.5262158128323595, 0.8029633653776606)": 0.5074681398928811, "(0.8029633653776606, 0.8359538716046403)": 0.2931551215041703, "(0.8359538716046403, 0.8629355358595281)": 0.29206121833205173, "(0.8629355358595281, 0.9154594055154198)": 0.17537346652697405, "(0.9154594055154198, 1)": 0.07177879985935298}, "pct": 0.6969926363598694, "best_return": 10.481165731390272}}