{"ma": {"time_param": 235, "trend": "ma", "q_params": {"(0.0, 0.020979931572704637)": 0.9438747650151466, "(0.020979931572704637, 0.19674355532999743)": 0.9176244024640342, "(0.19674355532999743, 0.276054515700906)": 0.8924724423585723, "(0.276054515700906, 0.646826312064115)": 0.885609705158236, "(0.646826312064115, 0.6607759297541003)": 0.8306800921235854, "(0.6607759297541003, 0.6920974346143738)": 0.7160155858001102, "(0.6920974346143738, 0.7270139579251992)": 0.6350221752581837, "(0.7270139579251992, 0.747525608036886)": 0.3959224148428887, "(0.747525608036886, 0.7511803165559043)": 0.2607336885952663, "(0.7511803165559043, 1.0)": 0.15704013944852213}, "pct": 0.9176244024640342, "best_return": 13.965978591421461}, "ew_ma": {"time_param": 178, "trend": "ew_ma", "q_params": {"(0, 0.4886768952163465)": 0.998837493913874, "(0.4886768952163465, 0.5435240166235923)": 0.9074489289591469, "(0.5435240166235923, 0.6825986730273753)": 0.8913297898555563, "(0.6825986730273753, 0.6855590110337941)": 0.8144743926819945, "(0.6855590110337941, 0.7445780337982819)": 0.7843614245892623, "(0.7445780337982819, 0.8269777379403128)": 0.7790153162221064, "(0.8269777379403128, 0.8312024494703226)": 0.6397615101274328, "(0.8312024494703226, 0.9657343832280033)": 0.4397535194343848, "(0.9657343832280033, 0.979651005190786)": 0.38992525676899703, "(0.979651005190786, 1)": 0.30893236748745423}, "pct": 0.998837493913874, "best_return": 14.103127888120548}, "rel_minmax": {"trend": "rel_minmax", "time_param": 117, "q_params": {"(0.0, 0.01357028485231108)": 1.0, "(0.01357028485231108, 0.13233720593744946)": 0.9999912774384382, "(0.13233720593744946, 0.13692272785885928)": 0.9996249192309111, "(0.13692272785885928, 0.5461965614649679)": 0.9996047490176687, "(0.5461965614649679, 0.5698303861270476)": 0.9945065998654516, "(0.5698303861270476, 0.6087556169668654)": 0.9943938992825777, "(0.6087556169668654, 0.7690512417791687)": 0.9941673275729064, "(0.7690512417791687, 0.8073328755664145)": 0.993020965034979, "(0.8073328755664145, 0.8871751117015743)": 0.693645675495575, "(0.8871751117015743, 1.0)": 0.14284074596166635}, "pct": 1, "best_return": 12.831710039440376}, "ew_rel_minmax": {"time_param": 213, "trend": "ew_rel_minmax", "q_params": {"(0.0, 0.18640104769608357)": 0.9858559086623387, "(0.18640104769608357, 0.3166874922041539)": 0.7454606476912361, "(0.3166874922041539, 0.3731254794100899)": 0.7324984889846864, "(0.3731254794100899, 0.5016882339548546)": 0.6969926363598694, "(0.5016882339548546, 0.5262158128323595)": 0.5221662509208378, "(0.5262158128323595, 0.7986311318993513)": 0.5132827468379635, "(0.7986311318993513, 0.8359538716046403)": 0.2931551215041703, "(0.8359538716046403, 0.8658020425755207)": 0.29206121833205173, "(0.8658020425755207, 0.9129013764015332)": 0.1336819098491834, "(0.9129013764015332, 1.0)": 0.057933320438917205}, "pct": 1, "best_return": 12.831710039440376}}