{"ma": {"time_param": 235, "trend": "ma", "q_params": {"(0, 0.016300837280415204)": 0.9639991466326147, "(0.016300837280415204, 0.1858139836701015)": 0.9530477115401057, "(0.1858139836701015, 0.425566478817014)": 0.8924724423585723, "(0.425566478817014, 0.646826312064115)": 0.890554157357914, "(0.646826312064115, 0.6649252497783451)": 0.873783252872924, "(0.6649252497783451, 0.678081221236254)": 0.8057273808200395, "(0.678081221236254, 0.6812408594569325)": 0.7649040962720304, "(0.6812408594569325, 0.7324337677502213)": 0.4845361094195552, "(0.7324337677502213, 0.7511803165559043)": 0.39020426451178025, "(0.7511803165559043, 1.0)": 0.3118227414675412}, "pct": 0.8924724423585723, "best_return": 16.390363274409783}, "ew_ma": {"time_param": 178, "trend": "ew_ma", "q_params": {"(0, 0.5186400825382421)": 0.998837493913874, "(0.5186400825382421, 0.6200214213611451)": 0.974312344852548, "(0.6200214213611451, 0.6511326974830995)": 0.8837382750284776, "(0.6511326974830995, 0.6876536774222768)": 0.8777145724490105, "(0.6876536774222768, 0.8255724071223028)": 0.8765169472778033, "(0.8255724071223028, 0.8290886160713797)": 0.7962062711134142, "(0.8290886160713797, 0.8543287722299386)": 0.551438911676969, "(0.8543287722299386, 0.899377027842087)": 0.5232040177057431, "(0.899377027842087, 0.9785264333207219)": 0.3956381988558809, "(0.9785264333207219, 1.0)": 0.04264115083636435}, "pct": 0.974312344852548, "best_return": 16.456367579810212}, "rel_minmax": {"trend": "rel_minmax", "time_param": 117, "q_params": {"(0, 0.06893227636731118)": 1.0, "(0.06893227636731118, 0.11954958457196589)": 0.9999699966571796, "(0.11954958457196589, 0.128734179220356)": 0.9996249192309111, "(0.128734179220356, 0.5467899431852972)": 0.9996047490176687, "(0.5467899431852972, 0.5698303861270476)": 0.9989338118855294, "(0.5698303861270476, 0.7568950595354135)": 0.9989121160459542, "(0.7568950595354135, 0.7702124193297314)": 0.9963558135987035, "(0.7702124193297314, 0.7933897896167857)": 0.993020965034979, "(0.7933897896167857, 0.949634516448591)": 0.9326829523820597, "(0.949634516448591, 1.0)": 0.02919966252846451}, "pct": 0.02919966252846451, "best_return": 17.346185556700117}, "ew_rel_minmax": {"time_param": 164, "trend": "ew_rel_minmax", "q_params": {"(0.0, 0.3781043670488048)": 0.9873637941359479, "(0.3781043670488048, 0.5505549029480067)": 0.9594297092725766, "(0.5505549029480067, 0.6815533470028312)": 0.9514272272116185, "(0.6815533470028312, 0.695655206832234)": 0.8996834671969676, "(0.695655206832234, 0.7050101421561283)": 0.8124261765207448, "(0.7050101421561283, 0.7627073601401382)": 0.7395786446293712, "(0.7627073601401382, 0.7860109211627282)": 0.7134299694053182, "(0.7860109211627282, 0.9457648654151619)": 0.37340541007802225, "(0.9457648654151619, 0.9875698586928756)": 0.34806030487561607, "(0.9875698586928756, 1.0)": 0.1342479506565396}, "pct": 1, "best_return": 14.573075031936499}}