{"ma": {"time_param": 298, "trend": "ma", "q_params": {"(0, 0.23500641786240017)": 0.9843731037027962, "(0.23500641786240017, 0.5176286121131007)": 0.9450527300406812, "(0.5176286121131007, 0.5379611701920174)": 0.8339178802638427, "(0.5379611701920174, 0.5876223362041938)": 0.7254344715536443, "(0.5876223362041938, 0.631135876547016)": 0.605839154954189, "(0.631135876547016, 0.6549758557304737)": 0.42379232149045265, "(0.6549758557304737, 0.7926997275958388)": 0.297437743105366, "(0.7926997275958388, 0.9297029600672032)": 0.2972920956261728, "(0.9297029600672032, 0.9477313761757177)": 0.18522887420735334, "(0.9477313761757177, 1.0)": 0.14390689770684528}, "pct": 0.9450527300406812, "best_return": 16.339762775960324}, "ew_ma": {"trend": "ew_ma", "time_param": 125, "q_params": {"(0, 0.03922072211001903)": 0.9995766764786914, "(0.03922072211001903, 0.1735870856370357)": 0.9994754986942028, "(0.1735870856370357, 0.4076660953481713)": 0.9974484417389834, "(0.4076660953481713, 0.4604390175247429)": 0.9966937279813916, "(0.4604390175247429, 0.5870752046692733)": 0.9863152010207894, "(0.5870752046692733, 0.6274087078345795)": 0.9140189444845417, "(0.6274087078345795, 0.6335297117440716)": 0.8377434611935255, "(0.6335297117440716, 0.6865392476252549)": 0.6306841853554608, "(0.6865392476252549, 0.902700642889708)": 0.5576910919021838, "(0.902700642889708, 1.0)": 0.4825656835358739}, "best_return": 15.50443579288679, "pct": 0.9974484417389834}, "rel_minmax": {"time_param": 1050, "trend": "rel_minmax", "q_params": {"(0, 0.2906385897988205)": 0.9738969042440595, "(0.2906385897988205, 0.3710707973131695)": 0.9581188557906747, "(0.3710707973131695, 0.3957255950241264)": 0.8735556407344442, "(0.3957255950241264, 0.40677818975980445)": 0.6049129729160686, "(0.40677818975980445, 0.4845157926938117)": 0.4209384055306836, "(0.4845157926938117, 0.5092462817979089)": 0.38637761354657374, "(0.5092462817979089, 0.6021182171771569)": 0.3484649717817866, "(0.6021182171771569, 0.6746330995810914)": 0.2882433406827144, "(0.6746330995810914, 0.9459018590182363)": 0.27672099858837457, "(0.9459018590182363, 1.0)": 0.25795021778870675}, "pct": 0.25795021778870675, "best_return": 14.14840063367156}, "ew_rel_minmax": {"time_param": 951, "trend": "ew_rel_minmax", "q_params": {"(0, 0.07358174455538734)": 0.9580797552635881, "(0.07358174455538734, 0.12449129204083681)": 0.9027359492548009, "(0.12449129204083681, 0.13457628005762334)": 0.8828216069189126, "(0.13457628005762334, 0.2671620583905155)": 0.7833396815935681, "(0.2671620583905155, 0.3083399383525258)": 0.7799747589916769, "(0.3083399383525258, 0.555588757108127)": 0.759193210105874, "(0.555588757108127, 0.619976158613165)": 0.6836590239095476, "(0.619976158613165, 0.8581207397775182)": 0.5591660265918124, "(0.8581207397775182, 0.9639521439767923)": 0.5515459579727299, "(0.9639521439767923, 1.0)": 0.3599080770322933}, "pct": 0.3599080770322933, "best_return": 15.36056216325397}}