{"ma": {"trend": "ma", "time_param": 125, "q_params": {"(0, 0.015690126856717446)": 0.9992515828126799, "(0.015690126856717446, 0.288984569326588)": 0.9977492500236123, "(0.288984569326588, 0.4322203444105647)": 0.9976197864196859, "(0.4322203444105647, 0.502654716981872)": 0.997603913601636, "(0.502654716981872, 0.5254914389335164)": 0.9975274792063067, "(0.5254914389335164, 0.5329898976234823)": 0.9945676558653611, "(0.5329898976234823, 0.7210501526697931)": 0.9939038795098664, "(0.7210501526697931, 0.9148278944888244)": 0.9855415256139981, "(0.9148278944888244, 0.9192652167815067)": 0.9816914242103905, "(0.9192652167815067, 1.0)": 0.056415058164149344}, "best_return": 14.110364877287193, "pct": 0.9977492500236123}, "ew_ma": {"trend": "ew_ma", "time_param": 125, "q_params": {"(0, 0.04761816713802543)": 0.9988032141102173, "(0.04761816713802543, 0.1735870856370357)": 0.9985444375341096, "(0.1735870856370357, 0.41364745126354446)": 0.9975197625847043, "(0.41364745126354446, 0.5866834756327564)": 0.9914759260695645, "(0.5866834756327564, 0.5868279165567887)": 0.9863152010207894, "(0.5868279165567887, 0.5974510379722492)": 0.9150684131352574, "(0.5974510379722492, 0.6484687254306185)": 0.8318900785750944, "(0.6484687254306185, 0.6986114507039215)": 0.6413728311826083, "(0.6986114507039215, 0.9060676287766259)": 0.5456918214083015, "(0.9060676287766259, 1.0)": 0.4509423159597739}, "best_return": 14.480627426343242, "pct": 0.9975197625847043}, "rel_minmax": {"time_param": 1103, "trend": "rel_minmax", "q_params": {"(0, 0.10015883680511806)": 0.9374456006214293, "(0.10015883680511806, 0.3514652610385354)": 0.905371152914291, "(0.3514652610385354, 0.5994112016334225)": 0.7570811113470852, "(0.5994112016334225, 0.7962520195552725)": 0.6966210215588118, "(0.7962520195552725, 0.8594871459545304)": 0.6760910400712795, "(0.8594871459545304, 0.8806203923079375)": 0.4087721307039252, "(0.8806203923079375, 0.883611254223151)": 0.13235753000955508, "(0.883611254223151, 0.9372723960022513)": 0.0885827733542609, "(0.9372723960022513, 0.9620827251600504)": 0.014340750920582032, "(0.9620827251600504, 1)": 0.010042321384928443}, "pct": 0.010042321384928443, "best_return": 13.664199710638842}, "ew_rel_minmax": {"time_param": 567, "trend": "ew_rel_minmax", "q_params": {"(0, 0.20741998660276237)": 0.9991388988099625, "(0.20741998660276237, 0.404721771899759)": 0.9692702009752705, "(0.404721771899759, 0.4783047382690383)": 0.8998734283858522, "(0.4783047382690383, 0.5212975612583446)": 0.7832499953870932, "(0.5212975612583446, 0.5264103814404787)": 0.7306971982231364, "(0.5264103814404787, 0.5355278071386104)": 0.7029716599892221, "(0.5355278071386104, 0.5409281664842641)": 0.34910815560699654, "(0.5409281664842641, 0.553683955847023)": 0.32928475219453696, "(0.553683955847023, 0.6246343191009688)": 0.31087267734115476, "(0.6246343191009688, 1.0)": 0.30042274668454866}, "best_return": 24.161570334653486, "pct": 0.30042274668454866}}