{"ma": {"time_param": 298, "trend": "ma", "q_params": {"(0, 0.23500641786240017)": 0.9665695772576373, "(0.23500641786240017, 0.5176286121131007)": 0.9313560314231125, "(0.5176286121131007, 0.5333337669871411)": 0.818077910812325, "(0.5333337669871411, 0.5876223362041938)": 0.7254344715536443, "(0.5876223362041938, 0.631135876547016)": 0.605839154954189, "(0.631135876547016, 0.6549758557304737)": 0.42379232149045265, "(0.6549758557304737, 0.807609716114515)": 0.297437743105366, "(0.807609716114515, 0.9297029600672032)": 0.2972920956261728, "(0.9297029600672032, 0.9625109763476137)": 0.18469798741276347, "(0.9625109763476137, 1.0)": 0.14390689770684528}, "pct": 0.9665695772576373, "best_return": 12.994110650675026}, "ew_ma": {"trend": "ew_ma", "time_param": 125, "q_params": {"(0, 0.03922072211001903)": 0.9995766764786914, "(0.03922072211001903, 0.1735870856370357)": 0.999122198347652, "(0.1735870856370357, 0.4076660953481713)": 0.9974484417389834, "(0.4076660953481713, 0.4604390175247429)": 0.9966937279813916, "(0.4604390175247429, 0.5870752046692733)": 0.9863152010207894, "(0.5870752046692733, 0.5974510379722492)": 0.9137988737831421, "(0.5974510379722492, 0.6335297117440716)": 0.8377434611935255, "(0.6335297117440716, 0.6865392476252549)": 0.6082473294369103, "(0.6865392476252549, 0.902700642889708)": 0.5634894355779926, "(0.902700642889708, 1.0)": 0.4509423159597739}, "best_return": 13.862966052911311, "pct": 0.999122198347652}, "rel_minmax": {"time_param": 1050, "trend": "rel_minmax", "q_params": {"(0, 0.2906385897988205)": 0.9647066542903512, "(0.2906385897988205, 0.3710707973131695)": 0.9633111645558544, "(0.3710707973131695, 0.3957255950241264)": 0.8735556407344442, "(0.3957255950241264, 0.4131110496693079)": 0.6049129729160686, "(0.4131110496693079, 0.48917344234326354)": 0.4108526315253318, "(0.48917344234326354, 0.5092462817979089)": 0.38637761354657374, "(0.5092462817979089, 0.6090953990335246)": 0.3484649717817866, "(0.6090953990335246, 0.6776590616221503)": 0.2882433406827144, "(0.6776590616221503, 0.9432201846178885)": 0.27672099858837457, "(0.9432201846178885, 1)": 0.2633271984099561}, "pct": 0.2633271984099561, "best_return": 12.864725415963942}, "ew_rel_minmax": {"time_param": 951, "trend": "ew_rel_minmax", "q_params": {"(0, 0.07358174455538734)": 0.9580797552635881, "(0.07358174455538734, 0.12449129204083681)": 0.9027359492548009, "(0.12449129204083681, 0.13457628005762334)": 0.8661687011548459, "(0.13457628005762334, 0.2641748638738287)": 0.7833396815935681, "(0.2641748638738287, 0.3181412084929117)": 0.7799747589916769, "(0.3181412084929117, 0.555588757108127)": 0.7435366884957293, "(0.555588757108127, 0.6131078172781705)": 0.6836590239095476, "(0.6131078172781705, 0.8387648396888623)": 0.5777674726617821, "(0.8387648396888623, 0.9679678040925489)": 0.5689610957691748, "(0.9679678040925489, 1.0)": 0.3599080770322933}, "pct": 0.3599080770322933, "best_return": 14.221134243140023}}