{"ma": {"trend": "ma", "time_param": 125, "q_params": {"(0, 0.015690126856717446)": 0.9978197103992336, "(0.015690126856717446, 0.2823983899293932)": 0.9976240440813722, "(0.2823983899293932, 0.44856970040640864)": 0.9976197864196859, "(0.44856970040640864, 0.502654716981872)": 0.9975972373405327, "(0.502654716981872, 0.5254914389335164)": 0.9975274792063067, "(0.5254914389335164, 0.5434486490768385)": 0.9945676558653611, "(0.5434486490768385, 0.7210501526697931)": 0.9939038795098664, "(0.7210501526697931, 0.9173808218773326)": 0.9856316709140498, "(0.9173808218773326, 0.9192652167815067)": 0.9816914242103905, "(0.9192652167815067, 1.0)": 0.05558045882749374}, "best_return": 13.819608132591306, "pct": 0.9976240440813722}, "ew_ma": {"trend": "ew_ma", "time_param": 125, "q_params": {"(0, 0.04761816713802543)": 0.9988032141102173, "(0.04761816713802543, 0.1735870856370357)": 0.9985444375341096, "(0.1735870856370357, 0.41364745126354446)": 0.9969680486975229, "(0.41364745126354446, 0.5807778317191035)": 0.996910506971266, "(0.5807778317191035, 0.5868279165567887)": 0.9863152010207894, "(0.5868279165567887, 0.5962304739580518)": 0.9749887011762177, "(0.5962304739580518, 0.6484687254306185)": 0.8343845282640002, "(0.6484687254306185, 0.7180713895857823)": 0.6336531528048089, "(0.7180713895857823, 0.9060676287766259)": 0.5456918214083015, "(0.9060676287766259, 1.0)": 0.4536110591472172}, "best_return": 13.728991714642639, "pct": 0.9969680486975229}, "rel_minmax": {"time_param": 51, "trend": "rel_minmax", "q_params": {"(0, 0.052350571036045235)": 0.9882945043541013, "(0.052350571036045235, 0.24746462436000555)": 0.9682106019310172, "(0.24746462436000555, 0.4403162483482883)": 0.9536347665132255, "(0.4403162483482883, 0.5216735304555922)": 0.45426941467578563, "(0.5216735304555922, 0.5914001286682815)": 0.40484634333138253, "(0.5914001286682815, 0.8542858649431159)": 0.3889989057387534, "(0.8542858649431159, 0.8616302418842037)": 0.3809237559968688, "(0.8616302418842037, 0.9121286502228142)": 0.3674375571412918, "(0.9121286502228142, 0.9145969499111338)": 0.353137389348355, "(0.9145969499111338, 1.0)": 0.27453514756467645}, "pct": 0.27453514756467645, "best_return": 16.52907317207926}, "ew_rel_minmax": {"time_param": 567, "trend": "ew_rel_minmax", "q_params": {"(0, 0.208698982896641)": 0.9990361177724235, "(0.208698982896641, 0.4077816387892334)": 0.9987399448065742, "(0.4077816387892334, 0.4672732066314822)": 0.88906181698255, "(0.4672732066314822, 0.5016477041143355)": 0.7674548720703324, "(0.5016477041143355, 0.5264103814404787)": 0.7306971982231364, "(0.5264103814404787, 0.5355278071386104)": 0.6993924230215484, "(0.5355278071386104, 0.5409281664842641)": 0.33112967950567934, "(0.5409281664842641, 0.553683955847023)": 0.32928475219453696, "(0.553683955847023, 0.6246343191009688)": 0.31087267734115476, "(0.6246343191009688, 1.0)": 0.30042274668454866}, "best_return": 23.249636973844922, "pct": 0.30042274668454866}}