{"ma": {"time_param": 288, "trend": "ma", "q_params": {"(0, 0.02215500375595636)": 0.9981739669811569, "(0.02215500375595636, 0.18594260425712306)": 0.984902756354382, "(0.18594260425712306, 0.41207470331960505)": 0.957794060686952, "(0.41207470331960505, 0.49966224179092)": 0.9207076609753665, "(0.49966224179092, 0.5038333923221834)": 0.7582696977340139, "(0.5038333923221834, 0.6866603209052733)": 0.5558239659553097, "(0.6866603209052733, 0.6999671638565869)": 0.5182051643610057, "(0.6999671638565869, 0.7250714591952858)": 0.3595366718260288, "(0.7250714591952858, 0.928196500692241)": 0.2639034746432151, "(0.928196500692241, 1)": 0.027483190707661885}, "pct": 0.957794060686952, "best_return": 18.1334560635718}, "ew_ma": {"time_param": 1207, "trend": "ew_ma", "q_params": {"(0, 0.09646153442049502)": 0.9995614496359818, "(0.09646153442049502, 0.1126251415508239)": 0.8718461511971831, "(0.1126251415508239, 0.2223839436859584)": 0.8552387431550229, "(0.2223839436859584, 0.37155252275421524)": 0.8130718156970238, "(0.37155252275421524, 0.9279510388178844)": 0.8112807715845208, "(0.9279510388178844, 0.9465072004215468)": 0.5046002256762889, "(0.9465072004215468, 0.9693712912492524)": 0.49251538897004205, "(0.9693712912492524, 0.9771024651735873)": 0.2966614616371427, "(0.9771024651735873, 0.9887123655586522)": 0.1966109980400459, "(0.9887123655586522, 1.0)": 0.06983985479849966}, "pct": 0.8112807715845208, "best_return": 16.1908174406405}, "rel_minmax": {"time_param": 1105, "trend": "rel_minmax", "q_params": {"(0, 0.13886622811471275)": 0.99256237648676, "(0.13886622811471275, 0.3445259391195285)": 0.921234918252306, "(0.3445259391195285, 0.5432406479743086)": 0.6486872010779514, "(0.5432406479743086, 0.59969145866347)": 0.6420637114451375, "(0.59969145866347, 0.7867955259712147)": 0.6084369296166843, "(0.7867955259712147, 0.8456406936518482)": 0.584753766540715, "(0.8456406936518482, 0.8782165108335985)": 0.3339385889758168, "(0.8782165108335985, 0.9024718358533084)": 0.2932301279047068, "(0.9024718358533084, 0.9679006691364733)": 0.23904393334731067, "(0.9679006691364733, 1.0)": 0.017847144258697267}, "pct": 0.017847144258697267, "best_return": 16.230270179550942}, "ew_rel_minmax": {"time_param": 869, "trend": "ew_rel_minmax", "q_params": {"(0, 0.024668842007348646)": 0.9977902302435955, "(0.024668842007348646, 0.09891573900152384)": 0.9653244717186339, "(0.09891573900152384, 0.28781451319671275)": 0.9342275653115257, "(0.28781451319671275, 0.5541978453222212)": 0.9014066722153549, "(0.5541978453222212, 0.5681017192194158)": 0.8475991665766314, "(0.5681017192194158, 0.6055314932590551)": 0.7813903153259694, "(0.6055314932590551, 0.8128941555226425)": 0.46651556422618246, "(0.8128941555226425, 0.8554750968625295)": 0.46064203448505775, "(0.8554750968625295, 0.9161537857950696)": 0.4527217723656008, "(0.9161537857950696, 1.0)": 0.4340695312599748}, "pct": 0.4340695312599748, "best_return": 18.788501742531327}}