{"ma": {"trend": "ma", "time_param": 125, "q_params": {"(0.0, 0.0026504870298068167)": 0.9998783708737543, "(0.0026504870298068167, 0.28745556132136)": 0.9976240440813722, "(0.28745556132136, 0.44856970040640864)": 0.9976185617843104, "(0.44856970040640864, 0.4920201877307506)": 0.9976172145869585, "(0.4920201877307506, 0.5234597291419593)": 0.9975274792063067, "(0.5234597291419593, 0.5434486490768385)": 0.9940096092960373, "(0.5434486490768385, 0.7210501526697931)": 0.9939426902963313, "(0.7210501526697931, 0.9173808218773326)": 0.9939405448764719, "(0.9173808218773326, 0.9411731375782977)": 0.9929789494151251, "(0.9411731375782977, 1.0)": 0.005142003176401266}, "best_return": 13.066024291783995, "pct": 1}, "ew_ma": {"trend": "ew_ma", "time_param": 125, "q_params": {"(0, 0.04604690311256983)": 0.9985473503993176, "(0.04604690311256983, 0.18773220870494708)": 0.9985444375341096, "(0.18773220870494708, 0.579736978493413)": 0.9985271288200009, "(0.579736978493413, 0.5814941400707538)": 0.9957637386777576, "(0.5814941400707538, 0.5840271549679382)": 0.9956548547829482, "(0.5840271549679382, 0.6166045986150007)": 0.9749887011762177, "(0.6166045986150007, 0.6484687254306185)": 0.8365349722960622, "(0.6484687254306185, 0.7074684686226911)": 0.6041490222453686, "(0.7074684686226911, 0.9046647273689445)": 0.5688357541435949, "(0.9046647273689445, 1.0)": 0.543382642614365}, "best_return": 16.12757821201192, "pct": 0.9985271288200009}, "rel_minmax": {"time_param": 51, "trend": "rel_minmax", "q_params": {"(0, 0.03823729230707218)": 0.9989927900933994, "(0.03823729230707218, 0.2399099109161783)": 0.9652818395170168, "(0.2399099109161783, 0.4403162483482883)": 0.9536347665132255, "(0.4403162483482883, 0.5006794395811458)": 0.41508284604833784, "(0.5006794395811458, 0.5947414670019493)": 0.40120575644093515, "(0.5947414670019493, 0.8544913957828371)": 0.396946228417249, "(0.8544913957828371, 0.8819943687006793)": 0.379158183156719, "(0.8819943687006793, 0.8951234814116833)": 0.3674375571412918, "(0.8951234814116833, 0.9164252709533308)": 0.35066444995608276, "(0.9164252709533308, 1.0)": 0.2988782990894229}, "pct": 0.2988782990894229, "best_return": 13.810222803136988}, "ew_rel_minmax": {"time_param": 567, "trend": "ew_rel_minmax", "q_params": {"(0.0, 0.208698982896641)": 0.9995465744200742, "(0.208698982896641, 0.40508993585505215)": 0.9981014701070505, "(0.40508993585505215, 0.5097724307863015)": 0.890631353605492, "(0.5097724307863015, 0.5115486198690529)": 0.7327547935869515, "(0.5115486198690529, 0.528063623598968)": 0.7303651137650616, "(0.528063623598968, 0.5408808628948784)": 0.7009028941026534, "(0.5408808628948784, 0.5409281664842641)": 0.33112967950567934, "(0.5409281664842641, 0.5531730514150485)": 0.313196424865023, "(0.5531730514150485, 0.6246343191009688)": 0.31087267734115476, "(0.6246343191009688, 1.0)": 0.3104590973460598}, "best_return": 13.066024291783995, "pct": 1}}