{"ma": {"trend": "ma", "time_param": 125, "q_params": {"(0, 0.0026504870298068167)": 0.9998783708737543, "(0.0026504870298068167, 0.28745556132136)": 0.9976240440813722, "(0.28745556132136, 0.44856970040640864)": 0.9976185617843104, "(0.44856970040640864, 0.4920201877307506)": 0.9976172145869585, "(0.4920201877307506, 0.5234597291419593)": 0.9975274792063067, "(0.5234597291419593, 0.5434486490768385)": 0.9940096092960373, "(0.5434486490768385, 0.7210501526697931)": 0.9939426902963313, "(0.7210501526697931, 0.9173808218773326)": 0.9939405448764719, "(0.9173808218773326, 0.9411731375782977)": 0.9929789494151251, "(0.9411731375782977, 1.0)": 0.005142003176401266}, "best_return": 22.190811740431695, "pct": 0.9976240440813722}, "ew_ma": {"trend": "ew_ma", "time_param": 125, "q_params": {"(0, 0.023595906913314174)": 1.0, "(0.023595906913314174, 0.190313090458496)": 0.9985277591071671, "(0.190313090458496, 0.562486669098962)": 0.9985270280134636, "(0.562486669098962, 0.5838101476484564)": 0.9985235885867116, "(0.5838101476484564, 0.6076344885300956)": 0.9985047784298254, "(0.6076344885300956, 0.617502242859047)": 0.9968351001687329, "(0.617502242859047, 0.6302287697284238)": 0.8302501253975374, "(0.6302287697284238, 0.6443205495138447)": 0.5916449774397878, "(0.6443205495138447, 0.6961266522467422)": 0.5526486438804991, "(0.6961266522467422, 1.0)": 0.5504393167671361}, "best_return": 24.110705744737242, "pct": 0.9985270280134636}, "rel_minmax": {"time_param": 51, "trend": "rel_minmax", "q_params": {"(0, 0.2800597868247111)": 0.9999764371507377, "(0.2800597868247111, 0.28900361842600236)": 0.9847778509237308, "(0.28900361842600236, 0.4605377962349241)": 0.9846810057242181, "(0.4605377962349241, 0.5691060195676292)": 0.41247544447081835, "(0.5691060195676292, 0.5847372018957608)": 0.39044734130560754, "(0.5847372018957608, 0.8643893017527755)": 0.39031123360870423, "(0.8643893017527755, 0.8819943687006793)": 0.3886857444466174, "(0.8819943687006793, 0.8891066237783659)": 0.35158617054428837, "(0.8891066237783659, 0.9374798866175696)": 0.3475009481959225, "(0.9374798866175696, 1.0)": 0.3422991875948193}, "pct": 0.3422991875948193, "best_return": 31.903843106220712}, "ew_rel_minmax": {"time_param": 567, "trend": "ew_rel_minmax", "q_params": {"(0, 0.208698982896641)": 0.9995465744200742, "(0.208698982896641, 0.40508993585505215)": 0.9981014701070505, "(0.40508993585505215, 0.5097724307863015)": 0.890631353605492, "(0.5097724307863015, 0.5115486198690529)": 0.7327547935869515, "(0.5115486198690529, 0.528063623598968)": 0.7303651137650616, "(0.528063623598968, 0.5408808628948784)": 0.7009028941026534, "(0.5408808628948784, 0.5409281664842641)": 0.33112967950567934, "(0.5409281664842641, 0.5531730514150485)": 0.313196424865023, "(0.5531730514150485, 0.6246343191009688)": 0.31087267734115476, "(0.6246343191009688, 1.0)": 0.3104590973460598}, "best_return": 34.377838066865586, "pct": 0.3104590973460598}}