{"ma": {"time_param": 298, "trend": "ma", "q_params": {"(0, 0.23500641786240017)": 0.9821235026522851, "(0.23500641786240017, 0.5176286121131007)": 0.9450527300406812, "(0.5176286121131007, 0.5333337669871411)": 0.8249231193100776, "(0.5333337669871411, 0.5876223362041938)": 0.7254344715536443, "(0.5876223362041938, 0.631135876547016)": 0.605839154954189, "(0.631135876547016, 0.6549758557304737)": 0.42379232149045265, "(0.6549758557304737, 0.8022018813604659)": 0.297437743105366, "(0.8022018813604659, 0.9297029600672032)": 0.2972920956261728, "(0.9297029600672032, 0.9477313761757177)": 0.18522887420735334, "(0.9477313761757177, 1.0)": 0.14390689770684528}, "pct": 0.9821235026522851, "best_return": 14.251371241224062}, "ew_ma": {"trend": "ew_ma", "time_param": 125, "q_params": {"(0, 0.03922072211001903)": 0.9995766764786914, "(0.03922072211001903, 0.1735870856370357)": 0.999122198347652, "(0.1735870856370357, 0.4076660953481713)": 0.9974484417389834, "(0.4076660953481713, 0.4604390175247429)": 0.9966937279813916, "(0.4604390175247429, 0.5870752046692733)": 0.9863152010207894, "(0.5870752046692733, 0.5980879331012456)": 0.9140189444845417, "(0.5980879331012456, 0.6335297117440716)": 0.8377434611935255, "(0.6335297117440716, 0.6865392476252549)": 0.6256460016904969, "(0.6865392476252549, 0.902700642889708)": 0.5634894355779926, "(0.902700642889708, 1.0)": 0.4825656835358739}, "best_return": 13.870002516812436, "pct": 0.9974484417389834}, "rel_minmax": {"time_param": 1050, "trend": "rel_minmax", "q_params": {"(0, 0.2906385897988205)": 0.9738969042440595, "(0.2906385897988205, 0.3710707973131695)": 0.9633111645558544, "(0.3710707973131695, 0.3957255950241264)": 0.8735556407344442, "(0.3957255950241264, 0.4131110496693079)": 0.6049129729160686, "(0.4131110496693079, 0.4845157926938117)": 0.4108526315253318, "(0.4845157926938117, 0.5092462817979089)": 0.38637761354657374, "(0.5092462817979089, 0.6021182171771569)": 0.3484649717817866, "(0.6021182171771569, 0.6776590616221503)": 0.2882433406827144, "(0.6776590616221503, 0.9432201846178885)": 0.27672099858837457, "(0.9432201846178885, 1.0)": 0.25795021778870675}, "pct": 0.25795021778870675, "best_return": 12.860846405652312}, "ew_rel_minmax": {"time_param": 951, "trend": "ew_rel_minmax", "q_params": {"(0, 0.07358174455538734)": 0.9580797552635881, "(0.07358174455538734, 0.12449129204083681)": 0.9027359492548009, "(0.12449129204083681, 0.13457628005762334)": 0.8661687011548459, "(0.13457628005762334, 0.2671620583905155)": 0.7833396815935681, "(0.2671620583905155, 0.3181412084929117)": 0.7799747589916769, "(0.3181412084929117, 0.555588757108127)": 0.7435366884957293, "(0.555588757108127, 0.6131078172781705)": 0.6836590239095476, "(0.6131078172781705, 0.8387648396888623)": 0.5591660265918124, "(0.8387648396888623, 0.9639521439767923)": 0.5515459579727299, "(0.9639521439767923, 1.0)": 0.3599080770322933}, "pct": 0.3599080770322933, "best_return": 13.503110404092823}}