{"ma": {"time_param": 298, "trend": "ma", "q_params": {"(0, 0.34176395056433323)": 0.9953201774928543, "(0.34176395056433323, 0.5221960377093889)": 0.9911055388497247, "(0.5221960377093889, 0.5420388871431051)": 0.8775400170826008, "(0.5420388871431051, 0.5876223362041938)": 0.7374811358607154, "(0.5876223362041938, 0.6139179249850613)": 0.5954453076890893, "(0.6139179249850613, 0.6549758557304737)": 0.48964207299355855, "(0.6549758557304737, 0.7607859180544043)": 0.297437743105366, "(0.7607859180544043, 0.9338967587228925)": 0.2972920956261728, "(0.9338967587228925, 0.9477313761757177)": 0.205640269104607, "(0.9477313761757177, 1.0)": 0.1283740407435554}, "pct": 0.9911055388497247, "best_return": 21.018534728780274}, "ew_ma": {"time_param": 1207, "trend": "ew_ma", "q_params": {"(0, 0.09646153442049502)": 0.9995614496359818, "(0.09646153442049502, 0.32855020680175884)": 0.8718461511971831, "(0.32855020680175884, 0.349114889225028)": 0.8412548444366669, "(0.349114889225028, 0.4697546131554595)": 0.8130718156970238, "(0.4697546131554595, 0.9279510388178844)": 0.8078342846769664, "(0.9279510388178844, 0.9465072004215468)": 0.7542902264643756, "(0.9465072004215468, 0.9699069749999837)": 0.49251538897004205, "(0.9699069749999837, 0.9872954283073654)": 0.3017905863422263, "(0.9872954283073654, 0.9909018079398824)": 0.25245131380415614, "(0.9909018079398824, 1.0)": 0.08738617924433996}, "pct": 0.8078342846769664, "best_return": 15.400601681463453}, "rel_minmax": {"time_param": 375, "trend": "rel_minmax", "q_params": {"(0, 0.20064954441679872)": 0.9958772218600259, "(0.20064954441679872, 0.24524211992521083)": 0.9523743509855507, "(0.24524211992521083, 0.3092415683737115)": 0.8843644232290433, "(0.3092415683737115, 0.5273943306966682)": 0.855961112342672, "(0.5273943306966682, 0.5910071400097817)": 0.8008990829687778, "(0.5910071400097817, 0.6124322391140702)": 0.6613582350921771, "(0.6124322391140702, 0.8719693153011351)": 0.6451118661946099, "(0.8719693153011351, 0.9594425186738684)": 0.5450983520136714, "(0.9594425186738684, 0.9635946327629447)": 0.4111066330597995, "(0.9635946327629447, 1.0)": 0.1841034242353452}, "pct": 0.1841034242353452, "best_return": 16.835578862127246}, "ew_rel_minmax": {"time_param": 553, "trend": "ew_rel_minmax", "q_params": {"(0, 0.18498793182364995)": 0.9764372760387324, "(0.18498793182364995, 0.22502139902405865)": 0.9437407182992463, "(0.22502139902405865, 0.41921913689356544)": 0.8277461829400125, "(0.41921913689356544, 0.5100298550742925)": 0.7113323131766818, "(0.5100298550742925, 0.5131880310409427)": 0.699441983504244, "(0.5131880310409427, 0.5704229389163312)": 0.5463910148337541, "(0.5704229389163312, 0.854831462427099)": 0.5094887882998834, "(0.854831462427099, 0.977371050584682)": 0.49024959340433794, "(0.977371050584682, 0.9775099140238003)": 0.364556939186255, "(0.9775099140238003, 1.0)": 0.05460043315414308}, "pct": 0.05460043315414308, "best_return": 18.223393156320583}}