{"ma": {"trend": "ma", "time_param": 125, "q_params": {"(0.0, 0.0026504870298068167)": 0.9998783708737543, "(0.0026504870298068167, 0.28745556132136)": 0.9976240440813722, "(0.28745556132136, 0.44856970040640864)": 0.9976185617843104, "(0.44856970040640864, 0.4920201877307506)": 0.9976172145869585, "(0.4920201877307506, 0.5234597291419593)": 0.9975274792063067, "(0.5234597291419593, 0.5434486490768385)": 0.9940096092960373, "(0.5434486490768385, 0.7210501526697931)": 0.9939426902963313, "(0.7210501526697931, 0.9173808218773326)": 0.9939405448764719, "(0.9173808218773326, 0.9411731375782977)": 0.9929789494151251, "(0.9411731375782977, 1.0)": 0.005142003176401266}, "best_return": 13.999078625595509, "pct": 1}, "ew_ma": {"trend": "ew_ma", "time_param": 125, "q_params": {"(0, 0.02708577926729301)": 0.9986180490270354, "(0.02708577926729301, 0.18274199947909786)": 0.9985443098994156, "(0.18274199947909786, 0.5406309549823164)": 0.9985271288200009, "(0.5406309549823164, 0.5838101476484564)": 0.9985089410948218, "(0.5838101476484564, 0.5840271549679382)": 0.9985047784298254, "(0.5840271549679382, 0.6012483597972841)": 0.9675718698830699, "(0.6012483597972841, 0.6385123025426621)": 0.8270694110641515, "(0.6385123025426621, 0.6747882926351136)": 0.5945760774300033, "(0.6747882926351136, 0.9373069707202208)": 0.5526486438804991, "(0.9373069707202208, 1.0)": 0.543382642614365}, "best_return": 14.972137289464992, "pct": 0.9985271288200009}, "rel_minmax": {"time_param": 51, "trend": "rel_minmax", "q_params": {"(0, 0.016373697799242515)": 0.9896754214853147, "(0.016373697799242515, 0.2676738585615112)": 0.9847778509237308, "(0.2676738585615112, 0.45671488873339167)": 0.9610198366374505, "(0.45671488873339167, 0.519955026525066)": 0.41508284604833784, "(0.519955026525066, 0.5947414670019493)": 0.40120575644093515, "(0.5947414670019493, 0.8544913957828371)": 0.39538747485909437, "(0.8544913957828371, 0.8819943687006793)": 0.3589275455952393, "(0.8819943687006793, 0.9129801981105357)": 0.35163087410113364, "(0.9129801981105357, 0.9341297927372824)": 0.3483380260828779, "(0.9341297927372824, 1.0)": 0.3422991875948193}, "pct": 0.3422991875948193, "best_return": 19.064413429800506}, "ew_rel_minmax": {"time_param": 567, "trend": "ew_rel_minmax", "q_params": {"(0.0, 0.208698982896641)": 0.9995465744200742, "(0.208698982896641, 0.40508993585505215)": 0.9981014701070505, "(0.40508993585505215, 0.5097724307863015)": 0.890631353605492, "(0.5097724307863015, 0.5115486198690529)": 0.7327547935869515, "(0.5115486198690529, 0.528063623598968)": 0.7303651137650616, "(0.528063623598968, 0.5408808628948784)": 0.7009028941026534, "(0.5408808628948784, 0.5409281664842641)": 0.33112967950567934, "(0.5409281664842641, 0.5531730514150485)": 0.313196424865023, "(0.5531730514150485, 0.6246343191009688)": 0.31087267734115476, "(0.6246343191009688, 1.0)": 0.3104590973460598}, "best_return": 13.999078625595509, "pct": 1}}