{"ma": {"trend": "ma", "time_param": 125, "q_params": {"(0, 0.010754751208447242)": 0.9991565943969858, "(0.010754751208447242, 0.29561872075949125)": 0.9977492500236123, "(0.29561872075949125, 0.42342822714545714)": 0.9976197864196859, "(0.42342822714545714, 0.502654716981872)": 0.997603913601636, "(0.502654716981872, 0.525175123244)": 0.9972515336187422, "(0.525175123244, 0.5712814604251324)": 0.9945676558653611, "(0.5712814604251324, 0.7135811680798919)": 0.9897573671654736, "(0.7135811680798919, 0.9077247496482121)": 0.98208323764763, "(0.9077247496482121, 0.9192652167815067)": 0.9816914242103905, "(0.9192652167815067, 1.0)": 0.051531606252991746}, "best_return": 13.923326443916702, "pct": 0.9977492500236123}, "ew_ma": {"trend": "ew_ma", "time_param": 125, "q_params": {"(0, 0.04761816713802543)": 0.9995766764786914, "(0.04761816713802543, 0.1735870856370357)": 0.999122198347652, "(0.1735870856370357, 0.41364745126354446)": 0.9975197625847043, "(0.41364745126354446, 0.5866834756327564)": 0.9877087413784352, "(0.5866834756327564, 0.5870752046692733)": 0.9863152010207894, "(0.5870752046692733, 0.5974510379722492)": 0.9137988737831421, "(0.5974510379722492, 0.6349008312722247)": 0.8318900785750944, "(0.6349008312722247, 0.6986114507039215)": 0.6369471629222607, "(0.6986114507039215, 0.902700642889708)": 0.5493343658618308, "(0.902700642889708, 1.0)": 0.4509423159597739}, "best_return": 13.999594823461056, "pct": 0.9975197625847043}, "rel_minmax": {"time_param": 736, "trend": "rel_minmax", "q_params": {"(0, 0.24561824084980577)": 0.8477677995176873, "(0.24561824084980577, 0.30181675043668477)": 0.8056303177312932, "(0.30181675043668477, 0.31726804259963926)": 0.7469631947896476, "(0.31726804259963926, 0.39295142879097594)": 0.7093988450778487, "(0.39295142879097594, 0.4152829769215853)": 0.7064624140614303, "(0.4152829769215853, 0.4833120045609428)": 0.5222449120479993, "(0.4833120045609428, 0.6423934318782174)": 0.35437442642491046, "(0.6423934318782174, 0.9502636095791104)": 0.22905144408232714, "(0.9502636095791104, 0.9943233171463053)": 0.025674523564999767, "(0.9943233171463053, 1)": 0.022022661564667256}, "pct": 0.022022661564667256, "best_return": 13.383122422254843}, "ew_rel_minmax": {"time_param": 567, "trend": "ew_rel_minmax", "q_params": {"(0, 0.20741998660276237)": 0.9991388988099625, "(0.20741998660276237, 0.40140729311086526)": 0.9776375437395575, "(0.40140729311086526, 0.47778819742293527)": 0.8962320532077244, "(0.47778819742293527, 0.5231811474212219)": 0.774066826700905, "(0.5231811474212219, 0.526592348075838)": 0.7182737478982504, "(0.526592348075838, 0.5355278071386104)": 0.7029716599892221, "(0.5355278071386104, 0.5513136049335705)": 0.3406041237405002, "(0.5513136049335705, 0.553683955847023)": 0.32928475219453696, "(0.553683955847023, 0.6246343191009688)": 0.30229661544772435, "(0.6246343191009688, 1.0)": 0.30042274668454866}, "best_return": 23.45491710597707, "pct": 0.30042274668454866}}