{"ma": {"trend": "ma", "time_param": 123, "q_params": {"(0, 0.12870899034002467)": 0.9997383884332441, "(0.12870899034002467, 0.1978526594799038)": 0.9994462240410799, "(0.1978526594799038, 0.4192040316712872)": 0.9993965292004264, "(0.4192040316712872, 0.5054157719441917)": 0.9990752929964998, "(0.5054157719441917, 0.5946753295960581)": 0.9979325805911299, "(0.5946753295960581, 0.7011340528039655)": 0.9971908065006115, "(0.7011340528039655, 0.730602971033994)": 0.9908689448231162, "(0.730602971033994, 0.7894452589559335)": 0.9682285366184407, "(0.7894452589559335, 0.9938343330240288)": 0.9626848983664992, "(0.9938343330240288, 1.0)": 0.17946660441727277}, "pct": 0.9993965292004264, "best_return": 12.277167982096579}, "ew_ma": {"trend": "ew_ma", "time_param": 123, "q_params": {"(0, 0.23168307237855473)": 0.9993581894914219, "(0.23168307237855473, 0.2579377760691399)": 0.997964148172653, "(0.2579377760691399, 0.510690254718379)": 0.9979204654093008, "(0.510690254718379, 0.6662682244781561)": 0.9977889753106758, "(0.6662682244781561, 0.6741996283880349)": 0.9971149025555196, "(0.6741996283880349, 0.6902162829456042)": 0.9884522259011297, "(0.6902162829456042, 0.7931685956718916)": 0.9882442680433878, "(0.7931685956718916, 0.8157541695023229)": 0.8568194110484042, "(0.8157541695023229, 0.8673402061732514)": 0.0847750656782075, "(0.8673402061732514, 1.0)": 0.011340856473732628}, "pct": 0.9979204654093008, "best_return": 15.618558792573756}, "rel_minmax": {"trend": "rel_minmax", "time_param": 123, "q_params": {"(0.0, 0.2857475595862523)": 1.0, "(0.2857475595862523, 0.39194465910166904)": 0.9994923795695705, "(0.39194465910166904, 0.4029224844409418)": 0.9993934379268672, "(0.4029224844409418, 0.5063980858820728)": 0.9990638566850374, "(0.5063980858820728, 0.5371688862400429)": 0.996005996001, "(0.5371688862400429, 0.5390789291932044)": 0.9960005567680994, "(0.5390789291932044, 0.737730122610872)": 0.9959507096545357, "(0.737730122610872, 0.7923328178884645)": 0.7247650590465657, "(0.7923328178884645, 0.9402847221573177)": 0.6354395799920802, "(0.9402847221573177, 1.0)": 0.05569654267894318}, "pct": 1, "best_return": 11.090318799332174}, "ew_rel_minmax": {"trend": "ew_rel_minmax", "time_param": 123, "q_params": {"(0.0, 0.1217236309239004)": 0.9992660150028182, "(0.1217236309239004, 0.21171177016413564)": 0.9991273411256988, "(0.21171177016413564, 0.2504460311710186)": 0.9991122644951236, "(0.2504460311710186, 0.2872663995718283)": 0.9947599281138477, "(0.2872663995718283, 0.38894672917936984)": 0.9941850072122483, "(0.38894672917936984, 0.7074506041593405)": 0.9902120518949361, "(0.7074506041593405, 0.7385024972605815)": 0.9847201542695463, "(0.7385024972605815, 0.831118814676774)": 0.9303057267782575, "(0.831118814676774, 0.9022034267545478)": 0.8450329882944047, "(0.9022034267545478, 1.0)": 0.8148471352719706}, "pct": 1, "best_return": 11.090318799332174}}