{"ma": {"trend": "ma", "time_param": 123, "q_params": {"(0, 0.13889240058433275)": 0.999702552396684, "(0.13889240058433275, 0.2285188368434843)": 0.9992216581259045, "(0.2285188368434843, 0.4189809810722197)": 0.9987440809069159, "(0.4189809810722197, 0.5082770524762763)": 0.9976518989609597, "(0.5082770524762763, 0.5802623348600973)": 0.9976277764057767, "(0.5802623348600973, 0.6893944413094235)": 0.9970368240059949, "(0.6893944413094235, 0.7423314702220246)": 0.9886972044434706, "(0.7423314702220246, 0.7930917488740713)": 0.9831428864638534, "(0.7930917488740713, 0.9825126707487338)": 0.9602662059308803, "(0.9825126707487338, 1.0)": 0.20584451702187045}, "pct": 0.9987440809069159, "best_return": 13.489577962611289}, "ew_ma": {"trend": "ew_ma", "time_param": 123, "q_params": {"(0, 0.22349343775103933)": 0.9990272757703569, "(0.22349343775103933, 0.25423696439966637)": 0.9989698153590513, "(0.25423696439966637, 0.5183740615304876)": 0.998718740047048, "(0.5183740615304876, 0.6536872173077557)": 0.9973772665816367, "(0.6536872173077557, 0.6679808600589077)": 0.9964920892134778, "(0.6679808600589077, 0.6683945005274093)": 0.9787949762756005, "(0.6683945005274093, 0.8040458312752727)": 0.9709624023662695, "(0.8040458312752727, 0.8190199280467304)": 0.8627247664049726, "(0.8190199280467304, 0.8617805914613542)": 0.04989177509227328, "(0.8617805914613542, 1.0)": 0.03496870578012869}, "pct": 0.998718740047048, "best_return": 17.61953602407377}, "rel_minmax": {"trend": "rel_minmax", "time_param": 123, "q_params": {"(0.0, 0.2857475595862523)": 1.0, "(0.2857475595862523, 0.39194465910166904)": 0.9994923795695705, "(0.39194465910166904, 0.4029224844409418)": 0.9993934379268672, "(0.4029224844409418, 0.5063980858820728)": 0.9990638566850374, "(0.5063980858820728, 0.5371688862400429)": 0.996005996001, "(0.5371688862400429, 0.5390789291932044)": 0.9960005567680994, "(0.5390789291932044, 0.737730122610872)": 0.9959507096545357, "(0.737730122610872, 0.7923328178884645)": 0.7247650590465657, "(0.7923328178884645, 0.9402847221573177)": 0.6354395799920802, "(0.9402847221573177, 1.0)": 0.05569654267894318}, "pct": 1, "best_return": 12.638409908605597}, "ew_rel_minmax": {"trend": "ew_rel_minmax", "time_param": 123, "q_params": {"(0.0, 0.11034058783407909)": 0.9992605054916633, "(0.11034058783407909, 0.20168959591260613)": 0.9991273411256988, "(0.20168959591260613, 0.25754891654487677)": 0.9991122644951236, "(0.25754891654487677, 0.29835306739859174)": 0.9988395777817626, "(0.29835306739859174, 0.37018252953712455)": 0.9976960593012757, "(0.37018252953712455, 0.6969935343664317)": 0.9880310895631723, "(0.6969935343664317, 0.7435705095333965)": 0.9743794897040371, "(0.7435705095333965, 0.819531788805195)": 0.9406047148986642, "(0.819531788805195, 0.8903624043157692)": 0.8450329882944047, "(0.8903624043157692, 1.0)": 0.8378156464917057}, "pct": 1, "best_return": 12.638409908605597}}