{"ma": {"trend": "ma", "time_param": 123, "q_params": {"(0.0, 0.1376331431464716)": 1.0, "(0.1376331431464716, 0.4006167597933039)": 0.9983182111541236, "(0.4006167597933039, 0.41290598374956744)": 0.9982884246416853, "(0.41290598374956744, 0.4721955371883114)": 0.9981796599302902, "(0.4721955371883114, 0.518346336052617)": 0.9975956427106308, "(0.518346336052617, 0.6660533418300274)": 0.9970368240059949, "(0.6660533418300274, 0.7594186036432052)": 0.9933119462682551, "(0.7594186036432052, 0.8025372076610092)": 0.9921286677171529, "(0.8025372076610092, 0.9825595335918492)": 0.9919629232224507, "(0.9825595335918492, 1.0)": 0.9910359161258742}, "pct": 1, "best_return": 13.524138351966595}, "ew_ma": {"trend": "ew_ma", "time_param": 123, "q_params": {"(0, 0.2168065970842009)": 1.0, "(0.2168065970842009, 0.25297991888156796)": 0.9985640150969443, "(0.25297991888156796, 0.4665283884514803)": 0.9981376038625149, "(0.4665283884514803, 0.6473800090218562)": 0.9978203130411737, "(0.6473800090218562, 0.6907285626869055)": 0.9977333809846999, "(0.6907285626869055, 0.7185271860584127)": 0.9974665733639357, "(0.7185271860584127, 0.7282072986474863)": 0.996855861042165, "(0.7282072986474863, 0.7514865083675936)": 0.995944925100393, "(0.7514865083675936, 0.8406817702807068)": 0.8292036720535909, "(0.8406817702807068, 1.0)": 0.021986753172661407}, "pct": 0.9978203130411737, "best_return": 20.14479171801038}, "rel_minmax": {"trend": "rel_minmax", "time_param": 123, "q_params": {"(0.0, 0.2857475595862523)": 1.0, "(0.2857475595862523, 0.39194465910166904)": 0.9994923795695705, "(0.39194465910166904, 0.4029224844409418)": 0.9993934379268672, "(0.4029224844409418, 0.5063980858820728)": 0.9990638566850374, "(0.5063980858820728, 0.5371688862400429)": 0.996005996001, "(0.5371688862400429, 0.5390789291932044)": 0.9960005567680994, "(0.5390789291932044, 0.737730122610872)": 0.9959507096545357, "(0.737730122610872, 0.7923328178884645)": 0.7247650590465657, "(0.7923328178884645, 0.9402847221573177)": 0.6354395799920802, "(0.9402847221573177, 1.0)": 0.05569654267894318}, "pct": 1, "best_return": 13.524138351966595}, "ew_rel_minmax": {"trend": "ew_rel_minmax", "time_param": 123, "q_params": {"(0.0, 0.11030354152566922)": 1.0, "(0.11030354152566922, 0.2001801051059694)": 0.9992917145453775, "(0.2001801051059694, 0.24300598398824833)": 0.9991122644951236, "(0.24300598398824833, 0.27760387226090033)": 0.9988395777817626, "(0.27760387226090033, 0.32282813095294793)": 0.9958341295403026, "(0.32282813095294793, 0.6969935343664317)": 0.99580777415592, "(0.6969935343664317, 0.7757297184847856)": 0.9954867038911788, "(0.7757297184847856, 0.78927337485345)": 0.9933967724898152, "(0.78927337485345, 0.8917039515520073)": 0.8450329882944047, "(0.8917039515520073, 1.0)": 0.8178279563465711}, "pct": 1, "best_return": 13.524138351966595}}