{"ma": {"trend": "ma", "time_param": 123, "q_params": {"(0, 0.1376331431464716)": 1.0, "(0.1376331431464716, 0.4006167597933039)": 0.9983182111541236, "(0.4006167597933039, 0.41290598374956744)": 0.9982884246416853, "(0.41290598374956744, 0.4721955371883114)": 0.9981796599302902, "(0.4721955371883114, 0.518346336052617)": 0.9975956427106308, "(0.518346336052617, 0.6660533418300274)": 0.9970368240059949, "(0.6660533418300274, 0.7594186036432052)": 0.9933119462682551, "(0.7594186036432052, 0.8025372076610092)": 0.9921286677171529, "(0.8025372076610092, 0.9825595335918492)": 0.9919629232224507, "(0.9825595335918492, 1.0)": 0.9910359161258742}, "pct": 0.9983182111541236, "best_return": 11.525790307895274}, "ew_ma": {"trend": "ew_ma", "time_param": 123, "q_params": {"(0, 0.1779079683144473)": 1.0, "(0.1779079683144473, 0.24774168406522937)": 0.9985640150969443, "(0.24774168406522937, 0.44713241500446077)": 0.998488460420286, "(0.44713241500446077, 0.6473800090218562)": 0.9978203130411737, "(0.6473800090218562, 0.6595530740209298)": 0.9974632598152229, "(0.6595530740209298, 0.6984954778698127)": 0.9974166848231459, "(0.6984954778698127, 0.7550864373362272)": 0.996855861042165, "(0.7550864373362272, 0.7582217999425087)": 0.995944925100393, "(0.7582217999425087, 0.856071284384592)": 0.8292036720535909, "(0.856071284384592, 1.0)": 0.020119220871034654}, "pct": 0.9978203130411737, "best_return": 16.93639750828372}, "rel_minmax": {"trend": "rel_minmax", "time_param": 123, "q_params": {"(0, 0.2857475595862523)": 1.0, "(0.2857475595862523, 0.39194465910166904)": 0.9994923795695705, "(0.39194465910166904, 0.4029224844409418)": 0.9993934379268672, "(0.4029224844409418, 0.5063980858820728)": 0.9990638566850374, "(0.5063980858820728, 0.5371688862400429)": 0.996005996001, "(0.5371688862400429, 0.5390789291932044)": 0.9960005567680994, "(0.5390789291932044, 0.737730122610872)": 0.9959507096545357, "(0.737730122610872, 0.7923328178884645)": 0.7247650590465657, "(0.7923328178884645, 0.9402847221573177)": 0.6354395799920802, "(0.9402847221573177, 1.0)": 0.05569654267894318}, "pct": 0.05569654267894318, "best_return": 12.674671248217209}, "ew_rel_minmax": {"trend": "ew_rel_minmax", "time_param": 123, "q_params": {"(0, 0.11030354152566922)": 1.0, "(0.11030354152566922, 0.2001801051059694)": 0.9992917145453775, "(0.2001801051059694, 0.24300598398824833)": 0.9991122644951236, "(0.24300598398824833, 0.27760387226090033)": 0.9988395777817626, "(0.27760387226090033, 0.32282813095294793)": 0.9958341295403026, "(0.32282813095294793, 0.6969935343664317)": 0.99580777415592, "(0.6969935343664317, 0.7757297184847856)": 0.9954867038911788, "(0.7757297184847856, 0.78927337485345)": 0.9933967724898152, "(0.78927337485345, 0.8917039515520073)": 0.8450329882944047, "(0.8917039515520073, 1.0)": 0.8178279563465711}, "pct": 0.8178279563465711, "best_return": 12.664075085219661}}