{"ma": {"trend": "ma", "time_param": 123, "q_params": {"(0.0, 0.1376331431464716)": 1.0, "(0.1376331431464716, 0.4006167597933039)": 0.9983182111541236, "(0.4006167597933039, 0.41290598374956744)": 0.9982884246416853, "(0.41290598374956744, 0.4721955371883114)": 0.9981796599302902, "(0.4721955371883114, 0.518346336052617)": 0.9975956427106308, "(0.518346336052617, 0.6660533418300274)": 0.9970368240059949, "(0.6660533418300274, 0.7594186036432052)": 0.9933119462682551, "(0.7594186036432052, 0.8025372076610092)": 0.9921286677171529, "(0.8025372076610092, 0.9825595335918492)": 0.9919629232224507, "(0.9825595335918492, 1.0)": 0.9910359161258742}, "pct": 1, "best_return": 12.712806947673927}, "ew_ma": {"trend": "ew_ma", "time_param": 123, "q_params": {"(0, 0.20834756563759116)": 0.9990996544002112, "(0.20834756563759116, 0.2424826979129402)": 0.9988250705195405, "(0.2424826979129402, 0.5136250006286178)": 0.9981376038625149, "(0.5136250006286178, 0.650840181380008)": 0.9979218017343672, "(0.650840181380008, 0.6818068378768583)": 0.9977333809846999, "(0.6818068378768583, 0.6831174006929682)": 0.9970397532733168, "(0.6831174006929682, 0.7154434276326607)": 0.9646070990142279, "(0.7154434276326607, 0.8076085294336847)": 0.8610189143944063, "(0.8076085294336847, 0.8422269202561822)": 0.8509418136051679, "(0.8422269202561822, 1.0)": 0.006077119102490313}, "pct": 0.9981376038625149, "best_return": 18.714775987642142}, "rel_minmax": {"trend": "rel_minmax", "time_param": 123, "q_params": {"(0.0, 0.2857475595862523)": 1.0, "(0.2857475595862523, 0.39194465910166904)": 0.9994923795695705, "(0.39194465910166904, 0.4029224844409418)": 0.9993934379268672, "(0.4029224844409418, 0.5063980858820728)": 0.9990638566850374, "(0.5063980858820728, 0.5371688862400429)": 0.996005996001, "(0.5371688862400429, 0.5390789291932044)": 0.9960005567680994, "(0.5390789291932044, 0.737730122610872)": 0.9959507096545357, "(0.737730122610872, 0.7923328178884645)": 0.7247650590465657, "(0.7923328178884645, 0.9402847221573177)": 0.6354395799920802, "(0.9402847221573177, 1.0)": 0.05569654267894318}, "pct": 1, "best_return": 12.712806947673927}, "ew_rel_minmax": {"trend": "ew_rel_minmax", "time_param": 123, "q_params": {"(0.0, 0.11030354152566922)": 1.0, "(0.11030354152566922, 0.2001801051059694)": 0.9992917145453775, "(0.2001801051059694, 0.24300598398824833)": 0.9991122644951236, "(0.24300598398824833, 0.27760387226090033)": 0.9988395777817626, "(0.27760387226090033, 0.32282813095294793)": 0.9958341295403026, "(0.32282813095294793, 0.6969935343664317)": 0.99580777415592, "(0.6969935343664317, 0.7757297184847856)": 0.9954867038911788, "(0.7757297184847856, 0.78927337485345)": 0.9933967724898152, "(0.78927337485345, 0.8917039515520073)": 0.8450329882944047, "(0.8917039515520073, 1.0)": 0.8178279563465711}, "pct": 1, "best_return": 12.712806947673927}}