{"ma": {"trend": "ma", "time_param": 123, "q_params": {"(0, 0.1309416236157018)": 0.9997383884332441, "(0.1309416236157018, 0.20459219182026803)": 0.9994462240410799, "(0.20459219182026803, 0.4192040316712872)": 0.9993965292004264, "(0.4192040316712872, 0.5054157719441917)": 0.9975765785884996, "(0.5054157719441917, 0.5946753295960581)": 0.997559118701208, "(0.5946753295960581, 0.6981166042536078)": 0.9971908065006115, "(0.6981166042536078, 0.7423314702220246)": 0.9900378161767888, "(0.7423314702220246, 0.7576142545379809)": 0.9706357116724513, "(0.7576142545379809, 0.9938343330240288)": 0.9626848983664992, "(0.9938343330240288, 1.0)": 0.19512113389271846}, "pct": 0.9993965292004264, "best_return": 13.530184456206204}, "ew_ma": {"trend": "ew_ma", "time_param": 123, "q_params": {"(0, 0.23352266773782063)": 0.9993581894914219, "(0.23352266773782063, 0.25423696439966637)": 0.9989698153590513, "(0.25423696439966637, 0.510690254718379)": 0.9979204654093008, "(0.510690254718379, 0.65781840031712)": 0.9974740892189963, "(0.65781840031712, 0.666570732731079)": 0.9971149025555196, "(0.666570732731079, 0.6840694233532674)": 0.9884522259011297, "(0.6840694233532674, 0.7957697191601408)": 0.9882442680433878, "(0.7957697191601408, 0.8157541695023229)": 0.8568194110484042, "(0.8157541695023229, 0.8673402061732514)": 0.07464647788891264, "(0.8673402061732514, 1.0)": 0.014441679684134161}, "pct": 0.9979204654093008, "best_return": 17.571776482310174}, "rel_minmax": {"trend": "rel_minmax", "time_param": 123, "q_params": {"(0.0, 0.2857475595862523)": 1.0, "(0.2857475595862523, 0.39194465910166904)": 0.9994923795695705, "(0.39194465910166904, 0.4029224844409418)": 0.9993934379268672, "(0.4029224844409418, 0.5063980858820728)": 0.9990638566850374, "(0.5063980858820728, 0.5371688862400429)": 0.996005996001, "(0.5371688862400429, 0.5390789291932044)": 0.9960005567680994, "(0.5390789291932044, 0.737730122610872)": 0.9959507096545357, "(0.737730122610872, 0.7923328178884645)": 0.7247650590465657, "(0.7923328178884645, 0.9402847221573177)": 0.6354395799920802, "(0.9402847221573177, 1.0)": 0.05569654267894318}, "pct": 1, "best_return": 11.846232215883385}, "ew_rel_minmax": {"trend": "ew_rel_minmax", "time_param": 123, "q_params": {"(0, 0.1217236309239004)": 0.9992605054916633, "(0.1217236309239004, 0.21171177016413564)": 0.9991273411256988, "(0.21171177016413564, 0.2504460311710186)": 0.9991122644951236, "(0.2504460311710186, 0.2872663995718283)": 0.9983770361918324, "(0.2872663995718283, 0.38894672917936984)": 0.9941850072122483, "(0.38894672917936984, 0.7051700466313563)": 0.9902120518949361, "(0.7051700466313563, 0.7385024972605815)": 0.9847201542695463, "(0.7385024972605815, 0.831118814676774)": 0.9303057267782575, "(0.831118814676774, 0.8903624043157692)": 0.8450329882944047, "(0.8903624043157692, 1.0)": 0.8148471352719706}, "pct": 0.8148471352719706, "best_return": 12.083948789130181}}