{"ma": {"trend": "ma", "time_param": 123, "q_params": {"(0, 0.13889240058433275)": 0.999702552396684, "(0.13889240058433275, 0.21239513212988798)": 0.9994961960663868, "(0.21239513212988798, 0.4055122592535313)": 0.9987440809069159, "(0.4055122592535313, 0.5082770524762763)": 0.9975765785884996, "(0.5082770524762763, 0.5802623348600973)": 0.997559118701208, "(0.5802623348600973, 0.6981166042536078)": 0.9970368240059949, "(0.6981166042536078, 0.7423314702220246)": 0.9886972044434706, "(0.7423314702220246, 0.7779393508207166)": 0.9831428864638534, "(0.7779393508207166, 0.9825126707487338)": 0.9602662059308803, "(0.9825126707487338, 1.0)": 0.20584451702187045}, "pct": 0.9987440809069159, "best_return": 13.000624945281295}, "ew_ma": {"trend": "ew_ma", "time_param": 123, "q_params": {"(0, 0.22349343775103933)": 0.9990272757703569, "(0.22349343775103933, 0.25423696439966637)": 0.9989698153590513, "(0.25423696439966637, 0.510690254718379)": 0.997944505201123, "(0.510690254718379, 0.6627337546375697)": 0.9973772665816367, "(0.6627337546375697, 0.666570732731079)": 0.9963945406804542, "(0.666570732731079, 0.6773366773111734)": 0.995991900092957, "(0.6773366773111734, 0.7957697191601408)": 0.987727825303949, "(0.7957697191601408, 0.8190199280467304)": 0.8568194110484042, "(0.8190199280467304, 0.8617805914613542)": 0.06593931145089887, "(0.8617805914613542, 1.0)": 0.03669298952191888}, "pct": 0.997944505201123, "best_return": 17.198077974864233}, "rel_minmax": {"trend": "rel_minmax", "time_param": 123, "q_params": {"(0.0, 0.2857475595862523)": 1.0, "(0.2857475595862523, 0.39194465910166904)": 0.9994923795695705, "(0.39194465910166904, 0.4029224844409418)": 0.9993934379268672, "(0.4029224844409418, 0.5063980858820728)": 0.9990638566850374, "(0.5063980858820728, 0.5371688862400429)": 0.996005996001, "(0.5371688862400429, 0.5390789291932044)": 0.9960005567680994, "(0.5390789291932044, 0.737730122610872)": 0.9959507096545357, "(0.737730122610872, 0.7923328178884645)": 0.7247650590465657, "(0.7923328178884645, 0.9402847221573177)": 0.6354395799920802, "(0.9402847221573177, 1.0)": 0.05569654267894318}, "pct": 1, "best_return": 12.268173615828804}, "ew_rel_minmax": {"trend": "ew_rel_minmax", "time_param": 123, "q_params": {"(0.0, 0.11034058783407909)": 0.9992605054916633, "(0.11034058783407909, 0.20168959591260613)": 0.9991273411256988, "(0.20168959591260613, 0.25754891654487677)": 0.9991122644951236, "(0.25754891654487677, 0.29835306739859174)": 0.9988395777817626, "(0.29835306739859174, 0.37018252953712455)": 0.9976960593012757, "(0.37018252953712455, 0.6969935343664317)": 0.9880310895631723, "(0.6969935343664317, 0.7435705095333965)": 0.9743794897040371, "(0.7435705095333965, 0.819531788805195)": 0.9406047148986642, "(0.819531788805195, 0.8903624043157692)": 0.8450329882944047, "(0.8903624043157692, 1.0)": 0.8378156464917057}, "pct": 1, "best_return": 12.268173615828804}}