{"ma": {"trend": "ma", "time_param": 123, "q_params": {"(0, 0.13889240058433275)": 0.999702552396684, "(0.13889240058433275, 0.2285188368434843)": 0.9992216581259045, "(0.2285188368434843, 0.4189809810722197)": 0.9982736967166271, "(0.4189809810722197, 0.5082770524762763)": 0.9979559497105666, "(0.5082770524762763, 0.5802623348600973)": 0.9976277764057767, "(0.5802623348600973, 0.6943993717025484)": 0.9970368240059949, "(0.6943993717025484, 0.7438246514697929)": 0.9939888212591179, "(0.7438246514697929, 0.8067002182111362)": 0.9781252902775364, "(0.8067002182111362, 0.9806210145008493)": 0.9656006522010183, "(0.9806210145008493, 1.0)": 0.1906412682614627}, "pct": 0.9982736967166271, "best_return": 14.528137770863921}, "ew_ma": {"trend": "ew_ma", "time_param": 123, "q_params": {"(0, 0.22349343775103933)": 0.9990272757703569, "(0.22349343775103933, 0.2514156652231055)": 0.9988250705195405, "(0.2514156652231055, 0.5316214519072137)": 0.998718740047048, "(0.5316214519072137, 0.6536872173077557)": 0.9973772665816367, "(0.6536872173077557, 0.6679808600589077)": 0.9970977008980093, "(0.6679808600589077, 0.6683945005274093)": 0.9920555345757854, "(0.6683945005274093, 0.671313822438208)": 0.9705384912554152, "(0.671313822438208, 0.8190199280467304)": 0.8627247664049726, "(0.8190199280467304, 0.8513601305304616)": 0.07133345220706437, "(0.8513601305304616, 1.0)": 0.01632783774190203}, "pct": 0.998718740047048, "best_return": 16.387579081832918}, "rel_minmax": {"trend": "rel_minmax", "time_param": 123, "q_params": {"(0.0, 0.2857475595862523)": 1.0, "(0.2857475595862523, 0.39194465910166904)": 0.9994923795695705, "(0.39194465910166904, 0.4029224844409418)": 0.9993934379268672, "(0.4029224844409418, 0.5063980858820728)": 0.9990638566850374, "(0.5063980858820728, 0.5371688862400429)": 0.996005996001, "(0.5371688862400429, 0.5390789291932044)": 0.9960005567680994, "(0.5390789291932044, 0.737730122610872)": 0.9959507096545357, "(0.737730122610872, 0.7923328178884645)": 0.7247650590465657, "(0.7923328178884645, 0.9402847221573177)": 0.6354395799920802, "(0.9402847221573177, 1.0)": 0.05569654267894318}, "pct": 1, "best_return": 12.50900782632792}, "ew_rel_minmax": {"trend": "ew_rel_minmax", "time_param": 123, "q_params": {"(0, 0.11034058783407909)": 0.9992605054916633, "(0.11034058783407909, 0.20168959591260613)": 0.9991273411256988, "(0.20168959591260613, 0.25754891654487677)": 0.9991122644951236, "(0.25754891654487677, 0.29835306739859174)": 0.9988395777817626, "(0.29835306739859174, 0.37018252953712455)": 0.9976960593012757, "(0.37018252953712455, 0.6969935343664317)": 0.9880310895631723, "(0.6969935343664317, 0.7435705095333965)": 0.9743794897040371, "(0.7435705095333965, 0.819531788805195)": 0.9406047148986642, "(0.819531788805195, 0.8903624043157692)": 0.8450329882944047, "(0.8903624043157692, 1.0)": 0.8378156464917057}, "pct": 0.8378156464917057, "best_return": 12.689742834004498}}