{"ma": {"time_param": 285, "trend": "ma", "q_params": {"(0, 0.02042142091632793)": 0.9564542253347436, "(0.02042142091632793, 0.03168735840444914)": 0.9041224367559032, "(0.03168735840444914, 0.2687053742742459)": 0.862185877455194, "(0.2687053742742459, 0.4015340758687834)": 0.765759840752363, "(0.4015340758687834, 0.5151149341831043)": 0.759030854225645, "(0.5151149341831043, 0.5187274754859593)": 0.49199106355579647, "(0.5187274754859593, 0.5339516215326073)": 0.42260058471434125, "(0.5339516215326073, 0.6800385737123019)": 0.3728729591921604, "(0.6800385737123019, 0.9908872354160785)": 0.3725719646748965, "(0.9908872354160785, 1.0)": 0.2295658767409272}, "pct": 0.3728729591921604, "best_return": 2.1208976568705684}, "ew_ma": {"time_param": 257, "trend": "ew_ma", "q_params": {"(0, 0.017218687222473106)": 0.9531750540633536, "(0.017218687222473106, 0.3534044768968402)": 0.8613276384415097, "(0.3534044768968402, 0.4863792782329587)": 0.755802716251658, "(0.4863792782329587, 0.500568302385845)": 0.6837904741241287, "(0.500568302385845, 0.626922304325812)": 0.6658260928549129, "(0.626922304325812, 0.780412371377381)": 0.589397676276561, "(0.780412371377381, 0.7872079585577069)": 0.49982032525257547, "(0.7872079585577069, 0.92443585872286)": 0.460993345858512, "(0.92443585872286, 0.9618130118962055)": 0.3976473324650617, "(0.9618130118962055, 1)": 0.07619036693053083}, "pct": 0.460993345858512, "best_return": 1.893632183875924}, "rel_minmax": {"time_param": 19, "trend": "rel_minmax", "q_params": {"(0, 0.07772754757773348)": 0.9278266810149148, "(0.07772754757773348, 0.16750596633459913)": 0.8956714581686092, "(0.16750596633459913, 0.3426016074893167)": 0.8307883744262903, "(0.3426016074893167, 0.3678468095751285)": 0.7566419476358075, "(0.3678468095751285, 0.38540048194232257)": 0.4686998596325036, "(0.38540048194232257, 0.5911603228545966)": 0.3837009809348225, "(0.5911603228545966, 0.6878175396534512)": 0.3419025272283652, "(0.6878175396534512, 0.6919647137119627)": 0.28486538207008505, "(0.6919647137119627, 0.9965744228724235)": 0.24366468830124477, "(0.9965744228724235, 1)": 0.19378610869765245}, "pct": 0.24366468830124477, "best_return": 2.6820322142218735}, "ew_rel_minmax": {"time_param": 168, "trend": "ew_rel_minmax", "q_params": {"(0, 0.012667585101505563)": 0.984290836778647, "(0.012667585101505563, 0.09051551914286644)": 0.9623632230921565, "(0.09051551914286644, 0.3307444303483961)": 0.9292876962737471, "(0.3307444303483961, 0.3555804050330267)": 0.8203572422611795, "(0.3555804050330267, 0.3652460023826597)": 0.6325919211983171, "(0.3652460023826597, 0.5457009801699605)": 0.5828231162052853, "(0.5457009801699605, 0.5498523980944249)": 0.3692455693621105, "(0.5498523980944249, 0.649422438911642)": 0.2032855869636937, "(0.649422438911642, 0.7618660619644265)": 0.1264521760544767, "(0.7618660619644265, 1)": 0.045227359551380575}, "pct": 0.045227359551380575, "best_return": 2.88890163407044}}