{"ma": {"time_param": 150, "trend": "ma", "q_params": {"(0, 0.038959046258098595)": 0.8705177778464208, "(0.038959046258098595, 0.08683057371036562)": 0.74017861388536, "(0.08683057371036562, 0.12224684006086328)": 0.7276461784598276, "(0.12224684006086328, 0.24725648968626035)": 0.6876088554655772, "(0.24725648968626035, 0.4847801748047974)": 0.6866427709181717, "(0.4847801748047974, 0.780948435109681)": 0.6863625638387436, "(0.780948435109681, 0.7813831919055161)": 0.604276907136462, "(0.7813831919055161, 0.7956981444333503)": 0.44694245622312034, "(0.7956981444333503, 0.8870425090143778)": 0.3124406922210844, "(0.8870425090143778, 1)": 0.06392479600093792}, "pct": 0.74017861388536, "best_return": 1.381473706019491}, "ew_ma": {"time_param": 334, "trend": "ew_ma", "q_params": {"(0, 0.3398907539341033)": 0.879538853416703, "(0.3398907539341033, 0.47521486391952084)": 0.8427664176349137, "(0.47521486391952084, 0.5606309990205535)": 0.8071555174465905, "(0.5606309990205535, 0.5988746447865978)": 0.7998156687596711, "(0.5988746447865978, 0.6157789666880121)": 0.7717095163021307, "(0.6157789666880121, 0.7181218256862227)": 0.6328186382730634, "(0.7181218256862227, 0.7631912810220279)": 0.6112567768831874, "(0.7631912810220279, 0.7929201064843852)": 0.5627512963230796, "(0.7929201064843852, 0.9789952825699676)": 0.45019652317518033, "(0.9789952825699676, 1)": 0.21410980873363475}, "pct": 0.8071555174465905, "best_return": 1.6045132499031671}, "rel_minmax": {"time_param": 28, "trend": "rel_minmax", "q_params": {"(0, 0.03895023949709098)": 0.9949756695339291, "(0.03895023949709098, 0.21760157815488496)": 0.9934559229993859, "(0.21760157815488496, 0.42921023977623063)": 0.9692463336035997, "(0.42921023977623063, 0.5183508241606649)": 0.7590305940825791, "(0.5183508241606649, 0.5463203150382984)": 0.7133382533727892, "(0.5463203150382984, 0.5584630034598224)": 0.7029314521236083, "(0.5584630034598224, 0.5988920220804654)": 0.6763732143427392, "(0.5988920220804654, 0.6331921477256328)": 0.3956728071080714, "(0.6331921477256328, 0.8412844302296822)": 0.09820796238485748, "(0.8412844302296822, 1.0)": 0.03262510438846762}, "pct": 0.03262510438846762, "best_return": 5.039920710811619}, "ew_rel_minmax": {"time_param": 12, "trend": "ew_rel_minmax", "q_params": {"(0, 0.1366774124571575)": 0.9347310991012163, "(0.1366774124571575, 0.17760617871130768)": 0.9170058794396806, "(0.17760617871130768, 0.3964647852243872)": 0.9098473641344669, "(0.3964647852243872, 0.3981412592489059)": 0.8565231805648683, "(0.3981412592489059, 0.39857767320141724)": 0.6984059217284282, "(0.39857767320141724, 0.6352897761337981)": 0.6789508519657999, "(0.6352897761337981, 0.6364124458840836)": 0.5791474641358885, "(0.6364124458840836, 0.6610495115721198)": 0.2074765065664791, "(0.6610495115721198, 0.8198760251189738)": 0.09604770615645204, "(0.8198760251189738, 1.0)": 0.004066180355946915}, "pct": 0.09604770615645204, "best_return": 4.047445335261456}}