{"ma": {"time_param": 99, "trend": "ma", "q_params": {"(0, 0.007359717409476385)": 0.9605949075470109, "(0.007359717409476385, 0.008144019032145192)": 0.9478943216633805, "(0.008144019032145192, 0.01925064797391144)": 0.93773349889579, "(0.01925064797391144, 0.15818346926312607)": 0.8412404598516754, "(0.15818346926312607, 0.6389652825252506)": 0.8146491594017253, "(0.6389652825252506, 0.7621680397523101)": 0.7211897158483752, "(0.7621680397523101, 0.7670224630806152)": 0.3921762623467059, "(0.7670224630806152, 0.8554489868268491)": 0.3447739167118363, "(0.8554489868268491, 0.885487871052421)": 0.2288406957671042, "(0.885487871052421, 1)": 0.051204485758275686}, "pct": 0.8146491594017253, "best_return": 2.1779757919075573}, "ew_ma": {"time_param": 182, "trend": "ew_ma", "q_params": {"(0, 0.013268958429249134)": 0.9570779975519049, "(0.013268958429249134, 0.02373160794000433)": 0.9390897871703598, "(0.02373160794000433, 0.4796068157930227)": 0.7753465002082433, "(0.4796068157930227, 0.517787679739227)": 0.7417533103161577, "(0.517787679739227, 0.7634684613823881)": 0.5340968825818413, "(0.7634684613823881, 0.8127857200586859)": 0.31837190782145375, "(0.8127857200586859, 0.8603055370665882)": 0.23576146543103987, "(0.8603055370665882, 0.8671189465505671)": 0.1566471404312425, "(0.8671189465505671, 0.953637640036787)": 0.058383668767533536, "(0.953637640036787, 1)": 0.009876239194583691}, "pct": 0.23576146543103987, "best_return": 1.9119757807893687}, "rel_minmax": {"time_param": 148, "trend": "rel_minmax", "q_params": {"(0, 0.12548866070858544)": 0.6891537986282685, "(0.12548866070858544, 0.3818578177426161)": 0.5642546347901389, "(0.3818578177426161, 0.4871594020595361)": 0.5292513958257872, "(0.4871594020595361, 0.4915313703432528)": 0.3993304869856509, "(0.4915313703432528, 0.6176576534601955)": 0.37148535750420975, "(0.6176576534601955, 0.7447458419851448)": 0.1597075694908051, "(0.7447458419851448, 0.8106052991967528)": 0.11602683075592846, "(0.8106052991967528, 0.9043110623318126)": 0.10246441977384305, "(0.9043110623318126, 0.9625808492476098)": 0.08390744540506367, "(0.9625808492476098, 1)": 0.019828216382004306}, "pct": 0.019828216382004306, "best_return": 2.3026523672625676}, "ew_rel_minmax": {"time_param": 141, "trend": "ew_rel_minmax", "q_params": {"(0, 0.014246068640845549)": 0.9983373759511601, "(0.014246068640845549, 0.06556073582590494)": 0.9425661741880624, "(0.06556073582590494, 0.1604087374485207)": 0.918247939905012, "(0.1604087374485207, 0.197382302238917)": 0.7442643429809739, "(0.197382302238917, 0.2276788157123787)": 0.6698418773974114, "(0.2276788157123787, 0.437771229848032)": 0.6574694165102559, "(0.437771229848032, 0.46200902299648805)": 0.5312947161743931, "(0.46200902299648805, 0.5505643053186706)": 0.45315646025304046, "(0.5505643053186706, 0.6000636901240177)": 0.36135187965506876, "(0.6000636901240177, 1)": 0.1102769472165972}, "pct": 0.1102769472165972, "best_return": 2.459553916632948}}