{"ma": {"time_param": 54, "trend": "ma", "q_params": {"(0, 0.1340122556962256)": 0.947503055365486, "(0.1340122556962256, 0.5183444367163325)": 0.7890747373889743, "(0.5183444367163325, 0.5695040023094171)": 0.6480325806150784, "(0.5695040023094171, 0.6983924014490182)": 0.4875905677676511, "(0.6983924014490182, 0.7716440259891812)": 0.4155735921109497, "(0.7716440259891812, 0.7996965896856826)": 0.35597570239702964, "(0.7996965896856826, 0.8128212352749713)": 0.22818108417171057, "(0.8128212352749713, 0.8316994158315445)": 0.219805169194211, "(0.8316994158315445, 0.8913862139758717)": 0.1352741025755374, "(0.8913862139758717, 1)": 0.07932187091380548}, "pct": 0.7890747373889743, "best_return": 2.0108008510951834}, "ew_ma": {"time_param": 237, "trend": "ew_ma", "q_params": {"(0, 0.1595046121033632)": 0.9907031886834565, "(0.1595046121033632, 0.344981628663775)": 0.9626727270526374, "(0.344981628663775, 0.6995371919337836)": 0.8957584749805796, "(0.6995371919337836, 0.7050087666019758)": 0.8687281912931114, "(0.7050087666019758, 0.7143607877933217)": 0.7949899802506494, "(0.7143607877933217, 0.7220155929990045)": 0.6386808069719748, "(0.7220155929990045, 0.7483054637608504)": 0.6095499905062536, "(0.7483054637608504, 0.7653851976412946)": 0.4553516059928634, "(0.7653851976412946, 0.8131635918206687)": 0.4378917017655972, "(0.8131635918206687, 1)": 0.22467412991638255}, "pct": 0.22467412991638255, "best_return": 1.9888584126324558}, "rel_minmax": {"time_param": 112, "trend": "rel_minmax", "q_params": {"(0, 0.07889574360320688)": 0.9403486683289902, "(0.07889574360320688, 0.18634756359365975)": 0.8610762272783513, "(0.18634756359365975, 0.37837380351593275)": 0.8480335391143649, "(0.37837380351593275, 0.4165593717067686)": 0.7952771153656849, "(0.4165593717067686, 0.4375721617715304)": 0.6995797471996572, "(0.4375721617715304, 0.46346882585422233)": 0.6036431329314654, "(0.46346882585422233, 0.5407477590878731)": 0.5974279456788655, "(0.5407477590878731, 0.8440169480335273)": 0.5040165173806974, "(0.8440169480335273, 0.8786240823856744)": 0.19887636747473147, "(0.8786240823856744, 1)": 0.028844249735101024}, "pct": 0.028844249735101024, "best_return": 2.59874482193167}, "ew_rel_minmax": {"time_param": 204, "trend": "ew_rel_minmax", "q_params": {"(0, 0.01686900158237645)": 0.9624576811228863, "(0.01686900158237645, 0.08389557743916438)": 0.9481229025862655, "(0.08389557743916438, 0.11570247611101213)": 0.7090939830688964, "(0.11570247611101213, 0.29196274677648437)": 0.6523142648046795, "(0.29196274677648437, 0.5792362997373419)": 0.6317227855754125, "(0.5792362997373419, 0.7517684840265335)": 0.4005107835342384, "(0.7517684840265335, 0.8182158069022645)": 0.39588708711625586, "(0.8182158069022645, 0.8972560727474854)": 0.13202147390184885, "(0.8972560727474854, 0.9556076163667849)": 0.058166944038768764, "(0.9556076163667849, 1)": 0.04847622667188034}, "pct": 0.04847622667188034, "best_return": 2.295393651524875}}