{"ma": {"time_param": 87, "trend": "ma", "q_params": {"(0, 0.07198351541136039)": 0.9398096689842222, "(0.07198351541136039, 0.18261163248190382)": 0.8401391142137511, "(0.18261163248190382, 0.647736080114494)": 0.7675206165236853, "(0.647736080114494, 0.652086174193026)": 0.7045033311271264, "(0.652086174193026, 0.7700017633252716)": 0.6206426546589935, "(0.7700017633252716, 0.7709035889784948)": 0.5378187793285003, "(0.7709035889784948, 0.8081304720381418)": 0.5018081469598119, "(0.8081304720381418, 0.8902227002623705)": 0.497909465449429, "(0.8902227002623705, 0.9837323057730505)": 0.42693147685526167, "(0.9837323057730505, 1)": 0.4039023463612602}, "pct": 0.7675206165236853, "best_return": 1.9715550668838366}, "ew_ma": {"time_param": 213, "trend": "ew_ma", "q_params": {"(0, 0.01597647495283505)": 0.9969474103319615, "(0.01597647495283505, 0.20196221609821122)": 0.9645629433292374, "(0.20196221609821122, 0.5070352750791542)": 0.8794874164948414, "(0.5070352750791542, 0.7218536674258573)": 0.7804762784984123, "(0.7218536674258573, 0.8043020949947227)": 0.7208451454518511, "(0.8043020949947227, 0.8191479243132844)": 0.6920180592822904, "(0.8191479243132844, 0.9203613423361915)": 0.6537029691495615, "(0.9203613423361915, 0.9475375285519034)": 0.5847045843720942, "(0.9475375285519034, 0.9548062701765484)": 0.3654916950092356, "(0.9548062701765484, 1)": 0.2170734364589184}, "pct": 0.6920180592822904, "best_return": 2.10453704992082}, "rel_minmax": {"time_param": 149, "trend": "rel_minmax", "q_params": {"(0, 0.07436176553215612)": 0.99231082842661, "(0.07436176553215612, 0.3648363803189266)": 0.9499475318393762, "(0.3648363803189266, 0.40710764256375287)": 0.8374644178660176, "(0.40710764256375287, 0.41485640637177756)": 0.5309442244577219, "(0.41485640637177756, 0.4782425919533486)": 0.3811631531517268, "(0.4782425919533486, 0.5798021267340026)": 0.33714866832750545, "(0.5798021267340026, 0.6176930419977696)": 0.26427341321408704, "(0.6176930419977696, 0.7347179545193783)": 0.2108487834893117, "(0.7347179545193783, 0.9028376626669776)": 0.17280574247846325, "(0.9028376626669776, 1)": 0.07122641618107839}, "pct": 0.07122641618107839, "best_return": 3.3796296529399146}, "ew_rel_minmax": {"time_param": 173, "trend": "ew_rel_minmax", "q_params": {"(0, 0.08375006704354071)": 0.9981532773643239, "(0.08375006704354071, 0.194488329978459)": 0.9581937982617388, "(0.194488329978459, 0.2813292409696396)": 0.9481754736265886, "(0.2813292409696396, 0.4476968204135843)": 0.8972667782500273, "(0.4476968204135843, 0.4500183145612822)": 0.7940782682327602, "(0.4500183145612822, 0.5309360625666828)": 0.6339258274404936, "(0.5309360625666828, 0.6124759313716617)": 0.5943780849104735, "(0.6124759313716617, 0.628756303846996)": 0.1688318105641745, "(0.628756303846996, 0.6501606548852622)": 0.0858465059425737, "(0.6501606548852622, 1)": 0.057674861869762895}, "pct": 0.057674861869762895, "best_return": 3.5781319802660487}}