{"ma": {"time_param": 112, "trend": "ma", "q_params": {"(0.0, 0.08003912826298255)": 0.9998506819113439, "(0.08003912826298255, 0.12092744806597583)": 0.9184929777755215, "(0.12092744806597583, 0.13829362116021407)": 0.9158461508893861, "(0.13829362116021407, 0.22008127867723182)": 0.7940961005023552, "(0.22008127867723182, 0.6973431173950911)": 0.7935189928837123, "(0.6973431173950911, 0.806010074705136)": 0.7760076795864299, "(0.806010074705136, 0.8393575282442569)": 0.557866390104373, "(0.8393575282442569, 0.9119126337417413)": 0.5574969683655039, "(0.9119126337417413, 0.9386057771069162)": 0.029262328950467254, "(0.9386057771069162, 1.0)": 0.0014517525305794915}, "best_return": 2.6602723178538827, "pct": 0.7935189928837123}, "ew_ma": {"time_param": 305, "trend": "ew_ma", "q_params": {"(0, 0.02398120352547317)": 0.9985564249180434, "(0.02398120352547317, 0.37912874576054334)": 0.7094933609653945, "(0.37912874576054334, 0.3976278690731532)": 0.7082459122520293, "(0.3976278690731532, 0.7436058201135329)": 0.7082293459749569, "(0.7436058201135329, 0.7564276115426567)": 0.7068138073479311, "(0.7564276115426567, 0.7600816264868777)": 0.584857275949071, "(0.7600816264868777, 0.7663877866216444)": 0.3948468280317779, "(0.7663877866216444, 0.8643961699747508)": 0.3600672614590138, "(0.8643961699747508, 0.8992887384417632)": 0.3597818253296904, "(0.8992887384417632, 1.0)": 0.012672168404615436}, "best_return": 2.516909747003343, "pct": 0.012672168404615436}, "rel_minmax": {"time_param": 152, "trend": "rel_minmax", "q_params": {"(0, 0.3634075378738176)": 0.9978306614192877, "(0.3634075378738176, 0.42919146367484506)": 0.9976589145027961, "(0.42919146367484506, 0.44996658525284305)": 0.9832284159080422, "(0.44996658525284305, 0.450739299746916)": 0.7764511691588143, "(0.450739299746916, 0.47776775081594763)": 0.6271878358137233, "(0.47776775081594763, 0.5330723622896901)": 0.23385510285639913, "(0.5330723622896901, 0.6079047260574122)": 0.22526433301053397, "(0.6079047260574122, 0.8294621422464483)": 0.04530465954054885, "(0.8294621422464483, 0.8713087602093684)": 0.022110010811897722, "(0.8713087602093684, 1.0)": 0.00037356018356879254}, "best_return": 4.427608652814057, "pct": 0.00037356018356879254}, "ew_rel_minmax": {"time_param": 210, "trend": "ew_rel_minmax", "q_params": {"(0, 0.06996939553250216)": 0.9995638802310516, "(0.06996939553250216, 0.07733053156102562)": 0.9929384687556932, "(0.07733053156102562, 0.1159264110975936)": 0.6194705167293303, "(0.1159264110975936, 0.23082319762247547)": 0.6054766183641848, "(0.23082319762247547, 0.52119625411695)": 0.6046384885447275, "(0.52119625411695, 0.5310636899839289)": 0.589745625638787, "(0.5310636899839289, 0.565057049739122)": 0.08613864294556495, "(0.565057049739122, 0.5925566710775211)": 0.08425732109733744, "(0.5925566710775211, 0.7212593894540731)": 0.003050652768507498, "(0.7212593894540731, 1.0)": 2.9384177197859327e-05}, "best_return": 3.0557946599871615, "pct": 2.9384177197859327e-05}}