{"ma": {"time_param": 285, "trend": "ma", "q_params": {"(0, 0.02042142091632793)": 0.9564542253347436, "(0.02042142091632793, 0.03168735840444914)": 0.9041224367559032, "(0.03168735840444914, 0.2687053742742459)": 0.862185877455194, "(0.2687053742742459, 0.4015340758687834)": 0.765759840752363, "(0.4015340758687834, 0.5151149341831043)": 0.759030854225645, "(0.5151149341831043, 0.5226809539276408)": 0.49199106355579647, "(0.5226809539276408, 0.5339516215326073)": 0.4223158788794499, "(0.5339516215326073, 0.6922890953941585)": 0.37803995035147975, "(0.6922890953941585, 0.9908872354160785)": 0.3725719646748965, "(0.9908872354160785, 1)": 0.2295658767409272}, "pct": 0.37803995035147975, "best_return": 2.0553875357026086}, "ew_ma": {"time_param": 347, "trend": "ew_ma", "q_params": {"(0, 0.2091986937801693)": 0.9990411200806151, "(0.2091986937801693, 0.36095293164722847)": 0.9596958609566066, "(0.36095293164722847, 0.47043613808819884)": 0.8897450623627704, "(0.47043613808819884, 0.6077361763683163)": 0.8727777212829817, "(0.6077361763683163, 0.6341189465363363)": 0.6121374304300192, "(0.6341189465363363, 0.6424479775630999)": 0.5370024055337929, "(0.6424479775630999, 0.8499963383534321)": 0.3328696007250155, "(0.8499963383534321, 0.8849814120856823)": 0.2701187591734856, "(0.8849814120856823, 0.8978619205789392)": 0.16809910838996706, "(0.8978619205789392, 1.0)": 0.027476231445588105}, "pct": 0.2701187591734856, "best_return": 1.9814113537969789}, "rel_minmax": {"time_param": 145, "trend": "rel_minmax", "q_params": {"(0, 0.045492515704177006)": 0.8818617557994417, "(0.045492515704177006, 0.12256827334357567)": 0.8396089356519884, "(0.12256827334357567, 0.20293598751326444)": 0.8263152054173529, "(0.20293598751326444, 0.39506204309725146)": 0.6349559793347274, "(0.39506204309725146, 0.5374695596536698)": 0.46629934295366376, "(0.5374695596536698, 0.5501220666697616)": 0.41593879032131575, "(0.5501220666697616, 0.5836715619717596)": 0.3880153424700652, "(0.5836715619717596, 0.8721316747659497)": 0.33212340048598255, "(0.8721316747659497, 0.9399604439281755)": 0.10397520261651516, "(0.9399604439281755, 1)": 0.016539852201844712}, "pct": 0.016539852201844712, "best_return": 2.523392235310515}, "ew_rel_minmax": {"time_param": 20, "trend": "ew_rel_minmax", "q_params": {"(0, 0.028646677238891916)": 0.9143442097948907, "(0.028646677238891916, 0.16989640213904877)": 0.7981501233292534, "(0.16989640213904877, 0.3238258025379904)": 0.758352604198218, "(0.3238258025379904, 0.3651757665605322)": 0.7215035514709626, "(0.3651757665605322, 0.535703363573355)": 0.4600823264754039, "(0.535703363573355, 0.6196918414921575)": 0.3273003777860862, "(0.6196918414921575, 0.6264839698486291)": 0.32439496044802896, "(0.6264839698486291, 0.7373346074823695)": 0.18894609075035385, "(0.7373346074823695, 0.9129336073318715)": 0.041065587997772934, "(0.9129336073318715, 1)": 0.02295337379295337}, "pct": 0.02295337379295337, "best_return": 2.7647061850633468}}