{"ma": {"time_param": 112, "trend": "ma", "q_params": {"(0, 0.08003912826298255)": 0.9998506819113439, "(0.08003912826298255, 0.11202832132081227)": 0.9184929777755215, "(0.11202832132081227, 0.13829362116021407)": 0.8914724920406574, "(0.13829362116021407, 0.2476124108471713)": 0.7940961005023552, "(0.2476124108471713, 0.6973431173950911)": 0.7880315200930512, "(0.6973431173950911, 0.7090648266216261)": 0.5788812232202435, "(0.7090648266216261, 0.8390082856192864)": 0.557866390104373, "(0.8390082856192864, 0.9149175057226885)": 0.5574969683655039, "(0.9149175057226885, 0.9581262818935714)": 0.06560302071780748, "(0.9581262818935714, 1.0)": 0.008813708194411535}, "best_return": 2.789352371905024, "pct": 0.7880315200930512}, "ew_ma": {"time_param": 218, "trend": "ew_ma", "q_params": {"(0, 0.14360234249644227)": 0.9233667127370263, "(0.14360234249644227, 0.47241230389552946)": 0.8898106458363042, "(0.47241230389552946, 0.7133916196989101)": 0.7913875779384753, "(0.7133916196989101, 0.7294635612075886)": 0.7478841710835606, "(0.7294635612075886, 0.7996632846412821)": 0.5163491473120515, "(0.7996632846412821, 0.9222684199617851)": 0.3843936992155477, "(0.9222684199617851, 0.9312356731206781)": 0.32073853349782966, "(0.9312356731206781, 0.9341027734555777)": 0.24492795077812124, "(0.9341027734555777, 0.9611711461023438)": 0.04812538884861206, "(0.9611711461023438, 1)": 0.0352881409766817}, "pct": 0.04812538884861206, "best_return": 1.9744279387119965}, "rel_minmax": {"time_param": 38, "trend": "rel_minmax", "q_params": {"(0, 0.010005545215614475)": 0.9036092989956105, "(0.010005545215614475, 0.06029243650259133)": 0.8299962050154615, "(0.06029243650259133, 0.2227324359374966)": 0.5840231646553603, "(0.2227324359374966, 0.33424055858139073)": 0.45678783932608374, "(0.33424055858139073, 0.6400721843892744)": 0.42783381983735136, "(0.6400721843892744, 0.9214631908002258)": 0.21472070885641378, "(0.9214631908002258, 0.9478792342560953)": 0.13465535744577475, "(0.9478792342560953, 0.9528386634219658)": 0.09177399924831786, "(0.9528386634219658, 0.9970946258512996)": 0.0744960577016654, "(0.9970946258512996, 1)": 0.014510077609189875}, "pct": 0.21472070885641378, "best_return": 1.9958119373101477}, "ew_rel_minmax": {"time_param": 198, "trend": "ew_rel_minmax", "q_params": {"(0, 0.20714186487564415)": 0.9592606875848709, "(0.20714186487564415, 0.26601792385646117)": 0.813149077623766, "(0.26601792385646117, 0.35612677705184514)": 0.8051032375764031, "(0.35612677705184514, 0.40040239513085596)": 0.6998385939013846, "(0.40040239513085596, 0.5750071915343768)": 0.46203905986723237, "(0.5750071915343768, 0.5835772099514784)": 0.4581615531748725, "(0.5835772099514784, 0.8414849335011773)": 0.19494627451662128, "(0.8414849335011773, 0.8613699133382458)": 0.1593851884767213, "(0.8613699133382458, 0.9910990732109051)": 0.11908565853488062, "(0.9910990732109051, 1)": 0.006427887136526089}, "pct": 0.11908565853488062, "best_return": 2.3772244715112794}}