{"ma": {"trend": "ma", "time_param": 190, "q_params": {"(0, 0.35433725247211717)": 0.9999952301659294, "(0.35433725247211717, 0.534608580046633)": 0.9999728877611925, "(0.534608580046633, 0.5714232681266668)": 0.9997595059744946, "(0.5714232681266668, 0.7017045661137229)": 0.9993729054425302, "(0.7017045661137229, 0.7152085303340197)": 0.9942396655693015, "(0.7152085303340197, 0.8168153618599685)": 0.9885371776701162, "(0.8168153618599685, 0.9476924800044977)": 0.9833106346388921, "(0.9476924800044977, 0.959090248438024)": 0.944907631056336, "(0.959090248438024, 0.9781329005491368)": 0.6197706264033753, "(0.9781329005491368, 1.0)": 0.47869059264255875}, "best_return": 10.089801242950884, "pct": 0.9999952301659294}, "ew_ma": {"trend": "ew_ma", "time_param": 190, "q_params": {"(0, 0.1267816084283914)": 0.999995670697737, "(0.1267816084283914, 0.5194512010859791)": 0.999993448174208, "(0.5194512010859791, 0.6554013680582654)": 0.9999623329550329, "(0.6554013680582654, 0.6872169915615521)": 0.9997390900107221, "(0.6872169915615521, 0.734564400816504)": 0.9989380899185475, "(0.734564400816504, 0.8740364135892589)": 0.9981199496420693, "(0.8740364135892589, 0.9481534677791351)": 0.9916550148237079, "(0.9481534677791351, 0.9740624801779695)": 0.9908695087293845, "(0.9740624801779695, 0.9803403728289345)": 0.9777826801522158, "(0.9803403728289345, 1.0)": 0.029363026863741246}, "best_return": 12.380867383001734, "pct": 0.999993448174208}, "rel_minmax": {"trend": "rel_minmax", "time_param": 190, "q_params": {"(0, 0.07154074214751266)": 0.9999999206375301, "(0.07154074214751266, 0.20726840308444625)": 0.9999231518871183, "(0.20726840308444625, 0.40852034091436046)": 0.999911498181836, "(0.40852034091436046, 0.6211141415762739)": 0.9998812467119221, "(0.6211141415762739, 0.6652369141883153)": 0.9997153075394231, "(0.6652369141883153, 0.7430106342656166)": 0.9991194731267037, "(0.7430106342656166, 0.8563527206253639)": 0.9983278583373935, "(0.8563527206253639, 0.8891194660472225)": 0.972051562414575, "(0.8891194660472225, 0.9974826803115076)": 0.9286974359404546, "(0.9974826803115076, 1.0)": 0.034134881786685924}, "best_return": 9.650246864855747, "pct": 0.9286974359404546}, "ew_rel_minmax": {"trend": "ew_rel_minmax", "time_param": 190, "q_params": {"(0.0, 0.26163347773478884)": 1.0, "(0.26163347773478884, 0.28868879978202394)": 0.9999734778982263, "(0.28868879978202394, 0.2896689883344763)": 0.9996482771436259, "(0.2896689883344763, 0.28978189421040496)": 0.997002999, "(0.28978189421040496, 0.3242265640766522)": 0.996963486852192, "(0.3242265640766522, 0.5454038263544742)": 0.9969633706690769, "(0.5454038263544742, 0.7453434351443525)": 0.9969524381447206, "(0.7453434351443525, 0.9195203636336438)": 0.9964224477334881, "(0.9195203636336438, 0.9418277506070988)": 0.4983357939802993, "(0.9418277506070988, 1.0)": 0.21969026571752623}, "best_return": 9.463036710924767, "pct": 1}}