{"ma": {"trend": "ma", "time_param": 190, "q_params": {"(0, 0.4153071148079391)": 0.9999860481621369, "(0.4153071148079391, 0.5349301074406396)": 0.9998242020677357, "(0.5349301074406396, 0.560532354493426)": 0.9997595059744946, "(0.560532354493426, 0.6611874370140871)": 0.9949354388752245, "(0.6611874370140871, 0.6807519153589469)": 0.9920244113385897, "(0.6807519153589469, 0.7302801150206966)": 0.9869380822584849, "(0.7302801150206966, 0.7764928680632747)": 0.9810642081259793, "(0.7764928680632747, 0.8536484773256251)": 0.9117042930362956, "(0.8536484773256251, 0.9127577649250407)": 0.6889035861480522, "(0.9127577649250407, 1.0)": 0.6256540796024175}, "best_return": 12.011866055222095, "pct": 0.9998242020677357}, "ew_ma": {"trend": "ew_ma", "time_param": 190, "q_params": {"(0, 0.10862809031977365)": 0.9996020949685962, "(0.10862809031977365, 0.3942212129385489)": 0.9995258697740894, "(0.3942212129385489, 0.5352397972836644)": 0.999292206151787, "(0.5352397972836644, 0.6139019747883776)": 0.9992774868443356, "(0.6139019747883776, 0.7229182048359543)": 0.9992558871258895, "(0.7229182048359543, 0.8794342413938586)": 0.9985353529815632, "(0.8794342413938586, 0.9093128932644495)": 0.9970470168476689, "(0.9093128932644495, 0.9732757854567665)": 0.9908919832193722, "(0.9732757854567665, 0.9830397984085939)": 0.9721181473477655, "(0.9830397984085939, 1.0)": 0.04679960362274944}, "best_return": 12.75801803813278, "pct": 0.9992558871258895}, "rel_minmax": {"trend": "rel_minmax", "time_param": 190, "q_params": {"(0.0, 0.17603941987269148)": 1.0, "(0.17603941987269148, 0.2171310882335171)": 0.9999864037825702, "(0.2171310882335171, 0.389947198025879)": 0.9999157625203601, "(0.389947198025879, 0.592024925918363)": 0.9998812467119221, "(0.592024925918363, 0.6917933157330856)": 0.9996390824950967, "(0.6917933157330856, 0.7120669332929157)": 0.9993851923755577, "(0.7120669332929157, 0.722313606798907)": 0.9983278583373935, "(0.722313606798907, 0.8798839389683074)": 0.996148320715407, "(0.8798839389683074, 0.8957202452329779)": 0.9623680983742647, "(0.8957202452329779, 1.0)": 0.04502752331040752}, "best_return": 11.797891488850262, "pct": 1}, "ew_rel_minmax": {"trend": "ew_rel_minmax", "time_param": 190, "q_params": {"(0.0, 0.26163347773478884)": 1.0, "(0.26163347773478884, 0.28868879978202394)": 0.9999734778982263, "(0.28868879978202394, 0.2896689883344763)": 0.9996482771436259, "(0.2896689883344763, 0.28978189421040496)": 0.997002999, "(0.28978189421040496, 0.3242265640766522)": 0.996963486852192, "(0.3242265640766522, 0.5454038263544742)": 0.9969633706690769, "(0.5454038263544742, 0.7453434351443525)": 0.9969524381447206, "(0.7453434351443525, 0.9195203636336438)": 0.9964224477334881, "(0.9195203636336438, 0.9418277506070988)": 0.4983357939802993, "(0.9418277506070988, 1.0)": 0.21969026571752623}, "best_return": 11.797891488850262, "pct": 1}}