{"ma": {"trend": "ma", "time_param": 190, "q_params": {"(0, 0.413423370613259)": 0.9999860481621369, "(0.413423370613259, 0.5347283511422322)": 0.9998242020677357, "(0.5347283511422322, 0.555217199622917)": 0.9997595059744946, "(0.555217199622917, 0.660201272136987)": 0.9949354388752245, "(0.660201272136987, 0.7094841655818095)": 0.9920244113385897, "(0.7094841655818095, 0.7323665281710656)": 0.9881490428432226, "(0.7323665281710656, 0.7804688250080521)": 0.9813856457768375, "(0.7804688250080521, 0.8429415557560337)": 0.9117042930362956, "(0.8429415557560337, 0.903773982827102)": 0.6881345298136369, "(0.903773982827102, 1.0)": 0.6186203302138535}, "best_return": 10.485908795803372, "pct": 0.9999860481621369}, "ew_ma": {"trend": "ew_ma", "time_param": 190, "q_params": {"(0, 0.11630832009780896)": 0.9998704334258228, "(0.11630832009780896, 0.4312382539669814)": 0.9997718050896603, "(0.4312382539669814, 0.531508568380996)": 0.9994364975704252, "(0.531508568380996, 0.6438520124595493)": 0.9994026477330626, "(0.6438520124595493, 0.7410814951970348)": 0.9987728287601008, "(0.7410814951970348, 0.8734751059831978)": 0.9981199496420693, "(0.8734751059831978, 0.90842675455017)": 0.9858230709004934, "(0.90842675455017, 0.9662574625478759)": 0.9854241891541194, "(0.9662574625478759, 0.9803403728289345)": 0.9724389333647211, "(0.9803403728289345, 1.0)": 0.03027690718974448}, "best_return": 12.847359428407355, "pct": 0.9997718050896603}, "rel_minmax": {"trend": "rel_minmax", "time_param": 190, "q_params": {"(0, 0.1901397672170959)": 0.9999999206375301, "(0.1901397672170959, 0.20726840308444625)": 0.9999231518871183, "(0.20726840308444625, 0.40852034091436046)": 0.9999093082745331, "(0.40852034091436046, 0.6211141415762739)": 0.9998812467119221, "(0.6211141415762739, 0.6956669677298668)": 0.9997153075394231, "(0.6956669677298668, 0.7120669332929157)": 0.9991194731267037, "(0.7120669332929157, 0.8563527206253639)": 0.9983278583373935, "(0.8563527206253639, 0.8891194660472225)": 0.972051562414575, "(0.8891194660472225, 0.8951849608604281)": 0.9392726344792627, "(0.8951849608604281, 1.0)": 0.034134881786685924}, "best_return": 11.31231119372261, "pct": 0.034134881786685924}, "ew_rel_minmax": {"trend": "ew_rel_minmax", "time_param": 190, "q_params": {"(0.0, 0.26163347773478884)": 1.0, "(0.26163347773478884, 0.28868879978202394)": 0.9999734778982263, "(0.28868879978202394, 0.2896689883344763)": 0.9996482771436259, "(0.2896689883344763, 0.28978189421040496)": 0.997002999, "(0.28978189421040496, 0.3242265640766522)": 0.996963486852192, "(0.3242265640766522, 0.5454038263544742)": 0.9969633706690769, "(0.5454038263544742, 0.7453434351443525)": 0.9969524381447206, "(0.7453434351443525, 0.9195203636336438)": 0.9964224477334881, "(0.9195203636336438, 0.9418277506070988)": 0.4983357939802993, "(0.9418277506070988, 1.0)": 0.21969026571752623}, "best_return": 10.38076408687918, "pct": 1}}