{"ma": {"trend": "ma", "time_param": 190, "q_params": {"(0, 0.35433725247211717)": 0.9999860481621369, "(0.35433725247211717, 0.534608580046633)": 0.9998667756521331, "(0.534608580046633, 0.5556311876568574)": 0.9997595059744946, "(0.5556311876568574, 0.6555823012532773)": 0.9977759346708892, "(0.6555823012532773, 0.7101434380021924)": 0.9903197118549675, "(0.7101434380021924, 0.7323665281710656)": 0.9855008943746814, "(0.7323665281710656, 0.8303592863933826)": 0.9833106346388921, "(0.8303592863933826, 0.8494806362278668)": 0.91598606830528, "(0.8494806362278668, 0.9577799367258645)": 0.6881345298136369, "(0.9577799367258645, 1.0)": 0.6186203302138535}, "best_return": 12.000244909752176, "pct": 0.9998667756521331}, "ew_ma": {"trend": "ew_ma", "time_param": 190, "q_params": {"(0, 0.1267816084283914)": 0.999995670697737, "(0.1267816084283914, 0.5194512010859791)": 0.9999689935268177, "(0.5194512010859791, 0.6358679675488694)": 0.9999285978991757, "(0.6358679675488694, 0.6489885667328891)": 0.9994026477330626, "(0.6489885667328891, 0.7332901046264132)": 0.9993443387534577, "(0.7332901046264132, 0.8740364135892589)": 0.9981199496420693, "(0.8740364135892589, 0.9109235393076751)": 0.9858230709004934, "(0.9109235393076751, 0.9740624801779695)": 0.9854241891541194, "(0.9740624801779695, 0.9803403728289345)": 0.9777826801522158, "(0.9803403728289345, 1.0)": 0.029363026863741246}, "best_return": 14.71943234630986, "pct": 0.9999285978991757}, "rel_minmax": {"trend": "rel_minmax", "time_param": 190, "q_params": {"(0.0, 0.1901397672170959)": 0.9999999206375301, "(0.1901397672170959, 0.20726840308444625)": 0.9999231518871183, "(0.20726840308444625, 0.40852034091436046)": 0.9999093082745331, "(0.40852034091436046, 0.6211141415762739)": 0.9998812467119221, "(0.6211141415762739, 0.6956669677298668)": 0.9997153075394231, "(0.6956669677298668, 0.7120669332929157)": 0.9991194731267037, "(0.7120669332929157, 0.8563527206253639)": 0.9983278583373935, "(0.8563527206253639, 0.8891194660472225)": 0.972051562414575, "(0.8891194660472225, 0.8951849608604281)": 0.9392726344792627, "(0.8951849608604281, 1.0)": 0.034134881786685924}, "best_return": 11.034827922952585, "pct": 1}, "ew_rel_minmax": {"trend": "ew_rel_minmax", "time_param": 190, "q_params": {"(0.0, 0.26163347773478884)": 1.0, "(0.26163347773478884, 0.28868879978202394)": 0.9999734778982263, "(0.28868879978202394, 0.2896689883344763)": 0.9996482771436259, "(0.2896689883344763, 0.28978189421040496)": 0.997002999, "(0.28978189421040496, 0.3242265640766522)": 0.996963486852192, "(0.3242265640766522, 0.5454038263544742)": 0.9969633706690769, "(0.5454038263544742, 0.7453434351443525)": 0.9969524381447206, "(0.7453434351443525, 0.9195203636336438)": 0.9964224477334881, "(0.9195203636336438, 0.9418277506070988)": 0.4983357939802993, "(0.9418277506070988, 1.0)": 0.21969026571752623}, "best_return": 11.034827922952585, "pct": 1}}