{"ma": {"trend": "ma", "time_param": 190, "q_params": {"(0, 0.46492121162734307)": 0.9999973558940268, "(0.46492121162734307, 0.5026684925619997)": 0.9999571283952807, "(0.5026684925619997, 0.5622244903126967)": 0.99981148766494, "(0.5622244903126967, 0.5679721694928013)": 0.9997379387811336, "(0.5679721694928013, 0.6798119894951699)": 0.9996718774439958, "(0.6798119894951699, 0.7302801150206966)": 0.9996099059348935, "(0.7302801150206966, 0.7848975595241583)": 0.9894176040285161, "(0.7848975595241583, 0.8341918586851602)": 0.9805204743658603, "(0.8341918586851602, 0.8721741867427231)": 0.6970590808037449, "(0.8721741867427231, 1.0)": 0.6924183066493079}, "best_return": 12.61303882428752, "pct": 0.9996718774439958}, "ew_ma": {"trend": "ew_ma", "time_param": 190, "q_params": {"(0, 0.13198770762261033)": 0.9996404591851386, "(0.13198770762261033, 0.380553481430292)": 0.9995417937666304, "(0.380553481430292, 0.6124441755197363)": 0.9994699669872832, "(0.6124441755197363, 0.6375653645643151)": 0.9994664041485257, "(0.6375653645643151, 0.6790264665594236)": 0.9993944509423432, "(0.6790264665594236, 0.8808076121202943)": 0.9989024890740077, "(0.8808076121202943, 0.9498294097777309)": 0.9983592648312792, "(0.9498294097777309, 0.9513893830929755)": 0.997372466646392, "(0.9513893830929755, 0.9907410360071229)": 0.9601577325961174, "(0.9907410360071229, 1.0)": 0.03612956014613129}, "best_return": 13.40494851439117, "pct": 0.9989024890740077}, "rel_minmax": {"trend": "rel_minmax", "time_param": 190, "q_params": {"(0.0, 0.17603941987269148)": 1.0, "(0.17603941987269148, 0.2171310882335171)": 0.9999864037825702, "(0.2171310882335171, 0.389947198025879)": 0.9999157625203601, "(0.389947198025879, 0.592024925918363)": 0.9998812467119221, "(0.592024925918363, 0.6917933157330856)": 0.9996390824950967, "(0.6917933157330856, 0.7120669332929157)": 0.9993851923755577, "(0.7120669332929157, 0.722313606798907)": 0.9983278583373935, "(0.722313606798907, 0.8798839389683074)": 0.996148320715407, "(0.8798839389683074, 0.8957202452329779)": 0.9623680983742647, "(0.8957202452329779, 1.0)": 0.04502752331040752}, "best_return": 12.214836244695952, "pct": 1}, "ew_rel_minmax": {"trend": "ew_rel_minmax", "time_param": 190, "q_params": {"(0.0, 0.26163347773478884)": 1.0, "(0.26163347773478884, 0.28868879978202394)": 0.9999734778982263, "(0.28868879978202394, 0.2896689883344763)": 0.9996482771436259, "(0.2896689883344763, 0.28978189421040496)": 0.997002999, "(0.28978189421040496, 0.3242265640766522)": 0.996963486852192, "(0.3242265640766522, 0.5454038263544742)": 0.9969633706690769, "(0.5454038263544742, 0.7453434351443525)": 0.9969524381447206, "(0.7453434351443525, 0.9195203636336438)": 0.9964224477334881, "(0.9195203636336438, 0.9418277506070988)": 0.4983357939802993, "(0.9418277506070988, 1.0)": 0.21969026571752623}, "best_return": 12.214836244695952, "pct": 1}}