{"ma": {"trend": "ma", "time_param": 190, "q_params": {"(0, 0.4191399280843268)": 0.9999860481621369, "(0.4191399280843268, 0.5347283511422322)": 0.9998242020677357, "(0.5347283511422322, 0.5351367832484349)": 0.9997595059744946, "(0.5351367832484349, 0.660201272136987)": 0.9949354388752245, "(0.660201272136987, 0.6945475097308654)": 0.9920244113385897, "(0.6945475097308654, 0.7213532500626341)": 0.982662013129197, "(0.7213532500626341, 0.7719949315489733)": 0.9813856457768375, "(0.7719949315489733, 0.8532715962803213)": 0.9117042930362956, "(0.8532715962803213, 0.903773982827102)": 0.6881345298136369, "(0.903773982827102, 1.0)": 0.6186203302138535}, "best_return": 12.158285308562652, "pct": 0.9949354388752245}, "ew_ma": {"trend": "ew_ma", "time_param": 190, "q_params": {"(0, 0.10862809031977365)": 0.9996297528453089, "(0.10862809031977365, 0.4285351036795724)": 0.9995258697740894, "(0.4285351036795724, 0.531508568380996)": 0.9993560125444543, "(0.531508568380996, 0.6170666471770194)": 0.9992774868443356, "(0.6170666471770194, 0.7229182048359543)": 0.99855775023328, "(0.7229182048359543, 0.8794342413938586)": 0.9985353529815632, "(0.8794342413938586, 0.8920368223246067)": 0.9979899153831261, "(0.8920368223246067, 0.9662574625478759)": 0.9844923980503572, "(0.9662574625478759, 0.9820444093274763)": 0.9721181473477655, "(0.9820444093274763, 1.0)": 0.04679960362274944}, "best_return": 14.28624339673922, "pct": 0.99855775023328}, "rel_minmax": {"trend": "rel_minmax", "time_param": 190, "q_params": {"(0.0, 0.17603941987269148)": 1.0, "(0.17603941987269148, 0.2171310882335171)": 0.9999864037825702, "(0.2171310882335171, 0.389947198025879)": 0.9999157625203601, "(0.389947198025879, 0.592024925918363)": 0.9998812467119221, "(0.592024925918363, 0.6917933157330856)": 0.9996390824950967, "(0.6917933157330856, 0.7120669332929157)": 0.9993851923755577, "(0.7120669332929157, 0.722313606798907)": 0.9983278583373935, "(0.722313606798907, 0.8798839389683074)": 0.996148320715407, "(0.8798839389683074, 0.8957202452329779)": 0.9623680983742647, "(0.8957202452329779, 1.0)": 0.04502752331040752}, "best_return": 12.13449671199029, "pct": 1}, "ew_rel_minmax": {"trend": "ew_rel_minmax", "time_param": 190, "q_params": {"(0.0, 0.26163347773478884)": 1.0, "(0.26163347773478884, 0.28868879978202394)": 0.9999734778982263, "(0.28868879978202394, 0.2896689883344763)": 0.9996482771436259, "(0.2896689883344763, 0.28978189421040496)": 0.997002999, "(0.28978189421040496, 0.3242265640766522)": 0.996963486852192, "(0.3242265640766522, 0.5454038263544742)": 0.9969633706690769, "(0.5454038263544742, 0.7453434351443525)": 0.9969524381447206, "(0.7453434351443525, 0.9195203636336438)": 0.9964224477334881, "(0.9195203636336438, 0.9418277506070988)": 0.4983357939802993, "(0.9418277506070988, 1.0)": 0.21969026571752623}, "best_return": 12.13449671199029, "pct": 1}}