{"ma": {"trend": "ma", "time_param": 175, "q_params": {"(0, 0.11785754851561052)": 0.9993445885475061, "(0.11785754851561052, 0.137113659597496)": 0.9987791548556223, "(0.137113659597496, 0.21066131848047845)": 0.9979117116950122, "(0.21066131848047845, 0.3507896050092456)": 0.997861102991664, "(0.3507896050092456, 0.6497685450111007)": 0.9914989424545231, "(0.6497685450111007, 0.6977502421790258)": 0.9910216435514311, "(0.6977502421790258, 0.8478398173951974)": 0.98861542736387, "(0.8478398173951974, 0.9293613795117888)": 0.9865436461534152, "(0.9293613795117888, 0.9768523476004598)": 0.9502423837383803, "(0.9768523476004598, 1.0)": 0.33677294724775747}, "best_return": 5.737807902767804, "pct": 0.9979117116950122}, "ew_ma": {"trend": "ew_ma", "time_param": 175, "q_params": {"(0, 0.03717874802046228)": 0.9998752304580029, "(0.03717874802046228, 0.19700464625910202)": 0.9973157551875744, "(0.19700464625910202, 0.29620672391466507)": 0.9972712930478852, "(0.29620672391466507, 0.5734467549869575)": 0.996843900114409, "(0.5734467549869575, 0.7028831278950499)": 0.9965040166755869, "(0.7028831278950499, 0.7353334341204645)": 0.9962169719720424, "(0.7353334341204645, 0.8971586549975846)": 0.9934473120538754, "(0.8971586549975846, 0.9230111436896817)": 0.8385946104670506, "(0.9230111436896817, 0.9369979355348962)": 0.6367889332300384, "(0.9369979355348962, 1.0)": 0.09481850712054056}, "best_return": 6.7342622512535675, "pct": 0.996843900114409}, "rel_minmax": {"trend": "rel_minmax", "time_param": 175, "q_params": {"(0, 0.08739806645129349)": 0.9996926585184466, "(0.08739806645129349, 0.2642151389962968)": 0.9994469119954666, "(0.2642151389962968, 0.5398738483448592)": 0.9994390594490751, "(0.5398738483448592, 0.5850573654821689)": 0.9955124212736793, "(0.5850573654821689, 0.6414613700260006)": 0.9925760509242496, "(0.6414613700260006, 0.7239821996599354)": 0.9609855352417229, "(0.7239821996599354, 0.7512633765096226)": 0.9430002085953656, "(0.7512633765096226, 0.8968039390407138)": 0.827499682566249, "(0.8968039390407138, 0.9760242894788478)": 0.4163512410253236, "(0.9760242894788478, 1.0)": 0.15073779412112295}, "best_return": 5.753634449065063, "pct": 0.4163512410253236}, "ew_rel_minmax": {"time_param": 119, "trend": "ew_rel_minmax", "q_params": {"(0, 0.10771949775611371)": 0.9471212521257549, "(0.10771949775611371, 0.3408345870773749)": 0.9339064546098116, "(0.3408345870773749, 0.5364066060712332)": 0.8174362913665384, "(0.5364066060712332, 0.6541226181690103)": 0.7318424918231842, "(0.6541226181690103, 0.8213496041270839)": 0.6645377949333598, "(0.8213496041270839, 0.8263593656792995)": 0.5203947285907803, "(0.8263593656792995, 0.8293844972335542)": 0.4536582241486331, "(0.8293844972335542, 0.8607719150846715)": 0.12871142958505463, "(0.8607719150846715, 0.8670416492482962)": 0.10303351441212305, "(0.8670416492482962, 1)": 0.02284338684160525}, "pct": 0.02284338684160525, "best_return": 5.540598505839738}}