{"ma": {"trend": "ma", "time_param": 175, "q_params": {"(0, 0.11785754851561052)": 0.9987993290298715, "(0.11785754851561052, 0.137113659597496)": 0.9987791548556223, "(0.137113659597496, 0.21066131848047845)": 0.9979117116950122, "(0.21066131848047845, 0.3531596983287766)": 0.997861102991664, "(0.3531596983287766, 0.6497685450111007)": 0.9914989424545231, "(0.6497685450111007, 0.6941380553938434)": 0.9910216435514311, "(0.6941380553938434, 0.8478398173951974)": 0.98861542736387, "(0.8478398173951974, 0.9293613795117888)": 0.9865436461534152, "(0.9293613795117888, 0.9768523476004598)": 0.9470436170456868, "(0.9768523476004598, 1.0)": 0.3368843809860189}, "best_return": 5.308710054872411, "pct": 0.9987993290298715}, "ew_ma": {"trend": "ew_ma", "time_param": 175, "q_params": {"(0, 0.03717874802046228)": 0.9998752304580029, "(0.03717874802046228, 0.19700464625910202)": 0.9973157551875744, "(0.19700464625910202, 0.29620672391466507)": 0.9971062223841303, "(0.29620672391466507, 0.5734467549869575)": 0.996843900114409, "(0.5734467549869575, 0.7028831278950499)": 0.9965040166755869, "(0.7028831278950499, 0.7353334341204645)": 0.9958399249554382, "(0.7353334341204645, 0.8930303006590822)": 0.9934473120538754, "(0.8930303006590822, 0.9230111436896817)": 0.8385946104670506, "(0.9230111436896817, 0.9369979355348962)": 0.6302828585612948, "(0.9369979355348962, 1.0)": 0.10368954137809822}, "best_return": 6.191914680372704, "pct": 0.9971062223841303}, "rel_minmax": {"trend": "rel_minmax", "time_param": 175, "q_params": {"(0, 0.08894861201676045)": 0.9996926585184466, "(0.08894861201676045, 0.2648551998703994)": 0.9994469119954666, "(0.2648551998703994, 0.5398738483448592)": 0.9994390594490751, "(0.5398738483448592, 0.5850573654821689)": 0.9984631127940586, "(0.5850573654821689, 0.6414613700260006)": 0.9925760509242496, "(0.6414613700260006, 0.7239821996599354)": 0.9609855352417229, "(0.7239821996599354, 0.7512633765096226)": 0.9430002085953656, "(0.7512633765096226, 0.8968039390407138)": 0.827499682566249, "(0.8968039390407138, 0.9760242894788478)": 0.4163512410253236, "(0.9760242894788478, 1.0)": 0.15073779412112295}, "best_return": 5.70330956480054, "pct": 0.15073779412112295}, "ew_rel_minmax": {"trend": "ew_rel_minmax", "time_param": 175, "q_params": {"(0, 0.241594310595846)": 0.9942658413049347, "(0.241594310595846, 0.29930088172027214)": 0.9932731966309016, "(0.29930088172027214, 0.38863215527807704)": 0.9914350290565105, "(0.38863215527807704, 0.5401625666442323)": 0.9879366304280567, "(0.5401625666442323, 0.5549106681231628)": 0.9495348813477635, "(0.5549106681231628, 0.5660207269032772)": 0.9400384969453258, "(0.5660207269032772, 0.6421084204493999)": 0.9365517183821646, "(0.6421084204493999, 0.8513703525456651)": 0.9303425737392614, "(0.8513703525456651, 0.9315075354810504)": 0.644880845447236, "(0.9315075354810504, 1.0)": 0.37360423953979927}, "best_return": 5.789028662777283, "pct": 0.37360423953979927}}