{"ma": {"trend": "ma", "time_param": 175, "q_params": {"(0, 0.11205194304046205)": 0.9985401829831597, "(0.11205194304046205, 0.15694999096427314)": 0.9980673478142877, "(0.15694999096427314, 0.21497661692985315)": 0.9979117116950122, "(0.21497661692985315, 0.35930840254418667)": 0.997861102991664, "(0.35930840254418667, 0.6413469180169357)": 0.9912428137027057, "(0.6413469180169357, 0.7166309077758733)": 0.9896569779371233, "(0.7166309077758733, 0.8360900525550291)": 0.984270208718533, "(0.8360900525550291, 0.9543483106450406)": 0.9830857321642086, "(0.9543483106450406, 0.9670733680469664)": 0.9565621256553486, "(0.9670733680469664, 1.0)": 0.3650503168579732}, "best_return": 6.124580753301974, "pct": 0.9985401829831597}, "ew_ma": {"trend": "ew_ma", "time_param": 175, "q_params": {"(0, 0.017992898238193854)": 0.9984384982130446, "(0.017992898238193854, 0.2225657920886388)": 0.9973411197603562, "(0.2225657920886388, 0.30000000000000004)": 0.997243709164305, "(0.30000000000000004, 0.5384971735797717)": 0.997074608957986, "(0.5384971735797717, 0.6711195653664074)": 0.9963106988249654, "(0.6711195653664074, 0.7057623680923715)": 0.9939300607591055, "(0.7057623680923715, 0.8646968068422547)": 0.9888135621124309, "(0.8646968068422547, 0.9279726684873034)": 0.9788755811026291, "(0.9279726684873034, 0.9501908151185501)": 0.9611160805180313, "(0.9501908151185501, 1.0)": 0.15285730160028038}, "best_return": 7.2816120818769, "pct": 0.997074608957986}, "rel_minmax": {"trend": "rel_minmax", "time_param": 175, "q_params": {"(0, 0.11308044811071925)": 0.9999398455138767, "(0.11308044811071925, 0.29612654366461627)": 0.9994909347044437, "(0.29612654366461627, 0.5650108348481523)": 0.9994167978734322, "(0.5650108348481523, 0.6325994913865054)": 0.9979881713070937, "(0.6325994913865054, 0.6876644704752644)": 0.9964902854559508, "(0.6876644704752644, 0.7245955036308331)": 0.9949730028886177, "(0.7245955036308331, 0.8926536605389689)": 0.9945630270838846, "(0.8926536605389689, 0.9147055355264467)": 0.8240540038997511, "(0.9147055355264467, 0.9658130959431231)": 0.39471697636567676, "(0.9658130959431231, 1.0)": 0.16823099469573372}, "best_return": 7.746147241291335, "pct": 0.16823099469573372}, "ew_rel_minmax": {"trend": "ew_rel_minmax", "time_param": 175, "q_params": {"(0, 0.2482286439805613)": 0.9999232397201009, "(0.2482286439805613, 0.30296947412409464)": 0.9998859629592891, "(0.30296947412409464, 0.3505724066537245)": 0.9997920714327606, "(0.3505724066537245, 0.5007405530903053)": 0.9892952897342029, "(0.5007405530903053, 0.5771713262420899)": 0.9890007874277046, "(0.5771713262420899, 0.5863396737484867)": 0.9743322438653862, "(0.5863396737484867, 0.6411225315640584)": 0.9274348395096176, "(0.6411225315640584, 0.8758377731404606)": 0.9132395460900449, "(0.8758377731404606, 0.9311098058959032)": 0.6605621333097387, "(0.9311098058959032, 1.0)": 0.3629362008773958}, "best_return": 6.570312514168991, "pct": 0.3629362008773958}}