{"ma": {"trend": "ma", "time_param": 175, "q_params": {"(0, 0.1254962714725029)": 0.9987993290298715, "(0.1254962714725029, 0.137113659597496)": 0.9987791548556223, "(0.137113659597496, 0.21066131848047845)": 0.9979117116950122, "(0.21066131848047845, 0.35442716400269375)": 0.997861102991664, "(0.35442716400269375, 0.6672443232985825)": 0.9914989424545231, "(0.6672443232985825, 0.6941380553938434)": 0.9910216435514311, "(0.6941380553938434, 0.8573708903392524)": 0.98861542736387, "(0.8573708903392524, 0.9293613795117888)": 0.9865436461534152, "(0.9293613795117888, 0.9768523476004598)": 0.9456336721668517, "(0.9768523476004598, 1.0)": 0.3368843809860189}, "best_return": 6.313741014175996, "pct": 0.9987993290298715}, "ew_ma": {"trend": "ew_ma", "time_param": 175, "q_params": {"(0, 0.03717874802046228)": 0.9996472548997886, "(0.03717874802046228, 0.19700464625910202)": 0.9977415104581516, "(0.19700464625910202, 0.29620672391466507)": 0.9970064638792541, "(0.29620672391466507, 0.5656138446702332)": 0.996843900114409, "(0.5656138446702332, 0.7028831278950499)": 0.9965040166755869, "(0.7028831278950499, 0.7353334341204645)": 0.9958399249554382, "(0.7353334341204645, 0.8859804465394383)": 0.9919684463174714, "(0.8859804465394383, 0.9230111436896817)": 0.8327441754691449, "(0.9230111436896817, 0.9369979355348962)": 0.6130055348267829, "(0.9369979355348962, 1.0)": 0.10368954137809822}, "best_return": 7.382040347005558, "pct": 0.996843900114409}, "rel_minmax": {"trend": "rel_minmax", "time_param": 175, "q_params": {"(0, 0.08894861201676045)": 0.9998068833981463, "(0.08894861201676045, 0.2648551998703994)": 0.9994469119954666, "(0.2648551998703994, 0.5398738483448592)": 0.9994031097026082, "(0.5398738483448592, 0.5850573654821689)": 0.9984631127940586, "(0.5850573654821689, 0.6414613700260006)": 0.9925760509242496, "(0.6414613700260006, 0.7239821996599354)": 0.9656271332991339, "(0.7239821996599354, 0.7451810101932749)": 0.9430002085953656, "(0.7451810101932749, 0.8949918535741301)": 0.827499682566249, "(0.8949918535741301, 0.9817038317167215)": 0.4236667601031094, "(0.9817038317167215, 1.0)": 0.15392691337645725}, "best_return": 6.425334210940901, "pct": 0.4236667601031094}, "ew_rel_minmax": {"trend": "ew_rel_minmax", "time_param": 175, "q_params": {"(0, 0.241594310595846)": 0.9996123715861819, "(0.241594310595846, 0.29930088172027214)": 0.9932731966309016, "(0.29930088172027214, 0.38863215527807704)": 0.9914350290565105, "(0.38863215527807704, 0.5401625666442323)": 0.9879366304280567, "(0.5401625666442323, 0.5549106681231628)": 0.9763866254380265, "(0.5549106681231628, 0.5660207269032772)": 0.940073624223752, "(0.5660207269032772, 0.6421084204493999)": 0.9365517183821646, "(0.6421084204493999, 0.8451055869704219)": 0.9303425737392614, "(0.8451055869704219, 0.93871394444851)": 0.644880845447236, "(0.93871394444851, 1.0)": 0.38139194669590537}, "best_return": 6.426594899239705, "pct": 0.38139194669590537}}