{"ma": {"trend": "ma", "time_param": 175, "q_params": {"(0, 0.04305284488170551)": 0.9993445885475061, "(0.04305284488170551, 0.137113659597496)": 0.9987791548556223, "(0.137113659597496, 0.24081618485149758)": 0.9979117116950122, "(0.24081618485149758, 0.3587813017943742)": 0.997861102991664, "(0.3587813017943742, 0.6497685450111007)": 0.9913952241558052, "(0.6497685450111007, 0.6985950651279184)": 0.9910907493386872, "(0.6985950651279184, 0.7883452001501415)": 0.9906226560552914, "(0.7883452001501415, 0.9293613795117888)": 0.9865436461534152, "(0.9293613795117888, 0.9771326612217316)": 0.9544799321450175, "(0.9771326612217316, 1.0)": 0.3346140970144929}, "best_return": 4.538283047066879, "pct": 0.9993445885475061}, "ew_ma": {"trend": "ew_ma", "time_param": 175, "q_params": {"(0, 0.03717874802046228)": 0.9998752304580029, "(0.03717874802046228, 0.2379871659810787)": 0.9973157551875744, "(0.2379871659810787, 0.2903839931934628)": 0.997312380876107, "(0.2903839931934628, 0.598270592878945)": 0.9968139319720686, "(0.598270592878945, 0.7111347164625884)": 0.9965156388424643, "(0.7111347164625884, 0.7496778941631819)": 0.9961362267593933, "(0.7496778941631819, 0.7665208169713915)": 0.9414015798448665, "(0.7665208169713915, 0.8982914592170007)": 0.8422084336717505, "(0.8982914592170007, 0.9418729553429027)": 0.6402274344748875, "(0.9418729553429027, 1.0)": 0.09103656155655694}, "best_return": 4.979922113663989, "pct": 0.9973157551875744}, "rel_minmax": {"trend": "rel_minmax", "time_param": 175, "q_params": {"(0, 0.18153209266111667)": 0.9996926585184466, "(0.18153209266111667, 0.3750345735100013)": 0.9994469119954666, "(0.3750345735100013, 0.5398738483448592)": 0.9994390594490751, "(0.5398738483448592, 0.6408608655329774)": 0.9994068439939005, "(0.6408608655329774, 0.7154808491814912)": 0.9925760509242496, "(0.7154808491814912, 0.7239821996599354)": 0.9609855352417229, "(0.7239821996599354, 0.8146806502149483)": 0.9430002085953656, "(0.8146806502149483, 0.8472732957942815)": 0.827499682566249, "(0.8472732957942815, 0.9760242894788478)": 0.4163512410253236, "(0.9760242894788478, 1.0)": 0.15073779412112295}, "best_return": 5.103209010523509, "pct": 0.4163512410253236}, "ew_rel_minmax": {"time_param": 119, "trend": "ew_rel_minmax", "q_params": {"(0, 0.3013237797587874)": 0.9626620262700946, "(0.3013237797587874, 0.46130635415908233)": 0.9339064546098116, "(0.46130635415908233, 0.5654935811164722)": 0.774268674047289, "(0.5654935811164722, 0.6031471624161847)": 0.7676033741624005, "(0.6031471624161847, 0.8213496041270839)": 0.6728755416946601, "(0.8213496041270839, 0.8556149983080205)": 0.6062120043370668, "(0.8556149983080205, 0.8559147435651729)": 0.48061208521198817, "(0.8559147435651729, 0.8607719150846715)": 0.1573584952939447, "(0.8607719150846715, 0.8670416492482962)": 0.07956994162359234, "(0.8670416492482962, 1.0)": 0.02284338684160525}, "pct": 0.02284338684160525, "best_return": 6.032837413993657}}