{"ma": {"trend": "ma", "time_param": 175, "q_params": {"(0, 0.10733397151710643)": 1.0, "(0.10733397151710643, 0.16581623781701965)": 0.9999668571476622, "(0.16581623781701965, 0.2192416923670225)": 0.9978648414067676, "(0.2192416923670225, 0.33379920229815435)": 0.997861102991664, "(0.33379920229815435, 0.6733748431590654)": 0.997851727314616, "(0.6733748431590654, 0.6979667078092796)": 0.9975680793152378, "(0.6979667078092796, 0.7386169778627731)": 0.9948631542222094, "(0.7386169778627731, 0.933055010885872)": 0.9948332195551448, "(0.933055010885872, 0.9631495273926413)": 0.9927710548172057, "(0.9631495273926413, 1.0)": 0.38168336937340724}, "best_return": 7.741927650221031, "pct": 0.997851727314616}, "ew_ma": {"trend": "ew_ma", "time_param": 175, "q_params": {"(0, 0.033560542874693344)": 1.0, "(0.033560542874693344, 0.2313080302249918)": 0.9991319763377403, "(0.2313080302249918, 0.30000000000000004)": 0.9975226934836805, "(0.30000000000000004, 0.6143916083231064)": 0.9975151422100241, "(0.6143916083231064, 0.6348860666557691)": 0.9963106988249654, "(0.6348860666557691, 0.6900995243006577)": 0.9938824715469476, "(0.6900995243006577, 0.8634205407456216)": 0.993879247833849, "(0.8634205407456216, 0.9185601120630063)": 0.9938455504931302, "(0.9185601120630063, 0.9385105498930844)": 0.9820087071736483, "(0.9385105498930844, 1.0)": 0.142307913774596}, "best_return": 9.358665388281494, "pct": 0.993879247833849}, "rel_minmax": {"trend": "rel_minmax", "time_param": 175, "q_params": {"(0, 0.09524810815421936)": 1.0, "(0.09524810815421936, 0.32675846903497796)": 0.9994313487477245, "(0.32675846903497796, 0.5308465558995247)": 0.9994024369129106, "(0.5308465558995247, 0.6157143642697934)": 0.9991869501149235, "(0.6157143642697934, 0.6810965164133835)": 0.993930528081831, "(0.6810965164133835, 0.7107672212100967)": 0.9936763174627761, "(0.7107672212100967, 0.7326106475294194)": 0.9936658071413316, "(0.7326106475294194, 0.9350295821160426)": 0.9936642975820872, "(0.9350295821160426, 0.9443961736509712)": 0.387517969761081, "(0.9443961736509712, 1.0)": 0.16077870931346894}, "best_return": 8.514998556378863, "pct": 0.16077870931346894}, "ew_rel_minmax": {"trend": "ew_rel_minmax", "time_param": 175, "q_params": {"(0, 0.2358354115675061)": 1.0, "(0.2358354115675061, 0.2651175357733003)": 0.999875064761006, "(0.2651175357733003, 0.308401870045523)": 0.9998625052664698, "(0.308401870045523, 0.561786781986708)": 0.9997639810095207, "(0.561786781986708, 0.5776144908657197)": 0.9985786117681369, "(0.5776144908657197, 0.6088191949943423)": 0.9931963990856957, "(0.6088191949943423, 0.6315627621201478)": 0.993041285969072, "(0.6315627621201478, 0.8475022775661964)": 0.993020965034979, "(0.8475022775661964, 0.9126444782764754)": 0.6420674536972467, "(0.9126444782764754, 1.0)": 0.038025212867165516}, "best_return": 8.113797351893277, "pct": 0.038025212867165516}}