{"ma": {"trend": "ma", "time_param": 175, "q_params": {"(0.0, 0.1517004974830615)": 0.9993445885475061, "(0.1517004974830615, 0.1811223862117809)": 0.9987791548556223, "(0.1811223862117809, 0.21945366520205067)": 0.9979117116950122, "(0.21945366520205067, 0.4617107635866856)": 0.9920077125761978, "(0.4617107635866856, 0.6497685450111007)": 0.9912625117122481, "(0.6497685450111007, 0.6985950651279184)": 0.9910907493386872, "(0.6985950651279184, 0.7883452001501415)": 0.988034122046961, "(0.7883452001501415, 0.9293613795117888)": 0.9865436461534152, "(0.9293613795117888, 0.9771326612217316)": 0.9544799321450175, "(0.9771326612217316, 1.0)": 0.21979759592635056}, "best_return": 4.342907094855653, "pct": 1}, "ew_ma": {"trend": "ew_ma", "time_param": 175, "q_params": {"(0, 0.06468413786478595)": 0.9998752304580029, "(0.06468413786478595, 0.2379871659810787)": 0.9990692972120989, "(0.2379871659810787, 0.522646979904883)": 0.9980539633877771, "(0.522646979904883, 0.598270592878945)": 0.9968139319720686, "(0.598270592878945, 0.7418336202326322)": 0.9967150962441303, "(0.7418336202326322, 0.7496778941631819)": 0.9895615511602844, "(0.7496778941631819, 0.8318012009695949)": 0.8478283153824163, "(0.8318012009695949, 0.8982914592170007)": 0.8422084336717505, "(0.8982914592170007, 0.9418729553429027)": 0.6402274344748875, "(0.9418729553429027, 1.0)": 0.020428347524091776}, "best_return": 4.342907094855653, "pct": 0.9998752304580029}, "rel_minmax": {"trend": "rel_minmax", "time_param": 175, "q_params": {"(0, 0.2332129233560682)": 0.9996926585184466, "(0.2332129233560682, 0.5212912437950351)": 0.999684014755431, "(0.5212912437950351, 0.5398738483448592)": 0.9996165395019081, "(0.5398738483448592, 0.5866372325258995)": 0.9967468140361507, "(0.5866372325258995, 0.7154808491814912)": 0.9505645238132866, "(0.7154808491814912, 0.7866460016900715)": 0.948393168513135, "(0.7866460016900715, 0.8146806502149483)": 0.9430002085953656, "(0.8146806502149483, 0.8841348464115998)": 0.827499682566249, "(0.8841348464115998, 0.9102774533912505)": 0.4163512410253236, "(0.9102774533912505, 1.0)": 0.10849334648215558}, "best_return": 5.38194472173769, "pct": 0.10849334648215558}, "ew_rel_minmax": {"time_param": 119, "trend": "ew_rel_minmax", "q_params": {"(0, 0.20104298559611158)": 0.9901913334732089, "(0.20104298559611158, 0.4333977685475209)": 0.9339064546098116, "(0.4333977685475209, 0.49891543732377264)": 0.7748664642237649, "(0.49891543732377264, 0.7680099283472799)": 0.7676033741624005, "(0.7680099283472799, 0.828530548601579)": 0.759038875437732, "(0.828530548601579, 0.8556149983080205)": 0.6621967599366312, "(0.8556149983080205, 0.8559147435651729)": 0.3805432198655601, "(0.8559147435651729, 0.860644793206325)": 0.1573584952939447, "(0.860644793206325, 0.8775924598793191)": 0.02754912294480813, "(0.8775924598793191, 1.0)": 0.017035438584431063}, "pct": 0.017035438584431063, "best_return": 6.226382412854039}}