{"ma": {"trend": "ma", "time_param": 175, "q_params": {"(0, 0.10733397151710643)": 0.9995063058046096, "(0.10733397151710643, 0.13273158333487023)": 0.9992853965019769, "(0.13273158333487023, 0.18859919263747713)": 0.9983632637313767, "(0.18859919263747713, 0.35284319394067176)": 0.997861102991664, "(0.35284319394067176, 0.6733748431590654)": 0.997851727314616, "(0.6733748431590654, 0.7135957633139245)": 0.9953102611231796, "(0.7135957633139245, 0.7386169778627731)": 0.9880533165584827, "(0.7386169778627731, 0.933055010885872)": 0.9876064744562756, "(0.933055010885872, 0.9631495273926413)": 0.9866133647652708, "(0.9631495273926413, 1.0)": 0.37989735275489583}, "best_return": 8.18280296172231, "pct": 0.997851727314616}, "ew_ma": {"trend": "ew_ma", "time_param": 175, "q_params": {"(0, 0.05261403946859773)": 1.0, "(0.05261403946859773, 0.22389001230021308)": 0.9980707845185744, "(0.22389001230021308, 0.30000000000000004)": 0.9975216035606247, "(0.30000000000000004, 0.572942155928369)": 0.99643018758848, "(0.572942155928369, 0.6222315315567527)": 0.9963106988249654, "(0.6222315315567527, 0.6861146296250287)": 0.9943347964798607, "(0.6861146296250287, 0.870046007367886)": 0.993879247833849, "(0.870046007367886, 0.9075199169752108)": 0.9938455504931302, "(0.9075199169752108, 0.9632784106199224)": 0.9732794729124752, "(0.9632784106199224, 1.0)": 0.142307913774596}, "best_return": 8.64104750313998, "pct": 0.993879247833849}, "rel_minmax": {"trend": "rel_minmax", "time_param": 175, "q_params": {"(0.0, 0.09524810815421936)": 1.0, "(0.09524810815421936, 0.32675846903497796)": 0.9994313487477245, "(0.32675846903497796, 0.5308465558995247)": 0.9994024369129106, "(0.5308465558995247, 0.6157143642697934)": 0.9991869501149235, "(0.6157143642697934, 0.6810965164133835)": 0.993930528081831, "(0.6810965164133835, 0.7107672212100967)": 0.9936763174627761, "(0.7107672212100967, 0.7326106475294194)": 0.9936658071413316, "(0.7326106475294194, 0.9350295821160426)": 0.9936642975820872, "(0.9350295821160426, 0.9443961736509712)": 0.387517969761081, "(0.9443961736509712, 1.0)": 0.16077870931346894}, "best_return": 7.617409034867124, "pct": 1}, "ew_rel_minmax": {"trend": "ew_rel_minmax", "time_param": 175, "q_params": {"(0, 0.2358354115675061)": 1.0, "(0.2358354115675061, 0.2954281933240523)": 0.999875064761006, "(0.2954281933240523, 0.308401870045523)": 0.9997920714327606, "(0.308401870045523, 0.5747528056425861)": 0.9997639810095207, "(0.5747528056425861, 0.5768940016567136)": 0.9943095390555179, "(0.5768940016567136, 0.5949598752977376)": 0.9937310945187067, "(0.5949598752977376, 0.6411225315640584)": 0.993041285969072, "(0.6411225315640584, 0.8475022775661964)": 0.9696082259490595, "(0.8475022775661964, 0.9126444782764754)": 0.6420674536972467, "(0.9126444782764754, 1.0)": 0.00307244411156523}, "best_return": 7.857778710448546, "pct": 0.00307244411156523}}