{"ma": {"trend": "ma", "time_param": 175, "q_params": {"(0, 0.11205194304046205)": 0.9995500619696558, "(0.11205194304046205, 0.15469594719711863)": 0.9980673478142877, "(0.15469594719711863, 0.21066131848047845)": 0.9979117116950122, "(0.21066131848047845, 0.35442716400269375)": 0.997861102991664, "(0.35442716400269375, 0.6413469180169357)": 0.9912713539035768, "(0.6413469180169357, 0.697899028804644)": 0.9889162466813446, "(0.697899028804644, 0.8278736610675673)": 0.984270208718533, "(0.8278736610675673, 0.9421317899613116)": 0.9817859927846451, "(0.9421317899613116, 0.974075443192143)": 0.945193401491493, "(0.974075443192143, 1.0)": 0.3412915419932838}, "best_return": 6.498589467711745, "pct": 0.9995500619696558}, "ew_ma": {"trend": "ew_ma", "time_param": 175, "q_params": {"(0, 0.017992898238193854)": 0.9984384982130446, "(0.017992898238193854, 0.2225657920886388)": 0.9974196256047649, "(0.2225657920886388, 0.3020553864154808)": 0.9972582111430014, "(0.3020553864154808, 0.5519301802517294)": 0.996843900114409, "(0.5519301802517294, 0.6777252107996956)": 0.9937876367448886, "(0.6777252107996956, 0.7466327360471033)": 0.9922442183536427, "(0.7466327360471033, 0.879856928501018)": 0.9919684463174714, "(0.879856928501018, 0.9279726684873034)": 0.9788755811026291, "(0.9279726684873034, 0.9471189924827047)": 0.6295821613152804, "(0.9471189924827047, 1.0)": 0.13063632406304498}, "best_return": 7.545246916538951, "pct": 0.996843900114409}, "rel_minmax": {"trend": "rel_minmax", "time_param": 175, "q_params": {"(0, 0.07589798127598754)": 0.9996110309133772, "(0.07589798127598754, 0.27370519133893717)": 0.9994469119954666, "(0.27370519133893717, 0.5622494733444822)": 0.99894066467698, "(0.5622494733444822, 0.6302803441909436)": 0.9979881713070937, "(0.6302803441909436, 0.6680391806880555)": 0.9820293357419005, "(0.6680391806880555, 0.7208626277415062)": 0.9811446022898582, "(0.7208626277415062, 0.739395711921799)": 0.9475900141078544, "(0.739395711921799, 0.900307184855459)": 0.8179230541445524, "(0.900307184855459, 0.9695258888871854)": 0.4236667601031094, "(0.9695258888871854, 1.0)": 0.16823099469573372}, "best_return": 6.6372330846854855, "pct": 0.16823099469573372}, "ew_rel_minmax": {"trend": "ew_rel_minmax", "time_param": 175, "q_params": {"(0, 0.24544299200934946)": 0.9947460912859702, "(0.24544299200934946, 0.30296947412409464)": 0.993262299690042, "(0.30296947412409464, 0.3669581676995015)": 0.9932058789938862, "(0.3669581676995015, 0.5288783792616124)": 0.9892952897342029, "(0.5288783792616124, 0.5577467169866848)": 0.9753997703104855, "(0.5577467169866848, 0.5793800868901554)": 0.9743322438653862, "(0.5793800868901554, 0.637603486758499)": 0.9274348395096176, "(0.637603486758499, 0.8606368326850757)": 0.8958041202610535, "(0.8606368326850757, 0.941831456241568)": 0.6516073327924838, "(0.941831456241568, 1.0)": 0.37455262335345396}, "best_return": 6.427920467490583, "pct": 0.37455262335345396}}