{"ma": {"trend": "ma", "time_param": 175, "q_params": {"(0, 0.1156497486461997)": 0.999132860838472, "(0.1156497486461997, 0.13211043217696544)": 0.9989872595182957, "(0.13211043217696544, 0.21066131848047845)": 0.9979117116950122, "(0.21066131848047845, 0.35442716400269375)": 0.997861102991664, "(0.35442716400269375, 0.6462516477526813)": 0.9914989424545231, "(0.6462516477526813, 0.697899028804644)": 0.9908530956841398, "(0.697899028804644, 0.8287715018997003)": 0.9839140948503347, "(0.8287715018997003, 0.9293613795117888)": 0.9817859927846451, "(0.9293613795117888, 0.974075443192143)": 0.945193401491493, "(0.974075443192143, 1.0)": 0.3412915419932838}, "best_return": 6.657135992464456, "pct": 0.999132860838472}, "ew_ma": {"trend": "ew_ma", "time_param": 175, "q_params": {"(0, 0.017992898238193854)": 0.9978817559823437, "(0.017992898238193854, 0.20933071693548663)": 0.9974196256047649, "(0.20933071693548663, 0.3020553864154808)": 0.9970064638792541, "(0.3020553864154808, 0.5519301802517294)": 0.996843900114409, "(0.5519301802517294, 0.7013538410343294)": 0.9937876367448886, "(0.7013538410343294, 0.7359388222822464)": 0.9922442183536427, "(0.7359388222822464, 0.879856928501018)": 0.9919684463174714, "(0.879856928501018, 0.9293276910876455)": 0.9788755811026291, "(0.9293276910876455, 0.9468768240750578)": 0.6148752177212513, "(0.9468768240750578, 1.0)": 0.12151429032184782}, "best_return": 7.636284890661982, "pct": 0.996843900114409}, "rel_minmax": {"trend": "rel_minmax", "time_param": 175, "q_params": {"(0, 0.08894861201676045)": 0.9996110309133772, "(0.08894861201676045, 0.27370519133893717)": 0.9994469119954666, "(0.27370519133893717, 0.5426033190649827)": 0.9994031097026082, "(0.5426033190649827, 0.6070310430388365)": 0.9984631127940586, "(0.6070310430388365, 0.6414613700260006)": 0.9820293357419005, "(0.6414613700260006, 0.7208626277415062)": 0.9656271332991339, "(0.7208626277415062, 0.739395711921799)": 0.9456476147867217, "(0.739395711921799, 0.900307184855459)": 0.8179230541445524, "(0.900307184855459, 0.9695258888871854)": 0.4236667601031094, "(0.9695258888871854, 1.0)": 0.15392691337645725}, "best_return": 6.501995811056126, "pct": 0.15392691337645725}, "ew_rel_minmax": {"trend": "ew_rel_minmax", "time_param": 175, "q_params": {"(0, 0.23981821994370017)": 0.9947460912859702, "(0.23981821994370017, 0.29930088172027214)": 0.993262299690042, "(0.29930088172027214, 0.36883275167911506)": 0.9932058789938862, "(0.36883275167911506, 0.5288783792616124)": 0.9870426288023038, "(0.5288783792616124, 0.5577467169866848)": 0.977608622778319, "(0.5577467169866848, 0.586425657923509)": 0.9743322438653862, "(0.586425657923509, 0.6335934625556865)": 0.9481991614944646, "(0.6335934625556865, 0.8674595292163158)": 0.8958041202610535, "(0.8674595292163158, 0.941831456241568)": 0.644880845447236, "(0.941831456241568, 1.0)": 0.38139194669590537}, "best_return": 6.522447629874915, "pct": 0.38139194669590537}}