{"ma": {"time_param": 325, "trend": "ma", "q_params": {"(0, 0.07524096094800956)": 0.9912469806696684, "(0.07524096094800956, 0.09196130402466307)": 0.8941760954561017, "(0.09196130402466307, 0.4911307279212942)": 0.6452899586975331, "(0.4911307279212942, 0.5450966504621635)": 0.5850835099876659, "(0.5450966504621635, 0.7342301551105513)": 0.5661029978648542, "(0.7342301551105513, 0.7368494237191993)": 0.5582902413903565, "(0.7368494237191993, 0.9499041021008507)": 0.5484526393626802, "(0.9499041021008507, 0.979356096743116)": 0.5116530260525042, "(0.979356096743116, 0.9928463928800788)": 0.4248450818330769, "(0.9928463928800788, 1)": 0.16567097524899133}, "pct": 0.6452899586975331, "best_return": 3.928791451852433}, "ew_ma": {"time_param": 451, "trend": "ew_ma", "q_params": {"(0, 0.10250389669474859)": 0.9617457599938599, "(0.10250389669474859, 0.42604675376953594)": 0.8319286515566647, "(0.42604675376953594, 0.6229114601238678)": 0.820535104765814, "(0.6229114601238678, 0.6523589455425175)": 0.6274644962309611, "(0.6523589455425175, 0.7668619487138106)": 0.6231474720754965, "(0.7668619487138106, 0.8799916398885281)": 0.6045498445796794, "(0.8799916398885281, 0.8973958057902444)": 0.4871637178917133, "(0.8973958057902444, 0.9141428311152964)": 0.40623481388955085, "(0.9141428311152964, 0.937587852039409)": 0.2509946413603106, "(0.937587852039409, 1.0)": 0.20058475808314702}, "pct": 0.6231474720754965, "best_return": 3.793870645729482}, "rel_minmax": {"time_param": 71, "trend": "rel_minmax", "q_params": {"(0, 0.2682992941099673)": 0.9097234180642966, "(0.2682992941099673, 0.444839047847603)": 0.7521542068952314, "(0.444839047847603, 0.46638008496201383)": 0.7097395704403606, "(0.46638008496201383, 0.717754464327196)": 0.6441255131876916, "(0.717754464327196, 0.7269759644537046)": 0.589377042650338, "(0.7269759644537046, 0.7494704813786324)": 0.5781743442812849, "(0.7494704813786324, 0.8193604382812206)": 0.3250252592196897, "(0.8193604382812206, 0.832130817351533)": 0.2120114266063876, "(0.832130817351533, 0.841921206565708)": 0.10124039057558112, "(0.841921206565708, 1)": 0.09106445414493103}, "pct": 0.09106445414493103, "best_return": 7.440813486404122}, "ew_rel_minmax": {"time_param": 453, "trend": "ew_rel_minmax", "q_params": {"(0, 0.08336327311269365)": 0.9762334109031301, "(0.08336327311269365, 0.20642769455217355)": 0.8125617589784159, "(0.20642769455217355, 0.3567000794568056)": 0.7456698885313304, "(0.3567000794568056, 0.3572386421235837)": 0.7325268975185054, "(0.3572386421235837, 0.7434830314742725)": 0.7219289088821873, "(0.7434830314742725, 0.8057595944281005)": 0.5040905857354809, "(0.8057595944281005, 0.864208479938189)": 0.2832165525834289, "(0.864208479938189, 0.8691698362945882)": 0.22377371779323552, "(0.8691698362945882, 0.8996345620655075)": 0.06624850278488348, "(0.8996345620655075, 1)": 0.05693193452592671}, "pct": 0.05693193452592671, "best_return": 9.083542838239495}}