{"ma": {"trend": "ma", "time_param": 246, "q_params": {"(0, 0.09680173712554503)": 0.9996573336869761, "(0.09680173712554503, 0.26746023421432424)": 0.9982453661604366, "(0.26746023421432424, 0.44715614219447775)": 0.9968839365263605, "(0.44715614219447775, 0.5098243353942502)": 0.9957007678799086, "(0.5098243353942502, 0.5497230641310663)": 0.95669863923097, "(0.5497230641310663, 0.5720554964800546)": 0.9489527040456149, "(0.5720554964800546, 0.6522845748013483)": 0.917134812858258, "(0.6522845748013483, 0.7040554964629104)": 0.9144785469619023, "(0.7040554964629104, 0.9669271143844141)": 0.8577833979090436, "(0.9669271143844141, 1.0)": 0.04237960586057608}, "best_return": 4.51655071447299, "pct": 0.9982453661604366}, "ew_ma": {"time_param": 358, "trend": "ew_ma", "q_params": {"(0, 0.025808997285460933)": 0.9803838512451044, "(0.025808997285460933, 0.41441148216283574)": 0.755080097862929, "(0.41441148216283574, 0.42904781308596673)": 0.7337763949106039, "(0.42904781308596673, 0.6076422380006903)": 0.6138567799626696, "(0.6076422380006903, 0.8400602785948061)": 0.5953565861961263, "(0.8400602785948061, 0.8677897128884282)": 0.5210080312321731, "(0.8677897128884282, 0.9377218375349966)": 0.512662032862825, "(0.9377218375349966, 0.9401747314434697)": 0.48596113564637755, "(0.9401747314434697, 0.9521868778875595)": 0.4739361292860531, "(0.9521868778875595, 1)": 0.23141451812568684}, "pct": 0.5953565861961263, "best_return": 4.435051083178812}, "rel_minmax": {"time_param": 360, "trend": "rel_minmax", "q_params": {"(0, 0.31760176752531033)": 0.8773339794378835, "(0.31760176752531033, 0.3614838337329967)": 0.8310250010688842, "(0.3614838337329967, 0.529969479445402)": 0.7704837120969148, "(0.529969479445402, 0.5985724480588719)": 0.7208163886876203, "(0.5985724480588719, 0.6645775745634978)": 0.5025484497049238, "(0.6645775745634978, 0.7077665868573748)": 0.36260799210508005, "(0.7077665868573748, 0.7403436485415034)": 0.25044025195535224, "(0.7403436485415034, 0.9030808007735058)": 0.13248696256864056, "(0.9030808007735058, 0.9511196488759435)": 0.1278042066914522, "(0.9511196488759435, 1)": 0.07014328815143156}, "pct": 0.1278042066914522, "best_return": 5.687338419442162}, "ew_rel_minmax": {"time_param": 170, "trend": "ew_rel_minmax", "q_params": {"(0, 0.05693083143249067)": 0.9540854450804716, "(0.05693083143249067, 0.19157760471643892)": 0.941770375985136, "(0.19157760471643892, 0.3096785070622755)": 0.8873240785322368, "(0.3096785070622755, 0.44068220529968705)": 0.7565209118020121, "(0.44068220529968705, 0.5432808916455547)": 0.5775499613944457, "(0.5432808916455547, 0.7139227766912518)": 0.45711670483097033, "(0.7139227766912518, 0.8031155096365561)": 0.4436507411646331, "(0.8031155096365561, 0.9021069709983301)": 0.3842996650154725, "(0.9021069709983301, 0.9975741109092636)": 0.3027961659374263, "(0.9975741109092636, 1)": 0.027781795148658306}, "pct": 0.3027961659374263, "best_return": 4.689986781475132}}