{"ma": {"trend": "ma", "time_param": 246, "q_params": {"(0, 0.11220528300863016)": 0.9987622448136237, "(0.11220528300863016, 0.29804035650104266)": 0.9982453661604366, "(0.29804035650104266, 0.5055159539281106)": 0.9957656859962398, "(0.5055159539281106, 0.5511649160367039)": 0.9953287421942885, "(0.5511649160367039, 0.5632524253910199)": 0.9731847807222486, "(0.5632524253910199, 0.5881231300828286)": 0.9375175842218596, "(0.5881231300828286, 0.6503962021577754)": 0.925002782747587, "(0.6503962021577754, 0.7097640345085445)": 0.8594181279364679, "(0.7097640345085445, 0.9692057194092971)": 0.8200437218137593, "(0.9692057194092971, 1.0)": 0.017576411379730445}, "best_return": 5.036848554447634, "pct": 0.9987622448136237}, "ew_ma": {"time_param": 390, "trend": "ew_ma", "q_params": {"(0, 0.19934689725118893)": 0.9741579297333257, "(0.19934689725118893, 0.2083727935734437)": 0.7071060431584404, "(0.2083727935734437, 0.3531033000388995)": 0.6633819028239024, "(0.3531033000388995, 0.5993248052356601)": 0.6516521534230354, "(0.5993248052356601, 0.6409691139009165)": 0.49714107733464663, "(0.6409691139009165, 0.6775470617506956)": 0.4578267369863382, "(0.6775470617506956, 0.7308766923192972)": 0.25360627769612615, "(0.7308766923192972, 0.7997729320555255)": 0.2157270384534037, "(0.7997729320555255, 0.9918674370660269)": 0.18241998985328076, "(0.9918674370660269, 1.0)": 0.05649107577496215}, "pct": 0.25360627769612615, "best_return": 4.2532397266934225}, "rel_minmax": {"time_param": 323, "trend": "rel_minmax", "q_params": {"(0, 0.1057418017398751)": 0.9721173038279515, "(0.1057418017398751, 0.17756105606830996)": 0.8735559796570531, "(0.17756105606830996, 0.18606114216180436)": 0.7105829712675521, "(0.18606114216180436, 0.2714972521168725)": 0.6922459210184975, "(0.2714972521168725, 0.4536570909878631)": 0.686715595510216, "(0.4536570909878631, 0.6125001484106006)": 0.6545001875026435, "(0.6125001484106006, 0.6414559293699169)": 0.5168857067559549, "(0.6414559293699169, 0.7019894453283094)": 0.10646043044074383, "(0.7019894453283094, 0.8164421588481396)": 0.07479009616522893, "(0.8164421588481396, 1)": 0.0069602282236901295}, "pct": 0.0069602282236901295, "best_return": 4.892803176383168}, "ew_rel_minmax": {"time_param": 496, "trend": "ew_rel_minmax", "q_params": {"(0, 0.11965964242687666)": 0.9470120830762199, "(0.11965964242687666, 0.14895814351499717)": 0.8676472839570473, "(0.14895814351499717, 0.16683523738362416)": 0.7972983474864117, "(0.16683523738362416, 0.17758121815626768)": 0.6919193550881761, "(0.17758121815626768, 0.27890813332648)": 0.5923476458981489, "(0.27890813332648, 0.3115071581325315)": 0.37692436688295017, "(0.3115071581325315, 0.6175685195603497)": 0.3754289270136182, "(0.6175685195603497, 0.7373835050793264)": 0.2877104788878165, "(0.7373835050793264, 0.9013743460323215)": 0.19455898115097767, "(0.9013743460323215, 1)": 0.06003161239450854}, "pct": 0.06003161239450854, "best_return": 4.8342962602878945}}