{"ma": {"trend": "ma", "time_param": 246, "q_params": {"(0, 0.09680173712554503)": 0.9993949928342097, "(0.09680173712554503, 0.2863116169772195)": 0.9982453661604366, "(0.2863116169772195, 0.4852632609416016)": 0.9957656859962398, "(0.4852632609416016, 0.5387452939936128)": 0.9957007678799086, "(0.5387452939936128, 0.5632524253910199)": 0.9510112585430502, "(0.5632524253910199, 0.5720554964800546)": 0.9348229523748568, "(0.5720554964800546, 0.6503962021577754)": 0.917134812858258, "(0.6503962021577754, 0.7040554964629104)": 0.9144785469619023, "(0.7040554964629104, 0.9669271143844141)": 0.8577833979090436, "(0.9669271143844141, 1.0)": 0.017576411379730445}, "best_return": 4.256855025217965, "pct": 0.9993949928342097}, "ew_ma": {"time_param": 358, "trend": "ew_ma", "q_params": {"(0, 0.025808997285460933)": 0.9803838512451044, "(0.025808997285460933, 0.4154377654764753)": 0.755080097862929, "(0.4154377654764753, 0.42297893742332565)": 0.7294321839210698, "(0.42297893742332565, 0.600226547949593)": 0.677922272774159, "(0.600226547949593, 0.8170765428746688)": 0.5953565861961263, "(0.8170765428746688, 0.8842506434097914)": 0.5676019279883079, "(0.8842506434097914, 0.9183532168044133)": 0.5124162658368382, "(0.9183532168044133, 0.9401747314434697)": 0.5069127923669131, "(0.9401747314434697, 0.9521868778875595)": 0.4739361292860531, "(0.9521868778875595, 1.0)": 0.23141451812568684}, "pct": 0.5953565861961263, "best_return": 4.127952532916289}, "rel_minmax": {"time_param": 499, "trend": "rel_minmax", "q_params": {"(0, 0.13533222581176207)": 0.9381509109236551, "(0.13533222581176207, 0.21398423736133643)": 0.8977955665001668, "(0.21398423736133643, 0.2400402907205981)": 0.6843380109076331, "(0.2400402907205981, 0.2789270524503159)": 0.46947586238363415, "(0.2789270524503159, 0.4874282948482425)": 0.373970366978575, "(0.4874282948482425, 0.5113440424516633)": 0.2813971953412188, "(0.5113440424516633, 0.5956756104109816)": 0.27367010621448606, "(0.5956756104109816, 0.631664746706702)": 0.2187199821077432, "(0.631664746706702, 0.9630517529204726)": 0.1573278340615494, "(0.9630517529204726, 1)": 0.08690137426782696}, "pct": 0.1573278340615494, "best_return": 4.19519741129333}, "ew_rel_minmax": {"time_param": 53, "trend": "ew_rel_minmax", "q_params": {"(0, 0.36633702674242585)": 0.9631930788554846, "(0.36633702674242585, 0.3747585766606381)": 0.949620609797508, "(0.3747585766606381, 0.39373511896766544)": 0.8392973071598725, "(0.39373511896766544, 0.5313999235047833)": 0.8160048102064841, "(0.5313999235047833, 0.7022339809717127)": 0.7453551773304193, "(0.7022339809717127, 0.7698419029637161)": 0.6403748823571784, "(0.7698419029637161, 0.8145028099784319)": 0.5670219327164584, "(0.8145028099784319, 0.8417619587082168)": 0.39249705668811263, "(0.8417619587082168, 0.9703795824649042)": 0.1868678229544992, "(0.9703795824649042, 1)": 0.08044701892182365}, "pct": 0.1868678229544992, "best_return": 8.576534181112319}}