{"ma": {"trend": "ma", "time_param": 246, "q_params": {"(0, 0.1245622537252347)": 0.9996662396731983, "(0.1245622537252347, 0.30693300622264563)": 0.991733734032364, "(0.30693300622264563, 0.5180583311940691)": 0.9899202825791377, "(0.5180583311940691, 0.5606199828422959)": 0.9813628694833395, "(0.5606199828422959, 0.5660737511688414)": 0.9767364316247473, "(0.5660737511688414, 0.5944584092599955)": 0.9575138878950411, "(0.5944584092599955, 0.6487680507310538)": 0.925002782747587, "(0.6487680507310538, 0.7097640345085445)": 0.8594181279364679, "(0.7097640345085445, 0.9692057194092971)": 0.8355387759920295, "(0.9692057194092971, 1.0)": 0.02632772537222569}, "best_return": 3.5297368426986395, "pct": 0.9996662396731983}, "ew_ma": {"time_param": 451, "trend": "ew_ma", "q_params": {"(0, 0.10250389669474859)": 0.9548564547316059, "(0.10250389669474859, 0.42604675376953594)": 0.8319286515566647, "(0.42604675376953594, 0.6423174382163014)": 0.820535104765814, "(0.6423174382163014, 0.6523589455425175)": 0.6274644962309611, "(0.6523589455425175, 0.7798225565524325)": 0.6231474720754965, "(0.7798225565524325, 0.8799916398885281)": 0.593147770522794, "(0.8799916398885281, 0.8962716651966505)": 0.4871637178917133, "(0.8962716651966505, 0.9121476144902761)": 0.40623481388955085, "(0.9121476144902761, 0.937587852039409)": 0.2602910291087966, "(0.937587852039409, 1)": 0.20058475808314702}, "pct": 0.820535104765814, "best_return": 3.459215951221007}, "rel_minmax": {"time_param": 279, "trend": "rel_minmax", "q_params": {"(0, 0.07234391818884778)": 0.9791123112005538, "(0.07234391818884778, 0.09523193934488927)": 0.8849533510608518, "(0.09523193934488927, 0.4826479865276825)": 0.7774974396534491, "(0.4826479865276825, 0.566936681492606)": 0.7425777485808625, "(0.566936681492606, 0.6061006660884013)": 0.6976058126781791, "(0.6061006660884013, 0.636357443687373)": 0.6456096596241201, "(0.636357443687373, 0.6500766666354705)": 0.4795537343253515, "(0.6500766666354705, 0.6609183324878529)": 0.4184515127419202, "(0.6609183324878529, 0.8352623839924704)": 0.09955401987256836, "(0.8352623839924704, 1)": 0.001616249489788446}, "pct": 0.001616249489788446, "best_return": 6.438985900922037}, "ew_rel_minmax": {"time_param": 294, "trend": "ew_rel_minmax", "q_params": {"(0, 0.008052885356533701)": 0.9525363185740158, "(0.008052885356533701, 0.22514697944364015)": 0.9347137077619204, "(0.22514697944364015, 0.3593678621327021)": 0.8798971403782347, "(0.3593678621327021, 0.4590103474748989)": 0.7282458083102958, "(0.4590103474748989, 0.5733444125626441)": 0.6468688485212465, "(0.5733444125626441, 0.7677941797524208)": 0.5792887365319598, "(0.7677941797524208, 0.8435708340990971)": 0.5714999614147733, "(0.8435708340990971, 0.9692139163008157)": 0.10515225864805874, "(0.9692139163008157, 0.9872645669463695)": 0.04314176112135503, "(0.9872645669463695, 1)": 0.04249888247558142}, "pct": 0.04249888247558142, "best_return": 7.40729984112239}}