{"ma": {"trend": "ma", "time_param": 246, "q_params": {"(0, 0.08744332569980642)": 1.0, "(0.08744332569980642, 0.3154984430064419)": 0.9977523120600981, "(0.3154984430064419, 0.42501640166976573)": 0.9974625809272385, "(0.42501640166976573, 0.5370883973460796)": 0.9973856112993131, "(0.5370883973460796, 0.557294574370879)": 0.9790505921956977, "(0.557294574370879, 0.5726616250936212)": 0.9302768867374469, "(0.5726616250936212, 0.6111914112143619)": 0.917134812858258, "(0.6111914112143619, 0.6817947563983214)": 0.909738537085559, "(0.6817947563983214, 0.9734515539698934)": 0.9067507108560925, "(0.9734515539698934, 1.0)": 0.01588495877590556}, "best_return": 5.518399550250855, "pct": 0.9977523120600981}, "ew_ma": {"trend": "ew_ma", "time_param": 246, "q_params": {"(0, 0.0688701082506525)": 0.9987008536193145, "(0.0688701082506525, 0.41937490603818195)": 0.9979517535918778, "(0.41937490603818195, 0.4716172041155867)": 0.9976163518615824, "(0.4716172041155867, 0.49356103197837636)": 0.9975865690552437, "(0.49356103197837636, 0.495035336093665)": 0.9962366903866043, "(0.495035336093665, 0.5069037091405322)": 0.9940779728182951, "(0.5069037091405322, 0.5322053560165811)": 0.994042953005769, "(0.5322053560165811, 0.7223689922772739)": 0.9939337901578649, "(0.7223689922772739, 0.9376761013583029)": 0.9939121776491361, "(0.9376761013583029, 1.0)": 0.06816692612729769}, "best_return": 5.172214801492771, "pct": 0.9939121776491361}, "rel_minmax": {"time_param": 200, "trend": "rel_minmax", "q_params": {"(0, 0.19598203248131063)": 0.9706281816351361, "(0.19598203248131063, 0.2598144898507182)": 0.9439417421537701, "(0.2598144898507182, 0.273952452652945)": 0.9247575127430284, "(0.273952452652945, 0.4906022334984286)": 0.8054399489191996, "(0.4906022334984286, 0.5328381694104769)": 0.671851772805354, "(0.5328381694104769, 0.6510030805755256)": 0.5702537697784622, "(0.6510030805755256, 0.7126563112690636)": 0.5437179033164082, "(0.7126563112690636, 0.8458306857730692)": 0.33780268187495144, "(0.8458306857730692, 0.8717793006458359)": 0.20869829950359256, "(0.8717793006458359, 1)": 0.11889751083538505}, "pct": 0.11889751083538505, "best_return": 5.57584312842388}, "ew_rel_minmax": {"time_param": 194, "trend": "ew_rel_minmax", "q_params": {"(0, 0.040635984853410245)": 0.984719844843091, "(0.040635984853410245, 0.04945478589227334)": 0.9443623786552207, "(0.04945478589227334, 0.10236506347692298)": 0.8591772402880091, "(0.10236506347692298, 0.4861984903793541)": 0.8334357611700534, "(0.4861984903793541, 0.48724828060134484)": 0.7838566718589062, "(0.48724828060134484, 0.5137019865175425)": 0.7541073909460341, "(0.5137019865175425, 0.6389939867270586)": 0.4918084536887046, "(0.6389939867270586, 0.7883313429111167)": 0.2966152659955725, "(0.7883313429111167, 0.9667313914177218)": 0.22587177616129225, "(0.9667313914177218, 1)": 0.017798651553305917}, "pct": 0.017798651553305917, "best_return": 6.077595710427488}}