{"ma": {"trend": "ma", "time_param": 246, "q_params": {"(0, 0.1245622537252347)": 0.9996662396731983, "(0.1245622537252347, 0.30693300622264563)": 0.991733734032364, "(0.30693300622264563, 0.5180583311940691)": 0.9899202825791377, "(0.5180583311940691, 0.5606199828422959)": 0.9813628694833395, "(0.5606199828422959, 0.5660737511688414)": 0.9754806117161264, "(0.5660737511688414, 0.5881231300828286)": 0.9575138878950411, "(0.5881231300828286, 0.6487680507310538)": 0.925002782747587, "(0.6487680507310538, 0.7097640345085445)": 0.8594181279364679, "(0.7097640345085445, 0.9692057194092971)": 0.8341883386208472, "(0.9692057194092971, 1.0)": 0.0344252955641658}, "best_return": 3.7734453544025452, "pct": 0.9996662396731983}, "ew_ma": {"time_param": 390, "trend": "ew_ma", "q_params": {"(0, 0.19557370538981253)": 0.9809884083070196, "(0.19557370538981253, 0.21220960090986798)": 0.7008017726234682, "(0.21220960090986798, 0.382419761483947)": 0.666649259577768, "(0.382419761483947, 0.5961274871355181)": 0.6514808562348522, "(0.5961274871355181, 0.6427425973727523)": 0.5298853328134868, "(0.6427425973727523, 0.6544252350933216)": 0.4578267369863382, "(0.6544252350933216, 0.7209368628659047)": 0.25360627769612615, "(0.7209368628659047, 0.7967129677463377)": 0.1935098183925853, "(0.7967129677463377, 0.9964325758042605)": 0.18241998985328076, "(0.9964325758042605, 1.0)": 0.057042497995230444}, "pct": 0.4578267369863382, "best_return": 4.4863240437698035}, "rel_minmax": {"time_param": 179, "trend": "rel_minmax", "q_params": {"(0, 0.08297866779822438)": 0.9878952988558227, "(0.08297866779822438, 0.2649232227928958)": 0.8783400413382549, "(0.2649232227928958, 0.3887387085218145)": 0.8597836039911027, "(0.3887387085218145, 0.40456476834050376)": 0.8324520692250992, "(0.40456476834050376, 0.43695841642587835)": 0.7850497565884705, "(0.43695841642587835, 0.5476920548839435)": 0.6814953701734362, "(0.5476920548839435, 0.643410505809857)": 0.5527792325491433, "(0.643410505809857, 0.7742532698577221)": 0.373555698034408, "(0.7742532698577221, 0.788381992682728)": 0.3410438957755294, "(0.788381992682728, 1)": 0.1701094361385478}, "pct": 0.1701094361385478, "best_return": 5.2818619602491}, "ew_rel_minmax": {"time_param": 399, "trend": "ew_rel_minmax", "q_params": {"(0, 0.022471032428587612)": 0.8998146760802354, "(0.022471032428587612, 0.2308926512331373)": 0.8665770773858414, "(0.2308926512331373, 0.31416459035345745)": 0.6532242601241152, "(0.31416459035345745, 0.3199303781319115)": 0.6303681328641989, "(0.3199303781319115, 0.3388614720753373)": 0.5853597707131466, "(0.3388614720753373, 0.47793318795601336)": 0.5764201300180946, "(0.47793318795601336, 0.5973130173912318)": 0.570190929826417, "(0.5973130173912318, 0.7114196310751036)": 0.5334848758732933, "(0.7114196310751036, 0.9274339713528664)": 0.46540338086112154, "(0.9274339713528664, 1)": 0.08894447574165021}, "pct": 0.08894447574165021, "best_return": 4.4630475140192996}}