{"ma": {"time_param": 325, "trend": "ma", "q_params": {"(0, 0.07524096094800956)": 0.9978621920382836, "(0.07524096094800956, 0.09290020735512633)": 0.8941760954561017, "(0.09290020735512633, 0.4807512160863122)": 0.6452899586975331, "(0.4807512160863122, 0.5450966504621635)": 0.5850835099876659, "(0.5450966504621635, 0.7342301551105513)": 0.5661029978648542, "(0.7342301551105513, 0.7368494237191993)": 0.5582902413903565, "(0.7368494237191993, 0.9499041021008507)": 0.5484526393626802, "(0.9499041021008507, 0.979356096743116)": 0.5116530260525042, "(0.979356096743116, 0.993143792529707)": 0.4248450818330769, "(0.993143792529707, 1.0)": 0.15333691148085185}, "pct": 0.6452899586975331, "best_return": 3.9368751394928347}, "ew_ma": {"time_param": 457, "trend": "ew_ma", "q_params": {"(0, 0.030910257220850335)": 0.9644160197242235, "(0.030910257220850335, 0.12441171229771775)": 0.9089945756757887, "(0.12441171229771775, 0.43892556165598595)": 0.6190616143387885, "(0.43892556165598595, 0.5268609362520648)": 0.5778108370180565, "(0.5268609362520648, 0.6809211823895871)": 0.5577334123803533, "(0.6809211823895871, 0.6927552822809081)": 0.5516570691153395, "(0.6927552822809081, 0.6945832288077286)": 0.4345053720211032, "(0.6945832288077286, 0.9029863853582217)": 0.27587482067351865, "(0.9029863853582217, 0.9045213610814488)": 0.25400402186832205, "(0.9045213610814488, 1)": 0.06811344265162522}, "pct": 0.27587482067351865, "best_return": 4.24261572413724}, "rel_minmax": {"time_param": 84, "trend": "rel_minmax", "q_params": {"(0, 0.13883867958567264)": 0.8867063884251407, "(0.13883867958567264, 0.16679663347263174)": 0.7719774877619862, "(0.16679663347263174, 0.24485180825069996)": 0.7523786558285881, "(0.24485180825069996, 0.2813868187171412)": 0.7386741352247501, "(0.2813868187171412, 0.3661216138644071)": 0.7164049822164171, "(0.3661216138644071, 0.5036122906276356)": 0.43706861047974355, "(0.5036122906276356, 0.553274357054848)": 0.374583428491707, "(0.553274357054848, 0.8267388708767252)": 0.3386830509040478, "(0.8267388708767252, 0.9401390610056656)": 0.14510348712493656, "(0.9401390610056656, 1)": 0.08998575305548147}, "pct": 0.14510348712493656, "best_return": 3.9555230874078227}, "ew_rel_minmax": {"time_param": 346, "trend": "ew_rel_minmax", "q_params": {"(0, 0.1667080079249259)": 0.9462215039550592, "(0.1667080079249259, 0.3544028516267832)": 0.8012980674977741, "(0.3544028516267832, 0.4387795652915608)": 0.758130598391123, "(0.4387795652915608, 0.5158585637251191)": 0.5095155511886514, "(0.5158585637251191, 0.6795768414682456)": 0.37877758300958675, "(0.6795768414682456, 0.7477475134369993)": 0.33065096880495765, "(0.7477475134369993, 0.7640091612008895)": 0.2632663511736443, "(0.7640091612008895, 0.885587376385001)": 0.25200751409061894, "(0.885587376385001, 0.9385745536498274)": 0.14946380644042712, "(0.9385745536498274, 1)": 0.023508272598527058}, "pct": 0.023508272598527058, "best_return": 5.382189262786403}}