{"ma": {"trend": "ma", "time_param": 246, "q_params": {"(0, 0.08780348553829287)": 0.9996573336869761, "(0.08780348553829287, 0.31864310877868324)": 0.9974965594513726, "(0.31864310877868324, 0.44715614219447775)": 0.9961325932633198, "(0.44715614219447775, 0.5098243353942502)": 0.9957007678799086, "(0.5098243353942502, 0.557294574370879)": 0.9790505921956977, "(0.557294574370879, 0.5619931176460996)": 0.9489527040456149, "(0.5619931176460996, 0.6400652316103328)": 0.917134812858258, "(0.6400652316103328, 0.6735771891640644)": 0.909738537085559, "(0.6735771891640644, 0.9669271143844141)": 0.9067507108560925, "(0.9669271143844141, 1.0)": 0.01588495877590556}, "best_return": 4.9331906762270545, "pct": 0.9974965594513726}, "ew_ma": {"trend": "ew_ma", "time_param": 246, "q_params": {"(0, 0.06451093464346024)": 0.9984527857195417, "(0.06451093464346024, 0.4011689929362135)": 0.9983178809318878, "(0.4011689929362135, 0.4716172041155867)": 0.9976163518615824, "(0.4716172041155867, 0.49356103197837636)": 0.9975865690552437, "(0.49356103197837636, 0.4964871907775425)": 0.9962366903866043, "(0.4964871907775425, 0.4989016931175965)": 0.9940779728182951, "(0.4989016931175965, 0.5221795406325213)": 0.994042953005769, "(0.5221795406325213, 0.7223689922772739)": 0.9908484829166994, "(0.7223689922772739, 0.9376761013583029)": 0.9722188693113308, "(0.9376761013583029, 1.0)": 0.11119985873109824}, "best_return": 4.937620504049922, "pct": 0.9722188693113308}, "rel_minmax": {"time_param": 200, "trend": "rel_minmax", "q_params": {"(0, 0.19598203248131063)": 0.97077136360454, "(0.19598203248131063, 0.2598144898507182)": 0.9493762438058531, "(0.2598144898507182, 0.27800521145895407)": 0.9220505056735366, "(0.27800521145895407, 0.49571441167456254)": 0.8054399489191996, "(0.49571441167456254, 0.5158271281560702)": 0.6590326439823454, "(0.5158271281560702, 0.6242931327786592)": 0.5717705574815283, "(0.6242931327786592, 0.7126563112690636)": 0.5437179033164082, "(0.7126563112690636, 0.8458306857730692)": 0.32430055132117086, "(0.8458306857730692, 0.9009099011848298)": 0.20869829950359256, "(0.9009099011848298, 1.0)": 0.08509224006795496}, "pct": 0.08509224006795496, "best_return": 4.976908749197496}, "ew_rel_minmax": {"time_param": 501, "trend": "ew_rel_minmax", "q_params": {"(0, 0.17541945110520235)": 0.9609453047478302, "(0.17541945110520235, 0.3064996724397422)": 0.9246736309043055, "(0.3064996724397422, 0.381642095961544)": 0.7406068187924998, "(0.381642095961544, 0.4457969855389533)": 0.7365474635362427, "(0.4457969855389533, 0.7114333183827773)": 0.7322954095483137, "(0.7114333183827773, 0.8683808692291729)": 0.6883135844096369, "(0.8683808692291729, 0.9138567401252915)": 0.33553058456828655, "(0.9138567401252915, 0.9885053519069443)": 0.2267835980170887, "(0.9885053519069443, 0.9950874736351097)": 0.18802496379366715, "(0.9950874736351097, 1)": 0.1312663964502188}, "pct": 0.2267835980170887, "best_return": 9.859561522611138}}