{"ma": {"time_param": 505, "trend": "ma", "q_params": {"(0, 0.07858928490758019)": 0.9534093615894565, "(0.07858928490758019, 0.45171790641766363)": 0.8526255005486559, "(0.45171790641766363, 0.525987729997657)": 0.8507856006932899, "(0.525987729997657, 0.5596537799484975)": 0.83485404613594, "(0.5596537799484975, 0.5628846547003907)": 0.6203888398280756, "(0.5628846547003907, 0.7189921953484081)": 0.5096087345067631, "(0.7189921953484081, 0.7843567747816246)": 0.49427832177497233, "(0.7843567747816246, 0.8409010305798044)": 0.23171947384266456, "(0.8409010305798044, 0.8769017706702387)": 0.20301634722076664, "(0.8769017706702387, 1)": 0.12806721903610185}, "pct": 0.9534093615894565, "best_return": 2.1723006433127034}, "ew_ma": {"time_param": 287, "trend": "ew_ma", "q_params": {"(0, 0.0708279766021134)": 0.9861845863263341, "(0.0708279766021134, 0.1924860066944063)": 0.7050380556355752, "(0.1924860066944063, 0.2013090577051908)": 0.6911629042809211, "(0.2013090577051908, 0.20343485950376805)": 0.6500391890770872, "(0.20343485950376805, 0.23206676073842392)": 0.3756767206716872, "(0.23206676073842392, 0.3147012904507154)": 0.270883959527637, "(0.3147012904507154, 0.4313357736339366)": 0.23736495643118027, "(0.4313357736339366, 0.4922101383317246)": 0.16753182287233603, "(0.4922101383317246, 0.658199849090674)": 0.15464384133869222, "(0.658199849090674, 1)": 0.0678252587725715}, "pct": 0.9861845863263341, "best_return": 2.264730788548439}, "rel_minmax": {"time_param": 288, "trend": "rel_minmax", "q_params": {"(0, 0.12752688023231817)": 0.9874403615541095, "(0.12752688023231817, 0.1372183850503973)": 0.8723404423864677, "(0.1372183850503973, 0.252006804118049)": 0.8570515946864043, "(0.252006804118049, 0.36220945565365226)": 0.7781260250260957, "(0.36220945565365226, 0.5889008917566362)": 0.7686287579405909, "(0.5889008917566362, 0.6553589431303602)": 0.7564120460056913, "(0.6553589431303602, 0.6782792520210178)": 0.4622568993543005, "(0.6782792520210178, 0.8946627656581433)": 0.2250954984163949, "(0.8946627656581433, 0.9764048905701506)": 0.1416902060761106, "(0.9764048905701506, 1)": 0.036863918549757346}, "pct": 0.1416902060761106, "best_return": 7.853750087480721}, "ew_rel_minmax": {"time_param": 250, "trend": "ew_rel_minmax", "q_params": {"(0, 0.43128900552018024)": 0.948337813654977, "(0.43128900552018024, 0.4841972542397085)": 0.9344872133353359, "(0.4841972542397085, 0.5630076491724407)": 0.8847745031361807, "(0.5630076491724407, 0.5642361029979391)": 0.8718783941722992, "(0.5642361029979391, 0.6414793517923474)": 0.7716018657663963, "(0.6414793517923474, 0.6875128945167707)": 0.2400044730814095, "(0.6875128945167707, 0.7707492838953084)": 0.11688150518383611, "(0.7707492838953084, 0.7994123766687514)": 0.07492254407756362, "(0.7994123766687514, 0.8915923005049934)": 0.02167888217359344, "(0.8915923005049934, 1.0)": 0.0039042386066246723}, "pct": 0.0039042386066246723, "best_return": 9.763076774955504}}