{"ma": {"trend": "ma", "time_param": 246, "q_params": {"(0.0, 0.1245622537252347)": 0.9996662396731983, "(0.1245622537252347, 0.30693300622264563)": 0.9973426354354563, "(0.30693300622264563, 0.5180583311940691)": 0.9899202825791377, "(0.5180583311940691, 0.5555132485942026)": 0.9809653623191615, "(0.5555132485942026, 0.5630929038752278)": 0.9731847807222486, "(0.5630929038752278, 0.5881231300828286)": 0.9375175842218596, "(0.5881231300828286, 0.6487680507310538)": 0.925002782747587, "(0.6487680507310538, 0.7097640345085445)": 0.8594181279364679, "(0.7097640345085445, 0.9692057194092971)": 0.8200437218137593, "(0.9692057194092971, 1.0)": 0.017576411379730445}, "best_return": 4.095132354667688, "pct": 1}, "ew_ma": {"time_param": 390, "trend": "ew_ma", "q_params": {"(0, 0.19810220633895698)": 0.9741579297333257, "(0.19810220633895698, 0.21220960090986798)": 0.712129329677005, "(0.21220960090986798, 0.3531033000388995)": 0.666649259577768, "(0.3531033000388995, 0.5993248052356601)": 0.6516521534230354, "(0.5993248052356601, 0.6409691139009165)": 0.5036081664881218, "(0.6409691139009165, 0.6775470617506956)": 0.4578267369863382, "(0.6775470617506956, 0.7237610774779623)": 0.25360627769612615, "(0.7237610774779623, 0.7997729320555255)": 0.18881414468080088, "(0.7997729320555255, 0.9964325758042605)": 0.18241998985328076, "(0.9964325758042605, 1.0)": 0.06148824994271979}, "pct": 0.4578267369863382, "best_return": 4.193485779814855}, "rel_minmax": {"time_param": 310, "trend": "rel_minmax", "q_params": {"(0, 0.0069961802664281645)": 0.8655122980784099, "(0.0069961802664281645, 0.18600242839283365)": 0.7707163270585142, "(0.18600242839283365, 0.21848478917170266)": 0.6970757425172387, "(0.21848478917170266, 0.2644230118666996)": 0.6745558659382275, "(0.2644230118666996, 0.33382903931880314)": 0.512988551549718, "(0.33382903931880314, 0.6985127724869652)": 0.4542939869296374, "(0.6985127724869652, 0.70762228947107)": 0.3046229300600555, "(0.70762228947107, 0.946389297093783)": 0.2857982129894457, "(0.946389297093783, 0.9716695714697027)": 0.24088757492344684, "(0.9716695714697027, 1)": 0.1016160056762122}, "pct": 0.1016160056762122, "best_return": 4.421832043431716}, "ew_rel_minmax": {"time_param": 84, "trend": "ew_rel_minmax", "q_params": {"(0, 0.5178282674243796)": 0.8830817647678243, "(0.5178282674243796, 0.6561808010942213)": 0.7512612791398631, "(0.6561808010942213, 0.6575153215986186)": 0.7234335870477431, "(0.6575153215986186, 0.7909058637347655)": 0.6867339926997665, "(0.7909058637347655, 0.7987625628028111)": 0.6714387597438994, "(0.7987625628028111, 0.8149763304645008)": 0.6234784011719208, "(0.8149763304645008, 0.83044799001197)": 0.6197750373826331, "(0.83044799001197, 0.8307244864923936)": 0.31817313111009604, "(0.8307244864923936, 0.8691037243541802)": 0.040809571796930705, "(0.8691037243541802, 1)": 0.018015883911435437}, "pct": 0.018015883911435437, "best_return": 5.855593892531363}}