{"ma": {"trend": "ma", "time_param": 246, "q_params": {"(0, 0.1245622537252347)": 0.9996662396731983, "(0.1245622537252347, 0.30693300622264563)": 0.9973426354354563, "(0.30693300622264563, 0.5180583311940691)": 0.9899202825791377, "(0.5180583311940691, 0.5555132485942026)": 0.9809653623191615, "(0.5555132485942026, 0.5630929038752278)": 0.9731847807222486, "(0.5630929038752278, 0.5881231300828286)": 0.9375175842218596, "(0.5881231300828286, 0.6487680507310538)": 0.925002782747587, "(0.6487680507310538, 0.7097640345085445)": 0.8594181279364679, "(0.7097640345085445, 0.9692057194092971)": 0.8200437218137593, "(0.9692057194092971, 1.0)": 0.017576411379730445}, "best_return": 4.877816536788138, "pct": 0.9996662396731983}, "ew_ma": {"time_param": 390, "trend": "ew_ma", "q_params": {"(0.0, 0.19934689725118893)": 0.9741579297333257, "(0.19934689725118893, 0.2083727935734437)": 0.7071060431584404, "(0.2083727935734437, 0.3531033000388995)": 0.6633819028239024, "(0.3531033000388995, 0.5993248052356601)": 0.6516521534230354, "(0.5993248052356601, 0.6409691139009165)": 0.49714107733464663, "(0.6409691139009165, 0.6775470617506956)": 0.4578267369863382, "(0.6775470617506956, 0.7308766923192972)": 0.25360627769612615, "(0.7308766923192972, 0.7997729320555255)": 0.2157270384534037, "(0.7997729320555255, 0.9918674370660269)": 0.18241998985328076, "(0.9918674370660269, 1.0)": 0.05649107577496215}, "pct": 1, "best_return": 4.432277624932535}, "rel_minmax": {"time_param": 278, "trend": "rel_minmax", "q_params": {"(0, 0.07980498325380636)": 0.9103591252526414, "(0.07980498325380636, 0.10565044357575515)": 0.8866615312787519, "(0.10565044357575515, 0.16316519697536883)": 0.7413347097045941, "(0.16316519697536883, 0.20930551360424188)": 0.7210777647423978, "(0.20930551360424188, 0.6404019908506141)": 0.6484627314667512, "(0.6404019908506141, 0.6498380731970296)": 0.47431149729086863, "(0.6498380731970296, 0.7619300195508678)": 0.22469883818047887, "(0.7619300195508678, 0.8577387838280556)": 0.2036357813094658, "(0.8577387838280556, 0.9995642792044754)": 0.18199764278637265, "(0.9995642792044754, 1)": 0.03568194256437496}, "pct": 0.18199764278637265, "best_return": 6.812614027818621}, "ew_rel_minmax": {"time_param": 327, "trend": "ew_rel_minmax", "q_params": {"(0, 0.24086890512934087)": 0.9617620965972866, "(0.24086890512934087, 0.5563709582897942)": 0.7937392425446567, "(0.5563709582897942, 0.5764776750977809)": 0.7252307660304123, "(0.5764776750977809, 0.6881791244928046)": 0.6267343389620116, "(0.6881791244928046, 0.7230670494095848)": 0.6231727196394456, "(0.7230670494095848, 0.7788964721605824)": 0.4189196642302435, "(0.7788964721605824, 0.8981210603048896)": 0.39555579865246315, "(0.8981210603048896, 0.9380558900551937)": 0.34212923420323027, "(0.9380558900551937, 0.9442846486462272)": 0.23917903422794384, "(0.9442846486462272, 1)": 0.03569932161812117}, "pct": 0.03569932161812117, "best_return": 8.92667903576371}}