{"ma": {"time_param": 438, "trend": "ma", "q_params": {"(0, 0.05139169099082696)": 0.8430119992260439, "(0.05139169099082696, 0.11647990993819878)": 0.8098344650983609, "(0.11647990993819878, 0.7152432832470944)": 0.7891556860216564, "(0.7152432832470944, 0.778631164957864)": 0.7821904002713899, "(0.778631164957864, 0.80742554385754)": 0.6668061958242311, "(0.80742554385754, 0.850200285335492)": 0.6522160444888974, "(0.850200285335492, 0.8831753512706867)": 0.4966183392807415, "(0.8831753512706867, 0.8879365660220094)": 0.448072625351555, "(0.8879365660220094, 0.9086669701931237)": 0.30199562149524983, "(0.9086669701931237, 1.0)": 0.07439428452464958}, "pct": 0.7891556860216564, "best_return": 2.110312818151815}, "ew_ma": {"time_param": 460, "trend": "ew_ma", "q_params": {"(0, 0.14551486450501996)": 0.9630048482382148, "(0.14551486450501996, 0.18447491873456315)": 0.9504294571584093, "(0.18447491873456315, 0.33890949513517526)": 0.8628810977736044, "(0.33890949513517526, 0.7924990376743369)": 0.8624055686195454, "(0.7924990376743369, 0.9252853592503858)": 0.8524867824854724, "(0.9252853592503858, 0.9425284540918704)": 0.8162775857002836, "(0.9425284540918704, 0.965072890112372)": 0.425025943189808, "(0.965072890112372, 0.9752585389829854)": 0.3917418076242484, "(0.9752585389829854, 0.9818493678182313)": 0.17981713013046485, "(0.9818493678182313, 1.0)": 0.13776886164075536}, "pct": 0.8624055686195454, "best_return": 2.4302567111982807}, "rel_minmax": {"time_param": 390, "trend": "rel_minmax", "q_params": {"(0, 0.001878689978989323)": 0.8831114737757991, "(0.001878689978989323, 0.17560677382042333)": 0.8618992646677324, "(0.17560677382042333, 0.3566357627094794)": 0.7577482883879354, "(0.3566357627094794, 0.6217111983952632)": 0.7052330171438442, "(0.6217111983952632, 0.6493426387754826)": 0.5263263516303237, "(0.6493426387754826, 0.7496709291556719)": 0.3851634750166031, "(0.7496709291556719, 0.816243961698166)": 0.2380711589365726, "(0.816243961698166, 0.8653514776957704)": 0.2349724569591649, "(0.8653514776957704, 0.9201721952247763)": 0.22600173392864092, "(0.9201721952247763, 1)": 0.024797997330530452}, "pct": 0.024797997330530452, "best_return": 1.9334993559273583}, "ew_rel_minmax": {"time_param": 351, "trend": "ew_rel_minmax", "q_params": {"(0, 0.06660474518127979)": 0.9641963388238032, "(0.06660474518127979, 0.10044737128347714)": 0.9135020419610322, "(0.10044737128347714, 0.32318614615093394)": 0.7667682773746342, "(0.32318614615093394, 0.5389789598455067)": 0.65338607425092, "(0.5389789598455067, 0.7301000436330883)": 0.5141409241688493, "(0.7301000436330883, 0.7387378346286095)": 0.41900054245755136, "(0.7387378346286095, 0.7703423269320037)": 0.3613743566765125, "(0.7703423269320037, 0.8047492065384737)": 0.25059147323841136, "(0.8047492065384737, 0.8515570587311622)": 0.16913522221446575, "(0.8515570587311622, 1)": 0.15145374589785418}, "pct": 0.15145374589785418, "best_return": 2.1161309774914066}}