{"ma": {"time_param": 192, "trend": "ma", "q_params": {"(0, 0.5225582327592212)": 0.9997028411201404, "(0.5225582327592212, 0.5755546511821263)": 0.9996114201148459, "(0.5755546511821263, 0.6338717832777584)": 0.9855279286163724, "(0.6338717832777584, 0.6382174614705414)": 0.9852221023950678, "(0.6382174614705414, 0.6544514505952197)": 0.617267736409327, "(0.6544514505952197, 0.6710128153792522)": 0.6034323087877494, "(0.6710128153792522, 0.8072149205128694)": 0.5350987244715503, "(0.8072149205128694, 0.9224526949818059)": 0.29729979393894196, "(0.9224526949818059, 0.9853111619689704)": 0.2718436623906733, "(0.9853111619689704, 1.0)": 0.028993563769015337}, "best_return": 2.8486125490366945, "pct": 0.9997028411201404}, "ew_ma": {"trend": "ew_ma", "time_param": 236, "q_params": {"(0, 0.1525992659458388)": 1.0, "(0.1525992659458388, 0.19206693225028304)": 0.9988108737646227, "(0.19206693225028304, 0.21091953083153286)": 0.9979433006716241, "(0.21091953083153286, 0.21857696412518113)": 0.9964775349055632, "(0.21857696412518113, 0.6859529668022124)": 0.9964620538952497, "(0.6859529668022124, 0.8248259215174462)": 0.9960912495495063, "(0.8248259215174462, 0.8662323710950155)": 0.9960140948491212, "(0.8662323710950155, 0.8691081600529185)": 0.995501409841946, "(0.8691081600529185, 0.9872036838268685)": 0.9917003277898297, "(0.9872036838268685, 1.0)": 0.07139581808229528}, "best_return": 3.0322075306531127, "pct": 0.9960912495495063}, "rel_minmax": {"trend": "rel_minmax", "time_param": 236, "q_params": {"(0.0, 0.24520117734987107)": 1.0, "(0.24520117734987107, 0.30805150357812106)": 0.9999280852719106, "(0.30805150357812106, 0.31831776931483957)": 0.9982719221894987, "(0.31831776931483957, 0.3225953124215651)": 0.9979787041106177, "(0.3225953124215651, 0.5)": 0.9943849072906681, "(0.5, 0.6806428091088957)": 0.9941075496453955, "(0.6806428091088957, 0.7000000000000001)": 0.9939906926225468, "(0.7000000000000001, 0.8915590503641546)": 0.9939465704096911, "(0.8915590503641546, 0.9569660940911194)": 0.9808396108574827, "(0.9569660940911194, 1.0)": 0.9684417042709232}, "best_return": 2.5588972465522373, "pct": 1}, "ew_rel_minmax": {"trend": "ew_rel_minmax", "time_param": 236, "q_params": {"(0.0, 0.27521388354304543)": 0.9999706539844648, "(0.27521388354304543, 0.3094254175772239)": 0.9999442765802068, "(0.3094254175772239, 0.32487753151037246)": 0.9998868553214533, "(0.32487753151037246, 0.328886061114143)": 0.996481242451909, "(0.328886061114143, 0.5578283991229652)": 0.9940989878067701, "(0.5578283991229652, 0.6203895277642223)": 0.9926522936805544, "(0.6203895277642223, 0.8499344917171442)": 0.9924130978051009, "(0.8499344917171442, 0.9419940461880191)": 0.9923320554035965, "(0.9419940461880191, 0.9968216553654242)": 0.9921896974780907, "(0.9968216553654242, 1.0)": 0.9910359161258742}, "best_return": 2.5588972465522373, "pct": 1}}