{"ma": {"time_param": 438, "trend": "ma", "q_params": {"(0, 0.05139169099082696)": 0.8430119992260439, "(0.05139169099082696, 0.11647990993819878)": 0.8098344650983609, "(0.11647990993819878, 0.7234590914785525)": 0.8001476904574825, "(0.7234590914785525, 0.778631164957864)": 0.7821904002713899, "(0.778631164957864, 0.80742554385754)": 0.6732633313372834, "(0.80742554385754, 0.850200285335492)": 0.6522160444888974, "(0.850200285335492, 0.8831753512706867)": 0.4966183392807415, "(0.8831753512706867, 0.895934433526565)": 0.448072625351555, "(0.895934433526565, 0.9086669701931237)": 0.29665353868062644, "(0.9086669701931237, 1.0)": 0.07439428452464958}, "pct": 0.8001476904574825, "best_return": 2.135791253808205}, "ew_ma": {"time_param": 460, "trend": "ew_ma", "q_params": {"(0, 0.13926059566160431)": 0.9630048482382148, "(0.13926059566160431, 0.18447491873456315)": 0.9504294571584093, "(0.18447491873456315, 0.33890949513517526)": 0.8628810977736044, "(0.33890949513517526, 0.7924990376743369)": 0.8624055686195454, "(0.7924990376743369, 0.9252853592503858)": 0.8524867824854724, "(0.9252853592503858, 0.9425284540918704)": 0.8162775857002836, "(0.9425284540918704, 0.965072890112372)": 0.425025943189808, "(0.965072890112372, 0.9752585389829854)": 0.40429661806472494, "(0.9752585389829854, 0.9818493678182313)": 0.17981713013046485, "(0.9818493678182313, 1.0)": 0.13241421238911943}, "pct": 0.8624055686195454, "best_return": 2.446677455336146}, "rel_minmax": {"time_param": 12, "trend": "rel_minmax", "q_params": {"(0, 0.0202990019103666)": 0.8657258548785581, "(0.0202990019103666, 0.1223752860727787)": 0.83624033067108, "(0.1223752860727787, 0.1938361998355561)": 0.7760612063647966, "(0.1938361998355561, 0.30663682012285365)": 0.7119525957721252, "(0.30663682012285365, 0.34605338386218676)": 0.6021411396678885, "(0.34605338386218676, 0.36448947468913506)": 0.5424136922117753, "(0.36448947468913506, 0.4511983385393856)": 0.4631403942705794, "(0.4511983385393856, 0.6510928433432582)": 0.3408793757054447, "(0.6510928433432582, 0.7991908774481113)": 0.2641555297834909, "(0.7991908774481113, 1)": 0.2075178049111378}, "pct": 0.3408793757054447, "best_return": 1.9469624666493996}, "ew_rel_minmax": {"time_param": 368, "trend": "ew_rel_minmax", "q_params": {"(0, 0.1507376610067833)": 0.9241624776415267, "(0.1507376610067833, 0.30344651023857205)": 0.8947311737628183, "(0.30344651023857205, 0.3537267444889667)": 0.837661016309877, "(0.3537267444889667, 0.49198701567484293)": 0.8121344511712637, "(0.49198701567484293, 0.6080301586311387)": 0.7609511708425999, "(0.6080301586311387, 0.6816974416021091)": 0.7279308147143784, "(0.6816974416021091, 0.8281345913700623)": 0.6050352500219836, "(0.8281345913700623, 0.8813275112041967)": 0.38176732143139336, "(0.8813275112041967, 0.9415661565489569)": 0.09485478452814587, "(0.9415661565489569, 1)": 0.07478084798507065}, "pct": 0.07478084798507065, "best_return": 2.2382753158217463}}