{"ma": {"time_param": 192, "trend": "ma", "q_params": {"(0, 0.5392354965311845)": 0.9996907896988497, "(0.5392354965311845, 0.5755546511821263)": 0.9730243193354793, "(0.5755546511821263, 0.5799156672789095)": 0.9553637243018931, "(0.5799156672789095, 0.626107197595743)": 0.8688158151783744, "(0.626107197595743, 0.6473026510394667)": 0.6600960339854586, "(0.6473026510394667, 0.6844804256807033)": 0.5697746943670362, "(0.6844804256807033, 0.8022915385919805)": 0.5505434419369285, "(0.8022915385919805, 0.9526819615489781)": 0.2845197128957206, "(0.9526819615489781, 0.9737436810753956)": 0.2557733300997598, "(0.9737436810753956, 1.0)": 0.19304811469431563}, "best_return": 2.1555865145307953, "pct": 0.9996907896988497}, "ew_ma": {"trend": "ew_ma", "time_param": 236, "q_params": {"(0, 0.14102187595162172)": 0.9992755698261129, "(0.14102187595162172, 0.17052229840913344)": 0.9980697538227283, "(0.17052229840913344, 0.20768674166060028)": 0.9976675408660222, "(0.20768674166060028, 0.21857696412518113)": 0.9973793782455606, "(0.21857696412518113, 0.6640334658281001)": 0.9970758449005369, "(0.6640334658281001, 0.8225603927157569)": 0.9963260811690507, "(0.8225603927157569, 0.8368780134421706)": 0.9956084611129195, "(0.8368780134421706, 0.8687454751623536)": 0.9262640183379526, "(0.8687454751623536, 0.9324080404662947)": 0.2988202049851709, "(0.9324080404662947, 1.0)": 0.06546604396108431}, "best_return": 2.158278718862957, "pct": 0.9970758449005369}, "rel_minmax": {"time_param": 376, "trend": "rel_minmax", "q_params": {"(0, 0.06025866515659241)": 0.9896045032958387, "(0.06025866515659241, 0.18326004339463556)": 0.9673635220011068, "(0.18326004339463556, 0.2834292410569734)": 0.961823703764825, "(0.2834292410569734, 0.4380570780284012)": 0.9303644489731844, "(0.4380570780284012, 0.46609327785771226)": 0.7931628154270741, "(0.46609327785771226, 0.5495750112327967)": 0.6943646212194188, "(0.5495750112327967, 0.5521829605849721)": 0.5658420007147196, "(0.5521829605849721, 0.7954871289907876)": 0.522390756687252, "(0.7954871289907876, 0.9409081777915037)": 0.4015915161488711, "(0.9409081777915037, 1)": 0.27517953473882895}, "pct": 0.27517953473882895, "best_return": 2.0539464953894333}, "ew_rel_minmax": {"time_param": 371, "trend": "ew_rel_minmax", "q_params": {"(0, 0.31899994607160587)": 0.9963146555194459, "(0.31899994607160587, 0.5255189148069279)": 0.8867281621612144, "(0.5255189148069279, 0.6298891836434811)": 0.6316481532088289, "(0.6298891836434811, 0.6438289413476567)": 0.5236834844195107, "(0.6438289413476567, 0.6692492966408513)": 0.3535381485565984, "(0.6692492966408513, 0.7185616396509087)": 0.3275828808534154, "(0.7185616396509087, 0.7192143010328174)": 0.27003089676358905, "(0.7192143010328174, 0.8202705751213526)": 0.2679584221503589, "(0.8202705751213526, 0.9918996886706416)": 0.1977219945240407, "(0.9918996886706416, 1)": 0.11824753485332465}, "pct": 0.11824753485332465, "best_return": 2.234348518256859}}