{"ma": {"time_param": 438, "trend": "ma", "q_params": {"(0, 0.05139169099082696)": 0.8430119992260439, "(0.05139169099082696, 0.11142526200860858)": 0.8098344650983609, "(0.11142526200860858, 0.7152432832470944)": 0.7891556860216564, "(0.7152432832470944, 0.7797702455744213)": 0.7821904002713899, "(0.7797702455744213, 0.80742554385754)": 0.6668061958242311, "(0.80742554385754, 0.850200285335492)": 0.6522160444888974, "(0.850200285335492, 0.8602394749400593)": 0.4966183392807415, "(0.8602394749400593, 0.8879365660220094)": 0.448072625351555, "(0.8879365660220094, 0.9260632845563317)": 0.2774974438284504, "(0.9260632845563317, 1)": 0.07439428452464958}, "pct": 0.7891556860216564, "best_return": 2.1093019231730206}, "ew_ma": {"time_param": 460, "trend": "ew_ma", "q_params": {"(0, 0.14551486450501996)": 0.9532126547755024, "(0.14551486450501996, 0.17514814901252307)": 0.9504294571584093, "(0.17514814901252307, 0.33890949513517526)": 0.8628810977736044, "(0.33890949513517526, 0.7924990376743369)": 0.8624055686195454, "(0.7924990376743369, 0.9252853592503858)": 0.8524867824854724, "(0.9252853592503858, 0.9425284540918704)": 0.8162775857002836, "(0.9425284540918704, 0.9502848314192327)": 0.425025943189808, "(0.9502848314192327, 0.9752585389829854)": 0.3917418076242484, "(0.9752585389829854, 0.9818493678182313)": 0.17981713013046485, "(0.9818493678182313, 1.0)": 0.13776886164075536}, "pct": 0.8624055686195454, "best_return": 2.38423934573676}, "rel_minmax": {"time_param": 452, "trend": "rel_minmax", "q_params": {"(0, 0.2156803385045657)": 0.9543618732875335, "(0.2156803385045657, 0.4507438496131708)": 0.8013612560495461, "(0.4507438496131708, 0.5153585964697461)": 0.5147082428157383, "(0.5153585964697461, 0.5704888488516027)": 0.509914146545435, "(0.5704888488516027, 0.7889244463545688)": 0.4534341835059794, "(0.7889244463545688, 0.7904311777369245)": 0.39080374304543886, "(0.7904311777369245, 0.8255985417751396)": 0.2272056502428701, "(0.8255985417751396, 0.9126730210475659)": 0.22019898573288862, "(0.9126730210475659, 0.9142376446753031)": 0.1829411280862291, "(0.9142376446753031, 1)": 0.01877401037165976}, "pct": 0.01877401037165976, "best_return": 2.1567687657867163}, "ew_rel_minmax": {"time_param": 392, "trend": "ew_rel_minmax", "q_params": {"(0, 0.23388844205067938)": 0.9222241600475208, "(0.23388844205067938, 0.2809939752801426)": 0.8667765016643563, "(0.2809939752801426, 0.3727296888453341)": 0.8656875365518332, "(0.3727296888453341, 0.3783387583618423)": 0.8593474677844469, "(0.3783387583618423, 0.518085191825509)": 0.6614227122216481, "(0.518085191825509, 0.5416079665585316)": 0.5637430226091377, "(0.5416079665585316, 0.6759966864300601)": 0.36191691502516243, "(0.6759966864300601, 0.677019234534492)": 0.328217848605148, "(0.677019234534492, 0.727537177364529)": 0.3160572765792501, "(0.727537177364529, 1)": 0.1211017425954487}, "pct": 0.1211017425954487, "best_return": 2.207485763485727}}