{"ma": {"time_param": 138, "trend": "ma", "q_params": {"(0, 0.014206928085079062)": 0.9867779063481577, "(0.014206928085079062, 0.2834209590087244)": 0.89048953632539, "(0.2834209590087244, 0.4530410360954766)": 0.8473380955044338, "(0.4530410360954766, 0.4829093068562361)": 0.7586715279900768, "(0.4829093068562361, 0.4923712061305616)": 0.6644567186152185, "(0.4923712061305616, 0.5174513574986762)": 0.4330876706329855, "(0.5174513574986762, 0.5438133130056595)": 0.30312667468048843, "(0.5438133130056595, 0.6468657312071459)": 0.3002134355055267, "(0.6468657312071459, 0.8932287776017351)": 0.11736673655424568, "(0.8932287776017351, 1)": 0.0007711043102245352}, "pct": 0.89048953632539, "best_return": 1.9860859738771908}, "ew_ma": {"trend": "ew_ma", "time_param": 236, "q_params": {"(0, 0.14802666991651697)": 0.9998275179569232, "(0.14802666991651697, 0.15263873841157397)": 0.9986661774211936, "(0.15263873841157397, 0.20768674166060028)": 0.9980267564442573, "(0.20768674166060028, 0.20820547184550017)": 0.9973483501817377, "(0.20820547184550017, 0.6887831955293787)": 0.9967639760115419, "(0.6887831955293787, 0.8225603927157569)": 0.9963260811690507, "(0.8225603927157569, 0.8438387601663546)": 0.9921136407701032, "(0.8438387601663546, 0.8506830859677795)": 0.8972942486217369, "(0.8506830859677795, 0.9329291426923005)": 0.3020352468892851, "(0.9329291426923005, 1.0)": 0.06688112285106858}, "best_return": 2.1151604764776506, "pct": 0.9967639760115419}, "rel_minmax": {"time_param": 360, "trend": "rel_minmax", "q_params": {"(0, 0.11410413755806714)": 0.9722090647267089, "(0.11410413755806714, 0.1841528956287849)": 0.795667921316856, "(0.1841528956287849, 0.21004806560338934)": 0.6816522171264632, "(0.21004806560338934, 0.28212212456129715)": 0.6139492671009317, "(0.28212212456129715, 0.4397625743229342)": 0.5841111998591059, "(0.4397625743229342, 0.5304051367130558)": 0.38871670351064047, "(0.5304051367130558, 0.7267088592621157)": 0.35567569760389633, "(0.7267088592621157, 0.9206224004370287)": 0.3144894464952449, "(0.9206224004370287, 0.9389751635533008)": 0.06138783842952056, "(0.9389751635533008, 1)": 0.041969994956496115}, "pct": 0.041969994956496115, "best_return": 2.168392905118207}, "ew_rel_minmax": {"time_param": 334, "trend": "ew_rel_minmax", "q_params": {"(0, 0.03053352995876963)": 0.9891726857863216, "(0.03053352995876963, 0.1236271904671927)": 0.9330082286784332, "(0.1236271904671927, 0.19213177192124486)": 0.7577944930599073, "(0.19213177192124486, 0.23378568179959178)": 0.7378734223498911, "(0.23378568179959178, 0.2732158462246197)": 0.6519276347749692, "(0.2732158462246197, 0.3470418396800099)": 0.6276417108078987, "(0.3470418396800099, 0.6396741104217315)": 0.6153272083727727, "(0.6396741104217315, 0.9371023411540884)": 0.5519441019731893, "(0.9371023411540884, 0.9600012516039386)": 0.3836931610757851, "(0.9600012516039386, 1.0)": 0.18908564034070852}, "pct": 0.18908564034070852, "best_return": 1.949798101923628}}