{"ma": {"time_param": 442, "trend": "ma", "q_params": {"(0, 0.021423681469941003)": 0.9868482997003908, "(0.021423681469941003, 0.09551013998239627)": 0.9818652157392419, "(0.09551013998239627, 0.19587276527489006)": 0.893143699204516, "(0.19587276527489006, 0.3823682450573642)": 0.87647500369989, "(0.3823682450573642, 0.5388884114789178)": 0.848013711067687, "(0.5388884114789178, 0.8162392180480619)": 0.8021182964819946, "(0.8162392180480619, 0.9306751638707514)": 0.7883766120428407, "(0.9306751638707514, 0.9428655553616414)": 0.7110344170312773, "(0.9428655553616414, 0.9758401811898127)": 0.5231337811384409, "(0.9758401811898127, 1)": 0.2094681936486692}, "pct": 0.9818652157392419, "best_return": 1.740165216549806}, "ew_ma": {"time_param": 284, "trend": "ew_ma", "q_params": {"(0, 0.09757184322018209)": 0.9656411865236881, "(0.09757184322018209, 0.15657543131472698)": 0.6946059109081587, "(0.15657543131472698, 0.24537662493719964)": 0.6830564543817187, "(0.24537662493719964, 0.3539897686078963)": 0.6382207593793162, "(0.3539897686078963, 0.5291431477696783)": 0.5671771602422109, "(0.5291431477696783, 0.7481338586859577)": 0.5582460314094858, "(0.7481338586859577, 0.8402749488570201)": 0.5009546554945379, "(0.8402749488570201, 0.9109769952824944)": 0.4305136172836824, "(0.9109769952824944, 0.9577157778476719)": 0.39422960647838334, "(0.9577157778476719, 1.0)": 0.01664417398270024}, "pct": 0.6382207593793162, "best_return": 1.7410191890263964}, "rel_minmax": {"time_param": 76, "trend": "rel_minmax", "q_params": {"(0, 0.01271472484681302)": 0.9156866212939373, "(0.01271472484681302, 0.055738590295094426)": 0.9106663649432839, "(0.055738590295094426, 0.192894733314821)": 0.8827087918818601, "(0.192894733314821, 0.3552039375646022)": 0.8285044898442878, "(0.3552039375646022, 0.4903375227216109)": 0.6934675696520162, "(0.4903375227216109, 0.5104590632721963)": 0.6638159570371177, "(0.5104590632721963, 0.5650108106517534)": 0.5873201471072993, "(0.5650108106517534, 0.6276628208457399)": 0.38314866774741185, "(0.6276628208457399, 0.8466828007984228)": 0.3483673159795817, "(0.8466828007984228, 1)": 0.11122175377780796}, "pct": 0.11122175377780796, "best_return": 1.9410394135522724}, "ew_rel_minmax": {"time_param": 56, "trend": "ew_rel_minmax", "q_params": {"(0, 0.31619836782514377)": 0.9623830792574233, "(0.31619836782514377, 0.3541519280311648)": 0.921873393444318, "(0.3541519280311648, 0.3710624800267287)": 0.834613277471544, "(0.3710624800267287, 0.4260902603571405)": 0.8006364963159952, "(0.4260902603571405, 0.4479087770716397)": 0.7954813573813168, "(0.4479087770716397, 0.6683313114814627)": 0.4096739332916226, "(0.6683313114814627, 0.7513067375599739)": 0.37208371276718377, "(0.7513067375599739, 0.8443689569221241)": 0.3367091960698687, "(0.8443689569221241, 0.8466994764807854)": 0.10521907480340065, "(0.8466994764807854, 1)": 0.06817526796956985}, "pct": 0.3367091960698687, "best_return": 2.371507627923238}}