{"ma": {"time_param": 138, "trend": "ma", "q_params": {"(0, 0.025105483184603157)": 0.9819661941019728, "(0.025105483184603157, 0.2834209590087244)": 0.9437216630282498, "(0.2834209590087244, 0.44449436523352404)": 0.8842274560872406, "(0.44449436523352404, 0.4850436714575265)": 0.7586715279900768, "(0.4850436714575265, 0.4982717860452897)": 0.6272712731585222, "(0.4982717860452897, 0.5039941477925246)": 0.415770387801215, "(0.5039941477925246, 0.5438133130056595)": 0.30312667468048843, "(0.5438133130056595, 0.6468657312071459)": 0.3002134355055267, "(0.6468657312071459, 0.9011443919387823)": 0.11736673655424568, "(0.9011443919387823, 1.0)": 0.0007711043102245352}, "pct": 0.9437216630282498, "best_return": 2.1692081560627665}, "ew_ma": {"trend": "ew_ma", "time_param": 236, "q_params": {"(0, 0.13249796313877207)": 0.9997351065208621, "(0.13249796313877207, 0.15263873841157397)": 0.9986661774211936, "(0.15263873841157397, 0.1858146243591547)": 0.9980539892871194, "(0.1858146243591547, 0.19822246161752716)": 0.9973483501817377, "(0.19822246161752716, 0.7091592621792726)": 0.9958619202336543, "(0.7091592621792726, 0.8225603927157569)": 0.9956306003623595, "(0.8225603927157569, 0.8367189618793839)": 0.9722152328479391, "(0.8367189618793839, 0.8506830859677795)": 0.8972942486217369, "(0.8506830859677795, 0.9428449622522005)": 0.3020352468892851, "(0.9428449622522005, 1.0)": 0.06688112285106858}, "best_return": 2.0616925595567843, "pct": 0.9958619202336543}, "rel_minmax": {"time_param": 317, "trend": "rel_minmax", "q_params": {"(0, 0.14001458999813482)": 0.9996927856885395, "(0.14001458999813482, 0.27300077246830845)": 0.9414510211517665, "(0.27300077246830845, 0.3035012241595151)": 0.9102219281232001, "(0.3035012241595151, 0.45745483818483884)": 0.7779579416584822, "(0.45745483818483884, 0.5433306343535257)": 0.7218779463649984, "(0.5433306343535257, 0.6412030240247116)": 0.4616771135395441, "(0.6412030240247116, 0.7561202301310032)": 0.42389622240316505, "(0.7561202301310032, 0.7673342515512498)": 0.405470722697089, "(0.7673342515512498, 0.8714807667863618)": 0.3892614282788042, "(0.8714807667863618, 1)": 0.3256246681481195}, "pct": 0.3256246681481195, "best_return": 1.9842598947111512}, "ew_rel_minmax": {"time_param": 309, "trend": "ew_rel_minmax", "q_params": {"(0, 0.0506531382200337)": 0.9704935136156397, "(0.0506531382200337, 0.17010050227799525)": 0.9049076346232249, "(0.17010050227799525, 0.3916470682336448)": 0.7159375667404859, "(0.3916470682336448, 0.4258086145684356)": 0.6954214055567396, "(0.4258086145684356, 0.4431985962665217)": 0.6325835557980403, "(0.4431985962665217, 0.5919328467390995)": 0.5036320545184388, "(0.5919328467390995, 0.8230730865488411)": 0.4869987591354171, "(0.8230730865488411, 0.9098104995147404)": 0.4760996627258154, "(0.9098104995147404, 0.9760965959451431)": 0.4661126512390907, "(0.9760965959451431, 1)": 0.18264901506793574}, "pct": 0.18264901506793574, "best_return": 2.116281969715384}}