{"ma": {"time_param": 192, "trend": "ma", "q_params": {"(0, 0.53199640754447)": 0.9998586501701161, "(0.53199640754447, 0.5755546511821263)": 0.9996114201148459, "(0.5755546511821263, 0.6199415037452223)": 0.9966174769295097, "(0.6199415037452223, 0.6529536891168586)": 0.9852221023950678, "(0.6529536891168586, 0.6679326549150919)": 0.6148795852934762, "(0.6679326549150919, 0.6814780471793161)": 0.6034323087877494, "(0.6814780471793161, 0.6819288260639917)": 0.5350987244715503, "(0.6819288260639917, 0.960268220528707)": 0.29729979393894196, "(0.960268220528707, 0.9899625810507694)": 0.2718436623906733, "(0.9899625810507694, 1.0)": 0.023744788783190647}, "best_return": 3.8853253965691534, "pct": 0.9998586501701161}, "ew_ma": {"trend": "ew_ma", "time_param": 236, "q_params": {"(0, 0.16736506202239407)": 1.0, "(0.16736506202239407, 0.19206693225028304)": 0.9999224844365999, "(0.19206693225028304, 0.2136678392250314)": 0.9967902600093623, "(0.2136678392250314, 0.24366981271589788)": 0.9964775349055632, "(0.24366981271589788, 0.26112835892555314)": 0.9964620538952497, "(0.26112835892555314, 0.83020659308635)": 0.9960912495495063, "(0.83020659308635, 0.8619559395739352)": 0.9960140948491212, "(0.8619559395739352, 0.8796185307173318)": 0.995501409841946, "(0.8796185307173318, 0.9893484809144949)": 0.9920279440699441, "(0.9893484809144949, 1.0)": 0.11486805062189986}, "best_return": 3.789397013931946, "pct": 0.9960140948491212}, "rel_minmax": {"trend": "rel_minmax", "time_param": 236, "q_params": {"(0, 0.24520117734987107)": 1.0, "(0.24520117734987107, 0.30805150357812106)": 0.9999280852719106, "(0.30805150357812106, 0.31831776931483957)": 0.9982719221894987, "(0.31831776931483957, 0.3225953124215651)": 0.9979787041106177, "(0.3225953124215651, 0.5)": 0.9943849072906681, "(0.5, 0.6806428091088957)": 0.9941075496453955, "(0.6806428091088957, 0.7000000000000001)": 0.9939906926225468, "(0.7000000000000001, 0.8915590503641546)": 0.9939465704096911, "(0.8915590503641546, 0.9569660940911194)": 0.9808396108574827, "(0.9569660940911194, 1.0)": 0.9684417042709232}, "best_return": 3.008501814639772, "pct": 0.9684417042709232}, "ew_rel_minmax": {"trend": "ew_rel_minmax", "time_param": 236, "q_params": {"(0, 0.27521388354304543)": 0.9999706539844648, "(0.27521388354304543, 0.3094254175772239)": 0.9999442765802068, "(0.3094254175772239, 0.32487753151037246)": 0.9998868553214533, "(0.32487753151037246, 0.328886061114143)": 0.996481242451909, "(0.328886061114143, 0.5578283991229652)": 0.9940989878067701, "(0.5578283991229652, 0.6203895277642223)": 0.9926522936805544, "(0.6203895277642223, 0.8499344917171442)": 0.9924130978051009, "(0.8499344917171442, 0.9419940461880191)": 0.9923320554035965, "(0.9419940461880191, 0.9968216553654242)": 0.9921896974780907, "(0.9968216553654242, 1.0)": 0.9910359161258742}, "best_return": 3.0114502063844455, "pct": 0.9921896974780907}}