{"ma": {"time_param": 436, "trend": "ma", "q_params": {"(0, 0.01919517906532603)": 0.9979955848001648, "(0.01919517906532603, 0.0347522900837427)": 0.8973195690751197, "(0.0347522900837427, 0.07828006163373034)": 0.7893647259522809, "(0.07828006163373034, 0.6608041699344405)": 0.6217309014584556, "(0.6608041699344405, 0.6859228036763707)": 0.4037537625680877, "(0.6859228036763707, 0.7368159399508709)": 0.2864439043646235, "(0.7368159399508709, 0.7937377172318492)": 0.25560788040938426, "(0.7937377172318492, 0.7966243561898028)": 0.11105655496689011, "(0.7966243561898028, 0.8408700833137269)": 0.02446112709309134, "(0.8408700833137269, 1)": 0.015661248799448413}, "pct": 0.6217309014584556, "best_return": 1.967814200472259}, "ew_ma": {"trend": "ew_ma", "time_param": 236, "q_params": {"(0, 0.13598542648774783)": 0.9997351065208621, "(0.13598542648774783, 0.16363500651179463)": 0.9986661774211936, "(0.16363500651179463, 0.1887001051025151)": 0.9980539892871194, "(0.1887001051025151, 0.23396676942717698)": 0.9959072471133879, "(0.23396676942717698, 0.7234660309855495)": 0.9957884951025298, "(0.7234660309855495, 0.8225603927157569)": 0.9956306003623595, "(0.8225603927157569, 0.838615729060625)": 0.9722152328479391, "(0.838615729060625, 0.8438252508065287)": 0.8972942486217369, "(0.8438252508065287, 0.9310250780695425)": 0.3020352468892851, "(0.9310250780695425, 1.0)": 0.05933657963830469}, "best_return": 1.987055509888098, "pct": 0.9957884951025298}, "rel_minmax": {"time_param": 372, "trend": "rel_minmax", "q_params": {"(0, 0.011976750321920915)": 0.9778567855701978, "(0.011976750321920915, 0.1705173920138126)": 0.944454632406139, "(0.1705173920138126, 0.2784002552878321)": 0.9165007291307876, "(0.2784002552878321, 0.279472265135188)": 0.8942014988028948, "(0.279472265135188, 0.31698863968226143)": 0.8898593195321396, "(0.31698863968226143, 0.3372303744457731)": 0.6155105869274113, "(0.3372303744457731, 0.4688490427544989)": 0.36560463389097486, "(0.4688490427544989, 0.5366342587920343)": 0.2955300522164477, "(0.5366342587920343, 0.6841876722224774)": 0.10773065108798852, "(0.6841876722224774, 1)": 0.055947823872269875}, "pct": 0.055947823872269875, "best_return": 2.1508530300455075}, "ew_rel_minmax": {"time_param": 467, "trend": "ew_rel_minmax", "q_params": {"(0, 0.28161966276502604)": 0.9747933350036803, "(0.28161966276502604, 0.2940167908887802)": 0.9266872989750269, "(0.2940167908887802, 0.2981606181516241)": 0.9023920318697787, "(0.2981606181516241, 0.46501098361976695)": 0.8995601964612217, "(0.46501098361976695, 0.7117706007474947)": 0.6934102634648285, "(0.7117706007474947, 0.7500364499262346)": 0.6709149065604846, "(0.7500364499262346, 0.7954736329977681)": 0.3886323512173774, "(0.7954736329977681, 0.8304201728508677)": 0.13821625237302393, "(0.8304201728508677, 0.8866914304848734)": 0.08541427124328634, "(0.8866914304848734, 1)": 0.04122826380219391}, "pct": 0.04122826380219391, "best_return": 2.0081742163708385}}