{"ma": {"time_param": 108, "trend": "ma", "q_params": {"(0, 0.19739326409815638)": 0.9278068864436262, "(0.19739326409815638, 0.22635852170499915)": 0.8984946731697282, "(0.22635852170499915, 0.24680879021103533)": 0.8946418626466611, "(0.24680879021103533, 0.2543282222241514)": 0.4974296086182831, "(0.2543282222241514, 0.4074600393223377)": 0.4888803288426876, "(0.4074600393223377, 0.4943605589690997)": 0.4256213310607242, "(0.4943605589690997, 0.6554036803217826)": 0.4075679108619451, "(0.6554036803217826, 0.9115896342583115)": 0.3550804062830655, "(0.9115896342583115, 0.9359274474607141)": 0.26478433340677143, "(0.9359274474607141, 1)": 0.2338931731236814}, "pct": 0.9278068864436262, "best_return": 1.96835150637558}, "ew_ma": {"time_param": 460, "trend": "ew_ma", "q_params": {"(0, 0.14551486450501996)": 0.9532126547755024, "(0.14551486450501996, 0.17514814901252307)": 0.935551054946432, "(0.17514814901252307, 0.33775652956362934)": 0.8628810977736044, "(0.33775652956362934, 0.7924990376743369)": 0.8624055686195454, "(0.7924990376743369, 0.9353594789708006)": 0.8298570177801928, "(0.9353594789708006, 0.9425284540918704)": 0.8162775857002836, "(0.9425284540918704, 0.9502848314192327)": 0.425025943189808, "(0.9502848314192327, 0.9752585389829854)": 0.3917418076242484, "(0.9752585389829854, 0.9764953603941287)": 0.17981713013046485, "(0.9764953603941287, 1.0)": 0.13776886164075536}, "pct": 0.8624055686195454, "best_return": 2.2591791612301977}, "rel_minmax": {"time_param": 355, "trend": "rel_minmax", "q_params": {"(0, 0.055933177415630975)": 0.8926735508883749, "(0.055933177415630975, 0.32052158264363806)": 0.8070524013109355, "(0.32052158264363806, 0.34961314045177627)": 0.7816346693759075, "(0.34961314045177627, 0.38549961375235775)": 0.5941712525133711, "(0.38549961375235775, 0.48630426614953715)": 0.45791976264623124, "(0.48630426614953715, 0.5750366822941033)": 0.4503163217169992, "(0.5750366822941033, 0.7213361872536938)": 0.4424981247185459, "(0.7213361872536938, 0.8959842229107484)": 0.34807336397767613, "(0.8959842229107484, 0.9201471343107351)": 0.24157796239515145, "(0.9201471343107351, 1)": 0.050099604215161464}, "pct": 0.050099604215161464, "best_return": 2.2631092159994}, "ew_rel_minmax": {"time_param": 344, "trend": "ew_rel_minmax", "q_params": {"(0, 0.008856512442274337)": 0.8831138949294075, "(0.008856512442274337, 0.0326699196967553)": 0.8702778128186643, "(0.0326699196967553, 0.24673510907910912)": 0.8129233352912484, "(0.24673510907910912, 0.3472179526396296)": 0.7828449779759986, "(0.3472179526396296, 0.4440280395629922)": 0.6133301665208649, "(0.4440280395629922, 0.5895777504044272)": 0.5918116161716437, "(0.5895777504044272, 0.6396618822046051)": 0.5510330965362249, "(0.6396618822046051, 0.6572132323208325)": 0.5018044254651169, "(0.6572132323208325, 0.6593095814997341)": 0.10522137111170649, "(0.6593095814997341, 1)": 0.08914051537189205}, "pct": 0.08914051537189205, "best_return": 2.25557807491233}}