{"ma": {"time_param": 192, "trend": "ma", "q_params": {"(0, 0.5225582327592212)": 0.9997976350127153, "(0.5225582327592212, 0.5755546511821263)": 0.9996114201148459, "(0.5755546511821263, 0.6268885500426377)": 0.99896150303772, "(0.6268885500426377, 0.6382174614705414)": 0.9784574794787989, "(0.6382174614705414, 0.641719103163067)": 0.664798118402669, "(0.641719103163067, 0.6964916763658889)": 0.6034323087877494, "(0.6964916763658889, 0.81298600400848)": 0.5450546385747354, "(0.81298600400848, 0.9526819615489781)": 0.29729979393894196, "(0.9526819615489781, 0.9632411808779198)": 0.2557733300997598, "(0.9632411808779198, 1.0)": 0.0007451607583159187}, "best_return": 2.594207149284107, "pct": 0.9997976350127153}, "ew_ma": {"trend": "ew_ma", "time_param": 236, "q_params": {"(0, 0.1525992659458388)": 0.9998540126176864, "(0.1525992659458388, 0.18287687934211047)": 0.9981356343082209, "(0.18287687934211047, 0.20768674166060028)": 0.9980154642454124, "(0.20768674166060028, 0.21857696412518113)": 0.9964775349055632, "(0.21857696412518113, 0.6859529668022124)": 0.9964689104205696, "(0.6859529668022124, 0.8239964688120532)": 0.9963043370899181, "(0.8239964688120532, 0.8331837017149779)": 0.9958118733079311, "(0.8331837017149779, 0.857884047545397)": 0.995501409841946, "(0.857884047545397, 0.9058846815180521)": 0.2988202049851709, "(0.9058846815180521, 1.0)": 0.07139581808229528}, "best_return": 2.353515146927812, "pct": 0.9963043370899181}, "rel_minmax": {"trend": "rel_minmax", "time_param": 236, "q_params": {"(0.0, 0.24520117734987107)": 1.0, "(0.24520117734987107, 0.30805150357812106)": 0.9999280852719106, "(0.30805150357812106, 0.31831776931483957)": 0.9982719221894987, "(0.31831776931483957, 0.3225953124215651)": 0.9979787041106177, "(0.3225953124215651, 0.5)": 0.9943849072906681, "(0.5, 0.6806428091088957)": 0.9941075496453955, "(0.6806428091088957, 0.7000000000000001)": 0.9939906926225468, "(0.7000000000000001, 0.8915590503641546)": 0.9939465704096911, "(0.8915590503641546, 0.9569660940911194)": 0.9808396108574827, "(0.9569660940911194, 1.0)": 0.9684417042709232}, "best_return": 2.288056323514024, "pct": 1}, "ew_rel_minmax": {"time_param": 123, "trend": "ew_rel_minmax", "q_params": {"(0, 0.08719604208022025)": 0.9811441404373444, "(0.08719604208022025, 0.22640246995502253)": 0.9618110331674408, "(0.22640246995502253, 0.29626645240452865)": 0.9352347261517148, "(0.29626645240452865, 0.45279989465505627)": 0.8949927696321927, "(0.45279989465505627, 0.4969479307693004)": 0.8936543922969542, "(0.4969479307693004, 0.6396602001190738)": 0.8320941516086762, "(0.6396602001190738, 0.6539198101446457)": 0.5149565681222568, "(0.6539198101446457, 0.7001979224434011)": 0.35443807644737213, "(0.7001979224434011, 0.9395804824240631)": 0.3200240067787913, "(0.9395804824240631, 1)": 0.013135984122576116}, "pct": 0.013135984122576116, "best_return": 2.459934989166803}}