{"ma": {"time_param": 438, "trend": "ma", "q_params": {"(0, 0.05139169099082696)": 0.8430119992260439, "(0.05139169099082696, 0.11943844935052646)": 0.8333133840180058, "(0.11943844935052646, 0.7300559515073349)": 0.8144936897018789, "(0.7300559515073349, 0.7736813394718398)": 0.785737150638275, "(0.7736813394718398, 0.80742554385754)": 0.773899915005373, "(0.80742554385754, 0.84746630230157)": 0.6619995311835122, "(0.84746630230157, 0.8918749949280501)": 0.4966183392807415, "(0.8918749949280501, 0.895934433526565)": 0.448072625351555, "(0.895934433526565, 0.9410171114307594)": 0.2622707301717457, "(0.9410171114307594, 1.0)": 0.07439428452464958}, "pct": 0.8333133840180058, "best_return": 2.090892933322224}, "ew_ma": {"time_param": 475, "trend": "ew_ma", "q_params": {"(0, 0.23723501072575062)": 0.9987976627072443, "(0.23723501072575062, 0.2864528119023627)": 0.8857897112767268, "(0.2864528119023627, 0.6120544998100903)": 0.8814541777752842, "(0.6120544998100903, 0.6299153608884516)": 0.8277066818429775, "(0.6299153608884516, 0.8269551157399371)": 0.780047499882727, "(0.8269551157399371, 0.9195221586889976)": 0.649158714930614, "(0.9195221586889976, 0.9285744471286844)": 0.6246604587581441, "(0.9285744471286844, 0.931866500525286)": 0.5879793852170523, "(0.931866500525286, 0.9882189382856008)": 0.31936010373409873, "(0.9882189382856008, 1.0)": 0.052737731955643095}, "pct": 0.8814541777752842, "best_return": 2.2494734204828957}, "rel_minmax": {"time_param": 302, "trend": "rel_minmax", "q_params": {"(0, 0.23646025526913594)": 0.7792320418862069, "(0.23646025526913594, 0.24613793797647598)": 0.7470334431177341, "(0.24613793797647598, 0.3312021306313311)": 0.5045942919360696, "(0.3312021306313311, 0.3851222370763586)": 0.4268942320869975, "(0.3851222370763586, 0.47119921356849376)": 0.41924738301595355, "(0.47119921356849376, 0.5996167025609896)": 0.39949308107911585, "(0.5996167025609896, 0.7548875783323659)": 0.3579508382491242, "(0.7548875783323659, 0.8611267055466644)": 0.18490680868336606, "(0.8611267055466644, 0.8976731865781051)": 0.13288777784488648, "(0.8976731865781051, 1)": 0.06481785181519772}, "pct": 0.06481785181519772, "best_return": 1.919827661621178}, "ew_rel_minmax": {"time_param": 482, "trend": "ew_rel_minmax", "q_params": {"(0, 0.1029384170854919)": 0.9790080421195156, "(0.1029384170854919, 0.26568538018903676)": 0.908513566040045, "(0.26568538018903676, 0.2710577326976158)": 0.7921435729760021, "(0.2710577326976158, 0.41852278214660055)": 0.5900320569871796, "(0.41852278214660055, 0.4694122022589069)": 0.4640756528516042, "(0.4694122022589069, 0.5572974774476637)": 0.3149218737670939, "(0.5572974774476637, 0.6680119881848536)": 0.16917513410336882, "(0.6680119881848536, 0.7096148825815066)": 0.15376682867965907, "(0.7096148825815066, 0.8702202522961995)": 0.07474329787096512, "(0.8702202522961995, 1)": 0.03653335003262623}, "pct": 0.03653335003262623, "best_return": 2.1369864910215064}}