{"ma": {"time_param": 192, "trend": "ma", "q_params": {"(0, 0.5225582327592212)": 0.9997976350127153, "(0.5225582327592212, 0.5755546511821263)": 0.99957371765589, "(0.5755546511821263, 0.5799156672789095)": 0.9620770445278619, "(0.5799156672789095, 0.6382174614705414)": 0.8688158151783744, "(0.6382174614705414, 0.6473026510394667)": 0.6574660396362929, "(0.6473026510394667, 0.6964916763658889)": 0.5697746943670362, "(0.6964916763658889, 0.8221245652746642)": 0.5296401843124221, "(0.8221245652746642, 0.9526819615489781)": 0.2816101119916346, "(0.9526819615489781, 0.9778609518964799)": 0.2557733300997598, "(0.9778609518964799, 1.0)": 0.2312249558241436}, "best_return": 2.15090901278744, "pct": 0.9997976350127153}, "ew_ma": {"trend": "ew_ma", "time_param": 236, "q_params": {"(0, 0.14583222905282717)": 0.9992755698261129, "(0.14583222905282717, 0.1523134638458456)": 0.9980626105245166, "(0.1523134638458456, 0.20768674166060028)": 0.9980154642454124, "(0.20768674166060028, 0.21857696412518113)": 0.997484416702718, "(0.21857696412518113, 0.6859529668022124)": 0.9967092288967153, "(0.6859529668022124, 0.8225603927157569)": 0.9963043370899181, "(0.8225603927157569, 0.8274286465039444)": 0.9956084611129195, "(0.8274286465039444, 0.857884047545397)": 0.8975577831777362, "(0.857884047545397, 0.9051838288079368)": 0.2988202049851709, "(0.9051838288079368, 1.0)": 0.06546604396108431}, "best_return": 1.950976279642112, "pct": 0.9967092288967153}, "rel_minmax": {"time_param": 283, "trend": "rel_minmax", "q_params": {"(0, 0.19960227188051666)": 0.9257184917539574, "(0.19960227188051666, 0.2919616689906601)": 0.7752493170161591, "(0.2919616689906601, 0.503368812549407)": 0.722698974072689, "(0.503368812549407, 0.6452250141553738)": 0.6688850780963247, "(0.6452250141553738, 0.7149311300200997)": 0.5995914531623329, "(0.7149311300200997, 0.7537577837069547)": 0.5666168252163021, "(0.7537577837069547, 0.7956527978603485)": 0.4883942637828431, "(0.7956527978603485, 0.9038210842755827)": 0.4501501318551998, "(0.9038210842755827, 0.9725646820961004)": 0.4315950084563682, "(0.9725646820961004, 1)": 0.1020315270276469}, "pct": 0.1020315270276469, "best_return": 1.9510845187682904}, "ew_rel_minmax": {"time_param": 20, "trend": "ew_rel_minmax", "q_params": {"(0, 0.0282805082882829)": 0.8424522561763331, "(0.0282805082882829, 0.11235906847505843)": 0.8002079067403594, "(0.11235906847505843, 0.16336996310424)": 0.7850518468750723, "(0.16336996310424, 0.4853364386559629)": 0.7162132678678762, "(0.4853364386559629, 0.6954067872003227)": 0.6637680060585426, "(0.6954067872003227, 0.8815161404066625)": 0.6363044974189607, "(0.8815161404066625, 0.8931065268328466)": 0.44175796270773526, "(0.8931065268328466, 0.9035720787309097)": 0.3998131779653645, "(0.9035720787309097, 0.9922245139581729)": 0.3723182774763939, "(0.9922245139581729, 1)": 0.3100249848633194}, "pct": 0.3723182774763939, "best_return": 1.9348198575875823}}