{"sp": [1.1185097790587255, 0.918], "nas": [1.2389655919113913, 1.0], "rus": [1.2893033215987402, 1.0], "jpxn": [1.0790930480359253, 0.5598], "ktec": [1.691735260356679, 0.0009], "emb": [1.0782284916815779, 0.9997], "gdx": [1.3606964904181944, 0.0056], "dia": [1.2055108712694451, 1.0]}