{"sp": [1.118907200522418, 0.9599], "nas": [1.240346580190617, 1.0], "rus": [1.2903495251233184, 1.0], "jpxn": [1.081021070194365, 0.9995], "ktec": [1.6891243632638822, 0.0], "emb": [1.077979812505367, 1.0], "gdx": [1.3600138686132983, 0.012], "dia": [1.2066887091345324, 1.0]}