{"sp": [1.12175889198289, 0.999], "dia": [1.1619413317519875, 0.3207], "nas": [1.2392257204757389, 1.0], "rus": [1.3013369691299241, 1.0], "jpxn": [1.067609313829114, 1.0], "ktec": [1.6317632641049638, 0.0], "eem": [1.210138091847281, 1.0], "nfty": [1.262556097182899, 1.0], "gdx": [1.4368011433806491, 0.0]}