{"sp": [1.1153954356932452, 1.0], "dia": [1.1558331724461408, 1.0], "nas": [1.2307452476070095, 1.0], "rus": [1.2801462940414219, 1.0], "jpxn": [1.067609313829114, 1.0], "ktec": [1.6317632641049638, 0.0], "eem": [1.210138091847281, 1.0], "nfty": [1.262556097182899, 1.0], "gdx": [1.440298555944159, 0.0]}