{"sp": [1.117459049965548, 0.3024], "nas": [1.2374942990244533, 1.0], "rus": [1.2854342770657443, 1.0], "jpxn": [1.072655247025477, 0.0007], "ktec": [1.68481851034274, 0.078], "emb": [1.072434092967544, 1.0], "gdx": [1.3558615251863277, 0.1536], "dia": [1.2012507433104131, 1.0]}