{"sp": [1.1198034915686703, 1.0], "dia": [1.1590346653582995, 1.0], "nas": [1.23623403771447, 1.0], "rus": [1.2942910493120539, 1.0], "jpxn": [1.067609313829114, 1.0], "ktec": [1.6317632641049638, 0.0], "eem": [1.210138091847281, 1.0], "nfty": [1.262556097182899, 1.0], "gdx": [1.4399183774554438, 0.0]}