{"sp": [1.1220572613971742, 1.0], "dia": [1.2209826625826834, 1.0], "nas": [1.2438712346966583, 1.0], "rus": [1.2996529750191157, 1.0], "jpxn": [1.067609313829114, 1.0], "ktec": [1.6317632641049638, 0.0], "eem": [1.210138091847281, 1.0], "nfty": [1.262556097182899, 1.0], "gdx": [1.35590534645518, 0.999]}