{"sp": [1.125750767198139, 1.0], "dia": [1.1654578320385582, 1.0], "nas": [1.244922755885317, 1.0], "rus": [1.3094127349320654, 1.0], "jpxn": [1.067609313829114, 1.0], "ktec": [1.6317632641049638, 0.0], "eem": [1.210138091847281, 1.0], "nfty": [1.262556097182899, 1.0], "gdx": [1.4182269518065715, 0.9976]}