{"sp": [1.1224653317347684, 1.0], "dia": [1.222235268160115, 1.0], "nas": [1.2431787436490913, 1.0], "rus": [1.298185960263025, 1.0], "jpxn": [1.067609313829114, 1.0], "ktec": [1.6317632641049638, 0.0], "eem": [1.210138091847281, 1.0], "nfty": [1.262556097182899, 1.0], "gdx": [1.3596050228904677, 0.9943]}