{"sp": [1.11943923057305, 1.0], "dia": [1.1626785585740997, 1.0], "nas": [1.2372869760858802, 1.0], "rus": [1.2969379721332839, 1.0], "jpxn": [1.067609313829114, 1.0], "ktec": [1.6317632641049638, 0.0], "eem": [1.210138091847281, 1.0], "nfty": [1.262556097182899, 1.0], "gdx": [1.4296292238694712, 0.0002]}