{"sp": [1.1176074922448773, 0.0112], "dia": [1.1583048091825459, 1.0], "nas": [1.234086066962671, 1.0], "rus": [1.2895589792124913, 0.9999], "jpxn": [1.067609313829114, 1.0], "ktec": [1.6317632641049638, 0.0], "eem": [1.210138091847281, 1.0], "nfty": [1.262556097182899, 1.0], "gdx": [1.4425042370703787, 0.0]}