{"sp": [1.1220994512962885, 1.0], "dia": [1.1577348548430497, 1.0], "nas": [1.2390845551715854, 1.0], "rus": [1.2949330204114078, 1.0], "jpxn": [1.067609313829114, 1.0], "ktec": [1.6317632641049638, 0.0], "eem": [1.210138091847281, 1.0], "nfty": [1.262556097182899, 1.0], "gdx": [1.3985862841638526, 1.0]}