{"sp": [1.125717990223729, 0.9921], "dia": [1.1649665871843478, 1.0], "nas": [1.2458151601771332, 1.0], "rus": [1.314820744535199, 1.0], "jpxn": [1.067609313829114, 1.0], "ktec": [1.6317632641049638, 0.0], "eem": [1.210138091847281, 1.0], "nfty": [1.262556097182899, 1.0], "gdx": [1.4245452980437041, 0.0]}