{"sp": [1.1196712940736595, 1.0], "dia": [1.1630856843427453, 1.0], "nas": [1.2381008750863403, 1.0], "rus": [1.2987172834487068, 1.0], "jpxn": [1.067609313829114, 1.0], "ktec": [1.6317632641049638, 0.0], "eem": [1.210138091847281, 1.0], "nfty": [1.262556097182899, 1.0], "gdx": [1.429930101371528, 0.0008]}