{"sp": [1.119073817671987, 1.0], "dia": [1.1623906882841715, 1.0], "nas": [1.2364570117134088, 1.0], "rus": [1.2949141166620255, 1.0], "jpxn": [1.067609313829114, 1.0], "ktec": [1.6317632641049638, 0.0], "eem": [1.210138091847281, 1.0], "nfty": [1.262556097182899, 1.0], "gdx": [1.428890691307589, 0.0001]}