{"sp": [1.1242122436810815, 1.0], "dia": [1.1629144485974616, 1.0], "nas": [1.2434180099689984, 1.0], "rus": [1.311954447263543, 1.0], "jpxn": [1.067609313829114, 1.0], "ktec": [1.6317632641049638, 0.0], "eem": [1.210138091847281, 1.0], "nfty": [1.262556097182899, 1.0], "gdx": [1.4308127674705897, 0.0]}