{"sp": [1.124292654332281, 1.0], "dia": [1.163412468150152, 1.0], "nas": [1.2435627642286748, 1.0], "rus": [1.311412044189954, 1.0], "jpxn": [1.067609313829114, 1.0], "ktec": [1.6317632641049638, 0.0], "eem": [1.210138091847281, 1.0], "nfty": [1.262556097182899, 1.0], "gdx": [1.4293999594053106, 0.0]}