{"sp": [1.1165617759230442, 1.0], "nas": [1.2360648288230496, 1.0], "rus": [1.2804024839169652, 1.0], "jpxn": [1.0744933119646245, 1.0], "ktec": [1.6983882495522562, 0.3487], "emb": [1.07300995356071, 1.0], "gdx": [1.3528734372333286, 0.9933], "dia": [1.2012350078970606, 1.0]}