{"sp": [1.1231193782446365, 1.0], "dia": [1.1595674968292304, 1.0], "nas": [1.2405672004024886, 1.0], "rus": [1.298653041157929, 1.0], "jpxn": [1.067609313829114, 1.0], "ktec": [1.6317632641049638, 0.0], "eem": [1.210138091847281, 1.0], "nfty": [1.262556097182899, 1.0], "gdx": [1.4167707323894103, 1.0]}