{"sp": [1.1240049488017403, 1.0], "dia": [1.16298584367969, 1.0], "nas": [1.2430964888708207, 1.0], "rus": [1.3106079957325012, 1.0], "jpxn": [1.067609313829114, 1.0], "ktec": [1.6317632641049638, 0.0], "eem": [1.210138091847281, 1.0], "nfty": [1.262556097182899, 1.0], "gdx": [1.4301355769956816, 0.0]}