{"sp": [1.1195647214716664, 0.0116], "dia": [1.1601089226883867, 0.8693], "nas": [1.2369892090435401, 1.0], "rus": [1.2938765494620048, 0.0001], "jpxn": [1.067609313829114, 1.0], "ktec": [1.6317632641049638, 0.0], "eem": [1.210138091847281, 1.0], "nfty": [1.262556097182899, 1.0], "gdx": [1.4406701260972237, 0.0]}