{"sp": [1.122618866123043, 1.0], "dia": [1.1577521708829055, 1.0], "nas": [1.2400598941374745, 1.0], "rus": [1.2973865136673552, 1.0], "jpxn": [1.067609313829114, 1.0], "ktec": [1.6317632641049638, 0.0], "eem": [1.210138091847281, 1.0], "nfty": [1.262556097182899, 1.0], "gdx": [1.3931655374242695, 1.0]}