{"sp": [1.1196069857052613, 0.9925], "nas": [1.2406089935214262, 1.0], "rus": [1.2927110911363207, 1.0], "jpxn": [1.078002052484443, 1.0], "ktec": [1.6800628414863106, 0.0], "emb": [1.077066089441895, 1.0], "gdx": [1.3594274714264292, 0.0002], "dia": [1.219578211773585, 1.0]}