{"sp": [1.1237698800227442, 1.0], "dia": [1.162485441967561, 1.0], "nas": [1.242962063449746, 1.0], "rus": [1.3100388455353404, 1.0], "jpxn": [1.067609313829114, 1.0], "ktec": [1.6317632641049638, 0.0], "eem": [1.210138091847281, 1.0], "nfty": [1.262556097182899, 1.0], "gdx": [1.4286373153496101, 0.0]}