{"sp": [1.1171277923269516, 1.0], "nas": [1.23810452374018, 1.0], "rus": [1.2742819903991893, 1.0], "jpxn": [1.067722316114562, 0.0002], "ktec": [1.6545381088690727, 0.0], "emb": [1.06968900525356, 1.0], "gdx": [1.348569473416544, 0.9306], "dia": [1.2021528651895483, 1.0]}