{"sp": [1.1222106704125188, 1.0], "dia": [1.2207640794549706, 1.0], "nas": [1.2425803008461365, 1.0], "rus": [1.2962577818031957, 1.0], "jpxn": [1.067609313829114, 1.0], "ktec": [1.6317632641049638, 0.0], "eem": [1.210138091847281, 1.0], "nfty": [1.262556097182899, 1.0], "gdx": [1.3675754949918026, 0.1292]}