{"sp": [1.120920929620126, 1.0], "dia": [1.1655509726869397, 1.0], "nas": [1.2401355845731967, 1.0], "rus": [1.3045503486734686, 1.0], "jpxn": [1.067609313829114, 1.0], "ktec": [1.6317632641049638, 0.0], "eem": [1.210138091847281, 1.0], "nfty": [1.262556097182899, 1.0], "gdx": [1.429164014075638, 0.0531]}