{"sp": [1.1243320072294842, 0.6719], "dia": [1.161654864353914, 1.0], "nas": [1.2429837515949291, 1.0], "rus": [1.3036036577032664, 1.0], "jpxn": [1.067609313829114, 1.0], "ktec": [1.6317632641049638, 0.0], "eem": [1.210138091847281, 1.0], "nfty": [1.262556097182899, 1.0], "gdx": [1.4245875365953373, 1.0]}