{"sp": [1.125072263872706, 1.0], "dia": [1.1636774238551688, 1.0], "nas": [1.2460913257567634, 1.0], "rus": [1.2854769352795101, 1.0], "jpxn": [1.067609313829114, 1.0], "ktec": [1.6317632641049638, 0.0], "eem": [1.210138091847281, 1.0], "nfty": [1.262556097182899, 1.0], "gdx": [0.10916673788568149, 1.0]}