{"sp": [1.1222943746684033, 1.0], "dia": [1.1667463175900368, 1.0], "nas": [1.2425977496671914, 1.0], "rus": [1.3107335482570914, 1.0], "jpxn": [1.067609313829114, 1.0], "ktec": [1.6317632641049638, 0.0], "eem": [1.210138091847281, 1.0], "nfty": [1.262556097182899, 1.0], "gdx": [1.426458000411714, 0.0465]}