{"sp": [1.1216460572946578, 1.0], "dia": [1.1660761853536206, 1.0], "nas": [1.2417497200233487, 1.0], "rus": [1.3082214580953062, 1.0], "jpxn": [1.067609313829114, 1.0], "ktec": [1.6317632641049638, 0.0], "eem": [1.210138091847281, 1.0], "nfty": [1.262556097182899, 1.0], "gdx": [1.426271323655178, 0.3237]}