{"sp": [1.1202668911854718, 1.0], "nas": [1.2412840054115306, 1.0], "rus": [1.2929743800077413, 1.0], "jpxn": [1.0743576183982226, 0.9816], "ktec": [1.672814514216744, 0.0], "emb": [1.0761592888276668, 1.0], "gdx": [1.3585319518059944, 0.0056], "dia": [1.2163458088040435, 1.0], "nfty": [1.267319464372094, 1.0]}