{"sp": [1.1239196214828395, 1.0], "dia": [1.1605550521199017, 1.0], "nas": [1.2415691466325396, 1.0], "rus": [1.302374879621008, 1.0], "jpxn": [1.067609313829114, 1.0], "ktec": [1.6317632641049638, 0.0], "eem": [1.210138091847281, 1.0], "nfty": [1.262556097182899, 1.0], "gdx": [1.4217323029268634, 1.0]}