{"sp": [1.1265016273005797, 1.0], "dia": [1.1671261975390987, 1.0], "nas": [1.248216280395595, 1.0], "rus": [1.297435967949062, 1.0], "jpxn": [1.067609313829114, 1.0], "ktec": [1.6317632641049638, 0.0], "eem": [1.210138091847281, 1.0], "nfty": [1.262556097182899, 1.0], "gdx": [1.4076274044814734, 1.0]}