{"sp": [1.1259077002805908, 1.0], "dia": [1.1650977669566978, 1.0], "nas": [1.2468803300044808, 1.0], "rus": [1.3185310360707772, 1.0], "jpxn": [1.067609313829114, 1.0], "ktec": [1.6317632641049638, 0.0], "eem": [1.210138091847281, 1.0], "nfty": [1.262556097182899, 1.0], "gdx": [1.4268107127168197, 0.0]}