{"sp": [1.1175156519965785, 1.0], "dia": [1.1575143487073953, 1.0], "nas": [1.2329869713506643, 1.0], "rus": [1.2869139073206792, 1.0], "jpxn": [1.067609313829114, 1.0], "ktec": [1.6317632641049638, 0.0], "eem": [1.210138091847281, 1.0], "nfty": [1.262556097182899, 1.0], "gdx": [1.4419770835577332, 0.0]}