{"sp": [1.125593777603254, 1.0], "dia": [1.165372926195557, 1.0], "nas": [1.2456037760599838, 1.0], "rus": [1.313031671816249, 1.0], "jpxn": [1.067609313829114, 1.0], "ktec": [1.6317632641049638, 0.0], "eem": [1.210138091847281, 1.0], "nfty": [1.262556097182899, 1.0], "gdx": [1.4226153957027092, 0.0]}