{"sp": [1.1248635432992125, 1.0], "dia": [1.164089285934163, 1.0], "nas": [1.2445179316994666, 1.0], "rus": [1.3128892884102086, 1.0], "jpxn": [1.067609313829114, 1.0], "ktec": [1.6317632641049638, 0.0], "eem": [1.210138091847281, 1.0], "nfty": [1.262556097182899, 1.0], "gdx": [1.4257602461744057, 0.0]}