{"sp": [1.1213557114698718, 1.0], "nas": [1.2420302113915906, 1.0], "rus": [1.2947250447407903, 1.0], "jpxn": [1.0726344190051622, 0.9579], "ktec": [1.660918273023129, 0.0], "emb": [1.0757042835052475, 1.0], "gdx": [1.3579242383641932, 0.9826], "dia": [1.2217790336923084, 1.0], "nfty": [1.265140649080559, 1.0]}