{"sp": [1.121549834703818, 1.0], "dia": [1.16664224399597, 1.0], "nas": [1.2408155925184132, 1.0], "rus": [1.306653615128564, 1.0], "jpxn": [1.067609313829114, 1.0], "ktec": [1.6317632641049638, 0.0], "eem": [1.210138091847281, 1.0], "nfty": [1.262556097182899, 1.0], "gdx": [1.4242851665525404, 0.9032]}