{"sp": [1.1231435765681093, 1.0], "dia": [1.1624104988729382, 1.0], "nas": [1.2419998482621242, 1.0], "rus": [1.308066830956621, 1.0], "jpxn": [1.067609313829114, 1.0], "ktec": [1.6317632641049638, 0.0], "eem": [1.210138091847281, 1.0], "nfty": [1.262556097182899, 1.0], "gdx": [1.4338588701624533, 0.0]}