{"sp": [1.1172784578315471, 1.0], "nas": [1.227146509812355, 0.9975], "rus": [1.2680366015016034, 1.0], "jpxn": [1.0672252720640971, 0.0], "ktec": [1.6599402811386, 0.0], "emb": [1.0683946681306238, 1.0], "gdx": [1.335117830426835, 0.5092], "dia": [1.2015064238720055, 1.0]}