{"sp": [1.118902058136198, 0.9987], "nas": [1.2402763646895258, 1.0], "rus": [1.2902957035921776, 1.0], "jpxn": [1.0817867790124405, 0.922], "ktec": [1.6846903000614104, 0.0], "emb": [1.0768804660520437, 1.0], "gdx": [1.3593928083087778, 0.1648], "dia": [1.2184569951081616, 1.0]}