{"sp": [1.1189224696786944, 1.0], "dia": [1.157639796575577, 1.0], "nas": [1.2348570505199354, 1.0], "rus": [1.2906218484906455, 1.0], "jpxn": [1.067609313829114, 1.0], "ktec": [1.6317632641049638, 0.0], "eem": [1.210138091847281, 1.0], "nfty": [1.262556097182899, 1.0], "gdx": [1.4399364633297433, 0.0]}