{"sp": [1.122072663198377, 1.0], "dia": [1.2230292709548027, 1.0], "nas": [1.2436933147713678, 1.0], "rus": [1.2993842889448488, 1.0], "jpxn": [1.0756403366672331, 0.0066], "ktec": [1.653443665503804, 0.0], "eem": [1.2071176552291654, 0.9434], "nfty": [1.2741849360049868, 1.0], "gdx": [1.35265272463761, 0.9993]}