{"sp": [1.1214130054610316, 0.9987], "nas": [1.2428485837238947, 1.0], "rus": [1.2967631465215408, 1.0], "jpxn": [1.0750980048384335, 0.4577], "ktec": [1.6702219314474849, 0.0], "emb": [1.0763865711769915, 0.9934], "gdx": [1.357121084223107, 0.8485], "dia": [1.2216647058017305, 0.9995], "nfty": [1.2677265947437901, 1.0]}