{"sp": [1.1252656621478934, 1.0], "dia": [1.1654556834002698, 1.0], "nas": [1.2449155125733025, 1.0], "rus": [1.3122016086000023, 1.0], "jpxn": [1.067609313829114, 1.0], "ktec": [1.6317632641049638, 0.0], "eem": [1.210138091847281, 1.0], "nfty": [1.262556097182899, 1.0], "gdx": [1.423031941094935, 0.0]}