{"sp": [1.1178659541390774, 0.9711], "nas": [1.2384711643809296, 1.0], "rus": [1.2862655112215735, 1.0], "jpxn": [1.075826461062353, 0.9993], "ktec": [1.693772510874815, 0.1159], "emb": [1.0776425198689341, 0.9997], "gdx": [1.3607032736269549, 0.0095], "dia": [1.2036161850357363, 1.0]}