{"sp": [1.12427594573091, 1.0], "dia": [1.16314482128862, 1.0], "nas": [1.243146799849917, 1.0], "rus": [1.3117112712806314, 1.0], "jpxn": [1.067609313829114, 1.0], "ktec": [1.6317632641049638, 0.0], "eem": [1.210138091847281, 1.0], "nfty": [1.262556097182899, 1.0], "gdx": [1.429558844257751, 0.0]}