{"sp": [1.1178492388751171, 1.0], "dia": [1.157632716443823, 1.0], "nas": [1.2337249389343625, 1.0], "rus": [1.288215787212257, 1.0], "jpxn": [1.067609313829114, 1.0], "ktec": [1.6317632641049638, 0.0], "eem": [1.210138091847281, 1.0], "nfty": [1.262556097182899, 1.0], "gdx": [1.4416140868961875, 0.0]}