{"sp": [1.117876849072677, 0.9707], "nas": [1.221824877675853, 0.9613], "rus": [1.179140086085579, 0.7011], "jpxn": [1.040675132153293, 0.4608], "ktec": [1.6341335437597972, 0.0], "emb": [1.0930267669763505, 0.9993], "gdx": [1.3540718780854035, 0.0043]}