{"sp": [1.1255931418583254, 1.0], "dia": [1.1673422994366487, 1.0], "nas": [1.2459202695615041, 1.0], "rus": [1.2942835900100336, 1.0], "jpxn": [1.067609313829114, 1.0], "ktec": [1.6317632641049638, 0.0], "eem": [1.210138091847281, 1.0], "nfty": [1.262556097182899, 1.0], "gdx": [1.3956704941668368, 1.0]}