{"sp": [1.1214029919252275, 1.0], "dia": [1.2189427799633104, 1.0], "nas": [1.2432580679648633, 1.0], "rus": [1.2986537342683317, 1.0], "jpxn": [1.0705772141000385, 1.0], "ktec": [1.64332430313034, 0.0], "eem": [1.2129650087599102, 1.0], "nfty": [1.2656221742716307, 1.0], "gdx": [1.3493353177304759, 1.0]}