{"sp": [1.1256982516706575, 1.0], "dia": [1.1640546825875973, 1.0], "nas": [1.2471265571998782, 1.0], "rus": [1.2979123439755877, 1.0], "jpxn": [1.067609313829114, 1.0], "ktec": [1.6317632641049638, 0.0], "eem": [1.210138091847281, 1.0], "nfty": [1.262556097182899, 1.0], "gdx": [1.413709888564265, 1.0]}