{"sp": [1.1218392063910478, 1.0], "dia": [1.1614337005853688, 1.0], "nas": [1.2398869022896886, 1.0], "rus": [1.3027290284467228, 1.0], "jpxn": [1.067609313829114, 1.0], "ktec": [1.6317632641049638, 0.0], "eem": [1.210138091847281, 1.0], "nfty": [1.262556097182899, 1.0], "gdx": [1.435193871799015, 0.0]}