{"sp": [1.1258505720004894, 1.0], "dia": [1.1651145250719166, 1.0], "nas": [1.2471059702534544, 1.0], "rus": [1.2977445601232365, 1.0], "jpxn": [1.067609313829114, 1.0], "ktec": [1.6317632641049638, 0.0], "eem": [1.210138091847281, 1.0], "nfty": [1.262556097182899, 1.0], "gdx": [1.4098746025062987, 1.0]}