{"sp": [1.11796672625439, 0.9987], "nas": [1.238462710775696, 1.0], "rus": [1.2862325673633954, 1.0], "jpxn": [1.078270189125072, 0.2481], "ktec": [1.6991134903311413, 0.0559], "emb": [1.072982548014531, 1.0], "gdx": [1.355042917768231, 0.2542], "dia": [1.203817908299808, 1.0]}