{"sp": [1.1219748737669293, 1.0], "dia": [1.2215437004135108, 1.0], "nas": [1.2439340705721078, 1.0], "rus": [1.2999523820653907, 1.0], "jpxn": [1.0740407084703667, 1.0], "ktec": [1.648416313762708, 0.0], "eem": [1.2077759460170783, 0.9588], "nfty": [1.271930439835179, 1.0], "gdx": [1.3537628761465124, 0.9996]}