{"sp": [1.1255361727106132, 1.0], "dia": [1.165147441863451, 1.0], "nas": [1.2452875160560863, 1.0], "rus": [1.313187887218784, 1.0], "jpxn": [1.067609313829114, 1.0], "ktec": [1.6317632641049638, 0.0], "eem": [1.210138091847281, 1.0], "nfty": [1.262556097182899, 1.0], "gdx": [1.421814518014234, 0.0]}