{"sp": [1.1231976526080865, 1.0], "dia": [1.1589674564596513, 1.0], "nas": [1.2409767479701568, 1.0], "rus": [1.2996274149933054, 1.0], "jpxn": [1.067609313829114, 1.0], "ktec": [1.6317632641049638, 0.0], "eem": [1.210138091847281, 1.0], "nfty": [1.262556097182899, 1.0], "gdx": [1.4178817425445214, 1.0]}