{"sp": [1.1156373191751667, 0.0041], "dia": [1.154688707551009, 1.0], "nas": [1.2301556776001177, 1.0], "rus": [1.2789619617303931, 1.0], "jpxn": [1.067609313829114, 1.0], "ktec": [1.6317632641049638, 0.0], "eem": [1.210138091847281, 1.0], "nfty": [1.262556097182899, 1.0], "gdx": [1.4398198480161808, 0.0]}