{"sp": [1.1260779330750113, 1.0], "dia": [1.1657714110740143, 1.0], "nas": [1.2460851892601328, 1.0], "rus": [1.3131463662708152, 1.0], "jpxn": [1.067609313829114, 1.0], "ktec": [1.6317632641049638, 0.0], "eem": [1.210138091847281, 1.0], "nfty": [1.262556097182899, 1.0], "gdx": [1.4205436128441207, 0.0]}