{"sp": [1.1178162714901856, 0.8411], "nas": [1.2387186977083064, 1.0], "rus": [1.28691431767093, 1.0], "jpxn": [1.0776732474715973, 0.0], "ktec": [1.6838296353120679, 0.1104], "emb": [1.0733143747151874, 1.0], "gdx": [1.3553092413408954, 0.0287], "dia": [1.1983278496151237, 1.0]}