{"sp": [1.124927568616542, 1.0], "dia": [1.1631135093610994, 1.0], "nas": [1.246011920984943, 1.0], "rus": [1.309800252768337, 0.9998], "jpxn": [1.067609313829114, 1.0], "ktec": [1.6317632641049638, 0.0], "eem": [1.210138091847281, 1.0], "nfty": [1.262556097182899, 1.0], "gdx": [1.4208930587477502, 1.0]}