{"sp": [1.123685693299067, 1.0], "dia": [1.1625163655789996, 1.0], "nas": [1.2423509229255827, 1.0], "rus": [1.3094855698455663, 1.0], "jpxn": [1.067609313829114, 1.0], "ktec": [1.6317632641049638, 0.0], "eem": [1.210138091847281, 1.0], "nfty": [1.262556097182899, 1.0], "gdx": [1.4305558906825604, 0.0]}