{"sp": [1.117776719873091, 1.0], "dia": [1.1565709963443547, 1.0], "nas": [1.233119116103909, 1.0], "rus": [1.2867736341205853, 1.0], "jpxn": [1.067609313829114, 1.0], "ktec": [1.6317632641049638, 0.0], "eem": [1.210138091847281, 1.0], "nfty": [1.262556097182899, 1.0], "gdx": [1.4423767715574507, 0.0]}