{"sp": [1.1261939631030506, 1.0], "dia": [1.1663721791739736, 1.0], "nas": [1.2462976280411584, 1.0], "rus": [1.3143396285766025, 1.0], "jpxn": [1.067609313829114, 1.0], "ktec": [1.6317632641049638, 0.0], "eem": [1.210138091847281, 1.0], "nfty": [1.262556097182899, 1.0], "gdx": [1.4210697598975355, 0.0]}