{"sp": [1.116295700545757, 1.0], "nas": [1.2358689291017373, 1.0], "rus": [1.2800292941733924, 1.0], "jpxn": [1.0724936213929777, 0.013], "ktec": [1.6693459592432573, 0.3786], "emb": [1.071228984238709, 1.0], "gdx": [1.3498616027848973, 0.9927], "dia": [1.1982181338964264, 1.0]}