{"sp": [1.1208565748082298, 1.0], "dia": [1.2166997752879951, 1.0], "nas": [1.2424038513776565, 1.0], "rus": [1.2960487755775834, 1.0], "jpxn": [1.067609313829114, 1.0], "ktec": [1.6317632641049638, 0.0], "eem": [1.210138091847281, 1.0], "nfty": [1.262556097182899, 1.0], "gdx": [1.3493353177304759, 1.0]}