{"sp": [1.1203958894594908, 1.0], "dia": [1.15954976836362, 1.0], "nas": [1.2371061933063632, 1.0], "rus": [1.2964344142480433, 1.0], "jpxn": [1.067609313829114, 1.0], "ktec": [1.6317632641049638, 0.0], "eem": [1.210138091847281, 1.0], "nfty": [1.262556097182899, 1.0], "gdx": [1.439000371712908, 0.0]}