{"sp": [1.122634529433565, 0.6297], "dia": [1.2228516370361746, 1.0], "nas": [1.244547863253888, 1.0], "rus": [1.3019523176310257, 1.0], "jpxn": [1.067609313829114, 1.0], "ktec": [1.6317632641049638, 0.0], "eem": [1.210138091847281, 1.0], "nfty": [1.262556097182899, 1.0], "gdx": [1.3602252986807055, 0.989]}