{"sp": [1.1228132964308497, 1.0], "dia": [1.1612830106192455, 1.0], "nas": [1.2416794471456676, 1.0], "rus": [1.3073954610230643, 1.0], "jpxn": [1.067609313829114, 1.0], "ktec": [1.6317632641049638, 0.0], "eem": [1.210138091847281, 1.0], "nfty": [1.262556097182899, 1.0], "gdx": [1.434618372146831, 0.0]}