{"sp": [1.1209863984485529, 1.0], "nas": [1.241588796525209, 1.0], "rus": [1.293580520264676, 1.0], "jpxn": [1.0728750416100368, 1.0], "ktec": [1.6653122300277805, 0.0], "emb": [1.075284548909818, 1.0], "gdx": [1.3478749979155464, 0.9999], "dia": [1.2204676628298186, 1.0], "nfty": [1.2632857760150416, 1.0]}