{"sp": [1.1258377750639985, 1.0], "dia": [1.1649511619489135, 1.0], "nas": [1.2458485571581102, 1.0], "rus": [1.3119654903385036, 1.0], "jpxn": [1.067609313829114, 1.0], "ktec": [1.6317632641049638, 0.0], "eem": [1.210138091847281, 1.0], "nfty": [1.262556097182899, 1.0], "gdx": [1.4201315676418502, 0.0]}