{"sp": [1.120072442592569, 1.0], "dia": [1.1582496274387188, 1.0], "nas": [1.2367556327569869, 1.0], "rus": [1.2951172441449899, 1.0], "jpxn": [1.067609313829114, 1.0], "ktec": [1.6317632641049638, 0.0], "eem": [1.210138091847281, 1.0], "nfty": [1.262556097182899, 1.0], "gdx": [1.4380364034025448, 0.0]}