{"sp": [1.1246085135109283, 0.1805], "dia": [1.163265746637204, 0.2418], "nas": [1.2453480629013622, 0.9983], "rus": [1.3090940170313061, 0.0181], "jpxn": [1.067609313829114, 1.0], "ktec": [1.6317632641049638, 0.0], "eem": [1.210138091847281, 1.0], "nfty": [1.262556097182899, 1.0], "gdx": [1.4259328889616674, 1.0]}