{"sp": [1.1202549598388323, 1.0], "dia": [1.1648623044258264, 1.0], "nas": [1.2388490062338784, 1.0], "rus": [1.3007531061117035, 1.0], "jpxn": [1.067609313829114, 1.0], "ktec": [1.6317632641049638, 0.0], "eem": [1.210138091847281, 1.0], "nfty": [1.262556097182899, 1.0], "gdx": [1.4293602604103641, 0.0704]}