{"sp": [1.1167394131728328, 1.0], "nas": [1.2371258501734792, 1.0], "rus": [1.2821105127108585, 1.0], "jpxn": [1.0680314338177295, 0.1408], "ktec": [1.6496630207038558, 0.0], "emb": [1.0711634907072192, 1.0], "gdx": [1.3526157498732139, 0.961], "dia": [1.2000033467641673, 1.0]}