{"sp": [1.1217368320356256, 1.0], "nas": [1.2425531238970484, 1.0], "rus": [1.296072236074049, 1.0], "jpxn": [1.0751672847470093, 0.0], "ktec": [1.6581418029716262, 0.0], "emb": [1.0773203145580013, 0.9954], "gdx": [1.355082030201697, 0.996], "dia": [1.2232864728323152, 0.9999], "nfty": [1.2655534852116639, 1.0]}