{"sp": [1.1169533766984936, 1.0], "nas": [1.2291223673935114, 1.0], "rus": [1.2734171126746254, 1.0], "jpxn": [1.0506229244330223, 1.0], "ktec": [1.6302079070835445, 0.0], "emb": [1.0676797655679815, 0.9996], "gdx": [1.3462261442185761, 0.1667], "dia": [1.2135937638282468, 1.0], "nfty": [1.2330869591330673, 1.0]}