{"sp": [1.1212926886025953, 0.9983], "dia": [1.1608215339712125, 0.9989], "nas": [1.2387074918260523, 1.0], "rus": [1.2999256649900188, 1.0], "jpxn": [1.067609313829114, 1.0], "ktec": [1.6317632641049638, 0.0], "eem": [1.210138091847281, 1.0], "nfty": [1.262556097182899, 1.0], "gdx": [1.4373767406361206, 0.0]}