{"sp": [1.1215400950460133, 1.0], "dia": [1.1611908590228543, 1.0], "nas": [1.2390813437619665, 1.0], "rus": [1.3007158552915445, 1.0], "jpxn": [1.067609313829114, 1.0], "ktec": [1.6317632641049638, 0.0], "eem": [1.210138091847281, 1.0], "nfty": [1.262556097182899, 1.0], "gdx": [1.4360223595270754, 0.0]}