{"sp": [1.1252633208969756, 1.0], "dia": [1.1641482256289657, 1.0], "nas": [1.2435591288258292, 1.0], "rus": [1.3066154906926597, 1.0], "jpxn": [1.067609313829114, 1.0], "ktec": [1.6317632641049638, 0.0], "eem": [1.210138091847281, 1.0], "nfty": [1.262556097182899, 1.0], "gdx": [1.436422485038982, 0.9893]}