{"sp": [1.1257579051899624, 1.0], "dia": [1.1661801842303972, 1.0], "nas": [1.2464397326969872, 1.0], "rus": [1.2947405872043003, 1.0], "jpxn": [1.067609313829114, 1.0], "ktec": [1.6317632641049638, 0.0], "eem": [1.210138091847281, 1.0], "nfty": [1.262556097182899, 1.0], "gdx": [1.3990487597061496, 1.0]}