{"sp": [1.125998269051333, 1.0], "dia": [1.165918873904234, 1.0], "nas": [1.2460531331131812, 1.0], "rus": [1.3150275772892868, 1.0], "jpxn": [1.067609313829114, 1.0], "ktec": [1.6317632641049638, 0.0], "eem": [1.210138091847281, 1.0], "nfty": [1.262556097182899, 1.0], "gdx": [1.4221669336933405, 0.0]}