{"sp": [1.1195809596024326, 1.0], "nas": [1.2400991798626717, 1.0], "rus": [1.289635015313776, 1.0], "jpxn": [1.0738414738575615, 0.9804], "ktec": [1.671831230298496, 0.0], "emb": [1.075625264258124, 1.0], "gdx": [1.3583771630868045, 0.1098], "dia": [1.2150917603746183, 1.0], "nfty": [1.269027126456216, 1.0]}