{"sp": [1.114611341184135, 1.0], "dia": [1.1552832380484346, 1.0], "nas": [1.2297288814124028, 1.0], "rus": [1.2775329108365958, 1.0], "jpxn": [1.067609313829114, 1.0], "ktec": [1.6317632641049638, 0.0], "eem": [1.210138091847281, 1.0], "nfty": [1.262556097182899, 1.0], "gdx": [1.4347184253901524, 0.0989]}