{"sp": [1.1250126830246137, 1.0], "dia": [1.1641562560332452, 1.0], "nas": [1.2449792519761202, 1.0], "rus": [1.3138257953416967, 1.0], "jpxn": [1.067609313829114, 1.0], "ktec": [1.6317632641049638, 0.0], "eem": [1.210138091847281, 1.0], "nfty": [1.262556097182899, 1.0], "gdx": [1.4260122489784244, 0.0]}