{"sp": [1.1255061814347231, 1.0], "dia": [1.1652110627725774, 1.0], "nas": [1.2443723483760059, 1.0], "rus": [1.3084952142459687, 1.0], "jpxn": [1.067609313829114, 1.0], "ktec": [1.6317632641049638, 0.0], "eem": [1.210138091847281, 1.0], "nfty": [1.262556097182899, 1.0], "gdx": [1.4260234033889225, 0.9959]}