{"sp": [1.1192586130096287, 0.9999], "nas": [1.24095529798799, 1.0], "rus": [1.2921030319746265, 1.0], "jpxn": [1.0721292129651152, 1.0], "ktec": [1.6756418282909138, 0.0], "emb": [1.0756963160222708, 1.0], "gdx": [1.3589500593605044, 0.0042], "dia": [1.2166327853960863, 1.0], "nfty": [1.233189189530255, 1.0]}