{"sp": [1.117876849072677, 0.9707], "nas": [1.221824877675853, 0.9613], "rus": [1.1796414650730493, 0.6677], "jpxn": [1.0475688418507474, 0.2309], "ktec": [1.6341333973019867, 0.0], "emb": [1.0930267520260304, 0.9993], "gdx": [1.3608341604830252, 0.0174], "dia": [1.1408986698562857, 1.0]}