current_state,next_state,prob
0,0,0.7948571428571428
0,1,0.03371428571428572
0,2,0.04171428571428572
0,3,0.044
0,4,0.013142857142857144
0,5,0.07257142857142856
