current_state,next_state,prob
3,0,0.020446413358323395
3,2,0.0018742545578463111
3,3,0.9776793320838303
