current_state,next_state,prob
4,0,0.01078167115902965
4,1,0.009883198562443846
4,2,0.014375561545372867
4,3,0.027852650494159928
4,4,0.9263252470799641
4,5,0.01078167115902965
