current_state,next_state,prob
4,0,0.013544018058690745
4,1,0.011286681715575621
4,2,0.013544018058690745
4,4,0.9492099322799097
4,5,0.012415349887133182
