current_state,next_state,prob
3,0,0.027552674230145867
3,2,0.003646677471636953
3,3,0.9688006482982172
