current_state,next_state,prob
4,0,0.014035087719298246
4,1,0.011695906432748537
4,2,0.011695906432748537
4,4,0.9508771929824561
4,5,0.011695906432748537
