current_state,next_state,prob
3,0,0.021666106818945246
3,1,0.0006718172657037286
3,3,0.9774941215989251
3,5,0.00016795431642593214
