current_state,next_state,prob
5,0,0.05847568988173456
5,1,0.053219448094612355
5,2,0.022996057818659658
5,3,0.021681997371879105
5,4,0.01445466491458607
5,5,0.8291721419185283
