current_state,next_state,prob
6,0,0.07511737089201878
6,1,0.029510395707578806
6,2,0.028839704896042925
6,3,0.0006706908115358819
6,4,0.03755868544600939
6,5,0.011401743796109993
6,6,0.8169014084507042
