current_state,next_state,prob
2,0,0.02236770321876705
2,1,0.00436442989634479
2,2,0.9457174031642117
2,3,0.00436442989634479
2,4,0.0005455537370430987
2,5,0.022640480087288598
