returns,buy_level,sell_level,max_prop_per_stock,scaler,sharpe_scaled_exp,w_rsi,w_fair,w_geom
0.9903678,5.18734,5.1734,0.155,0.6332,3.2612,3.029,1.903,1
0.9728588,5.7028,5.7028,0.1761,0.6238,3.4912,116.38,1,32.356
0.9902401,5.0878,5.0878,0.1679,0.6009,2.8326,3.048,2.303,1