price,sim1_direction,sim2_direction,sim3_direction,sim4_direction,sim5_direction,RSI,RSIRev,fair_value_mult,geomean,sharpe,et,rollover,roth,simple,fid,schwab,dm,sim1,sim2,sim3,sim4,sim5,owned,inEt,inFid,in_self_managed,currentlyActive,et_status,et_status_scaled,fid_status,fid_status_scaled,schwab_status,schwab_status_scaled,sim1_status,sim1_status_scaled,sim2_status,sim2_status_scaled,sim3_status,sim3_status_scaled,dm_status,dm_status_scaled,sharpe_capped,sharpe_scaled,weighted_sharpe_capped,weighted_sharpe_scaled,et_sharpe_adj_status,et_w_sharpe_adj_status,et_mean_sharpe_adj_status,fid_sharpe_adj_status,fid_w_sharpe_adj_status,fid_mean_sharpe_adj_status,schwab_sharpe_adj_status,schwab_w_sharpe_adj_status,schwab_mean_sharpe_adj_status,sim1_sharpe_adj_status,sim1_w_sharpe_adj_status,sim1_mean_sharpe_adj_status,sim2_sharpe_adj_status,sim2_w_sharpe_adj_status,sim2_mean_sharpe_adj_status,sim3_sharpe_adj_status,sim3_w_sharpe_adj_status,sim3_mean_sharpe_adj_status,dm_sharpe_adj_status,dm_w_sharpe_adj_status,dm_mean_sharpe_adj_status,et_norm,fid_norm,schwab_norm,sim1_norm,sim2_norm,sim3_norm,dm_norm,et_target,et_diff,et_bid_ask,et_nshares,qe,exact_amt,fid_target,fid_diff,DEL,fid_bid_ask,fid_nshares,qf,schwab_target,schwab_diff,schwab_bid_ask,schwab_nshares,sim1_target,sim1_diff,sim1_bid_ask,sim1_nshares,q1,sim2_target,sim2_diff,sim2_bid_ask,sim2_nshares,q2,sim3_target,sim3_diff,sim3_bid_ask,sim3_nshares,q3,dm_target,dm_diff,dm_bid_ask,dm_nshares,qd,sim4_status,sim4_status_scaled,sim5_status,sim5_status_scaled,sim4_sharpe_adj_status,sim5_sharpe_adj_status,sim4_norm,sim5_norm,sim4_target,sim4_diff,sim4_bid_ask,sim4_nshares,q4,sim5_target,sim5_diff,sim5_bid_ask,sim5_nshares,q5,up_down,et_sell_w,fid_sell_w,schwab_sell_w,sim1_sell_w,sim2_sell_w,sim3_sell_w,sim4_sell_w,sim5_sell_w,dm_sell_w,et_q,fid_q,schwab_q,sim1_q,sim2_q,sim3_q,sim4_q,sim5_q,dm_q,ltest,lt2,testy,sort_col,et_sort_col,fid_sort_col,schwab_sort_col,sim1_sort_col,sim2_sort_col,sim3_sort_col,sim4_sort_col,sim5_sort_col,dm_sort_col,currently_active
141.3399963,1,1,1,1,1,0.783113245,0.216886755,0.84799045,0.808287987,0.558473739,0,0,0,0,0,0,0,0,0,0,0,0,0,1,1,1,1,0.833038835,-0.722789234,0.835565358,-0.876909849,0.812131851,-0.815353951,0.833038835,-0.722789234,0.835447693,-0.814630353,0.8421455,-0.719723257,0.833038835,-0.722789234,0.558473739,1.614790163,0.0,0.0,0.707254838,0.0,0.0,0.656902548,0.0,0.0,0.676568415,0.0,0.0,0.707254838,0.0,0.0,0.676803057,0.0,0.0,0.708294723,0.0,0.0,0.707254838,0.0,0.0,0.000827313,0.000649508,0.000716783,0.000827313,0.000712017,0.000838704,0.000827313,87.02137438,87.02137438,136.0366555,1,0.0,0.0,75.19052457,75.19052457,0.0,136.0366555,1,0.0,9.566375166,9.566375166,136.0366555,0,67.10352151,67.10352151,136.0366555,0,0.0,56.44612939,56.44612939,136.0366555,0,0.0,64.22293154,64.22293154,136.0366555,0,0.0,21.12920815,21.12920815,136.0366555,0,0.0,0.83055116,-0.596381291,0.797974588,-11.34607784,0.751421218,0.004352097,0.000970822,0.000253616,79.18034768,79.18034768,136.0366555,1,0.0,22.51984042,22.51984042,136.6719739,0,0.0,1,0.0,0.0,0.0,0.0,0.0,0.0,0.0,0.0,0.0,0.008162879,0.01201517,0.0,0.0,0.0,0.0,0.005557354,0.0,0.0,0.0,0.0,0.0,0.0,0.0,0.0,0.0,0.0,0.0,0.0,0.0,0.0,0.0,1.0
90.27999878,0,0,0,0,0,0.077230892,0.922769108,0.025865499,0.055671829,0.610463777,1083,722,0,0,722,0,0,813,993,632,1264,0,1805,1,1,1,1,0.030222854,2.854812417,0.02937773,3.461414665,0.043436608,2.943168893,0.030222854,2.854812417,0.029411402,3.21601344,0.027393567,2.825887927,0.030222854,2.854812417,0.610463777,1.666780202,,,4.299530367,,,5.861555972,,,4.498061699,,,4.299530367,,,5.170870978,,,4.236461881,,,4.299530367,,,0.005605079,0.00657899,0.005426586,0.005605079,0.006175879,0.005648451,0.005605079,589.5734063,-493.4265937,98.27502955,-5,,177.9220589,761.6190511,39.6190511,,89.42543219,0,,72.424628,72.424628,89.0367246,1,454.6291303,-358.3708697,98.27502955,-4,,489.6010153,-503.3989847,98.27502955,-5,,432.5245336,-199.4754664,98.27502955,-2,,143.151258,143.151258,88.96102947,2,,0.031111486,2.354778469,0.052090225,-6.005471218,3.330230713,0.046506757,0.004725842,0.003047395,385.4400883,-878.5599117,98.27502955,-9,,270.5940239,270.5940239,83.29483981,3,,1,,,,,,,,,,-0.636715151,0.0,0.135347549,-0.509372121,-0.808026754,-0.249551331,-0.779763043,1.690578963,0.254686061,,,,47.08893263,-98.27502955,0.0,0.0,-98.27502955,-98.27502955,0.0,-98.27502955,166.5896796,0.0,1.0
312.4100037,0,0,0,0,0,0.272509004,0.727490996,0.25666534,0.476349937,1.018414858,312,0,0,0,0,0,0,1250,312,312,937,0,312,1,1,1,1,0.260006283,0.407821066,0.259510367,0.488040971,0.313925504,0.374686492,0.260006283,0.407821066,0.259425994,0.453965478,0.257970794,0.386856442,0.260006283,0.407821066,1.018414858,2.074731283,,,1.346677864,,,1.427875598,,,1.314502225,,,1.346677864,,,1.39280315,,,1.326229658,,,1.346677864,,,0.003712018,0.003848273,0.003891393,0.003712018,0.003997222,0.004013983,0.003712018,390.4507237,78.45072367,303.0130065,0,,0.0,445.4966328,445.4966328,,303.849438,1,,51.93553752,51.93553752,301.4769423,0,301.0825642,-948.9174358,326.5974926,-3,,316.885077,4.885076986,303.3144715,0,,307.3667741,-4.633225854,326.5974926,0,,94.8033132,94.8033132,303.0130065,0,,0.260545024,0.340929884,0.268695512,-7.556386737,1.282512978,0.00402637,0.003480162,0.000593253,283.8423079,-653.1576921,326.5974926,-2,,52.67801591,52.67801591,298.1282852,0,,1,,,,,,,,,,0.0,0.003721625,0.0,-0.007796157,0.0,0.0,-0.003632287,0.0,0.0,,,,0.0,0.0,0.0,0.0,0.0,0.0,0.0,0.0,0.0,0.0,1.0
243.8699951,0,0,0,0,0,0.263705482,0.736294518,0.119379228,0.570950188,0.793282101,488,0,244,0,244,0,0,732,732,488,732,0,732,1,1,1,1,0.135481004,0.899233669,0.132469009,1.097076386,0.219930081,0.669661974,0.135481004,0.899233669,0.13254005,1.019417191,0.125143156,0.910727718,0.135481004,0.899233669,0.793282101,1.849598526,,,1.738461406,,,1.963380106,,,1.509564333,,,1.738461406,,,1.871816903,,,1.750793217,,,1.738461406,,,0.003235242,0.003341892,0.002790419,0.003235242,0.003391445,0.003446709,0.003235242,340.3007988,-147.6992012,253.932398,-1,,0.0,386.8753125,142.8753125,,239.8882747,1,,37.24165342,37.24165342,238.7552277,0,262.411185,-469.588815,253.932398,-2,,268.86134,-463.13866,253.932398,-2,,263.9282929,-224.0717071,253.932398,-1,,82.62667031,82.62667031,239.4711713,0,,0.138633098,0.737029536,0.204043274,-7.093470243,1.573417529,0.012749522,0.003038638,0.001227985,247.8315941,-484.1684059,253.932398,-2,,109.0391813,109.0391813,232.8214526,0,,1,,,,,,,,,,-0.012634706,0.018805884,0.0,-0.025269412,-0.032475357,-0.012959765,-0.016975392,0.0,0.0,,,,0.0,0.0,0.0,0.0,0.0,0.0,0.0,0.0,0.0,0.0,1.0
3.00999999,0,0,0,0,0,0.242096839,0.757903161,0.309590131,0.40309753,0.073152847,0,0,0,0,0,0,0,0,0,0,0,653,0,1,1,1,1,0.292021383,0.334738434,0.294974215,0.391968099,0.307249388,0.391603649,0.292021383,0.334738434,0.294728823,0.364984016,0.302576594,0.293160145,0.292021383,0.334738434,0.073152847,1.129469272,,,1.041595513,,,1.048878265,,,1.048831726,,,1.041595513,,,1.045438087,,,1.03633621,,,1.041595513,,,0.000358812,0.000248134,0.00025662,0.000358812,0.00026285,0.000321817,0.000358812,37.74179771,37.74179771,2.91251025,13,,8.737530751,28.72534887,28.72534887,,2.918725565,10,,3.424921617,3.424921617,2.918678142,1,29.10328126,29.10328126,2.91251025,10,,20.83778042,20.83778042,2.914839998,7,,24.64278929,24.64278929,2.909235944,8,,9.163889967,9.163889967,2.91251025,3,,0.289197507,0.285795328,0.255819187,-7.464190958,1.035407395,0.403028012,0.000464208,0.006255292,37.86083049,37.86083049,2.912296053,13,,555.4397973,-97.56020266,2.972322568,-33,,1,,,,,,,,,,0.02276012,0.024006092,0.002396147,0.017507784,0.014570208,0.010742859,0.016591041,-28.72760687,0.005252335,,,,0.001760048,0.0,0.0,0.0,0.0,0.0,0.0,0.0,-86.19735446,0.0,1.0
151.6399994,1,1,1,1,1,0.768683274,0.231316726,0.653276956,0.894980695,0.245802208,152,0,0,0,0,0,0,0,0,0,0,607,152,1,1,1,1,0.675315252,-0.26992498,0.671523701,-0.313670306,0.763406329,-0.605813057,0.675315252,-0.26992498,0.671578922,-0.291733435,0.661652401,-0.229582521,0.675315252,-0.26992498,0.245802208,1.302118633,,,0.931221408,,,0.920529108,,,0.852203273,,,0.931221408,,,0.925875517,,,0.941192021,,,0.931221408,,,0.000521789,0.000384738,0.000373603,0.000521789,0.000411459,0.000497852,0.000521789,54.88463878,-97.11536122,157.283518,-1,,0.0,44.53936921,44.53936921,,144.7884041,0,,4.986205416,4.986205416,144.7884041,0,42.32238993,42.32238993,144.7884041,0,,32.61893169,32.61893169,144.7884041,0,,38.12255347,38.12255347,144.7884041,0,,13.32625421,13.32625421,144.7884041,0,,0.679165182,-0.232451847,0.737267534,-10.91140927,0.940479356,0.056104912,0.000642486,0.001474188,52.40118338,52.40118338,144.7884041,0,,130.9007988,-476.0992012,150.120912,-3,,1,,,,,,,,,,-0.00113843,0.0,0.0,0.0,0.0,0.0,0.0,-3.0,0.0,,,,0.0,0.0,0.0,0.0,0.0,0.0,0.0,0.0,-450.362736,0.0,1.0
107.9599991,1,1,1,1,1,0.895158063,0.104841937,0.9896538,0.870238594,0.564816888,0,0,0,0,0,0,0,0,0,0,0,0,0,1,1,1,1,0.967484445,-2.736075132,0.971162624,-3.497689165,0.914023777,-1.75901033,0.967484445,-2.736075132,0.971059397,-3.245321277,0.980945976,-3.386408769,0.967484445,-2.736075132,0.564816888,1.621133313,0.0,0.0,0.266636862,0.0,0.0,0.184552232,0.0,0.0,0.427490715,0.0,0.0,0.266636862,0.0,0.0,0.208483078,0.0,0.0,0.194745761,0.0,0.0,0.266636862,0.0,0.0,0.000316109,0.00018536,0.000460239,0.000316109,0.000222801,0.000234012,0.000316109,33.25011969,33.25011969,104.2732244,0,0.0,0.0,21.4582209,21.4582209,0.0,104.2732244,0,0.0,6.142471904,6.142471904,104.2732244,0,25.63967919,25.63967919,104.2732244,0,0.0,17.66283275,17.66283275,104.2732244,0,0.0,17.91923554,17.91923554,104.2732244,0,0.0,8.073288944,8.073288944,104.2732244,0,0.0,0.963839992,-2.152056411,0.916342997,-12.19360749,0.353556036,0.002764094,0.000462121,0.00016343,37.69064229,37.69064229,104.2732244,0,0.0,14.51179409,14.51179409,104.9093003,0,0.0,1,0.0,0.0,0.0,0.0,0.0,0.0,0.0,0.0,0.0,0.0,0.0,0.0,0.0,0.0,0.0,0.0,0.0,0.0,0.0,0.0,0.0,0.0,0.0,0.0,0.0,0.0,0.0,0.0,0.0,0.0,0.0,1.0
18.86000061,1,1,0,1,1,0.482993197,0.517006803,0.452229299,0.536626203,0.684222278,0,0,0,0,0,0,0,245,151,302,170,377,0,1,1,1,1,0.458590065,0.058065878,0.457527675,0.071075997,0.489612775,0.018703059,0.458590065,0.058065878,0.457523838,0.066085702,0.454679682,0.059605921,0.458590065,0.058065878,0.684222278,1.740538703,,,1.032703168,,,1.040176009,,,1.010419039,,,1.032703168,,,1.037303278,,,1.03358494,,,1.032703168,,,0.001561171,0.001388332,0.00145581,0.001561171,0.00147347,0.001620642,0.001561171,164.2126753,164.2126753,17.98753788,9,,35.97507576,160.7207413,160.7207413,,17.98753788,9,,19.42962091,19.42962091,17.98753788,1,126.626922,-118.373078,19.83756181,-6,,116.8112703,-34.18872967,19.83756181,-2,,124.0990264,-177.9009736,19.83756181,-9,,39.87162719,39.87162719,17.98753788,2,,0.459669891,0.047417832,0.475235122,-9.035230998,1.026627039,0.006689094,0.001656145,0.000514494,135.075326,-34.92467404,19.83756181,-2,,45.68461216,-331.3153878,18.32417918,-18,,1,,,,,,,,,,0.000474138,0.000710409,5.47e-06,-0.000316092,-0.000136479,-0.000499622,-7.03e-05,-18.0,0.000105364,,,,0.0,0.0,0.0,0.0,0.0,0.0,0.0,0.0,-329.8352253,0.0,1.0
99.29000092,0,0,0,0,0,0.31212485,0.68787515,0.219259849,0.39179573,0.660964646,0,0,0,0,0,0,0,99,298,0,298,298,0,1,1,1,1,0.234406035,0.475709244,0.231709691,0.576838922,0.293221009,0.428650707,0.234406035,0.475709244,0.231771485,0.536090734,0.224891854,0.4719587,0.234406035,0.475709244,0.660964646,1.717281071,,,1.293350444,,,1.366047026,,,1.260854361,,,1.293350444,,,1.336276372,,,1.290730088,,,1.293350444,,,0.001867285,0.001727735,0.001719154,0.001867285,0.001798614,0.001924422,0.001867285,196.4114092,196.4114092,97.13923262,2,,0.0,200.0118351,200.0118351,,97.30388322,2,,22.94427258,22.94427258,97.01214892,0,151.4558615,52.45586147,97.13923262,1,,142.5875285,-155.4124715,102.802235,-2,,147.3607152,147.3607152,97.08410393,2,,47.68963461,47.68963461,97.13923262,0,,0.237166918,0.392426376,0.283129833,-7.65973792,1.236397029,0.015891927,0.00191666,0.001162965,156.3229734,-141.6770266,102.802235,-1,,103.2657354,-194.7342646,98.7171893,-2,,1,,,,,,,,,,0.007071853,0.010398223,0.0,0.003535926,-0.00898104,0.006960782,-0.002406226,-1.833487031,0.0,,,,0.0,0.0,0.0,0.0,0.0,0.0,0.0,0.0,-197.4343786,0.0,1.0
171.1100006,1,1,1,1,1,0.789515806,0.210484194,0.998408277,0.351192968,0.347560513,513,0,513,0,513,0,513,513,513,856,342,0,1026,1,1,1,1,0.943386862,-1.894937958,0.951250508,-2.515888839,0.574034262,-0.13549704,0.943386862,-1.894937958,0.952349178,-2.376250079,0.976041844,-3.033134865,0.943386862,-1.894937958,0.347560513,1.403876938,,,0.525800034,,,0.425928316,,,0.955074723,,,0.525800034,,,0.446590374,,,0.357380747,,,0.525800034,,,0.000381086,0.000240553,0.000570015,0.000381086,0.000268247,0.000250562,0.000381086,40.08472346,-472.9152765,173.3384222,-3,,-520.0152665,27.84772188,-485.1522781,,172.7700531,-3,,7.607572734,7.607572734,162.224167,0,30.90994738,-482.0900526,173.3384222,-3,,21.26560218,-491.7343978,172.8938381,-3,,19.1865205,-836.8134795,172.2290482,-5,,9.732763605,-503.2672364,173.3384222,-3,,0.935126973,-1.434727578,0.829739221,-11.5735158,0.614643033,0.019719006,0.00052468,0.000684516,42.79297906,-299.2070209,174.1429733,-2,,60.78169195,60.78169195,163.8686912,0,,0,,,,,,,,,,-0.168318275,-0.29670453,0.0,-0.168318275,-0.264682708,-0.718742743,-0.064326351,0.0,-0.168318275,,,,-7.821406187,0.0,0.0,0.0,0.0,0.0,-172.2290482,0.0,0.0,0.0,1.0
260.2399902,1,1,1,1,1,0.761504602,0.238495398,0.986868285,0.640853914,0.455212047,260,260,0,0,260,0,0,781,1041,1041,781,0,520,1,1,1,1,0.927217945,-1.563134733,0.936688984,-2.079439358,0.766765706,-0.618150514,0.927217945,-1.563134733,0.936555478,-1.930159814,0.96284015,-2.363801426,0.927217945,-1.563134733,0.455212047,1.511528472,,,0.524261661,,,0.423559685,,,0.774628911,,,0.524261661,,,0.450503123,,,0.376613096,,,0.524261661,,,0.000489203,0.000321492,0.000625894,0.000489203,0.000363753,0.000348198,0.000489203,51.45705432,-208.5429457,264.8944232,-1,,0.0,37.21765742,-222.7823426,,263.7592455,-1,,8.353343935,8.353343935,244.7302847,0,39.67932679,-741.3206732,264.8944232,-3,,28.83699949,-1012.163001,263.9692646,-4,,26.66294674,-1014.337053,263.2005035,-4,,12.49402022,12.49402022,244.7302847,0,,0.917897344,-1.188376692,0.805886269,-11.40272627,0.612048464,0.008998387,0.000650227,0.000410602,53.0325652,-727.9674348,266.2852016,-3,,36.45949988,36.45949988,247.7526096,0,,1,,,,,,,,,,-0.038177972,-0.067563563,0.0,-0.114533915,-0.232844807,-0.349222324,-0.066198711,0.0,0.0,,,,0.0,0.0,0.0,0.0,0.0,0.0,0.0,0.0,0.0,0.0,1.0
377.3099976,0,0,0,0,0,0.338935574,0.661064426,0.417031437,0.321054835,0.763121174,0,0,3018,0,3018,0,377,0,0,0,0,0,3018,1,1,1,1,0.397166939,0.14818317,0.40039162,0.170905827,0.35329568,0.282551119,0.397166939,0.14818317,0.400300528,0.159046243,0.409104749,0.121844273,0.397166939,0.14818317,0.763121174,1.819437599,0.0,0.0,1.092743705,0.0,0.0,1.107706684,0.0,0.0,1.184255845,0.0,0.0,1.092743705,0.0,0.0,1.099871705,0.0,0.0,1.075652163,0.0,0.0,1.092743705,0.0,0.0,0.001922384,0.001765405,0.002046388,0.001922384,0.001865831,0.001991157,0.001922384,202.2070922,202.2070922,356.4082805,1,0.0,-398.9673601,204.3727769,-2813.627223,0.0,398.9673601,-7,0.0,27.31162957,27.31162957,360.1438979,0,155.9250019,155.9250019,356.4082805,0,0.0,147.9162245,147.9162245,356.9126531,0,0.0,152.4708387,152.4708387,356.2756268,0,0.0,49.09685431,-327.9031457,398.9673601,-1,0.0,0.39399904,0.128378026,0.355033772,-8.174577308,1.079866877,0.007501076,0.001986385,0.000679823,162.0097592,162.0097592,356.3813963,0,0.0,60.36500422,60.36500422,358.0889563,0,0.0,0,0.0,0.0,0.0,0.0,0.0,0.0,0.0,0.0,0.0,0.000343098,-0.003194713,0.0,0.0,0.0,0.0,0.0,0.0,-0.000343098,0.0,0.0,0.0,-11.2223574,0.0,0.0,0.0,0.0,0.0,0.0,0.0,0.0,0.0,1.0
77.51000214,0,0,0,0,0,0.149659864,0.850340136,0.066056506,0.498953537,0.453711084,0,0,310,0,310,0,0,0,0,0,0,0,310,1,1,1,1,0.075178973,1.522976502,0.073472246,1.850972335,0.129032331,1.21746405,0.075178973,1.522976502,0.073507678,1.720192266,0.069317061,1.522368594,0.075178973,1.522976502,0.453711084,1.510027509,0.0,0.0,1.873224091,0.0,0.0,2.144351729,0.0,0.0,1.651610486,0.0,0.0,1.873224091,0.0,0.0,2.031834687,0.0,0.0,1.87275484,0.0,0.0,1.873224091,0.0,0.0,0.001742026,0.001621159,0.001329063,0.001742026,0.001634065,0.00172503,0.001742026,183.2360486,183.2360486,76.30483836,2,0.0,76.30483836,187.6740019,-122.3259981,0.0,80.64226119,-2,0.0,17.73802458,17.73802458,76.09910523,0,141.2961381,141.2961381,76.30483836,2,0.0,129.5426954,129.5426954,76.48447395,2,0.0,132.0924657,132.0924657,76.21565774,2,0.0,44.49059371,44.49059371,76.30483836,1,0.0,0.076969066,1.253198186,0.114607055,-6.453097971,1.676113796,0.069983099,0.001775436,0.003181653,144.8047384,144.8047384,76.17163682,2,0.0,282.5154978,282.5154978,73.79811054,4,0.0,1,0.0,0.0,0.0,0.0,0.0,0.0,0.0,0.0,0.0,0.072483045,-0.107065581,0.0,0.072483045,0.09247067,0.072425192,0.049078303,2.602654589,0.036241522,0.0,0.0,0.0,0.0,0.0,0.0,0.0,0.0,0.0,0.0,0.0,221.3943316,0.0,1.0
273.5100098,1,1,1,1,1,0.863545418,0.136454582,0.971348985,0.998744244,0.666696687,0,0,0,0,0,0,0,0,0,0,0,0,0,1,1,1,1,0.945825198,-1.956668107,0.950176701,-2.477903253,0.94256557,-2.419311451,0.945825198,-1.956668107,0.949883351,-2.294245943,0.961338071,-2.305474176,0.945825198,-1.956668107,0.666696687,1.723013111,0.0,0.0,0.344874963,0.0,0.0,0.259716627,0.0,0.0,0.268129333,0.0,0.0,0.344874963,0.0,0.0,0.28700924,0.0,0.0,0.285261246,0.0,0.0,0.344874963,0.0,0.0,0.000503623,0.000332891,0.000370619,0.000503623,0.000391501,0.000430652,0.000503623,52.97385567,52.97385567,264.7068613,0,0.0,0.0,38.53718984,38.53718984,0.0,264.7068613,0,0.0,4.94637699,4.94637699,264.7068613,0,40.84895566,40.84895566,264.7068613,0,0.0,31.03673344,31.03673344,264.7068613,0,0.0,32.97675788,32.97675788,264.7068613,0,0.0,12.86230688,12.86230688,264.7068613,0,0.0,0.941591297,-1.553108564,0.887674428,-11.98833767,0.429554407,0.001469917,0.000672497,0.000108903,54.84891566,54.84891566,264.7068613,0,0.0,9.670047451,9.670047451,266.0669174,0,0.0,1,0.0,0.0,0.0,0.0,0.0,0.0,0.0,0.0,0.0,0.0,0.0,0.0,0.0,0.0,0.0,0.0,0.0,0.0,0.0,0.0,0.0,0.0,0.0,0.0,0.0,0.0,0.0,0.0,0.0,0.0,0.0,1.0
242.4700012,1,1,1,1,1,0.832332933,0.167667067,0.970951055,0.601506907,0.568895556,0,0,0,0,0,0,0,1455,1212,970,727,0,0,1,1,1,1,0.936861252,-1.746484325,0.942185893,-2.226200249,0.763527847,-0.606254943,0.936861252,-1.746484325,0.942389268,-2.075103121,0.957374042,-2.164107314,0.936861252,-1.746484325,0.568895556,1.625211981,,,0.428202269,,,0.339212675,,,0.744963099,,,0.428202269,,,0.365039591,,,0.349597319,,,0.428202269,,,0.000512033,0.000344139,0.000810338,0.000512033,0.000394054,0.000424057,0.000512033,53.85849108,53.85849108,230.8153737,0,,0.0,39.83939309,39.83939309,,230.8153737,0,,10.81497505,10.81497505,230.8153737,0,41.53111164,-1413.468888,246.127238,-6,,31.23915215,-1180.760848,245.4705982,-5,,32.4717554,-937.5282446,245.3188698,-4,,13.07710062,13.07710062,230.8153737,0,,0.931459539,-1.374789471,0.861574436,-11.80145912,0.512912321,0.003243053,0.000675417,0.000193541,55.08706061,-671.9129394,246.7658617,-3,,17.18546868,17.18546868,233.0248203,0,,1,,,,,,,,,,0.0,0.0,0.0,-0.285956953,-0.336410388,-0.292710029,-0.08859591,0.0,0.0,,,,0.0,0.0,0.0,0.0,0.0,0.0,0.0,0.0,0.0,0.0,1.0
118.7799988,1,1,1,1,1,0.87434974,0.12565026,0.885395941,0.811636668,0.64601858,238,0,0,0,0,0,238,713,594,713,356,0,238,1,1,1,1,0.882935554,-1.035724404,0.883301898,-1.239385411,0.854363649,-1.078457796,0.882935554,-1.035724404,0.883355359,-1.152757812,0.884427075,-0.982201368,0.882935554,-1.035724404,0.64601858,1.702335005,,,0.576369544,,,0.517185287,,,0.563414068,,,0.576369544,,,0.541578029,,,0.593017153,,,0.576369544,,,0.000807629,0.000631638,0.000741161,0.000807629,0.000703884,0.000855691,0.000807629,84.95090133,-153.0490987,121.4847775,-1,,-242.969555,73.12182058,73.12182058,,113.1111177,1,,9.891724377,9.891724377,113.1111177,0,65.50694787,-647.4930521,121.4847775,-5,,55.80137893,-538.1986211,121.4227159,-4,,65.52370965,-647.4762904,121.5219119,-5,,20.62648733,-217.3735127,121.4847775,-2,,0.882543299,-0.865943436,0.876879918,-11.9110479,0.630852856,0.001770156,0.00095296,0.000125415,77.72349208,-278.2765079,121.6553498,-2,,11.13629149,11.13629149,114.680413,0,,0,,,,,,,,,,-0.016761329,0.024001191,0.0,-0.083806644,-0.083053161,-0.075368713,-0.023433064,0.0,-0.033522658,,,,-13.58501548,0.0,0.0,0.0,0.0,0.0,0.0,0.0,0.0,0.0,1.0
10.67000008,1,1,1,1,1,0.750733138,0.249266862,0.932518906,0.290909091,0.407937787,0,0,0,0,0,0,128,0,0,0,0,118,0,1,1,1,1,0.885006997,-1.053192136,0.891499776,-1.32589261,0.501160302,-0.002088552,0.885006997,-1.053192136,0.892883738,-1.247205103,0.913157513,-1.266552688,0.885006997,-1.053192136,0.407937787,1.464254212,,,0.669227877,,,0.603129166,,,0.999203856,,,0.669227877,,,0.621501639,,,0.616932997,,,0.669227877,,,0.000560169,0.000403137,0.000708732,0.000560169,0.000441869,0.000506404,0.000560169,58.92171207,58.92171207,10.12877868,6,3.0,-109.0925716,46.6693279,46.6693279,,10.12877868,5,2.0,9.458916171,9.458916171,10.12877868,1,45.4354393,45.4354393,10.12877868,4,0.0,35.02976165,35.02976165,10.12877868,3,0.0,38.77738936,38.77738936,10.12877868,4,0.0,14.30647502,-113.693525,10.90925716,-10,-2.0,0.877978219,-0.835203122,0.785613188,-11.25756899,0.727238056,0.013663471,0.000703227,0.000554298,57.35528504,57.35528504,10.12877868,6,0.0,49.21896025,-68.78103975,10.42001213,-7,-15.0,0,0.0029217,0.003225678,0.009952047,0.002779425,0.0029217,0.518993646,0.002997487,0.002284404,0.0029217,0.103988782,0.137343064,6.82e-08,0.069325855,0.072915027,0.100259732,0.065396649,-7.0,-0.173314637,0.075144075,0.075144075,2.4e-06,-0.010410252,0.0,0.0,0.0,0.0,0.0,0.0,0.0,-72.94008494,0.0,1.0
108.2699966,0,0,0,0,0,0.12765106,0.87234894,0.122960605,0.177061532,0.587744968,0,0,0,0,0,0,0,0,0,866,0,0,0,1,1,1,1,0.12396837,0.980836967,0.123820667,1.171595393,0.139771406,1.124584992,0.12396837,0.980836967,0.123793589,1.089466185,0.123355895,0.923413162,0.12396837,0.980836967,0.587744968,1.644061393,0.0,0.0,1.628472342,0.0,0.0,1.790476274,0.0,0.0,1.749114247,0.0,0.0,1.628472342,0.0,0.0,1.71883977,0.0,0.0,1.582637864,0.0,0.0,1.628472342,0.0,0.0,0.002025615,0.00190225,0.001994721,0.002025615,0.001943141,0.002004425,0.002025615,213.0654437,213.0654437,106.7781926,2,0.0,0.0,220.2146891,220.2146891,0.0,106.926588,2,0.0,26.62206894,26.62206894,106.9118339,0,164.2980439,164.2980439,106.7781926,2,0.0,154.0450546,154.0450546,106.9030039,1,0.0,153.4868737,-712.5131263,111.2630858,-6,0.0,51.73331427,51.73331427,106.7781926,0,0.0,0.124129405,0.821611802,0.126544609,-6.538572056,1.50452983,0.038743995,0.002050019,0.002413001,167.1997042,167.1997042,106.7402099,2,0.0,214.2628444,214.2628444,105.6792435,2,0.0,1,0.0,0.0,0.0,0.0,0.0,0.0,0.0,0.0,0.0,0.030063786,0.042894868,0.0,0.030063786,0.018545884,-0.079939863,0.021095186,1.336028891,0.0,0.0,0.0,0.0,0.08720966,0.0,0.0,0.0,0.0,0.0,0.0,0.0,105.6792435,0.0,1.0
17.71999931,1,1,1,1,1,0.614645858,0.385354142,0.602865101,0.425282545,0.302301401,0,89,0,0,89,0,0,266,266,301,35,71,89,1,1,1,1,0.60522401,-0.151865741,0.60462477,-0.180090679,0.527909849,-0.050355458,0.60522401,-0.151865741,0.604902161,-0.167905688,0.603719417,-0.140123333,0.60522401,-0.151865741,0.302301401,1.358617826,,,0.954524497,,,0.946303432,,,0.984686138,,,0.954524497,,,0.949843828,,,0.957965705,,,0.954524497,,,0.000618467,0.000468774,0.000513803,0.000618467,0.000500369,0.000594079,0.000618467,65.05382528,65.05382528,16.26037188,4,,16.26037188,54.26782523,-34.73217477,,18.99751005,-2,,6.857352699,6.857352699,16.26037188,0,50.1640062,-215.8359938,19.10157222,-11,,39.66740896,-226.332591,19.01631728,-12,,45.4910264,-255.5089736,19.12246534,-13,,15.79538159,15.79538159,16.26037188,1,,0.605713193,-0.128004963,0.611246277,-10.00908447,0.9615301,0.04653908,0.000744897,0.001431011,60.75383651,25.75383651,16.26037188,2,,127.0669166,56.06691659,16.58593777,3,,1,,,,,,,,,,0.00144145,-0.00101352,0.0,-0.003963988,-0.00528606,-0.003988268,0.00051204,3.0,0.000360363,,,,0.039071947,0.0,0.0,0.0,0.0,0.0,0.0,0.0,49.75781331,0.0,1.0
125.2600021,0,0,0,0,0,0.048019208,0.951980792,0.036211699,0.169526999,0.565435338,0,0,0,0,0,0,0,0,0,0,0,0,0,1,1,1,1,0.038264699,2.476684406,0.03791514,2.972160157,0.056436463,2.450692539,0.038264699,2.476684406,0.037906835,2.763612106,0.036984106,2.370812559,0.038264699,2.476684406,0.565435338,1.621751762,0.0,0.0,3.311807123,0.0,0.0,4.208304957,0.0,0.0,3.270447259,0.0,0.0,3.311807123,0.0,0.0,3.804655779,0.0,0.0,3.146542499,0.0,0.0,3.311807123,0.0,0.0,0.003931411,0.004233171,0.003526495,0.003931411,0.004072158,0.003786378,0.003931411,413.5276716,413.5276716,124.3670883,3,0.0,124.3670883,490.0544911,490.0544911,0.0,124.5451992,4,0.0,47.06551343,47.06551343,124.3604193,0,318.877554,318.877554,124.3670883,3,0.0,322.8257776,322.8257776,124.4912277,3,0.0,289.9381221,289.9381221,124.2439133,2,0.0,100.4065071,100.4065071,124.3670883,1,0.0,0.038628046,2.064806255,0.044552558,-5.95150077,2.713795127,0.056270116,0.003551118,0.00333173,289.6295092,289.6295092,124.2437549,2,0.0,295.8415972,295.8415972,121.7048933,2,0.0,1,0.0,0.0,0.0,0.0,0.0,0.0,0.0,0.0,0.0,0.28752964,0.5521085,0.0,0.28752964,0.358010244,0.175648506,0.133232027,1.106886294,0.095843213,0.0,0.0,0.0,0.0,0.0,124.5451992,0.0,0.0,0.0,0.0,0.0,121.7048933,0.0,1.0
14.69999981,1,1,1,1,1,0.825730292,0.174269708,0.482292081,0.308706572,0.338798831,0,0,0,0,0,0,0,0,0,0,0,0,0,1,1,1,1,0.529774644,-0.041646449,0.520640404,-0.034397862,0.452704384,0.085708038,0.529774644,-0.041646449,0.52149471,-0.033307092,0.499518032,0.000629981,0.529774644,-0.041646449,0.338798831,1.395115256,0.0,0.0,0.986228397,0.0,0.0,0.988611646,0.0,0.0,1.028949942,0.0,0.0,0.986228397,0.0,0.0,0.988970776,0.0,0.0,1.000209791,0.0,0.0,0.986228397,0.0,0.0,0.00069965,0.00054453,0.000598544,0.00069965,0.000579323,0.000685005,0.00069965,73.59307826,73.59307826,13.72688543,5,0.0,13.72688543,63.03769938,63.03769938,0.0,13.72688543,5,0.0,7.988317275,7.988317275,13.72688543,1,56.74875564,56.74875564,13.72688543,4,0.0,45.92662783,45.92662783,13.72688543,3,0.0,52.45360325,52.45360325,13.72688543,4,0.0,17.86875328,17.86875328,13.72688543,1,0.0,0.53894723,-0.045776763,0.702216165,-10.66043796,0.98487297,0.028733804,0.00082528,0.000974604,67.30994425,67.30994425,13.72688543,5,0.0,86.54017556,86.54017556,13.9466207,6,0.0,1,0.0,0.0,0.0,0.0,0.0,0.0,0.0,0.0,0.0,0.000135502,9.24e-05,0.000114779,0.000108402,5.2e-05,2.48e-08,0.000163712,6.0,2.71e-05,0.0,0.0,0.0,0.00163126,0.0,0.0,0.0,0.0,0.0,0.0,0.0,83.6797242,0.0,1.0
126.6600037,0,1,0,0,0,0.676670668,0.323329332,0.643454039,0.719547928,0.703484202,0,0,0,0,0,0,0,0,0,887,0,0,0,1,1,1,1,0.650400607,-0.225310256,0.649236005,-0.266432372,0.679724099,-0.358983042,0.650400607,-0.225310256,0.649241832,-0.247714445,0.646133265,-0.204267981,0.650400607,-0.225310256,0.703484202,1.759800627,,,0.880429454,,,0.860202274,,,0.816361994,,,0.880429454,,,0.86935099,,,0.890963008,,,0.880429454,,,0.001382027,0.001199806,0.001230504,0.001382027,0.001290535,0.001455787,0.001382027,145.3692632,145.3692632,123.2452172,1,,0.0,138.8959534,138.8959534,,123.2452172,1,,16.42262951,16.42262951,123.2452172,0,112.0964769,112.0964769,123.2452172,1,,102.3088866,102.3088866,123.2452172,1,,111.4754657,-775.5245343,129.7298888,-6,,35.29635613,35.29635613,123.2452172,0,,0.651578802,-0.190674945,0.668370903,-10.4181025,0.897834453,0.002771638,0.001496354,0.000222045,122.042769,122.042769,123.2452172,1,,19.71648611,19.71648611,123.6298157,0,,1,,,,,,,,,,0.000793199,0.00110916,0.0,0.000793199,0.000958788,-0.003911757,0.000568077,0.0,0.0,,,,0.0,0.0,0.0,0.0,0.0,0.0,0.0,0.0,0.0,0.0,1.0
17.28000069,1,1,1,1,1,0.653861545,0.346138455,0.814166335,0.067392214,0.303975877,0,553,553,0,1106,0,294,0,0,0,0,225,1106,1,1,1,1,0.768362217,-0.483680497,0.769884082,-0.582386833,0.162473912,0.960814855,0.768362217,-0.483680497,0.777524149,-0.566914187,0.793998742,-0.529198306,0.768362217,-0.483680497,0.303975877,1.360292301,0.0,0.0,0.861717061,0.0,0.0,0.835938529,0.0,0.0,1.343989394,0.0,0.0,0.861717061,0.0,0.0,0.839927861,0.0,0.0,0.849732139,0.0,0.0,0.861717061,0.0,0.0,0.000560691,0.000416148,0.000704836,0.000560691,0.000444654,0.000529395,0.000560691,58.97662536,58.97662536,15.51905379,4,0.0,-278.0342222,48.17554176,-1057.824458,0.0,18.46897689,-57,0.0,9.406925944,9.406925944,16.46749963,1,45.47778378,45.47778378,15.51905379,3,0.0,35.25052503,35.25052503,15.51905379,2,0.0,40.53785993,40.53785993,15.51905379,3,0.0,14.31980823,-279.6801918,18.53561481,-15,0.0,0.763679675,-0.39442488,0.675313132,-10.46780956,0.885711166,0.039917484,0.000688667,0.001233015,56.16772366,56.16772366,15.51905379,4,0.0,109.485773,-115.514227,16.77216831,-7,0.0,0,0.0,0.0,0.0,0.0,0.0,0.0,0.0,0.0,0.0,0.014621676,-0.302077221,0.014424456,0.010966257,0.01004349,0.013127383,0.009723187,-7.0,-0.054831287,0.0,0.0,0.0,-0.219783256,0.0,0.0,0.0,0.0,0.0,0.0,0.0,-117.4051782,0.0,1.0
1.120000005,1,1,1,1,1,0.384553822,0.615446178,0.457951375,0.34575136,0.542993631,0,0,0,0,0,0,0,0,0,0,0,93,0,0,0,0,0,0.439713812,0.085028347,0.442670287,0.096371687,0.389176808,0.207171914,0.439713812,0.085028347,0.442618816,0.089679233,0.450702272,0.064911004,0.439713812,0.085028347,0.542993631,1.599310056,0.0,0.0,1.040734754,0.0,0.0,1.046293037,0.0,0.0,1.102171359,0.0,0.0,1.040734754,0.0,0.0,1.043010127,0.0,0.0,1.030949695,0.0,0.0,1.040734754,0.0,0.0,0.0,0.0,0.0,0.0,0.0,0.0,0.0,0.0,0.0,1.089413841,0,0.0,0.0,0.0,0.0,0.0,1.089413841,0,0.0,0.0,0.0,1.106418898,0,0.0,0.0,1.089413841,0,0.0,0.0,0.0,1.089413841,0,0.0,0.0,0.0,1.089413841,0,0.0,0.0,0.0,1.089413841,0,0.0,0.436788293,0.074857181,0.400030282,-8.496756824,1.035775954,0.018502641,0.0,0.0,0.0,0.0,1.089413841,0,0.0,0.0,-93.0,1.089413841,-85,0.0,0,0.0,0.0,0.0,0.0,0.0,0.0,0.0,0.0,0.0,0.0,0.0,0.0,0.0,0.0,0.0,0.0,-85.0,0.0,0.0,0.0,0.0,0.0,0.0,0.0,0.0,0.0,0.0,0.0,0.0,-92.60017645,0.0,0.0
79.97000122,1,1,1,1,1,0.609843938,0.390156062,0.61758854,0.586019255,0.333503753,0,0,0,0,0,0,0,0,0,0,0,0,0,1,1,1,1,0.615877127,-0.168491161,0.616148773,-0.201541524,0.603578296,-0.192682794,0.615877127,-0.168491161,0.616163475,-0.187399794,0.616919483,-0.159417507,0.615877127,-0.168491161,0.333503753,1.389820178,0.0,0.0,0.946047054,0.0,0.0,0.935810478,0.0,0.0,0.938543346,0.0,0.0,0.946047054,0.0,0.0,0.94017692,0.0,0.0,0.948876944,0.0,0.0,0.946047054,0.0,0.0,0.000662473,0.000507664,0.000537508,0.000662473,0.000542418,0.000640662,0.000662473,69.68256973,69.68256973,76.63234907,1,0.0,0.0,58.76990435,58.76990435,0.0,76.63234907,1,0.0,7.173718746,7.173718746,76.63234907,0,53.73330231,53.73330231,76.63234907,1,0.0,43.00093002,43.00093002,76.63234907,1,0.0,49.05805616,49.05805616,76.63234907,1,0.0,16.919263,16.919263,76.63234907,0,0.0,0.615596781,-0.140944209,0.611659566,-10.01204366,0.954664584,0.037041804,0.000791011,0.00123884,64.5148915,64.5148915,76.63234907,1,0.0,110.0029915,110.0029915,77.24458313,1,0.0,1,0.0,0.0,0.0,0.0,0.0,0.0,0.0,0.0,0.0,0.000443582,0.000634672,0.0,0.000443582,0.000548729,0.000397093,0.000310395,1.0,0.0,0.0,0.0,0.0,0.0,0.0,0.0,0.0,0.0,0.0,0.0,0.0,77.24458313,0.0,1.0
296.3999939,1,1,1,1,1,0.907162865,0.092837135,0.94787107,0.967350356,0.674425476,0,0,0,0,0,0,0,0,0,0,0,0,0,1,1,1,1,0.938770493,-1.787604262,0.940351153,-2.175105876,0.940973498,-2.370787322,0.938770493,-1.787604262,0.940235818,-2.019287825,0.944340502,-1.797742266,0.938770493,-1.787604262,0.674425476,1.730741901,0.0,0.0,0.375089503,0.0,0.0,0.303263056,0.0,0.0,0.272396714,0.0,0.0,0.375089503,0.0,0.0,0.330324207,0.0,0.0,0.373009344,0.0,0.0,0.375089503,0.0,0.0,0.000556194,0.000395729,0.00038349,0.000556194,0.000458733,0.00057264,0.000556194,58.50357019,58.50357019,287.0012527,0,0.0,0.0,45.81172474,45.81172474,0.0,287.0012527,0,0.0,5.118161978,5.118161978,287.0012527,0,45.11300365,45.11300365,287.0012527,0,0.0,36.36667497,36.36667497,287.0012527,0,0.0,43.84933157,43.84933157,287.0012527,0,0.0,14.20494816,14.20494816,287.0012527,0,0.0,0.937227489,-1.471293285,0.916823218,-12.19704592,0.446159767,0.001242423,0.000707812,9.36e-05,57.72918807,57.72918807,287.0012527,0,0.0,8.309969688,8.309969688,288.337007,0,0.0,1,0.0,0.0,0.0,0.0,0.0,0.0,0.0,0.0,0.0,0.0,0.0,0.0,0.0,0.0,0.0,0.0,0.0,0.0,0.0,0.0,0.0,0.0,0.0,0.0,0.0,0.0,0.0,0.0,0.0,0.0,0.0,1.0
251.7400055,0,0,0,0,0,0.453781513,0.546218487,0.512136888,0.832565927,0.885384166,0,0,0,0,0,0,0,0,0,252,0,0,0,1,1,1,1,0.498388084,0.00224864,0.500861054,-0.001433141,0.565949208,-0.120282113,0.498388084,0.00224864,0.500529229,-0.000818929,0.50678091,-0.00886455,0.498388084,0.00224864,0.885384166,1.941700591,0.0,0.0,1.001493231,0.0,0.0,0.999049471,0.0,0.0,0.923287229,0.0,0.0,1.001493231,0.0,0.0,0.999456736,0.0,0.0,0.994135068,0.0,0.0,1.001493231,0.0,0.0,0.002200737,0.002065453,0.002082976,0.002200737,0.002199851,0.002347685,0.002200737,231.4857824,231.4857824,239.075136,1,0.0,0.0,239.1078856,239.1078856,0.0,239.075136,1,0.0,27.79993655,27.79993655,239.075136,0,178.5022506,178.5022506,239.075136,1,0.0,174.3961135,174.3961135,239.075136,1,0.0,179.7716777,-72.22832233,261.4532027,0,0.0,56.20586108,56.20586108,239.075136,0,0.0,0.496051976,0.004619404,0.467088475,-8.976900188,1.003069974,0.002588312,0.002236945,0.000298419,182.4454748,182.4454748,239.075136,1,0.0,26.49818998,26.49818998,241.2701473,0,0.0,1,0.0,0.0,0.0,0.0,0.0,0.0,0.0,0.0,0.0,7.9e-08,3.21e-08,0.0,7.9e-08,1.05e-08,0.0,3.33e-07,0.0,0.0,0.0,0.0,0.0,0.0,0.0,0.0,0.0,0.0,0.0,0.0,0.0,0.0,0.0,1.0
118.5500031,0,0,0,0,0,0.370948379,0.629051621,0.351770792,0.389702805,0.422809088,0,0,1186,0,1186,0,830,0,0,0,0,0,1186,1,1,1,1,0.355769672,0.214775151,0.355095213,0.257615487,0.37075943,0.245036495,0.355769672,0.214775151,0.355103548,0.239490572,0.353311521,0.205153907,0.355769672,0.214775151,0.422809088,1.479125513,0.0,0.0,1.087709334,0.0,0.0,1.106103912,0.0,0.0,1.100670777,0.0,0.0,1.087709334,0.0,0.0,1.09828386,0.0,0.0,1.083620458,0.0,0.0,1.087709334,0.0,0.0,0.000942469,0.000769834,0.000813726,0.000942469,0.00081309,0.000923781,0.000942469,99.13408833,99.13408833,112.1340523,1,0.0,-758.2063063,89.12011062,-1096.879889,0.0,126.3677177,-9,0.0,10.86019817,10.86019817,112.6565277,0,76.44382172,76.44382172,112.1340523,1,0.0,64.45878592,64.45878592,112.6500069,1,0.0,70.73758608,70.73758608,111.8784673,1,0.0,24.07023334,-805.9297667,126.3677177,-6,0.0,0.35645004,0.179169054,0.366136782,-8.254075972,1.072653959,0.039515327,0.001068742,0.001664141,87.16668531,87.16668531,111.8788795,1,0.0,147.7676742,147.7676742,111.8750549,1,0.0,0,0.0,0.0,0.0,0.0,0.0,0.0,0.0,0.0,0.0,0.000720756,-0.009332682,0.0,0.000720756,0.000896183,0.000657627,0.000501587,1.0,-0.004324534,0.0,0.0,0.0,-80.71014121,0.0,0.0,0.0,0.0,0.0,0.0,0.0,111.8750549,0.0,1.0
125.4199982,1,1,1,1,1,0.445378151,0.554621849,0.63867887,0.077019674,0.358745739,0,1003,1129,0,2132,0,502,376,502,627,502,627,2132,1,1,1,1,0.581564194,-0.116108668,0.587779586,-0.149573951,0.171336221,0.906265423,0.581564194,-0.116108668,0.591157131,-0.1446814,0.614417064,-0.155718795,0.581564194,-0.116108668,0.358745739,1.415062164,0.0,0.0,0.960491786,0.0,0.0,0.94939712,0.0,0.0,1.369754196,0.0,0.0,0.960491786,0.0,0.0,0.951011102,0.0,0.0,0.947373905,0.0,0.0,0.960491786,0.0,0.0,0.000715291,0.000553493,0.000844544,0.000715291,0.000589672,0.000684243,0.000715291,75.23828639,75.23828639,115.6389751,1,0.0,-549.6082175,64.07526819,-2067.924732,0.0,137.1814419,-15,0.0,11.2715065,11.2715065,119.8927941,0,58.01740095,-317.982599,137.4020544,-2,0.0,46.74706039,-455.2529396,137.1868378,-3,0.0,52.39519773,-574.6048023,137.1511012,-4,0.0,18.26821772,-483.7317823,137.4020544,-4,0.0,0.574063983,-0.088109624,0.476159814,-9.041851884,0.969873796,0.043322159,0.000847602,0.001548689,69.13046265,-432.8695374,137.5824517,-3,0.0,137.5161195,-489.4838805,122.113287,-4,0.0,0,0.0,0.0,0.0,0.0,0.0,0.0,0.0,0.0,0.0,0.000210644,-0.005243523,0.0,-0.000421288,-0.000981221,-0.001515521,-0.000363905,-4.0,-0.000842576,0.0,0.0,0.0,-27.0755797,0.0,0.0,0.0,0.0,0.0,0.0,0.0,-488.4531482,0.0,1.0
169.0800018,0,0,0,0,0,0.300920368,0.699079632,0.25149224,0.350774383,0.375286041,0,0,0,0,0,0,0,0,0,0,0,0,0,1,1,1,1,0.260801877,0.405861622,0.259193544,0.488977127,0.29706795,0.418277072,0.260801877,0.405861622,0.259220208,0.45453088,0.25502264,0.393802674,0.260801877,0.405861622,0.375286041,1.431602466,,,1.156757562,,,1.191773181,,,1.161921942,,,1.156757562,,,1.177134558,,,1.151763451,,,1.156757562,,,0.000896379,0.000727864,0.000751362,0.000896379,0.000764646,0.00086886,0.000896379,94.28618209,94.28618209,161.1835122,1,,0.0,84.26143542,84.26143542,,161.5932952,1,,10.02786889,10.02786889,161.3078195,0,72.70552658,72.70552658,161.1835122,0,,60.61829289,60.61829289,161.5009778,0,,66.53207089,66.53207089,160.6383826,0,,22.89313839,22.89313839,161.1835122,0,,0.262435399,0.337047166,0.287292902,-7.689545906,1.128546637,0.063357234,0.001020797,0.002364446,83.25631235,83.25631235,160.6154889,1,,209.9514515,209.9514515,159.5919518,1,,1,,,,,,,,,,0.002573807,0.003735916,0.0,0.0,0.0,0.0,0.001775012,0.923892441,0.0,,,,0.0,0.0,0.0,0.0,0.0,0.0,0.0,0.0,159.5919518,0.0,1.0
275.1099854,1,1,1,1,1,0.885954382,0.114045618,0.986072423,0.955629971,0.764688688,0,0,0,0,0,0,0,275,275,275,275,0,0,1,1,1,1,0.962527418,-2.509552707,0.966509756,-3.207650245,0.94112683,-2.375380797,0.962527418,-2.509552707,0.966292176,-2.970619,0.976839629,-3.085587944,0.962527418,-2.509552707,0.764688688,1.821005113,,,0.222195578,,,0.146222036,,,0.24080298,,,0.222195578,,,0.168544547,,,0.157321112,,,0.222195578,,,0.000392045,0.000233845,0.000417578,0.000392045,0.000286908,0.00029216,0.000392045,41.2375221,41.2375221,263.5426548,0,,0.0,27.07119771,27.07119771,,263.5426548,0,,5.57310638,5.57310638,263.5426548,0,31.79888816,-243.2011118,277.6308213,-1,,22.74500628,-252.2549937,276.9769348,-1,,22.37187307,-252.6281269,276.6597727,-1,,10.01266866,10.01266866,263.5426548,0,,0.958628109,-1.975499993,0.90846033,-12.13716681,0.306023864,0.000692724,0.00056436,6.3e-05,46.02922129,-228.9707787,278.4500072,-1,,5.592498346,5.592498346,266.4245609,0,,1,,,,,,,,,,0.0,0.0,0.0,-0.098403981,-0.137884019,-0.148763328,-0.060978128,0.0,0.0,,,,0.0,0.0,0.0,0.0,0.0,0.0,0.0,0.0,0.0,0.0,1.0
168.6999969,1,1,1,1,1,0.988395358,0.011604642,0.996816554,0.854750942,0.499716855,0,0,0,0,0,0,0,0,0,0,0,0,0,1,1,1,1,0.994884871,-5.384723012,0.995096599,-6.472572702,0.938865021,-2.309273815,0.994884871,-5.384723012,0.99524033,-6.048227284,0.99603425,-5.256834122,0.994884871,-5.384723012,0.499716855,1.55603328,0.0,0.0,0.092476527,0.0,0.0,0.057166793,0.0,0.0,0.360226639,0.0,0.0,0.092476527,0.0,0.0,0.068964591,0.0,0.0,0.097856255,0.0,0.0,0.092476527,0.0,0.0,9.53e-05,4.87e-05,0.000327834,9.53e-05,6.25e-05,0.000100858,9.53e-05,10.02372286,10.02372286,162.3839484,0,0.0,0.0,5.641583835,5.641583835,0.0,162.6745864,0,0.0,4.375351389,4.375351389,162.1615867,0,7.729447019,7.729447019,162.3839484,0,0.0,4.958399946,4.958399946,162.6178888,0,0.0,7.723075929,7.723075929,162.1615867,0,0.0,2.433808111,2.433808111,162.3839484,0,0.0,0.99461055,-4.473268258,0.990140374,-12.72200409,0.138371941,0.003606908,0.000160192,0.000183246,13.06531073,13.06531073,162.1615867,0,0.0,16.27137799,16.27137799,164.0960525,0,0.0,1,0.0,0.0,0.0,0.0,0.0,0.0,0.0,0.0,0.0,0.0,0.0,0.0,0.0,0.0,0.0,0.0,0.0,0.0,0.0,0.0,0.0,0.0,0.0,0.0,0.0,0.0,0.0,0.0,0.0,0.0,0.0,1.0
527.4799805,0,0,0,0,0,0.31492597,0.68507403,0.232789495,0.432817078,0.921408414,0,0,0,0,0,0,0,3165,5802,3165,4220,0,0,1,1,1,1,0.246778688,0.441662586,0.244320016,0.534794742,0.309610965,0.385569831,0.246778688,0.441662586,0.244357429,0.497089349,0.238022855,0.436164941,0.246778688,0.441662586,0.921408414,1.977724839,,,1.351466806,,,1.44008441,,,1.300746373,,,1.351466806,,,1.40352741,,,1.346409503,,,1.351466806,,,0.003162492,0.003204488,0.003164265,0.003162492,0.003325203,0.003406164,0.003162492,332.6485369,332.6485369,501.0921107,1,,0.0,370.9686918,370.9686918,,502.517879,1,,42.23109882,42.23109882,497.1349407,0,256.5104081,-2908.489592,573.1391437,-5,,263.6098622,-5538.390138,573.1391437,-10,,260.8235834,-2904.176417,573.1391437,-5,,80.76866432,80.76866432,501.0921107,0,,0.249296644,0.364862771,0.290221206,-7.710512858,1.282507458,0.005204863,0.00302011,0.000642344,246.320423,-3973.679577,573.1391437,-7,,57.03704353,57.03704353,483.2945705,0,,1,,,,,,,,,,0.003047904,0.004468835,0.0,-0.015239519,-0.038609035,-0.014862489,-0.01456053,0.0,0.0,,,,592.9695511,0.0,0.0,0.0,0.0,0.0,0.0,0.0,0.0,0.0,1.0
83.79000092,1,1,1,1,1,0.789115646,0.210884354,0.933147632,0.842611972,0.354080286,13239,251,84,0,335,0,84,0,587,0,0,503,13574,1,1,1,1,0.897651871,-1.171546927,0.903546536,-1.473252357,0.850632348,-1.050601913,0.897651871,-1.171546927,0.90327044,-1.366256894,0.919093809,-1.34389261,0.897651871,-1.171546927,0.354080286,1.410396711,,,0.668404976,,,0.602535442,,,0.696789758,,,0.668404976,,,0.625117184,,,0.629943137,,,0.668404976,,,0.00049218,0.000346664,0.000423839,0.00049218,0.000382511,0.000449386,0.00049218,51.7701997,-13187.2298,86.76117151,-152,0.0,-86.76117151,40.13162603,-294.868374,,86.37553664,-3,0.0,5.656668554,5.656668554,76.73528161,0,39.92079801,39.92079801,76.73528161,1,0.0,30.32404998,-556.67595,86.47317517,-6,0.0,34.41129959,34.41129959,76.73528161,0,0.0,12.57005343,-71.42994657,86.76117151,-1,0.0,0.89188841,-0.935104417,0.819923661,-11.5032354,0.725020528,0.019146616,0.000627452,0.000676142,51.17500838,51.17500838,76.73528161,1,0.0,60.03815067,-442.9618493,82.8776693,-5,-1.0,0,0.016170249,0.017777541,0.017601107,0.015406139,0.016170249,0.358924615,0.016723299,0.012869595,0.016170249,-3.25974023,-0.101740899,0.0,0.021445659,-0.174999178,0.0,0.013662817,-5.0,-0.021445659,-0.178566887,0.178566887,0.000181554,-0.086202981,-260.2835145,0.0,0.0,0.0,0.0,0.0,0.0,-414.3883465,0.0,1.0
47.06000137,1,1,1,1,1,0.80992397,0.19007603,0.934557063,0.899120971,0.230227479,0,0,0,0,0,0,0,0,0,0,0,0,0,1,1,1,1,0.904432601,-1.244814448,0.909494089,-1.556928494,0.878653291,-1.291745435,0.904432601,-1.244814448,0.90921382,-1.44364324,0.922683224,-1.394917169,0.904432601,-1.244814448,0.230227479,1.286543904,0.0,0.0,0.730780016,0.0,0.0,0.67551299,0.0,0.0,0.722189646,0.0,0.0,0.730780016,0.0,0.0,0.695072169,0.0,0.0,0.703658164,0.0,0.0,0.730780016,0.0,0.0,0.000392967,0.000269062,0.000301365,0.000392967,0.000294359,0.000355808,0.000392967,41.33441534,41.33441534,45.3416641,1,0.0,0.0,31.14807746,31.14807746,0.0,45.3416641,1,0.0,4.02209073,4.02209073,45.3416641,0,31.87360403,31.87360403,45.3416641,1,0.0,23.33572589,23.33572589,45.3416641,1,0.0,27.24566788,27.24566788,45.3416641,1,0.0,10.0361948,10.0361948,45.3416641,0,0.0,0.899492233,-0.998632241,0.837170664,-11.62672567,0.777544144,0.05342568,0.000512585,0.001342642,41.80645959,41.80645959,45.3416641,1,0.0,119.2201701,119.2201701,45.80221529,3,0.0,1,0.0,0.0,0.0,0.0,0.0,0.0,0.0,0.0,0.0,0.024211922,0.037875411,0.0,0.024211922,0.032564153,0.03040303,0.015582287,3.0,0.0,0.0,0.0,0.0,0.0,0.0,0.0,0.0,0.0,0.0,0.0,0.0,137.4066459,0.0,1.0
489.2799988,0,0,0,0,0,0.363345338,0.636654662,0.338241146,0.932189201,1.038850975,0,0,489,0,489,0,0,489,489,979,1468,0,489,1,1,1,1,0.343504624,0.235903614,0.34274421,0.283054134,0.450012914,0.090657354,0.343504624,0.235903614,0.342580926,0.263475187,0.340301096,0.226330147,0.343504624,0.235903614,1.038850975,2.095167399,,,1.190629555,,,1.232884205,,,1.069352379,,,1.190629555,,,1.215159158,,,1.182228656,,,1.190629555,,,0.003393763,0.003455648,0.003295473,0.003393763,0.003626996,0.003711913,0.003393763,356.9748942,356.9748942,454.7694207,1,,0.0,400.0443034,-88.95569663,,534.4135278,0,,43.98223787,43.98223787,447.2936722,0,275.2688367,-213.7311633,534.4135278,0,,287.5349103,-201.4650897,534.4135278,0,,284.2360107,-694.7639893,534.4135278,-1,,86.67522084,86.67522084,454.7694207,0,,0.344345696,0.196618899,0.357310943,-8.190882085,1.156532051,0.002338489,0.003230721,0.000357287,263.49793,-1204.50207,534.4135278,-2,,31.72533055,31.72533055,450.8398206,0,,1,,,,,,,,,,0.000869539,0.0,0.0,0.0,0.0,-0.000800396,-0.001208093,0.0,0.0,,,,0.0,0.0,0.0,0.0,0.0,0.0,0.0,0.0,0.0,0.0,1.0
251.3800049,1,1,1,1,1,0.786714686,0.213285314,0.840827696,0.632900795,0.837682638,0,0,0,0,0,0,0,503,503,1257,0,503,0,1,1,1,1,0.82834225,-0.700886011,0.83028161,-0.846894732,0.738369093,-0.521069028,0.82834225,-0.700886011,0.830417633,-0.788063132,0.835903894,-0.690212366,0.82834225,-0.700886011,0.837682638,1.893999063,,,0.639128828,,,0.582221907,,,0.716912245,,,0.639128828,,,0.604515217,,,0.643500753,,,0.639128828,,,0.001289924,0.001089673,0.001460573,0.001289924,0.001204429,0.001384505,0.001289924,135.6813484,135.6813484,243.7099081,1,,0.0,126.1463338,126.1463338,,243.7099081,1,,19.49318086,19.49318086,243.7099081,0,104.6259766,-398.3740234,255.5698846,-2,,95.48269281,-407.5173072,255.438373,-2,,106.0171304,-1150.98287,255.5663334,-5,,32.94408381,32.94408381,243.7099081,0,,0.826335587,-0.580227113,0.798833508,-11.3522278,0.690329993,0.000709777,0.001430197,7.46e-05,116.6469741,116.6469741,243.7099081,0,,6.627355286,-496.3726447,250.2904603,-2,,1,,,,,,,,,,0.007675644,0.011206729,0.0,-0.015351287,-0.019407609,-0.037218212,0.0,-2.0,0.0,,,,0.0,0.0,0.0,0.0,0.0,0.0,0.0,0.0,-500.5809207,0.0,1.0
404.8500061,1,1,1,1,1,0.910364146,0.089635854,0.962196578,0.867727082,0.587205937,0,0,0,0,0,0,0,0,0,0,0,0,0,1,1,1,1,0.950430529,-2.084272249,0.952375202,-2.556882969,0.910310913,-1.696912224,0.950430529,-2.084272249,0.952352622,-2.376368526,0.957596931,-2.171611116,0.950430529,-2.084272249,0.587205937,1.643522362,0.0,0.0,0.35502985,0.0,0.0,0.280728819,0.0,0.0,0.430375675,0.0,0.0,0.35502985,0.0,0.0,0.307070159,0.0,0.0,0.339953307,0.0,0.0,0.35502985,0.0,0.0,0.000441117,0.000297863,0.000490149,0.000441117,0.000346686,0.000430026,0.000441117,46.39919498,46.39919498,391.181686,0,0.0,0.0,34.48219594,34.48219594,0.0,391.181686,0,0.0,6.541652155,6.541652155,391.181686,0,35.77913358,35.77913358,391.181686,0,0.0,27.48398658,27.48398658,391.181686,0,0.0,32.92878489,32.92878489,391.181686,0,0.0,11.26594765,11.26594765,391.181686,0,0.0,0.948483611,-1.701281267,0.922338227,-12.23653394,0.429442462,0.002289045,0.000584575,0.00014239,47.67799827,47.67799827,391.181686,0,0.0,12.64356999,12.64356999,393.1356539,0,0.0,1,0.0,0.0,0.0,0.0,0.0,0.0,0.0,0.0,0.0,0.0,0.0,0.0,0.0,0.0,0.0,0.0,0.0,0.0,0.0,0.0,0.0,0.0,0.0,0.0,0.0,0.0,0.0,0.0,0.0,0.0,0.0,1.0
559.8200073,1,1,1,1,1,0.966386555,0.033613445,0.946677278,0.720385098,0.749019369,0,0,0,0,0,0,0,0,0,0,0,0,0,1,1,1,1,0.950693643,-2.092041097,0.949771336,-2.463846323,0.856810431,-1.097340379,0.950693643,-2.092041097,0.950112385,-2.301634576,0.948159844,-1.89219596,0.950693643,-2.092041097,0.749019369,1.805335794,0.0,0.0,0.290582954,0.0,0.0,0.233281625,0.0,0.0,0.5229601,0.0,0.0,0.290582954,0.0,0.0,0.256742197,0.0,0.0,0.32699567,0.0,0.0,0.290582954,0.0,0.0,0.000497778,0.000360396,0.000875299,0.000497778,0.000422179,0.000587926,0.000497778,52.35901119,52.35901119,538.7689562,0,0.0,0.0,41.7213866,41.7213866,0.0,538.7689562,0,0.0,11.68196833,11.68196833,538.7689562,0,40.37483962,40.37483962,538.7689562,0,0.0,33.46880101,33.46880101,538.7689562,0,0.0,45.01984171,45.01984171,538.7689562,0,0.0,12.71301969,12.71301969,538.7689562,0,0.0,0.951482847,-1.774439689,0.960927625,-12.51283789,0.350552699,0.000616214,0.000630146,5.43e-05,51.39476442,51.39476442,538.7689562,0,0.0,4.818218146,4.818218146,542.8296118,0,0.0,1,0.0,0.0,0.0,0.0,0.0,0.0,0.0,0.0,0.0,0.0,0.0,0.0,0.0,0.0,0.0,0.0,0.0,0.0,0.0,0.0,0.0,0.0,0.0,0.0,0.0,0.0,0.0,0.0,0.0,0.0,0.0,1.0
171.1999969,1,1,1,1,1,0.43897559,0.56102441,0.440111421,0.294265383,0.377292851,0,0,0,0,0,0,0,0,0,0,0,171,0,1,1,1,1,0.43973582,0.084996621,0.439638838,0.10157784,0.374020975,0.238213598,0.43973582,0.084996621,0.439851562,0.094097201,0.439919447,0.079392906,0.43973582,0.084996621,0.377292851,1.433609276,,,1.031088848,,,1.037265428,,,1.089592096,,,1.031088848,,,1.034474288,,,1.029009765,,,1.031088848,,,0.000802835,0.00063706,0.000708648,0.000802835,0.000675756,0.00078034,0.000802835,84.44664478,84.44664478,164.4555135,1,,0.0,73.74952279,73.74952279,,164.4555135,0,,9.457795787,9.457795787,165.1965669,0,65.11810787,65.11810787,164.4555135,0,,53.57143819,53.57143819,164.4555135,0,,59.75375537,59.75375537,164.4555135,0,,20.50405142,20.50405142,164.4555135,0,,0.439744122,0.071277451,0.438853243,-8.774733106,1.026006209,0.042399571,0.000931904,0.001590546,76.0061886,76.0061886,164.4555135,0,,141.2328582,-29.76714178,169.9725874,0,,1,,,,,,,,,,0.000112882,0.0,0.0,0.0,0.0,0.0,0.0,0.0,0.0,,,,0.0,0.0,0.0,0.0,0.0,0.0,0.0,0.0,0.0,0.0,1.0
272.2600098,1,1,1,1,1,0.772308924,0.227691076,0.939912455,0.742570113,0.759907715,817,0,545,0,545,0,545,545,545,0,545,545,1362,1,1,1,1,0.897635919,-1.171383445,0.904525051,-1.486468406,0.80727293,-0.790938692,0.897635919,-1.171383445,0.904317179,-1.379349872,0.923073788,-1.400681971,0.897635919,-1.171383445,0.759907715,1.81622414,,,0.497065023,,,0.41186303,,,0.623753304,,,0.497065023,,,0.439050687,,,0.433496937,,,0.497065023,,,0.00086918,0.00065178,0.001070059,0.00086918,0.000739556,0.000797159,0.00086918,91.42514691,-725.5748531,277.6689036,-3,,-555.3378072,75.45350621,-469.5464938,,276.7254103,-2,,14.28128469,14.28128469,261.5802147,0,70.49933831,-474.5006617,277.6689036,-2,,58.62924935,-486.3707506,277.1539772,-2,,61.04165644,61.04165644,261.5802147,0,,22.19846529,-522.8015347,277.6689036,-2,,0.890867638,-0.927102813,0.807179115,-11.41198318,0.5750734,0.00110246,0.001052309,9.93e-05,85.82643806,-459.1735619,278.8188331,-2,,8.814200834,-536.1857992,268.6988543,-2,,0,,,,,,,,,,-0.064319024,-0.069049635,0.0,-0.042879349,-0.05945644,0.0,-0.026859988,-2.0,-0.042879349,,,,-6.919646362,0.0,0.0,0.0,0.0,0.0,0.0,0.0,-537.3977086,0.0,1.0
192.3200073,1,1,1,1,1,0.669467787,0.330532213,0.802626343,0.878191712,1.058696835,962,769,0,0,769,0,192,1346,1154,962,962,0,1731,1,1,1,1,0.769557971,-0.487166388,0.775147487,-0.601112461,0.776512745,-0.655451746,0.769557971,-0.487166388,0.774739796,-0.55748727,0.789541424,-0.515006822,0.769557971,-0.487166388,1.054172542,2.110488966,,,0.694978651,,,0.638277132,,,0.612890006,,,0.694978651,,,0.659417637,,,0.680676094,,,0.694978651,,,0.002030946,0.001841947,0.001946047,0.002030946,0.002026493,0.002196268,0.002030946,213.6262334,-748.3737666,200.3978955,-4,,-200.3978955,213.2336218,-555.7663782,,199.8685166,-3,,25.97244835,25.97244835,176.2287762,0,164.7304774,-1181.269523,200.3978955,-6,,160.6529477,-993.3470523,199.9940876,-5,,168.1770529,-793.8229471,200.1113664,-4,,51.8694767,-140.1305233,200.3978955,-1,,0.764160091,-0.395563539,0.697870012,-10.62931907,0.74419351,0.000356475,0.002124208,5.6e-05,173.2506057,-788.7493943,201.6433603,-4,,4.968338338,4.968338338,177.873329,0,,0,,,,,,,,,,-0.014833193,-0.016937634,0.0,-0.02224979,-0.024280629,-0.016577002,-0.009779407,0.0,-0.003708298,,,,-0.19422499,0.0,0.0,0.0,0.0,0.0,0.0,0.0,0.0,0.0,1.0
360.75,0,0,0,0,0,0.482593037,0.517406963,0.484679666,0.549183759,0.659128958,0,0,0,0,0,0,0,0,0,0,0,0,0,1,1,1,1,0.484260573,0.021972833,0.484375573,0.026024358,0.505023332,-0.009042683,0.484260573,0.021972833,0.484314517,0.024289647,0.48453,0.020235368,0.484260573,0.021972833,0.659128958,1.715445383,0.0,0.0,1.011928725,0.0,0.0,1.014143726,0.0,0.0,0.995131799,0.0,0.0,1.011928725,0.0,0.0,1.013194753,0.0,0.0,1.010980323,0.0,0.0,1.011928725,0.0,0.0,0.001455646,0.001277181,0.001350909,0.001455646,0.001357922,0.001501303,0.001455646,153.1129316,153.1129316,347.6706438,0,0.0,0.0,147.8533394,147.8533394,0.0,347.6706438,0,0.0,18.0295785,18.0295785,347.6706438,0,118.0677388,118.0677388,347.6706438,0,0.0,107.6510532,107.6510532,347.6706438,0,0.0,114.960796,114.960796,347.6706438,0,0.0,37.17655605,37.17655605,347.6706438,0,0.0,0.484170184,0.01853482,0.483205709,-9.092301196,1.010052932,0.007395621,0.001560831,0.000539071,127.3015486,127.3015486,347.6706438,0,0.0,47.86689393,47.86689393,350.4721984,0,0.0,1,0.0,0.0,0.0,0.0,0.0,0.0,0.0,0.0,0.0,0.0,0.0,0.0,0.0,0.0,0.0,0.0,0.0,0.0,0.0,0.0,0.0,0.0,0.0,0.0,0.0,0.0,0.0,0.0,0.0,0.0,0.0,1.0
62.99000168,1,1,1,1,1,0.733093237,0.266906763,0.828889773,0.259941398,0.308264911,0,0,0,0,0,0,0,0,0,0,0,0,0,1,1,1,1,0.805087456,-0.604702264,0.807834338,-0.7339185,0.455732295,0.080153639,0.805087456,-0.604702264,0.809303295,-0.688614739,0.819153346,-0.618983034,0.805087456,-0.604702264,0.308264911,1.364581336,0.0,0.0,0.828639327,0.0,0.0,0.796015314,0.0,0.0,1.025228559,0.0,0.0,0.828639327,0.0,0.0,0.807304559,0.0,0.0,0.82496903,0.0,0.0,0.828639327,0.0,0.0,0.000545005,0.000401296,0.000544651,0.000545005,0.000432805,0.000520061,0.000545005,57.32664773,57.32664773,60.49182843,1,0.0,0.0,46.45621271,46.45621271,0.0,60.49182843,1,0.0,7.269056498,7.269056498,60.49182843,0,44.20546063,44.20546063,60.49182843,1,0.0,34.31116754,34.31116754,60.49182843,1,0.0,39.82315937,39.82315937,60.49182843,1,0.0,13.91918573,13.91918573,60.49182843,0,0.0,0.801722234,-0.496710782,0.751656634,-11.01443667,0.856927991,0.032587974,0.000672527,0.00101841,54.85132663,54.85132663,60.49182843,1,0.0,90.42988671,90.42988671,60.96858046,1,0.0,1,0.0,0.0,0.0,0.0,0.0,0.0,0.0,0.0,0.0,0.005713513,0.008416193,0.0,0.005713513,0.007409223,0.005986562,0.003855025,1.0,0.0,0.0,0.0,0.0,0.0,0.0,0.0,0.0,0.0,0.0,0.0,0.0,60.96858046,0.0,1.0
36.52999878,1,1,1,1,1,0.646658663,0.353341337,0.653800239,0.608622855,0.295015448,0,0,0,0,0,0,0,0,0,0,0,0,0,1,1,1,1,0.652213509,-0.228441287,0.652452317,-0.27305105,0.63481804,-0.256832084,0.652213509,-0.228441287,0.652483491,-0.253916688,0.653176258,-0.215611376,0.652213509,-0.228441287,0.295015448,1.351331873,0.0,0.0,0.933530595,0.0,0.0,0.921075633,0.0,0.0,0.925584595,0.0,0.0,0.933530595,0.0,0.0,0.926397429,0.0,0.0,0.937143767,0.0,0.0,0.933530595,0.0,0.0,0.000593843,0.000446566,0.000472433,0.000593843,0.000477622,0.000569582,0.000593843,62.46368923,62.46368923,34.19174796,2,0.0,0.0,51.69681745,51.69681745,0.0,34.19174796,2,0.0,6.305217905,6.305217905,34.19174796,0,48.16671242,48.16671242,34.19174796,1,0.0,37.86413234,37.86413234,34.19174796,1,0.0,43.61518737,43.61518737,34.19174796,1,0.0,15.1664841,15.1664841,34.19174796,0,0.0,0.651959332,-0.191226896,0.64830262,-10.27441159,0.94404954,0.045341636,0.000719802,0.001366719,58.70715771,58.70715771,34.19174796,2,0.0,121.3580924,121.3580924,34.71896943,3,0.0,1,0.0,0.0,0.0,0.0,0.0,0.0,0.0,0.0,0.0,0.001630794,0.002329902,0.0,0.000815397,0.001007401,0.000726379,0.001142741,3.0,0.0,0.0,0.0,0.0,0.000275129,0.0,0.0,0.0,0.0,0.0,0.0,0.0,104.1569083,0.0,1.0
299.9200134,1,1,1,1,1,0.610644258,0.389355742,0.635097493,0.487651737,0.52604947,0,0,0,0,0,0,0,0,0,600,0,0,0,1,1,1,1,0.629531661,-0.190377252,0.630349626,-0.228733802,0.566946897,-0.122151252,0.629531661,-0.190377252,0.630478805,-0.212888728,0.63289584,-0.183537311,0.629531661,-0.190377252,0.52604947,1.582365895,,,0.916339689,,,0.900350835,,,0.945484494,,,0.916339689,,,0.906921724,,,0.919220592,,,0.916339689,,,0.001000053,0.000820824,0.000921749,0.001000053,0.000879679,0.001008857,0.001000053,105.191127,105.191127,289.5228065,0,,0.0,95.02292736,95.02292736,,289.5228065,0,,12.30190748,12.30190748,289.5228065,0,81.11449751,81.11449751,289.5228065,0,,69.73775069,69.73775069,289.5228065,0,,77.25218391,-522.7478161,307.6359114,-2,,25.54091146,25.54091146,289.5228065,0,,0.628653383,-0.158472706,0.616115137,-10.04394599,0.929855136,0.009958,0.001131328,0.000538326,92.27119369,92.27119369,289.5228065,0,,47.80080228,47.80080228,292.4028512,0,,1,,,,,,,,,,0.0,0.0,0.0,0.0,0.0,-0.001052686,0.0,0.0,0.0,,,,0.0,0.0,0.0,0.0,0.0,0.0,0.0,0.0,0.0,0.0,1.0
170.6100006,1,1,1,1,1,0.677070828,0.322929172,0.962992439,0.858518208,1.036370787,0,0,0,0,0,0,0,0,0,0,0,512,0,1,1,1,1,0.882335998,-1.030758505,0.895273776,-1.369224323,0.816507671,-0.838184285,0.882335998,-1.030758505,0.894562002,-1.265204973,0.93013876,-1.513026677,0.882335998,-1.030758505,1.036370787,2.092687212,,,0.467123046,,,0.363817717,,,0.538506164,,,0.467123046,,,0.392864963,,,0.327164225,,,0.467123046,,,0.001326102,0.001014923,0.0016515,0.001326102,0.001167071,0.001022671,0.001326102,139.4867757,139.4867757,160.0347052,1,,0.0,117.492867,117.492867,,160.0347052,1,,22.04134494,22.04134494,160.0347052,0,107.5604002,107.5604002,160.0347052,1,,92.52112938,92.52112938,160.0347052,1,,78.31000973,78.31000973,160.0347052,0,,33.86805986,33.86805986,160.0347052,0,,0.869924597,-0.785145924,0.72994998,-10.85901485,0.560015839,0.000329205,0.001558903,5.01e-05,127.1442535,127.1442535,160.0347052,1,,4.446661061,-507.5533389,167.8721655,-3,,1,,,,,,,,,,0.016600986,0.029293363,0.0,0.016600986,0.025011619,0.0,0.009632096,-3.0,0.0,,,,31.5977703,0.0,0.0,0.0,0.0,0.0,0.0,0.0,-503.6164964,0.0,1.0
127.9899979,1,1,1,1,1,0.534613846,0.465386154,0.684042977,0.427375471,0.808248119,384,0,256,0,256,0,0,1408,1664,768,1024,512,640,1,1,1,1,0.64482873,-0.215788849,0.651030774,-0.27011807,0.524867316,-0.044844393,0.64482873,-0.215788849,0.650998417,-0.251068023,0.668265406,-0.240744524,0.64482873,-0.215788849,0.808248119,1.864564544,,,0.874203236,,,0.845107876,,,0.972447401,,,0.874203236,,,0.855197971,,,0.860716181,,,0.874203236,,,0.001672338,0.001485606,0.001857949,0.001672338,0.001600304,0.001746365,0.001672338,175.9057989,-208.0942011,134.3330158,-2,,0.0,171.9816391,-84.01836087,,134.0954629,-1,,24.79666339,24.79666339,121.5760456,0,135.6436697,-1272.35633,134.3330158,-9,,126.8662665,-1537.133734,134.1280748,-11,,133.7261302,-634.2738698,134.179502,-5,,42.71077382,42.71077382,121.5760456,0,,0.638695711,-0.172336129,0.564266622,-9.672705441,0.898193142,0.002414261,0.00177651,0.000239573,144.8923397,-879.1076603,135.0101949,-7,,21.2728973,-490.7271027,126.8782854,-4,,1,,,,,,,,,,-0.001455151,-0.001140059,0.0,-0.006548179,-0.010834167,-0.004527963,-0.003248409,-4.0,0.0,,,,0.020127202,0.0,0.0,0.0,0.0,0.0,0.0,0.0,-507.5131416,0.0,1.0
335.6700134,0,0,0,0,0,0.025757576,0.974242424,0.028485757,0.163636364,0.776382798,0,0,0,0,0,0,0,0,0,0,0,0,0,1,1,1,1,0.027861143,2.988085965,0.027984456,3.556480218,0.03843721,3.18662741,0.027861143,2.988085965,0.027955301,3.308375376,0.028246272,2.778670773,0.027861143,2.988085965,0.776382798,1.832699222,,,6.111377472,,,8.623402011,,,6.892449855,,,6.111377472,,,7.420009019,,,5.383240911,,,6.111377472,,,0.01102168,0.014148735,0.009947221,0.01102168,0.012958778,0.010239702,0.01102168,1159.321696,1159.321696,330.2701908,4,,330.2701908,1637.933169,1637.933169,,332.260341,5,,132.7581909,132.7581909,330.5412465,0,893.9708078,893.9708078,330.2701908,3,,1027.324357,1027.324357,331.2858282,3,,784.0950302,784.0950302,327.3757552,2,,281.4888824,281.4888824,330.2701908,1,,0.027749772,2.511659467,0.026412414,-5.821615526,4.579262,0.029402497,0.008606519,0.002737347,701.9484459,701.9484459,327.7338794,2,,243.0632389,243.0632389,287.5230091,1,,1,,,,,,,,,,0.558041108,0.988168089,0.0,0.418530831,0.51306317,0.241281602,0.19713854,0.529550114,0.139510277,,,,0.0,330.2701908,332.260341,0.0,0.0,331.2858282,0.0,0.0,287.5230091,0.0,1.0
46.29999924,0,0,0,0,0,0.013605442,0.986394558,0.011937923,0.005860193,0.177069325,93,46,0,0,46,0,0,0,0,0,46,463,139,1,1,1,1,0.012255255,4.306399371,0.012189366,5.147576659,0.008986189,6.118236605,0.012255255,4.306399371,0.012205679,4.783527371,0.012055764,4.057801044,0.012255255,4.306399371,0.177069325,1.23338575,0.0,0.0,2.467790908,0.0,0.0,2.944006116,0.0,0.0,3.608816394,0.0,0.0,2.467790908,0.0,0.0,2.727559345,0.0,0.0,2.342401401,0.0,0.0,2.467790908,0.0,0.0,0.001148692,0.000990459,0.001266691,0.001148692,0.000975534,0.00101134,0.001148692,120.825793,27.82579298,46.3371247,1,0.0,46.3371247,114.6608572,68.66085721,0.0,47.1675928,1,0.0,16.90558036,16.90558036,47.1675928,0,93.17062913,93.17062913,46.3371247,2,0.0,77.33674986,77.33674986,46.68612956,2,0.0,77.44231952,77.44231952,46.19767155,2,0.0,29.33708353,29.33708353,46.3371247,1,0.0,0.012315524,3.605710668,0.013128481,-5.726501236,2.130474651,0.300830513,0.001239528,0.006467061,101.0960498,55.09604979,46.22132806,1,0.0,574.2438693,111.2438693,43.56884834,3,0.0,1,0.0,0.0,0.0,0.0,0.0,0.0,0.0,0.0,0.0,0.289766805,0.414024148,0.0,0.579533611,0.715066691,0.514554666,0.20314296,1.537163269,0.289766805,0.0,0.0,0.0,0.0,0.0,0.0,0.0,46.3371247,46.68612956,46.19767155,0.0,87.13769667,0.0,1.0
138.1699982,1,1,1,1,1,0.796318527,0.203681473,0.936729009,0.832565927,0.869877939,0,0,0,0,0,0,0,829,967,691,829,276,0,1,1,1,1,0.902251603,-1.220395488,0.907969327,-1.53469007,0.850587409,-1.050273092,0.902251603,-1.220395488,0.907719556,-1.423471112,0.923084777,-1.400844797,0.902251603,-1.220395488,0.869877939,1.926194364,,,0.449317437,,,0.36565673,,,0.502327712,,,0.449317437,,,0.393312384,,,0.399189708,,,0.449317437,,,0.000960648,0.000732099,0.001096624,0.000960648,0.000838347,0.000914819,0.000960648,101.0463445,101.0463445,130.7265877,1,,0.0,84.75169139,84.75169139,,130.7265877,1,,14.63582736,14.63582736,130.7265877,0,77.91839193,-751.0816081,141.5343634,-5,,66.46104707,-900.5389529,141.1431591,-6,,70.05136972,-620.9486303,141.1318727,-4,,24.53453834,24.53453834,130.7265877,0,,0.896651225,-0.974049983,0.826447581,-11.54994733,0.528065585,0.000514907,0.00115001,5.76e-05,93.79494164,-735.2050584,141.9755403,-5,,5.117296316,-270.8827037,136.6530443,-2,,1,,,,,,,,,,0.02327133,0.03680115,0.0,-0.116356652,-0.189962813,-0.122647884,-0.07412292,-2.0,0.0,,,,0.0,0.0,0.0,0.0,0.0,0.0,0.0,0.0,-273.3060887,0.0,1.0
36.11000061,1,1,1,1,1,0.564935065,0.435064935,0.507936508,0.279644269,1.054340667,0,0,0,0,0,0,0,0,0,0,506,0,0,1,1,1,1,0.519011113,-0.026549296,0.516735125,-0.027877369,0.404043888,0.177655662,0.519011113,-0.026549296,0.517282703,-0.026767244,0.51206538,-0.01577755,0.519011113,-0.026549296,1.054172542,2.110488966,,,0.980365134,,,0.97939313,,,1.141901102,,,0.980365134,,,0.980205554,,,0.988284604,,,0.980365134,,,0.002864935,0.002826343,0.003625762,0.002864935,0.003012325,0.003188797,0.002864935,301.3498483,301.3498483,33.88130451,9,,67.76260902,327.1925841,327.1925841,,33.88130451,10,,48.39035894,48.39035894,34.02974461,1,232.3755074,232.3755074,33.88130451,7,,238.8060353,238.8060353,33.88130451,7,,244.1789769,244.1789769,33.88130451,7,,73.16919223,73.16919223,33.88130451,2,,0.521096001,-0.024715328,0.54895505,-9.563073051,0.981708984,0.000790498,0.002802167,0.000124078,228.5449601,-277.4550399,38.78197701,-7,,11.01750705,11.01750705,34.1488376,0,,1,,,,,,,,,,9.91e-05,0.000121429,0.000493149,7.71e-05,7.84e-05,2.72e-05,-6.68e-05,0.0,2.2e-05,,,,8.69e-06,0.0,0.0,0.0,0.0,0.0,0.0,0.0,0.0,0.0,1.0
1704.369995,0,0,0,0,0,0.334933974,0.665066026,0.352964584,0.380493931,0.924379797,0,0,0,0,0,0,0,0,0,0,0,0,0,1,1,1,1,0.34891682,0.226487167,0.349631213,0.268756391,0.355921423,0.276797871,0.34891682,0.226487167,0.349563349,0.249993669,0.351396071,0.208221015,0.34891682,0.226487167,0.924379797,1.980696221,0.0,0.0,1.167415457,0.0,0.0,1.201632595,0.0,0.0,1.208254873,0.0,0.0,1.167415457,0.0,0.0,1.186322013,0.0,0.0,1.152932068,0.0,0.0,1.167415457,0.0,0.0,0.002745866,0.002689993,0.002957413,0.002745866,0.002827552,0.002933144,0.002745866,288.8254979,288.8254979,1612.072557,0,0.0,0.0,311.4079403,311.4079403,0.0,1616.181376,0,0.0,39.47040057,39.47040057,1616.342089,0,222.717788,222.717788,1612.072557,0,0.0,224.1579277,224.1579277,1614.487716,0,0.0,224.602598,224.602598,1610.437047,0,0.0,70.12821972,70.12821972,1612.072557,0,0.0,0.348226522,0.190957242,0.339213883,-8.061305321,1.139408677,0.004048186,0.002695087,0.00050238,219.8115792,219.8115792,1610.835204,0,0.0,44.60888582,44.60888582,1609.512947,0,0.0,1,0.0,0.0,0.0,0.0,0.0,0.0,0.0,0.0,0.0,0.0,0.0,0.0,0.0,0.0,0.0,0.0,0.0,0.0,0.0,0.0,0.0,0.0,0.0,0.0,0.0,0.0,0.0,0.0,0.0,0.0,0.0,1.0
12.31000042,0,0,0,0,0,0.699421965,0.300578035,0.8407281,0.769536424,0.480217529,665,0,0,0,0,0,468,0,0,0,0,0,665,1,1,1,1,0.805485032,-0.606197137,0.811333405,-0.750159848,0.765691247,-0.614176861,0.805485032,-0.606197137,0.811039473,-0.69614207,0.826744848,-0.649939987,0.805485032,-0.606197137,0.480217529,1.536533954,,,0.770759126,,,0.724541991,,,0.768121853,,,0.770759126,,,0.741549512,,,0.756412661,,,0.770759126,,,0.000760728,0.000587259,0.000663824,0.000760728,0.000639414,0.000743656,0.000760728,80.01765765,-584.9823424,13.8225313,-42,,-442.3210014,67.9842672,67.9842672,,10.22224728,7,,8.859570783,8.859570783,10.22224728,1,61.70284771,61.70284771,10.22224728,6,,50.69039363,50.69039363,10.22224728,5,,56.94472141,56.94472141,10.22224728,6,,19.42867204,-448.571328,13.8225313,-32,,0.799782748,-0.490804415,0.729290711,-10.85429442,0.809924028,0.009445315,0.00090328,0.00045798,73.67157824,73.67157824,10.22224728,7,,40.66641572,40.66641572,10.52963721,4,,0,,,,,,,,,,-0.241155448,0.061549665,0.005893957,0.034450778,0.037860452,0.039602061,0.026347231,4.0,-0.183737484,,,,-1.048494124,0.0,0.0,0.0,0.0,0.0,0.0,0.0,42.11854885,0.0,1.0
37.25,0,0,0,0,0,0.371748699,0.628251301,0.423398329,0.855588112,0.778786936,0,0,0,0,0,0,0,74,74,224,74,74,0,1,1,1,1,0.411165592,0.126943674,0.413389138,0.147489302,0.489152128,0.019533065,0.411165592,0.126943674,0.413058152,0.137669961,0.418634843,0.108516233,0.411165592,0.126943674,0.778786936,1.835103361,0.0,0.0,1.080115097,0.0,0.0,1.093672036,0.0,0.0,1.011929131,0.0,0.0,1.080115097,0.0,0.0,1.087171691,0.0,0.0,1.06809885,0.0,0.0,1.080115097,0.0,0.0,0.001956707,0.001803865,0.001811167,0.001956707,0.001908699,0.002041676,0.001956707,205.8173665,205.8173665,34.20585332,6,0.0,34.20585332,208.8250348,208.8250348,0.0,34.27054408,6,0.0,24.17229986,24.17229986,34.20063654,1,158.7089399,84.70893993,34.20585332,2,0.0,151.3146643,77.31466429,34.22105631,2,0.0,156.3392958,-67.6607042,40.36584255,-2,0.0,49.97344626,49.97344626,34.20585332,1,0.0,0.409080359,0.109094956,0.38350092,-8.378404941,1.068474185,0.006179386,0.002015959,0.000578094,164.4218396,90.42183961,34.20515476,3,0.0,51.33192402,-22.66807598,36.49542838,-1,0.0,1,0.0,0.0,0.0,0.0,0.0,0.0,0.0,0.0,0.0,0.001510753,0.002039353,5.96e-06,0.000503584,0.000592282,-0.000367993,0.000557893,-1.0,0.000251792,0.0,0.0,0.0,25.89593325,0.0,0.0,0.0,0.0,0.0,0.0,0.0,-36.49542838,0.0,1.0
171.9799957,0,0,0,0,0,0.130452181,0.869547819,0.14643852,0.084554207,0.592745374,0,0,0,0,0,0,0,172,344,0,344,172,0,1,1,1,1,0.142596819,0.854043242,0.143172634,1.014796553,0.112711475,1.384528393,0.142596819,0.854043242,0.143234319,0.943046153,0.144908353,0.787181815,0.142596819,0.854043242,0.592745374,1.649061799,,,1.532956153,,,1.661312332,,,1.998806253,,,1.532956153,,,1.60274508,,,1.482535023,,,1.532956153,,,0.001926712,0.0017866,0.002308034,0.001926712,0.001834064,0.001899117,0.001926712,202.662317,202.662317,169.504649,1,,0.0,206.8263761,206.8263761,,169.7721272,1,,30.80362419,30.80362419,170.1560045,0,156.2760327,-15.72396732,176.7048044,0,,145.3978414,-198.6021586,176.7048044,-1,,145.4230135,145.4230135,169.3708691,1,,49.20738507,49.20738507,169.504649,0,,0.141994269,0.719387703,0.133864856,-6.590985754,1.433103567,0.036999383,0.001970333,0.002330392,160.7005675,-183.2994325,176.7048044,-1,,206.927558,34.92755805,167.7626086,0,,1,,,,,,,,,,0.011396717,0.016090813,0.0,0.0,-0.013895876,0.009682113,-0.008086229,0.0,0.0,,,,0.0,0.0,0.0,0.0,0.0,0.0,0.0,0.0,0.0,0.0,1.0
101.6100006,0,0,0,0,0,0.274428274,0.725571726,0.278787879,0.140161725,1.347211984,0,0,406,0,406,0,0,2641,914,914,1930,102,406,1,1,1,1,0.277670592,0.366124102,0.277660052,0.436857777,0.205584295,0.730616561,0.277670592,0.366124102,0.277920614,0.405495817,0.278296318,0.341731372,0.277670592,0.366124102,1.054172542,2.110488966,,,1.31451173,,,1.385827816,,,1.72583652,,,1.31451173,,,1.353742254,,,1.290778958,,,1.31451173,,,0.003841417,0.003999237,0.005479872,0.003841417,0.004160261,0.004164825,0.003841417,404.061606,404.061606,95.93115689,4,0.0,95.93115689,462.9730089,56.97300892,,96.15549183,1,0.0,73.13579831,73.13579831,97.39108947,1,311.578125,-2329.421875,111.7846068,-21,,329.8102313,-584.1897687,111.7846068,-5,,318.9173282,-595.0826718,111.7846068,-5,,98.10810087,98.10810087,95.93115689,1,0.0,0.277571511,0.307259663,0.274987008,-7.601434476,1.257968707,0.003421553,0.003590716,0.000537052,292.8590983,-1637.140902,111.7846068,-15,,47.68762698,-54.31237302,99.764799,-1,,1,0.002013455,0.002234001,0.002835176,0.001927619,0.002013455,0.336788301,0.002055513,0.001536526,0.002013455,0.008377929,0.002981949,0.008340634,-0.043984125,-0.012845848,-0.009123463,-0.022126992,-0.90284072,0.002094482,0.122673555,0.122673555,2.78e-05,11.79486972,0.0,0.0,0.0,0.0,0.0,0.0,0.0,-99.764799,0.0,1.0
87.58999634,1,1,1,1,1,0.722288916,0.277711084,0.857540788,0.262871494,0.569894503,613,613,0,0,613,0,0,175,175,0,175,263,1226,1,1,1,1,0.823096995,-0.677497896,0.827527058,-0.831816872,0.460270698,0.07185331,0.823096995,-0.677497896,0.828970369,-0.780645111,0.843501692,-0.726377809,0.823096995,-0.677497896,0.569894503,1.626210928,,,0.719329898,,,0.667328253,,,1.035556401,,,0.719329898,,,0.684141294,,,0.702434452,,,0.719329898,,,0.000861965,0.000678687,0.001129273,0.000861965,0.000740338,0.000854007,0.000861965,90.66632025,-522.3336797,91.64083391,-6,,0.0,78.56839134,-534.4316087,,91.27138282,-6,,15.07157519,15.07157519,79.8070823,0,69.91419539,-105.0858046,91.64083391,-1,,58.69128725,-116.3087127,91.3268825,-1,,65.39472354,65.39472354,79.8070823,1,,22.01421853,22.01421853,79.8070823,0,,0.818075767,-0.550270747,0.748531404,-10.9920597,0.765236265,0.004772338,0.001009519,0.000285454,82.33645348,-92.66354652,92.07629832,-1,,25.34697626,-237.6530237,84.19046271,-3,,1,,,,,,,,,,-0.043031569,-0.064867435,0.0,-0.007171928,-0.009521981,0.008244136,-0.004731217,-3.0,0.0,,,,0.006716914,0.0,0.0,0.0,0.0,0.0,0.0,0.0,-252.5713881,0.0,1.0
420.5650024,1,1,1,1,1,0.757102841,0.242897159,0.933147632,0.521138552,1.077867339,0,0,0,0,0,0,0,1262,2103,1262,1262,0,0,1,1,1,1,0.888065997,-1.079906322,0.895068394,-1.366804097,0.688394871,-0.380517396,0.888065997,-1.079906322,0.895278191,-1.273022323,0.915056624,-1.290406727,0.888065997,-1.079906322,1.054172542,2.110488966,,,0.446371702,,,0.360273127,,,0.752604122,,,0.446371702,,,0.386414211,,,0.381429153,,,0.446371702,,,0.001304438,0.00103968,0.002389667,0.001304438,0.001187511,0.001230719,0.001304438,137.2081075,137.2081075,390.1669652,0,,0.0,120.358916,120.358916,,390.1669652,0,,31.89311539,31.89311539,390.1669652,0,105.8032841,-1156.196716,433.6148953,-3,,94.14152512,-2008.858475,432.2481115,-5,,94.24105157,-1167.758948,432.1558603,-3,,33.31478828,33.31478828,390.1669652,0,,0.881017222,-0.855461774,0.792735847,-11.30856794,0.527840452,0.000214631,0.001506655,3.37e-05,122.8829285,-1139.117071,434.7804121,-3,,2.991398832,2.991398832,399.5227791,0,,1,,,,,,,,,,0.0,0.0,0.0,-0.054665516,-0.126608268,-0.078053884,-0.034303821,0.0,0.0,,,,0.0,0.0,0.0,0.0,0.0,0.0,0.0,0.0,0.0,0.0,1.0
173.9900055,1,1,1,1,1,0.763905562,0.236094438,0.844011142,0.372959397,0.495707606,0,0,0,0,0,0,0,0,0,348,0,0,0,1,1,1,1,0.824687111,-0.684473475,0.82721363,-0.830124914,0.569511283,-0.126966099,0.824687111,-0.684473475,0.828030529,-0.77587992,0.836218507,-0.691657751,0.824687111,-0.684473475,0.495707606,1.552024031,0.0,0.0,0.740176139,0.0,0.0,0.694273274,0.0,0.0,0.945719556,0.0,0.0,0.740176139,0.0,0.0,0.711026411,0.0,0.0,0.737842409,0.0,0.0,0.740176139,0.0,0.0,0.00075604,0.000585769,0.000851621,0.00075604,0.000638221,0.000753162,0.00075604,79.52445755,79.52445755,168.0031939,0,0.0,0.0,67.81172355,67.81172355,0.0,168.0031939,0,0.0,11.36594834,11.36594834,168.0031939,0,61.32253352,61.32253352,168.0031939,0,0.0,50.59582221,50.59582221,168.0031939,0,0.0,57.67265563,-290.3273444,177.0758644,-2,0.0,19.30892069,19.30892069,168.0031939,0,0.0,0.821810831,-0.563551056,0.780374111,-11.22005667,0.780582808,0.007212879,0.0008968,0.000362962,73.14306924,73.14306924,168.0031939,0,0.0,32.22931961,32.22931961,169.1961777,0,0.0,1,0.0,0.0,0.0,0.0,0.0,0.0,0.0,0.0,0.0,0.0,0.0,0.0,0.0,0.0,-0.014949701,0.0,0.0,0.0,0.0,0.0,0.0,0.0,0.0,0.0,0.0,0.0,0.0,0.0,0.0,0.0,0.0,1.0
134.8200073,1,1,1,1,1,0.556222489,0.443777511,0.475925189,0.523022185,0.432080488,135,0,0,0,0,0,0,0,0,0,0,404,135,1,1,1,1,0.491292015,0.012150404,0.488588268,0.019001111,0.516479567,-0.029687411,0.491292015,0.012150404,0.48871102,0.017475249,0.481752573,0.023875065,0.491292015,0.012150404,0.432080488,1.488396913,,,1.004843905,,,1.007585359,,,0.988262752,,,1.004843905,,,1.006974107,,,1.009540326,,,1.004843905,,,0.000889475,0.00071902,0.000749583,0.000889475,0.000764379,0.000881002,0.000889475,93.55989581,-41.44010419,140.2172652,0,,0.0,83.23754853,83.23754853,,130.02227,1,,10.0041235,10.0041235,130.02227,0,72.14547605,72.14547605,130.02227,1,,60.59714333,60.59714333,130.02227,0,,67.46181349,67.46181349,130.02227,1,,22.71679259,22.71679259,130.02227,0,,0.494000849,0.007019765,0.534284283,-9.458028894,1.002795659,0.023249894,0.001017796,0.00100205,83.01153165,83.01153165,130.02227,1,,88.97717686,-315.0228231,134.1749523,-2,,1,,,,,,,,,,0.0,5.64e-06,0.0,2.31e-06,0.0,8.91e-06,7.7e-07,-2.0,0.0,,,,0.0,0.0,0.0,0.0,0.0,0.0,0.0,0.0,-268.3499047,0.0,1.0
522.460022,0,0,0,0,0,0.357342937,0.642657063,0.143255074,0.513604018,0.827991802,0,0,0,0,0,0,0,0,0,0,0,0,0,1,1,1,1,0.164663586,0.733857056,0.160597913,0.899664166,0.260051502,0.526076745,0.164663586,0.733857056,0.160718966,0.835742248,0.150851096,0.755088961,0.164663586,0.733857056,0.827991802,1.884308227,0.0,0.0,1.591923507,0.0,0.0,1.76825276,0.0,0.0,1.395568118,0.0,0.0,1.591923507,0.0,0.0,1.698072015,0.0,0.0,1.613482264,0.0,0.0,1.591923507,0.0,0.0,0.00315703,0.003242189,0.002784032,0.00315703,0.003314434,0.003405399,0.00315703,332.0739522,332.0739522,500.8504842,1,0.0,0.0,375.3331688,375.3331688,0.0,502.6590203,1,0.0,37.15640689,37.15640689,497.2171501,0,256.067337,256.067337,500.8504842,1,0.0,262.7561603,262.7561603,502.0069976,1,0.0,260.7650295,260.7650295,500.7098824,1,0.0,80.62915239,80.62915239,500.8504842,0,0.0,0.168928549,0.598418378,0.262345223,-7.510918031,1.461019392,0.008577413,0.002981252,0.000884993,243.1511769,243.1511769,499.0984635,0,0.0,78.58314519,78.58314519,477.4607799,0,0.0,1,0.0,0.0,0.0,0.0,0.0,0.0,0.0,0.0,0.0,0.008414784,0.012646806,0.0,0.008414784,0.010913517,0.00890874,0.0,0.0,0.0,0.0,0.0,0.0,0.0,0.0,0.0,0.0,0.0,0.0,0.0,0.0,0.0,0.0,1.0
342.6000061,0,0,0,0,0,0.37334934,0.62665066,0.41862316,0.447048974,0.720535682,0,0,0,0,0,0,0,0,0,0,0,0,0,1,1,1,1,0.407938782,0.13179352,0.40977255,0.153953056,0.411805787,0.162560703,0.407938782,0.13179352,0.409634935,0.143360201,0.414437777,0.114361162,0.407938782,0.13179352,0.720535682,1.776852107,,,1.078704328,,,1.092533035,,,1.097952338,,,1.078704328,,,1.085900562,,,1.067948748,,,1.078704328,,,0.001750034,0.0015838,0.001721686,0.001750034,0.001675458,0.001809129,0.001750034,184.0783742,184.0783742,325.5798923,1,,0.0,183.3492032,183.3492032,,325.8291928,1,,22.97806435,22.97806435,326.0389868,0,141.9456683,141.9456683,325.5798923,0,,132.8241686,132.8241686,325.6337105,0,,138.5322482,138.5322482,324.5271689,0,,44.6951144,44.6951144,325.5798923,0,,0.406160009,0.112788274,0.383531644,-8.378624926,1.066983583,0.008095908,0.001829766,0.000672154,149.2358696,149.2358696,325.3441587,0,,59.68403179,59.68403179,326.7321246,0,,1,,,,,,,,,,0.000271399,0.000370337,0.0,0.0,0.0,0.0,0.0,0.0,0.0,,,,0.0,0.0,0.0,0.0,0.0,0.0,0.0,0.0,0.0,0.0,1.0
161.0700073,0,0,0,0,0,0.134053621,0.865946379,0.206128134,0.017999163,0.579013803,644,322,322,0,644,0,161,1127,1450,1127,805,322,1288,1,1,1,1,0.183632594,0.649015631,0.185863983,0.763504702,0.042219949,2.999054723,0.183632594,0.649015631,0.187400538,0.702996346,0.196397192,0.561407196,0.183632594,0.649015631,0.579013803,1.635330228,,,1.376047056,,,1.455756629,,,4.371338894,,,1.376047056,,,1.413070601,,,1.318012851,,,1.376047056,,,0.001680741,0.001514033,0.004877497,0.001680741,0.001563769,0.001636322,0.001680741,176.789692,-467.210308,167.516326,-3,,-167.516326,175.2725524,-468.7274476,,167.516326,-3,,65.09634131,65.09634131,160.3397169,0,136.3252533,-990.6747467,167.516326,-6,,123.9698992,-1326.030101,167.516326,-8,,125.2997368,-1001.700263,167.516326,-6,,42.92538732,-118.0746127,167.516326,-1,,0.180822106,0.554145417,0.14460818,-6.667909029,1.313313744,0.037644211,0.001761482,0.002298752,143.6666326,-661.3333674,167.516326,-4,,204.1181507,-117.8818493,158.5855913,-1,,0,,,,,,,,,,-0.019744748,-0.027325286,0.0,-0.039489496,-0.061775483,-0.029547941,-0.019192321,-0.694703294,-0.006581583,,,,-0.885384448,0.0,0.0,0.0,0.0,0.0,0.0,0.0,-158.5855913,0.0,1.0
3069.620117,1,1,1,1,1,0.446978792,0.553021208,0.467170712,0.077438259,0.639210617,0,3070,0,0,3070,0,0,0,0,0,0,0,3070,1,1,1,1,0.461284067,0.054252908,0.460587099,0.06590625,0.166822254,0.933485989,0.461284067,0.054252908,0.462810385,0.05778718,0.464379951,0.046737,0.461284067,0.054252908,0.639210617,1.695527042,,,1.029059409,,,1.035410618,,,1.637015321,,,1.029059409,,,1.030981502,,,1.024983832,,,1.029059409,,,0.001422327,0.001244434,0.002118372,0.001422327,0.001318629,0.001456969,0.001422327,149.6082553,149.6082553,2951.933895,0,,0.0,144.0623429,-2925.937657,,3169.955229,-1,,28.27234279,28.27234279,3013.676659,0,115.365229,115.365229,2951.933895,0,,104.5360829,104.5360829,2951.933895,0,,111.56599,111.56599,2951.933895,0,,36.32560379,36.32560379,2951.933895,0,,0.461053576,0.045775807,0.447742673,-8.838382315,1.02446378,0.009404099,0.001529291,0.000656471,124.7291492,124.7291492,2951.933895,0,,58.29149033,58.29149033,2973.281744,0,,1,,,,,,,,,,0.0,-6.79e-05,0.0,0.0,0.0,0.0,0.0,0.0,0.0,,,,0.0,0.0,0.0,0.0,0.0,0.0,0.0,0.0,0.0,0.0,1.0
41.36999893,1,1,1,1,1,0.871548619,0.128451381,0.969359331,0.424026789,0.41832258,83,0,41,0,41,0,0,0,0,0,0,290,124,1,1,1,1,0.945681103,-1.952914736,0.948816607,-2.431331244,0.649463859,-0.288643721,0.945681103,-1.952914736,0.949757748,-2.290213137,0.95981486,-2.249099847,0.945681103,-1.952914736,0.41832258,1.474639005,,,0.468350704,,,0.388927942,,,0.893943204,,,0.468350704,,,0.410840978,,,0.417454339,,,0.468350704,,,0.000401618,0.000267419,0.000652712,0.000401618,0.00030048,0.000351852,0.000401618,42.24441449,-40.75558551,42.21397909,-1,,0.0,30.95782002,-10.04217998,,42.08726306,0,,8.711261797,8.711261797,38.98343941,0,32.57531838,32.57531838,38.98343941,1,,23.82091775,23.82091775,38.98343941,1,,26.94275433,26.94275433,38.98343941,1,,10.25714697,10.25714697,38.98343941,0,,0.942143732,-1.56407772,0.891650223,-12.01680476,0.544706338,0.009395863,0.00053786,0.000391271,43.86791281,43.86791281,38.98343941,1,,34.74302466,-255.2569753,40.59096669,-6,,1,,,,,,,,,,-0.059591812,0.0,0.0,0.059591812,0.081954316,0.079038283,0.038224049,-6.0,0.0,,,,0.002026906,0.0,0.0,0.0,0.0,0.0,0.0,0.0,-243.5458001,0.0,1.0
232.1900024,1,1,1,1,1,0.668667467,0.331332533,0.826900119,0.615738803,0.366225698,0,0,0,0,0,0,0,0,0,0,0,0,0,1,1,1,1,0.78648442,-0.539526602,0.793017814,-0.669829537,0.690220346,-0.385140939,0.78648442,-0.539526602,0.792859738,-0.622142652,0.810753943,-0.586984434,0.78648442,-0.539526602,0.366225698,1.422542123,0.0,0.0,0.826832022,0.0,0.0,0.789718754,0.0,0.0,0.873068562,0.0,0.0,0.826832022,0.0,0.0,0.803103745,0.0,0.0,0.813117201,0.0,0.0,0.826832022,0.0,0.0,0.000626956,0.000470216,0.000550067,0.000626956,0.000508587,0.000598984,0.000626956,65.94669198,65.94669198,221.0291261,0,0.0,0.0,54.43468681,54.43468681,0.0,221.0291261,0,0.0,7.341336025,7.341336025,221.0291261,0,50.85250946,50.85250946,221.0291261,0,0.0,40.31887926,40.31887926,221.0291261,0,0.0,45.86658996,45.86658996,221.0291261,0,0.0,16.01217392,16.01217392,221.0291261,0,0.0,0.780057619,-0.435247966,0.701114808,-10.65255214,0.857785521,0.023413464,0.000761438,0.000853481,62.10295618,62.10295618,221.0291261,0,0.0,75.78500522,75.78500522,222.7322691,0,0.0,1,0.0,0.0,0.0,0.0,0.0,0.0,0.0,0.0,0.0,0.0,0.0,0.0,0.0,0.0,0.0,0.0,0.0,0.0,0.0,0.0,0.0,0.0,0.0,0.0,0.0,0.0,0.0,0.0,0.0,0.0,0.0,1.0
126.8099976,1,1,1,1,1,0.879951981,0.120048019,0.938320732,0.513604018,0.320060905,0,0,0,0,0,0,0,380,380,634,0,127,0,1,1,1,1,0.924600908,-1.51938329,0.926389431,-1.848183391,0.713646538,-0.447603199,0.924600908,-1.51938329,0.926997518,-1.729716832,0.932810466,-1.559938519,0.924600908,-1.51938329,0.320060905,1.37637733,,,0.615466677,,,0.554099345,,,0.866763563,,,0.615466677,,,0.575470933,,,0.607544387,,,0.615466677,,,0.000416892,0.000289126,0.000477007,0.000416892,0.000319335,0.000395541,0.000416892,43.85102982,43.85102982,120.4913983,0,,0.0,33.47079972,33.47079972,,120.4913983,0,,6.366256607,6.366256607,120.4913983,0,33.8142042,-346.1857958,130.4099451,-3,,25.31567548,-354.6843245,130.0660444,-3,,30.2881649,-603.7118351,130.1573231,-5,,10.6472409,10.6472409,120.4913983,0,,0.922547069,-1.246816353,0.892249934,-12.02109875,0.671459469,0.02148932,0.000540571,0.000693303,44.08904608,44.08904608,120.4913983,0,,61.56194436,-65.43805564,123.9088486,-1,,1,0.001874149,0.002089744,0.002737437,0.00179943,0.001874149,0.313725454,0.001900177,0.001397477,0.001874149,0.0,0.0,0.0,-0.108212137,-0.140246265,-0.190110014,0.0,-1.0,0.0,0.053802101,0.053802101,4.51e-07,0.0,0.0,0.0,0.0,0.0,0.0,0.0,0.0,-123.9088486,0.0,1.0
63.0,0,1,0,1,1,0.81352541,0.18647459,0.703541584,0.870238594,0.695703923,0,0,0,0,0,0,0,0,0,0,0,315,0,1,1,1,1,0.724819203,-0.371783979,0.721140485,-0.433632713,0.791903343,-0.719490711,0.724819203,-0.371783979,0.721231485,-0.403377126,0.711636954,-0.320964215,0.724819203,-0.371783979,0.695703923,1.752020348,,,0.811813086,,,0.784139731,,,0.667999053,,,0.811813086,,,0.797557272,,,0.835281089,,,0.811813086,,,0.001255153,0.001074496,0.00098875,0.001255153,0.001163138,0.001342349,0.001255153,132.0240014,132.0240014,59.47437851,2,,59.47437851,124.3893656,124.3893656,,59.47437851,2,,13.19611353,13.19611353,59.47437851,0,101.8057401,101.8057401,59.47437851,2,,92.20929744,92.20929744,59.47437851,2,,102.7890469,102.7890469,59.47437851,2,,32.05606239,32.05606239,59.47437851,1,,0.728534396,-0.319008673,0.78388099,-11.24516628,0.836197568,0.001825416,0.001375464,0.000143861,112.182977,112.182977,59.47437851,2,,12.77417289,-302.2258271,61.92717633,-5,,1,,,,,,,,,,0.004319479,0.005876167,0.0,0.004319479,0.005084785,0.003219313,0.003180204,-5.0,0.002159739,,,,0.302930454,0.0,0.0,0.0,0.0,0.0,0.0,0.0,-309.6358817,0.0,1.0
118.3000031,1,1,1,1,1,0.959183673,0.040816327,0.993633108,0.633737966,0.778159472,0,0,0,0,0,0,0,355,473,355,473,118,0,1,1,1,1,0.985643692,-4.066110098,0.986606504,-4.97870228,0.819088668,-0.852046739,0.985643692,-4.066110098,0.987075546,-4.688652572,0.990412442,-4.361830658,0.985643692,-4.066110098,0.778159472,1.834475897,,,0.084826423,,,0.048758704,,,0.596314612,,,0.084826423,,,0.058141166,,,0.070893307,,,0.084826423,,,0.00015349,8.03e-05,0.001065798,0.00015349,0.000101936,0.000135339,0.00015349,16.14489388,16.14489388,112.5791372,0,,0.0,9.297225797,9.297225797,,112.5791372,0,,14.22441422,14.22441422,112.5791372,0,12.44957623,-342.5504238,117.7783442,-3,,8.081126655,-464.9188733,116.5286886,-4,,10.3634849,-344.6365151,117.0963748,-3,,3.920057869,3.920057869,112.5791372,0,,0.984476165,-3.307614767,0.966401259,-12.55202965,0.134401398,0.000492481,0.000253327,4.6e-05,20.66138825,-452.3386118,118.6339957,-4,,4.085845902,-113.9141541,114.9341802,-1,,1,,,,,,,,,,0.0,0.0,0.0,-0.774996156,-1.373966434,-0.891823439,-0.683769715,-1.0,0.0,,,,0.0,0.0,0.0,0.0,-117.7783442,-116.5286886,-117.0963748,-118.6339957,-114.9341802,0.0,1.0
73.93000031,1,1,1,1,1,0.718687475,0.281312525,0.970951055,0.376726664,0.518780589,0,0,0,0,0,0,0,813,961,0,739,591,0,1,1,1,1,0.901651544,-1.213823595,0.911951863,-1.594002453,0.580390408,-0.147575054,0.901651544,-1.213823595,0.912593373,-1.491189136,0.942657285,-1.758894594,0.901651544,-1.213823595,0.518780589,1.575097013,,,0.576107772,,,0.484720812,,,0.935152337,,,0.576107772,,,0.50789915,,,0.449735575,,,0.576107772,,,0.000618916,0.00043384,0.000894628,0.000618916,0.000483643,0.000485154,0.000618916,65.10100498,65.10100498,69.30328254,1,,0.0,50.22360444,50.22360444,,69.30328254,1,,11.93993672,11.93993672,69.30328254,0,50.20038719,-762.7996128,75.47482681,-10,,38.34147314,-922.6585269,75.25848412,-12,,37.15018145,37.15018145,69.30328254,1,,15.80683705,15.80683705,69.30328254,0,,0.89122206,-0.929867799,0.76568486,-11.11488016,0.655435994,0.006411401,0.000786652,0.000340742,64.15943041,-674.8405696,75.76026619,-9,,30.25625968,-560.7437403,73.4737912,-8,,1,0.002642219,0.002914378,0.020252377,0.002498113,0.002642219,0.452579107,0.002705874,0.002079605,0.002642219,0.023021371,0.039700685,0.0,-0.230213706,-0.416933445,0.048339222,-0.121591986,-8.0,0.0,0.086627564,0.086627564,4.88e-06,0.0,0.0,0.0,0.0,0.0,0.0,0.0,0.0,-587.7903296,0.0,1.0
63.13000107,0,0,0,0,0,0.516206483,0.483793517,0.452447274,0.637086647,0.341109542,0,126,0,0,126,0,0,63,63,821,63,63,126,1,1,1,1,0.464948815,0.049077424,0.462832252,0.062119657,0.527747489,-0.050061164,0.464948815,0.049077424,0.462831741,0.057753719,0.45722251,0.056223448,0.464948815,0.049077424,0.341109542,1.397425967,0.0,0.0,1.016558471,0.0,0.0,1.021004781,0.0,0.0,0.983387471,0.0,0.0,1.016558471,0.0,0.0,1.0195142,0.0,0.0,1.018992264,0.0,0.0,1.016558471,0.0,0.0,0.00072526,0.000566108,0.000575934,0.00072526,0.000601186,0.000702207,0.00072526,76.28688054,76.28688054,60.40496106,1,0.0,0.0,65.53571057,-60.46428943,0.0,65.40516998,-1,0.0,7.686568237,7.686568237,60.40496106,0,58.82598805,-4.174011953,65.40516998,0,0.0,47.65980743,-15.34019257,65.40516998,0,0.0,53.77077455,-767.2292254,65.40516998,-12,0.0,18.52282142,18.52282142,60.40496106,0,0.0,0.467106819,0.038610428,0.499305468,-9.207577085,1.01300411,0.045906458,0.000853023,0.001566639,69.57260776,6.572607763,60.40496106,0,0.0,139.1100441,76.11004411,60.75461223,1,0.0,1,0.0,0.0,0.0,0.0,0.0,0.0,0.0,0.0,0.0,3.76e-05,-6.03e-05,0.0,0.0,0.0,-0.000592702,0.0,1.0,0.0,0.0,0.0,0.0,0.0,0.0,0.0,0.0,0.0,0.0,0.0,0.0,60.75461223,0.0,1.0
27.01000023,1,1,1,1,1,0.878351341,0.121648659,0.959013132,0.998325659,0.011596853,0,0,0,0,0,0,0,27,0,0,27,648,0,1,1,1,1,0.940356689,-1.823169397,0.943569136,-2.266238505,0.944235281,-2.472251287,0.940356689,-1.823169397,0.94333596,-2.100568878,0.951730654,-1.989420649,0.940356689,-1.823169397,0.011596853,1.067913278,0.0,0.0,0.887103031,0.0,0.0,0.861649517,0.0,0.0,0.850064483,0.0,0.0,0.887103031,0.0,0.0,0.871080306,0.0,0.0,0.877465236,0.0,0.0,0.887103031,0.0,0.0,0.000252292,0.000162897,0.000165291,0.000252292,0.000174989,0.000220905,0.000252292,26.53750578,26.53750578,25.77940088,1,0.0,0.0,18.85787713,18.85787713,0.0,25.77940088,1,0.0,2.206018315,2.206018315,25.77940088,0,20.46347926,-6.536520738,27.47436764,0,0.0,13.87252059,13.87252059,25.77940088,1,0.0,16.91555608,16.91555608,25.77940088,1,0.0,6.44343401,6.44343401,25.77940088,0,0.0,0.937230786,-1.471352049,0.896855769,-12.05407699,0.907848788,0.452923676,0.000344787,0.005712923,28.12086812,1.120868118,25.77940088,0,0.0,507.2800797,-140.7199203,26.85648447,-5,0.0,1,0.0,0.0,0.0,0.0,0.0,0.0,0.0,0.0,0.0,0.051936666,0.080247452,0.0,0.0,0.068943588,0.061840539,0.0,-5.0,0.0,0.0,0.0,0.0,0.0,0.0,0.0,0.0,0.0,0.0,0.0,0.0,-134.2824223,0.0,1.0
80.01999664,0,0,0,0,0,0.234493798,0.765506202,0.09430959,0.783591461,0.507276149,0,0,0,0,0,0,0,0,0,0,0,0,0,1,1,1,1,0.108380394,1.112406323,0.105722762,1.357549319,0.190515132,0.801935303,0.108380394,1.112406323,0.105783485,1.261463312,0.099306373,1.127628561,0.108380394,1.112406323,0.507276149,1.563592574,0.0,0.0,1.644160912,0.0,0.0,1.834561857,0.0,0.0,1.431115111,0.0,0.0,1.644160912,0.0,0.0,1.757437132,0.0,0.0,1.65538614,0.0,0.0,1.644160912,0.0,0.0,0.001722598,0.001594527,0.001328561,0.001722598,0.001625097,0.001737403,0.001722598,181.1924066,181.1924066,78.11216324,2,0.0,78.11216324,184.5910121,184.5910121,0.0,78.35407147,2,0.0,17.73131815,17.73131815,77.73393758,0,139.7202543,139.7202543,78.11216324,2,0.0,128.8317482,128.8317482,78.2770868,2,0.0,133.0399067,133.0399067,78.00043085,2,0.0,43.9943876,43.9943876,78.11216324,1,0.0,0.111175881,0.911429004,0.172493954,-6.867573957,1.502899287,0.046434613,0.001765045,0.00240177,143.9572185,143.9572185,77.98314457,2,0.0,213.2656569,213.2656569,76.22658274,3,0.0,1,0.002320409,0.002563145,0.01460232,0.002199452,0.002320409,0.389182078,0.002373776,0.001813026,0.002320409,0.038670245,0.05759188,0.0,0.038670245,0.049727803,0.039735818,0.025959463,2.21079244,0.019335122,0.070687183,0.070687183,1.76e-06,0.0,0.0,0.0,0.0,0.0,0.0,0.0,0.0,152.4531655,0.0,1.0
84.26000214,1,1,1,1,1,0.75270108,0.24729892,0.864703542,0.544579322,0.586683339,421,253,253,0,506,0,0,0,0,1264,0,590,927,1,1,1,1,0.83745746,-0.744290389,0.841702949,-0.913721447,0.688136202,-0.379864845,0.83745746,-0.744290389,0.84189745,-0.850609246,0.853869489,-0.780414649,0.83745746,-0.744290389,0.586683339,1.642999764,,,0.691039831,,,0.635283229,,,0.828107836,,,0.691039831,,,0.655506116,,,0.678755459,,,0.691039831,,,0.00085767,0.0006732,0.000941891,0.00085767,0.000739132,0.000857573,0.00085767,90.21449024,-330.7855098,86.96864805,-4,,0.0,77.93323489,-428.0667651,,86.7317123,-5,,12.57072562,12.57072562,80.17730241,0,69.56578231,69.56578231,80.17730241,1,,58.5957093,58.5957093,80.17730241,1,,65.66782115,-1198.332179,86.91021681,-14,,21.90451203,21.90451203,80.17730241,0,,0.833131819,-0.606582133,0.776564826,-11.19278181,0.739942793,0.003858482,0.001006293,0.000239735,82.07336221,82.07336221,80.17730241,1,,21.28730596,-568.712694,83.40900952,-7,,1,,,,,,,,,,-0.034623011,-0.065225538,0.0,0.008655753,0.011305251,-0.133229037,0.005749092,-7.0,0.0,,,,0.053807281,0.0,0.0,0.0,0.0,0.0,0.0,0.0,-583.8630666,0.0,1.0
177.0700073,1,1,1,1,1,0.984793918,0.015206082,0.996816554,0.9660946,0.306077048,0,0,0,0,0,0,0,0,0,0,0,0,0,1,1,1,1,0.994172555,-5.253720809,0.994606866,-6.362698298,0.981870445,-4.76784366,0.994172555,-5.253720809,0.994610068,-5.916085194,0.995787216,-5.209926024,0.994172555,-5.253720809,0.306077048,1.362393473,0.0,0.0,0.196975348,0.0,0.0,0.139789119,0.0,0.0,0.228910871,0.0,0.0,0.196975348,0.0,0.0,0.160492465,0.0,0.0,0.199661177,0.0,0.0,0.196975348,0.0,0.0,0.000128844,7e-05,0.000120811,0.000128844,8.55e-05,0.000125113,0.000128844,13.55250503,13.55250503,170.7615866,0,0.0,0.0,8.106017884,8.106017884,0.0,170.8645818,0,0.0,1.612376981,1.612376981,170.7421693,0,10.45054527,10.45054527,170.7615866,0,0.0,6.777387563,6.777387563,170.7925791,0,0.0,9.580370928,9.580370928,170.7421693,0,0.0,3.290613388,3.290613388,170.7615866,0,0.0,0.993732875,-4.341136212,0.987649523,-12.70416935,0.261200689,0.019669694,0.000204022,0.00061106,16.64001659,16.64001659,170.7421693,0,0.0,54.25915623,54.25915623,172.2159746,0,0.0,1,0.0,0.0,0.0,0.0,0.0,0.0,0.0,0.0,0.0,0.0,0.0,0.0,0.0,0.0,0.0,0.0,0.0,0.0,0.0,0.0,0.0,0.0,0.0,0.0,0.0,0.0,0.0,0.0,0.0,0.0,0.0,1.0
16.92000008,1,1,1,1,1,0.780913978,0.219086022,0.717043941,0.674891147,0.190097729,0,0,0,0,0,0,0,0,0,0,0,778,0,1,1,1,1,0.729929745,-0.383616553,0.727626224,-0.451292977,0.720083227,-0.46590304,0.729929745,-0.383616553,0.727811477,-0.420045618,0.721955206,-0.342262702,0.729929745,-0.383616553,0.190097729,1.246414154,,,0.918972109,,,0.905374469,,,0.902465503,,,0.918972109,,,0.911627547,,,0.927381308,,,0.918972109,,,0.000443409,0.000317676,0.000330709,0.000443409,0.000340062,0.000416468,0.000443409,46.64022197,46.64022197,15.62941876,3,,15.62941876,36.77587931,36.77587931,,15.62941876,2,,4.413732762,4.413732762,15.62941876,0,35.9649932,35.9649932,15.62941876,2,,26.95889558,26.95889558,15.62941876,2,,31.89060341,31.89060341,15.62941876,2,,11.32447016,11.32447016,15.62941876,1,,0.732192417,-0.326217123,0.764174444,-11.10406543,0.930664817,0.086648043,0.00055858,0.001936572,45.55782871,45.55782871,15.62941876,3,,171.958248,-606.041752,16.41218633,-37,,1,,,,,,,,,,0.006898203,0.006364542,0.0,0.004598802,0.005513698,0.003660742,0.004988326,-37.0,0.002299401,,,,0.01606963,0.0,0.0,0.0,0.0,0.0,0.0,0.0,-607.2508941,0.0,1.0
34.0,0,0,0,0,0,0.612244898,0.387755102,0.564265818,0.934700712,0.294792389,0,0,0,0,0,0,0,0,0,0,0,0,0,1,1,1,1,0.57413269,-0.105154526,0.572567197,-0.122725819,0.676502133,-0.351152491,0.57413269,-0.105154526,0.572444773,-0.11390004,0.568083781,-0.090250862,0.57413269,-0.105154526,0.294792389,1.351108814,0.0,0.0,0.968851733,0.0,0.0,0.963742303,0.0,0.0,0.899720811,0.0,0.0,0.968851733,0.0,0.0,0.966305311,0.0,0.0,0.973206689,0.0,0.0,0.968851733,0.0,0.0,0.000615964,0.000466943,0.000458921,0.000615964,0.000497868,0.000591135,0.000615964,64.79048114,64.79048114,32.48804776,2,0.0,0.0,54.0558366,54.0558366,0.0,32.48804776,2,0.0,6.124883131,6.124883131,32.48804776,0,49.96093748,49.96093748,32.48804776,2,0.0,39.46916704,39.46916704,32.48804776,1,0.0,45.26558725,45.26558725,32.48804776,1,0.0,15.73144037,15.73144037,32.48804776,0,0.0,0.575774988,-0.090216139,0.600240259,-9.93028028,0.973216858,0.05037423,0.000741679,0.001517488,60.49139734,60.49139734,32.48804776,2,0.0,134.7456137,134.7456137,32.57904684,4,0.0,1,0.0,0.0,0.0,0.0,0.0,0.0,0.0,0.0,0.0,0.000345546,0.000470676,0.0,0.000345546,0.000202707,0.000127269,0.000254342,4.0,0.0,0.0,0.0,0.0,0.008567937,0.0,0.0,0.0,0.0,0.0,0.0,0.0,130.3161874,0.0,1.0
109.0,0,0,0,0,0,0.218887555,0.781112445,0.265021886,0.182921725,0.412893785,0,0,0,0,0,0,0,0,0,0,0,0,0,1,1,1,1,0.253402179,0.424410556,0.25526274,0.500724293,0.215947663,0.685978188,0.253402179,0.424410556,0.255252077,0.46555552,0.260386626,0.381245287,0.253402179,0.424410556,0.412893785,1.46921021,,,1.177367889,,,1.212447623,,,1.302014848,,,1.177367889,,,1.196153319,,,1.157977081,,,1.177367889,,,0.000996956,0.000821442,0.000936397,0.000996956,0.000862014,0.000962618,0.000996956,104.8654005,104.8654005,105.4850099,1,,0.0,95.09452054,95.09452054,,105.7314264,1,,12.49740317,12.49740317,106.1663346,0,80.86332474,80.86332474,105.4850099,1,,68.33728802,68.33728802,105.5710902,1,,73.71150408,73.71150408,105.157798,1,,25.46182348,25.46182348,105.4850099,0,,0.251554439,0.359940202,0.228455919,-7.268267226,1.148524401,0.061036453,0.001121771,0.002507278,91.49177671,91.49177671,105.2310267,1,,222.6342099,222.6342099,104.3296836,2,,1,,,,,,,,,,0.002814443,0.003917575,0.0,0.002814443,0.003386593,0.002271062,0.002024327,1.65086589,0.0,,,,0.0,0.0,0.0,0.0,0.0,0.0,0.0,0.0,208.6593671,0.0,1.0
87.90000153,1,1,1,1,1,0.68587435,0.31412565,0.777556705,0.771033905,0.707044889,0,0,2637,0,2637,0,88,88,88,967,88,88,2637,1,1,1,1,0.755703426,-0.448295888,0.759402443,-0.546877881,0.7432754,-0.53676275,0.755703426,-0.448295888,0.759179534,-0.50775514,0.76896945,-0.454859046,0.755703426,-0.448295888,0.707044889,1.763361314,0.0,0.0,0.775472148,0.0,0.0,0.733299497,0.0,0.0,0.737518913,0.0,0.0,0.775472148,0.0,0.0,0.749754247,0.0,0.0,0.772590613,0.0,0.0,0.775472148,0.0,0.0,0.001225717,0.001031108,0.001120915,0.001225717,0.001122041,0.001271964,0.001225717,128.9277625,128.9277625,84.55635717,2,0.0,-90.45474438,119.366548,-2517.633452,0.0,90.33174892,-28,0.0,14.96002179,14.96002179,84.55635717,0,99.41818253,11.41818253,84.55635717,0,0.0,88.9512774,0.951277403,84.55635717,0,0.0,97.39934499,-869.600655,90.43806556,-10,0.0,31.30428068,-56.69571932,90.45474438,-1,0.0,0.75209548,-0.367929142,0.706226054,-10.68914917,0.811640769,0.002327132,0.001360821,0.000187834,110.9887188,22.98871883,84.55635717,0,0.0,16.67873342,-71.32126658,86.21873544,-1,0.0,0,0.0,0.0,0.0,0.0,0.0,0.0,0.0,0.0,0.0,0.006280288,-0.130845495,0.0,0.0,0.0,-0.032327618,0.0,-1.0,-0.003140144,0.0,0.0,0.0,0.0,0.0,0.0,0.0,0.0,0.0,0.0,0.0,-86.21873544,0.0,1.0
109.3300018,1,1,1,1,1,0.421368547,0.578631453,0.456426582,0.211804102,0.136908175,0,0,219,0,219,0,0,0,0,0,0,656,219,1,1,1,1,0.448055925,0.073054286,0.449106096,0.085372238,0.317700081,0.365308605,0.448055925,0.073054286,0.449526209,0.078705598,0.453046076,0.061782646,0.448055925,0.073054286,0.136908175,1.1932246,0.0,0.0,1.012989364,0.0,0.0,1.015196112,0.0,0.0,1.066663119,0.0,0.0,1.012989364,0.0,0.0,1.014001194,0.0,0.0,1.010974265,0.0,0.0,1.012989364,0.0,0.0,0.000421048,0.000299176,0.00032688,0.000421048,0.000317643,0.000385606,0.000421048,44.28817345,44.28817345,102.6668278,0,0.0,0.0,34.6341978,-184.3658022,0.0,119.2581573,-2,0.0,4.362626081,4.362626081,103.8269673,0,34.15129238,34.15129238,102.6668278,0,0.0,25.18157441,25.18157441,102.6668278,0,0.0,29.52737996,29.52737996,102.6668278,0,0.0,10.75338148,10.75338148,102.6668278,0,0.0,0.446824833,0.06274813,0.428576771,-8.701152539,1.011146713,0.214995044,0.000533367,0.004088875,43.50147024,43.50147024,102.6668278,0,0.0,363.0723891,-292.9276109,105.6204024,-3,0.0,1,0.0,0.0,0.0,0.0,0.0,0.0,0.0,0.0,0.0,0.0,-0.000227763,0.0,0.0,0.0,0.0,0.0,-3.0,0.0,0.0,0.0,0.0,0.0,0.0,0.0,0.0,0.0,0.0,0.0,0.0,-316.8612073,0.0,1.0
206.2799988,0,0,0,0,0,0.637855142,0.362144858,0.660962992,0.728756802,0.095145485,0,0,0,0,0,0,0,0,0,0,0,619,0,1,1,1,1,0.655860026,-0.234790262,0.656785085,-0.282067477,0.675363907,-0.348407397,0.655860026,-0.234790262,0.656670412,-0.2620161,0.658996456,-0.22516549,0.655860026,-0.234790262,0.095145485,1.151461909,0.0,0.0,0.96742921,0.0,0.0,0.961000219,0.0,0.0,0.952050959,0.0,0.0,0.96742921,0.0,0.0,0.963721671,0.0,0.0,0.968743294,0.0,0.0,0.96742921,0.0,0.0,0.000355983,0.000245581,0.000252106,0.000355983,0.000261756,0.000323353,0.000355983,37.44429959,37.44429959,196.7805083,0,0.0,0.0,28.42972846,28.42972846,0.0,196.7805083,0,0.0,3.364675261,3.364675261,196.7805083,0,28.87387589,28.87387589,196.7805083,0,0.0,20.75107326,20.75107326,196.7805083,0,0.0,24.76041014,24.76041014,196.7805083,0,0.0,9.091655993,9.091655993,196.7805083,0,0.0,0.654976309,-0.195625043,0.643462131,-10.2397532,0.972787651,0.235949716,0.000461761,0.003933047,37.66126664,37.66126664,196.7805083,0,0.0,349.2356012,-269.7643988,205.0903377,-1,0.0,1,0.0,0.0,0.0,0.0,0.0,0.0,0.0,0.0,0.0,0.0,0.0,0.0,0.0,0.0,0.0,0.0,-1.0,0.0,0.0,0.0,0.0,0.0,0.0,0.0,0.0,0.0,0.0,0.0,0.0,-205.0903377,0.0,1.0
72.75,0,0,0,0,0,0.302120848,0.697879152,0.325109431,0.408120553,0.348413685,0,0,0,0,0,0,0,0,0,0,0,218,0,1,1,1,1,0.319883414,0.278955897,0.320826141,0.330697225,0.341368215,0.309242873,0.319883414,0.278955897,0.320706816,0.307700965,0.323085555,0.255719287,0.319883414,0.278955897,0.348413685,1.404730109,,,1.099440947,,,1.118944535,,,1.110815803,,,1.099440947,,,1.110233877,,,1.090793017,,,1.099440947,,,0.000798503,0.000633489,0.000664619,0.000798503,0.000668491,0.000766503,0.000798503,83.99096311,83.99096311,70.95554387,1,,0.0,73.33602885,73.33602885,,71.00150382,1,,8.870183473,8.870183473,70.9693765,0,64.76672472,64.76672472,70.95554387,1,,52.99553942,52.99553942,70.9686817,1,,58.69422653,58.69422653,70.92629473,1,,20.39340972,20.39340972,70.95554387,0,,0.318986475,0.235392412,0.307545269,-7.834554882,1.083283795,0.069771072,0.000926393,0.00242745,75.55671057,75.55671057,70.93657615,1,,215.5458614,-2.454138646,72.60172889,0,,1,,,,,,,,,,0.001215881,0.00170876,0.0,0.001215881,0.001479373,0.001021756,0.000865775,0.0,0.0,,,,0.0,0.0,0.0,0.0,0.0,0.0,0.0,0.0,0.0,0.0,1.0
207.3899994,1,1,1,1,1,0.914365746,0.085634254,0.981695185,0.894097949,0.57120019,622,0,0,0,0,0,415,830,415,0,207,207,622,1,1,1,1,0.966249495,-2.676016414,0.968825094,-3.345874118,0.927424359,-2.021527671,0.966249495,-2.676016414,0.968754984,-3.106624753,0.975652879,-3.008189804,0.966249495,-2.676016414,0.57120019,1.627516615,,,0.271615453,,,0.196002917,,,0.373590211,,,0.271615453,,,0.220226644,,,0.231042224,,,0.271615453,,,0.000326369,0.00019998,0.000408743,0.000326369,0.000239084,0.000281742,0.000326369,34.32925781,-587.6707422,209.2709536,-3,,-418.5419073,23.15077082,23.15077082,,197.9945553,0,,5.455184628,5.455184628,197.9945553,0,26.47181921,-803.5281808,209.2709536,-4,,18.95367272,-396.0463273,208.9065067,-2,,21.57413498,21.57413498,197.9945553,0,,8.33530887,-406.6646911,209.2709536,-2,,0.963690875,-2.146583055,0.929802576,-12.28997942,0.351514379,0.002513951,0.00046483,0.000150818,37.91156794,-169.0884321,210.0081574,-1,,13.39188851,-193.6081115,206.0983596,-1,,0,,,,,,,,,,-0.335674868,0.0,0.0,-0.44756649,-0.301597417,0.0,-0.071997169,-1.0,-0.223783245,,,,-3.585120998,0.0,0.0,0.0,0.0,0.0,0.0,0.0,-206.0983596,0.0,1.0
62.75,1,1,1,1,1,0.855542217,0.144457783,0.892558695,0.464629552,0.421952518,0,0,0,0,0,0,0,0,0,0,0,0,0,1,1,1,1,0.883804029,-1.042988653,0.884709165,-1.253550257,0.66570728,-0.325542725,0.883804029,-1.042988653,0.885420729,-1.172186024,0.888982556,-1.019569417,0.883804029,-1.042988653,0.421952518,1.478268943,,,0.665195151,,,0.612640235,,,0.880517513,,,0.665195151,,,0.632437153,,,0.671312248,,,0.665195151,,,0.000575232,0.000425403,0.000649422,0.000575232,0.000467126,0.00057105,0.000575232,60.5060566,60.5060566,59.88959027,1,,0.0,49.24688349,49.24688349,,59.88959027,1,,8.667360372,8.667360372,59.88959027,0,46.65715176,46.65715176,59.88959027,1,,37.03203154,37.03203154,59.88959027,1,,43.72759709,43.72759709,59.88959027,1,,14.69116149,14.69116149,59.88959027,0,,0.882593148,-0.866289405,0.862890523,-11.81088244,0.712761745,0.009886941,0.000708945,0.000415485,57.82163724,57.82163724,59.88959027,1,,36.89305971,36.89305971,60.52276825,1,,1,,,,,,,,,,0.016997271,0.024552941,0.0,0.016997271,0.021469064,0.016242528,0.011725896,1.0,0.0,,,,0.0,0.0,0.0,0.0,0.0,0.0,0.0,0.0,60.52276825,0.0,1.0
72.51000214,1,1,1,1,1,0.339735894,0.660264106,0.416633506,0.039765592,0.608154113,0,0,435,0,435,0,0,435,0,0,363,0,435,1,1,1,1,0.395067252,0.15141622,0.395974721,0.178988393,0.093923002,1.630707837,0.395067252,0.15141622,0.399333145,0.16068697,0.407220453,0.124504085,0.395067252,0.15141622,0.608154113,1.664470538,0.0,0.0,1.080201541,0.0,0.0,1.095483538,0.0,0.0,2.29528538,0.0,0.0,1.080201541,0.0,0.0,1.085315956,0.0,0.0,1.065490986,0.0,0.0,1.080201541,0.0,0.0,0.001401541,0.001222764,0.002753397,0.001401541,0.00128908,0.001413256,0.001401541,147.4219196,147.4219196,68.3619139,2,0.0,68.3619139,141.5537087,-293.4462913,0.0,78.15376473,-4,0.0,36.74755506,36.74755506,70.63295909,1,113.6793118,-321.3206882,78.15376473,-4,0.0,102.1935258,102.1935258,68.39427903,1,0.0,108.2186887,108.2186887,68.23505174,2,0.0,35.79475095,35.79475095,68.3619139,1,0.0,0.392768476,0.129975742,0.350571047,-8.142623752,1.068465557,0.015784538,0.001510018,0.001029001,123.1572467,-239.8427533,78.15376473,-3,0.0,91.37031823,91.37031823,68.48816364,1,0.0,1,0.0,0.0,0.0,0.0,0.0,0.0,0.0,0.0,0.0,0.000716465,-0.002002303,0.041550126,-0.001432929,0.000403442,0.000484415,-0.000791892,1.0,0.000358232,0.0,0.0,0.0,0.272873948,0.0,0.0,0.0,0.0,0.0,0.0,0.0,68.48816364,0.0,1.0
33.93000031,1,1,1,1,1,0.947979192,0.052020808,0.918822125,0.817078275,0.76750389,0,68,0,0,68,0,0,204,204,0,0,34,68,1,1,1,1,0.924906757,-1.52438016,0.923759008,-1.796576086,0.888383076,-1.397084594,0.924906757,-1.52438016,0.923939438,-1.673497238,0.92113721,-1.372515807,0.924906757,-1.52438016,0.76750389,1.823820314,,,0.400095939,,,0.339723737,,,0.431902781,,,0.400095939,,,0.365803,,,0.438326788,,,0.400095939,,,0.000709675,0.000546671,0.000753724,0.000709675,0.000626558,0.000818736,0.000709675,74.64757691,74.64757691,31.29252213,2,,31.29252213,63.2855765,-4.714423497,,34.78297656,0,,10.05940049,10.05940049,31.29252213,0,57.56189578,-146.4381042,34.90408933,-4,,49.67123616,-154.3287638,34.82315235,-4,,62.69391757,62.69391757,31.29252213,2,,18.12479062,18.12479062,31.29252213,1,,0.925992618,-1.2935974,0.940459509,-12.36628413,0.459615113,0.000592409,0.000851494,5.42e-05,69.44788949,69.44788949,31.29252213,2,,4.810062705,-29.1899373,33.57460627,-1,,1,,,,,,,,,,0.072616715,0.0,0.0,-0.14523343,-0.175037063,0.058868739,0.05229357,-1.0,0.036308357,,,,0.000340357,0.0,0.0,0.0,0.0,0.0,0.0,0.0,-33.57460627,0.0,1.0
1129.300049,1,1,1,1,1,0.808723489,0.191276511,0.906088341,0.66722478,0.629201742,0,0,1129,0,1129,0,0,0,1129,0,1129,0,1129,1,1,1,1,0.882909067,-1.035504187,0.886614657,-1.273166407,0.777179688,-0.658090668,0.882909067,-1.035504187,0.88668035,-1.184305677,0.896927473,-1.090807545,0.882909067,-1.035504187,0.629201742,1.685518167,0.0,0.0,0.582393576,0.0,0.0,0.514435113,0.0,0.0,0.709232846,0.0,0.0,0.582393576,0.0,0.0,0.538862923,0.0,0.0,0.565818907,0.0,0.0,0.582393576,0.0,0.0,0.000788827,0.000603813,0.000895769,0.000788827,0.000673061,0.000786653,0.000788827,82.97321124,82.97321124,1085.769903,0,0.0,0.0,69.90057684,-1059.099423,0.0,1146.563388,-1,0.0,11.95516665,11.95516665,1085.769903,0,63.98192059,63.98192059,1085.769903,0,0.0,53.35777615,-1075.642224,1146.908603,-1,0.0,60.23714121,60.23714121,1085.769903,0,0.0,20.14629467,20.14629467,1085.769903,0,0.0,0.879169957,-0.843052308,0.830044744,-11.57570337,0.643949562,0.002373564,0.000944566,0.0001621,77.03886784,-1051.961132,1151.425676,-1,0.0,14.39369686,14.39369686,1096.077568,0,0.0,1,0.0,0.0,0.0,0.0,0.0,0.0,0.0,0.0,0.0,0.0,-0.025327386,0.0,0.0,-0.021915311,0.0,-0.011105269,0.0,0.0,0.0,0.0,0.0,0.0,0.0,0.0,0.0,0.0,0.0,0.0,0.0,0.0,0.0,1.0
64.15000153,1,1,1,1,1,0.790716287,0.209283713,0.693593315,0.739221432,0.29198382,0,0,0,0,0,0,0,0,0,0,0,0,0,1,1,1,1,0.712550083,-0.34451751,0.70921988,-0.402527546,0.739063891,-0.523266881,0.712550083,-0.34451751,0.709381562,-0.374613652,0.700801302,-0.299618544,0.712550083,-0.34451751,0.29198382,1.348300245,0.0,0.0,0.90216555,0.0,0.0,0.886660401,0.0,0.0,0.85523795,0.0,0.0,0.90216555,0.0,0.0,0.894087788,0.0,0.0,0.91435222,0.0,0.0,0.90216555,0.0,0.0,0.000569499,0.000426034,0.000432526,0.000569499,0.000456837,0.000551076,0.000569499,59.90311718,59.90311718,61.77542712,1,0.0,0.0,49.32001779,49.32001779,0.0,61.77542712,1,0.0,5.77260415,5.77260415,61.77542712,0,46.19221588,46.19221588,61.77542712,1,0.0,36.21638569,36.21638569,61.77542712,1,0.0,42.19808393,42.19808393,61.77542712,1,0.0,14.5447649,14.5447649,61.77542712,0,0.0,0.715876538,-0.295023636,0.764634611,-11.10736028,0.915608638,0.036175399,0.00069349,0.001081398,56.56112886,56.56112886,61.77542712,1,0.0,96.02289745,96.02289745,62.17905535,2,0.0,1,0.0,0.0,0.0,0.0,0.0,0.0,0.0,0.0,0.0,0.001854567,0.002531694,0.0,0.001854567,0.00219274,0.001402676,0.001359984,2.0,0.0,0.0,0.0,0.0,0.0,0.0,0.0,0.0,0.0,0.0,0.0,0.0,124.3581107,0.0,1.0
164.75,1,1,1,1,1,0.788315326,0.211684674,0.957421409,0.335286731,0.55636429,0,0,659,0,659,0,0,0,0,0,0,0,659,1,1,1,1,0.914004863,-1.362979882,0.920031355,-1.727799896,0.554187556,-0.098405978,0.914004863,-1.362979882,0.921216742,-1.626187317,0.939809606,-1.696657026,0.914004863,-1.362979882,0.55636429,1.612680715,0.0,0.0,0.5213336,0.0,0.0,0.437923155,0.0,0.0,0.95406068,0.0,0.0,0.5213336,0.0,0.0,0.45971369,0.0,0.0,0.444489557,0.0,0.0,0.5213336,0.0,0.0,0.000607111,0.000430735,0.001005367,0.000607111,0.000481108,0.000523758,0.000607111,63.8593045,63.8593045,157.1593444,0,0.0,0.0,49.86418197,-609.135818,0.0,166.8376943,-4,0.0,13.41788624,13.41788624,157.1593444,0,49.24289284,49.24289284,157.1593444,0,0.0,38.14047489,38.14047489,157.1593444,0,0.0,40.10624247,40.10624247,157.1593444,0,0.0,15.5053462,15.5053462,157.1593444,0,0.0,0.907510935,-1.074197043,0.821483944,-11.51440719,0.59848343,0.00407571,0.000770242,0.000236363,62.82104688,62.82104688,157.1593444,0,0.0,20.98789575,20.98789575,159.2489639,0,0.0,1,0.0,0.0,0.0,0.0,0.0,0.0,0.0,0.0,0.0,0.0,-0.18658078,0.0,0.0,0.0,0.0,0.0,0.0,0.0,0.0,0.0,0.0,0.0,0.0,0.0,0.0,0.0,0.0,0.0,0.0,0.0,0.0,1.0
71.18000031,1,1,1,1,1,0.599839936,0.400160064,0.781933943,0.812055253,0.718854355,0,0,0,0,0,0,0,0,0,71,0,0,0,1,1,1,1,0.733769906,-0.392706334,0.741717178,-0.491676904,0.720833097,-0.46807045,0.733769906,-0.392706334,0.741198004,-0.455681824,0.762612503,-0.437830848,0.733769906,-0.392706334,0.718854355,1.77517078,,,0.798218554,,,0.754144172,,,0.764430586,,,0.798218554,,,0.769884894,,,0.777812607,,,0.798218554,,,0.001290803,0.001089119,0.001194051,0.001290803,0.001183377,0.001312969,0.001290803,135.7738286,135.7738286,68.36724985,2,,0.0,126.0822218,126.0822218,,68.36724985,2,,15.93611043,15.93611043,68.36724985,0,104.6972895,104.6972895,68.36724985,2,,93.8137628,93.8137628,68.36724985,1,,100.5393268,29.5393268,68.36724985,0,,32.96653845,32.96653845,68.36724985,0,,0.726122919,-0.314327115,0.636093975,-10.18699647,0.834943457,0.002890624,0.001427833,0.000239151,116.4542122,116.4542122,68.36724985,2,,21.23550029,21.23550029,69.08184577,0,,1,,,,,,,,,,0.004819321,0.007554568,0.0,0.004819321,0.003244468,0.0,0.003087548,0.0,0.0,,,,1.037316338,0.0,0.0,0.0,0.0,0.0,0.0,0.0,0.0,0.0,1.0
53.33000183,0,0,0,0,0,0.026359143,0.973640857,0.020358306,0.240942029,0.439235336,107,0,160,0,160,0,53,0,0,0,0,373,267,1,1,1,1,0.021424952,3.421667646,0.021247018,4.098850463,0.033834331,3.447783795,0.021424952,3.421667646,0.021238615,3.811442134,0.020761481,3.254600953,0.021424952,3.421667646,0.439235336,1.495551761,,,3.963806643,,,5.205770267,,,4.00569245,,,3.963806643,,,4.637090867,,,3.706030262,,,3.963806643,,,0.00356673,0.003786838,0.003098587,0.00356673,0.00358819,0.003292762,0.00356673,375.1685121,268.1685121,52.80348705,5,,52.80348705,438.3845762,278.3845762,,53.13412102,5,,41.35454434,41.35454434,52.81329834,1,289.2982155,289.2982155,52.80348705,5,,284.4585247,284.4585247,52.98274787,5,,252.1399823,252.1399823,52.63936431,5,,91.09271874,38.09271874,52.80348705,1,,0.02161141,2.85780458,0.024637184,-5.808904703,3.15899094,0.096515051,0.003252095,0.004234201,265.2412056,265.2412056,52.66351851,5,,375.9766986,2.976698649,48.92771384,0,,1,,,,,,,,,,0.914672615,1.312544931,0.185737705,0.914672615,1.134928995,0.827533388,0.638050548,0.0,0.182934523,,,,0.0,52.80348705,53.13412102,0.0,52.80348705,52.98274787,52.63936431,52.66351851,0.0,0.0,1.0
49.29999924,1,1,1,1,1,0.819527811,0.180472189,0.994031039,0.056927585,0.40376746,0,0,0,0,0,0,0,542,542,789,345,444,0,1,1,1,1,0.941462324,-1.848754733,0.939179577,-2.143617646,0.143858092,1.092131112,0.941462324,-1.848754733,0.953399867,-2.41291476,0.969692325,-2.670645467,0.941462324,-1.848754733,0.40376746,1.460083885,,,0.496713256,,,0.44425961,,,1.511896696,,,0.496713256,,,0.401208718,,,0.363919354,,,0.496713256,,,0.000411732,0.000293578,0.001059916,0.000411732,0.000282008,0.000295547,0.000411732,43.30826821,43.30826821,47.03723656,1,,0.0,33.98616101,33.98616101,,47.03723656,1,,14.14590795,14.14590795,48.37529896,0,33.39567236,-508.6043276,49.81954249,-10,,22.35657987,-519.6434201,49.7237872,-10,,22.63120239,-766.3687976,49.66197285,-15,,10.51545577,10.51545577,47.03723656,0,,0.937852802,-1.482516789,0.834504961,-11.60763897,0.570567645,0.012358386,0.00054709,0.000496089,44.6207016,-300.3792984,49.96591725,-6,,44.05028306,-399.9497169,49.05671772,-8,,1,,,,,,,,,,0.053404595,0.071798385,0.0,-0.534045947,-0.909712131,-1.671643878,-0.206049003,-8.0,0.0,,,,0.033379702,0.0,0.0,0.0,-49.81954249,-49.7237872,-99.3239457,0.0,-392.4537418,0.0,1.0
4.090000153,1,1,1,1,1,0.734693878,0.265306122,0.786709113,0.111762244,0.326724871,683,20,0,0,20,0,0,0,86,0,0,694,703,1,1,1,1,0.772114753,-0.494708723,0.77119422,-0.586989281,0.248505937,0.564002266,0.772114753,-0.494708723,0.775610479,-0.560416717,0.780003487,-0.486091244,0.772114753,-0.494708723,0.326724871,1.383041296,,,0.851780364,,,0.826668288,,,1.200691241,,,0.851780364,,,0.833822536,,,0.854164008,,,0.851780364,,,0.000586571,0.000439768,0.000673993,0.000586571,0.000471732,0.000566251,0.000586571,61.69881102,-621.301189,4.287255089,-145,,15.00185718,50.90991545,30.90991545,,3.750464295,8,,8.995289549,8.995289549,3.918319631,2,47.57690305,47.57690305,3.750464295,13,,37.39720235,-48.60279765,4.279485507,-11,,43.36013322,43.36013322,3.750464295,12,,14.980768,14.980768,3.750464295,4,,0.771191024,-0.412619723,0.738970249,-10.92360088,0.874759445,0.028944967,0.000714386,0.000950685,58.26535987,58.26535987,3.750464295,16,,84.41629095,-609.583709,4.008091054,-152,,1,,,,,,,,,,-0.554481632,0.043069552,0.00994058,0.049712146,-0.053980248,0.044303381,0.042563759,-152.0,0.015296045,,,,0.002369347,-4.287255089,0.0,0.0,0.0,0.0,0.0,0.0,-609.2298401,0.0,1.0
371.1499939,1,1,1,1,1,0.870348139,0.129651861,0.81138082,0.637505232,0.590033641,0,0,0,0,0,0,0,0,0,1113,0,0,0,1,1,1,1,0.823312512,-0.678437643,0.821048157,-0.797780481,0.754825689,-0.575405639,0.823312512,-0.678437643,0.821402523,-0.743384773,0.815898403,-0.606316945,0.823312512,-0.678437643,0.590033641,1.646350065,,,0.713022442,,,0.671835312,,,0.750605796,,,0.713022442,,,0.6903045,,,0.739126767,,,0.713022442,,,0.00089114,0.00071776,0.000860901,0.00089114,0.000784745,0.000941,0.00089114,93.73505491,93.73505491,352.8504739,0,,0.0,83.09172242,83.09172242,,352.8504739,0,,11.48980272,11.48980272,352.8504739,0,72.28054393,72.28054393,352.8504739,0,,62.21172237,62.21172237,352.8504739,0,,72.05611007,-1040.94389,383.0861204,-3,,22.75932206,22.75932206,352.8504739,0,,0.825461579,-0.576953851,0.854699575,-11.75223443,0.750026644,0.002853517,0.001026178,0.000178636,83.69513869,83.69513869,352.8504739,0,,15.86203946,15.86203946,354.9516007,0,,1,,,,,,,,,,0.0,0.0,0.0,0.0,0.0,-0.017232199,0.0,0.0,0.0,,,,0.0,0.0,0.0,0.0,0.0,0.0,0.0,0.0,0.0,0.0,1.0
133.4499969,1,1,1,1,1,0.672268908,0.327731092,0.79068842,0.703223106,0.744645869,0,0,0,0,0,0,0,0,667,801,667,0,0,1,1,1,1,0.761614374,-0.464484097,0.766436491,-0.570454777,0.718183286,-0.460445182,0.761614374,-0.464484097,0.76622541,-0.529682807,0.779182894,-0.483690189,0.761614374,-0.464484097,0.744645869,1.800962294,0.0,0.0,0.760890509,0.0,0.0,0.714901435,0.0,0.0,0.762700671,0.0,0.0,0.760890509,0.0,0.0,0.732257107,0.0,0.0,0.752341333,0.0,0.0,0.760890509,0.0,0.0,0.001292661,0.001093783,0.001263931,0.001292661,0.001192463,0.001340452,0.001292661,135.9693227,135.9693227,126.8214477,1,0.0,0.0,126.6221916,126.6221916,0.0,126.8214477,1,0.0,16.86874491,16.86874491,126.8214477,0,104.848038,104.848038,126.8214477,1,0.0,94.53411933,-572.4658807,138.1849512,-4,0.0,102.6437795,-698.3562205,138.2687661,-5,0.0,33.01400536,33.01400536,126.8214477,0,0.0,0.756891348,-0.378681031,0.697682842,-10.62797892,0.800286051,0.001925317,0.001428283,0.000168023,116.4908679,-550.5091321,138.8121041,-4,0.0,14.91965144,14.91965144,128.380107,0,0.0,1,0.0,0.0,0.0,0.0,0.0,0.0,0.0,0.0,0.0,0.003371023,0.005084666,0.0,0.003371023,-0.017535242,-0.018277828,-0.008962458,0.0,0.0,0.0,0.0,0.0,0.0,0.0,0.0,0.0,0.0,0.0,0.0,0.0,0.0,0.0,1.0
68.80999756,0,0,0,0,0,0.539815926,0.460184074,0.321925985,0.89577229,0.063025843,0,0,0,0,0,0,0,0,0,0,0,482,0,1,1,1,1,0.352867459,0.219707403,0.347257229,0.273651838,0.501068565,-0.001923423,0.352867459,0.219707403,0.347369476,0.254199405,0.333254646,0.23815756,0.352867459,0.219707403,0.063025843,1.119342268,0.0,0.0,1.025079415,0.0,0.0,1.031332701,0.0,0.0,0.999783174,0.0,0.0,1.025079415,0.0,0.0,1.029073373,0.0,0.0,1.027213896,0.0,0.0,1.025079415,0.0,0.0,0.000342411,0.000235348,0.000235751,0.000342411,0.000249571,0.000308406,0.000342411,36.01667428,36.01667428,65.74783101,1,0.0,0.0,27.24513959,27.24513959,0.0,66.05489729,0,0.0,3.146396333,3.146396333,64.78351739,0,27.77301203,27.77301203,65.74783101,0,0.0,19.78504244,19.78504244,66.0273494,0,0.0,23.61586158,23.61586158,65.77879913,0,0.0,8.745021702,8.745021702,65.74783101,0,0.0,0.358671236,0.176031322,0.463950525,-8.954432154,1.020044233,0.364388785,0.000445286,0.005470165,36.31752714,36.31752714,65.53635521,1,0.0,485.7243209,3.724320858,65.60178304,0,0.0,1,0.0,0.0,0.0,0.0,0.0,0.0,0.0,0.0,0.0,0.00075424,0.0,0.0,0.0,0.0,0.0,0.000484172,0.0,0.0,0.0,0.0,0.0,0.0,0.0,0.0,0.0,0.0,0.0,0.0,0.0,0.0,0.0,1.0
11.44999981,1,1,1,1,1,0.577430972,0.422569028,0.54436928,0.430724152,0.601569614,0,0,574,0,574,0,103,654,390,494,448,0,574,1,1,1,1,0.551108,-0.071859642,0.549817582,-0.083539292,0.506317891,-0.011373565,0.551108,-0.071859642,0.550036063,-0.078012625,0.546920352,-0.061737883,0.551108,-0.071859642,0.601569614,1.657886039,,,0.964323787,,,0.958646648,,,0.994266669,,,0.964323787,,,0.961328823,,,0.969270866,,,0.964323787,,,0.001234345,0.001053193,0.001173484,0.001234345,0.001123835,0.001266691,0.001234345,129.8353136,129.8353136,10.74522366,12,,-72.81222457,121.9232361,-452.0767639,,12.13537076,-37,,15.66162222,15.66162222,10.74522366,1,100.1180092,-553.8819908,12.13537076,-46,,89.09353211,-300.9064679,12.13537076,-25,,96.99556882,-397.0044312,12.13537076,-33,,31.52463846,-71.47536154,12.13537076,-6,,0.552324739,-0.061727789,0.568692658,-9.7043963,0.969275813,0.007402091,0.001353855,0.000475518,110.4205267,-337.5794733,12.13537076,-28,,42.22371891,42.22371891,10.84974868,4,,0,,,,,,,,,,0.000968214,-0.004034626,2.02e-06,-0.003711487,-0.002377332,-0.001965339,-0.001667015,4.0,-0.000484107,,,,-0.207359812,0.0,0.0,0.0,0.0,0.0,0.0,0.0,43.3989947,0.0,1.0
0.527499974,0,0,0,0,0,0.23785872,0.76214128,0.174698795,0.206815511,-0.102932496,0,0,0,0,0,0,4,0,0,0,0,0,0,0,0,0,0,0.18536203,0.6419543,0.183441537,0.775290637,0.203317829,0.740830127,0.18536203,0.6419543,0.183530236,0.720385988,0.178673362,0.62763739,0.18536203,0.6419543,-0.056316425,1.0,,,1.0,,,1.0,,,1.0,,,1.0,,,1.0,,,1.0,,,1.0,,,0.0,0.0,0.0,0.0,0.0,0.0,0.0,0.0,0.0,0.527499974,0,,-3.875901748,0.0,0.0,,0.528421919,0,,0.0,0.0,0.528304023,0,0.0,0.0,0.527499974,0,,0.0,0.0,0.528174807,0,,0.0,0.0,0.526834472,0,,0.0,-4.0,0.645983625,-6,,0.187304295,0.531862371,0.218617567,-7.197823642,1.0,1.0,0.0,0.0,0.0,0.0,0.526808779,0,,0.0,0.0,0.521296026,0,,0,,,,,,,,,,0.0,0.0,0.0,0.0,0.0,0.0,0.0,0.0,-0.038634874,,,,0.073463097,0.0,0.0,0.0,0.0,0.0,0.0,0.0,0.0,0.0,1.0
4.360000134,1,1,1,1,1,0.446428571,0.553571429,0.460405889,0.073670992,0.53253149,205,1373,846,0,2219,0,318,929,1339,1059,872,100,2424,1,1,1,1,0.455896515,0.061885909,0.454909161,0.075510335,0.160262653,0.975154449,0.455896515,0.061885909,0.457221675,0.066560999,0.458139001,0.055005985,0.455896515,0.061885909,0.53253149,1.588847915,,,1.029068211,,,1.035580333,,,1.570674985,,,1.029068211,,,1.031298155,,,1.025795363,,,1.029068211,,,0.001138892,0.000959677,0.001557127,0.001138892,0.001016829,0.00114319,0.001138892,119.7949999,-85.20500011,4.948507151,-17,,-287.0134147,111.0973913,-2107.902609,,4.948507151,-426,,20.7818197,20.7818197,4.141888558,5,92.3757687,-836.6242313,4.948507151,-169,,80.61047618,-1258.389524,4.948507151,-254,,87.53860363,-971.4613964,4.948507151,-196,,29.08680201,-288.913198,4.948507151,-58,,0.45592176,0.051874252,0.445561961,-8.822768194,1.024309016,0.016822759,0.001261424,0.000923298,102.8818264,-769.1181736,4.948507151,-155,,81.98441078,-18.01558922,4.326906003,-4,,0,,,,,,,,,,-0.001017308,-0.037952677,0.074291109,-0.010113239,-0.017583017,-0.009266079,-0.006517115,-4.0,-0.003470816,,,,-0.154030719,0.0,0.0,0.0,0.0,0.0,0.0,0.0,-17.30762401,0.0,1.0
133.8200073,0,0,0,0,0,0.386154462,0.613845538,0.369279745,0.611552951,0.581185238,0,0,134,0,134,0,0,0,0,0,0,0,134,1,1,1,1,0.372892099,0.186441009,0.372370904,0.223453741,0.436846696,0.115055899,0.372892099,0.186441009,0.372261764,0.207942231,0.370697881,0.17803121,0.372892099,0.186441009,0.581185238,1.637501663,0.0,0.0,1.096307188,0.0,0.0,1.116502535,0.0,0.0,1.058383044,0.0,0.0,1.096307188,0.0,0.0,1.107994057,0.0,0.0,1.091769697,0.0,0.0,1.096307188,0.0,0.0,0.00134515,0.001167379,0.001187376,0.00134515,0.00123269,0.001362191,0.00134515,141.4903469,141.4903469,126.5440233,1,0.0,0.0,135.1420697,1.142069666,0.0,127.19611,0,0.0,15.84702513,15.84702513,125.5837409,0,109.1053848,109.1053848,126.5440233,1,0.0,97.72313257,97.72313257,126.8822953,1,0.0,104.3084262,104.3084262,126.1011254,1,0.0,34.35453659,34.35453659,126.5440233,0,0.0,0.373466362,0.155590517,0.382175589,-8.368915433,1.079753571,0.016126163,0.001453921,0.000989596,118.5818976,118.5818976,126.1196799,1,0.0,87.8713641,87.8713641,126.5764384,1,0.0,1,0.0,0.0,0.0,0.0,0.0,0.0,0.0,0.0,0.0,0.000543129,0.0,0.0,0.000543129,0.000675625,0.000495236,0.000378256,1.0,0.0,0.0,0.0,0.0,0.386787686,0.0,0.0,0.0,0.0,0.0,0.0,0.0,126.5764384,0.0,1.0
14.85000038,1,1,1,1,1,0.68507403,0.31492597,0.782331874,0.34407702,-0.056357747,0,0,0,0,0,0,0,0,0,0,0,1574,0,1,1,1,1,0.758467676,-0.455796211,0.761799774,-0.554801286,0.522335328,-0.040263867,0.758467676,-0.455796211,0.762491321,-0.517945851,0.772732738,-0.465262209,0.758467676,-0.455796211,-0.056316425,1.0,0.0,0.0,1.0,0.0,0.0,1.0,0.0,0.0,1.0,0.0,0.0,1.0,0.0,0.0,1.0,0.0,0.0,1.0,0.0,0.0,1.0,0.0,0.0,0.000227163,0.000145349,0.000148525,0.000227163,0.000154415,0.000196845,0.000227163,23.89422591,23.89422591,14.22375047,2,0.0,0.0,16.82634043,16.82634043,0.0,14.22375047,1,0.0,1.982255807,1.982255807,14.22375047,0,18.42520546,18.42520546,14.22375047,1,0.0,12.24146475,12.24146475,14.22375047,1,0.0,15.07322606,15.07322606,14.22375047,1,0.0,5.801632948,5.801632948,14.22375047,0,0.0,0.754845109,-0.374057284,0.705059014,-10.68079305,1.0,1.0,0.000312641,0.009890513,25.49899147,25.49899147,14.22375047,2,0.0,878.2299542,-695.7700458,14.76643402,-47,0.0,1,0.0,0.0,0.0,0.0,0.0,0.0,0.0,0.0,0.0,0.006492193,0.004809445,0.0,0.003246097,0.004191686,0.003382327,0.004372464,-47.0,0.0,0.0,0.0,0.0,1.114629603,0.0,0.0,0.0,0.0,0.0,0.0,0.0,-694.0223988,0.0,1.0
237.6600037,1,1,1,1,1,0.720688275,0.279311725,0.736171906,0.826287149,0.600825056,0,0,0,0,0,0,0,0,0,0,0,0,0,1,1,1,1,0.732813998,-0.390427269,0.733453828,-0.467644531,0.76032624,-0.59471997,0.732813998,-0.390427269,0.733338743,-0.434466656,0.734888955,-0.370474704,0.732813998,-0.390427269,0.600825056,1.657141481,0.0,0.0,0.821024345,0.0,0.0,0.789619179,0.0,0.0,0.740529685,0.0,0.0,0.821024345,0.0,0.0,0.802963073,0.0,0.0,0.829340399,0.0,0.0,0.821024345,0.0,0.0,0.001049307,0.000865937,0.000872403,0.001049307,0.000937012,0.001082001,0.001049307,110.3719697,110.3719697,228.834466,0,0.0,0.0,100.2455431,100.2455431,0.0,228.834466,0,0.0,11.64331062,11.64331062,228.834466,0,85.10952505,85.10952505,228.834466,0,0.0,74.28286129,74.28286129,228.834466,0,0.0,82.85316003,82.85316003,228.834466,0,0.0,26.79884497,26.79884497,228.834466,0,0.0,0.732217171,-0.326266352,0.724556939,-10.82040014,0.848067358,0.004230985,0.00118298,0.000271351,96.48396815,96.48396815,228.834466,0,0.0,24.09469852,24.09469852,229.8767921,0,0.0,1,0.0,0.0,0.0,0.0,0.0,0.0,0.0,0.0,0.0,0.0,0.0,0.0,0.0,0.0,0.0,0.0,0.0,0.0,0.0,0.0,0.0,0.0,0.0,0.0,0.0,0.0,0.0,0.0,0.0,0.0,0.0,1.0
63.95999908,0,0,0,0,0,0.233333333,0.766666667,0.253117207,0.30472973,0.919872627,0,256,384,0,640,0,0,0,0,0,1407,0,640,1,1,1,1,0.248583376,0.43689832,0.24938943,0.518751154,0.261687087,0.520891664,0.248583376,0.43689832,0.249300146,0.48254424,0.251356285,0.4025977,0.248583376,0.43689832,0.919872627,1.976189052,0.0,0.0,1.346625921,0.0,0.0,1.423840592,0.0,0.0,1.42591814,0.0,0.0,1.346625921,0.0,0.0,1.389153807,0.0,0.0,1.315527313,0.0,0.0,1.346625921,0.0,0.0,0.003142803,0.00315851,0.003457734,0.003142803,0.003280927,0.003318371,0.003142803,330.5775585,330.5775585,61.53700624,5,0.0,61.53700624,365.6459993,-274.3540007,0.0,66.97093069,-4,0.0,46.14781019,46.14781019,61.6667449,1,254.9134448,254.9134448,61.53700624,4,0.0,260.0998823,260.0998823,61.60421469,4,0.0,254.1009427,254.1009427,61.38682942,4,0.0,80.26582081,80.26582081,61.53700624,1,0.0,0.247811592,0.36813469,0.237949333,-7.33624102,1.285004738,0.006756642,0.003019038,0.000831458,246.233028,-1160.766972,66.97093069,-17,0.0,73.82950735,73.82950735,60.70820278,1,0.0,1,0.0,0.0,0.0,0.0,0.0,0.0,0.0,0.0,0.0,0.014912511,-0.016818922,0.004239502,0.011930009,0.014553059,0.010130307,-0.035998337,0.840944255,0.002982502,0.0,0.0,0.0,0.000102888,0.0,0.0,0.0,0.0,0.0,0.0,0.0,60.70820278,0.0,1.0
45.02999878,0,0,0,0,0,0.425952045,0.574047955,0.399723375,0.721202003,0.451103941,45,0,45,0,45,0,0,0,0,0,0,315,90,1,1,1,1,0.40522784,0.135888607,0.404397535,0.163632255,0.486301689,0.024670849,0.40522784,0.135888607,0.404275462,0.152334977,0.401869607,0.13210481,0.40522784,0.135888607,0.451103941,1.507420366,,,1.057353048,,,1.069460856,,,1.010176343,,,1.057353048,,,1.064513883,,,1.05571239,,,1.057353048,,,0.000977504,0.000802956,0.000807157,0.000977504,0.000850212,0.000966165,0.000977504,102.8192807,57.81928075,42.26649421,1,,42.26649421,92.95447735,47.95447735,,42.3718266,1,,10.77253328,10.77253328,42.15435189,0,79.28553033,79.28553033,42.26649421,2,,67.4016945,67.4016945,42.35171328,2,,73.98311932,73.98311932,42.19219359,2,,24.96501578,24.96501578,42.26649421,1,,0.406121956,0.112836521,0.419586787,-8.636783355,1.047397052,0.028882068,0.001103801,0.001304699,90.02611778,90.02611778,42.18741364,2,,115.8510009,-199.1489991,44.31442158,-4,,1,,,,,,,,,,0.000288527,0.000418367,0.0,0.000577054,0.000725186,0.000545365,0.000397878,-4.0,0.000288527,,,,0.136263609,0.0,0.0,0.0,0.0,0.0,0.0,0.0,-177.2576863,0.0,1.0
832.4199829,0,0,0,0,0,0.274909964,0.725090036,0.20413848,0.549183759,0.814675122,0,832,832,832,2496,0,832,832,832,832,832,0,2496,1,1,1,1,0.216261107,0.530625376,0.214160317,0.641206946,0.294141016,0.426154394,0.216261107,0.530625376,0.214154427,0.596154206,0.208683316,0.520604622,0.216261107,0.530625376,0.814675122,1.870991547,0.0,0.0,1.394338485,0.0,0.0,1.494356938,0.0,0.0,1.306004291,0.0,0.0,1.394338485,0.0,0.0,1.452769665,0.0,0.0,1.385612682,0.0,0.0,1.394338485,0.0,0.0,0.002698924,0.002663329,0.002530692,0.002698924,0.002756237,0.002847819,0.002698924,283.887861,283.887861,811.5624743,0,0.0,-877.2586496,308.3212008,-2187.678799,0.0,877.2586496,-2,0.0,33.77526665,33.77526665,809.1001723,0,218.9103001,-613.0896999,877.2586496,-1,0.0,218.5043827,-613.4956173,877.2586496,-1,0.0,218.0689362,-613.9310638,877.2586496,-1,0.0,68.92933773,-763.0706623,877.2586496,-1,0.0,0.218428062,0.439246742,0.253791218,-7.4496705,1.316760114,0.009400578,0.002631052,0.000944797,214.5888409,-617.4111591,877.2586496,-1,0.0,83.89340617,83.89340617,799.3402872,0,0.0,0,0.005137752,0.005699878,0.013328277,0.00491151,0.005137752,0.389354323,0.005241944,0.003925788,0.005137752,0.0,-0.012848323,0.0,-0.004399426,-0.005553122,-0.004234831,-0.003014652,0.0,-0.004399426,-0.170559612,0.170559612,0.000144338,-0.708423825,0.0,0.0,0.0,0.0,0.0,0.0,0.0,0.0,0.0,1.0
856.960022,0,0,0,0,0,0.242096839,0.757903161,0.180262634,0.334868146,0.972321276,857,0,3428,0,3428,0,0,857,857,1714,3428,0,4285,1,1,1,1,0.190858875,0.620165566,0.188999768,0.748593608,0.239143744,0.596614295,0.190858875,0.620165566,0.189026296,0.695854996,0.184230129,0.605823859,0.190858875,0.620165566,0.972321276,2.028637701,0.0,0.0,1.550663798,0.0,0.0,1.698131504,0.0,0.0,1.525044765,0.0,0.0,1.550663798,0.0,0.0,1.635949076,0.0,0.0,1.535012128,0.0,0.0,1.550663798,0.0,0.0,0.003958164,0.00418319,0.004117382,0.003958164,0.004291092,0.004271035,0.003958164,416.3417633,-440.6582367,901.6209368,0,0.0,0.0,484.2684374,-2943.731563,0.0,901.6209368,-3,0.0,54.95164644,54.95164644,827.7637314,0,321.0475434,-535.9524566,901.6209368,-1,0.0,340.1820511,-516.8179489,901.6209368,-1,0.0,327.0502796,-1386.94972,901.6209368,-2,0.0,101.0897821,101.0897821,827.8976083,0,0.0,0.192762718,0.513995982,0.223597716,-7.233482003,1.43847353,0.005995727,0.003652153,0.000812934,297.8699275,-3130.130072,901.6209368,-3,0.0,72.18461187,72.18461187,812.0453763,0,0.0,1,0.0,0.0,0.0,0.0,0.0,0.0,0.0,0.0,0.0,0.0,-0.026268393,0.0,-0.006009458,-0.007565846,-0.011469455,-0.012383994,0.0,0.0,0.0,0.0,0.0,0.0,0.0,0.0,0.0,0.0,0.0,0.0,0.0,0.0,0.0,1.0
354.0299988,0,0,0,0,0,0.533013205,0.466986795,0.580183048,0.572624529,0.625058808,0,0,0,0,0,0,0,0,0,0,0,0,0,1,1,1,1,0.569281702,-0.098064169,0.571138418,-0.120233741,0.561523034,-0.112016332,0.569281702,-0.098064169,0.571030759,-0.111607435,0.575923206,-0.100991743,0.569281702,-0.098064169,0.625058808,1.681375233,,,0.950321126,,,0.939436642,,,0.943456485,,,0.950321126,,,0.943656961,,,0.948876594,,,0.950321126,,,0.001276381,0.00109185,0.001179633,0.001276381,0.001167106,0.001307113,0.001276381,134.2568453,134.2568453,343.6919566,0,,0.0,126.3983529,126.3983529,,343.6919566,0,,15.7436933,15.7436933,343.6919566,0,103.5275204,103.5275204,343.6919566,0,,92.52389543,92.52389543,343.6919566,0,,100.090912,100.090912,343.6919566,0,,32.59820763,32.59820763,343.6919566,0,,0.567463176,-0.080027596,0.543811882,-9.526247454,0.959269422,0.007083742,0.001396871,0.00047939,113.9289394,113.9289394,343.6919566,0,,42.56752585,42.56752585,345.9590087,0,,1,,,,,,,,,,0.0,0.0,0.0,0.0,0.0,0.0,0.0,0.0,0.0,,,,0.0,0.0,0.0,0.0,0.0,0.0,0.0,0.0,0.0,0.0,1.0
147.4499969,1,1,1,1,1,0.595038015,0.404961985,0.635495424,0.312683131,0.655093521,0,295,0,0,295,0,0,0,0,0,0,0,295,1,1,1,1,0.625906732,-0.184498804,0.627073891,-0.222380474,0.457761952,0.076438033,0.625906732,-0.184498804,0.627608815,-0.207709454,0.631619124,-0.181575545,0.625906732,-0.184498804,0.655093521,1.711409946,,,0.905620942,,,0.887373828,,,1.041926598,,,0.905620942,,,0.894396637,,,0.907044535,,,0.905620942,,,0.001292273,0.00110705,0.001400841,0.001292273,0.001187453,0.001335133,0.001292273,135.9284231,135.9284231,141.9987245,1,,0.0,128.1580372,-166.8419628,,152.8167629,-1,,18.69598862,18.69598862,141.9987245,0,104.8164997,104.8164997,141.9987245,1,,94.13688806,94.13688806,141.9987245,1,,102.2364438,102.2364438,141.9987245,1,,33.00407475,33.00407475,141.9987245,0,,0.624508548,-0.15285066,0.603356828,-9.952595222,0.921152806,0.004759064,0.001413562,0.00034388,115.2902801,115.2902801,141.9987245,1,,30.53490033,30.53490033,142.5160413,0,,1,,,,,,,,,,0.000531872,-0.000772704,0.0,0.000531872,0.000674113,0.000515151,0.000365052,0.0,0.0,,,,0.0,0.0,0.0,0.0,0.0,0.0,0.0,0.0,0.0,0.0,1.0
74.91999817,0,0,0,0,0,0.241296519,0.758703481,0.191006765,0.105064881,0.197497207,0,0,0,0,0,0,0,0,0,0,0,749,0,1,1,1,1,0.199921932,0.5862555,0.198190364,0.706984494,0.156175876,1.002487777,0.199921932,0.5862555,0.198456144,0.656208581,0.19431832,0.568694606,0.199921932,0.5862555,0.197497207,1.253813632,,,1.141798923,,,1.173408416,,,1.254519364,,,1.141798923,,,1.160008921,,,1.137272585,,,1.141798923,,,0.00056219,0.00042159,0.000471013,0.00056219,0.000443094,0.000522171,0.00056219,59.13429338,59.13429338,73.14342586,1,0.0,0.0,48.80553221,48.80553221,,73.22258862,1,0.0,6.286259667,6.286259667,73.47367468,0,45.59936402,45.59936402,73.14342586,1,,35.12685306,35.12685306,73.17853931,0,,39.98474962,39.98474962,73.10459987,1,,14.35809078,14.35809078,73.14342586,0,0.0,0.20158622,0.486687291,0.226297436,-7.252812273,1.116371515,0.193880702,0.000681887,0.004429182,55.61472611,55.61472611,73.09295338,1,,393.2900314,-355.7099686,74.50944488,-5,,1,0.001087385,0.001204993,0.001679279,0.001040002,0.001087385,0.284022126,0.001111859,0.000834739,0.001087385,0.005370242,0.007809798,0.0,0.005370242,0.0,0.005053337,0.003701008,-4.109631708,0.0,-0.036472928,0.036472928,6.45e-08,0.0,0.0,0.0,0.0,0.0,0.0,0.0,0.0,-298.0377795,0.0,1.0
28.79000092,1,1,1,1,1,0.700680272,0.299319728,0.750099483,0.517371285,0.232283982,0,0,0,0,0,0,0,0,0,0,0,749,0,1,1,1,1,0.738633883,-0.404476915,0.740353502,-0.487639211,0.634404321,-0.255951407,0.738633883,-0.404476915,0.740559477,-0.453925582,0.745558888,-0.395185929,0.738633883,-0.404476915,0.232283982,1.288600407,0.0,0.0,0.902525963,0.0,0.0,0.883694224,0.0,0.0,0.937162874,0.0,0.0,0.902525963,0.0,0.0,0.891280701,0.0,0.0,0.904654633,0.0,0.0,0.902525963,0.0,0.0,0.000487979,0.000354239,0.000393641,0.000487979,0.000379874,0.000460187,0.000487979,51.32832988,51.32832988,27.01036071,2,0.0,0.0,41.00859246,41.00859246,0.0,27.01036071,2,0.0,5.253632109,5.253632109,27.01036071,0,39.58006539,39.58006539,27.01036071,1,0.0,30.11503991,30.11503991,27.01036071,1,0.0,35.23837337,35.23837337,27.01036071,1,0.0,12.46276531,12.46276531,27.01036071,0,0.0,0.736818902,-0.335526007,0.711593512,-10.72758071,0.918443529,0.065871482,0.000608341,0.001665233,49.61632925,49.61632925,27.01036071,2,0.0,147.864659,-601.135341,28.40031803,-21,0.0,1,0.0,0.0,0.0,0.0,0.0,0.0,0.0,0.0,0.0,0.005112549,0.007431,0.0,0.002556275,0.003219507,0.002440186,0.003518053,-21.0,0.0,0.0,0.0,0.0,0.001072824,0.0,0.0,0.0,0.0,0.0,0.0,0.0,-596.4066787,0.0,1.0
338.4200134,0,0,0,0,0,0.180872349,0.819127651,0.206923995,0.292172457,0.936938726,0,338,1015,0,1353,0,677,2707,3046,3384,2707,0,1353,1,1,1,1,0.200706029,0.583431406,0.20180084,0.691431104,0.219448005,0.671613789,0.200706029,0.583431406,0.201678601,0.643309699,0.204490745,0.534112471,0.200706029,0.583431406,0.936938726,1.993255151,0.0,0.0,1.495458622,0.0,0.0,1.611117085,0.0,0.0,1.589243966,0.0,0.0,1.495458622,0.0,0.0,1.558517617,0.0,0.0,1.445440697,0.0,0.0,1.495458622,0.0,0.0,0.003594316,0.003699043,0.003992074,0.003594316,0.00380988,0.003765377,0.003594316,378.0702178,378.0702178,328.186301,1,0.0,-714.9310931,428.2209567,-924.7790433,0.0,357.4655466,-3,0.0,53.2792545,53.2792545,328.5175006,0,291.5357655,-2415.464234,357.4655466,-7,0.0,302.0333131,-2743.966687,357.4655466,-8,0.0,288.3299754,-3095.670025,357.4655466,-9,0.0,91.79726686,-585.2027331,357.4655466,-2,0.0,0.199662573,0.492484724,0.186707726,-6.969345986,1.404527186,0.008170385,0.003384942,0.001037943,276.076175,-2430.923825,357.4655466,-7,0.0,92.16436102,92.16436102,324.257735,0,0.0,0,0.0,0.0,0.0,0.0,0.0,0.0,0.0,0.0,0.0,0.005318628,-0.022409858,0.0,-0.037230398,-0.051730921,-0.040116956,-0.026527944,0.0,-0.010637256,0.0,0.0,0.0,-6.250224825,0.0,0.0,0.0,0.0,0.0,0.0,0.0,0.0,0.0,1.0
141.9700012,0,0,0,0,0,0.4969988,0.5030012,0.782729805,0.89577229,0.565181974,568,0,284,0,284,0,426,710,852,994,284,0,852,1,1,1,1,0.696207641,-0.31041682,0.709883859,-0.40421686,0.686197771,-0.374994991,0.696207641,-0.31041682,0.708949113,-0.373592468,0.746910217,-0.398417258,0.696207641,-0.31041682,0.565181974,1.621498398,,,0.860673398,,,0.822523286,,,0.834223376,,,0.860673398,,,0.834789096,,,0.824832252,,,0.860673398,,,0.00102115,0.000826866,0.00089896,0.00102115,0.000892924,0.000991978,0.00102115,107.4102822,-460.5897178,146.7876804,-3,,-440.3630412,95.72246765,-188.2775323,,146.1904189,-1,,11.99774984,11.99774984,135.7558793,0,82.82572226,-627.1742777,146.7876804,-4,,70.78771599,-781.212284,146.290943,-5,,75.95970672,-918.0402933,146.1885451,-6,,26.07973302,-399.920267,146.7876804,-3,,0.68328285,-0.239029773,0.545797009,-9.540461166,0.890889214,0.009938013,0.001165228,0.000588085,95.03608571,-188.9639143,146.9951146,-1,,52.21915586,52.21915586,136.3906964,0,,0,,,,,,,,,,-0.004516809,-0.002552989,0.0,-0.006022413,-0.01090401,-0.014881529,-0.000892738,0.0,-0.004516809,,,,-1.129019801,0.0,0.0,0.0,0.0,0.0,0.0,0.0,0.0,0.0,1.0
261.1000061,1,1,1,1,1,0.336291038,0.663708962,0.298860649,0.176007866,1.081755214,783,522,261,0,783,0,522,1828,1567,1044,1044,261,1566,1,1,1,1,0.306102977,0.30577846,0.304659668,0.368280743,0.246631167,0.570392511,0.306102977,0.30577846,0.304954234,0.341735952,0.301570297,0.295074856,0.306102977,0.30577846,1.054172542,2.110488966,,,1.256577736,,,1.316630902,,,1.531178008,,,1.256577736,,,1.290783374,,,1.246571784,,,1.256577736,,,0.003672115,0.003799547,0.004861793,0.003672115,0.003966779,0.004022186,0.003672115,386.2535466,-396.7464534,278.3807269,-1,,-556.7614538,439.855921,-343.144079,,278.3807269,-1,,64.88675184,64.88675184,249.3590743,0,297.8460563,-1530.153944,278.3807269,-5,,314.4716521,-1252.528348,278.3807269,-4,,307.994905,-736.005095,278.3807269,-3,,93.78421843,-428.2157816,278.3807269,-2,,0.307448472,0.25421035,0.325841365,-7.96555676,1.209098097,0.002606802,0.003451221,0.000409168,281.4818656,-762.5181344,278.3807269,-3,,36.33210842,-224.6678916,258.0731265,-1,,0,,,,,,,,,,-0.001460945,-0.00211923,0.0,-0.007304724,-0.007298966,-0.004081367,-0.003029199,-0.991407727,-0.00292189,,,,-0.470993301,0.0,0.0,0.0,0.0,0.0,0.0,0.0,-258.0731265,0.0,1.0
23.77000046,0,0,0,0,0,0.045618247,0.954381753,0.027059292,0.036416911,0.851839685,285,452,214,0,666,0,0,499,499,452,547,523,951,1,1,1,1,0.029675117,2.884678008,0.029191548,3.473830112,0.034799132,3.389669598,0.029675117,2.884678008,0.029213178,3.228289977,0.028014306,2.791362238,0.029675117,2.884678008,0.851839685,1.90815611,,,6.44882739,,,9.436371355,,,8.936931177,,,6.44882739,,,8.051986688,,,6.071486732,,,6.44882739,,,0.013351101,0.018195012,0.009947221,0.013351101,0.016528258,0.013432307,0.013351101,1404.343227,1119.343227,23.42031934,48,,351.3047901,2106.351848,1440.351848,,23.57520724,61,,132.7581909,132.7581909,23.53648016,6,1082.910683,583.9106826,23.42031934,25,,1310.299641,811.2996414,23.49430149,35,,1028.565513,576.5655128,23.33064813,25,,340.9812883,340.9812883,23.42031934,15,,0.030170399,2.396735731,0.03909326,-5.912411648,4.704975498,0.021922753,0.009964887,0.002369704,812.7370777,265.7370777,23.32230154,11,,210.4182745,-312.5817255,23.48412363,-13,,1,,,,,,,,,,6.241025409,11.50183179,1.077174374,3.250534067,5.699452597,3.043634041,0.987308809,-7.100561711,1.95032044,,,,0.036756313,140.521916,282.9024868,23.53648016,70.26095802,140.965809,69.99194439,23.32230154,-164.3888654,46.84063868,1.0
116.7300034,0,0,0,0,0,0.31332533,0.68667467,0.281337047,0.457513604,0.675044875,0,0,0,0,0,0,0,0,0,584,0,0,0,1,1,1,1,0.287757224,0.343853947,0.286705941,0.412971318,0.338785728,0.315149886,0.287757224,0.343853947,0.28666364,0.384042983,0.283805392,0.330248489,0.287757224,0.343853947,0.675044875,1.731361299,,,1.207731945,,,1.254432464,,,1.188852179,,,1.207731945,,,1.234670653,,,1.198746024,,,1.207731945,,,0.001793054,0.001639259,0.001676168,0.001793054,0.00171709,0.001842769,0.001793054,188.6033803,188.6033803,111.9848024,2,,0.0,189.7693922,189.7693922,,112.5007637,2,,22.37057516,22.37057516,111.962168,0,145.4349702,145.4349702,111.9848024,1,,136.1245832,136.1245832,112.3766962,1,,141.1082212,-442.8917788,122.1664988,-4,,45.79380765,45.79380765,111.9848024,0,,0.288845134,0.286429492,0.305084216,-7.816933492,1.170257059,0.013694279,0.001858526,0.001032892,151.5815804,151.5815804,111.9139511,1,,91.71579664,91.71579664,110.8032083,1,,1,,,,,,,,,,0.003694861,0.005329541,0.0,0.00184743,0.002304516,-0.006816504,0.001281904,0.954757019,0.0,,,,0.0,0.0,0.0,0.0,0.0,0.0,0.0,0.0,110.8032083,0.0,1.0
72.43000031,0,0,0,0,0,0.589435774,0.410564226,0.537206526,0.734616995,0.587981398,0,0,0,0,0,0,0,0,0,0,0,0,0,1,1,1,1,0.547792854,-0.067131681,0.546037008,-0.077114934,0.613205914,-0.211984108,0.547792854,-0.067131681,0.546003204,-0.071640775,0.541276656,-0.054230187,0.547792854,-0.067131681,0.587981398,1.644297823,0.0,0.0,0.967165658,0.0,0.0,0.962375768,0.0,0.0,0.899944175,0.0,0.0,0.967165658,0.0,0.0,0.964999284,0.0,0.0,0.973391026,0.0,0.0,0.967165658,0.0,0.0,0.001203624,0.001023043,0.001026918,0.001203624,0.001091556,0.001233473,0.001203624,126.6038988,126.6038988,68.59128228,2,0.0,0.0,118.4328712,118.4328712,0.0,68.59128228,2,0.0,13.70551137,13.70551137,68.59128228,0,97.62621551,97.62621551,68.59128228,1,0.0,86.53452666,86.53452666,68.59128228,1,0.0,94.45193651,94.45193651,68.59128228,1,0.0,30.74003542,30.74003542,68.59128228,0,0.0,0.549592459,-0.058455111,0.576053889,-9.757103448,0.97134797,0.007810091,0.001324088,0.000486676,107.9927124,107.9927124,68.59128228,2,0.0,43.21452099,43.21452099,69.2000833,1,0.0,1,0.0,0.0,0.0,0.0,0.0,0.0,0.0,0.0,0.0,0.000140833,0.000185835,0.0,7.04e-05,8.02e-05,4.6e-05,0.000106781,1.0,0.0,0.0,0.0,0.0,0.013699647,0.0,0.0,0.0,0.0,0.0,0.0,0.0,69.2000833,0.0,1.0
103.3600006,1,1,1,1,1,0.823929572,0.176070428,0.935535217,0.623691921,0.501083516,0,0,0,0,0,0,0,0,0,0,0,0,0,1,1,1,1,0.908643427,-1.294466693,0.912866843,-1.608208545,0.76613314,-0.615807923,0.908643427,-1.294466693,0.913028384,-1.497512208,0.924867229,-1.427721131,0.908643427,-1.294466693,0.501083516,1.557399941,0.0,0.0,0.563565513,0.0,0.0,0.49043384,0.0,0.0,0.761234497,0.0,0.0,0.563565513,0.0,0.0,0.515084428,0.0,0.0,0.531258919,0.0,0.0,0.563565513,0.0,0.0,0.000582492,0.000419551,0.000695279,0.000582492,0.000468789,0.000549356,0.000582492,61.26972073,61.26972073,100.2582549,1,0.0,0.0,48.56944218,48.56944218,0.0,100.2582549,0,0.0,9.279376381,9.279376381,100.2582549,0,47.24602492,47.24602492,100.2582549,0,0.0,37.1638333,37.1638333,100.2582549,0,0.0,42.06642289,42.06642289,100.2582549,0,0.0,14.87658281,14.87658281,100.2582549,0,0.0,0.904349809,-1.043247399,0.847977837,-11.70410611,0.629910779,0.005599228,0.000731142,0.00028539,59.63203897,59.63203897,100.2582549,1,0.0,25.34128534,25.34128534,100.965085,0,0.0,1,0.0,0.0,0.0,0.0,0.0,0.0,0.0,0.0,0.0,0.026181938,0.0,0.0,0.0,0.0,0.0,0.017005705,0.0,0.0,0.0,0.0,0.0,0.0,0.0,0.0,0.0,0.0,0.0,0.0,0.0,0.0,0.0,1.0
146.6600037,0,0,0,0,0,0.030012005,0.969987995,0.001591723,0.001255756,0.480378518,2053,2933,0,0,2933,0,0,880,1320,1320,1027,293,4986,1,1,1,1,0.002001325,6.042754897,0.001915317,7.234121018,0.002016212,7.792553754,0.002001325,6.042754897,0.001920989,6.724093549,0.001728191,5.723296773,0.002001325,6.042754897,0.480378518,1.536694943,0.0,0.0,13.41230772,0.0,0.0,22.37678701,0.0,0.0,28.44424344,0.0,0.0,13.41230772,0.0,0.0,17.9735099,0.0,0.0,11.69220886,0.0,0.0,13.41230772,0.0,0.0,0.013242504,0.018144544,0.009947221,0.013242504,0.015504475,0.011499534,0.013242504,1392.920336,-660.0796638,154.0753123,-4,0.0,294.7128734,2100.509431,-832.4905692,0.0,153.5583659,-5,0.0,132.7581909,132.7581909,147.3564367,1,1074.102316,194.1023158,147.3564367,1,0.0,1229.137866,-90.86213373,153.969516,-1,0.0,880.5654049,-439.4345951,154.0954256,-3,0.0,338.2077555,338.2077555,147.3564367,2,0.0,0.002093569,5.04984902,0.005583465,-5.672478165,8.754664808,0.087414919,0.009766799,0.004240177,796.5809849,-230.4190151,154.2778565,-1,0.0,376.5073014,83.50730141,139.9773244,1,0.0,1,0.0,0.0,0.0,0.0,0.0,0.0,0.0,0.0,0.0,-2.282180422,-4.088477102,0.948810844,0.570545105,-0.706459907,-1.535443404,-0.398452736,0.502765758,1.141090211,0.0,0.0,0.0,499.3011951,-308.1506246,-614.2334634,147.3564367,147.3564367,-153.969516,-308.1908512,0.0,139.9773244,147.3564367,1.0
157.4400024,1,1,1,1,1,0.893157263,0.106842737,0.999602069,0.226873169,0.058691771,0,0,0,0,0,0,0,0,0,0,0,787,0,1,1,1,1,0.972563306,-3.013334756,0.974733725,-3.757423419,0.444856089,0.100174559,0.972563306,-3.013334756,0.977682185,-3.720757024,0.988269676,-4.095465528,0.972563306,-3.013334756,0.058691771,1.115008196,0.0,0.0,0.720336431,0.0,0.0,0.664287854,0.0,0.0,1.010964857,0.0,0.0,0.720336431,0.0,0.0,0.666944703,0.0,0.0,0.640286487,0.0,0.0,0.720336431,0.0,0.0,0.000237445,0.000149254,0.000234626,0.000237445,0.000159254,0.000189464,0.000237445,24.97579431,24.97579431,148.2980262,0,0.0,0.0,17.2784786,17.2784786,0.0,148.2980262,0,0.0,3.131380207,3.131380207,148.2980262,0,19.25921951,19.25921951,148.2980262,0,0.0,12.62507656,12.62507656,148.2980262,0,0.0,14.50803236,14.50803236,148.2980262,0,0.0,6.064242956,6.064242956,148.2980262,0,0.0,0.96915386,-2.366463069,0.911791446,-12.16101794,0.772890943,0.26610355,0.000333541,0.00393777,27.20362806,27.20362806,148.2980262,0,0.0,349.6549983,-437.3450017,156.5444704,-3,0.0,1,0.0,0.0,0.0,0.0,0.0,0.0,0.0,0.0,0.0,0.0,0.0,0.0,0.0,0.0,0.0,0.0,-3.0,0.0,0.0,0.0,0.0,0.0,0.0,0.0,0.0,0.0,0.0,0.0,0.0,-469.6334111,0.0,1.0
23.43000031,1,1,1,1,1,0.828843996,0.171156004,0.825723831,0.593899522,0.20851483,23,23,0,0,23,0,164,0,0,0,0,94,46,1,1,1,1,0.826204934,-0.691223912,0.825881277,-0.822985332,0.726042333,-0.483340944,0.826204934,-0.691223912,0.826207455,-0.766750785,0.82584018,-0.646141572,0.826204934,-0.691223912,0.20851483,1.264831255,,,0.850105126,,,0.824192534,,,0.892654651,,,0.850105126,,,0.835153744,,,0.85915694,,,0.850105126,,,0.000431282,0.000306671,0.00034739,0.000431282,0.000330381,0.000407613,0.000431282,45.36459667,22.36459667,21.91603522,1,,-146.0973638,35.50182961,12.50182961,,21.91603522,1,,4.636356101,4.636356101,21.91603522,0,34.9813389,34.9813389,21.91603522,2,,26.19139986,26.19139986,21.91603522,1,,31.21257082,31.21257082,21.91603522,1,,11.01474221,-152.9852578,24.34956063,-6,,0.82639447,-0.580448555,0.827482713,-11.55735897,0.872519881,0.066187007,0.000546926,0.001561796,44.60737088,44.60737088,21.91603522,2,,138.6799909,44.67999088,22.24721938,2,,0,,,,,,,,,,0.007465477,0.010582888,0.0,0.014930953,0.009186043,0.006523421,0.010528766,2.0,-0.044792859,,,,-0.550715131,0.0,0.0,0.0,0.0,0.0,0.0,0.0,44.49443875,0.0,1.0
275.25,0,0,0,0,0,0.211684674,0.788315326,0.198169519,0.297195479,0.43656866,0,0,0,0,0,0,0,0,0,0,0,550,0,1,1,1,1,0.200984824,0.58243128,0.200540893,0.696810653,0.230116114,0.629833614,0.200984824,0.58243128,0.200503982,0.647975164,0.19926149,0.551556146,0.200984824,0.58243128,0.43656866,1.492885085,0.0,0.0,1.262869303,0.0,0.0,1.322097351,0.0,0.0,1.287086287,0.0,0.0,1.262869303,0.0,0.0,1.296476866,0.0,0.0,1.247341348,0.0,0.0,1.262869303,0.0,0.0,0.001129446,0.000954892,0.000988362,0.001129446,0.000996073,0.001100866,0.001129446,118.8014084,118.8014084,267.959708,0,0.0,0.0,110.5433571,110.5433571,0.0,268.7122483,0,0.0,13.19093307,13.19093307,268.1222029,0,91.60959498,91.60959498,267.959708,0,0.0,78.96499019,78.96499019,268.4099662,0,0.0,84.29773504,84.29773504,267.7582154,0,0.0,28.84555321,28.84555321,267.959708,0,0.0,0.201450966,0.487092182,0.208346745,-7.124283527,1.215533378,0.057568741,0.001244764,0.002508965,101.5230365,101.5230365,267.8036997,0,0.0,222.7840071,-327.2159929,273.3514293,-1,0.0,1,0.0,0.0,0.0,0.0,0.0,0.0,0.0,0.0,0.0,0.0,0.0,0.0,0.0,0.0,0.0,0.0,-0.793053371,0.0,0.0,0.0,0.0,0.0,0.0,0.0,0.0,0.0,0.0,0.0,0.0,-273.3514293,0.0,1.0
22.59000015,1,1,1,1,1,0.645058023,0.354941977,0.762037405,0.590205107,0.603251079,0,0,0,0,0,0,0,0,0,248,0,0,0,1,1,1,1,0.733152911,-0.391234044,0.737852293,-0.480308292,0.655907173,-0.303061686,0.733152911,-0.391234044,0.737758498,-0.446290875,0.750572875,-0.407297493,0.733152911,-0.391234044,0.603251079,1.659567504,,,0.820220268,,,0.784033491,,,0.857685302,,,0.820220268,,,0.797660844,,,0.813573173,,,0.820220268,,,0.001053537,0.000864859,0.0010165,0.001053537,0.000936293,0.001067261,0.001053537,110.8169254,110.8169254,21.46589386,5,0.0,21.46589386,100.1207213,100.1207213,,21.46589386,5,-1.0,13.56646966,13.56646966,21.46589386,1,85.45263722,85.45263722,21.46589386,4,,74.22587529,74.22587529,21.46589386,3,,81.72441473,-166.2755853,23.28341349,-7,,26.90688235,26.90688235,21.46589386,1,0.0,0.728504783,-0.318950848,0.669899238,-10.42904554,0.850809701,0.005077652,0.001191957,0.00032742,97.21614642,97.21614642,21.46589386,5,,29.07330407,29.07330407,21.65327528,1,,1,0.000197297,0.000219799,2.31e-06,0.00019033,0.000197297,0.000922351,0.000200874,0.0001474,0.000197297,0.011958131,0.018023129,0.0014351,0.009566505,0.009336354,-0.018144355,0.007947628,1.0,0.002391626,0.02806837,0.02806837,1.74e-08,0.0,0.0,0.0,0.0,0.0,0.0,0.0,0.0,21.65327528,0.0,1.0
98.73999786,1,1,1,1,1,0.450580232,0.549419768,0.391563868,0.094600251,0.415452208,0,0,0,0,0,0,0,0,0,0,0,197,0,1,1,1,1,0.402208276,0.140472891,0.399365596,0.172777375,0.18901173,0.809521397,0.402208276,0.140472891,0.40075822,0.158271001,0.395336654,0.141485999,0.402208276,0.140472891,0.415452208,1.471768633,0.0,0.0,1.055788448,0.0,0.0,1.069052112,0.0,0.0,1.367318536,0.0,0.0,1.055788448,0.0,0.0,1.063075556,0.0,0.0,1.056201902,0.0,0.0,1.055788448,0.0,0.0,0.000899342,0.00072935,0.000990403,0.000899342,0.000771467,0.000883752,0.000899342,94.5978156,94.5978156,93.30074775,1,0.0,0.0,84.43345446,84.43345446,0.0,93.64882416,1,0.0,13.21817586,13.21817586,96.44179461,0,72.94583197,72.94583197,93.30074775,1,0.0,61.1590339,61.1590339,93.46869326,1,0.0,67.67239429,67.67239429,93.24400346,1,0.0,22.9688045,22.9688045,93.30074775,0,0.0,0.404519969,0.114870588,0.431796273,-8.724204491,1.045393576,0.03433472,0.001026316,0.001419526,83.70645178,83.70645178,93.22134925,1,0.0,126.0470495,-70.95295054,97.84547046,-1,0.0,1,0.0,0.0,0.0,0.0,0.0,0.0,0.0,0.0,0.0,0.000308322,0.000466438,0.0,0.000308322,0.000391402,0.000312786,0.000206176,-1.0,0.0,0.0,0.0,0.0,0.0,0.0,0.0,0.0,0.0,0.0,0.0,0.0,-97.84547046,0.0,0.0
179.0399933,0,0,0,0,0,0.432973189,0.567026811,0.408674891,0.534114692,0.533494438,0,0,0,0,0,0,0,0,0,716,0,0,0,1,1,1,1,0.413754975,0.123070414,0.412937333,0.14829472,0.454810378,0.081843332,0.413754975,0.123070414,0.412894562,0.137941169,0.410642339,0.11968009,0.413754975,0.123070414,0.533494438,1.589810863,0.0,0.0,1.05871647,0.0,0.0,1.071170167,0.0,0.0,1.038672859,0.0,0.0,1.05871647,0.0,0.0,1.066040804,0.0,0.0,1.057053681,0.0,0.0,1.05871647,0.0,0.0,0.001174135,0.000995068,0.001032275,0.001174135,0.001053637,0.001180701,0.001174135,123.5020334,123.5020334,172.8910144,1,0.0,0.0,115.1943891,115.1943891,0.0,173.0107162,1,0.0,13.77700666,13.77700666,172.4874295,0,95.23431929,95.23431929,172.8910144,1,0.0,83.52850451,83.52850451,172.9948929,0,0.0,90.41098402,-625.589016,185.5838097,-3,0.0,29.98688757,29.98688757,172.8910144,0,0.0,0.414602388,0.102160134,0.426961497,-8.689587016,1.048502521,0.017798816,0.001293536,0.000979061,105.5009221,105.5009221,172.6965181,1,0.0,86.93587557,86.93587557,173.3706385,1,0.0,1,0.0,0.0,0.0,0.0,0.0,0.0,0.0,0.0,0.0,0.000236661,0.000343614,0.0,0.000236661,0.0,-0.000671406,0.000163073,1.0,0.0,0.0,0.0,0.0,0.0,0.0,0.0,0.0,0.0,0.0,0.0,0.0,173.3706385,0.0,1.0
93.0,1,1,1,1,1,0.578631453,0.421368547,0.690807799,0.649644203,0.330683412,0,93,0,0,93,0,0,0,0,744,0,0,93,1,1,1,1,0.662982515,-0.247397216,0.667618734,-0.305149387,0.636676996,-0.260800829,0.662982515,-0.247397216,0.667370106,-0.283197819,0.679782713,-0.26078557,0.662982515,-0.247397216,0.330683412,1.386999836,0.0,0.0,0.922254306,0.0,0.0,0.904993522,0.0,0.0,0.918219168,0.0,0.0,0.922254306,0.0,0.0,0.911515946,0.0,0.0,0.918223752,0.0,0.0,0.922254306,0.0,0.0,0.000641341,0.000486972,0.000521507,0.000641341,0.000521623,0.000615268,0.000641341,67.45978908,67.45978908,89.98509264,1,0.0,0.0,56.3745201,-36.6254799,0.0,95.38780097,0,0.0,6.96016177,6.96016177,89.98509264,0,52.01928192,52.01928192,89.98509264,1,0.0,41.35233309,41.35233309,89.98509264,0,0.0,47.11352989,-696.8864701,95.42289994,-7,0.0,16.37956117,16.37956117,89.98509264,0,0.0,0.658466166,-0.200762682,0.602495175,-9.946425704,0.936432243,0.038623137,0.000771251,0.001282051,62.90329635,62.90329635,89.98509264,1,0.0,113.8399749,113.8399749,90.36854671,1,0.0,1,0.0,0.0,0.0,0.0,0.0,0.0,0.0,0.0,0.0,0.000956334,0.0,0.0,0.000956334,0.0,-0.007438497,0.000629776,1.0,0.0,0.0,0.0,0.0,0.0,0.0,0.0,0.0,0.0,0.0,0.0,0.0,90.36854671,0.0,1.0
6.619999886,1,1,1,1,1,0.7494998,0.2505002,0.880620772,0.465885308,0.131820266,364,787,0,0,787,0,172,0,0,0,0,760,1151,1,1,1,1,0.848080943,-0.799935809,0.853006057,-0.987723685,0.64170478,-0.271632551,0.848080943,-0.799935809,0.853399471,-0.920834696,0.86760158,-0.862018094,0.848080943,-0.799935809,0.131820266,1.188136691,,,0.871187589,,,0.843437053,,,0.954253687,,,0.871187589,,,0.853218797,,,0.861913736,,,0.871187589,,,0.000356855,0.000244345,0.000287353,0.000356855,0.000262743,0.000323533,0.000356855,37.53597998,-326.46402,6.746610128,-48,,-161.9186431,28.28673643,-758.7132636,,6.732760123,-113,,3.835092259,3.835092259,6.33141616,1,28.94457204,28.94457204,6.33141616,5,,20.82926137,20.82926137,6.33141616,3,,24.77420864,24.77420864,6.33141616,4,,9.113916432,-162.8860836,6.746610128,-24,,0.843001298,-0.64798183,0.776694412,-11.19370966,0.894309673,0.145200186,0.000465806,0.002718154,37.9911883,37.9911883,6.33141616,6,,241.3589891,-518.6410109,6.477966763,-80,,0,,,,,,,,,,-0.479922973,-1.722540358,0.001152879,0.049991976,0.039747025,0.0464422,0.039363792,-80.0,-0.239961487,,,,-2.169324431,0.0,-13.46552025,0.0,0.0,0.0,0.0,0.0,-518.2373411,0.0,1.0
105.5999985,1,1,1,1,1,0.879151661,0.120848339,0.988062077,0.533277522,0.151258296,0,0,0,0,0,0,0,0,0,0,0,845,0,1,1,1,1,0.961803167,-2.479467839,0.965659734,-3.159650909,0.735947291,-0.513469846,0.961803167,-2.479467839,0.966185676,-2.964998417,0.977577711,-3.135724362,0.961803167,-2.479467839,0.151258296,1.207574721,0.0,0.0,0.626465039,0.0,0.0,0.551036433,0.0,0.0,0.907694334,0.0,0.0,0.626465039,0.0,0.0,0.571643252,0.0,0.0,0.553528815,0.0,0.0,0.626465039,0.0,0.0,0.000271256,0.000170345,0.000292137,0.000271256,0.000187852,0.000220792,0.000271256,28.53223084,28.53223084,101.7235009,0,0.0,0.0,19.72004727,19.72004727,0.0,101.7235009,0,0.0,3.898942014,3.898942014,101.7235009,0,22.00164247,22.00164247,101.7235009,0,0.0,14.89218965,14.89218965,101.7235009,0,0.0,16.90695033,16.90695033,101.7235009,0,0.0,6.927762847,6.927762847,101.7235009,0,0.0,0.957720566,-1.94757872,0.902208236,-12.09240119,0.692573725,0.102202823,0.000378487,0.002031672,30.86940197,30.86940197,101.7235009,0,0.0,180.4027242,-664.5972758,105.0410825,-6,0.0,1,0.0,0.0,0.0,0.0,0.0,0.0,0.0,0.0,0.0,0.0,0.0,0.0,0.0,0.0,0.0,0.0,-6.0,0.0,0.0,0.0,0.0,0.0,0.0,0.0,0.0,0.0,0.0,0.0,0.0,-630.2464949,0.0,1.0
25.17000008,1,1,1,1,1,0.785514206,0.214485794,0.965777955,0.313520301,0.148788085,0,126,101,0,227,0,25,50,76,0,76,805,227,1,1,1,1,0.919024548,-1.433251666,0.92543474,-1.829142552,0.532917921,-0.059445628,0.919024548,-1.433251666,0.926790707,-1.725806104,0.946757727,-1.856449961,0.919024548,-1.433251666,0.148788085,1.20510451,0.0,0.0,0.76536958,0.0,0.0,0.710876654,0.0,0.0,0.988970723,0.0,0.0,0.76536958,0.0,0.0,0.724714679,0.0,0.0,0.707264202,0.0,0.0,0.76536958,0.0,0.0,0.000329088,0.000217964,0.000315635,0.000329088,0.000236209,0.00027996,0.000329088,34.61534598,34.61534598,24.05149973,1,0.0,-25.58143481,25.23270412,-201.7672959,0.0,25.48844059,-8,0.0,4.212544022,4.212544022,24.05149973,0,26.6924262,-23.3075738,25.58143481,-1,0.0,18.72576614,-57.27423386,25.51730816,-2,0.0,21.43763244,21.43763244,24.05149973,1,0.0,8.404772453,-16.59522755,25.58143481,-1,0.0,0.912083986,-1.12194589,0.820402017,-11.50666048,0.811137832,0.116862763,0.000440602,0.002305555,35.93550319,-40.06449681,25.63900538,-2,0.0,204.722208,-600.277792,25.05332155,-24,0.0,0,0.0,0.0,0.0,0.0,0.0,0.0,0.0,0.0,0.0,0.032097037,-0.418220309,0.0,-0.032097037,-0.09307521,0.053850101,-0.039336331,-24.0,-0.032097037,0.0,0.0,0.0,0.0,0.0,0.0,0.0,0.0,0.0,0.0,0.0,-601.2797171,0.0,1.0
264.3200073,1,1,1,1,1,0.75110044,0.24889956,0.918026263,0.282963583,0.669105376,264,0,0,0,0,0,0,1322,793,529,1057,529,264,1,1,1,1,0.874807671,-0.971604246,0.880599492,-1.212919792,0.491431702,0.015426334,0.874807671,-0.971604246,0.882042638,-1.140686833,0.900416117,-1.124842184,0.874807671,-0.971604246,0.669105376,1.7254218,,,0.58861529,,,0.516018207,,,1.008450129,,,0.58861529,,,0.536755709,,,0.541414889,,,0.58861529,,,0.000863675,0.000665111,0.001401926,0.000863675,0.000736279,0.000821648,0.000863675,90.84611628,-173.1538837,268.6382183,-1,,0.0,76.99680701,76.99680701,,254.6655236,0,,18.71047343,18.71047343,254.6655236,0,70.05283887,-1251.947161,268.6382183,-5,,58.36952281,-734.6304772,268.3733394,-3,,62.9168683,-466.0831317,268.2984911,-2,,22.05787387,22.05787387,254.6655236,0,,0.868442705,-0.7764627,0.783278626,-11.24085329,0.654726095,0.002173176,0.001029267,0.00016184,83.94713748,-973.0528625,269.0798446,-4,,14.37064536,-514.6293546,262.976096,-2,,1,,,,,,,,,,-0.014750231,0.0,0.0,-0.073751157,-0.060992177,-0.039539686,-0.037680895,-2.0,0.0,,,,0.0,0.0,0.0,0.0,0.0,0.0,0.0,0.0,-525.9521921,0.0,1.0
33.70999908,0,0,0,0,0,0.356942777,0.643057223,0.168324712,0.361239012,0.578238987,101,0,34,0,34,0,0,0,0,0,0,438,135,1,1,1,1,0.19011447,0.623059745,0.186019337,0.762756908,0.262989493,0.516794314,0.19011447,0.623059745,0.186161998,0.708500815,0.176139721,0.637934265,0.19011447,0.623059745,0.578238987,1.634555412,,,1.358190631,,,1.454695367,,,1.28909144,,,1.358190631,,,1.416425786,,,1.368153884,,,1.358190631,,,0.001656244,0.001510063,0.001435564,0.001656244,0.001564511,0.001695561,0.001656244,174.2129728,73.21297277,32.56710839,2,,32.56710839,174.812997,140.812997,,32.72408559,4,,19.15940333,19.15940333,32.44265982,1,134.3383054,134.3383054,32.56710839,4,,124.0286685,124.0286685,32.63864533,4,,129.8359028,129.8359028,32.52314733,4,,42.2997475,42.2997475,32.56710839,1,,0.194372735,0.508872883,0.280634655,-7.641872193,1.284083585,0.023400609,0.001719862,0.001426459,140.2721053,140.2721053,32.47597537,4,,126.6627308,-311.3372692,33.50384031,-9,,1,,,,,,,,,,0.012131358,0.036362381,0.004173068,0.024262715,0.031373338,0.025435008,0.016184476,-8.212248367,0.006065679,,,,0.057206079,0.0,0.0,0.0,0.0,0.0,0.0,0.0,-268.0307225,0.0,1.0
643.9799805,0,0,0,0,0,0.298119248,0.701880752,0.396339037,0.445374634,0.805480276,0,0,0,0,0,0,0,0,0,644,0,0,0,1,1,1,1,0.369996577,0.191146118,0.374342741,0.219648447,0.371378211,0.243737905,0.369996577,0.191146118,0.374035218,0.204758776,0.385744228,0.155481081,0.369996577,0.191146118,0.805480276,1.861796701,,,1.126150678,,,1.146278643,,,1.163570555,,,1.126150678,,,1.13571928,,,1.101461595,,,1.126150678,,,0.002143392,0.002003089,0.002209607,0.002143392,0.002112631,0.002222432,0.002143392,225.453917,225.453917,612.1263653,0,,0.0,231.8882965,231.8882965,,613.5342937,0,,29.4899932,29.4899932,614.7100822,0,173.8509863,173.8509863,612.1263653,0,,167.4816095,167.4816095,612.5106361,0,,170.1805459,-473.8194541,682.3018977,-1,,54.74129515,54.74129515,612.1263653,0,,0.365831473,0.16604243,0.317400776,-7.905121295,1.108715726,0.007347723,0.002183272,0.000725133,178.0678968,178.0678968,612.0210901,0,,64.38834935,64.38834935,612.0262073,0,,1,,,,,,,,,,0.0,0.0,0.0,0.0,0.0,-0.000377724,0.0,0.0,0.0,,,,0.0,0.0,0.0,0.0,0.0,0.0,0.0,0.0,0.0,0.0,1.0
71.19999695,0,0,0,0,0,0.053221289,0.946778711,0.080779944,0.072833822,0.481400998,0,142,0,0,142,0,0,71,0,712,0,0,142,1,1,1,1,0.072639547,1.565583512,0.073926913,1.841833949,0.066995655,2.153015002,0.072639547,1.565583512,0.073853302,1.713731408,0.077427864,1.393285388,0.072639547,1.565583512,0.481400998,1.537717423,0.0,0.0,1.961421006,0.0,0.0,2.208999139,0.0,0.0,2.525503552,0.0,0.0,1.961421006,0.0,0.0,2.090528957,0.0,0.0,1.821261662,0.0,0.0,1.961421006,0.0,0.0,0.001940999,0.001795972,0.002189485,0.001940999,0.001808161,0.001795716,0.001940999,204.165115,204.165115,70.40273939,3,0.0,70.40273939,207.9113676,65.91136759,0.0,70.4922966,1,0.0,29.22143077,29.22143077,70.5896446,0,157.4348634,86.4348634,70.40273939,1,0.0,143.3443554,143.3443554,70.43374037,2,0.0,137.5051792,-574.4948208,72.97397823,-8,0.0,49.57227166,49.57227166,70.40273939,1,0.0,0.07141283,1.330997104,0.058056632,-6.048191291,1.773095498,0.074085799,0.001981984,0.003602488,161.650802,161.650802,70.3483942,2,0.0,319.8835872,319.8835872,69.49858478,5,0.0,1,0.0,0.0,0.0,0.0,0.0,0.0,0.0,0.0,0.0,0.11489305,0.053005505,0.0,0.038297683,0.091777354,-0.242655521,0.05536104,2.857860773,0.038297683,0.0,0.0,0.0,0.050713913,0.0,0.0,0.0,0.0,0.0,0.0,0.0,208.4957543,0.0,1.0
64.19999695,0,0,0,0,0,0.441376551,0.558623449,0.473139674,0.987442445,0.358432096,0,0,0,0,0,0,0,0,0,0,0,0,0,1,1,1,1,0.466029921,0.047552998,0.467427317,0.054387195,0.564337277,-0.117266932,0.466029921,0.047552998,0.46711286,0.051055327,0.470421363,0.038764033,0.466029921,0.047552998,0.358432096,1.414748521,0.0,0.0,1.016635451,0.0,0.0,1.019048893,0.0,0.0,0.96013059,0.0,0.0,1.016635451,0.0,0.0,1.017871556,0.0,0.0,1.013540099,0.0,0.0,1.016635451,0.0,0.0,0.000756528,0.000593573,0.000591446,0.000756528,0.000630569,0.000731424,0.000756528,79.57584262,79.57584262,59.66046492,1,0.0,0.0,68.71512916,68.71512916,0.0,59.66046492,1,0.0,7.893596546,7.893596546,59.66046492,0,61.36215734,61.36215734,59.66046492,1,0.0,49.98920297,49.98920297,59.66046492,1,0.0,56.0080596,56.0080596,59.66046492,1,0.0,19.32139723,19.32139723,59.66046492,0,0.0,0.464757926,0.041387552,0.449151071,-8.848466584,1.014463078,0.046421557,0.000885988,0.001658126,72.26124442,72.26124442,59.66046492,1,0.0,147.2335949,147.2335949,60.71280143,2,0.0,1,0.0,0.0,0.0,0.0,0.0,0.0,0.0,0.0,0.0,3.53e-05,4.62e-05,0.0,3.53e-05,4.07e-05,2.35e-05,2.68e-05,2.0,0.0,0.0,0.0,0.0,0.09252496,0.0,0.0,0.0,0.0,0.0,0.0,0.0,121.4256029,0.0,1.0
40.66999817,0,0,0,0,0,0.034013605,0.965986395,0.033028253,0.09292591,0.479237768,81,0,81,0,81,0,0,0,0,0,41,0,162,1,1,1,1,0.033249326,2.700078442,0.033226785,3.222815956,0.043347855,2.947177894,0.033249326,2.700078442,0.033207728,2.997291092,0.033117865,2.535923675,0.033249326,2.700078442,0.479237768,1.535554193,0.0,0.0,3.183688078,0.0,0.0,3.983807011,0.0,0.0,3.539619078,0.0,0.0,3.183688078,0.0,0.0,3.616519986,0.0,0.0,2.967250415,0.0,0.0,3.183688078,0.0,0.0,0.003135408,0.003220744,0.003051011,0.003135408,0.003110453,0.00291025,0.003135408,329.7997206,248.7997206,40.40118494,6,0.0,80.80236988,372.8505782,291.8505782,0.0,40.48183547,7,0.0,40.7195841,40.7195841,40.4323829,1,254.313642,254.313642,40.40118494,6,0.0,246.5852883,246.5852883,40.44261874,6,0.0,222.8494839,222.8494839,40.37375781,6,0.0,80.07695803,80.07695803,40.40118494,2,0.0,0.033280191,2.263328909,0.033808283,-5.874570688,2.639850269,0.080495615,0.002938577,0.00389383,239.6706069,198.6706069,40.38079165,5,0.0,345.7533573,345.7533573,39.56881562,9,0.0,1,0.0,0.0,0.0,0.0,0.0,0.0,0.0,0.0,0.0,0.683477212,1.136028106,0.135716524,0.683477212,0.842226927,0.602897708,0.400207637,4.853050421,0.227825737,0.0,0.0,0.0,0.000135366,40.40118494,40.48183547,0.0,40.40118494,40.44261874,40.37375781,0.0,197.8440781,0.0,1.0
45.45000076,1,1,1,1,1,0.553421369,0.446578631,0.582968563,0.431142738,0.584211046,0,136,2454,0,2590,0,91,0,0,0,0,0,2590,1,1,1,1,0.576194079,-0.108181491,0.577208468,-0.130854312,0.510400731,-0.018727393,0.576194079,-0.108181491,0.577336983,-0.121865775,0.580290336,-0.107025378,0.576194079,-0.108181491,0.584211046,1.640527471,0.0,0.0,0.947856873,0.0,0.0,0.937278125,0.0,0.0,0.990772444,0.0,0.0,0.947856873,0.0,0.0,0.941457822,0.0,0.0,0.948399484,0.0,0.0,0.947856873,0.0,0.0,0.00117037,0.000987253,0.00111997,0.00117037,0.001055183,0.001191517,0.00117037,123.1060292,123.1060292,43.58982062,3,0.0,-47.34213595,114.2897189,-2475.710281,0.0,47.28963849,-52,0.0,14.94741173,14.94741173,43.58982062,0,94.92895441,94.92895441,43.58982062,2,0.0,83.65101482,83.65101482,43.58982062,2,0.0,91.23926242,91.23926242,43.58982062,2,0.0,29.89073586,-61.10926414,47.34213595,-1,0.0,0.575119224,-0.089408206,0.56001718,-9.642279011,0.956706469,0.008454132,0.001295295,0.000522352,105.6443755,105.6443755,43.58982062,2,0.0,46.38234964,46.38234964,43.75880084,1,0.0,0,0.0,0.0,0.0,0.0,0.0,0.0,0.0,0.0,0.0,0.000548589,-0.013912316,0.0,0.000365726,0.000464102,0.000357951,0.000249807,1.0,-0.000182863,0.0,0.0,0.0,-0.060037406,0.0,0.0,0.0,0.0,0.0,0.0,0.0,43.75880084,0.0,1.0
220.0,1,1,1,1,1,0.839935974,0.160064026,0.892160764,0.718292172,0.548604993,220,0,0,0,0,0,0,0,0,0,0,0,220,1,1,1,1,0.880196701,-1.013357474,0.882092562,-1.227424611,0.806692653,-0.788085678,0.880196701,-1.013357474,0.882175982,-1.141903377,0.887457036,-1.006793096,0.880196701,-1.013357474,0.548604993,1.604921418,,,0.619158563,,,0.559526916,,,0.688786813,,,0.619158563,,,0.58262839,,,0.621084313,,,0.619158563,,,0.000709236,0.000539825,0.000711616,0.000709236,0.00059808,0.000718748,0.000709236,74.60136125,-145.3986388,224.8079096,-1,,0.0,62.49297487,62.49297487,,210.3540536,0,,9.497405723,9.497405723,210.3540536,0,57.52625817,57.52625817,210.3540536,0,,47.41361037,47.41361037,210.3540536,0,,55.03739619,55.03739619,210.3540536,0,,18.11356923,18.11356923,210.3540536,0,,0.878254993,-0.837015302,0.851770484,-11.73126184,0.67302632,0.003888374,0.000853897,0.000221509,69.64390712,69.64390712,210.3540536,0,,19.66895105,19.66895105,212.9689016,0,,1,,,,,,,,,,-0.016045209,0.0,0.0,0.0,0.0,0.0,0.0,0.0,0.0,,,,0.0,0.0,0.0,0.0,0.0,0.0,0.0,0.0,0.0,0.0,1.0
145.4100037,0,0,0,0,0,0.258137774,0.741862226,0.291385768,0.29314616,0.237699023,0,0,0,0,0,0,0,0,0,0,0,582,0,1,1,1,1,0.283489113,0.353152267,0.28482983,0.417844532,0.280335683,0.464695522,0.283489113,0.353152267,0.284745304,0.388676923,0.288285588,0.32112043,0.283489113,0.353152267,0.237699023,1.294015448,0.0,0.0,1.095296436,0.0,0.0,1.113713007,0.0,0.0,1.127243569,0.0,0.0,1.095296436,0.0,0.0,1.105371557,0.0,0.0,1.086290666,0.0,0.0,1.095296436,0.0,0.0,0.000600761,0.000453998,0.000481692,0.000600761,0.0004791,0.000561328,0.000600761,63.19134456,63.19134456,133.322745,0,0.0,0.0,52.55726367,52.55726367,0.0,133.8848992,0,0.0,6.428790225,6.428790225,134.3590097,0,48.72781865,48.72781865,133.322745,0,0.0,37.98128562,37.98128562,133.3851484,0,0.0,42.98316371,42.98316371,133.1104629,0,0.0,15.34316232,15.34316232,133.322745,0,0.0,0.28218253,0.298609877,0.265549253,-7.533859207,1.08000615,0.143437881,0.000724291,0.003682831,59.07323875,59.07323875,133.217001,0,0.0,327.0176898,-254.9823102,141.6486917,-2,0.0,1,0.0,0.0,0.0,0.0,0.0,0.0,0.0,0.0,0.0,0.0,0.0,0.0,0.0,0.0,0.0,0.0,-1.77371983,0.0,0.0,0.0,0.0,0.0,0.0,0.0,0.0,0.0,0.0,0.0,0.0,-283.2973834,0.0,1.0
73.31999969,1,1,1,1,1,0.659063625,0.340936375,0.676084361,0.522812892,0.313608281,0,0,0,0,0,0,0,0,0,0,0,0,0,1,1,1,1,0.672212299,-0.264168722,0.672734895,-0.31633609,0.607793948,-0.201088119,0.672212299,-0.264168722,0.672889036,-0.294415199,0.674541616,-0.251566659,0.672212299,-0.264168722,0.313608281,1.369924706,0.0,0.0,0.920214364,0.0,0.0,0.905227838,0.0,0.0,0.938667796,0.0,0.0,0.920214364,0.0,0.0,0.91149526,0.0,0.0,0.923871709,0.0,0.0,0.920214364,0.0,0.0,0.000613378,0.000463546,0.000506721,0.000613378,0.00049637,0.000590995,0.000613378,64.51856224,64.51856224,70.3814286,1,0.0,0.0,53.66251975,53.66251975,0.0,70.3814286,1,0.0,6.762823902,6.762823902,70.3814286,0,49.75125663,49.75125663,70.3814286,1,0.0,39.35036085,39.35036085,70.3814286,1,0.0,45.25483618,45.25483618,70.3814286,1,0.0,15.66541715,15.66541715,70.3814286,0,0.0,0.671620459,-0.220645847,0.662795072,-10.37817899,0.932907192,0.038136181,0.000740677,0.001209161,60.40970267,60.40970267,70.3814286,1,0.0,107.3676864,107.3676864,70.76560109,2,0.0,1,0.0,0.0,0.0,0.0,0.0,0.0,0.0,0.0,0.0,0.001090392,0.001563571,0.0,0.001090392,0.00135438,0.00098884,0.000760697,2.0,0.0,0.0,0.0,0.0,0.0,0.0,0.0,0.0,0.0,0.0,0.0,0.0,141.5312022,0.0,1.0
116.7600021,1,1,1,1,1,0.545018007,0.454981993,0.516912057,0.360401842,0.545047678,0,117,234,0,351,0,0,0,0,0,0,0,351,1,1,1,1,0.52260643,-0.031584408,0.521439181,-0.035732659,0.454444472,0.082514318,0.52260643,-0.031584408,0.521727938,-0.033669511,0.519047254,-0.024923798,0.52260643,-0.031584408,0.545047678,1.601364103,0.0,0.0,0.985238335,0.0,0.0,0.983315818,0.0,0.0,1.039616971,0.0,0.0,0.985238335,0.0,0.0,0.984271519,0.0,0.0,0.988333077,0.0,0.0,0.985238335,0.0,0.0,0.001120042,0.000940305,0.001064346,0.001120042,0.001001438,0.001134282,0.001120042,117.8122285,117.8122285,111.9415599,1,0.0,0.0,108.8547895,-242.1452105,0.0,121.7469575,-2,0.0,14.20503877,14.20503877,111.9415599,0,90.84682314,90.84682314,111.9415599,1,0.0,79.39031388,79.39031388,111.9415599,1,0.0,86.85648137,86.85648137,111.9415599,1,0.0,28.60537558,28.60537558,111.9415599,0,0.0,0.52366809,-0.027738296,0.537420059,-9.480481363,0.987024183,0.011516898,0.001244079,0.000650718,101.4671591,101.4671591,111.9415599,1,0.0,57.78059864,57.78059864,112.2828815,1,0.0,1,0.0,0.0,0.0,0.0,0.0,0.0,0.0,0.0,0.0,1.56e-05,-3.99e-05,0.0,1.56e-05,1.77e-05,9.71e-06,1.2e-05,1.0,0.0,0.0,0.0,0.0,0.0,0.0,0.0,0.0,0.0,0.0,0.0,0.0,112.2828815,0.0,1.0
325.0100098,1,1,1,1,1,0.866346539,0.133653461,0.944289694,0.519464211,0.718476384,0,0,0,0,0,0,0,0,0,0,0,0,0,1,1,1,1,0.925823608,-1.539541202,0.92841994,-1.889914506,0.715797127,-0.453657822,0.925823608,-1.539541202,0.928968654,-1.767824079,0.936909624,-1.637392713,0.925823608,-1.539541202,0.718476384,1.774792809,0.0,0.0,0.413453727,0.0,0.0,0.338167777,0.0,0.0,0.770854151,0.0,0.0,0.413453727,0.0,0.0,0.362702682,0.0,0.0,0.390883588,0.0,0.0,0.413453727,0.0,0.0,0.000668111,0.000487959,0.001203034,0.000668111,0.000557029,0.000659297,0.000668111,70.27565071,70.27565071,312.2012031,0,0.0,0.0,56.48871339,56.48871339,0.0,312.2012031,0,0.0,16.0559986,16.0559986,312.2012031,0,54.19063618,54.19063618,312.2012031,0,0.0,44.15920183,44.15920183,312.2012031,0,0.0,50.48497538,50.48497538,312.2012031,0,0.0,17.06326591,17.06326591,312.2012031,0,0.0,0.92298706,-1.252617071,0.882947675,-11.95449365,0.487431271,0.001050911,0.000833029,8.69e-05,67.94190174,67.94190174,312.2012031,0,0.0,7.714264524,7.714264524,314.9719923,0,0.0,1,0.0,0.0,0.0,0.0,0.0,0.0,0.0,0.0,0.0,0.0,0.0,0.0,0.0,0.0,0.0,0.0,0.0,0.0,0.0,0.0,0.0,0.0,0.0,0.0,0.0,0.0,0.0,0.0,0.0,0.0,0.0,1.0
949.1500244,1,1,1,1,1,0.368147259,0.631852741,0.380023876,0.086647133,0.978731439,0,0,0,0,0,0,0,949,949,949,949,0,0,1,1,1,1,0.376638028,0.180402332,0.376279693,0.215927788,0.171812859,0.903456185,0.376638028,0.180402332,0.377503364,0.198571786,0.378434772,0.166338648,0.376638028,0.180402332,0.978731439,2.035047863,,,1.136756857,,,1.165815532,,,1.900131494,,,1.136756857,,,1.151527238,,,1.125454356,,,1.136756857,,,0.002933118,0.002908359,0.005196845,0.002933118,0.003058853,0.003168689,0.002933118,308.521743,308.521743,922.4318547,0,,0.0,336.6871918,336.6871918,,923.1054561,0,,69.35844219,69.35844219,934.6331642,0,237.9058658,-711.0941342,979.0635358,-1,,242.4946309,-706.5053691,979.0635358,-1,,242.6391838,-706.3608162,979.0635358,-1,,74.91056273,74.91056273,922.4318547,0,,0.37648517,0.151510982,0.368739039,-8.272708395,1.113659548,0.002800606,0.002854016,0.000384182,232.773783,-716.226217,979.0635358,-1,,34.11346904,34.11346904,922.5746024,0,,1,,,,,,,,,,0.0,0.0,0.0,-0.000508516,-0.000616106,-0.000432321,-0.000358681,0.0,0.0,,,,0.0,0.0,0.0,0.0,0.0,0.0,0.0,0.0,0.0,0.0,1.0
90.25,0,0,0,0,0,0.402160864,0.597839136,0.376044568,0.623691921,0.611691295,0,0,0,0,0,0,0,0,0,0,0,0,0,1,1,1,1,0.381493121,0.172653305,0.380650212,0.207593668,0.448656496,0.093156198,0.381493121,0.172653305,0.38055678,0.193165581,0.378162225,0.166746945,0.381493121,0.172653305,0.611691295,1.66800772,0.0,0.0,1.092353561,0.0,0.0,1.112056645,0.0,0.0,1.04881557,0.0,0.0,1.092353561,0.0,0.0,1.103877844,0.0,0.0,1.089057592,0.0,0.0,1.092353561,0.0,0.0,0.001427636,0.00125185,0.001269145,0.001427636,0.001322319,0.001456043,0.001427636,150.1666689,150.1666689,87.33871622,2,0.0,0.0,144.9208939,144.9208939,0.0,87.47618601,2,0.0,16.93834038,16.93834038,87.01895639,0,115.7958302,115.7958302,87.33871622,1,0.0,104.828618,104.828618,87.4441944,1,0.0,111.4950179,111.4950179,87.2477998,1,0.0,36.46118928,36.46118928,87.33871622,0,0.0,0.382388141,0.143615643,0.395749637,-8.466106974,1.076244925,0.01314763,0.001530603,0.00086386,124.8361439,124.8361439,87.23802191,1,0.0,76.70663965,76.70663965,87.44381398,1,0.0,1,0.0,0.0,0.0,0.0,0.0,0.0,0.0,0.0,0.0,0.000931536,0.001346723,0.0,0.000465768,0.000583015,0.000434446,0.000322273,1.0,0.0,0.0,0.0,0.0,0.002244658,0.0,0.0,0.0,0.0,0.0,0.0,0.0,87.44381398,0.0,1.0
398.2799988,1,1,1,1,1,0.87755102,0.12244898,0.91603661,0.935956467,0.435352119,0,0,0,0,0,0,0,0,0,0,0,0,0,1,1,1,1,0.907440282,-1.279927597,0.908934707,-1.548704049,0.910034931,-1.692452433,0.907440282,-1.279927597,0.908824306,-1.43833633,0.912702425,-1.260953451,0.907440282,-1.279927597,0.435352119,1.491668544,0.0,0.0,0.599393446,0.0,0.0,0.538310631,0.0,0.0,0.508238827,0.0,0.0,0.599393446,0.0,0.0,0.562601358,0.0,0.0,0.603958745,0.0,0.0,0.599393446,0.0,0.0,0.000534574,0.000387532,0.000388978,0.000534574,0.000430833,0.000531411,0.000534574,56.22951393,56.22951393,380.8527625,0,0.0,0.0,44.86272266,44.86272266,0.0,380.8527625,0,0.0,5.191395281,5.191395281,380.8527625,0,43.35944387,43.35944387,380.8527625,0,0.0,34.15489169,34.15489169,380.8527625,0,0.0,40.69229321,40.69229321,380.8527625,0,0.0,13.65279636,13.65279636,380.8527625,0,0.0,0.905981922,-1.059027893,0.886693258,-11.9813124,0.654750979,0.008301901,0.000668879,0.000360724,54.55387029,54.55387029,380.8527625,0,0.0,32.03055421,32.03055421,384.4052739,0,0.0,1,0.0,0.0,0.0,0.0,0.0,0.0,0.0,0.0,0.0,0.0,0.0,0.0,0.0,0.0,0.0,0.0,0.0,0.0,0.0,0.0,0.0,0.0,0.0,0.0,0.0,0.0,0.0,0.0,0.0,0.0,0.0,1.0
22.55999947,0,1,0,1,1,0.631452581,0.368547419,0.676880223,0.361239012,-0.121954215,0,0,0,0,0,0,0,0,0,0,0,1466,0,1,1,1,1,0.666168341,-0.25312876,0.66757421,-0.30505287,0.507689717,-0.013843947,0.666168341,-0.25312876,0.668033938,-0.284536154,0.672578093,-0.248156088,0.666168341,-0.25312876,-0.056316425,1.0,0.0,0.0,1.0,0.0,0.0,1.0,0.0,0.0,1.0,0.0,0.0,1.0,0.0,0.0,1.0,0.0,0.0,1.0,0.0,0.0,1.0,0.0,0.0,0.000227163,0.000145349,0.000148525,0.000227163,0.000154415,0.000196845,0.000227163,23.89422591,23.89422591,21.70819733,1,0.0,0.0,16.82634043,16.82634043,0.0,21.70819733,1,0.0,1.982255807,1.982255807,21.70819733,0,18.42520546,18.42520546,21.70819733,1,0.0,12.24146475,12.24146475,21.70819733,1,0.0,15.07322606,15.07322606,21.70819733,1,0.0,5.801632948,5.801632948,21.70819733,0,0.0,0.664562195,-0.209871842,0.641010141,-10.22219671,1.0,1.0,0.000312641,0.009890513,25.49899147,25.49899147,21.70819733,1,0.0,878.2299542,-587.7700458,22.44692875,-26,0.0,1,0.0,0.0,0.0,0.0,0.0,0.0,0.0,0.0,0.0,0.001001159,0.00145402,0.0,0.001001159,0.001265013,0.00096221,0.000688222,-26.0,0.0,0.0,0.0,0.0,0.0,0.0,0.0,0.0,0.0,0.0,0.0,0.0,-583.6201476,0.0,1.0
16.35000038,1,1,0,1,1,0.474702381,0.525297619,0.482326951,0.324554295,-0.12550241,16,0,16,0,16,0,0,0,0,0,0,1390,32,1,1,1,1,0.480518784,0.02720728,0.48065816,0.032228737,0.409558356,0.166911046,0.480518784,0.02720728,0.480870735,0.029633162,0.481576919,0.024105359,0.480518784,0.02720728,-0.056316425,1.0,,,1.0,,,1.0,,,1.0,,,1.0,,,1.0,,,1.0,,,1.0,,,0.000227163,0.000145349,0.000148525,0.000227163,0.000154415,0.000196845,0.000227163,23.89422591,7.894225912,15.45305493,1,,0.0,16.82634043,0.826340434,,15.45305493,0,,1.982255807,1.982255807,15.48037363,0,18.42520546,18.42520546,15.45305493,1,,12.24146475,12.24146475,15.45305493,1,,15.07322606,15.07322606,15.45305493,1,,5.801632948,5.801632948,15.45305493,0,,0.480288611,0.023089245,0.476123495,-9.041591838,1.0,1.0,0.000312641,0.009890513,25.49899147,25.49899147,15.45305493,2,,878.2299542,-511.7700458,16.25984998,-31,,1,,,,,,,,,,1.16e-05,0.0,0.0,1.16e-05,1.37e-05,9.08e-06,1.67e-05,-31.0,0.0,,,,0.121254698,0.0,0.0,0.0,0.0,0.0,0.0,0.0,-504.0553494,0.0,1.0
29.01000023,1,1,1,1,1,0.366946779,0.633053221,0.359729407,0.101297614,0.690424773,174,0,145,0,145,0,0,580,232,580,203,551,319,1,1,1,1,0.360717184,0.20645739,0.359860308,0.248037371,0.18943851,0.807358533,0.360717184,0.20645739,0.360787282,0.228882465,0.359912475,0.194708894,0.360717184,0.20645739,0.690424773,1.746741198,,,1.122043972,,,1.148369729,,,1.568791753,,,1.122043972,,,1.136166215,,,1.11471554,,,1.122043972,,,0.001716992,0.00155471,0.00229352,0.001716992,0.001637055,0.001771289,0.001716992,180.6028209,6.602820903,28.04783807,0,,56.09567613,179.9815094,34.98150937,,28.08961785,1,,30.60991379,30.60991379,28.36178897,1,139.2656156,-440.7343844,30.06421049,-15,,129.7797314,-102.2202686,30.06421049,-3,,135.6347281,-444.3652719,30.06421049,-15,,43.85123335,43.85123335,28.04783807,2,,0.361193757,0.172490727,0.363423216,-8.234646566,1.100986974,0.010123563,0.001794907,0.000788977,146.3928069,-56.60719309,30.06421049,-2,,70.05736101,-480.942639,28.87350304,-17,,1,,,,,,,,,,0.0,0.00096129,0.010184809,-0.009990153,-0.002455649,-0.00888552,-0.000929783,-17.0,0.00133202,,,,0.286217682,0.0,0.0,0.0,0.0,0.0,0.0,0.0,-490.8495516,0.0,1.0
230.4299927,0,0,0,0,0,0.464763604,0.535236396,0.560352423,0.725024728,1.223030412,0,0,0,0,0,0,0,1152,0,0,0,0,0,1,1,1,1,0.536555613,-0.051200505,0.540627255,-0.06795684,0.568451426,-0.124974263,0.536555613,-0.051200505,0.540262358,-0.062606737,0.55094478,-0.067113289,0.536555613,-0.051200505,1.054172542,2.110488966,,,0.962479354,,,0.950508381,,,0.910878525,,,0.962479354,,,0.954314304,,,0.951107451,,,0.962479354,,,0.002812667,0.002742987,0.00289222,0.002812667,0.002932757,0.003068842,0.002812667,295.8520221,295.8520221,196.9684577,2,,0.0,317.542858,317.542858,,196.9684577,2,,38.60031196,38.60031196,196.9684577,0,228.136049,-923.863951,261.41986,-4,,232.4981883,232.4981883,196.9684577,1,,234.9934861,234.9934861,196.9684577,1,,71.83429359,71.83429359,196.9684577,0,,0.532653855,-0.038327692,0.485168958,-9.106358253,0.971778184,0.001111863,0.00277382,0.00017452,226.2330383,226.2330383,196.9684577,1,,15.49650971,15.49650971,201.3547196,0,,1,,,,,,,,,,8.19e-05,0.000144317,0.0,-0.000163843,6.12e-05,7.04e-05,2.3e-05,0.0,0.0,,,,,0.0,0.0,0.0,0.0,0.0,0.0,0.0,0.0,0.0,
97.66000366,0,0,0,0,0,0.162865146,0.837134854,0.139275766,0.0452072,0.615197956,0,0,98,0,98,0,0,0,0,488,0,0,98,1,1,1,1,0.143596869,0.847975609,0.142601348,1.018941637,0.082331945,1.824035903,0.143596869,0.847975609,0.142951535,0.944949404,0.140849226,0.810316372,0.143596869,0.847975609,0.615197956,1.67151438,,,1.54593752,,,1.687859095,,,2.55247128,,,1.54593752,,,1.624904241,,,1.516316221,,,1.54593752,,,0.002035004,0.001916068,0.00311539,0.002035004,0.001962886,0.002043281,0.002035004,214.0530913,214.0530913,94.8454592,2,,94.8454592,221.8142479,123.8142479,,95.07857943,1,,41.57880889,41.57880889,96.01647101,0,165.0596342,165.0596342,94.8454592,2,,155.6104256,155.6104256,94.98103482,2,,156.4622303,-331.5377697,102.6228472,-3,,51.97311986,51.97311986,94.8454592,1,,0.144465385,0.70683068,0.155718784,-6.747462062,1.437808597,0.031230069,0.002057563,0.002067972,167.8150188,167.8150188,94.76391564,2,,183.6259471,183.6259471,92.79419799,2,,1,,,,,,,,,,0.022470707,0.016222532,0.0,0.022470707,0.027904043,-0.030778717,0.0156128,1.422757634,0.011235354,,,,0.119906187,0.0,0.0,0.0,0.0,0.0,0.0,0.0,92.79419799,0.0,1.0
265.5100098,1,1,1,1,1,0.964785914,0.035214086,0.992041385,0.971117622,0.494924439,0,0,0,0,0,0,0,0,0,0,0,0,0,1,1,1,1,0.986003861,-4.105401613,0.987030525,-5.036906,0.975690404,-4.145851008,0.986003861,-4.105401613,0.986987319,-4.677262727,0.989696929,-4.269154516,0.986003861,-4.105401613,0.494924439,1.551240864,0.0,0.0,0.164886521,0.0,0.0,0.109538454,0.0,0.0,0.161984065,0.0,0.0,0.164886521,0.0,0.0,0.128275322,0.0,0.0,0.153447874,0.0,0.0,0.164886521,0.0,0.0,0.00016813,9.22e-05,0.000145565,0.00016813,0.000114908,0.000156338,0.00016813,17.68483895,17.68483895,248.0986591,0,0.0,0.0,10.6773605,10.6773605,0.0,248.1351381,0,0.0,1.942749759,1.942749759,248.0986591,0,13.63705158,13.63705158,248.0986591,0,0.0,9.109494952,9.109494952,248.0986591,0,0.0,11.9714408,11.9714408,248.0986591,0,0.0,4.293963935,4.293963935,248.0986591,0,0.0,0.984987087,-3.351784095,0.971273384,-12.58691456,0.229553737,0.003980492,0.000263337,0.00019993,21.47778659,21.47778659,248.0986591,0,0.0,17.75284287,17.75284287,252.1379995,0,0.0,1,0.0,0.0,0.0,0.0,0.0,0.0,0.0,0.0,0.0,0.0,0.0,0.0,0.0,0.0,0.0,0.0,0.0,0.0,0.0,0.0,0.0,0.0,0.0,0.0,0.0,0.0,0.0,0.0,0.0,0.0,0.0,1.0
186.7700043,1,1,1,1,1,0.677070828,0.322929172,0.948666932,0.483465885,0.417195358,0,0,0,0,0,0,0,374,374,560,374,374,0,1,1,1,1,0.872469451,-0.954354235,0.884211069,-1.248505903,0.644986897,-0.278783312,0.872469451,-0.954354235,0.884231064,-1.160929085,0.917536855,-1.322799769,0.872469451,-0.954354235,0.417195358,1.473511783,,,0.690766101,,,0.616324626,,,0.89756482,,,0.690766101,,,0.637607467,,,0.598827698,,,0.690766101,,,0.000590795,0.000422477,0.000653305,0.000590795,0.000464906,0.00050328,0.000590795,62.14316067,62.14316067,175.5235447,0,,0.0,48.90823578,48.90823578,,175.5235447,0,,8.719173787,8.719173787,175.5235447,0,47.91954791,-326.0804521,191.8189573,-2,,36.85601003,-337.14399,191.0827315,-2,,38.53819417,-521.4618058,190.6256306,-3,,15.08865823,15.08865823,175.5235447,0,,0.860913105,-0.734608601,0.727047816,-10.83823507,0.752187285,0.014974212,0.000741053,0.000621808,60.44038249,-313.5596175,192.5841428,-2,,55.21356262,-318.7864374,183.5996478,-2,,1,,,,,,,,,,0.0,0.0,0.0,-0.02846225,-0.042117386,-0.082021839,-0.016864056,-2.0,0.0,,,,0.0,0.0,0.0,0.0,0.0,0.0,0.0,0.0,-367.1992955,0.0,1.0
134.1799927,0,0,0,0,0,0.490596238,0.509403762,0.580580979,0.744244454,0.777827924,0,0,0,0,0,0,0,0,0,0,0,0,0,1,1,1,1,0.558496806,-0.082451201,0.56229695,-0.104911352,0.591743348,-0.169438194,0.558496806,-0.082451201,0.561947831,-0.096977112,0.571876858,-0.095433963,0.558496806,-0.082451201,0.777827924,1.834144349,,,0.951216972,,,0.938345626,,,0.902327725,,,0.951216972,,,0.942872521,,,0.943755501,,,0.951216972,,,0.001720121,0.001544441,0.001611543,0.001720121,0.001651898,0.001800465,0.001720121,180.9319096,180.9319096,125.1801103,1,,0.0,178.792784,178.792784,,125.1801103,1,,21.50806793,21.50806793,125.1801103,0,139.519381,139.519381,125.1801103,1,,130.956432,130.956432,125.1801103,1,,137.8688493,137.8688493,125.1801103,1,,43.93113767,43.93113767,125.1801103,0,,0.554853274,-0.064763991,0.510102564,-9.284885367,0.96147721,0.003581377,0.001811276,0.000334397,147.7278182,147.7278182,125.1801103,1,,29.69286176,29.69286176,127.9127998,0,,1,0.003426516,0.003803127,0.002158922,0.003286641,0.003426516,0.643255024,0.003499752,0.002608866,0.003426516,0.000106222,0.000171975,0.0,0.000106222,0.000146946,0.000142307,6.55e-05,0.0,0.0,0.118117656,0.118117656,2.3e-05,0.0,0.0,0.0,0.0,0.0,0.0,0.0,0.0,0.0,0.0,1.0
207.3899994,0,0,0,0,0,0.751681614,0.248318386,0.799777531,0.940262843,0.946422537,0,207,0,0,207,0,0,0,0,0,0,0,207,1,1,1,1,0.788929125,-0.547596926,0.790877486,-0.6611417,0.826537984,-0.893828861,0.788929125,-0.547596926,0.790646323,-0.613801389,0.795579126,-0.534341106,0.788929125,-0.547596926,0.946422537,2.002738962,0.0,0.0,0.683646248,0.0,0.0,0.631805739,0.0,0.0,0.537525972,0.0,0.0,0.683646248,0.0,0.0,0.652923886,0.0,0.0,0.689969214,0.0,0.0,0.683646248,0.0,0.0,0.001670027,0.001478406,0.001376764,0.001670027,0.001626734,0.001829603,0.001670027,175.6627456,175.6627456,188.4930392,1,0.0,0.0,171.148166,-35.85183404,0.0,216.5453771,0,0.0,18.37464573,18.37464573,188.4930392,0,135.4562475,135.4562475,188.4930392,1,0.0,128.9615229,128.9615229,188.4930392,1,0.0,140.0999982,140.0999982,188.4930392,1,0.0,42.65175931,42.65175931,188.4930392,0,0.0,0.787067259,-0.454109384,0.763099813,-11.09637097,0.729507151,0.000449847,0.001783012,5.82e-05,145.4226605,145.4226605,188.4930392,1,0.0,5.164335742,5.164335742,193.925557,0,0.0,1,0.0,0.0,0.0,0.0,0.0,0.0,0.0,0.0,0.0,0.00468535,0.0,0.0,0.00468535,0.005886752,0.004461257,0.003222115,0.0,0.0,0.0,0.0,0.0,1.18303956,0.0,0.0,0.0,0.0,0.0,0.0,0.0,0.0,0.0,1.0
120.8799973,0,0,1,0,0,0.691476591,0.308523409,0.896935933,0.98953537,0.768013063,0,121,0,0,121,0,0,0,0,0,0,121,121,1,1,1,1,0.842816404,-0.771624666,0.851790853,-0.979344756,0.844061028,-1.004106552,0.842816404,-0.771624666,0.851160845,-0.906501871,0.875253329,-0.913517226,0.842816404,-0.771624666,0.768013063,1.824329488,,,0.62881989,,,0.554996027,,,0.546794941,,,0.62881989,,,0.579841627,,,0.577401168,,,0.62881989,,,0.001116442,0.000894078,0.000955318,0.001116442,0.000994281,0.001079637,0.001116442,117.4336194,117.4336194,115.6343162,1,,0.0,103.5031961,-17.49680391,,123.112148,0,,12.74992489,12.74992489,115.6343162,0,90.55487188,90.55487188,115.6343162,1,,78.82292051,78.82292051,115.6343162,1,,82.67210285,82.67210285,115.6343162,1,,28.51344748,28.51344748,115.6343162,0,,0.834195741,-0.610859409,0.732608113,-10.87804735,0.692632085,0.001444462,0.001284247,0.000132219,104.7433128,104.7433128,115.6343162,1,,11.74042361,-109.2595764,120.0634038,-1,,1,,,,,,,,,,0.009303197,0.0,0.0,0.009303197,0.012839776,0.013039277,0.005830457,-1.0,0.0,,,,0.052085245,0.0,0.0,0.0,0.0,0.0,0.0,0.0,-120.0634038,0.0,1.0
29.57999992,1,1,1,1,1,0.430172069,0.569827931,0.581774771,0.057764755,0.273549973,0,0,266,0,266,0,30,0,0,0,0,473,266,1,1,1,1,0.537874578,-0.053063589,0.54158455,-0.069574641,0.13427887,1.170629586,0.537874578,-0.053063589,0.545728086,-0.071206895,0.562936516,-0.083256012,0.537874578,-0.053063589,0.273549973,1.329866397,0.0,0.0,0.984986555,0.0,0.0,0.980361171,0.0,0.0,1.396153992,0.0,0.0,0.984986555,0.0,0.0,0.979905095,0.0,0.0,0.97654495,0.0,0.0,0.984986555,0.0,0.0,0.000593185,0.000445813,0.000667339,0.000593185,0.000473834,0.00055899,0.000593185,62.39455203,62.39455203,27.45809298,2,0.0,0.0,51.60973531,-214.3902647,0.0,31.08904111,-7,0.0,8.906475404,8.906475404,28.73987311,0,48.11339966,48.11339966,27.45809298,2,0.0,37.56379366,37.56379366,27.45809298,1,0.0,42.80408064,42.80408064,27.45809298,2,0.0,15.14969726,-14.85030274,31.08904111,0,0.0,0.532496864,-0.038142248,0.453468073,-8.879376748,0.989185369,0.079553998,0.000719293,0.002259991,58.66564261,58.66564261,27.45809298,2,0.0,200.6763037,-272.3236963,29.29584699,-9,0.0,0,0.0,0.0,0.0,0.0,0.0,0.0,0.0,0.0,0.0,8.8e-05,-0.000529444,0.0,8.8e-05,7.92e-05,0.000216611,4.55e-05,-9.0,0.0,0.0,0.0,0.0,0.0,0.0,0.0,0.0,0.0,0.0,0.0,0.0,-263.6626229,0.0,1.0
50.70000076,0,0,0,0,0,0.508603441,0.491396559,0.402307998,0.766429468,0.794197945,0,0,0,0,0,0,0,0,0,0,0,0,0,1,1,1,1,0.421479861,0.111607591,0.418176698,0.13898961,0.526579277,-0.047944353,0.421479861,0.111607591,0.418182483,0.12920974,0.409542607,0.121227416,0.421479861,0.111607591,0.794197945,1.850514369,0.0,0.0,1.071104559,0.0,0.0,1.089308456,0.0,0.0,0.970923104,0.0,0.0,1.071104559,0.0,0.0,1.082771434,0.0,0.0,1.077465007,0.0,0.0,1.071104559,0.0,0.0,0.001996682,0.001857801,0.001798391,0.001996682,0.001965709,0.002125093,0.001996682,210.0221271,210.0221271,48.99461787,4,0.0,48.99461787,215.0689357,215.0689357,0.0,49.05135867,4,0.0,24.00178979,24.00178979,48.98157972,0,161.9512955,161.9512955,48.99461787,3,0.0,155.8341553,155.8341553,49.02910215,3,0.0,162.7268737,162.7268737,48.99761088,3,0.0,50.99438235,50.99438235,48.99461787,1,0.0,0.424867431,0.08942464,0.478235663,-9.056715173,1.056580357,0.00379497,0.002043497,0.000366187,166.6678319,166.6678319,48.98157972,3,0.0,32.5156681,32.5156681,49.23874994,1,0.0,1,0.0,0.0,0.0,0.0,0.0,0.0,0.0,0.0,0.0,0.000778516,0.001207382,0.0,0.000583887,0.000782585,0.000688879,0.000374848,1.0,0.000194629,0.0,0.0,0.0,0.126717816,0.0,0.0,0.0,0.0,0.0,0.0,0.0,49.23874994,0.0,1.0
202.1499939,1,1,0,1,1,0.533413365,0.466586635,0.394349383,0.521557137,0.933220386,0,0,0,0,0,0,0,0,0,202,0,0,0,1,1,1,1,0.417979679,0.116784869,0.413756937,0.146834066,0.475488557,0.044200294,0.417979679,0.116784869,0.413913917,0.136252384,0.40317114,0.130249367,0.417979679,0.116784869,0.933220386,1.989536811,,,1.083651685,,,1.106284857,,,1.030872431,,,1.083651685,,,1.098261272,,,1.093735368,,,1.083651685,,,0.002587964,0.002521069,0.002569734,0.002587964,0.002664761,0.002829333,0.002587964,272.216499,272.216499,195.8323547,1,,0.0,291.8524256,291.8524256,,195.9230389,1,,34.29633699,34.29633699,195.7263787,0,209.9103332,209.9103332,195.8323547,1,,211.2524381,211.2524381,195.8871545,1,,216.653335,14.65333503,195.869286,0,,66.09547491,66.09547491,195.8323547,0,,0.422264771,0.092635665,0.491344493,-9.150575701,1.06579846,0.001846067,0.002554437,0.000232904,208.3400799,208.3400799,195.7263787,1,,20.68076481,20.68076481,196.6616996,0,,1,,,,,,,,,,0.000213105,0.000336879,0.0,0.000213105,0.000290074,0.0,0.000134084,0.0,0.0,,,,0.0,0.0,0.0,0.0,0.0,0.0,0.0,0.0,0.0,0.0,1.0
56.88999939,1,1,1,1,1,0.953181273,0.046818727,0.998010346,0.591879447,0.185594714,0,0,0,0,0,0,0,171,171,57,0,455,0,1,1,1,1,0.987561616,-4.284345562,0.988858273,-5.303989492,0.792920282,-0.723969776,0.987561616,-4.284345562,0.989416911,-5.012314393,0.993803849,-4.861443142,0.987561616,-4.284345562,0.185594714,1.241911139,,,0.395260747,,,0.316916505,,,0.854833052,,,0.395260747,,,0.337589336,,,0.348806263,,,0.395260747,,,0.000188369,0.0001096,0.00030864,0.000188369,0.000124118,0.000154533,0.000188369,19.81372997,19.81372997,54.15637132,0,,0.0,12.68792811,12.68792811,,54.19668086,0,,4.119193055,4.119193055,54.15637132,0,15.27867222,-155.7213278,56.93391045,-3,,9.839643786,-161.1603562,56.55340207,-3,,11.83322275,-45.16677725,56.56796573,-1,,4.810868911,4.810868911,54.15637132,0,,0.98602114,-3.444836839,0.962592736,-12.52476025,0.474103872,0.066303853,0.000281521,0.001462164,22.96091198,22.96091198,54.15637132,0,,129.8331046,-325.1668954,56.55340207,-6,,1,,,,,,,,,,0.0,0.0,0.0,-0.860419542,-1.17765448,-0.36927546,0.0,-6.0,0.0,,,,0.0,0.0,0.0,0.0,-56.93391045,-56.55340207,0.0,0.0,-339.3204124,0.0,1.0
76.86000061,0,0,0,0,0,0.062360802,0.937639198,0.022651934,0.153024911,0.615772502,1845,77,1768,0,1845,0,77,999,1614,1460,538,0,3690,1,1,1,1,0.026285508,3.083960154,0.025591972,3.73218388,0.046014254,2.831135587,0.026285508,3.083960154,0.025610184,3.468524718,0.023933751,3.034713537,0.026285508,3.083960154,0.615772502,1.672088926,0.0,0.0,4.881159547,0.0,0.0,6.811535502,0.0,0.0,4.286250509,0.0,0.0,4.881159547,0.0,0.0,5.94813266,0.0,0.0,4.759137303,0.0,0.0,4.881159547,0.0,0.0,0.006432901,0.007743136,0.005238912,0.006432901,0.007195246,0.006421337,0.006432901,676.6483338,-1168.351666,79.63901691,-15,0.0,76.40257679,896.3867705,-948.6132295,0.0,79.63901691,-12,0.0,69.91987908,69.91987908,76.29438681,1,521.7739475,-477.2260525,79.63901691,-6,0.0,570.4127242,-1043.587276,79.63901691,-13,0.0,491.7075027,-968.2924973,79.63901691,-12,0.0,164.2934691,87.29346914,76.40257679,1,0.0,0.027016765,2.548610658,0.043782766,-5.945988981,3.706817561,0.047043783,0.005310008,0.003119079,433.0847449,-104.9152551,79.63901691,-1,0.0,276.959167,276.959167,73.97970624,4,0.0,1,0.0,0.0,0.0,0.0,0.0,0.0,0.0,0.0,0.0,-2.229096148,-2.611724346,0.125239511,-0.891638459,-2.443728568,-1.726778672,-0.101490879,2.20967406,0.14860641,0.0,0.0,0.0,0.18647928,-159.2780338,-238.9170507,0.0,-79.63901691,-159.2780338,-159.2780338,0.0,147.9594125,0.0,1.0
578.1699829,0,0,0,0,0,0.49779912,0.50220088,0.591325109,0.500627878,0.628779412,0,0,0,0,0,0,0,578,578,1156,0,578,0,1,1,1,1,0.56817476,-0.09645243,0.571986536,-0.121712464,0.525673171,-0.0463033,0.56817476,-0.09645243,0.571845399,-0.112927728,0.582144116,-0.109598202,0.56817476,-0.09645243,0.628779412,1.685095837,,,0.950914579,,,0.938462581,,,0.976127466,,,0.950914579,,,0.942774437,,,0.944413857,,,0.950914579,,,0.001286869,0.001100406,0.001231594,0.001286869,0.001176381,0.001311778,0.001286869,135.3600863,135.3600863,541.6252284,0,,0.0,127.3889269,127.3889269,,541.6252284,0,,16.43717256,16.43717256,541.6252284,0,104.3782465,-473.6217535,612.9791693,-1,,93.25914517,-484.7408548,612.7360272,-1,,100.4481023,-1055.551898,612.7522303,-2,,32.86607984,32.86607984,541.6252284,0,,0.564433494,-0.076340387,0.517674214,-9.339099138,0.9609469,0.007647691,0.001408502,0.000521807,114.8775562,114.8775562,541.6252284,0,,46.33390616,-531.6660938,571.0941626,-1,,1,,,,,,,,,,0.0,0.0,0.0,-0.00014536,-0.00019926,-0.000375368,0.0,-1.0,0.0,,,,0.0,0.0,0.0,0.0,0.0,0.0,0.0,0.0,-571.0941626,0.0,1.0
68.33999634,1,1,1,1,1,0.53603798,0.46396202,0.638352638,0.293158133,0.854299531,0,273,0,0,273,0,0,0,0,752,0,0,273,1,1,1,1,0.612631598,-0.163387053,0.616423018,-0.202058368,0.431495687,0.125073592,0.612631598,-0.163387053,0.616853806,-0.18860993,0.62801315,-0.176068192,0.612631598,-0.163387053,0.854299531,1.910615956,0.0,0.0,0.899621667,0.0,0.0,0.877377639,0.0,0.0,1.084344715,0.0,0.0,0.899621667,0.0,0.0,0.8850502,0.0,0.0,0.892265925,0.0,0.0,0.899621667,0.0,0.0,0.001870724,0.001700484,0.002289699,0.001870724,0.001826133,0.001983558,0.001870724,196.7731785,196.7731785,61.7405672,3,0.0,61.7405672,196.8570658,-76.14293422,0.0,73.26678455,-1,0.0,30.55892039,30.55892039,62.21960512,0,151.7348274,151.7348274,61.7405672,2,0.0,144.769082,144.769082,61.7405672,2,0.0,151.8889572,-600.1110428,73.48261041,-8,0.0,47.77747394,47.77747394,61.7405672,1,0.0,0.608671746,-0.131850671,0.556848115,-9.619588187,0.918178456,0.001973457,0.001952085,0.000214337,159.2122291,159.2122291,61.7405672,3,0.0,19.03210381,19.03210381,63.61135044,0,0.0,1,0.0,0.0,0.0,0.0,0.0,0.0,0.0,0.0,0.0,0.001251344,-0.000637931,0.0,0.000834229,0.001111678,-0.003875001,0.000814903,0.0,0.000417115,0.0,0.0,0.0,0.083233576,0.0,0.0,0.0,0.0,0.0,0.0,0.0,0.0,0.0,1.0
96.22000122,0,0,0,0,0,0.094837935,0.905162065,0.035415838,0.761406446,0.250192398,0,0,0,0,0,0,0,0,0,0,0,289,0,1,1,1,1,0.040994822,2.369507129,0.039935954,2.875409256,0.07706659,1.926010982,0.040994822,2.369507129,0.039958731,2.672299011,0.037388079,2.354756027,0.040994822,2.369507129,0.250192398,1.306508823,0.0,0.0,1.884208826,0.0,0.0,2.157101183,0.0,0.0,1.673530591,0.0,0.0,1.884208826,0.0,0.0,2.043087232,0.0,0.0,1.876792455,0.0,0.0,1.884208826,0.0,0.0,0.001067997,0.000913791,0.000743866,0.001067997,0.000920267,0.001005338,0.001067997,112.3378805,112.3378805,95.21841506,1,0.0,0.0,105.7853893,105.7853893,0.0,95.50705028,1,0.0,9.927821873,9.927821873,94.90472989,0,86.62546914,86.62546914,95.21841506,1,0.0,72.95538535,72.95538535,95.42110327,1,0.0,76.98276987,76.98276987,95.10030679,1,0.0,27.27617757,27.27617757,95.21841506,0,0.0,0.042112336,1.952662439,0.067473309,-6.115615637,1.685497911,0.194940249,0.001162975,0.005186373,94.85238822,94.85238822,95.00465804,1,0.0,460.5249546,171.5249546,91.07172591,2,0.0,1,0.0,0.0,0.0,0.0,0.0,0.0,0.0,0.0,0.0,0.087727563,0.129187162,0.0,0.087727563,0.111580969,0.086638687,0.059576416,1.168773582,0.0,0.0,0.0,0.0,0.0,0.0,0.0,0.0,0.0,0.0,0.0,0.0,91.07172591,0.0,1.0
189.2299957,1,1,1,1,1,0.533813525,0.466186475,0.516116196,0.397655923,0.507310988,0,189,189,0,378,0,0,0,0,0,0,0,378,1,1,1,1,0.519751221,-0.027585245,0.519000989,-0.031659544,0.471334353,0.05172574,0.519751221,-0.027585245,0.519194806,-0.029734917,0.517480425,-0.022869632,0.519751221,-0.027585245,0.507310988,1.563627413,0.0,0.0,0.987744878,0.0,0.0,0.985947588,0.0,0.0,1.023391222,0.0,0.0,0.987744878,0.0,0.0,0.986796188,0.0,0.0,0.989829159,0.0,0.0,0.987744878,0.0,0.0,0.001034945,0.000857022,0.000950141,0.001034945,0.000912569,0.001038957,0.001034945,108.8613097,108.8613097,183.1861179,1,0.0,0.0,99.21349229,-278.7865077,0.0,195.5301827,-1,0.0,12.68083399,12.68083399,183.1861179,0,83.94463185,83.94463185,183.1861179,0,0.0,72.34513188,72.34513188,183.1861179,0,0.0,79.55712749,79.55712749,183.1861179,0,0.0,26.43204945,26.43204945,183.1861179,0,0.0,0.520429121,-0.023932043,0.529077519,-9.420747942,0.989359194,0.014829255,0.001162006,0.000767087,94.77334608,94.77334608,183.1861179,1,0.0,68.11366581,68.11366581,184.1404014,0,0.0,1,0.0,0.0,0.0,0.0,0.0,0.0,0.0,0.0,0.0,1.19e-05,-1.57e-05,0.0,0.0,0.0,0.0,8.95e-06,0.0,0.0,0.0,0.0,0.0,0.0,0.0,0.0,0.0,0.0,0.0,0.0,0.0,0.0,0.0,1.0
66.80000305,0,0,0,0,0,0.079631853,0.920368147,0.059689614,0.462536626,0.25280282,0,0,0,0,0,0,0,0,0,0,0,534,0,1,1,1,1,0.063142539,1.746404438,0.062557475,2.098473983,0.09782478,1.573619994,0.063142539,1.746404438,0.062538966,1.951398956,0.060988766,1.679944925,0.063142539,1.746404438,0.25280282,1.309119245,0.0,0.0,1.600637573,0.0,0.0,1.759858797,0.0,0.0,1.527850356,0.0,0.0,1.600637573,0.0,0.0,1.691504289,0.0,0.0,1.572239221,0.0,0.0,1.600637573,0.0,0.0,0.000913479,0.000751489,0.000684693,0.000913479,0.000768017,0.000848517,0.000913479,96.08483797,96.08483797,66.13946831,1,0.0,0.0,86.99640449,86.99640449,0.0,66.24942162,1,0.0,9.138086592,9.138086592,66.10438135,0,74.09249782,74.09249782,66.13946831,1,0.0,60.88560591,60.88560591,66.21492226,1,0.0,64.97432597,64.97432597,66.10373403,1,0.0,23.32986069,23.32986069,66.13946831,0,0.0,0.063752863,1.454013549,0.073763618,-6.160654878,1.479412734,0.190252983,0.00102683,0.0050992,83.74831766,83.74831766,66.09991524,1,0.0,452.7844103,-81.21558972,66.68868104,-1,0.0,1,0.0,0.0,0.0,0.0,0.0,0.0,0.0,0.0,0.0,0.047655132,0.068806142,0.0,0.047655132,0.059499342,0.044097109,0.033033678,-0.593026071,0.0,0.0,0.0,0.0,0.0,0.0,0.0,0.0,0.0,0.0,0.0,0.0,-66.68868104,0.0,1.0
91.98000336,1,1,1,1,1,0.714685874,0.285314126,0.810982889,0.937630808,0.454706079,0,0,0,0,0,0,0,0,0,0,0,0,0,1,1,1,1,0.788078537,-0.544773291,0.792037687,-0.665834472,0.81461955,-0.828231788,0.788078537,-0.544773291,0.791693577,-0.617731433,0.802006329,-0.555889847,0.788078537,-0.544773291,0.454706079,1.511022504,,,0.798615958,,,0.759687942,,,0.710431346,,,0.798615958,,,0.774923284,,,0.794959692,,,0.798615958,,,0.000744357,0.00057585,0.000573236,0.000744357,0.000624864,0.000734061,0.000744357,78.29563282,78.29563282,87.50853433,1,,0.0,66.66346839,66.66346839,,87.50853433,1,,7.650549632,7.650549632,87.50853433,0,60.37496786,60.37496786,87.50853433,1,,49.53689305,49.53689305,87.50853433,1,,56.20997613,56.20997613,87.50853433,1,,19.01055614,19.01055614,87.50853433,0,,0.784261483,-0.446450782,0.736222884,-10.90392947,0.831695501,0.011097941,0.0008827,0.000505779,71.99306437,71.99306437,87.50853433,1,,44.91074817,44.91074817,88.45397384,1,,1,,,,,,,,,,0.004637155,0.006927118,0.0,0.004637155,0.005962377,0.004828336,0.003114348,1.0,0.0,,,,0.0,0.0,0.0,0.0,0.0,0.0,0.0,0.0,88.45397384,0.0,1.0
213.2599945,1,1,1,1,1,0.922475107,0.077524893,0.943661972,0.737654321,0.320801797,1066,213,427,0,640,0,213,0,0,0,0,213,1706,1,1,1,1,0.938842237,-1.789184755,0.939480558,-2.151625113,0.852830371,-1.066877004,0.938842237,-1.789184755,0.939689257,-2.005568062,0.941738729,-1.738355615,0.938842237,-1.789184755,0.320801797,1.377118222,,,0.564098316,,,0.502326422,,,0.71077934,,,0.564098316,,,0.526361056,,,0.573348381,,,0.564098316,,,0.000382801,0.000262676,0.000392028,0.000382801,0.000292713,0.000374031,0.000382801,40.26515339,-1025.734847,217.5154198,-5,,-217.5154198,30.40881979,-609.5911802,,216.9266839,-3,,5.232105796,5.232105796,200.7383398,0,31.04907967,31.04907967,200.7383398,0,,23.20522134,23.20522134,200.7383398,0,,28.64103172,28.64103172,200.7383398,0,,9.776572859,-203.2234271,217.5154198,-1,,0.938110595,-1.487190541,0.927098915,-12.27062094,0.62133141,0.019712276,0.000501012,0.000637238,40.86262033,40.86262033,200.7383398,0,,56.58371045,-156.4162896,211.2700998,-1,,0,,,,,,,,,,-0.250092351,-0.217007373,0.0,0.0,0.0,0.0,0.0,-1.0,-0.05001847,,,,-0.01228391,0.0,0.0,0.0,0.0,0.0,0.0,0.0,-211.2700998,0.0,1.0
25.02000046,1,1,1,1,1,0.94037615,0.05962385,0.993235177,0.787358728,0.315271309,0,150,0,0,150,0,601,0,0,0,0,0,150,1,1,1,1,0.981153764,-3.632025336,0.983039689,-4.537078613,0.894069705,-1.465543712,0.981153764,-3.632025336,0.983164862,-4.23132981,0.988480024,-4.120179957,0.981153764,-3.632025336,0.315271309,1.371587734,,,0.317395259,,,0.238454638,,,0.629350856,,,0.317395259,,,0.262640516,,,0.272028311,,,0.317395259,,,0.000212443,0.000122701,0.000341436,0.000212443,0.000143722,0.000174807,0.000212443,22.34591216,22.34591216,23.96032703,1,,-600.9069716,14.20453556,-135.7954644,,24.82807081,-5,,4.556897448,4.556897448,23.96032703,0,17.23127689,17.23127689,23.96032703,1,,11.39372723,11.39372723,23.96032703,0,,13.38567687,13.38567687,23.96032703,1,,5.425694922,-595.5743051,25.03779048,-24,,0.979203672,-2.910916279,0.952334971,-12.45131362,0.398614976,0.019560773,0.000317617,0.000622993,25.90490175,25.90490175,23.96032703,1,,55.31876768,55.31876768,24.19520424,2,,0,,,,,,,,,,0.206118876,-1.608209558,0.0,0.206118876,0.0,0.26524817,0.1323974,2.0,-4.946853016,,,,-49.45125604,0.0,-49.65614162,0.0,0.0,0.0,0.0,0.0,48.39040847,-125.1889524,1.0
144.0500031,1,1,1,1,1,0.707883153,0.292116847,0.844409073,0.486814567,0.354874506,0,0,0,0,0,0,0,0,0,0,0,0,0,1,1,1,1,0.81025488,-0.624502181,0.815551138,-0.770360812,0.638318473,-0.264321293,0.81025488,-0.624502181,0.815772199,-0.717210351,0.830756933,-0.667163712,0.81025488,-0.624502181,0.354874506,1.411190931,0.0,0.0,0.806460974,0.0,0.0,0.76694634,0.0,0.0,0.912980064,0.0,0.0,0.806460974,0.0,0.0,0.781115998,0.0,0.0,0.79469741,0.0,0.0,0.806460974,0.0,0.0,0.000594982,0.000442251,0.000556626,0.000594982,0.000479045,0.000568114,0.000594982,62.58347565,62.58347565,138.9668889,0,0.0,0.0,51.19733374,51.19733374,0.0,138.9668889,0,0.0,7.428868625,7.428868625,138.9668889,0,48.25908157,48.25908157,138.9668889,0,0.0,37.97696783,37.97696783,138.9668889,0,0.0,43.50277825,43.50277825,138.9668889,0,0.0,15.19556882,15.19556882,138.9668889,0,0.0,0.804883495,-0.506527956,0.736151984,-10.90342182,0.839905881,0.023388543,0.000728089,0.000827664,59.38300253,59.38300253,138.9668889,0,0.0,73.49255416,73.49255416,139.4602567,1,0.0,1,0.0,0.0,0.0,0.0,0.0,0.0,0.0,0.0,0.0,0.0,0.0,0.0,0.0,0.0,0.0,0.0,1.0,0.0,0.0,0.0,0.0,0.0,0.0,0.0,0.0,0.0,0.0,0.0,0.0,139.4602567,0.0,1.0
229.2899933,0,0,0,0,0,0.145189504,0.854810496,0.054366686,0.834267913,0.73429498,0,0,0,0,0,0,0,229,229,0,229,0,0,1,1,1,1,0.062914118,1.751230141,0.061291326,2.131200968,0.116542718,1.342036358,0.062914118,1.751230141,0.061327388,1.980508048,0.057388612,1.757857485,0.062914118,1.751230141,0.73429498,1.790611405,,,2.773726166,,,3.460961071,,,2.185430529,,,2.773726166,,,3.170087157,,,2.784455685,,,2.773726166,,,0.004620245,0.005174474,0.003537062,0.004620245,0.005044627,0.004855158,0.004620245,485.9830851,485.9830851,223.6570608,2,,223.6570608,599.0247585,599.0247585,,224.9292519,3,,47.20654593,47.20654593,222.6983795,0,374.7490388,145.7490388,223.6570608,1,,399.9194996,170.9194996,224.7177092,1,,371.7789226,371.7789226,223.4680165,2,,117.9990299,117.9990299,223.6570608,1,,0.06462612,1.438937504,0.103419672,-6.372995192,2.312347635,0.02441314,0.004057048,0.002085575,330.89318,101.89318,223.2001102,0,,185.1889907,185.1889907,211.7703486,1,,1,,,,,,,,,,0.095837719,0.212907073,0.0,0.047918859,0.061287689,0.096564467,0.0,0.634610433,0.047918859,,,,0.0,0.0,0.0,0.0,0.0,0.0,0.0,0.0,211.7703486,0.0,1.0
614.8400269,1,1,1,1,1,0.486594638,0.513405362,0.502984481,0.421096693,0.878241732,1230,0,1230,0,1230,0,0,1230,1230,615,615,0,2460,1,1,1,1,0.499289246,0.000991504,0.499854653,0.000241916,0.465783105,0.061807657,0.499289246,0.000991504,0.499911508,0.000136933,0.501530341,-0.002000322,0.499289246,0.000991504,0.878241732,1.934558157,,,1.000654487,,,1.000159648,,,1.041628727,,,1.000654487,,,1.000090363,,,0.9986809,,,1.000654487,,,0.002171354,0.002037484,0.00231472,0.002171354,0.002169002,0.0023261,0.002171354,228.3951273,-1001.604873,643.2492246,-2,,0.0,235.8700189,-994.1299811,,643.2492246,-2,,30.89285078,30.89285078,591.8710575,0,176.1189989,-1053.881001,643.2492246,-2,,171.9504958,-1058.049504,643.2492246,-2,,178.1188207,-436.8811793,643.2492246,-1,,55.45543515,55.45543515,591.8710575,0,,0.49869554,0.001526227,0.490331658,-9.143323704,1.001007632,0.002397121,0.00220812,0.000272632,180.0944853,-434.9055147,643.2492246,-1,,24.20839712,24.20839712,595.0428446,0,,1,,,,,,,,,,-3.07e-08,-1.83e-09,0.0,-3.07e-08,-5.86e-10,-6.25e-08,-3.64e-08,0.0,0.0,,,,0.0,0.0,0.0,0.0,0.0,0.0,0.0,0.0,0.0,0.0,1.0
97.87000275,0,0,0,0,0,0.18607443,0.81392557,0.187823319,0.140226036,0.736771491,0,0,0,0,0,0,0,0,0,0,0,0,0,1,1,1,1,0.18740454,0.63374384,0.187429798,0.756011246,0.167180579,0.931283474,0.18740454,0.63374384,0.187488535,0.702607383,0.187647717,0.5929038,0.18740454,0.63374384,0.736771491,1.793087916,,,1.447832901,,,1.554983014,,,1.722562403,,,1.447832901,,,1.50723977,,,1.413713297,,,1.447832901,,,0.002423107,0.002337743,0.002803765,0.002423107,0.002411813,0.002477833,0.002423107,254.8759299,254.8759299,93.84155838,3,,93.84155838,270.629576,270.629576,,94.05305915,3,,37.41977363,37.41977363,94.51987674,0,196.5387534,196.5387534,93.84155838,2,,191.199694,191.199694,93.9877983,2,,189.7375662,189.7375662,93.7223827,2,,61.88510135,61.88510135,93.84155838,1,,0.187354292,0.531695116,0.186383433,-6.96702402,1.364076489,0.017106126,0.002403106,0.001468843,195.9975562,195.9975562,93.77052811,2,,130.4261702,130.4261702,92.22378424,1,,1,,,,,,,,,,0.018826465,0.026791547,0.0,0.012550977,0.015426785,0.010985466,0.008834366,0.758428495,0.006275488,,,,1.104737014,0.0,0.0,0.0,0.0,0.0,0.0,0.0,92.22378424,0.0,1.0
437.6499939,0,0,0,0,0,0.429373997,0.570626003,0.695929769,0.994962217,1.049742939,0,0,0,0,0,0,0,0,0,0,0,0,0,1,1,1,1,0.613641551,-0.164971572,0.626622598,-0.221509133,0.636358461,-0.260119419,0.613641551,-0.164971572,0.625646732,-0.204189284,0.661711473,-0.229681182,0.613641551,-0.164971572,1.049742939,2.106059364,0.0,0.0,0.884375179,0.0,0.0,0.847907166,0.0,0.0,0.823870615,0.0,0.0,0.884375179,0.0,0.0,0.858916148,0.0,0.0,0.84276189,0.0,0.0,0.884375179,0.0,0.0,0.002565918,0.002426416,0.002593514,0.002565918,0.00261747,0.002697945,0.002565918,269.8975808,269.8975808,394.4206659,1,0.0,0.0,280.894918,280.894918,0.0,394.4206659,1,0.0,34.61371446,34.61371446,394.4206659,0,208.1221797,208.1221797,394.4206659,1,0.0,207.5033751,207.5033751,394.4206659,1,0.0,206.5924506,206.5924506,394.4206659,1,0.0,65.53243043,65.53243043,394.4206659,0,0.0,0.601443028,-0.122493528,0.473921014,-9.025821851,0.912802758,0.001203405,0.002589324,0.000187425,211.1854883,211.1854883,394.4206659,1,0.0,16.64244876,16.64244876,402.5722788,0,0.0,1,0.0,0.0,0.0,0.0,0.0,0.0,0.0,0.0,0.0,0.000425244,0.000766661,0.0,0.000425244,0.000651457,0.000824273,0.000234448,0.0,0.0,0.0,0.0,0.0,0.0,0.0,0.0,0.0,0.0,0.0,0.0,0.0,0.0,0.0,1.0
92.80000305,1,1,1,1,1,0.946378551,0.053621449,0.982491047,0.822101298,0.138758387,93,0,0,0,0,0,0,371,371,371,0,1021,93,1,1,1,1,0.974336358,-3.123474325,0.975600986,-3.826289144,0.908420856,-1.666780794,0.974336358,-3.123474325,0.975702448,-3.564958621,0.979285371,-3.258082974,0.974336358,-3.123474325,0.138758387,1.195074812,,,0.573136957,,,0.505666282,,,0.743018018,,,0.573136957,,,0.529772847,,,0.559551887,,,0.573136957,,,0.000239489,0.000149945,0.00022915,0.000239489,0.000166988,0.000214666,0.000239489,25.190837,-67.809163,93.0094622,-1,0.0,0.0,17.35846965,17.35846965,0.004447608,89.58046938,0,0.0,3.058291839,3.058291839,89.58046938,0,19.42504223,-351.5749578,93.0094622,-4,-3.0,13.23818707,-357.7618129,92.79295255,-4,-3.0,16.43784058,-354.5621594,92.9038341,-4,-3.0,6.116456354,6.116456354,89.58046938,0,0.0,0.973019671,-2.550475129,0.954628097,-12.46773264,0.634754429,0.108407336,0.000336365,0.002073598,27.43392044,27.43392044,89.58046938,0,0.0,184.1254818,-836.8745182,90.91621216,-9,0.0,1,0.017197609,0.019318012,0.000374174,0.016866028,0.017197609,0.348251753,0.017425227,0.012339124,0.017197609,-0.152438935,0.0,0.0,-0.609755741,-0.794308123,-0.663444042,0.0,-9.0,0.0,-0.085550379,0.085550379,4.58e-06,0.0,0.0,0.0,0.0,-93.0094622,-92.79295255,-92.9038341,0.0,-818.2459094,0.0,1.0
127.4499969,1,1,1,1,1,0.731492597,0.268507403,0.844409073,0.386354123,0.306985278,0,0,0,0,0,0,0,0,0,0,0,0,0,1,1,1,1,0.816569856,-0.649848926,0.82056396,-0.795313355,0.574238169,-0.135882844,0.816569856,-0.649848926,0.821214822,-0.74249175,0.833228382,-0.678092855,0.816569856,-0.649848926,0.306985278,1.363301703,0.0,0.0,0.817589957,0.0,0.0,0.781550784,0.0,0.0,0.958762986,0.0,0.0,0.817589957,0.0,0.0,0.794449996,0.0,0.0,0.810464771,0.0,0.0,0.817589957,0.0,0.0,0.000536015,0.000392528,0.000507386,0.000536015,0.000424316,0.000509126,0.000536015,56.38103907,56.38103907,120.9330591,0,0.0,0.0,45.4411564,45.4411564,0.0,120.9330591,0,0.0,6.771705529,6.771705529,120.9330591,0,43.47628723,43.47628723,120.9330591,0,0.0,33.63823099,33.63823099,120.9330591,0,0.0,38.98580926,38.98580926,120.9330591,0,0.0,13.6895874,13.6895874,120.9330591,0,0.0,0.812305707,-0.530559524,0.754744203,-11.03654397,0.848381022,0.032701655,0.000663972,0.00101842,54.15360008,54.15360008,120.9330591,0,0.0,90.43079286,90.43079286,122.2775371,1,0.0,1,0.0,0.0,0.0,0.0,0.0,0.0,0.0,0.0,0.0,0.0,0.0,0.0,0.0,0.0,0.0,0.0,1.0,0.0,0.0,0.0,0.0,0.0,0.0,0.0,0.0,0.0,0.0,0.0,0.0,122.2775371,0.0,1.0
238.5,1,1,1,1,1,0.977591036,0.022408964,0.976920016,0.932189201,0.634351345,0,0,0,0,0,0,0,0,238,477,238,0,0,1,1,1,1,0.977037216,-3.307246927,0.976981969,-3.941198945,0.96077382,-3.145663798,0.977037216,-3.307246927,0.977029885,-3.667969691,0.976955182,-3.093333152,0.977037216,-3.307246927,0.634351345,1.69066777,,,0.176098224,,,0.126234183,,,0.191692599,,,0.176098224,,,0.145709935,,,0.197033368,,,0.176098224,,,0.000241019,0.000149985,0.000245157,0.000241019,0.000184234,0.000277081,0.000241019,25.35170874,25.35170874,231.2646975,0,,0.0,17.3631212,17.3631212,,231.2646975,0,,3.27192971,3.27192971,231.2646975,0,19.54909291,19.54909291,231.2646975,0,,14.60540116,-223.3945988,239.5669056,-1,,21.21716696,-455.782833,240.0617525,-2,,6.155516786,6.155516786,231.2646975,0,,0.977072823,-2.775970749,0.977340517,-12.63035583,0.232764585,0.00131687,0.000344524,9.1e-05,28.09943899,-209.900561,240.5243707,-1,,8.076395466,8.076395466,232.5483164,0,,1,,,,,,,,,,0.0,0.0,0.0,0.0,-0.210218776,-0.299022187,-0.120406463,0.0,0.0,,,,0.0,0.0,0.0,0.0,0.0,0.0,0.0,0.0,0.0,0.0,1.0
146.0099945,0,0,0,0,0,0.305322129,0.694677871,0.286908078,0.27542905,0.632902047,0,0,0,0,0,0,0,0,0,0,0,0,0,1,1,1,1,0.290692929,0.337560079,0.290019902,0.404462121,0.288253165,0.442303194,0.290692929,0.337560079,0.290072866,0.375904712,0.288355104,0.32098023,0.290692929,0.337560079,0.632902047,1.689218472,0.0,0.0,1.193596795,0.0,0.0,1.236204415,0.0,0.0,1.260974099,0.0,0.0,1.193596795,0.0,0.0,1.21783422,0.0,0.0,1.183266713,0.0,0.0,1.193596795,0.0,0.0,0.001628846,0.001463768,0.001607009,0.001628846,0.001534538,0.001658648,0.001628846,171.3310673,171.3310673,140.6547019,1,0.0,0.0,169.4536528,169.4536528,0.0,140.6947637,1,0.0,21.44755226,21.44755226,140.8404193,0,132.1160237,132.1160237,140.6547019,1,0.0,121.652525,121.652525,140.6832097,1,0.0,127.0093378,127.0093378,140.4481646,1,0.0,41.600007,41.600007,140.6547019,0,0.0,0.291353431,0.281936567,0.300580466,-7.784686192,1.159292321,0.01688641,0.001711564,0.001162637,139.5953374,139.5953374,140.4499022,1,0.0,103.2365701,103.2365701,139.6814735,1,0.0,1,0.0,0.0,0.0,0.0,0.0,0.0,0.0,0.0,0.0,0.001780419,0.002556088,0.0,0.001780419,0.002207881,0.001609817,0.001242004,0.946895923,0.0,0.0,0.0,0.0,0.0,0.0,0.0,0.0,0.0,0.0,0.0,0.0,139.6814735,0.0,1.0
199.9799957,1,1,1,1,1,0.620648259,0.379351741,0.894150418,0.612808707,0.543271175,0,0,0,0,0,0,0,0,0,0,0,0,0,1,1,1,1,0.816137219,-0.648069888,0.828421259,-0.836670323,0.685141577,-0.372356442,0.816137219,-0.648069888,0.827988085,-0.775665675,0.862242115,-0.82865003,0.816137219,-0.648069888,0.543271175,1.5995876,0.0,0.0,0.737545028,0.0,0.0,0.675013621,0.0,0.0,0.839530148,0.0,0.0,0.737545028,0.0,0.0,0.694637099,0.0,0.0,0.677561531,0.0,0.0,0.737545028,0.0,0.0,0.000835281,0.000642628,0.000855597,0.000835281,0.000703618,0.000774393,0.000835281,87.85954783,87.85954783,191.9205611,0,0.0,0.0,74.39407212,74.39407212,0.0,191.9205611,0,0.0,11.4190221,11.4190221,191.9205611,0,67.74984996,67.74984996,191.9205611,0,0.0,55.78023122,55.78023122,191.9205611,0,0.0,59.29835103,59.29835103,191.9205611,0,0.0,21.33272069,21.33272069,191.9205611,0,0.0,0.80426513,-0.504588719,0.670395934,-10.43260193,0.788968838,0.007441585,0.00099118,0.000418734,80.84072995,80.84072995,191.9205611,0,0.0,37.18157699,37.18157699,193.461223,0,0.0,1,0.0,0.0,0.0,0.0,0.0,0.0,0.0,0.0,0.0,0.0,0.0,0.0,0.0,0.0,0.0,0.0,0.0,0.0,0.0,0.0,0.0,0.0,0.0,0.0,0.0,0.0,0.0,0.0,0.0,0.0,0.0,1.0
104.6800003,1,1,1,1,1,0.87635054,0.12364946,0.95821727,0.627040603,0.203496141,105,0,105,0,105,0,0,0,0,0,0,628,210,1,1,1,1,0.938950274,-1.791569698,0.941873736,-2.217348552,0.787007191,-0.698375159,0.938950274,-1.791569698,0.942157441,-2.068955525,0.950578024,-1.957014923,0.938950274,-1.791569698,0.203496141,1.259812565,,,0.661142271,,,0.59922066,,,0.851037753,,,0.661142271,,,0.62011392,,,0.636355478,,,0.661142271,,,0.000330886,0.000219443,0.000325839,0.000330886,0.000241438,0.000297447,0.000330886,34.80440315,-70.19559685,105.8930063,-1,,0.0,25.4039061,-79.5960939,,105.6426722,-1,,4.348734175,4.348734175,101.5786273,0,26.8382111,26.8382111,101.5786273,0,,19.14035085,19.14035085,101.5786273,0,,22.776739,22.776739,101.5786273,0,,8.450676444,8.450676444,101.5786273,0,,0.935897432,-1.447940977,0.894236819,-12.03532505,0.715752585,0.06205624,0.000443409,0.001442934,36.16444247,36.16444247,101.5786273,0,,128.125627,-499.874373,104.3065007,-5,,1,,,,,,,,,,-0.050151906,-0.076822416,0.0,0.0,0.0,0.0,0.0,-5.0,0.0,,,,0.0,0.0,0.0,0.0,0.0,0.0,0.0,0.0,-521.5325033,0.0,1.0
22.17000008,0,0,0,0,0,0.108893957,0.891106043,0.205316742,0.254257908,0.500598118,621,200,0,0,200,0,732,0,0,0,0,310,821,1,1,1,1,0.172330864,0.697823035,0.177295018,0.806301085,0.168660806,0.922262261,0.172330864,0.697823035,0.176953159,0.75127042,0.191194418,0.579871381,0.172330864,0.697823035,0.500598118,1.556914542,,,1.36196764,,,1.428970611,,,1.504244895,,,1.36196764,,,1.394578092,,,1.292673485,,,1.36196764,,,0.001406207,0.001220916,0.001372158,0.001406207,0.00126765,0.00133515,0.001406207,147.912639,-473.087361,23.6910676,-20,,-687.0409604,141.3397549,-58.66024507,,23.6910676,-2,,18.31318251,18.31318251,21.09405227,1,114.0577131,114.0577131,20.98863104,5,,100.4946259,100.4946259,21.00151202,5,,102.2377487,102.2377487,20.90320398,5,,35.9139,-696.0861,23.6910676,-29,,0.167719944,0.603188287,0.123046883,-6.513527986,1.306086259,0.055934274,0.001514586,0.002847659,123.5297712,123.5297712,20.97387303,6,,252.8584149,-57.14158506,21.77429914,-3,,0,,,,,,,,,,-0.152174059,-0.020316295,0.01329012,0.038043515,0.044094316,0.026269595,0.034109635,-1.988720945,-0.220652385,,,,-0.891415835,0.0,0.0,0.0,0.0,0.0,0.0,0.0,-43.54859829,0.0,1.0
198.6199951,0,0,0,0,0,0.105242097,0.894757903,0.145642658,0.220594391,0.578465638,0,0,0,0,0,0,0,0,0,0,0,0,0,1,1,1,1,0.134501832,0.90574487,0.136343518,1.066121801,0.145168133,1.082032465,0.134501832,0.90574487,0.136187543,0.992311745,0.141139134,0.808629463,0.134501832,0.90574487,0.578465638,1.634782063,,,1.560774557,,,1.688784423,,,1.702042901,,,1.560774557,,,1.628616124,,,1.488023997,,,1.560774557,,,0.001904187,0.001754035,0.001896514,0.001904187,0.001799884,0.001845074,0.001904187,200.2930485,200.2930485,192.9319411,1,0.0,0.0,203.0564556,203.0564556,,193.4144257,1,0.0,25.31136946,25.31136946,193.443545,0,154.4490533,154.4490533,192.9319411,1,,142.6882145,142.6882145,193.2326285,1,,141.2847417,141.2847417,192.3640689,1,,48.63211529,48.63211529,192.9319411,0,0.0,0.13275368,0.769563785,0.112954626,-6.441266417,1.459724781,0.042174326,0.001955913,0.002572191,159.5244645,159.5244645,192.7200691,1,,228.3982097,228.3982097,188.4790257,1,,1,0.010568014,0.01175343,0.005941756,0.01015078,0.010568014,1.783821436,0.010764745,0.007969515,0.010568014,0.01281834,0.01775962,0.0,0.01281834,0.015385666,0.0102169,0.009253569,0.648279892,0.0,0.19605524,0.19605524,0.000289662,0.0,0.0,0.0,0.0,0.0,0.0,0.0,0.0,188.4790257,0.0,1.0
129.6799927,1,1,1,1,1,0.706282513,0.293717487,0.783923597,0.886563416,0.269290627,0,0,0,0,0,0,0,0,0,0,0,0,0,1,1,1,1,0.765768407,-0.476207541,0.76892334,-0.579035869,0.788353821,-0.70411004,0.765768407,-0.476207541,0.768645434,-0.537434519,0.776831792,-0.476882865,0.765768407,-0.476207541,0.269290627,1.325607051,0.0,0.0,0.874389928,0.0,0.0,0.849410131,0.0,0.0,0.81998613,0.0,0.0,0.874389928,0.0,0.0,0.859429106,0.0,0.0,0.8742235,0.0,0.0,0.874389928,0.0,0.0,0.000520835,0.000381338,0.000386819,0.000520835,0.000410273,0.000494444,0.000520835,54.7843795,54.7843795,122.8224791,0,0.0,0.0,44.14573433,44.14573433,0.0,122.8224791,0,0.0,5.16258135,5.16258135,122.8224791,0,42.24507846,42.24507846,122.8224791,0,0.0,32.52496283,32.52496283,122.8224791,0,0.0,37.86157599,37.86157599,122.8224791,0,0.0,13.30191077,13.30191077,122.8224791,0,0.0,0.76272295,-0.392167144,0.723953797,-10.81608158,0.895350201,0.0474189,0.000644906,0.001331189,52.59856996,52.59856996,122.8224791,0,0.0,118.2031795,118.2031795,123.8155788,1,0.0,1,0.0,0.0,0.0,0.0,0.0,0.0,0.0,0.0,0.0,0.0,0.0,0.0,0.0,0.0,0.0,0.0,1.0,0.0,0.0,0.0,0.0,0.0,0.0,0.0,0.0,0.0,0.0,0.0,0.0,123.8155788,0.0,1.0
20.65999985,0,0,0,0,0,0.372147915,0.627852085,0.389105058,0.453919035,0.056795493,723,723,0,0,723,0,83,124,124,145,0,475,1446,1,1,1,1,0.385339973,0.166572916,0.386028804,0.197448534,0.403622538,0.178480893,0.385339973,0.166572916,0.38593441,0.183733353,0.387654499,0.152671912,0.385339973,0.166572916,0.056795493,1.113111918,,,1.018010152,,,1.021383939,,,1.019310018,,,1.018010152,,,1.019883899,,,1.016494826,,,1.018010152,,,0.00033362,0.00022793,0.000234918,0.00033362,0.000241875,0.000298875,0.00033362,35.09198076,-687.9080192,22.70788556,-30,,-68.12365667,26.38642575,-696.6135743,,22.70788556,-31,,3.135271867,3.135271867,19.1502619,0,27.05996662,-96.94003338,22.70788556,-4,,19.17497986,-104.8250201,22.70788556,-5,,22.88607889,-122.1139211,22.70788556,-5,,8.52050167,-74.47949833,22.70788556,-3,,0.38468617,0.140570033,0.376251841,-8.326500805,1.015177457,0.4097268,0.000435897,0.006025014,35.55181676,35.55181676,19.08692514,2,,534.9922505,59.99225051,19.21259017,3,,0,,,,,,,,,,-0.013006189,-0.018883807,0.0,-0.001734159,-0.002637339,-0.001820993,0.000617498,3.0,-0.001300619,,,,-0.001460786,0.0,0.0,0.0,0.0,0.0,0.0,0.0,57.6377705,0.0,1.0
56.90000153,1,1,1,1,1,0.815585673,0.184414327,0.880288462,0.702965235,0.367101428,0,0,0,0,0,0,284,171,171,57,0,0,0,1,1,1,1,0.865310562,-0.904491586,0.867712361,-1.098560239,0.789425966,-0.708714987,0.865310562,-0.904491586,0.867768868,-1.021766699,0.874397204,-0.907511202,0.865310562,-0.904491586,0.367101428,1.423417853,,,0.726627996,,,0.678508219,,,0.778629805,,,0.726627996,,,0.697156131,,,0.725853745,,,0.726627996,,,0.000552136,0.000404995,0.000491806,0.000552136,0.000442582,0.000535935,0.000552136,58.07669975,58.07669975,53.03325135,1,0.0,-294.0852581,46.88433393,46.88433393,,53.03325135,1,0.0,6.563773675,6.563773675,53.03325135,0,44.78383729,-126.2161627,58.81705163,-2,,35.08625922,-135.9137408,58.68201919,-2,,41.03866312,-15.96133688,58.76127186,0,,14.10130196,-269.898698,58.81705163,-5,-1.0,0.862874293,-0.745161456,0.830148432,-11.57644579,0.768674722,0.016786327,0.000683581,0.0006133,55.75290886,55.75290886,53.03325135,1,,54.4581029,54.4581029,53.58986412,1,,0,0.004619565,0.005128263,8.65e-07,0.004483107,0.004619565,0.387955543,0.004747478,0.003497829,0.004619565,0.012782891,0.018856791,0.0,-0.025565782,-0.032625225,0.0,0.008676025,1.0,-0.063914455,-0.082621552,0.082621552,3.85e-06,-2.880201539,0.0,0.0,0.0,0.0,0.0,0.0,0.0,53.58986412,0.0,1.0
210.8399963,1,1,1,1,1,0.393357343,0.606642657,0.594906486,0.178735873,0.668172052,0,0,0,0,0,0,0,0,0,0,0,211,0,1,1,1,1,0.534887003,-0.048845851,0.54355598,-0.072910004,0.298723582,0.413863867,0.534887003,-0.048845851,0.544111852,-0.068659955,0.569928874,-0.092768976,0.534887003,-0.048845851,0.668172052,1.724488477,0.0,0.0,0.973733533,0.0,0.0,0.961048039,0.0,0.0,1.252982905,0.0,0.0,0.973733533,0.0,0.0,0.963276387,0.0,0.0,0.950703881,0.0,0.0,0.973733533,0.0,0.0,0.001426117,0.001236044,0.001738011,0.001426117,0.001318487,0.001439862,0.001426117,150.0069243,150.0069243,204.0688609,1,0.0,0.0,143.0910978,143.0910978,0.0,204.0688609,1,0.0,23.1959445,23.1959445,206.0116202,0,115.6726488,115.6726488,204.0688609,1,0.0,104.5248279,104.5248279,204.0688609,1,0.0,110.2560157,110.2560157,204.0688609,1,0.0,36.42240254,36.42240254,204.0688609,0,0.0,0.526186851,-0.030701803,0.427565555,-8.693912132,0.983408827,0.00875984,0.001543501,0.000651056,125.8880708,125.8880708,204.0688609,1,0.0,57.81064901,-153.189351,209.7146863,-1,0.0,1,0.0,0.0,0.0,0.0,0.0,0.0,0.0,0.0,0.0,3.73e-05,8.31e-05,0.0,3.73e-05,7.37e-05,0.00013447,1.47e-05,-1.0,0.0,0.0,0.0,0.0,0.0,0.0,0.0,0.0,0.0,0.0,0.0,0.0,-209.7146863,0.0,1.0
30.29999924,1,1,1,1,1,0.501085776,0.498914224,0.574892241,0.20669746,0.160466952,0,30,364,0,394,0,61,0,0,0,0,727,394,1,1,1,1,0.556571391,-0.079683603,0.558944758,-0.099143231,0.342280077,0.30716843,0.556571391,-0.079683603,0.559718091,-0.093409281,0.567462593,-0.089404394,0.556571391,-0.079683603,0.160466952,1.216783377,0.0,0.0,0.984486805,0.0,0.0,0.980735015,0.0,0.0,1.06212303,0.0,0.0,0.984486805,0.0,0.0,0.981839025,0.0,0.0,0.982610859,0.0,0.0,0.984486805,0.0,0.0,0.000437498,0.000312537,0.000352654,0.000437498,0.000332614,0.000403254,0.000437498,46.01847699,46.01847699,28.59812132,2,0.0,-64.81331347,36.18092264,-357.8190774,0.0,32.40665673,-11,0.0,4.70661769,4.70661769,28.96094008,0,35.48555608,35.48555608,28.59812132,1,0.0,26.36845254,26.36845254,28.59812132,1,0.0,30.87879414,30.87879414,28.59812132,1,0.0,11.1735075,-49.8264925,32.40665673,-2,0.0,0.553874408,-0.063587704,0.515803919,-9.325707637,0.987600916,0.160444922,0.000551994,0.003280406,45.02072168,45.02072168,28.59812132,2,0.0,291.2842808,-435.7157192,29.89415407,-15,0.0,0,0.0,0.0,0.0,0.0,0.0,0.0,0.0,0.0,0.0,0.000198421,-0.001689425,0.0,9.92e-05,0.000136333,0.000124893,0.000126356,-15.0,-0.000198421,0.0,0.0,0.0,-0.47830273,0.0,0.0,0.0,0.0,0.0,0.0,0.0,-448.412311,0.0,1.0
358.4299927,1,1,1,1,1,0.800320128,0.199679872,0.931555909,0.547090833,0.489328046,717,0,358,0,358,0,358,358,358,358,717,0,1075,1,1,1,1,0.899284554,-1.188491136,0.904263818,-1.482919844,0.715339288,-0.452363924,0.899284554,-1.188491136,0.904541177,-1.38218033,0.918687975,-1.338336264,0.899284554,-1.188491136,0.489328046,1.545644471,,,0.595998149,,,0.524282805,,,0.821208881,,,0.595998149,,,0.547792932,,,0.558351591,,,0.595998149,,,0.000600256,0.000435115,0.000727115,0.000600256,0.000483659,0.000561222,0.000600256,63.13827678,-653.8617232,365.7349408,-2,,-365.7349408,50.37125996,-307.62874,,364.2960895,-1,,9.704266509,9.704266509,342.7901212,0,48.68689726,-309.3131027,365.7349408,-1,,38.34268218,-319.6573178,364.7527657,-1,,42.97500882,-315.0249912,364.8969325,-1,,15.3302772,-342.6697228,365.7349408,-1,,0.894195798,-0.95363207,0.827919661,-11.56048757,0.660174912,0.006513295,0.000749271,0.0003228,61.11061417,-655.8893858,366.279924,-2,,28.66306113,28.66306113,346.0547465,0,,0,,,,,,,,,,-0.044140974,-0.034360176,0.0,-0.022070487,-0.029850351,-0.027986624,-0.028419191,0.0,-0.022070487,,,,-24.23665952,0.0,0.0,0.0,0.0,0.0,0.0,0.0,0.0,0.0,1.0
22.47999954,1,1,1,1,1,0.693877551,0.306122449,0.779148428,0.108832147,0.518760997,382,405,0,0,405,0,67,337,337,360,112,90,787,1,1,1,1,0.756278276,-0.449845718,0.756764553,-0.53828819,0.241584734,0.587939195,0.756278276,-0.449845718,0.761056866,-0.513507148,0.769148983,-0.45534975,0.756278276,-0.449845718,0.518760997,1.575077422,,,0.815163232,,,0.783059412,,,1.306175471,,,0.815163232,,,0.791925014,,,0.813127457,,,0.815163232,,,0.000875697,0.000700827,0.001249509,0.000875697,0.000754067,0.000877123,0.000875697,92.11069656,-289.8893034,23.88006902,-12,,-47.76013803,81.13146377,-323.8685362,,23.82993235,-14,,16.67627458,16.67627458,21.38957747,1,71.0279762,-265.9720238,23.88006902,-11,,59.77970114,-277.2202989,23.8393548,-12,,67.16485724,-292.8351428,23.8699495,-12,,22.36492004,-44.63507996,23.88006902,-2,,0.75399706,-0.372156946,0.705637066,-10.68493196,0.844447638,0.007795475,0.001013466,0.000414281,82.6583901,-29.3416099,23.99666306,-1,,36.78619668,-53.21380332,21.70058735,-2,,0,,,,,,,,,,-0.037942719,-0.063383726,0.005401133,-0.034780826,-0.049441798,-0.038876887,-0.002164075,-2.0,-0.006323787,,,,-0.00202445,0.0,0.0,0.0,0.0,0.0,0.0,0.0,-43.4011747,0.0,1.0
210.9400024,1,1,1,1,1,0.718287315,0.281712685,0.823318743,0.441188782,0.599431433,0,0,422,0,422,0,0,0,0,844,0,0,422,1,1,1,1,0.797679342,-0.577668128,0.801509938,-0.705677169,0.607835898,-0.201172115,0.797679342,-0.577668128,0.801914721,-0.657713428,0.813076613,-0.595611814,0.797679342,-0.577668128,0.599431433,1.655747858,0.0,0.0,0.74729836,0.0,0.0,0.700584931,0.0,0.0,0.903533945,0.0,0.0,0.74729836,0.0,0.0,0.71773574,0.0,0.0,0.740567188,0.0,0.0,0.74729836,0.0,0.0,0.000952338,0.000765716,0.001060769,0.000952338,0.00083474,0.000963144,0.000952338,100.1721892,100.1721892,203.0364892,0,0.0,0.0,88.64337127,-333.3566287,0.0,216.0423624,-2,0.0,14.15729884,14.15729884,203.0364892,0,77.24431728,77.24431728,203.0364892,0,0.0,66.17509024,66.17509024,203.0364892,0,0.0,73.75179049,-770.2482095,216.1876645,-4,0.0,24.32228922,24.32228922,203.0364892,0,0.0,0.793679573,-0.47276814,0.740351704,-10.93349223,0.787891687,0.004033003,0.001096306,0.00025785,89.41480924,89.41480924,203.0364892,0,0.0,22.89582416,22.89582416,204.838048,0,0.0,1,0.0,0.0,0.0,0.0,0.0,0.0,0.0,0.0,0.0,0.0,-0.015561883,0.0,0.0,0.0,-0.02217209,0.0,0.0,0.0,0.0,0.0,0.0,0.0,0.0,0.0,0.0,0.0,0.0,0.0,0.0,0.0,0.0,1.0
139.9700012,0,0,0,0,0,0.06002401,0.93997599,0.051730999,0.148179154,0.506499348,0,0,0,0,0,0,0,0,0,0,0,0,0,1,1,1,1,0.053345805,1.978529884,0.053084782,2.368947682,0.071405183,2.047861963,0.053345805,1.978529884,0.053067123,2.202946733,0.052350181,1.879043178,0.053345805,1.978529884,0.506499348,1.562815772,0.0,0.0,2.419091796,0.0,0.0,2.879767321,0.0,0.0,2.495148388,0.0,0.0,2.419091796,0.0,0.0,2.674043838,0.0,0.0,2.313987996,0.0,0.0,2.419091796,0.0,0.0,0.002530194,0.002498006,0.002311631,0.002530194,0.002467766,0.002424121,0.002530194,266.1398703,266.1398703,138.8364765,2,0.0,0.0,289.1825752,289.1825752,0.0,139.0040317,2,0.0,30.85162177,30.85162177,138.8730292,0,205.2245513,205.2245513,138.8364765,1,0.0,195.6354098,195.6354098,138.9241682,1,0.0,185.624641,185.624641,138.6982079,1,0.0,64.62004024,64.62004024,138.8364765,0,0.0,0.053619694,1.653311547,0.057837257,-6.046620546,2.09213633,0.067222274,0.002453448,0.003470596,200.1034365,200.1034365,138.7311742,1,0.0,308.1722652,308.1722652,136.2657989,2,0.0,1,0.0,0.0,0.0,0.0,0.0,0.0,0.0,0.0,0.0,0.122330641,0.175372285,0.0,0.06116532,0.075827724,0.055168801,0.042709986,1.142550626,0.0,0.0,0.0,0.0,0.0,0.0,0.0,0.0,0.0,0.0,0.0,0.0,136.2657989,0.0,1.0
3.319999933,1,1,1,1,1,0.659463786,0.340536214,0.745324314,0.338635412,0.479749472,0,0,0,0,0,0,0,0,0,20,0,0,0,1,1,1,1,0.724407206,-0.370842768,0.72731719,-0.450438928,0.507663044,-0.01379591,0.724407206,-0.370842768,0.727947042,-0.420394625,0.736918228,-0.375068753,0.724407206,-0.370842768,0.479749472,1.536065897,,,0.852847256,,,0.82420216,,,0.994095955,,,0.852847256,,,0.834899695,,,0.851301681,,,0.852847256,,,0.000840872,0.000667222,0.000858043,0.000840872,0.000719029,0.000835991,0.000840872,88.44756864,88.44756864,2.999883944,29,,20.99918761,77.2412366,77.2412366,,2.999883944,26,,11.45165824,11.45165824,2.999883944,4,68.20328186,68.20328186,2.999883944,23,,57.0019875,57.0019875,2.999883944,19,,64.01514526,44.01514526,2.999883944,15,,21.47549497,21.47549497,2.999883944,7,,0.721230236,-0.30499392,0.677215259,-10.48142898,0.877295961,0.011121374,0.000977535,0.00053864,79.72784951,79.72784951,2.999883944,27,,47.82865381,47.82865381,3.05516092,16,,1,,,,,,,,,,0.062315725,0.082426186,1.19e-05,0.049422816,0.052467206,0.032971071,0.039243357,16.0,0.015041727,,,,0.408361509,0.0,0.0,0.0,0.0,0.0,0.0,0.0,48.88257472,0.0,1.0
123.9000015,0,0,0,0,0,0.173669468,0.826330532,0.16235575,0.151946421,0.488319175,0,0,0,0,0,0,0,0,0,0,0,0,0,1,1,1,1,0.164669342,0.73382903,0.164254671,0.877958627,0.161822669,0.965006234,0.164669342,0.73382903,0.164290961,0.816045245,0.163238882,0.694160796,0.164669342,0.73382903,0.488319175,1.5446356,0.0,0.0,1.375833975,0.0,0.0,1.464810522,0.0,0.0,1.521312052,0.0,0.0,1.375833975,0.0,0.0,1.425905001,0.0,0.0,1.352308053,0.0,0.0,1.375833975,0.0,0.0,0.001382572,0.001212511,0.0013434,0.001382572,0.001255676,0.001355941,0.001382572,145.4266675,145.4266675,122.0246073,1,0.0,0.0,140.366706,140.366706,0.0,122.1242745,1,0.0,17.92935923,17.92935923,122.1825733,0,112.1407422,112.1407422,122.0246073,1,0.0,99.54540281,99.54540281,122.091081,1,0.0,103.8298129,103.8298129,121.9437407,1,0.0,35.31029416,35.31029416,122.0246073,0,0.0,0.165074899,0.613816438,0.170737223,-6.85499559,1.305883779,0.050768967,0.001479261,0.002510043,120.648674,120.648674,121.9808524,1,0.0,222.8797596,222.8797596,121.0634044,2,0.0,1,0.0,0.0,0.0,0.0,0.0,0.0,0.0,0.0,0.0,0.008414141,0.012043927,0.0,0.008414141,0.010405154,0.00752905,0.005887041,1.468467642,0.0,0.0,0.0,0.0,0.0,0.0,0.0,0.0,0.0,0.0,0.0,0.0,121.0634044,0.0,1.0
122.5800018,0,0,0,0,0,0.33974359,0.66025641,0.243264659,0.538664323,0.300277113,0,0,0,0,0,0,123,245,245,245,0,0,0,1,1,1,1,0.259274514,0.409630574,0.256457254,0.497128289,0.340800398,0.310537587,0.259274514,0.409630574,0.256488118,0.462096257,0.249236265,0.407765225,0.259274514,0.409630574,0.300277113,1.356593538,,,1.13306667,,,1.163709326,,,1.09933644,,,1.13306667,,,1.151342486,,,1.132422265,,,1.13306667,,,0.000730416,0.000573043,0.000570131,0.000730416,0.000602906,0.000698358,0.000730416,76.82924308,76.82924308,114.631018,1,,-134.7082638,66.33849456,66.33849456,,114.9773816,1,,7.609117194,7.609117194,114.0351991,0,59.24421216,-185.7557878,134.7082638,-1,,47.79617937,-197.2038206,134.7082638,-1,,53.47606392,-191.5239361,134.7082638,-1,,18.65450966,-104.3454903,134.7082638,-1,,0.262170311,0.33758934,0.310107742,-7.852902444,1.108443655,0.091176954,0.000854928,0.002788134,69.72797813,69.72797813,114.5568856,1,,247.5728835,247.5728835,112.5780892,2,,0,,,,,,,,,,0.002621831,0.003861508,0.0,-0.002621831,-0.003336452,-0.002598007,0.001780728,1.9271274,-0.002621831,,,,-0.326770292,0.0,0.0,0.0,0.0,0.0,0.0,0.0,225.1561785,0.0,1.0
180.6699982,0,0,0,0,0,0.006402561,0.993597439,0.000397931,0.370447886,0.427185232,542,0,1265,0,1265,0,181,361,723,361,181,0,1807,1,1,1,1,0.000499566,6.420768358,0.000478792,7.667368669,0.001160112,8.063046701,0.000499566,6.420768358,0.000479473,7.128184111,0.000431955,6.033176627,0.000499566,6.420768358,0.427185232,1.483501657,0.0,0.0,12.58348106,0.0,0.0,20.57446345,0.0,0.0,24.04935489,0.0,0.0,12.58348106,0.0,0.0,16.63307916,0.0,0.0,10.79968214,0.0,0.0,12.58348106,0.0,0.0,0.011013939,0.014489822,0.009947221,0.011013939,0.01246046,0.00930908,0.011013939,1158.507494,616.5074935,181.6571182,3,0.0,181.6571182,1677.419242,412.4192419,0.0,181.6571182,2,0.0,132.7581909,132.7581909,181.6571182,1,893.3429639,532.3429639,181.6571182,3,0.0,987.8194962,264.8194962,181.6571182,1,0.0,712.833509,351.833509,181.6571182,2,0.0,281.2911901,100.2911901,181.6571182,1,0.0,0.000522123,5.380106889,0.00137391,-5.642337333,8.347336877,0.108027698,0.008389962,0.004599473,684.2860546,503.2860546,181.6571182,3,0.0,408.4110803,408.4110803,172.4689642,2,0.0,1,0.0,0.0,0.0,0.0,0.0,0.0,0.0,0.0,0.0,1.932481233,1.837141947,1.0,1.932481233,0.793922011,1.137475631,1.356822663,0.994874081,0.644160411,0.0,0.0,0.0,0.0,363.3142364,363.3142364,181.6571182,363.3142364,181.6571182,181.6571182,181.6571182,172.4689642,181.6571182,1.0
43.11000061,1,1,1,1,1,0.415766307,0.584233693,0.406287306,0.313520301,0.33862434,0,0,0,0,0,0,0,0,0,0,0,302,0,1,1,1,1,0.408228634,0.131356803,0.407800235,0.157494409,0.370146846,0.24632402,0.408228634,0.131356803,0.407941625,0.146186855,0.40700873,0.124803481,0.408228634,0.131356803,0.33862434,1.394940765,0.0,0.0,1.044692275,0.0,0.0,1.0538207,0.0,0.0,1.085444337,0.0,0.0,1.044692275,0.0,0.0,1.049861846,0.0,0.0,1.042415986,0.0,0.0,1.044692275,0.0,0.0,0.000740808,0.000580157,0.000631083,0.000740808,0.000614684,0.000713576,0.000740808,77.92235477,77.92235477,41.18617628,2,0.0,0.0,67.16206115,67.16206115,0.0,41.20741197,2,0.0,8.422594577,8.422594577,41.30177087,0,60.08712741,60.08712741,41.18617628,1,0.0,48.72992435,48.72992435,41.19992526,1,0.0,54.64140845,54.64140845,41.15443328,1,0.0,18.91992243,18.91992243,41.18617628,0,0.0,0.408602458,0.109698095,0.413178952,-8.590902612,1.037188021,0.057297476,0.000868796,0.001942539,70.85910507,70.85910507,41.15663215,2,0.0,172.4880784,-129.5119216,42.58992051,-3,0.0,1,0.0,0.0,0.0,0.0,0.0,0.0,0.0,0.0,0.0,0.000539207,0.00077514,0.0,0.000269603,0.000333916,0.000243374,0.000376052,-3.0,0.0,0.0,0.0,0.0,0.009010281,0.0,0.0,0.0,0.0,0.0,0.0,0.0,-127.7697615,0.0,1.0
83.01999664,1,1,1,1,1,0.757903161,0.242096839,0.78551532,0.71243198,0.517309483,0,0,0,0,0,0,0,0,0,0,0,332,0,1,1,1,1,0.779326598,-0.516665179,0.780334317,-0.620203225,0.749428294,-0.557038767,0.779326598,-0.516665179,0.78034767,-0.576652153,0.783096966,-0.495262833,0.779326598,-0.516665179,0.517309483,1.573625908,,,0.791166432,,,0.754885453,,,0.776816126,,,0.791166432,,,0.769939016,,,0.798880842,,,0.791166432,,,0.000847243,0.000673124,0.000740312,0.000847243,0.000730431,0.000858786,0.000847243,89.1176937,89.1176937,78.96101055,1,,0.0,77.92442716,77.92442716,,78.96101055,1,,9.880389609,9.880389609,78.96101055,0,68.72002561,68.72002561,78.96101055,1,,57.90588312,57.90588312,78.96101055,1,,65.76066337,65.76066337,78.96101055,1,,21.63820456,21.63820456,78.96101055,0,,0.778305691,-0.430672034,0.764333527,-11.10520448,0.822621454,0.006506817,0.00098458,0.000344619,80.30242833,80.30242833,78.96101055,1,,30.6005327,-301.3994673,82.46089266,-4,,1,,,,,,,,,,0.004170983,0.006010188,0.0,0.004170983,0.005195745,0.003832582,0.0028981,-4.0,0.0,,,,0.004320847,0.0,0.0,0.0,0.0,0.0,0.0,0.0,-329.8435706,0.0,1.0
209.6999969,1,1,1,1,1,0.99759904,0.00240096,0.436927975,0.426119715,0.502711918,0,0,0,0,0,0,0,0,0,0,0,0,0,1,1,1,1,0.497383843,0.003649614,0.485711162,0.023796919,0.527879922,-0.05030121,0.497383843,0.003649614,0.48642725,0.021014089,0.458440354,0.054605853,0.497383843,0.003649614,0.502711918,1.559028343,0.0,0.0,1.001621972,0.0,0.0,1.010623357,0.0,0.0,0.977910727,0.0,0.0,1.001621972,0.0,0.0,1.009375249,0.0,0.0,1.02454481,0.0,0.0,1.001621972,0.0,0.0,0.001038966,0.000868179,0.000897017,0.001038966,0.000922505,0.0010636,0.001038966,109.284237,109.284237,203.63665,1,0.0,0.0,100.5050535,100.5050535,0.0,203.63665,0,0.0,11.97182479,11.97182479,203.63665,0,84.27075762,84.27075762,203.63665,0,0.0,73.13277738,73.13277738,203.63665,0,0.0,81.44411861,81.44411861,203.63665,0,0.0,26.53473824,26.53473824,203.63665,0,0.0,0.5094269,-0.011032415,0.759280288,-11.06902279,0.995112896,0.007333217,0.001158615,0.000375219,94.49673391,94.49673391,203.63665,0,0.0,33.31768249,33.31768249,205.3304793,0,0.0,1,0.0,0.0,0.0,0.0,0.0,0.0,0.0,0.0,0.0,2.08e-07,0.0,0.0,0.0,0.0,0.0,0.0,0.0,0.0,0.0,0.0,0.0,0.0,0.0,0.0,0.0,0.0,0.0,0.0,0.0,0.0,0.0,1.0
110.1399994,0,0,0,0,0,0.322929172,0.677070828,0.324313569,0.776475513,0.603605958,0,0,0,0,0,0,0,0,0,0,0,0,0,1,1,1,1,0.324125171,0.270969644,0.324298381,0.322912766,0.408069372,0.169802238,0.324125171,0.270969644,0.324108535,0.300606834,0.324281404,0.253622161,0.324125171,0.270969644,0.603605958,1.659922383,,,1.147194636,,,1.177793502,,,1.089861717,,,1.147194636,,,1.164554696,,,1.137153621,,,1.147194636,,,0.0014746,0.001300324,0.0012928,0.0014746,0.001368123,0.001492934,0.0014746,155.1066025,155.1066025,106.445086,1,,0.0,150.5324181,150.5324181,,106.5645202,1,,17.2540479,17.2540479,105.7614561,0,119.6050891,119.6050891,106.445086,1,,108.459793,108.459793,106.5027007,1,,114.3199535,114.3199535,106.2631633,1,,37.66062891,37.66062891,106.445086,0,,0.32403033,0.227413533,0.323612302,-7.949596443,1.122150067,0.01779881,0.001573092,0.001148621,128.3015357,128.3015357,106.343963,1,,101.9919958,101.9919958,105.7907534,1,,1,,,,,,,,,,0.001147259,0.00162926,0.0,0.001147259,0.001411945,0.001005066,0.000808077,0.987438806,0.0,,,,0.0,0.0,0.0,0.0,0.0,0.0,0.0,0.0,105.7907534,0.0,1.0
17.39999962,1,1,1,1,1,0.850340136,0.149659864,0.929964186,0.934282126,0.604554229,0,104,209,0,313,0,17,0,0,0,0,0,313,1,1,1,1,0.911505512,-1.330256511,0.914659019,-1.636699739,0.904136775,-1.601873983,0.911505512,-1.330256511,0.914460223,-1.518667411,0.922750132,-1.395901666,0.911505512,-1.330256511,0.604554229,1.660870654,0.0,0.0,0.509209916,0.0,0.0,0.435889527,0.0,0.0,0.443659511,0.0,0.0,0.509209916,0.0,0.0,0.462789166,0.0,0.0,0.49253021,0.0,0.0,0.509209916,0.0,0.0,0.000655816,0.000482338,0.000527505,0.000655816,0.000544931,0.000648012,0.000655816,68.98239892,68.98239892,16.55748918,4,0.0,0.0,55.83797866,-257.1620213,0.0,17.77552244,-14,0.0,7.040221488,7.040221488,16.55748918,0,53.19338981,53.19338981,16.55748918,3,0.0,43.20014723,43.20014723,16.55748918,3,0.0,49.62088426,49.62088426,16.55748918,3,0.0,16.74925816,-0.250741839,17.83659793,0,0.0,0.908424694,-1.083446661,0.868530215,-11.85126319,0.577135648,0.00244761,0.00081043,0.000158287,66.09874428,66.09874428,16.55748918,4,0.0,14.05514802,14.05514802,16.66791278,1,0.0,0,0.0,0.0,0.0,0.0,0.0,0.0,0.0,0.0,0.0,0.110598899,-0.585984445,0.0,0.082949174,0.108110189,0.091337881,0.073366042,1.0,0.0,0.0,0.0,0.0,0.001265768,0.0,-17.77552244,0.0,0.0,0.0,0.0,0.0,16.66791278,0.0,1.0
283.4599915,1,1,1,1,1,0.691476591,0.308523409,0.773975328,0.452490582,0.504346611,0,0,0,0,0,0,0,0,0,0,0,0,0,1,1,1,1,0.754194308,-0.444251607,0.757162071,-0.539574139,0.599705808,-0.185021691,0.754194308,-0.444251607,0.757478337,-0.502597618,0.766100085,-0.447090475,0.754194308,-0.444251607,0.504346611,1.560663036,0.0,0.0,0.820582219,0.0,0.0,0.786493947,0.0,0.0,0.920944832,0.0,0.0,0.820582219,0.0,0.0,0.799545686,0.0,0.0,0.819545977,0.0,0.0,0.820582219,0.0,0.0,0.000854233,0.000678479,0.000848401,0.000854233,0.000733807,0.000854132,0.000854233,89.85295017,89.85295017,275.5335135,0,0.0,0.0,78.54434864,78.54434864,0.0,275.5335135,0,0.0,11.3229817,11.3229817,275.5335135,0,69.2869932,69.2869932,275.5335135,0,0.0,58.17349367,58.17349367,275.5335135,0,0.0,65.40429901,65.40429901,275.5335135,0,0.0,21.81672836,21.81672836,275.5335135,0,0.0,0.751088774,-0.365709308,0.709130486,-10.70994519,0.849777145,0.008504909,0.000992475,0.000436863,80.9463174,80.9463174,275.5335135,0,0.0,38.79130403,38.79130403,276.5931648,0,0.0,1,0.0,0.0,0.0,0.0,0.0,0.0,0.0,0.0,0.0,0.0,0.0,0.0,0.0,0.0,0.0,0.0,0.0,0.0,0.0,0.0,0.0,0.0,0.0,0.0,0.0,0.0,0.0,0.0,0.0,0.0,0.0,1.0
108.9499969,0,0,0,0,0,0.280512205,0.719487795,0.252288102,0.307660109,0.437204632,0,0,0,0,0,0,0,0,0,0,0,0,0,1,1,1,1,0.257928969,0.412976161,0.256967156,0.49560029,0.279178578,0.468036645,0.257928969,0.412976161,0.25698145,0.460722003,0.254446531,0.39517302,0.257928969,0.412976161,0.437204632,1.493521057,0.0,0.0,1.180171532,0.0,0.0,1.219942035,0.0,0.0,1.206527697,0.0,0.0,1.180171532,0.0,0.0,1.202992728,0.0,0.0,1.171773374,0.0,0.0,1.180171532,0.0,0.0,0.001057024,0.000882612,0.00092812,0.001057024,0.000925827,0.001035823,0.001057024,111.1836475,111.1836475,106.7001953,1,0.0,0.0,102.1759017,102.1759017,0.0,106.839881,1,0.0,12.38692563,12.38692563,106.8153146,0,85.7354223,85.7354223,106.7001953,1,0.0,73.39618333,73.39618333,106.813605,1,0.0,79.31709822,79.31709822,106.6796727,1,0.0,26.99592424,26.99592424,106.7001953,0,0.0,0.258901762,0.344336452,0.273141081,-7.588217456,1.148120095,0.047648188,0.001177213,0.002079883,96.01359001,96.01359001,106.6796716,1,0.0,184.683572,184.683572,106.3695341,2,0.0,1,0.0,0.0,0.0,0.0,0.0,0.0,0.0,0.0,0.0,0.002664833,0.003837807,0.0,0.002664833,0.003316637,0.002440027,0.001852619,1.79940763,0.0,0.0,0.0,0.0,0.0,0.0,0.0,0.0,0.0,0.0,0.0,0.0,212.7390683,0.0,1.0
2.900000095,1,0,1,0,0,0.631452581,0.368547419,0.605650617,0.755127668,0.152171389,0,0,0,0,0,0,17,0,0,0,0,809,0,1,1,1,1,0.611123689,-0.16102755,0.610257472,-0.190511736,0.660773074,-0.314137336,0.611123689,-0.16102755,0.610195191,-0.177011869,0.607778121,-0.146000479,0.611123689,-0.16102755,0.152171389,1.208487814,,,0.969966484,,,0.964565849,,,0.942246712,,,0.969966484,,,0.967034885,,,0.972730623,,,0.969966484,,,0.000421078,0.000299085,0.000304199,0.000421078,0.000318747,0.000389104,0.000421078,44.29128448,44.29128448,2.562099,17,,-6.920198663,34.62365381,34.62365381,,2.562099,14,,4.059921709,4.059921709,2.562099,2,34.15369134,34.15369134,2.562099,13,,25.26911587,25.26911587,2.562099,10,,29.7952324,29.7952324,2.562099,12,,10.75413685,-6.245863152,3.460099332,-2,,0.612027609,-0.136240894,0.625177601,-10.10883414,0.974530058,0.147443788,0.000533767,0.002939221,43.53408249,43.53408249,2.562099,17,,260.9886433,-548.0113567,2.856534589,-192,,0,,,,,,,,,,0.006887622,0.00793947,0.003083821,0.005267005,0.004895813,0.003996776,0.00493042,-192.0,-0.000810308,,,,0.02480767,0.0,0.0,0.0,0.0,0.0,0.0,0.0,-548.4546411,0.0,1.0
65.01999664,0,0,0,0,0,0.421368547,0.578631453,0.538798249,0.560485559,0.483523565,0,65,0,0,65,0,0,195,195,0,195,390,65,1,1,1,1,0.508177613,-0.011410059,0.513253242,-0.022070327,0.500663325,-0.001193987,0.508177613,-0.011410059,0.512919776,-0.020002078,0.526552254,-0.034780044,0.508177613,-0.011410059,0.483523565,1.53983999,,,0.995086633,,,0.990517955,,,0.999484714,,,0.995086633,,,0.991402703,,,0.985098348,,,0.995086633,,,0.000989382,0.000809773,0.000871417,0.000989382,0.000862243,0.000976311,0.000989382,104.0687623,104.0687623,62.75066915,2,,0.0,93.74365356,28.74365356,,62.75066915,0,,11.63016272,11.63016272,62.75066915,0,80.24902482,-114.7509752,67.18523401,-2,,68.35546765,-126.6445324,67.18523401,-2,,74.76002152,74.76002152,62.75066915,1,,25.26839591,25.26839591,62.75066915,0,,0.503286633,-0.003845486,0.445114376,-8.819563443,0.998341364,0.022209926,0.001120523,0.001085505,91.38997437,-103.6100256,67.18523401,-2,,96.38762312,-293.6123769,64.13206737,-5,,1,6.73e-05,7.54e-05,0.000159939,6.55e-05,6.73e-05,0.004765298,6.82e-05,4.89e-05,6.73e-05,4.07e-06,0.0,0.0,-4.07e-06,-1.25e-05,1.89e-05,-4.62e-07,-5.0,0.0,0.01415215,0.01415215,5.68e-10,1.41570552,0.0,0.0,0.0,0.0,0.0,0.0,0.0,-320.6603368,0.0,1.0
67.23000336,0,0,0,0,0,0.026010404,0.973989596,0.016315161,0.160318125,0.254599295,0,0,67,0,67,0,0,0,0,0,0,538,67,1,1,1,1,0.0177562,3.728787702,0.017500702,4.476826494,0.029080622,3.764890207,0.0177562,3.728787702,0.017500203,4.162176382,0.016846301,3.573238736,0.0177562,3.728787702,0.254599295,1.31091572,0.0,0.0,2.744172208,0.0,0.0,3.360174654,0.0,0.0,2.77112493,0.0,0.0,2.744172208,0.0,0.0,3.085794045,0.0,0.0,2.631011386,0.0,0.0,2.744172208,0.0,0.0,0.001573453,0.001442745,0.001248857,0.001573453,0.001408801,0.001427232,0.001573453,165.504591,165.504591,67.07058982,2,0.0,67.07058982,167.0198861,100.0198861,0.0,67.26782532,1,0.0,16.66757304,16.66757304,67.07780296,0,127.6231381,127.6231381,67.07058982,2,0.0,111.6845819,111.6845819,67.16353626,2,0.0,109.2888646,109.2888646,66.87913776,2,0.0,40.18531053,40.18531053,67.07058982,1,0.0,0.018022201,3.107175973,0.022762862,-5.795484367,2.319132194,0.208255869,0.001616211,0.005610119,131.8182826,131.8182826,66.87532678,2,0.0,498.151546,-39.84845397,66.88817974,-1,0.0,1,0.0,0.0,0.0,0.0,0.0,0.0,0.0,0.0,0.0,0.434495554,0.313155866,0.0,0.434495554,0.541366007,0.399001096,0.301704454,-0.52480686,0.217247777,0.0,0.0,0.0,0.0,0.0,0.0,0.0,0.0,67.16353626,0.0,0.0,-66.88817974,0.0,1.0
85.48999786,1,1,1,1,1,0.574229692,0.425770308,0.608436132,0.350355797,0.19824801,0,0,0,0,0,0,0,0,0,0,0,598,0,1,1,1,1,0.60043694,-0.144509484,0.601483646,-0.174329172,0.475118593,0.044869897,0.60043694,-0.144509484,0.601835115,-0.162672358,0.605227058,-0.142300975,0.60043694,-0.144509484,0.19824801,1.254564434,0.0,0.0,0.967758137,0.0,0.0,0.9612355,0.0,0.0,1.010227926,0.0,0.0,0.967758137,0.0,0.0,0.963780014,0.0,0.0,0.968242974,0.0,0.0,0.967758137,0.0,0.0,0.000477474,0.000346187,0.000380225,0.000477474,0.000369023,0.00044556,0.000477474,50.2233595,50.2233595,81.30107625,1,0.0,0.0,40.07650611,40.07650611,0.0,81.30107625,0,0.0,5.074581732,5.074581732,81.30107625,0,38.72800571,38.72800571,81.30107625,0,0.0,29.25478153,29.25478153,81.30107625,0,0.0,34.11832089,34.11832089,81.30107625,0,0.0,12.19447319,12.19447319,81.30107625,0,0.0,0.599236272,-0.119662763,0.581479187,-9.79594913,0.973226798,0.108434595,0.000595507,0.00248267,48.56964196,48.56964196,81.30107625,1,0.0,220.4491576,-377.5508424,84.8392324,-4,0.0,1,0.0,0.0,0.0,0.0,0.0,0.0,0.0,0.0,0.0,0.000326297,0.0,0.0,0.0,0.0,0.0,0.000223737,-4.0,0.0,0.0,0.0,0.0,0.0,0.0,0.0,0.0,0.0,0.0,0.0,0.0,-339.3569296,0.0,1.0
92.30999756,1,1,1,1,1,0.94811512,0.05188488,0.954856913,0.800593975,0.512851563,369,92,0,0,92,0,0,0,277,0,92,185,461,1,1,1,1,0.953281601,-2.171503001,0.953418004,-2.596047892,0.891834452,-1.437966945,0.953281601,-2.171503001,0.953583782,-2.419444093,0.954208539,-2.062672737,0.953281601,-2.171503001,0.512851563,1.569167988,,,0.375926745,,,0.310479381,,,0.523159136,,,0.375926745,,,0.336193049,,,0.394818943,,,0.375926745,,,0.000398685,0.000273727,0.000492809,0.000398685,0.000315339,0.00041994,0.000398685,41.93587159,-327.0641284,94.80203559,-3,,0.0,31.68807544,-60.31192456,,94.31306613,-1,,6.577157098,6.577157098,83.37016351,0,32.3373962,32.3373962,83.37016351,0,,24.99894534,-252.0010547,94.50439846,-3,,32.15650526,32.15650526,83.37016351,0,,10.18223127,10.18223127,83.37016351,0,,0.953074016,-1.815737156,0.949419903,-12.43044145,0.441281507,0.00369609,0.000523744,0.000193711,42.71657027,-49.28342973,95.18609108,-1,,17.20057223,-167.7994278,91.50489048,-2,,1,,,,,,,,,,-0.22103556,-0.105304135,0.0,0.0,-0.274392643,0.0,-0.051514085,-2.0,0.0,,,,0.0,0.0,0.0,0.0,0.0,0.0,0.0,0.0,-183.009781,0.0,1.0
391.3999939,0,0,0,0,0,0.448979592,0.551020408,0.553123756,0.831728757,0.562435204,0,0,0,0,0,0,0,0,0,0,0,0,0,1,1,1,1,0.526798358,-0.03746446,0.531312672,-0.052270654,0.578602933,-0.14416742,0.526798358,-0.03746446,0.530870323,-0.047905775,0.542691733,-0.056109493,0.526798358,-0.03746446,0.562435204,1.618751629,0.0,0.0,0.982116882,0.0,0.0,0.975137848,0.0,0.0,0.932917044,0.0,0.0,0.982116882,0.0,0.0,0.977190102,0.0,0.0,0.973336487,0.0,0.0,0.982116882,0.0,0.0,0.001158501,0.00097366,0.000998348,0.001158501,0.00103817,0.001163168,0.001158501,121.8575632,121.8575632,370.5923177,0,0.0,0.0,112.7160443,112.7160443,0.0,370.5923177,0,0.0,13.32421471,13.32421471,370.5923177,0,93.96624299,93.96624299,370.5923177,0,0.0,82.30228201,82.30228201,370.5923177,0,0.0,89.06839508,89.06839508,370.5923177,0,0.0,29.58760229,29.58760229,370.5923177,0,0.0,0.522495911,-0.026360248,0.470894609,-9.004152492,0.987383709,0.013077039,0.00128497,0.000768998,104.8022654,104.8022654,370.5923177,0,0.0,68.28331019,68.28331019,373.6991761,0,0.0,1,0.0,0.0,0.0,0.0,0.0,0.0,0.0,0.0,0.0,0.0,0.0,0.0,0.0,0.0,0.0,0.0,0.0,0.0,0.0,0.0,0.0,0.0,0.0,0.0,0.0,0.0,0.0,0.0,0.0,0.0,0.0,1.0
71.93000031,1,1,1,1,1,0.883553421,0.116446579,0.850775965,0.680200921,0.528252775,288,288,0,0,288,0,0,0,216,0,0,144,576,1,1,1,1,0.857529002,-0.854811376,0.856188568,-1.010192285,0.789937667,-0.710925135,0.857529002,-0.854811376,0.856476231,-0.941104147,0.853324565,-0.777425947,0.857529002,-0.854811376,0.528252775,1.5845692,,,0.674704526,,,0.628132461,,,0.720905097,,,0.674704526,,,0.64842945,,,0.699171695,,,0.674704526,,,0.000739855,0.000575847,0.000706829,0.000739855,0.000632466,0.000771358,0.000739855,77.82209672,-210.1779033,74.31949119,-3,,0.0,66.66312389,-221.3368761,,74.09927804,-3,,9.433519605,9.433519605,67.36535119,0,60.00981688,60.00981688,67.36535119,1,,50.13956772,-165.8604323,74.17134009,-2,,59.0660034,59.0660034,67.36535119,1,,18.89557929,18.89557929,67.36535119,0,,0.858765313,-0.723316766,0.874892215,-11.89681575,0.716804742,0.004184978,0.000875716,0.000227407,71.42347491,71.42347491,67.36535119,1,,20.19262555,-123.8073745,71.06379976,-2,,1,,,,,,,,,,-0.034251679,-0.047835396,0.0,0.011417226,-0.027677407,0.009443611,0.008174799,-2.0,0.0,,,,0.0,0.0,0.0,0.0,0.0,0.0,0.0,0.0,-142.1275995,0.0,1.0
808.4299927,1,1,1,1,1,0.535414166,0.464585834,0.792678074,0.313938887,0.972563334,0,0,0,0,0,0,0,1617,2425,808,1617,0,0,1,1,1,1,0.717462671,-0.355250388,0.728712736,-0.454305932,0.467351301,0.05895631,0.717462671,-0.355250388,0.728978978,-0.423058908,0.761600404,-0.435180127,0.717462671,-0.355250388,0.972563334,2.028879759,,,0.777762638,,,0.725122925,,,1.042592744,,,0.777762638,,,0.741331546,,,0.73500139,,,0.777762638,,,0.001986097,0.001787126,0.002816214,0.001986097,0.001945441,0.00204599,0.001986097,208.9087451,208.9087451,755.2886621,0,,0.0,206.8872853,206.8872853,,755.2886621,0,,37.58592695,37.58592695,755.2886621,0,161.0927496,-1455.90725,838.8673088,-2,,154.2274158,-2270.772584,838.4685494,-3,,156.6696589,-651.3303411,837.7332157,-1,,50.72404786,50.72404786,755.2886621,0,,0.706340256,-0.277848372,0.580371207,-9.788015882,0.821541175,0.000983038,0.002086555,0.000133345,170.1796181,-1446.820382,842.2676131,-2,,11.8403608,11.8403608,765.2904713,0,,1,,,,,,,,,,0.0,0.0,0.0,-0.003943839,-0.008389633,-0.00295909,-0.002412491,0.0,0.0,,,,0.0,0.0,0.0,0.0,0.0,0.0,0.0,0.0,0.0,0.0,1.0
156.9100037,1,1,1,1,1,0.766306523,0.233693477,0.88499801,0.722059439,0.596856881,0,0,0,0,0,0,0,0,0,0,0,314,0,1,1,1,1,0.856199166,-0.846746232,0.860920742,-1.045085641,0.783159114,-0.682280106,0.856199166,-0.846746232,0.860807785,-0.97082621,0.873610022,-0.902045264,0.856199166,-0.846746232,0.596856881,1.653173306,,,0.653340726,,,0.591341817,,,0.709652455,,,0.653340726,,,0.613833789,,,0.63542886,,,0.653340726,,,0.000828181,0.000642305,0.000827849,0.000828181,0.000709465,0.000821605,0.000828181,87.11271913,87.11271913,150.5060036,1,,0.0,74.3567018,74.3567018,,150.5060036,0,,11.04868987,11.04868987,150.5060036,0,67.17395886,67.17395886,150.5060036,0,,56.24379942,56.24379942,150.5060036,0,,62.91359548,62.91359548,150.5060036,0,,21.15138709,21.15138709,150.5060036,0,,0.851528564,-0.687174928,0.79199395,-11.30325588,0.707908423,0.003406367,0.000980486,0.000216535,79.96850688,79.96850688,150.5060036,1,,19.22728032,-294.7727197,156.0815027,-2,,1,,,,,,,,,,0.0112028,0.0,0.0,0.0,0.0,0.0,0.007378272,-2.0,0.0,,,,0.0,0.0,0.0,0.0,0.0,0.0,0.0,0.0,-312.1630054,0.0,1.0
39.66999817,0,0,0,0,0,0.359343737,0.640656263,0.400716275,0.224361658,0.773197612,0,357,833,0,1190,0,119,714,516,476,436,0,1190,1,1,1,1,0.390801643,0.158025595,0.392261957,0.185835988,0.304483353,0.398742242,0.390801643,0.158025595,0.392458332,0.172434636,0.39676269,0.139428315,0.390801643,0.158025595,0.773197612,1.829514037,0.0,0.0,1.100159776,0.0,0.0,1.118797333,0.0,0.0,1.272343406,0.0,0.0,1.100159776,0.0,0.0,1.109777125,0.0,0.0,1.087870077,0.0,0.0,1.100159776,0.0,0.0,0.001972336,0.001822921,0.002248956,0.001972336,0.001924733,0.002055852,0.001972336,207.4612445,207.4612445,36.09274514,6,0.0,-88.44913517,211.0310759,-978.9689241,0.0,44.22456759,-22,0.0,30.0151557,30.0151557,36.84541947,1,159.9765596,-554.0234404,44.22456759,-13,0.0,152.5857403,-363.4142597,44.22456759,-8,0.0,157.4248219,-318.5751781,44.22456759,-7,0.0,50.37258775,-68.62741225,44.22456759,-2,0.0,0.389256001,0.134558051,0.368160552,-8.268566369,1.084674391,0.006774223,0.002028124,0.000626627,165.4140139,-270.5859861,44.22456759,-6,0.0,55.64146407,55.64146407,36.31075846,2,0.0,0,0.0,0.0,0.0,0.0,0.0,0.0,0.0,0.0,0.0,0.002341133,-0.011871411,0.002484303,-0.005072456,-0.003716713,-0.002126278,-0.001697425,2.0,-0.000780378,0.0,0.0,0.0,6.223527735,0.0,0.0,0.0,0.0,0.0,0.0,0.0,72.62151692,0.0,1.0
181.6600037,1,1,1,1,1,0.801920768,0.198079232,0.862713888,0.349937212,0.829911416,727,0,727,0,727,0,545,1272,1090,727,908,0,1454,1,1,1,1,0.848069466,-0.799872421,0.849661046,-0.964916662,0.558602856,-0.106585549,0.848069466,-0.799872421,0.850728338,-0.903771694,0.856731812,-0.796405707,0.848069466,-0.799872421,0.829911416,1.886227841,,,0.601949197,,,0.542094015,,,0.934599719,,,0.601949197,,,0.563541375,,,0.603274885,,,0.601949197,,,0.001197922,0.000998017,0.001872241,0.001197922,0.001104459,0.001278129,0.001197922,126.0041359,-600.9958641,185.5104668,-3,,-556.5314005,115.5357747,-611.4642253,,185.274023,-3,,24.98741691,24.98741691,173.6028549,0,97.1637291,-1174.836271,185.5104668,-6,,87.55748782,-1002.442512,185.3639947,-5,,97.87148913,-629.1285109,185.4740963,-3,,30.5944101,-514.4055899,185.5104668,-3,,0.846021953,-0.661475798,0.813904397,-11.46013687,0.657205424,0.00069447,0.001345096,7.19e-05,109.7061221,-798.2938779,185.8674658,-4,,6.386502237,6.386502237,175.5252416,0,,0,,,,,,,,,,-0.029990432,-0.043643633,0.0,-0.059980865,-0.063812756,-0.029731034,-0.027346889,0.0,-0.029990432,,,,-10.04972021,0.0,0.0,0.0,0.0,0.0,0.0,0.0,0.0,0.0,1.0
136.1999969,0,0,0,0,0,0.320928371,0.679071629,0.199761242,0.623691921,0.385734256,0,0,0,0,0,0,0,0,0,0,0,0,0,1,1,1,1,0.217620687,0.526279239,0.214412435,0.640227662,0.313586569,0.37553503,0.217620687,0.526279239,0.214458611,0.595055897,0.206329298,0.528138236,0.217620687,0.526279239,0.385734256,1.442050681,0.0,0.0,1.212462036,0.0,0.0,1.264106688,0.0,0.0,1.14736806,0.0,0.0,1.212462036,0.0,0.0,1.243375479,0.0,0.0,1.213287417,0.0,0.0,1.212462036,0.0,0.0,0.000963204,0.000794833,0.000764404,0.000963204,0.000831538,0.000940536,0.000963204,101.3151767,101.3151767,132.320944,1,0.0,0.0,92.01411992,92.01411992,0.0,132.5887036,1,0.0,10.20193618,10.20193618,131.8006763,0,78.12569257,78.12569257,132.320944,1,0.0,65.92125982,65.92125982,132.4615499,0,0.0,72.02057422,72.02057422,132.2165242,1,0.0,24.59981209,24.59981209,132.320944,0,0.0,0.220939796,0.432636233,0.279967745,-7.637097054,1.171603701,0.061073148,0.001082808,0.00234138,88.31392194,88.31392194,131.9868204,1,0.0,207.9032948,207.9032948,130.8783787,2,0.0,1,0.0,0.0,0.0,0.0,0.0,0.0,0.0,0.0,0.0,0.004327654,0.006404554,0.0,0.004327654,0.0,0.004358281,0.002924595,1.822664107,0.0,0.0,0.0,0.0,0.0,0.0,0.0,0.0,0.0,0.0,0.0,0.0,261.7567575,0.0,1.0
93.06999969,1,1,1,1,1,0.336934774,0.663065226,0.143255074,0.053997488,0.31890248,0,0,0,0,0,0,0,372,465,372,0,372,0,1,1,1,1,0.163412108,0.739987473,0.159298879,0.907561696,0.102243395,1.513059739,0.163412108,0.739987473,0.15982556,0.840775963,0.150362931,0.757649991,0.163412108,0.739987473,0.31890248,1.375218905,,,1.265882581,,,1.335306541,,,1.619439959,,,1.265882581,,,1.307192995,,,1.273026425,,,1.265882581,,,0.000854992,0.000694413,0.000888157,0.000854992,0.000722933,0.000826193,0.000854992,89.93278888,89.93278888,90.06474076,1,,0.0,80.38894986,80.38894986,,90.24402167,1,,11.85356728,11.85356728,90.8558988,0,69.34855805,-302.6514419,99.20791268,-3,,57.31147634,-407.6885237,99.20791268,-4,,63.26494378,-308.7350562,99.20791268,-3,,21.83611358,21.83611358,90.06474076,0,,0.167543318,0.603889843,0.251868393,-7.435902882,1.212163898,0.093557903,0.000973446,0.003009035,79.39433437,79.39433437,89.85487272,1,,267.1878599,-104.8121401,92.03737069,-1,,1,,,,,,,,,,0.00855596,0.012869816,0.0,-0.025667881,-0.044181514,-0.026907821,0.005698171,-0.863947682,0.0,,,,0.0,0.0,0.0,0.0,0.0,0.0,0.0,0.0,-92.03737069,0.0,1.0
51.59999847,1,1,1,1,1,0.449779912,0.550220088,0.452049343,0.207199665,0.322931251,0,0,0,0,0,0,0,0,0,0,0,155,0,1,1,1,1,0.451240041,0.068509492,0.450984081,0.082175244,0.31813319,0.36424086,0.451240041,0.068509492,0.451505212,0.075574787,0.451621826,0.063682879,0.451240041,0.068509492,0.322931251,1.379247676,,,1.022272835,,,1.026774648,,,1.124251348,,,1.022272835,,,1.024597836,,,1.020687559,,,1.022272835,,,0.000697397,0.00054025,0.000624018,0.000697397,0.000573322,0.000669721,0.000697397,73.35611426,73.35611426,49.02482446,1,,0.0,62.54224899,62.54224899,,49.02482446,1,,8.328300478,8.328300478,49.80039702,0,56.56602905,56.56602905,49.02482446,1,,45.45088686,45.45088686,49.02482446,1,,51.28324712,51.28324712,49.02482446,1,,17.81121728,17.81121728,49.02482446,0,,0.451279031,0.057412966,0.44935912,-8.849956237,1.018631909,0.058099461,0.000825143,0.001888952,67.29875817,67.29875817,49.02482446,1,,167.7298349,12.72983491,49.45406383,0,,1,,,,,,,,,,7.33e-05,0.000105512,0.0,7.33e-05,8.92e-05,6.34e-05,5.15e-05,0.0,0.0,,,,0.004175388,0.0,0.0,0.0,0.0,0.0,0.0,0.0,0.0,0.0,1.0
254.0599976,1,1,1,1,1,0.723489396,0.276510604,0.958615201,0.580577648,0.536064349,0,0,762,0,762,0,0,1016,0,1270,762,508,762,1,1,1,1,0.895332528,-1.148182908,0.905293254,-1.496990505,0.717588199,-0.458745531,0.895332528,-1.148182908,0.90520149,-1.39058372,0.933022011,-1.563768203,0.895332528,-1.148182908,0.536064349,1.592380774,0.0,0.0,0.586155944,0.0,0.0,0.498353682,0.0,0.0,0.807814931,0.0,0.0,0.586155944,0.0,0.0,0.523644848,0.0,0.0,0.48310935,0.0,0.0,0.586155944,0.0,0.0,0.000653658,0.000465949,0.000808173,0.000653658,0.00052091,0.000542894,0.000653658,68.75537006,68.75537006,239.8555397,0,0.0,0.0,53.9407637,-708.0592363,0.0,258.6408196,-3,0.0,10.78608824,10.78608824,239.8555397,0,53.01832437,-962.9816756,259.2446806,-4,0.0,41.29586049,41.29586049,239.8555397,0,0.0,41.57154474,-1228.428455,258.488222,-5,0.0,16.69413446,16.69413446,239.8555397,0,0.0,0.88552784,-0.887071184,0.768908829,-11.13796411,0.661865882,0.005618347,0.000820457,0.000310902,66.91658044,-695.0834196,260.029861,-3,0.0,27.60658698,-480.393413,252.3813322,-2,0.0,1,0.0,0.0,0.0,0.0,0.0,0.0,0.0,0.0,0.0,0.0,-0.105045964,0.0,-0.082395249,0.0,-0.191044609,-0.036885717,-2.0,0.0,0.0,0.0,0.0,0.0,0.0,0.0,0.0,0.0,0.0,0.0,0.0,-504.7626644,0.0,1.0
72.05999756,0,0,0,0,0,0.262505002,0.737494998,0.218066057,0.444118878,0.363700972,0,0,0,0,0,0,0,0,0,0,0,0,0,1,1,1,1,0.2264254,0.49907058,0.225017102,0.600517252,0.285135291,0.451025545,0.2264254,0.49907058,0.224991097,0.55839092,0.221244029,0.482446195,0.2264254,0.49907058,0.363700972,1.420017397,0.0,0.0,1.191256512,0.0,0.0,1.234397329,0.0,0.0,1.171354454,0.0,0.0,1.191256512,0.0,0.0,1.21629634,0.0,0.0,1.184332097,0.0,0.0,1.191256512,0.0,0.0,0.000897814,0.000729782,0.000732643,0.000897814,0.000764792,0.000866656,0.000897814,94.43708823,94.43708823,70.40780713,1,0.0,0.0,84.48344189,84.48344189,0.0,70.60548617,1,0.0,9.778045622,9.778045622,70.35740829,0,72.82189263,72.82189263,70.40780713,1,0.0,60.62993188,60.62993188,70.57440116,1,0.0,66.36332108,66.36332108,70.35735572,1,0.0,22.92977913,22.92977913,70.40780713,0,0.0,0.227877246,0.414936951,0.25031426,-7.424775135,1.156624185,0.074003759,0.001021325,0.00267995,83.29934488,83.29934488,70.35265748,1,0.0,237.9666581,237.9666581,69.58997953,3,0.0,1,0.0,0.0,0.0,0.0,0.0,0.0,0.0,0.0,0.0,0.003891741,0.005634703,0.0,0.003891741,0.004871882,0.003636786,0.002690198,2.584091522,0.0,0.0,0.0,0.0,0.0,0.0,0.0,0.0,0.0,0.0,0.0,0.0,208.7699386,0.0,1.0
448.1900024,1,1,1,1,1,0.721488595,0.278511405,0.994031039,0.784847216,0.849993848,0,0,0,0,0,0,0,448,896,896,896,448,0,1,1,1,1,0.918813116,-1.430160652,0.93086554,-1.942535008,0.817171189,-0.841719231,0.918813116,-1.430160652,0.930334396,-1.795146113,0.963520406,-2.39116503,0.918813116,-1.430160652,0.849993848,1.906310273,,,0.397446022,,,0.285571029,,,0.580972624,,,0.397446022,,,0.314059235,,,0.21380157,,,0.397446022,,,0.000820119,0.000548504,0.001215485,0.000820119,0.000642174,0.000471295,0.000820119,86.26471514,86.26471514,419.8783332,0,,0.0,63.49775402,63.49775402,,419.8783332,0,,16.22217489,16.22217489,419.8783332,0,66.52004992,-381.4799501,456.3917045,-1,,50.90918234,-845.0908177,454.9413148,-2,,36.08892742,-859.9110726,452.7169704,-2,,20.94548764,20.94548764,419.8783332,0,,0.907163921,-1.070720854,0.773039157,-11.16753767,0.501176711,0.000742895,0.001058428,8e-05,86.32549577,-809.6745042,458.5907998,-2,,7.104937839,-440.8950622,441.6229731,-1,,1,,,,,,,,,,0.0,0.0,0.0,-0.031958742,-0.100704674,-0.178677194,-0.035826348,-1.0,0.0,,,,0.0,0.0,0.0,0.0,0.0,0.0,0.0,0.0,-441.6229731,0.0,1.0
106.4899979,0,0,0,0,0,0.041616647,0.958383353,0.033824115,0.214734198,0.686405031,106,0,106,0,106,0,0,0,106,1065,0,0,212,1,1,1,1,0.035270231,2.605533226,0.03503323,3.12153992,0.052796364,2.571969181,0.035270231,2.605533226,0.035018711,2.902843243,0.034374521,2.479866342,0.035270231,2.605533226,0.686405031,1.742721456,,,4.251356377,,,5.662428919,,,4.17283224,,,4.251356377,,,5.014723665,,,3.964725678,,,4.251356377,,,0.006454521,0.007595686,0.006043183,0.006454521,0.007159158,0.006245857,0.006454521,678.9224387,572.9224387,105.7574078,5,,211.5148156,879.3172137,773.3172137,,105.9951232,7,,80.65389289,80.65389289,105.7533342,1,523.5275448,523.5275448,105.7574078,5,,567.5517442,461.5517442,105.8753609,4,,478.2702833,-586.7297167,110.0288222,-5,,164.8456327,164.8456327,105.7574078,2,,0.03551921,2.175887873,0.039468564,-5.915098866,3.348767778,0.037420765,0.005422284,0.002891614,442.2419702,442.2419702,105.6569945,4,,256.7614241,256.7614241,102.6004512,3,,1,,,,,,,,,,0.530375265,1.065751254,0.103359773,0.530375265,0.526656181,-0.480448209,0.295905502,1.640080996,0.212150106,,,,0.093856554,105.7574078,105.9951232,0.0,105.7574078,105.8753609,0.0,0.0,205.2009024,0.0,1.0
83.01999664,0,0,0,0,0,0.152861144,0.847138856,0.142061281,0.434491419,0.463450151,0,0,0,0,0,0,0,0,0,0,0,0,0,1,1,1,1,0.144324512,0.843602333,0.14399972,1.008841285,0.192393672,0.792583823,0.144324512,0.843602333,0.143926447,0.938412665,0.142947487,0.798228665,0.144324512,0.843602333,0.463450151,1.519766576,0.0,0.0,1.423467013,0.0,0.0,1.525401012,0.0,0.0,1.393392349,0.0,0.0,1.423467013,0.0,0.0,1.481090972,0.0,0.0,1.396688391,0.0,0.0,1.423467013,0.0,0.0,0.001353197,0.001183272,0.001151221,0.001353197,0.001222201,0.001317861,0.001353197,142.3368441,142.3368441,81.85466454,2,0.0,0.0,136.981852,136.981852,0.0,81.97413354,2,0.0,15.36449761,15.36449761,81.84855268,0,109.7581318,109.7581318,81.85466454,1,0.0,96.89160256,96.89160256,81.91302061,1,0.0,100.9139297,100.9139297,81.84213778,1,0.0,34.56007019,34.56007019,81.85466454,0,0.0,0.144685288,0.70572959,0.150268121,-6.70843477,1.343647441,0.060333928,0.001450621,0.00280902,118.3127429,118.3127429,81.84370063,1,0.0,249.4274735,249.4274735,81.18385219,3,0.0,1,0.0,0.0,0.0,0.0,0.0,0.0,0.0,0.0,0.0,0.022239528,0.031805023,0.0,0.011119764,0.013759661,0.009955766,0.007782098,2.109520175,0.0,0.0,0.0,0.0,0.0,0.0,0.0,0.0,0.0,0.0,0.0,0.0,162.3677044,0.0,1.0
89.31999969,1,1,1,1,1,0.631052421,0.368947579,0.726621568,0.472582671,0.436611602,0,0,0,0,0,0,0,0,0,0,0,447,0,1,1,1,1,0.703357215,-0.325046863,0.707011432,-0.396943645,0.586175152,-0.158665959,0.703357215,-0.325046863,0.707136316,-0.369332499,0.717377025,-0.332688541,0.703357215,-0.325046863,0.436611602,1.492928027,,,0.877867985,,,0.852935864,,,0.938395585,,,0.877867985,,,0.862425897,,,0.875183784,,,0.877867985,,,0.000785198,0.000616108,0.000720685,0.000785198,0.000662671,0.000772494,0.000785198,82.59145476,82.59145476,85.81868838,1,,0.0,71.32398024,71.32398024,,85.81868838,1,,9.618448548,9.618448548,85.81868838,0,63.68754229,63.68754229,85.81868838,1,,52.53413953,52.53413953,85.81868838,1,,59.15297937,59.15297937,85.81868838,1,,20.05360236,20.05360236,85.81868838,0,,0.699652511,-0.26621693,0.651443275,-10.296899,0.898810022,0.01614133,0.000920502,0.000703547,75.07625545,75.07625545,85.81868838,1,,62.47162947,-384.5283705,88.89723954,-4,,1,,,,,,,,,,0.001650867,0.002461942,0.0,0.001650867,0.002131351,0.001729401,0.001107366,-4.0,0.0,,,,2.474694345,0.0,0.0,0.0,0.0,0.0,0.0,0.0,-355.5889581,0.0,1.0
101.9800034,0,0,0,0,0,0.467787115,0.532212885,0.871070434,0.888237756,0.883060491,0,0,918,0,918,0,0,0,0,0,1122,0,918,1,1,1,1,0.734176487,-0.393679049,0.754769197,-0.53187794,0.685212419,-0.372533092,0.734176487,-0.393679049,0.75345564,-0.490603214,0.812573808,-0.593730299,0.734176487,-0.393679049,0.883060491,1.939376916,0.0,0.0,0.770465879,0.0,0.0,0.703070393,0.0,0.0,0.781333244,0.0,0.0,0.770465879,0.0,0.0,0.722556795,0.0,0.0,0.674848401,0.0,0.0,0.770465879,0.0,0.0,0.001686145,0.001446593,0.001754089,0.001686145,0.001582774,0.001586549,0.001686145,177.3581601,177.3581601,96.88035163,2,0.0,0.0,167.465377,-750.534623,0.0,104.8262248,-7,0.0,23.41052277,23.41052277,96.88035163,0,136.7636077,136.7636077,96.88035163,1,0.0,125.4765142,125.4765142,96.88035163,1,0.0,121.4884132,121.4884132,96.88035163,1,0.0,43.06341411,43.06341411,96.88035163,0,0.0,0.714982557,-0.293382456,0.527514726,-9.40955819,0.823388791,0.00196438,0.00182974,0.000225482,149.2337415,-972.7662585,105.5130616,-9,0.0,20.02167828,20.02167828,98.13816101,0,0.0,1,0.0,0.0,0.0,0.0,0.0,0.0,0.0,0.0,0.0,0.004843225,-0.030941547,0.0,0.002421612,0.003760805,0.005508057,-0.012104053,0.0,0.0,0.0,0.0,0.0,5.526239101,0.0,0.0,0.0,0.0,0.0,0.0,0.0,0.0,0.0,1.0
164.1199951,0,0,0,0,0,0.324929972,0.675070028,0.385196976,0.457513604,0.576239923,0,328,0,0,328,0,164,1477,164,0,985,164,328,1,1,1,1,0.370373162,0.190532296,0.372905656,0.222419986,0.383760224,0.218146713,0.370373162,0.190532296,0.372694561,0.207164082,0.379347584,0.164973034,0.370373162,0.190532296,0.576239923,1.632556347,,,1.097888569,,,1.115182993,,,1.112849651,,,1.097888569,,,1.10687516,,,1.084220238,,,1.097888569,,,0.001333227,0.001151974,0.001233094,0.001333227,0.001216621,0.001337538,0.001333227,140.2362867,140.2362867,153.6897153,1,,-176.6807148,133.3587133,-194.6412867,,176.6807148,-1,,16.45719177,16.45719177,153.8950786,0,108.1383597,-1368.86164,176.6807148,-8,,96.44923632,-67.55076368,176.6807148,0,,102.4206045,102.4206045,153.2818681,1,,34.05004474,-129.9499553,176.6807148,-1,,0.367936331,0.163141115,0.337941411,-8.052194296,1.083247143,0.019317195,0.00144562,0.00117222,117.9049259,-867.0950741,176.6807148,-5,,104.0875348,-59.91246525,160.3335261,0,,0,,,,,,,,,,0.000567227,-0.000772979,0.0,-0.004537819,0.0,0.000425252,-0.002079299,0.0,-0.000567227,,,,101.6952661,0.0,0.0,0.0,0.0,0.0,0.0,0.0,0.0,0.0,1.0
45.31999969,0,0,0,0,0,0.158063225,0.841936775,0.128531635,0.169108414,0.503434828,0,0,0,0,0,0,0,0,0,0,0,0,0,1,1,1,1,0.133964433,0.909350181,0.13301357,1.09264025,0.150401686,1.043074859,0.133964433,0.909350181,0.133040365,1.015630202,0.130583077,0.873806124,0.133964433,0.909350181,0.503434828,1.559751253,0.0,0.0,1.498148663,0.0,0.0,1.625324337,0.0,0.0,1.589904999,0.0,0.0,1.498148663,0.0,0.0,1.570626198,0.0,0.0,1.474663535,0.0,0.0,1.498148663,0.0,0.0,0.001556471,0.001398832,0.001461162,0.001556471,0.001438119,0.001533537,0.001556471,163.7182712,163.7182712,44.59278024,4,0.0,44.59278024,161.9362722,161.9362722,0.0,44.65977319,4,0.0,19.50104032,19.50104032,44.63489909,0,126.2456794,126.2456794,44.59278024,3,0.0,114.0088142,114.0088142,44.62452754,3,0.0,117.4290589,117.4290589,44.57368025,3,0.0,39.75158349,39.75158349,44.59278024,1,0.0,0.134927224,0.757276855,0.149732468,-6.704599444,1.400220214,0.050773985,0.001632523,0.002602419,133.1486943,133.1486943,44.57083761,3,0.0,231.0822726,231.0822726,44.15353832,5,0.0,1,0.0,0.0,0.0,0.0,0.0,0.0,0.0,0.0,0.0,0.051682359,0.07461642,0.0,0.03876177,0.048351783,0.035790804,0.026881324,3.511847946,0.01292059,0.0,0.0,0.0,0.005024469,0.0,0.0,0.0,0.0,0.0,0.0,0.0,176.6141533,0.0,1.0
91.95999908,1,1,1,1,1,0.519061584,0.480938416,0.531204644,0.166666667,0.678858838,0,0,0,0,0,0,0,0,0,92,0,0,0,1,1,1,1,0.527847689,-0.038938158,0.527572553,-0.045996712,0.297817268,0.416275943,0.527847689,-0.038938158,0.528679853,-0.04448904,0.529654917,-0.03886453,0.527847689,-0.038938158,0.678858838,1.735175263,,,0.978769463,,,0.974969417,,,1.257861654,,,0.978769463,,,0.975779847,,,0.978809179,,,0.978769463,,,0.001464102,0.001285331,0.001789537,0.001464102,0.001369053,0.001517121,0.001464102,154.0024483,154.0024483,87.77098466,2,,0.0,148.7967337,148.7967337,,87.77098466,2,,23.88362818,23.88362818,89.19213544,0,118.7536588,118.7536588,87.77098466,1,,108.5335137,108.5335137,87.77098466,1,,116.1720028,24.17200279,87.77098466,0,,37.39253497,37.39253497,87.77098466,0,,0.527659457,-0.032436045,0.519922595,-9.355197772,0.982283047,0.005766279,0.001570195,0.000438478,128.0652702,128.0652702,87.77098466,1,,38.93476497,38.93476497,88.49609733,0,,1,,,,,,,,,,4.74e-05,6.61e-05,0.0,2.37e-05,3.09e-05,0.0,1.64e-05,0.0,0.0,,,,0.000541734,0.0,0.0,0.0,0.0,0.0,0.0,0.0,0.0,0.0,1.0
178.5599976,1,1,1,1,1,0.708683473,0.291316527,0.775567051,0.880703223,0.673263002,0,0,0,0,0,0,0,0,0,0,0,0,0,1,1,1,1,0.760104634,-0.460295517,0.762810143,-0.558174847,0.784919764,-0.689591223,0.760104634,-0.460295517,0.762557973,-0.518153028,0.769542509,-0.456427278,0.760104634,-0.460295517,0.673263002,1.729579427,0.0,0.0,0.777100252,0.0,0.0,0.736525168,0.0,0.0,0.685359303,0.0,0.0,0.777100252,0.0,0.0,0.752853379,0.0,0.0,0.778748925,0.0,0.0,0.777100252,0.0,0.0,0.001149663,0.000958514,0.00096222,0.001149663,0.001042705,0.001192523,0.001149663,120.9279141,120.9279141,171.5226456,1,0.0,0.0,110.962759,110.962759,0.0,171.5226456,1,0.0,12.84204256,12.84204256,171.5226456,0,93.24937632,93.24937632,171.5226456,1,0.0,82.66186194,82.66186194,171.5226456,0,0.0,91.31626112,91.31626112,171.5226456,1,0.0,29.36187904,29.36187904,171.5226456,0,0.0,0.757495952,-0.380057765,0.724097742,-10.81711224,0.812023992,0.002667908,0.001285678,0.000200462,104.8600168,104.8600168,171.5226456,1,0.0,17.80002691,17.80002691,173.271301,0,0.0,1,0.0,0.0,0.0,0.0,0.0,0.0,0.0,0.0,0.0,0.003310499,0.004868112,0.0,0.003310499,0.0,0.003255092,0.002256936,0.0,0.0,0.0,0.0,0.0,0.0,0.0,0.0,0.0,0.0,0.0,0.0,0.0,0.0,0.0,1.0
306.5700073,1,1,1,1,1,0.824729892,0.175270108,0.836848388,0.892842193,0.459008451,0,0,0,0,0,0,0,0,0,0,0,0,0,1,1,1,1,0.834228105,-0.728488307,0.8347205,-0.872010282,0.851765726,-1.058946615,0.834228105,-0.728488307,0.83464059,-0.810282831,0.835845986,-0.6899468,0.834228105,-0.728488307,0.459008451,1.515324875,0.0,0.0,0.738760506,0.0,0.0,0.69598059,0.0,0.0,0.643952812,0.0,0.0,0.738760506,0.0,0.0,0.714067534,0.0,0.0,0.750690005,0.0,0.0,0.738760506,0.0,0.0,0.000695297,0.000533595,0.000525688,0.000695297,0.000582385,0.000700602,0.000695297,73.13517574,73.13517574,289.3206868,0,0.0,0.0,61.77180835,61.77180835,0.0,289.3206868,0,0.0,7.015963627,7.015963627,289.3206868,0,56.39565996,56.39565996,289.3206868,0,0.0,46.16935516,46.16935516,289.3206868,0,0.0,53.64788267,53.64788267,289.3206868,0,0.0,17.75757234,17.75757234,289.3206868,0,0.0,0.83376492,-0.609122244,0.827755039,-11.55930886,0.776336367,0.008193666,0.000830911,0.00037737,67.76920913,67.76920913,289.3206868,0,0.0,33.50860454,33.50860454,293.3915794,0,0.0,1,0.0,0.0,0.0,0.0,0.0,0.0,0.0,0.0,0.0,0.0,0.0,0.0,0.0,0.0,0.0,0.0,0.0,0.0,0.0,0.0,0.0,0.0,0.0,0.0,0.0,0.0,0.0,0.0,0.0,0.0,0.0,1.0
13.78999996,0,0,0,0,0,0.234493798,0.765506202,0.111420613,0.430305567,0.358470753,0,0,41,0,41,0,0,0,0,0,0,0,41,1,1,1,1,0.125751574,0.967432682,0.123081104,1.178347245,0.196254352,0.773795034,0.125751574,0.967432682,0.123146458,1.094957531,0.11656842,0.974340437,0.125751574,0.967432682,0.358470753,1.414787178,0.0,0.0,1.39888982,0.0,0.0,1.505103828,0.0,0.0,1.307988834,0.0,0.0,1.39888982,0.0,0.0,1.462178425,0.0,0.0,1.402246766,0.0,0.0,1.39888982,0.0,0.0,0.00104108,0.000876784,0.000805819,0.00104108,0.000905915,0.001012039,0.00104108,109.5065481,109.5065481,13.50147532,8,0.0,27.00295063,101.501225,60.50122498,0.0,13.51808694,4,0.0,10.75467542,10.75467542,13.46595377,1,84.44218511,84.44218511,13.50147532,6,0.0,71.81763862,71.81763862,13.51031218,5,0.0,77.49585449,77.49585449,13.49010381,6,0.0,26.58871644,26.58871644,13.50147532,2,0.0,0.128539385,0.794311886,0.185045943,-6.957447455,1.317333524,0.089448793,0.001150595,0.003195333,93.84260836,93.84260836,13.48150654,7,0.0,283.7302341,283.7302341,13.19794923,21,0.0,1,0.0,0.0,0.0,0.0,0.0,0.0,0.0,0.0,0.0,0.116990749,0.086781389,0.009355606,0.087743062,0.093666562,0.089000558,0.069008119,15.88324339,0.029247687,0.0,0.0,0.0,0.131398625,0.0,0.0,0.0,0.0,0.0,0.0,0.0,211.1671877,0.0,1.0
189.6300049,0,0,0,0,0,0.330532213,0.669467787,0.285316355,0.421933864,0.45197318,0,0,0,0,0,0,0,0,0,0,0,0,0,1,1,1,1,0.294074198,0.330409909,0.29258841,0.397951471,0.339266899,0.314045668,0.294074198,0.330409909,0.292587219,0.369980023,0.288655626,0.320374631,0.294074198,0.330409909,0.45197318,1.508289605,,,1.14544206,,,1.177682615,,,1.137764447,,,1.14544206,,,1.164221962,,,1.140727686,,,1.14544206,,,0.00106103,0.000886251,0.000911255,0.00106103,0.000931996,0.001046225,0.00106103,111.6050626,111.6050626,181.7380374,1,,0.0,102.5971677,102.5971677,,182.425398,1,,12.16184554,12.16184554,181.5349342,0,86.06038196,86.06038196,181.7380374,0,,73.88525248,73.88525248,182.0499572,0,,80.11363685,80.11363685,181.3575626,0,,27.09824585,27.09824585,181.7380374,0,,0.295590974,0.27445595,0.318413437,-7.912372049,1.119402309,0.038704579,0.001181699,0.001752149,96.3794986,96.3794986,181.3287531,1,,155.5823967,155.5823967,180.0216445,1,,1,,,,,,,,,,0.001705792,0.002474459,0.0,0.0,0.0,0.0,0.00117697,0.978212991,0.0,,,,0.0,0.0,0.0,0.0,0.0,0.0,0.0,0.0,180.0216445,0.0,1.0
50.79999924,1,1,1,1,1,0.893957583,0.106042417,0.980501393,0.638342403,0.813123837,0,0,0,0,0,0,0,0,0,0,0,254,0,1,1,1,1,0.960091712,-2.411070892,0.963194513,-3.028008232,0.802750942,-0.769044886,0.960091712,-2.411070892,0.963484395,-2.829028772,0.972407859,-2.814752839,0.960091712,-2.411070892,0.813123837,1.869440262,,,0.221250413,,,0.150402503,,,0.618075587,,,0.221250413,,,0.170341352,,,0.171869584,,,0.221250413,,,0.000427046,0.000267168,0.001193601,0.000427046,0.000322105,0.000352144,0.000427046,44.91906416,44.91906416,49.18704775,1,,0.0,30.92878172,30.92878172,,49.18704775,1,,15.93011149,15.93011149,49.18704775,0,34.63778192,34.63778192,49.18704775,1,,25.53530395,25.53530395,49.18704775,1,,26.96510544,26.96510544,49.18704775,1,,10.90656477,10.90656477,49.18704775,0,,0.956857058,-1.921708139,0.912837694,-12.16850917,0.300503561,0.000493941,0.000598971,4.95e-05,48.85212713,48.85212713,49.18704775,1,,4.394556173,-249.6054438,50.61079228,-5,,1,,,,,,,,,,0.090832232,0.143263029,0.0,0.090832232,0.125053184,0.123794274,0.057702534,-5.0,0.0,,,,0.101394406,0.0,0.0,0.0,0.0,0.0,0.0,0.0,-253.0539614,0.0,1.0
68.18000031,1,1,1,1,1,0.773909564,0.226090436,0.885395941,0.641691084,0.618788977,0,0,0,0,0,0,0,0,0,0,0,136,0,1,1,1,1,0.858453866,-0.860490542,0.862773142,-1.059257422,0.749552808,-0.557456218,0.858453866,-0.860490542,0.862808928,-0.985053569,0.874724766,-0.909801557,0.858453866,-0.860490542,0.618788977,1.675105402,,,0.641525403,,,0.579004183,,,0.750077808,,,0.641525403,,,0.601598149,,,0.62541186,,,0.641525403,,,0.000850697,0.000662957,0.00092359,0.000850697,0.000733003,0.000849561,0.000850697,89.48102284,89.48102284,63.12359401,1,,0.0,76.74745302,76.74745302,,63.12359401,1,,12.32647179,12.32647179,63.12359401,0,69.00019431,69.00019431,63.12359401,1,,58.10980412,58.10980412,63.12359401,1,,65.05425558,65.05425558,63.12359401,1,,21.72642262,21.72642262,63.12359401,0,,0.85411966,-0.699791412,0.797991312,-11.34619759,0.696975055,0.002870606,0.001003758,0.0001916,81.86657259,81.86657259,63.12359401,1,,17.01313022,-118.9868698,65.81206029,-2,,1,,,,,,,,,,0.011569437,0.017531661,0.0,0.011569437,0.015161415,0.01293342,0.007651688,-2.0,0.0,,,,0.002441486,0.0,0.0,0.0,0.0,0.0,0.0,0.0,-131.6241206,0.0,1.0
274.5799866,1,1,1,1,1,0.691076431,0.308923569,0.912455233,0.935537882,0.341817851,0,0,275,0,275,0,0,0,0,0,0,0,275,1,1,1,1,0.853341366,-0.829804437,0.863058913,-1.061470515,0.833612031,-0.936165304,0.853341366,-0.829804437,0.862434938,-0.982369945,0.888690111,-1.01709903,0.853341366,-0.829804437,0.341817851,1.398134276,0.0,0.0,0.757221421,0.0,0.0,0.700654882,0.0,0.0,0.73070518,0.0,0.0,0.757221421,0.0,0.0,0.719477393,0.0,0.0,0.711151897,0.0,0.0,0.757221421,0.0,0.0,0.000541174,0.000389275,0.000428837,0.000541174,0.000425122,0.000490999,0.000541174,56.92368879,56.92368879,258.5359236,0,0.0,0.0,45.06453599,-229.935464,0.0,280.6505047,-1,0.0,5.723376339,5.723376339,258.5359236,0,43.89473279,43.89473279,258.5359236,0,0.0,33.70213195,33.70213195,258.5359236,0,0.0,37.59774704,37.59774704,258.5359236,0,0.0,13.82134536,13.82134536,258.5359236,0,0.0,0.84399658,-0.652382767,0.734686687,-10.89293014,0.803612007,0.02597444,0.000677715,0.000888088,55.27453626,55.27453626,258.5359236,0,0.0,78.85793561,78.85793561,262.0502832,0,0.0,1,0.0,0.0,0.0,0.0,0.0,0.0,0.0,0.0,0.0,0.0,-0.017604995,0.0,0.0,0.0,0.0,0.0,0.0,0.0,0.0,0.0,0.0,0.0,0.0,0.0,0.0,0.0,0.0,0.0,0.0,0.0,0.0,1.0
315.8699951,1,1,1,1,1,0.515806323,0.484193677,0.512136888,0.561741314,0.480758664,0,0,0,0,0,0,0,0,0,0,0,0,0,1,1,1,1,0.512953096,-0.01807867,0.512845034,-0.021389863,0.529958752,-0.054071423,0.512953096,-0.01807867,0.512808636,-0.019829844,0.512461463,-0.016295971,0.512953096,-0.01807867,0.480758664,1.537075089,,,0.992258439,,,0.990847043,,,0.977023773,,,0.992258439,,,0.991511751,,,0.993019147,,,0.992258439,,,0.000980525,0.000804238,0.000845581,0.000980525,0.000856155,0.00097756,0.000980525,103.1371092,103.1371092,302.6973222,0,,0.0,93.10292403,93.10292403,,302.6973222,0,,11.28534071,11.28534071,302.6973222,0,79.53061274,79.53061274,302.6973222,0,,67.87279098,67.87279098,302.6973222,0,,74.85570555,74.85570555,302.6973222,0,,25.04218605,25.04218605,302.6973222,0,,0.513077662,-0.01530872,0.514988382,-9.319868314,0.993440674,0.018198115,0.001109105,0.000883532,90.45871531,90.45871531,302.6973222,0,,78.4534095,78.4534095,305.618405,0,,1,,,,,,,,,,0.0,0.0,0.0,0.0,0.0,0.0,0.0,0.0,0.0,,,,0.0,0.0,0.0,0.0,0.0,0.0,0.0,0.0,0.0,0.0,1.0
47.36999893,0,0,0,0,0,0.170068027,0.829931973,0.11500199,0.290079531,0.439389174,0,0,0,0,0,0,0,0,0,0,0,0,0,1,1,1,1,0.123710296,0.982801978,0.122164082,1.186808116,0.168775772,0.92156676,0.123710296,0.982801978,0.122183762,1.103210932,0.118230757,0.961445186,0.123710296,0.982801978,0.439389174,1.495705599,0.0,0.0,1.485385267,0.0,0.0,1.612533677,0.0,0.0,1.449213503,0.0,0.0,1.485385267,0.0,0.0,1.559165263,0.0,0.0,1.472668372,0.0,0.0,1.485385267,0.0,0.0,0.001337056,0.00117349,0.001121506,0.001337056,0.001206982,0.001308952,0.001337056,140.6390116,140.6390116,46.77113702,3,0.0,46.77113702,135.84942,135.84942,0.0,46.82931067,3,0.0,14.96790989,14.96790989,46.76288887,0,108.448907,108.448907,46.77113702,2,0.0,95.68511165,95.68511165,46.7911286,2,0.0,100.2316735,100.2316735,46.72377347,2,0.0,34.14782828,34.14782828,46.77113702,1,0.0,0.125303725,0.814195015,0.152467359,-6.724181538,1.387902119,0.066727208,0.001429243,0.002928497,116.5691735,116.5691735,46.71702505,2,0.0,260.0364152,260.0364152,46.33139254,6,0.0,1,0.0,0.0,0.0,0.0,0.0,0.0,0.0,0.0,0.0,0.04527655,0.06602407,0.0,0.030184366,0.038033574,0.028886776,0.020716048,4.238870377,0.015092183,0.0,0.0,0.0,0.036563794,0.0,0.0,0.0,0.0,0.0,0.0,0.0,185.3255702,0.0,1.0
1031.890015,0,0,0,0,0,0.110844338,0.889155662,0.0103462,0.086647133,0.735010049,1032,0,3096,0,3096,0,0,2064,3096,2064,0,0,4128,1,1,1,1,0.012878502,4.232245097,0.012363481,5.122461094,0.026188919,3.987139746,0.012878502,4.232245097,0.012381607,4.759956762,0.011198519,4.15852396,0.012878502,4.232245097,0.735010049,1.791326474,,,11.78955927,,,19.80969449,,,10.21981621,,,11.78955927,,,16.03617682,,,11.29362181,,,11.78955927,,,0.019664911,0.029664773,0.009947221,0.019664911,0.025559538,0.019721757,0.019664911,2068.464927,1036.464927,1031.12997,1,,0.0,3434.152693,338.1526931,,1043.057508,0,,132.7581909,132.7581909,1029.042966,0,1595.02515,-468.9748502,1095.049262,0,,2026.266358,-1069.733642,1095.049262,-1,,1510.173919,-553.8260815,1095.049262,-1,,502.2332305,502.2332305,1031.12997,0,,0.013435209,3.495834163,0.033011327,-5.868864399,7.674620696,0.032670197,0.013481162,0.002795089,1099.524788,1099.524788,1028.31006,1,,248.1904395,248.1904395,947.5011811,0,,1,0.04624718,0.051740297,0.005092708,0.051540942,0.04624718,0.26596191,0.05052842,0.032111619,0.04624718,0.279873415,0.0,0.0,0.0,-0.354018568,-0.270208149,0.190950883,0.0,0.0,-0.48426766,0.48426766,0.026633445,0.0,0.0,0.0,0.0,0.0,0.0,0.0,0.0,0.0,0.0,1.0
42.81000137,1,1,1,1,1,0.462585034,0.537414966,0.329088739,0.351611553,0.01072175,0,0,0,0,0,0,0,0,0,0,0,1156,0,1,1,1,1,0.351012414,0.222881282,0.34701837,0.274146292,0.372197511,0.242021511,0.351012414,0.222881282,0.347239445,0.254449533,0.337225827,0.231459239,0.351012414,0.222881282,0.01072175,1.067038175,0.0,0.0,1.014567123,0.0,0.0,1.017947619,0.0,0.0,1.015827945,0.0,0.0,1.014567123,0.0,0.0,1.016647453,0.0,0.0,1.015131984,0.0,0.0,1.014567123,0.0,0.0,0.000287735,0.000191816,0.00019686,0.000287735,0.000203563,0.000254779,0.000287735,30.26559414,30.26559414,41.0488716,1,0.0,0.0,22.20563059,22.20563059,0.0,41.14754724,1,0.0,2.627348476,2.627348476,41.06842371,0,23.33826559,23.33826559,41.0488716,1,0.0,16.13771152,16.13771152,41.08348017,0,0.0,19.50948276,19.50948276,41.03680594,0,0.0,7.348631789,7.348631789,41.0488716,0,0.0,0.355043893,0.181165354,0.420905321,-8.646224191,1.011824595,0.570623657,0.000383344,0.007175719,31.26556424,31.26556424,40.92704972,1,0.0,637.1693226,-518.8306774,42.43262969,-12,0.0,1,0.0,0.0,0.0,0.0,0.0,0.0,0.0,0.0,0.0,0.000776189,0.001174315,0.0,0.000776189,0.0,0.0,0.000512826,-12.0,0.0,0.0,0.0,0.0,0.0,0.0,0.0,0.0,0.0,0.0,0.0,0.0,-509.1915563,0.0,1.0
54.11000061,1,1,1,1,1,0.579231693,0.420768307,0.732590529,0.26977815,0.188444033,0,0,0,0,0,0,0,0,0,0,0,541,0,1,1,1,1,0.69224221,-0.302482498,0.698071452,-0.374865393,0.4324253,0.123328588,0.69224221,-0.302482498,0.698793556,-0.350143904,0.716208114,-0.330276285,0.69224221,-0.302482498,0.188444033,1.244760458,,,0.935918894,,,0.921203608,,,1.0273698,,,0.935918894,,,0.926203233,,,0.930240879,,,0.935918894,,,0.00044954,0.000321518,0.000374437,0.00044954,0.000343668,0.00041568,0.00044954,47.28512708,47.28512708,51.27798929,1,,0.0,37.22061309,37.22061309,,51.27798929,1,,4.997332053,4.997332053,51.51332648,0,36.46228946,36.46228946,51.27798929,1,,27.24470904,27.24470904,51.27798929,1,,31.83030806,31.83030806,51.27798929,1,,11.48105623,11.48105623,51.27798929,0,,0.686157856,-0.243681808,0.608878188,-9.992128711,0.948045813,0.112173588,0.000566779,0.002494775,46.2265865,46.2265865,51.27798929,1,,221.5240333,-319.4759667,53.46756569,-6,,1,,,,,,,,,,0.00142962,0.002195688,0.0,0.00142962,0.001915637,0.001704413,0.000927825,-6.0,0.0,,,,0.0,0.0,0.0,0.0,0.0,0.0,0.0,0.0,-320.8053941,0.0,1.0
56.95999908,0,0,0,0,0,0.467787115,0.532212885,0.378432153,0.768103809,0.577965928,0,0,0,0,0,0,0,0,0,0,0,0,0,1,1,1,1,0.394865468,0.151727618,0.392065572,0.186199596,0.499009688,0.001782567,0.394865468,0.151727618,0.392041151,0.173152629,0.384655092,0.157087858,0.394865468,0.151727618,0.577965928,1.634282353,0.0,0.0,1.07737678,0.0,0.0,1.095775077,0.0,0.0,1.000875987,0.0,0.0,1.07737678,0.0,0.0,1.088775016,0.0,0.0,1.080217219,0.0,0.0,1.07737678,0.0,0.0,0.001313055,0.001136722,0.001113837,0.001313055,0.0012018,0.001337882,0.001313055,138.1144851,138.1144851,54.24568463,3,0.0,54.24568463,131.592998,131.592998,0.0,54.31844638,2,0.0,14.86555207,14.86555207,54.00546897,0,106.5022058,106.5022058,54.24568463,2,0.0,95.27432302,95.27432302,54.28883714,2,0.0,102.4470055,102.4470055,54.2084157,2,0.0,33.53486111,33.53486111,54.24568463,1,0.0,0.397745269,0.123537709,0.442736604,-8.802538361,1.062561167,0.013248908,0.001422458,0.000807131,116.015797,116.015797,54.0993704,2,0.0,71.66931265,71.66931265,54.35587373,1,0.0,1,0.0,0.0,0.0,0.0,0.0,0.0,0.0,0.0,0.0,0.001079122,0.001083447,0.0,0.000719415,0.000936932,0.000771144,0.000476924,1.0,0.000359707,0.0,0.0,0.0,0.00275226,0.0,0.0,0.0,0.0,0.0,0.0,0.0,54.35587373,0.0,1.0
28.37000084,1,1,1,1,1,0.803921569,0.196078431,0.814962197,0.985349519,0.400363063,0,0,0,0,0,0,0,0,0,0,0,397,0,1,1,1,1,0.812631775,-0.633888618,0.813139655,-0.758725312,0.86415766,-1.157225222,0.812631775,-0.633888618,0.812975194,-0.704660313,0.81409106,-0.599431633,0.812631775,-0.633888618,0.400363063,1.456679488,,,0.787853406,,,0.751712193,,,0.647069684,,,0.787853406,,,0.767156324,,,0.798131493,,,0.787853406,,,0.000647869,0.000492133,0.000449307,0.000647869,0.000534215,0.000642539,0.000647869,68.14645662,68.14645662,26.37427241,3,,26.37427241,56.97189293,56.97189293,,26.37427241,2,,5.996573649,5.996573649,26.37427241,0,52.54878184,52.54878184,26.37427241,2,,42.35058406,42.35058406,26.37427241,2,,49.2017829,49.2017829,26.37427241,2,,16.54628735,16.54628735,26.37427241,1,,0.812188571,-0.530169023,0.806847622,-11.40960966,0.819199098,0.013679823,0.00078008,0.00054441,63.6234113,63.6234113,26.37427241,2,,48.34095609,-348.6590439,28.11158145,-12,,1,,,,,,,,,,0.018835068,0.017989503,0.0,0.012556712,0.015517067,0.011228696,0.008783725,-12.0,0.006278356,,,,0.308250937,0.0,0.0,0.0,0.0,0.0,0.0,0.0,-337.3389774,0.0,1.0
1713.599976,0,0,0,0,0,0.263705482,0.736294518,0.273776363,0.343658434,1.185325583,0,0,3427,0,3427,0,0,1714,0,1714,1714,0,3427,1,1,1,1,0.271565954,0.3801229,0.271987866,0.452361291,0.291200718,0.434167242,0.271565954,0.3801229,0.271909697,0.420763694,0.272930552,0.353205368,0.271565954,0.3801229,1.054172542,2.110488966,0.0,0.0,1.328328343,0.0,0.0,1.401968809,0.0,0.0,1.383045633,0.0,0.0,1.328328343,0.0,0.0,1.369268526,0.0,0.0,1.301888669,0.0,0.0,1.328328343,0.0,0.0,0.003881793,0.004045816,0.004391444,0.003881793,0.004207976,0.004200672,0.003881793,408.3086299,408.3086299,1602.206857,0,0.0,0.0,468.3653412,-2958.634659,0.0,1848.782745,-2,0.0,58.6093441,58.6093441,1606.798313,0,314.8530706,-1399.146929,1848.782745,-1,0.0,333.5928741,333.5928741,1606.455725,0,0.0,321.6622438,-1392.337756,1848.782745,-1,0.0,99.13929872,99.13929872,1602.206857,0,0.0,0.271173853,0.319578817,0.266195767,-7.53848831,1.26959722,0.003586261,0.003623908,0.000562905,295.5662529,-1418.433747,1848.782745,-1,0.0,49.9832376,49.9832376,1573.458966,0,0.0,1,0.0,0.0,0.0,0.0,0.0,0.0,0.0,0.0,0.0,0.0,-0.006394711,0.0,-0.00225771,0.0,-0.001949282,-0.001595791,0.0,0.0,0.0,0.0,0.0,0.0,0.0,0.0,0.0,0.0,0.0,0.0,0.0,0.0,0.0,1.0
543.9500122,1,1,1,1,1,0.620248099,0.379751901,0.959808993,0.219757221,0.795295438,544,0,0,0,0,0,0,2176,1632,1088,1632,0,544,1,1,1,1,0.856655397,-0.849499917,0.870949469,-1.125593425,0.404717923,0.176336819,0.856655397,-0.849499917,0.872584287,-1.05954173,0.916532854,-1.309512502,0.856655397,-0.849499917,0.795295438,1.851611863,,,0.592538175,,,0.499859016,,,1.114753663,,,0.592538175,,,0.520618574,,,0.446313465,,,0.592538175,,,0.001106812,0.000854527,0.002069826,0.001106812,0.000947399,0.000882224,0.001106812,116.4206839,-427.5793161,567.978872,-1,,0.0,98.92466087,98.92466087,,483.9720198,0,,27.62443605,27.62443605,491.1159267,0,89.77378168,-2086.226218,567.978872,-4,,75.1063355,-1556.893665,566.069592,-3,,67.55542838,-1020.444572,561.991346,-2,,28.26750186,28.26750186,483.9720198,0,,0.8420413,-0.643778087,0.676019833,-10.47286961,0.672600525,0.001577554,0.00130314,0.000152557,106.2842388,-1525.715761,570.6526203,-3,,13.54632824,13.54632824,495.8295907,0,,1,,,,,,,,,,-0.011275783,0.0,0.0,-0.045103132,-0.052623219,-0.053588219,-0.019427354,0.0,0.0,,,,31.32687602,0.0,0.0,0.0,0.0,0.0,0.0,0.0,0.0,0.0,1.0
59.99000168,1,1,1,1,1,0.707075065,0.292924935,0.766295026,0.585144928,0.383231608,0,0,0,0,0,0,0,0,0,1260,0,0,0,1,1,1,1,0.752524223,-0.439816532,0.754706911,-0.531679029,0.674040001,-0.345228153,0.752524223,-0.439816532,0.754790569,-0.494552731,0.760868388,-0.433272954,0.752524223,-0.439816532,0.383231608,1.439548033,,,0.851940999,,,0.823899935,,,0.881811737,,,0.851940999,,,0.835119876,,,0.853974463,,,0.851940999,,,0.00067279,0.000514456,0.000583315,0.00067279,0.000554636,0.000657706,0.00067279,70.76784214,70.76784214,56.43255657,1,,0.0,59.5562039,59.5562039,,56.43255657,1,,7.785075553,7.785075553,56.43255657,0,54.57017257,54.57017257,56.43255657,1,,43.96948698,43.96948698,56.43255657,1,,50.36317858,-1209.636821,62.82401357,-19,,17.18277236,17.18277236,56.43255657,0,,0.750297307,-0.363972898,0.720307694,-10.78997512,0.875810134,0.019622018,0.00080528,0.000747435,65.67873933,65.67873933,56.43255657,1,,66.36861471,66.36861471,56.8931313,1,,1,,,,,,,,,,0.003022478,0.004416915,0.0,0.003022478,0.0038216,-0.055730994,0.002069942,1.0,0.0,,,,,0.0,0.0,0.0,0.0,0.0,0.0,0.0,56.8931313,0.0,
231.0800018,1,1,1,1,1,0.836734694,0.163265306,0.959411062,0.299288405,0.54690217,693,231,462,0,693,0,231,462,693,924,462,0,1386,1,1,1,1,0.928741766,-1.589689958,0.932431923,-1.977681639,0.524285171,-0.043790815,0.928741766,-1.589689958,0.934104385,-1.874778658,0.946888857,-1.85973862,0.928741766,-1.589689958,0.54690217,1.603218595,,,0.472199038,,,0.393178371,,,0.979542313,,,0.472199038,,,0.412747055,,,0.415687612,,,0.472199038,,,0.000538936,0.000377726,0.001007613,0.000538936,0.000421896,0.000479145,0.000538936,56.6882746,-636.3117254,235.4648524,-3,,-235.4648524,43.72756046,-649.2724395,,235.0369702,-3,,13.44785877,13.44785877,218.6555882,0,43.71320128,-418.2867987,235.4648524,-2,,33.44639427,-659.5536057,235.1350364,-3,,36.69003412,-887.3099659,235.12966,-4,,13.76418566,-217.2358143,235.4648524,-1,,0.924351443,-1.270921714,0.860594879,-11.7944454,0.548870986,0.003821416,0.00069419,0.000216841,56.61822963,-405.3817704,236.1051747,-2,,19.25445302,19.25445302,221.4132518,0,,0,,,,,,,,,,-0.118458476,-0.183338656,0.0,-0.078972318,-0.164756016,-0.216164233,-0.050476313,0.0,-0.039486159,,,,-0.184550427,0.0,0.0,0.0,0.0,0.0,0.0,0.0,0.0,0.0,1.0
55.36999893,1,1,1,1,1,0.850027071,0.149972929,0.98441698,0.644214162,0.351261862,0,941,388,0,1329,0,277,166,166,0,166,111,1329,1,1,1,1,0.951577707,-2.118553526,0.956752551,-2.729362556,0.794918773,-0.732868914,0.951577707,-2.118553526,0.956898335,-2.543197842,0.9713635,-2.757572622,0.951577707,-2.118553526,0.351261862,1.407578286,0.0,0.0,0.484677587,0.0,0.0,0.393336779,0.0,0.0,0.778375356,0.0,0.0,0.484677587,0.0,0.0,0.419184204,0.0,0.0,0.389561597,0.0,0.0,0.484677587,0.0,0.0,0.000354459,0.000224499,0.000469599,0.000354459,0.000254454,0.00027583,0.000354459,37.28396173,37.28396173,53.40179235,1,0.0,-279.9989086,25.98920151,-1303.010798,0.0,55.88197955,-23,0.0,6.267383453,6.267383453,53.40179235,0,28.75023689,-137.2497631,55.99978171,-2,0.0,20.17214657,-145.8278534,55.90911023,-3,0.0,21.12141445,21.12141445,53.40179235,0,0.0,9.05272519,-267.9472748,55.99978171,-5,0.0,0.946346746,-1.65256696,0.878618764,-11.92349821,0.568380481,0.016970229,0.000488986,0.000594865,39.88178223,-126.1182178,56.18679868,-2,0.0,52.82113682,-58.17886318,55.17167125,-1,0.0,0,0.0,0.0,0.0,0.0,0.0,0.0,0.0,0.0,0.0,0.070129204,-2.677135299,0.0,-0.140258408,-0.303180716,0.0,-0.085343049,-1.0,-0.350646019,0.0,0.0,0.0,-0.205299484,0.0,-167.6459387,0.0,0.0,0.0,0.0,0.0,-55.17167125,0.0,1.0
61.79000092,1,1,1,1,1,0.862012987,0.137987013,0.982277121,0.65132336,0.406249417,0,0,0,0,0,0,0,247,247,0,0,124,0,1,1,1,1,0.953224222,-2.169678831,0.957788469,-2.773490019,0.801657676,-0.763865809,0.953224222,-2.169678831,0.95795658,-2.585304067,0.970747259,-2.72488409,0.953224222,-2.169678831,0.406249417,1.462565841,,,0.43828091,,,0.348380641,,,0.74795242,,,0.43828091,,,0.374219503,,,0.354878429,,,0.43828091,,,0.000365413,0.000231789,0.000528016,0.000365413,0.000264833,0.000290043,0.000365413,38.43618527,38.43618527,59.58782155,1,,0.0,26.83307873,26.83307873,,59.58782155,0,,7.047042934,7.047042934,59.58782155,0,29.6387342,-217.3612658,62.53577817,-3,,20.99495717,-226.0050428,62.37972066,-4,,22.20976772,22.20976772,59.58782155,0,,9.332490604,9.332490604,59.58782155,0,,0.948588097,-1.703733171,0.887864579,-11.98969917,0.523223656,0.0104789,0.000504223,0.000423295,41.12450091,41.12450091,59.58782155,1,,37.58656708,-86.41343292,61.55179699,-1,,1,,,,,,,,,,0.073554785,0.0,0.0,-0.220664355,-0.41773732,0.0,0.045354792,-1.0,0.0,,,,0.067837815,0.0,0.0,0.0,0.0,0.0,0.0,0.0,-61.55179699,0.0,1.0
37.72000122,0,0,0,0,0,0.258928571,0.741071429,0.30952381,0.21875,1.042411125,0,0,5583,226,5809,0,566,2188,1282,2301,1961,226,5809,1,1,1,1,0.296902113,0.324508621,0.298928799,0.382182261,0.255745833,0.539942879,0.296902113,0.324508621,0.298916865,0.35534376,0.304498603,0.289524589,0.296902113,0.324508621,1.042411125,2.09872755,,,1.271971904,,,1.327534744,,,1.492237273,,,1.271971904,,,1.301382847,,,1.23940772,,,1.271971904,,,0.003646734,0.003746306,0.00463082,0.003646734,0.003910852,0.003916258,0.003646734,383.5837678,383.5837678,33.91534282,11,,-479.2823414,433.6923658,-5375.307634,,43.57112195,-123,,61.80412221,61.80412221,34.33439195,2,295.7873488,-1892.212651,43.57112195,-43,,310.0380051,-971.9619949,43.57112195,-22,,299.8835847,-2001.116415,43.57112195,-46,,93.1359833,-472.8640167,43.57112195,-11,,0.294887469,0.275688515,0.26952925,-7.562356385,1.226759949,0.003674968,0.00344417,0.00056502,280.9068313,-1680.093169,43.57112195,-39,,50.17106732,-175.8289327,36.91663079,-5,,0,,,,,,,,,,0.018099442,-0.280715367,0.009110572,-0.070752365,-0.043405033,-0.060248851,-0.046315033,-4.467908913,-0.018099442,,,,18.81577179,0.0,0.0,0.0,0.0,0.0,0.0,0.0,-147.6665232,0.0,1.0
117.9100037,0,0,0,0,0,0.038415366,0.961584634,0.05252686,0.57429887,0.16806539,0,0,0,0,0,0,0,0,0,0,0,590,0,1,1,1,1,0.048684924,2.110610786,0.049342129,2.494788409,0.065979195,2.178684456,0.048684924,2.110610786,0.049261259,2.322074177,0.050983385,1.914688773,0.048684924,2.110610786,0.16806539,1.224381814,0.0,0.0,1.533056974,0.0,0.0,1.657043805,0.0,0.0,1.554329605,0.0,0.0,1.533056974,0.0,0.0,1.60010873,0.0,0.0,1.473443356,0.0,0.0,1.533056974,0.0,0.0,0.000695938,0.000541378,0.000529423,0.000695938,0.000555746,0.000618948,0.000695938,73.20267603,73.20267603,116.9951976,1,0.0,0.0,62.67279448,62.67279448,0.0,117.0923397,1,0.0,7.065810518,7.065810518,117.0124765,0,56.44771047,56.44771047,116.9951976,0,0.0,44.05747605,44.05747605,117.0515008,0,0.0,47.39533391,47.39533391,116.8406608,0,0.0,17.77396174,17.77396174,116.9951976,0,0.0,0.048070982,1.785837533,0.0411702,-5.927282751,1.435506777,0.301225581,0.000817266,0.006302311,66.65631683,66.65631683,116.9043889,1,0.0,559.6148431,-30.38515691,117.5304356,0,0.0,1,0.0,0.0,0.0,0.0,0.0,0.0,0.0,0.0,0.0,0.069604342,0.097249519,0.0,0.0,0.0,0.0,0.049831495,0.0,0.0,0.0,0.0,0.0,0.0,0.0,0.0,0.0,0.0,0.0,0.0,0.0,0.0,0.0,1.0
43.27000046,0,0,0,0,0,0.474589836,0.525410164,0.496617589,0.599832566,0.568800443,0,0,0,0,0,0,0,0,0,0,0,476,0,1,1,1,1,0.491731263,0.011537255,0.49263488,0.012260502,0.520610333,-0.037145948,0.491731263,0.011537255,0.492499328,0.0116085,0.49473771,0.00687891,0.491731263,0.011537255,0.568800443,1.625116868,,,1.005617979,,,1.005971208,,,0.982124379,,,1.005617979,,,1.005652769,,,1.003345844,,,1.005617979,,,0.001202251,0.001020342,0.001068055,0.001202251,0.001085331,0.001216779,0.001202251,126.4594591,126.4594591,41.48033047,3,,41.48033047,118.1202885,118.1202885,,41.48033047,3,,14.25453459,14.25453459,41.48033047,0,97.51483581,97.51483581,41.48033047,2,,86.04101947,86.04101947,41.48033047,2,,93.17366044,93.17366044,41.48033047,2,,30.70496476,30.70496476,41.48033047,1,,0.490878591,0.010674714,0.479940388,-9.068921173,1.005196882,0.01223219,0.001323441,0.000729841,107.9399823,107.9399823,41.48033047,3,,64.80633114,-411.1936689,42.92261247,-10,,1,,,,,,,,,,6.24e-06,7.05e-06,0.0,4.16e-06,4.21e-06,1.48e-06,5.34e-06,-10.0,2.08e-06,,,,0.001780782,0.0,0.0,0.0,0.0,0.0,0.0,0.0,-429.2261247,0.0,1.0
244.1399994,1,1,1,1,1,0.787915166,0.212084834,0.909271787,0.419840938,0.590552056,0,0,1221,0,1221,0,0,0,0,0,0,0,1221,1,1,1,1,0.879367051,-1.006739464,0.883668572,-1.243050352,0.621367851,-0.228657039,0.879367051,-1.006739464,0.884353359,-1.162077926,0.897265353,-1.09402552,0.879367051,-1.006739464,0.590552056,1.646868481,0.0,0.0,0.605174914,0.0,0.0,0.537875863,0.0,0.0,0.892194237,0.0,0.0,0.605174914,0.0,0.0,0.560048262,0.0,0.0,0.579388159,0.0,0.0,0.605174914,0.0,0.0,0.000757166,0.000575368,0.001024616,0.000757166,0.000637472,0.000738503,0.000757166,79.64295792,79.64295792,221.5992654,0,0.0,0.0,66.60764168,-1154.392358,0.0,253.0538179,-5,0.0,13.67479029,13.67479029,221.5992654,0,61.41391099,61.41391099,221.5992654,0,0.0,50.53642066,50.53642066,221.5992654,0,0.0,56.55011325,56.55011325,221.5992654,0,0.0,19.33769315,19.33769315,221.5992654,0,0.0,0.874781373,-0.814728806,0.812933648,-11.45318621,0.666011516,0.003300389,0.000912079,0.000206852,74.38924173,74.38924173,221.5992654,0,0.0,18.36748259,18.36748259,227.0835392,0,0.0,1,0.0,0.0,0.0,0.0,0.0,0.0,0.0,0.0,0.0,0.0,-0.120716733,0.0,0.0,0.0,0.0,0.0,0.0,0.0,0.0,0.0,0.0,0.0,0.0,0.0,0.0,0.0,0.0,0.0,0.0,0.0,0.0,1.0
160.1100006,0,0,0,0,0,0.494997999,0.505002001,0.479904497,0.993302637,0.986079698,0,0,0,0,0,0,0,0,0,0,160,0,0,1,1,1,1,0.483240022,0.023399892,0.482844756,0.028578424,0.594852619,-0.175497343,0.483240022,0.023399892,0.482630788,0.026901471,0.481240535,0.024546417,0.483240022,0.023399892,0.986079698,2.042396123,,,1.016850817,,,1.020618207,,,0.882208541,,,1.016850817,,,1.019396696,,,1.017683716,,,1.016850817,,,0.002656273,0.002583119,0.002448755,0.002656273,0.002747233,0.002904195,0.002656273,279.4016265,279.4016265,152.1222121,2,,0.0,299.0356954,299.0356954,,152.1222121,2,,32.68171692,32.68171692,152.1222121,0,215.4508957,215.4508957,152.1222121,1,,217.7905869,217.7905869,152.1222121,1,,222.3858596,222.3858596,152.1222121,1,,67.84005842,67.84005842,152.1222121,0,,0.483730524,0.019050417,0.491699113,-9.153114822,1.013697314,0.001449617,0.002625712,0.000201526,214.1532938,54.15329379,152.1222121,0,,17.89453808,17.89453808,152.8229538,0,,1,,,,,,,,,,1.71e-05,2.55e-05,0.0,8.56e-06,1.13e-05,9.41e-06,0.0,0.0,0.0,,,,0.603639649,0.0,0.0,0.0,0.0,0.0,0.0,0.0,0.0,0.0,1.0
60.86999893,0,0,0,0,0,0.413365346,0.586634654,0.463589335,0.478861448,0.396924015,0,0,0,0,0,0,0,0,0,0,0,0,0,1,1,1,1,0.451726515,0.067816279,0.453751889,0.077473114,0.45101639,0.088810696,0.451726515,0.067816279,0.453613185,0.072245924,0.458939016,0.053943938,0.451726515,0.067816279,0.396924015,1.45324044,0.0,0.0,1.025673473,0.0,0.0,1.029382521,0.0,0.0,1.033754241,0.0,0.0,1.025673473,0.0,0.0,1.027373172,0.0,0.0,1.020368687,0.0,0.0,1.025673473,0.0,0.0,0.000836643,0.000667575,0.000710888,0.000836643,0.000708679,0.000814214,0.000836643,88.00275173,88.00275173,58.32687158,2,0.0,0.0,77.28206129,77.28206129,0.0,58.32687158,1,0.0,9.487693555,9.487693555,58.32687158,0,67.8602767,67.8602767,58.32687158,1,0.0,56.18149908,56.18149908,58.32687158,1,0.0,62.347605,62.347605,58.32687158,1,0.0,21.36749128,21.36749128,58.32687158,0,0.0,0.449756329,0.059234374,0.424636346,-8.672938699,1.022388507,0.039089223,0.000966777,0.001542066,78.85041639,78.85041639,58.32687158,1,0.0,136.9280763,136.9280763,58.70892402,2,0.0,1,0.0,0.0,0.0,0.0,0.0,0.0,0.0,0.0,0.0,0.00014372,9.38e-05,0.0,7.19e-05,8.16e-05,4.55e-05,5.48e-05,2.0,0.0,0.0,0.0,0.0,0.0,0.0,0.0,0.0,0.0,0.0,0.0,0.0,117.417848,0.0,1.0
0.0001,0,0,0,0,0,0.576714801,0.423285199,0.402242152,0.748812915,0.579769965,0,0,0,0,0,0,0,0,0,0,0,0,0,0,0,0,0,0.430532765,0.098334529,0.425496603,0.126110507,0.544909726,-0.081330203,0.430532765,0.098334529,0.425605396,0.117068462,0.412755444,0.116714773,0.430532765,0.098334529,0.579769965,1.63608639,0.0,0.0,1.049601723,0.0,0.0,1.064052882,0.0,0.0,0.960751554,0.0,0.0,1.049601723,0.0,0.0,1.059326817,0.0,0.0,1.05914238,0.0,0.0,1.049601723,0.0,0.0,0.0,0.0,0.0,0.0,0.0,0.0,0.0,0.0,0.0,9.62e-05,0,0.0,0.0,0.0,0.0,0.0,9.96e-05,0,0.0,0.0,0.0,9.62e-05,0,0.0,0.0,9.62e-05,0,0.0,0.0,0.0,9.78e-05,0,0.0,0.0,0.0,9.64e-05,0,0.0,0.0,0.0,9.62e-05,0,0.0,0.435694445,0.076184974,0.521990222,-9.370002186,1.038218641,0.009922821,0.0,0.0,0.0,0.0,9.62e-05,0,0.0,0.0,0.0,0.0001,0,0.0,0,0.0,0.0,0.0,0.0,0.0,0.0,0.0,0.0,0.0,0.0,0.0,0.0,0.0,0.0,0.0,0.0,0.0,0.0,0.0,0.0,0.0,0.0,0.0,0.0,0.0,0.0,0.0,0.0,0.0,0.0,0.0,0.0
35.95000076,1,1,1,1,1,0.863145258,0.136854742,0.793473936,0.548765174,0.222680904,0,0,0,0,0,0,0,144,252,0,144,216,0,1,1,1,1,0.807355616,-0.61329338,0.804641008,-0.719485105,0.70082871,-0.412675668,0.807355616,-0.61329338,0.805153409,-0.671039079,0.798699709,-0.544673841,0.807355616,-0.61329338,0.222680904,1.278997328,,,0.859919028,,,0.837739296,,,0.903436226,,,0.859919028,,,0.84778611,,,0.874562606,,,0.859919028,,,0.000453199,0.000325916,0.000368013,0.000453199,0.000350674,0.000432592,0.000453199,47.66994865,47.66994865,34.70971923,1,,0.0,37.72975439,37.72975439,,34.70971923,1,,4.911596858,4.911596858,34.70971923,0,36.7590313,-107.2409687,36.80481241,-3,,27.80014655,-224.1998535,36.75279771,-6,,33.12529745,33.12529745,34.70971923,1,,11.57449275,11.57449275,34.70971923,0,,0.809897637,-0.522605838,0.844265159,-11.67752297,0.879324763,0.056497256,0.000569672,0.001389253,46.46250454,-97.53749546,36.89407472,-3,,123.3589932,-92.64100683,35.24407379,-3,,1,,,,,,,,,,0.005877012,0.008088419,0.0,-0.017631036,-0.04221501,0.004635462,-0.012802353,-3.0,0.0,,,,0.0,0.0,0.0,0.0,0.0,0.0,0.0,0.0,-105.7322214,0.0,1.0
386.9200134,1,1,1,1,1,0.792316927,0.207683073,0.746120175,0.828798661,0.631817905,0,0,0,0,0,0,0,0,0,0,0,0,0,1,1,1,1,0.755695294,-0.448274,0.754072735,-0.529657811,0.788882337,-0.706375698,0.755695294,-0.448274,0.754100274,-0.492506653,0.749804476,-0.405419468,0.755695294,-0.448274,0.631817905,1.688134329,0.0,0.0,0.790786695,0.0,0.0,0.757795645,0.0,0.0,0.690820506,0.0,0.0,0.790786695,0.0,0.0,0.772681543,0.0,0.0,0.808732273,0.0,0.0,0.790786695,0.0,0.0,0.001076783,0.000894991,0.00087808,0.001076783,0.000971121,0.001130921,0.001076783,113.2620101,113.2620101,372.8464199,0,0.0,0.0,103.6089304,103.6089304,0.0,372.8464199,0,0.0,11.71908289,11.71908289,372.8464199,0,87.33807971,87.33807971,372.8464199,0,0.0,76.98693701,76.98693701,372.8464199,0,0.0,86.59917687,86.59917687,372.8464199,0,0.0,27.50056068,27.50056068,372.8464199,0,0.0,0.757329711,-0.379678735,0.780650433,-11.22203516,0.819706535,0.002805632,0.001207906,0.000192711,98.51691237,98.51691237,372.8464199,0,0.0,17.11176986,17.11176986,376.5368997,0,0.0,1,0.0,0.0,0.0,0.0,0.0,0.0,0.0,0.0,0.0,0.0,0.0,0.0,0.0,0.0,0.0,0.0,0.0,0.0,0.0,0.0,0.0,0.0,0.0,0.0,0.0,0.0,0.0,0.0,0.0,0.0,0.0,1.0
90.34999847,0,0,0,0,0,0.418167267,0.581832733,0.626740947,0.447048974,0.461963528,0,632,0,0,632,0,723,0,542,0,542,0,632,1,1,1,1,0.565587853,-0.092694403,0.575171263,-0.127280072,0.480804751,0.034589691,0.565587853,-0.092694403,0.574772743,-0.117683896,0.601574861,-0.137036598,0.565587853,-0.092694403,0.461963528,1.518279952,0.0,0.0,0.962032398,0.0,0.0,0.948238365,0.0,0.0,1.014548714,0.0,0.0,0.962032398,0.0,0.0,0.952045724,0.0,0.0,0.944382995,0.0,0.0,0.962032398,0.0,0.0,0.000911486,0.000732685,0.000834864,0.000911486,0.000782558,0.000887824,0.000911486,95.87514114,95.87514114,85.25916138,1,0.0,-674.9940452,84.81955236,-547.1804476,0.0,95.98467594,-6,0.0,11.14230955,11.14230955,85.25916138,0,73.93079736,73.93079736,85.25916138,1,0.0,62.03835899,-479.961641,96.13828011,-5,0.0,67.98424307,67.98424307,85.25916138,1,0.0,23.27894529,-699.7210547,96.42772074,-7,0.0,0.556383354,-0.066604967,0.45496466,-8.890092466,0.97257044,0.0244211,0.001046962,0.001132884,85.39034816,-456.6096518,96.42772074,-5,0.0,100.5946359,100.5946359,85.97810374,1,0.0,0,0.0,0.0,0.0,0.0,0.0,0.0,0.0,0.0,0.0,0.000134254,-0.00151877,0.0,0.000134254,-0.001081992,0.000293422,-0.00034658,1.0,-0.000939778,0.0,0.0,0.0,-31.63174808,0.0,0.0,0.0,0.0,0.0,0.0,0.0,85.97810374,0.0,1.0
83.91999817,1,1,1,1,1,0.829531813,0.170468187,0.962992439,0.149016325,0.485801603,839,923,0,0,923,0,84,168,587,252,0,168,1762,1,1,1,1,0.927698354,-1.571418112,0.929969531,-1.922945556,0.322055484,0.35464694,0.927698354,-1.571418112,0.934508745,-1.883709999,0.947953966,-1.886865688,0.927698354,-1.571418112,0.485801603,1.542118028,,,0.506277438,,,0.434770501,,,1.166045068,,,0.506277438,,,0.442222636,,,0.441618571,,,0.506277438,,,0.000505927,0.000357544,0.001022816,0.000505927,0.000386893,0.000440109,0.000505927,53.21619025,-785.7838097,85.78568447,-9,,-85.78568447,41.39122844,-881.6087716,,85.51392451,-10,,13.65077329,13.65077329,80.32762927,0,41.03582359,-126.9641764,85.78568447,-1,,30.6714923,-556.3285077,85.52473911,-7,,33.70087183,-218.2991282,85.48907683,-3,,12.92114689,-71.07885311,85.78568447,-1,,0.923533265,-1.259886879,0.851000511,-11.72574876,0.579419472,0.006225584,0.000653184,0.000305943,53.27378259,53.27378259,78.43969328,1,,27.1662983,-140.8337017,82.15470352,-2,,0,,,,,,,,,,-0.34725303,-0.577768689,0.0,-0.03858367,-0.388102243,-0.166887287,0.024801796,-2.0,-0.03858367,,,,0.0,0.0,-85.51392451,0.0,0.0,0.0,0.0,0.0,-164.309407,0.0,1.0
374.5499878,1,1,1,1,1,0.741896759,0.258103241,0.795065659,0.714106321,0.464925869,0,0,0,0,0,0,0,0,0,0,0,375,0,1,1,1,1,0.782877454,-0.527866961,0.784900199,-0.637566442,0.747701229,-0.551278233,0.782877454,-0.527866961,0.784858704,-0.592599342,0.790295828,-0.517376978,0.782877454,-0.527866961,0.464925869,1.521242294,,,0.801352302,,,0.765308294,,,0.793520211,,,0.801352302,,,0.77988282,,,0.804886692,,,0.801352302,,,0.000764326,0.000595968,0.000658221,0.000764326,0.000646068,0.000762225,0.000764326,80.39609466,80.39609466,354.4995336,0,,0.0,68.9924957,68.9924957,,354.4995336,0,,8.784784173,8.784784173,354.4995336,0,61.99466632,61.99466632,354.4995336,0,,51.21787294,51.21787294,354.4995336,0,,58.36662968,58.36662968,354.4995336,0,,19.52055837,19.52055837,354.4995336,0,,0.780862057,-0.437367126,0.754080493,-11.03179174,0.832362322,0.009772941,0.000901216,0.000456645,73.50326554,73.50326554,354.4995336,0,,40.54786605,-334.4521339,372.4635193,-1,,1,,,,,,,,,,0.0,0.0,0.0,0.0,0.0,0.0,0.0,-1.0,0.0,,,,0.0,0.0,0.0,0.0,0.0,0.0,0.0,0.0,-372.4635193,0.0,1.0
70.30999756,1,1,1,1,1,0.818485523,0.181514477,0.922149123,0.464467005,0.304683504,70,0,70,0,70,0,0,0,0,0,0,70,140,1,1,1,1,0.897049645,-1.165402086,0.900660892,-1.435450152,0.663172812,-0.319661841,0.897049645,-1.165402086,0.901260949,-1.341722097,0.912102095,-1.253634529,0.897049645,-1.165402086,0.304683504,1.360999929,,,0.698234797,,,0.642470759,,,0.90617207,,,0.698234797,,,0.66130168,,,0.67950219,,,0.698234797,,,0.000455127,0.000320502,0.000476243,0.000455127,0.00035082,0.000424164,0.000455127,47.87283692,-22.12716308,71.61668787,0,,0.0,37.1030239,-32.8969761,,71.42327497,0,,6.356068831,6.356068831,67.52918433,0,36.91548157,36.91548157,67.52918433,1,,27.8117058,27.8117058,67.52918433,0,,32.47995003,32.47995003,67.52918433,0,,11.623755,11.623755,67.52918433,0,,0.893182318,-0.945417551,0.840228796,-11.6486222,0.747219506,0.0275891,0.000581881,0.000853844,47.45824346,47.45824346,67.52918433,1,,75.8172458,5.817245804,67.94913683,0,,1,,,,,,,,,,0.0,0.0,0.0,0.021221282,0.0,0.0,0.013965849,0.0,0.0,,,,0.0,0.0,0.0,0.0,0.0,0.0,0.0,0.0,0.0,0.0,1.0
28.10000038,1,1,1,1,1,0.817927171,0.182072829,0.868284918,0.993302637,0.467865189,0,0,0,0,0,0,0,0,0,0,0,0,0,1,1,1,1,0.856937333,-0.851208499,0.858964784,-1.030440099,0.890365759,-1.42032503,0.856937333,-0.851208499,0.858738143,-0.956446155,0.863891348,-0.838697923,0.856937333,-0.851208499,0.467865189,1.524181614,0.0,0.0,0.698550149,0.0,0.0,0.647726441,0.0,0.0,0.54957677,0.0,0.0,0.698550149,0.0,0.0,0.668244256,0.0,0.0,0.702243106,0.0,0.0,0.698550149,0.0,0.0,0.000670687,0.000508315,0.000459493,0.000670687,0.00055788,0.000669846,0.000670687,70.54660726,70.54660726,26.92849473,3,0.0,26.92849473,58.84522229,58.84522229,0.0,26.92849473,2,0.0,6.132514899,6.132514899,26.92849473,0,54.39957495,54.39957495,26.92849473,2,0.0,44.22667083,44.22667083,26.92849473,2,0.0,51.29279745,51.29279745,26.92849473,2,0.0,17.12905547,17.12905547,26.92849473,1,0.0,0.854993693,-0.70412691,0.829876945,-11.57450191,0.743222624,0.00761099,0.000809315,0.000358177,66.00781312,66.00781312,26.92849473,2,0.0,31.8043553,31.8043553,27.21012094,1,0.0,1,0.0,0.0,0.0,0.0,0.0,0.0,0.0,0.0,0.0,0.033963558,0.033181462,0.0,0.022642372,0.028587164,0.021981694,0.015493585,1.0,0.011321186,0.0,0.0,0.0,0.138761512,0.0,0.0,0.0,0.0,0.0,0.0,0.0,27.21012094,0.0,1.0
1000.299988,0,0,0,0,0,0.185121107,0.814878893,0.214527027,0.111111111,1.887644904,0,0,2001,0,2001,0,0,1000,1000,1000,1000,0,2001,1,1,1,1,0.207290316,0.560355614,0.208370546,0.664178799,0.155285053,1.008594849,0.207290316,0.560355614,0.208482572,0.617068332,0.211631987,0.511345337,0.207290316,0.560355614,1.054172542,2.110488966,,,1.519742061,,,1.642284403,,,2.124081174,,,1.519742061,,,1.585501035,,,1.465115215,,,1.519742061,,,0.004441164,0.004739322,0.006744378,0.004441164,0.004872492,0.004727338,0.004441164,467.1463965,467.1463965,949.8866996,0,,0.0,548.6492212,-1452.350779,,1085.203658,-1,,90.01221756,90.01221756,960.5042626,0,360.2237783,-639.7762217,1085.203658,-1,,386.2732817,-613.7267183,1085.203658,-1,,361.9912045,-638.0087955,1085.203658,-1,,113.4253914,113.4253914,949.8866996,0,,0.206164214,0.473219745,0.191248447,-7.001858008,1.423981939,0.00535446,0.00406458,0.000840444,331.5075045,-668.4924955,1085.203658,-1,,74.62737694,74.62737694,926.6458412,0,,1,,,,,,,,,,0.0,-0.006892711,0.0,-0.004906225,-0.005949583,-0.004085532,-0.003499014,0.0,0.0,,,,0.0,0.0,0.0,0.0,0.0,0.0,0.0,0.0,0.0,0.0,1.0
37.34000015,1,1,1,1,1,0.822328932,0.177671068,0.90569041,0.155295103,0.65037382,784,0,896,0,896,0,112,336,299,261,299,411,1680,1,1,1,1,0.88377492,-1.042743798,0.884383821,-1.250251564,0.329665298,0.336406638,0.88377492,-1.042743798,0.888325506,-1.20045521,0.896178603,-1.083733162,0.88377492,-1.042743798,0.65037382,1.706690245,,,0.572693323,,,0.512564136,,,1.197011669,,,0.572693323,,,0.526391264,,,0.560281453,,,0.572693323,,,0.000809521,0.000632427,0.001591229,0.000809521,0.000691182,0.000816227,0.000809521,85.14990748,-698.8500925,38.79286202,-18,,-77.58572405,73.21311183,-822.7868882,,38.64560638,-21,,21.23696143,21.23696143,35.20579821,1,65.66040457,-270.3395954,38.79286202,-7,,54.79436954,-244.2056305,38.68149732,-6,,62.50180226,-198.4981977,38.75068329,-5,,20.67480698,-91.32519302,38.79286202,-2,,0.881513808,-0.858849306,0.834369857,-11.60667161,0.631850148,0.002020489,0.000961715,0.000144512,78.43754003,-220.56246,38.90818445,-6,,12.83194801,-398.168052,35.98016709,-11,,0,,,,,,,,,,-0.305807239,-0.512901694,0.001768272,-0.118925038,-0.135102442,-0.09175606,-0.069152075,-11.0,-0.033978582,,,,-0.029778864,0.0,-38.64560638,0.0,0.0,0.0,0.0,0.0,-395.781838,0.0,1.0
0.0001,0,0,0,0,0,0.571028411,0.428971589,0.097294071,0.749267476,0.546740269,0,0,0,0,0,0,0,0,0,0,0,0,0,0,0,0,0,0.118645471,1.022714255,0.114380057,1.262862601,0.229673089,0.631512121,0.118645471,1.022714255,0.114522404,1.17272869,0.104580293,1.076644275,0.118645471,1.022714255,0.546740269,1.603056694,0.0,0.0,1.620332501,0.0,0.0,1.81477287,0.0,0.0,1.347186441,0.0,0.0,1.620332501,0.0,0.0,1.739199628,0.0,0.0,1.662099583,0.0,0.0,1.620332501,0.0,0.0,0.0,0.0,0.0,0.0,0.0,0.0,0.0,0.0,0.0,0.0001,0,0.0,0.0,0.0,0.0,0.0,0.0001,0,0.0,0.0,0.0,0.0001,0,0.0,0.0,0.0001,0,0.0,0.0,0.0,0.0001,0,0.0,0.0,0.0,0.0001,0,0.0,0.0,0.0,0.0001,0,0.0,0.123220193,0.827430253,0.261797775,-7.506998248,1.477681735,0.028936707,0.0,0.0,0.0,0.0,0.0001,0,0.0,0.0,0.0,0.0001,0,0.0,0,0.0,0.0,0.0,0.0,0.0,0.0,0.0,0.0,0.0,0.0,0.0,0.0,0.0,0.0,0.0,0.0,0.0,0.0,0.0,0.0,0.0,0.0,0.0,0.0,0.0,0.0,0.0,0.0,0.0,0.0,0.0,0.0
58.16999817,1,1,1,1,1,0.858343337,0.141656663,0.963788301,0.289660946,0.418533785,0,0,0,0,0,0,0,524,349,0,524,524,0,1,1,1,1,0.937579049,-1.761734372,0.94043174,-2.177303737,0.516653701,-0.030001629,0.937579049,-1.761734372,0.94228673,-2.072379768,0.953024978,-2.027051836,0.937579049,-1.761734372,0.418533785,1.47485021,,,0.504325583,,,0.42912571,,,0.988410358,,,0.504325583,,,0.446982208,,,0.454924399,,,0.504325583,,,0.000432679,0.000295227,0.000722111,0.000432679,0.0003271,0.00038364,0.000432679,45.5115715,45.5115715,56.13187114,1,,0.0,34.17705303,34.17705303,,56.13187114,1,,9.637478798,9.637478798,56.13187114,0,35.09467345,-488.9053265,59.0303054,-8,,25.931284,-323.068716,58.87078366,-5,,29.37684377,29.37684377,56.13187114,1,,11.0504284,11.0504284,56.13187114,0,,0.933944457,-1.414878822,0.87849351,-11.92260138,0.577088141,0.009729396,0.000570077,0.000405376,46.49549259,-477.5045074,59.20403959,-8,,35.99540254,-488.0045975,57.96764344,-8,,1,,,,,,,,,,0.048495437,0.074072681,0.0,-0.3879635,-0.335527961,0.064202174,-0.25023526,-8.0,0.0,,,,0.595712921,0.0,0.0,0.0,0.0,0.0,0.0,0.0,-463.7411475,0.0,1.0
130.8600006,1,1,1,1,1,0.446578631,0.553421369,0.379625945,0.256802009,0.461203375,0,131,0,0,131,0,0,0,0,0,0,0,131,1,1,1,1,0.392233788,0.155800256,0.389843629,0.190323641,0.338543451,0.315706511,0.392233788,0.155800256,0.390172,0.176377,0.384356642,0.157528815,0.392233788,0.155800256,0.461203375,1.5175198,0.0,0.0,1.067138481,0.0,0.0,1.082615279,0.0,0.0,1.140736398,0.0,0.0,1.067138481,0.0,0.0,1.076336173,0.0,0.0,1.067908104,0.0,0.0,1.067138481,0.0,0.0,0.001009339,0.000834841,0.000936777,0.001009339,0.00088295,0.00100207,0.001009339,106.1679127,106.1679127,126.6602465,1,0.0,0.0,96.64567496,-34.35432504,0.0,136.564173,0,0.0,12.50247226,12.50247226,127.06395,0,81.867712,81.867712,126.6602465,1,0.0,69.99702021,69.99702021,126.7325558,1,0.0,76.73254737,76.73254737,126.6426322,1,0.0,25.77807972,25.77807972,126.6602465,0,0.0,0.394536407,0.12768155,0.427691825,-8.694816237,1.054696529,0.026611538,0.001133688,0.001232211,92.4636995,92.4636995,126.5923342,1,0.0,109.4144343,109.4144343,126.8193795,1,0.0,1,0.0,0.0,0.0,0.0,0.0,0.0,0.0,0.0,0.0,0.000379277,0.0,0.0,0.000379277,0.000486076,0.000387739,0.000254728,1.0,0.0,0.0,0.0,0.0,0.0,0.0,0.0,0.0,0.0,0.0,0.0,0.0,126.8193795,0.0,1.0
36.06999969,0,0,0,0,0,0.493797519,0.506202481,0.372463191,0.213897028,-0.018217062,0,0,0,0,0,0,0,0,0,0,0,1118,0,1,1,1,1,0.393186924,0.154322777,0.389202347,0.191517391,0.314637375,0.372907796,0.393186924,0.154322777,0.389732219,0.177137433,0.380138654,0.163791843,0.393186924,0.154322777,-0.018217062,1.038099363,0.0,0.0,1.005787042,0.0,0.0,1.007186826,0.0,0.0,1.014041249,0.0,0.0,1.005787042,0.0,0.0,1.006645419,0.0,0.0,1.006143216,0.0,0.0,1.005787042,0.0,0.0,0.000259645,0.000170017,0.000175564,0.000259645,0.000180547,0.000227819,0.000259645,27.31090697,27.31090697,34.90331014,1,0.0,0.0,19.68210954,19.68210954,0.0,34.93614685,1,0.0,2.343122047,2.343122047,35.24290488,0,21.05986083,21.05986083,34.90331014,1,0.0,14.31310341,14.31310341,34.92947424,0,0.0,17.44500284,17.44500284,34.90088072,0,0.0,6.631219539,6.631219539,34.90331014,0,0.0,0.39706329,0.124416256,0.456601232,-8.901810478,1.004662949,0.716876217,0.000350871,0.008142633,28.61707365,28.61707365,34.87760548,1,0.0,723.0266434,-394.9733566,35.99370713,-11,0.0,1,0.0,0.0,0.0,0.0,0.0,0.0,0.0,0.0,0.0,0.000372117,0.000573108,0.0,0.000372117,0.0,0.0,0.000241866,-11.0,0.0,0.0,0.0,0.0,0.0,0.0,0.0,0.0,0.0,0.0,0.0,0.0,-395.9307784,0.0,1.0
186.0200043,0,0,0,0,0,0.837134854,0.162865146,0.895742141,0.968606111,0.55502756,0,0,0,0,0,0,0,0,0,0,0,0,0,1,1,1,1,0.882419329,-1.031446336,0.884751689,-1.253982489,0.899438188,-1.535622475,0.882419329,-1.031446336,0.884545298,-1.163884831,0.890565013,-1.033115025,0.882419329,-1.031446336,0.55502756,1.611343985,,,0.611359163,,,0.549780773,,,0.480658966,,,0.611359163,,,0.57392709,,,0.610872667,,,0.611359163,,,0.000709933,0.000538965,0.000504788,0.000709933,0.000598646,0.000717582,0.000709933,74.67465902,74.67465902,179.4207892,0,,0.0,62.39351542,62.39351542,,179.4207892,0,,6.73703218,6.73703218,179.4207892,0,57.58277921,57.58277921,179.4207892,0,,47.45842818,47.45842818,179.4207892,0,,54.9480943,54.9480943,179.4207892,0,,18.13136628,18.13136628,179.4207892,0,,0.880161884,-0.849678577,0.850857378,-11.72472392,0.666740094,0.003721987,0.000855984,0.000215188,69.81412532,69.81412532,179.4207892,0,,19.107662,19.107662,180.8502901,0,,1,,,,,,,,,,0.0,0.0,0.0,0.0,0.0,0.0,0.0,0.0,0.0,,,,0.0,0.0,0.0,0.0,0.0,0.0,0.0,0.0,0.0,0.0,1.0
389.6700134,1,1,1,1,1,0.721488595,0.278511405,0.939514524,0.028882378,0.774329426,390,0,0,0,0,0,390,1559,1559,1169,1169,0,390,1,1,1,1,0.866633787,-0.913390359,0.859592226,-1.035103224,0.076475402,1.938109122,0.866633787,-0.913390359,0.884251976,-1.161125393,0.904030495,-1.162099348,0.866633787,-0.913390359,0.774329426,1.830645851,,,0.575625111,,,0.534782769,,,3.228165996,,,0.575625111,,,0.495545387,,,0.495253636,,,0.575625111,,,0.00103415,0.000873511,0.005720497,0.00103415,0.000861576,0.000938098,0.00103415,108.7776131,-281.2223869,395.3186134,-1,,-395.3186134,101.1223198,101.1223198,,378.1245083,0,,76.34723862,76.34723862,387.2998372,0,83.88009217,-1475.119908,395.3186134,-4,,68.30257945,-1490.697421,394.8223391,-4,,71.83391888,-1097.166081,394.7358413,-3,,26.41172753,-363.5882725,395.3186134,-1,,0.863542684,-0.748812344,0.730385641,-10.86213423,0.635855792,0.001404612,0.001191102,0.000130227,97.14642275,-1071.853577,396.0049674,-3,,11.56350808,11.56350808,380.5287611,0,,0,,,,,,,,,,-0.013035655,0.0,0.0,-0.052142622,-0.084263261,-0.063303511,-0.026283747,0.0,-0.013035655,,,,-0.135123836,0.0,0.0,0.0,0.0,0.0,0.0,0.0,0.0,0.0,1.0
37.25,1,1,1,1,1,0.740296118,0.259703882,0.937922801,0.272080368,0.20964181,372,224,0,0,224,0,149,372,224,298,149,633,596,1,1,1,1,0.885504744,-1.057462927,0.892626094,-1.338576601,0.479882125,0.036256208,0.885504744,-1.057462927,0.894160375,-1.260857097,0.916493128,-1.308991705,0.885504744,-1.057462927,0.20964181,1.265958235,0.0,0.0,0.779283184,0.0,0.0,0.729295975,0.0,0.0,1.008586935,0.0,0.0,0.779283184,0.0,0.0,0.742786155,0.0,0.0,0.734402055,0.0,0.0,0.779283184,0.0,0.0,0.000396558,0.00027233,0.000393943,0.000396558,0.000294891,0.000349589,0.000396558,41.71214693,-330.2878531,38.51513728,-9,0.0,-154.0605491,31.52633024,-192.4736698,0.0,38.32497561,-5,0.0,5.257659878,5.257659878,34.7902812,0,32.16487867,-339.8351213,38.51513728,-9,0.0,23.37786578,-200.6221342,38.35308838,-5,0.0,26.76943568,-271.2305643,38.32467813,-7,0.0,10.12790985,-138.8720902,38.51513728,-4,0.0,0.877800622,-0.83404369,0.777594623,-11.20015526,0.821443626,0.071266768,0.00051627,0.001687214,42.10700041,-106.8929996,38.64786866,-3,0.0,149.8165074,-483.1834926,36.58429981,-13,0.0,0,0.0,0.0,0.0,0.0,0.0,0.0,0.0,0.0,0.0,-0.15725079,-0.139983384,0.0,-0.15725079,-0.124200048,-0.187409609,-0.032607604,-13.0,-0.06988924,0.0,0.0,0.0,0.0,0.0,0.0,0.0,0.0,0.0,0.0,0.0,-475.5958976,0.0,0.0
157.1799927,0,0,0,0,0,0.328531413,0.671468587,0.732590529,0.043951444,0.78693739,1100,1415,5187,0,6602,0,1257,4401,4558,4401,3772,314,7702,1,1,1,1,0.574431602,-0.10559292,0.591171574,-0.155646793,0.10531148,1.473338447,0.574431602,-0.10559292,0.597269127,-0.154937128,0.660183406,-0.227134938,0.574431602,-0.10559292,0.78693739,1.843253815,,,0.937467217,,,0.909206485,,,2.462049611,,,0.937467217,,,0.909601151,,,0.870314733,,,0.937467217,,,0.001724226,0.00152644,0.004487413,0.001724226,0.001625537,0.001691446,0.001724226,181.3636463,-918.6363537,173.8660124,-5,,-1217.062087,176.7088689,-6425.291131,,171.0890011,-38,,59.89017452,59.89017452,153.0472937,0,139.8522998,-4261.1477,173.8660124,-25,,128.8666121,-4429.133388,171.1017374,-26,,129.52081,-4271.47919,170.6575786,-25,,44.03596542,-1212.964035,173.8660124,-7,,0.556195919,-0.066379293,0.374152335,-8.311468131,0.960219776,0.00620294,0.001835638,0.000589893,149.7147864,-3622.285214,173.9785327,-21,,52.37969598,-261.620304,153.4974658,-2,,0,,,,,,,,,,-0.000871083,-0.014384142,0.0,-0.004355416,-0.00975224,-0.020152453,-0.001445788,-2.0,-0.001219516,,,,803.3972812,0.0,0.0,0.0,0.0,0.0,0.0,0.0,-306.9949315,0.0,1.0
86.94000244,1,1,1,1,1,0.712284914,0.287715086,0.725825706,0.599832566,0.51853277,0,0,87,0,87,0,0,0,0,0,0,0,87,1,1,1,1,0.722763594,-0.367106292,0.72318041,-0.439128484,0.671647126,-0.339518519,0.722763594,-0.367106292,0.723298434,-0.408556811,0.72460765,-0.347904532,0.722763594,-0.367106292,0.51853277,1.574849195,0.0,0.0,0.846432503,0.0,0.0,0.819193974,0.0,0.0,0.857104383,0.0,0.0,0.846432503,0.0,0.0,0.830647332,0.0,0.0,0.853846235,0.0,0.0,0.846432503,0.0,0.0,0.000908838,0.000732742,0.000819433,0.000908838,0.00079048,0.000920547,0.000908838,95.59663034,95.59663034,82.44713495,1,0.0,0.0,84.82610978,-2.173890215,0.0,89.99616728,0,0.0,10.93637021,10.93637021,82.44713495,0,73.7160334,73.7160334,82.44713495,1,0.0,62.66634357,62.66634357,82.44713495,1,0.0,70.48999661,70.48999661,82.44713495,1,0.0,23.21132153,23.21132153,82.44713495,0,0.0,0.722293401,-0.307003589,0.715276398,-10.75395054,0.869855127,0.007566619,0.001043511,0.000401904,85.1088663,85.1088663,82.44713495,1,0.0,35.68709945,35.68709945,83.1837581,0,0.0,1,0.0,0.0,0.0,0.0,0.0,0.0,0.0,0.0,0.0,0.002105735,0.0,0.0,0.002105735,0.002608104,0.001891212,0.001472675,0.0,0.0,0.0,0.0,0.0,0.0,0.0,0.0,0.0,0.0,0.0,0.0,0.0,0.0,0.0,1.0
81.08000183,1,1,1,1,1,0.551420568,0.448579432,0.674094708,0.262452909,0.528991538,81,0,81,0,81,0,0,405,405,1054,405,324,162,1,1,1,1,0.642575625,-0.21198078,0.647105842,-0.262082561,0.413984837,0.15835788,0.642575625,-0.21198078,0.64775052,-0.244880614,0.661346346,-0.22907165,0.642575625,-0.21198078,0.528991538,1.585307963,,,0.906942501,,,0.886244809,,,1.075696045,,,0.906942501,,,0.893297356,,,0.89982828,,,0.906942501,,,0.000996105,0.000813991,0.00105671,0.000996105,0.000872933,0.000994466,0.000996105,104.7758932,23.77589324,76.85225229,0,,0.0,94.23192293,13.23192293,,76.85225229,0,,14.10311992,14.10311992,77.13237268,0,80.79430434,-324.2056957,84.21869612,-4,,69.20292903,-335.797071,84.17536974,-4,,76.15025605,-977.8497439,84.19888975,-12,,25.4400907,25.4400907,76.85225229,0,,0.637799489,-0.171084283,0.575677819,-9.75441075,0.924195184,0.011168873,0.001130643,0.000607951,92.21534269,-312.7846573,84.38138193,-4,,53.9831461,-270.0168539,80.47127585,-3,,1,,,,,,,,,,0.0,0.0,0.0,-0.002808491,-0.003747907,-0.009838841,-0.001829364,-3.0,0.0,,,,0.003686496,0.0,0.0,0.0,0.0,0.0,0.0,0.0,-241.4138276,0.0,1.0
211.1799927,0,0,0,0,0,0.252501,0.747499,0.393951452,0.195897865,0.619520048,0,0,2323,0,2323,0,422,422,0,0,634,0,2323,1,1,1,1,0.351187608,0.222580813,0.357685279,0.252393836,0.255903632,0.539429036,0.351187608,0.222580813,0.357589438,0.234830681,0.376182993,0.169719708,0.351187608,0.222580813,0.619520048,1.675836472,0.0,0.0,1.121785082,0.0,0.0,1.139186116,0.0,0.0,1.321164989,0.0,0.0,1.121785082,0.0,0.0,1.128902587,0.0,0.0,1.091582409,0.0,0.0,1.121785082,0.0,0.0,0.001489768,0.001306642,0.001629697,0.001489768,0.00137789,0.001485232,0.001489768,156.7021041,156.7021041,196.4954913,1,0.0,-458.9124745,151.263846,-2171.736154,0.0,229.4562373,-9,0.0,21.75036108,21.75036108,200.9053467,0,120.835405,-301.164595,229.4562373,-1,0.0,109.2340862,109.2340862,196.5495193,1,0.0,113.7301695,113.7301695,194.241246,1,0.0,38.04802439,-383.9519756,229.4562373,-2,0.0,0.344896938,0.195810693,0.276441622,-7.61184966,1.106386715,0.019641854,0.001595437,0.001313122,130.1240025,-503.8759975,229.4562373,-2,0.0,116.5988974,116.5988974,194.8833391,1,0.0,0,0.0,0.0,0.0,0.0,0.0,0.0,0.0,0.0,0.0,0.000774097,-0.008958185,0.0,-0.000774097,0.000861648,0.000450075,-0.001198182,0.905316488,-0.001548194,0.0,0.0,0.0,0.0,0.0,0.0,0.0,0.0,0.0,0.0,0.0,194.8833391,0.0,1.0
356.6199951,1,1,1,1,1,0.421368547,0.578631453,0.58654994,0.537881959,0.904313344,0,0,9629,357,9986,0,0,3566,4636,4279,3923,0,9986,1,1,1,1,0.540676598,-0.057027205,0.548080892,-0.0805855,0.506274339,-0.011295144,0.540676598,-0.057027205,0.547662941,-0.074260431,0.56793388,-0.090046538,0.540676598,-0.057027205,0.904313344,1.960629769,,,0.962333261,,,0.947190111,,,0.992424209,,,0.962333261,,,0.951232275,,,0.941175881,,,0.962333261,,,0.002186025,0.002035743,0.002329804,0.002186025,0.002176641,0.002304845,0.002186025,229.938338,229.938338,340.7805473,1,,0.0,235.6685294,-9750.331471,,376.097053,-26,,31.09417062,31.09417062,340.7805473,0,177.3089924,-3388.691008,376.097053,-9,,172.5561311,-4463.443869,376.097053,-12,,176.4912009,-4102.508799,376.097053,-11,,55.83013414,55.83013414,340.7805473,0,,0.53356463,-0.039403883,0.452471567,-8.872241669,0.973819526,0.002545632,0.002235002,0.000304228,182.2869555,-3740.713044,376.097053,-10,,27.0140198,27.0140198,344.887725,0,,1,,,,,,,,,,5.08e-05,-0.002638197,0.0,-0.000457327,-0.00103399,-0.001393628,-0.000242604,0.0,0.0,,,,14.05837448,0.0,0.0,0.0,0.0,0.0,0.0,0.0,0.0,0.0,1.0
132.7899933,1,1,1,1,1,0.857943177,0.142056823,0.982888977,0.898283801,0.34170893,0,0,0,0,0,0,0,0,0,0,0,0,0,1,1,1,1,0.952821695,-2.156963777,0.957841203,-2.775773048,0.909745985,-1.687805406,0.952821695,-2.156963777,0.957613952,-2.571525428,0.971038127,-2.740218434,0.952821695,-2.156963777,0.34170893,1.398025355,0.0,0.0,0.485433018,0.0,0.0,0.394532925,0.0,0.0,0.568066155,0.0,0.0,0.485433018,0.0,0.0,0.422478248,0.0,0.0,0.399261085,0.0,0.0,0.485433018,0.0,0.0,0.000346839,0.000219129,0.000333281,0.000346839,0.000249555,0.00027558,0.000346839,36.48242868,36.48242868,127.7925633,0,0.0,0.0,25.36755614,25.36755614,0.0,127.7925633,0,0.0,4.448056662,4.448056662,127.7925633,0,28.13216241,28.13216241,127.7925633,0,0.0,19.78377187,19.78377187,127.7925633,0,0.0,21.1022975,21.1022975,127.7925633,0,0.0,8.85810911,8.85810911,127.7925633,0,0.0,0.947898231,-1.687667583,0.885328163,-11.97153818,0.568092389,0.018111776,0.000478983,0.000619078,39.06586815,39.06586815,127.7925633,0,0.0,54.97117715,54.97117715,129.0491486,0,0.0,1,0.0,0.0,0.0,0.0,0.0,0.0,0.0,0.0,0.0,0.0,0.0,0.0,0.0,0.0,0.0,0.0,0.0,0.0,0.0,0.0,0.0,0.0,0.0,0.0,0.0,0.0,0.0,0.0,0.0,0.0,0.0,1.0
87.69000244,1,1,1,1,1,0.845538215,0.154461785,0.943891763,0.95395563,0.239937307,0,88,0,0,88,0,88,0,0,0,0,0,88,1,1,1,1,0.920732197,-1.458666784,0.924676352,-1.814271272,0.913049521,-1.742327255,0.920732197,-1.458666784,0.924423394,-1.682170034,0.934815008,-1.596942249,0.920732197,-1.458666784,0.239937307,1.296253732,0.0,0.0,0.684893132,0.0,0.0,0.624524866,0.0,0.0,0.636292944,0.0,0.0,0.684893132,0.0,0.0,0.64630308,0.0,0.0,0.660755134,0.0,0.0,0.684893132,0.0,0.0,0.000377885,0.00025635,0.000273833,0.000377885,0.000282072,0.000343654,0.000377885,39.74803324,39.74803324,83.5444924,0,0.0,-89.46182551,29.67646552,-58.32353448,0.0,89.16883716,-1,0.0,3.654650803,3.654650803,83.5444924,0,30.65032037,30.65032037,83.5444924,0,0.0,22.3616059,22.3616059,83.5444924,0,0.0,26.31499362,26.31499362,83.5444924,0,0.0,9.6510136,-78.3489864,89.46182551,-1,0.0,0.916886914,-1.176329048,0.867660204,-11.84503383,0.736952432,0.046257579,0.000496762,0.001195305,40.5159792,40.5159792,83.5444924,0,0.0,106.1373357,106.1373357,84.54177118,1,0.0,0,0.0,0.0,0.0,0.0,0.0,0.0,0.0,0.0,0.0,0.0,-0.051430941,0.0,0.0,0.0,0.0,0.0,1.0,-0.03324545,0.0,0.0,0.0,-8.491344456,0.0,0.0,0.0,0.0,0.0,0.0,0.0,84.54177118,0.0,1.0
3.670000076,1,1,1,1,1,0.683427762,0.316572238,0.737026648,0.468894009,-0.042679211,7,0,15,0,15,0,0,0,0,0,0,756,22,1,1,1,1,0.724490691,-0.37103334,0.726330516,-0.447720728,0.60008191,-0.185763308,0.724490691,-0.37103334,0.726605627,-0.416951343,0.732045907,-0.364117707,0.724490691,-0.37103334,-0.042679211,1.013637214,,,0.994986937,,,0.993953945,,,0.997486987,,,0.994986937,,,0.994368285,,,0.995080145,,,0.994986937,,,0.00023674,0.000152515,0.000156612,0.00023674,0.000162103,0.000206068,0.00023674,24.90168034,17.90168034,3.42466388,5,,6.84932776,17.65598708,2.655987075,,3.42466388,1,,2.090188136,2.090188136,3.42466388,1,19.20206908,19.20206908,3.42466388,6,,12.85095917,12.85095917,3.42466388,4,,15.77941436,15.77941436,3.42466388,5,,6.046247728,6.046247728,3.42466388,2,,0.722526878,-0.307446274,0.6951099,-10.60955639,0.99584428,0.866141386,0.000324082,0.009006986,26.43212435,26.43212435,3.42466388,8,,799.7770343,43.77703429,3.45819781,13,,1,,,,,,,,,,0.010755136,0.003132091,0.000539188,0.012906163,0.010865526,0.010357946,0.011815401,13.0,0.004302054,,,,0.073054474,0.0,0.0,0.0,0.0,0.0,0.0,0.0,44.95657154,0.0,1.0
301.8699951,1,1,1,1,1,0.942376951,0.057623049,0.9896538,0.964838845,0.830642716,302,0,0,0,0,0,0,302,0,302,302,0,302,1,1,1,1,0.979015478,-3.455882283,0.980826503,-4.299917178,0.965224629,-3.391078005,0.979015478,-3.455882283,0.980738503,-3.989353061,0.98551354,-3.796768047,0.979015478,-3.455882283,0.830642716,1.886959141,0.72443888,2.41709699,0.111428754,3.92920494,3.25230161,0.065199476,3.59141749,3.00582414,0.116109529,3.60877433,3.01854252,0.111428754,5.70824391,4.5211473,0.079411983,4.53625852,3.69028426,0.089741591,7.00150821,5.42054178,0.111428754,4.53625852,3.69028426,0.000222045,0.000120221,0.000232967,0.000222045,0.000155878,0.000190407,0.000222045,23.35597371,-278.6440263,303.6820836,-1,0.0,0.0,13.91744534,13.91744534,0.015900026,288.676137,0,0.0,3.10923679,3.10923679,288.676137,0,18.0101509,-283.9898491,303.6820836,-1,-3.0,12.35741453,12.35741453,288.676137,0,-3.0,14.58025331,-287.4197467,303.0027377,-1,-4.0,5.670942724,5.670942724,288.676137,0,0.0,0.977229686,-2.785484495,0.953471357,-12.45945026,0.17055633,0.000366565,0.000349477,3.8e-05,28.50335758,-273.4966424,304.6408452,-1,-3.0,3.375854447,3.375854447,291.9631212,0,-3.0,1,0.173855119,0.193103948,0.103083674,0.166807576,0.173855119,5.211874698,0.177376068,0.131903324,0.173855119,-0.186611287,0.0,0.0,-0.186611287,0.0,-0.225241369,-0.121233186,0.0,0.0,0.95518868,0.95518868,0.795144087,0.0,0.0,0.0,0.0,0.0,0.0,0.0,0.0,0.0,0.0,1.0
1032.579956,0,0,0,0,0,0.301320528,0.698679472,0.217668126,0.566764337,0.835039386,0,0,0,0,0,0,0,0,0,0,0,0,0,1,1,1,1,0.231663852,0.483604792,0.229218172,0.585536453,0.314602095,0.372995836,0.231663852,0.483604792,0.229226053,0.544350038,0.222897022,0.477662672,0.231663852,0.483604792,0.835039386,1.89135581,0.0,0.0,1.360970978,0.0,0.0,1.452314991,0.0,0.0,1.268338762,0.0,0.0,1.360970978,0.0,0.0,1.414690778,0.0,0.0,1.355826894,0.0,0.0,1.360970978,0.0,0.0,0.002733695,0.002702973,0.002569246,0.002733695,0.002802895,0.002901876,0.002733695,287.5453199,287.5453199,992.6343778,0,0.0,0.0,312.9105577,312.9105577,0.0,997.0473782,0,0.0,34.28982272,34.28982272,990.0955446,0,221.730623,221.730623,992.6343778,0,0.0,222.2031998,222.2031998,993.8364005,0,0.0,222.2082449,222.2082449,991.2766967,0,0.0,69.81738634,69.81738634,992.6343778,0,0.0,0.234184444,0.399512909,0.275833081,-7.607492442,1.289954766,0.007842413,0.002661446,0.000820416,217.0677804,217.0677804,991.1903016,0,0.0,72.8489608,72.8489608,977.5693408,0,0.0,1,0.0,0.0,0.0,0.0,0.0,0.0,0.0,0.0,0.0,0.0,0.0,0.0,0.0,0.0,0.0,0.0,0.0,0.0,0.0,0.0,0.0,0.0,0.0,0.0,0.0,0.0,0.0,0.0,0.0,0.0,0.0,1.0
52.16999817,1,1,1,1,1,0.468587435,0.531412565,0.457620374,0.14943491,0.394035782,209,104,0,0,104,0,0,0,209,0,0,0,313,1,1,1,1,0.459382976,0.05694285,0.458370096,0.069651317,0.265402886,0.509274169,0.459382976,0.05694285,0.459333313,0.063241707,0.458095846,0.055063293,0.459382976,0.05694285,0.394035782,1.450352206,,,1.021397429,,,1.026235043,,,1.208465544,,,1.021397429,,,1.023792299,,,1.020683893,,,1.021397429,,,0.000827505,0.000660257,0.000824282,0.000827505,0.000700606,0.000808421,0.000827505,87.04163238,-121.9583676,54.75063207,-2,,0.0,76.43493584,-27.56506416,,54.75063207,-1,,11.00107787,11.00107787,50.97504717,0,67.11914277,67.11914277,50.4484734,1,,55.54146789,-153.4585321,54.75063207,-3,,61.90400858,61.90400858,50.4484734,1,,21.13412689,21.13412689,50.4484734,0,,0.460002173,0.047023362,0.464064381,-8.955247374,1.017637321,0.035806761,0.000956633,0.001402211,78.02303799,78.02303799,50.4484734,2,,124.5095848,124.5095848,50.69133198,2,,1,,,,,,,,,,-0.000101328,-7.58e-05,0.0,5.07e-05,-0.000187477,4.74e-05,6.91e-05,2.0,0.0,,,,0.001291776,0.0,0.0,0.0,0.0,0.0,0.0,0.0,101.382664,0.0,1.0
1282.579956,0,0,0,0,0,0.101240496,0.898759504,0.052924791,0.483465885,0.811455081,0,0,0,0,0,0,0,0,0,0,0,0,0,1,1,1,1,0.059051607,1.836778535,0.057930712,2.222885957,0.099847185,1.545388353,0.059051607,1.836778535,0.057944828,2.066254424,0.055144446,1.809954812,0.059051607,1.836778535,0.811455081,1.867771506,,,3.1503705,,,4.009791067,,,2.62603528,,,3.1503705,,,3.636000127,,,3.098016447,,,3.1503705,,,0.006062135,0.007097398,0.005052753,0.006062135,0.00685091,0.00632635,0.006062135,637.6491831,637.6491831,1267.276302,1,,0.0,821.6327119,821.6327119,,1269.97562,1,,67.43534944,67.43534944,1265.622186,0,491.701102,491.701102,1267.276302,0,,543.1150262,543.1150262,1268.767916,0,,484.4339424,484.4339424,1266.601493,0,,154.8242878,154.8242878,1267.276302,0,,0.060222362,1.518092559,0.082978027,-6.226630972,2.58163333,0.020444061,0.005132185,0.002041655,418.5815111,418.5815111,1266.389926,0,,181.2891124,181.2891124,1244.146551,0,,1,,,,,,,,,,0.052714928,0.077206593,0.0,0.0,0.0,0.0,0.0,0.0,0.0,,,,0.0,0.0,0.0,0.0,0.0,0.0,0.0,0.0,0.0,0.0,1.0
32.50999832,1,1,1,1,1,0.336534614,0.663465386,0.384401114,0.218501465,0.210011127,0,0,228,0,228,0,0,0,0,0,0,748,228,1,1,1,1,0.372765,0.186646848,0.374527045,0.219293687,0.292254235,0.431284548,0.372765,0.186646848,0.374681115,0.203602701,0.37976197,0.164354027,0.372765,0.186646848,0.210011127,1.266327552,0.0,0.0,1.045056806,0.0,0.0,1.053143866,0.0,0.0,1.107201153,0.0,0.0,1.045056806,0.0,0.0,1.049249218,0.0,0.0,1.039570285,0.0,0.0,1.045056806,0.0,0.0,0.000532334,0.000393718,0.000432978,0.000532334,0.000417045,0.000495396,0.000532334,55.99385596,55.99385596,31.08788529,2,0.0,0.0,45.57893203,-182.421068,0.0,34.397053,-5,0.0,5.778632271,5.778632271,31.22937856,0,43.17772438,43.17772438,31.08788529,1,0.0,33.06183534,33.06183534,31.08873646,1,0.0,37.9344265,37.9344265,31.04641883,1,0.0,13.59557748,13.59557748,31.08788529,0,0.0,0.370938123,0.159029835,0.34666575,-8.114661435,1.038264207,0.147188362,0.000653103,0.003488394,53.26715525,53.26715525,31.07714545,2,0.0,309.752576,-438.247424,32.15468437,-14,0.0,1,0.0,0.0,0.0,0.0,0.0,0.0,0.0,0.0,0.0,0.001088658,-0.003757009,0.0,0.000544329,0.00064772,0.000422066,0.000790328,-14.0,0.0,0.0,0.0,0.0,0.615871416,0.0,0.0,0.0,0.0,0.0,0.0,0.0,-450.1655811,0.0,1.0
17.36000061,0,0,0,0,0,0.354141657,0.645858343,0.328292877,0.477605693,0.462363562,0,0,0,0,0,0,0,0,0,0,0,0,0,1,1,1,1,0.333621884,0.253508244,0.332763258,0.304321785,0.379300261,0.227280829,0.333621884,0.253508244,0.332715898,0.283024644,0.330352499,0.243108038,0.333621884,0.253508244,0.462363562,1.518679987,,,1.111739907,,,1.135596745,,,1.099622973,,,1.111739907,,,1.125536093,,,1.10691917,,,1.111739907,,,0.001054277,0.000878379,0.000905849,0.001054277,0.00092614,0.001041653,0.001054277,110.8947033,110.8947033,16.6117288,7,,33.22345759,101.6858108,101.6858108,,16.63484862,6,,12.08969123,12.08969123,16.57914028,1,85.51261302,85.51261302,16.6117288,5,,73.42095857,73.42095857,16.63354325,4,,79.76354031,79.76354031,16.5790858,5,,26.92576721,26.92576721,16.6117288,2,,0.334513913,0.211267911,0.347664019,-8.12180914,1.092290106,0.033586565,0.001176757,0.001559586,95.97640567,95.97640567,16.57823235,6,,138.4836968,138.4836968,16.52183678,8,,1,,,,,,,,,,0.007029141,0.008682351,0.000807134,0.005020815,0.005006434,0.004617306,0.00418445,8.0,0.002008326,,,,0.384763888,0.0,0.0,0.0,0.0,0.0,0.0,0.0,132.1746943,0.0,1.0
408.8900146,1,1,1,1,1,0.547418968,0.452581032,0.791086351,0.113017999,0.700508133,818,409,409,0,818,0,409,409,409,0,0,409,1636,1,1,1,1,0.719272275,-0.359264877,0.727781175,-0.451721686,0.241737983,0.587398717,0.719272275,-0.359264877,0.731079568,-0.42852435,0.760776713,-0.433034692,0.719272275,-0.359264877,0.700508133,1.756824558,,,0.816728449,,,0.775266249,,,1.392365149,,,0.816728449,,,0.785466965,,,0.783473146,,,0.816728449,,,0.001274634,0.00107404,0.002084201,0.001274634,0.001158135,0.001272067,0.001274634,134.0731323,-683.9268677,422.54445,-2,,-422.54445,124.3365613,-693.6634387,,421.6571367,-2,,27.81629334,27.81629334,396.7053477,0,103.3858564,-305.6141436,422.54445,-1,,91.81269698,-317.187303,422.155557,-1,,97.40725965,97.40725965,387.3886825,0,,32.55360123,-376.4463988,422.54445,-1,,0.709558287,-0.283563966,0.587154275,-9.836583323,0.85232229,0.003914793,0.001413401,0.000311668,115.2771288,115.2771288,387.3886825,0,,27.67459457,-381.3254054,406.2152363,-1,,0,,,,,,,,,,-0.004033477,-0.00637664,0.0,-0.002016738,-0.002869267,0.0,0.0,-1.0,-0.002016738,,,,-0.001011369,0.0,0.0,0.0,0.0,0.0,0.0,0.0,-406.2152363,0.0,1.0
349.519989,1,1,1,1,1,0.610644258,0.389355742,0.793871866,0.467141063,0.600736319,350,350,350,0,700,0,0,350,0,350,0,350,1050,1,1,1,1,0.745198095,-0.420844971,0.752839915,-0.525749542,0.590249882,-0.166539222,0.745198095,-0.420844971,0.752838516,-0.488787551,0.774229893,-0.469470848,0.745198095,-0.420844971,0.600736319,1.657052744,,,0.808524915,,,0.766803389,,,0.919330985,,,0.808524915,,,0.78125198,,,0.788910954,,,0.808524915,,,0.001033143,0.000840736,0.001082807,0.001033143,0.000911481,0.001029048,0.001033143,108.6717422,-241.3282578,359.0772329,-1,,0.0,97.32812582,-602.6718742,,358.4334781,-2,,14.45142119,14.45142119,338.0792225,0,83.79845342,-266.2015466,359.0772329,-1,,72.2588523,72.2588523,338.0792225,0,,78.7983568,-271.2016432,358.7677804,-1,,26.38602155,26.38602155,338.0792225,0,,0.737635206,-0.3371915,0.646488917,-10.2614253,0.843415646,0.005614313,0.001176305,0.000359999,95.93953363,95.93953363,338.0792225,0,,31.96616646,-318.0338335,346.9830537,-1,,1,,,,,,,,,,-0.002767351,-0.008637893,0.0,-0.002767351,0.0,-0.003443795,0.0,-1.0,0.0,,,,0.0,0.0,0.0,0.0,0.0,0.0,0.0,0.0,-346.9830537,0.0,1.0
23.77000046,0,0,0,0,0,0.238495398,0.761504602,0.281734978,0.027626622,0.285586921,48,24,190,0,214,0,0,0,0,0,190,761,262,1,1,1,1,0.26968541,0.384519655,0.269919319,0.458122275,0.06518212,2.199214741,0.26968541,0.384519655,0.272181939,0.420062562,0.276419577,0.345711142,0.26968541,0.384519655,0.285586921,1.341903346,,,1.119724873,,,1.144226346,,,1.909353864,,,1.119724873,,,1.131490494,,,1.107017928,,,1.119724873,,,0.000695432,0.000539431,0.000946986,0.000695432,0.000567234,0.000655419,0.000695432,73.1494251,25.1494251,23.18572926,1,,23.18572926,62.44738815,-151.5526118,,24.63633778,-6,,12.63872283,12.63872283,23.58421315,1,56.40664785,56.40664785,23.18572926,2,,44.96821702,44.96821702,23.19892768,2,,50.18804307,50.18804307,23.15835985,2,,17.76103215,17.76103215,23.18572926,1,,0.268510073,0.324822609,0.244159203,-7.380704306,1.100238265,0.114110951,0.000821678,0.003351623,67.01616253,-122.9838375,24.63633778,-5,,297.6080242,-463.3919758,23.47137893,-20,,1,,,,,,,,,,0.00231024,-0.019675877,0.075571023,0.00462048,0.005514142,0.003734881,-0.008242947,-17.02337377,0.00231024,,,,3.439850117,0.0,0.0,0.0,0.0,0.0,0.0,0.0,-399.0134418,0.0,1.0
45.22000122,1,1,0,1,1,0.720288115,0.279711885,0.804218066,0.799916283,0.194527649,0,0,0,0,0,0,0,0,0,0,0,0,0,1,1,1,1,0.784444877,-0.532898166,0.787803011,-0.64889201,0.773661358,-0.644298183,0.784444877,-0.532898166,0.787599296,-0.602531842,0.796465558,-0.537251936,0.784444877,-0.532898166,0.194527649,1.250844074,0.0,0.0,0.887565895,0.0,0.0,0.864819824,0.0,0.0,0.865709475,0.0,0.0,0.887565895,0.0,0.0,0.873840143,0.0,0.0,0.886701424,0.0,0.0,0.887565895,0.0,0.0,0.000433483,0.000307784,0.000321888,0.000433483,0.00033063,0.000403524,0.000433483,45.59617705,45.59617705,43.77465545,1,0.0,0.0,35.63077037,35.63077037,0.0,43.77465545,1,0.0,4.296006092,4.296006092,43.77465545,0,35.1599141,35.1599141,43.77465545,1,0.0,26.21116552,26.21116552,43.77465545,1,0.0,30.89948125,30.89948125,43.77465545,1,0.0,11.07097104,11.07097104,43.77465545,0,0.0,0.78116607,-0.438170989,0.739143318,-10.92484007,0.906584707,0.086710333,0.000549873,0.001963579,44.84771021,44.84771021,43.77465545,1,0.0,174.3563516,174.3563516,44.110191,4,0.0,1,0.0,0.0,0.0,0.0,0.0,0.0,0.0,0.0,0.0,0.004437195,0.006579076,0.0,0.004437195,0.005672572,0.004509994,0.002999903,4.0,0.0,0.0,0.0,0.0,0.0,0.0,0.0,0.0,0.0,0.0,0.0,0.0,176.440764,0.0,1.0
188.1600037,1,1,1,1,1,0.469787915,0.530212085,0.74850776,0.070740896,0.693136416,0,0,0,0,0,0,0,753,1130,1130,376,0,0,1,1,1,1,0.660048781,-0.242170542,0.669568491,-0.309389981,0.163035054,0.957224337,0.660048781,-0.242170542,0.674457372,-0.297641408,0.710289705,-0.318255635,0.660048781,-0.242170542,0.693136416,1.74945284,,,0.873325685,,,0.841101642,,,1.708094662,,,0.873325685,,,0.84664673,,,0.836941289,,,0.873325685,,,0.001343503,0.001145807,0.002513109,0.001343503,0.001227499,0.001337652,0.001343503,141.3171462,141.3171462,180.0245213,1,,0.0,132.6447341,132.6447341,,180.0245213,1,,33.54059923,33.54059923,184.0191938,0,108.9718271,-644.0281729,194.4114926,-3,,97.3116352,-1032.688365,193.7877593,-5,,102.4293349,-1027.570665,193.5952668,-5,,34.31248263,34.31248263,180.0245213,0,,0.648776492,-0.186629058,0.510629622,-9.288659153,0.900880909,0.005543243,0.001475441,0.000434498,120.3371244,-255.6628756,195.0664725,-1,,38.58136708,38.58136708,181.2039173,0,,1,,,,,,,,,,0.000916353,0.001495659,0.0,-0.002749058,-0.006921126,-0.007913019,-0.000544225,0.0,0.0,,,,0.0,0.0,0.0,0.0,0.0,0.0,0.0,0.0,0.0,0.0,1.0
1.039999962,0,0,0,0,0,0.015406162,0.984593838,0.211301234,0.210757639,0.580710169,0,0,0,0,0,0,0,0,0,0,0,0,0,0,0,0,0,0.056342705,1.901602202,0.0645583,2.048631592,0.041410115,3.037397661,0.056342705,1.901602202,0.063983742,1.917716708,0.102478445,1.096476535,0.056342705,1.901602202,0.580710169,1.637026594,0.0,0.0,2.552988487,0.0,0.0,2.744867217,0.0,0.0,4.468609326,0.0,0.0,2.552988487,0.0,0.0,2.573346447,0.0,0.0,1.716750135,0.0,0.0,2.552988487,0.0,0.0,0.0,0.0,0.0,0.0,0.0,0.0,0.0,0.0,0.0,1.054463082,0,0.0,0.0,0.0,0.0,0.0,1.055626312,0,0.0,0.0,0.0,1.064178734,0,0.0,0.0,1.054463082,0,0.0,0.0,0.0,1.054511575,0,0.0,0.0,0.0,1.046480924,0,0.0,0.0,0.0,1.054463082,0,0.0,0.050071472,1.735794706,0.019922346,-5.77514599,2.352647227,0.058049286,0.0,0.0,0.0,0.0,1.054126818,0,0.0,0.0,0.0,1.034797255,0,0.0,0,0.0,0.0,0.0,0.0,0.0,0.0,0.0,0.0,0.0,0.0,0.0,0.0,0.0,0.0,0.0,0.0,0.0,0.0,0.0,0.0,0.0,0.0,0.0,0.0,0.0,0.0,0.0,0.0,0.0,0.0,0.0,0.0
68.05000305,0,1,0,0,0,0.567026811,0.432973189,0.62315957,0.275847635,0.032635546,0,0,0,0,0,0,0,0,0,68,0,1225,0,1,1,1,1,0.609649539,-0.158728009,0.611388964,-0.192619523,0.421423593,0.144116917,0.609649539,-0.158728009,0.611999167,-0.180137935,0.617707031,-0.160585734,0.609649539,-0.158728009,0.032635546,1.088951971,,,0.986564942,,,0.983719764,,,1.012356751,,,0.986564942,,,0.984766632,,,0.986408774,,,0.986564942,,,0.000299939,0.000201073,0.00021324,0.000299939,0.000213901,0.000267151,0.000299939,31.54920967,31.54920967,64.99821932,0,,0.0,23.27732004,23.27732004,,64.99821932,0,,2.845961727,2.845961727,65.19947153,0,24.32808128,24.32808128,64.99821932,0,,16.95731346,16.95731346,64.99821932,0,,20.45684289,-47.54315711,71.56395051,-1,,7.660299812,7.660299812,64.99821932,0,,0.607648493,-0.130518008,0.578549806,-9.774974469,0.988939434,0.434751067,0.000397918,0.005894303,32.4542691,32.4542691,64.99821932,0,,523.3857508,-701.6142492,67.73146794,-10,,1,,,,,,,,,,0.0,0.0,0.0,0.0,0.0,-0.000402934,0.0,-10.0,0.0,,,,0.0,0.0,0.0,0.0,0.0,0.0,0.0,0.0,-677.3146794,0.0,1.0
144.5099945,1,1,1,1,1,0.732693077,0.267306923,0.813370474,0.573043114,0.658819883,0,0,0,0,0,0,0,145,289,1156,289,289,0,1,1,1,1,0.794256133,-0.565675481,0.797264279,-0.687472125,0.686774181,-0.376439371,0.794256133,-0.565675481,0.797389489,-0.63963733,0.805810226,-0.569149112,0.794256133,-0.565675481,0.658819883,1.715136308,,,0.736992391,,,0.690122546,,,0.81620785,,,0.736992391,,,0.708163996,,,0.735612562,,,0.736992391,,,0.0010595,0.000868493,0.001107198,0.0010595,0.000948424,0.001091646,0.0010595,111.4441613,111.4441613,140.1439924,1,,0.0,100.5413583,100.5413583,,140.1439924,1,,14.77695301,14.77695301,140.1439924,0,85.93630847,-59.06369153,147.0886504,0,,75.18753489,-213.8124651,146.9706725,-1,,83.59170416,-1072.408296,147.0471735,-7,,27.05917824,27.05917824,140.1439924,0,,0.791188435,-0.465634973,0.750370418,-11.00522723,0.777861647,0.002639309,0.001201386,0.000192252,97.98513769,-191.0148623,147.2527046,-1,,17.07108656,-271.9289134,143.9880295,-2,,1,,,,,,,,,,0.004999824,0.007384655,0.0,0.0,-0.006392749,-0.035429922,-0.003387749,-2.0,0.0,,,,0.0,0.0,0.0,0.0,0.0,0.0,0.0,0.0,-287.976059,0.0,1.0
321.7600098,1,1,1,1,1,0.779911965,0.220088035,0.938320732,0.173712851,0.430171498,0,644,0,0,644,0,0,644,644,0,322,0,644,1,1,1,1,0.896586887,-1.160717995,0.900718343,-1.436186209,0.357133854,0.274155454,0.896586887,-1.160717995,0.904088411,-1.376469624,0.920898288,-1.369112175,0.896586887,-1.160717995,0.430171498,1.486487923,0.0,0.0,0.631203186,0.0,0.0,0.565905862,0.0,0.0,1.114805192,0.0,0.0,0.631203186,0.0,0.0,0.579462163,0.0,0.0,0.581154696,0.0,0.0,0.631203186,0.0,0.0,0.000556286,0.000401766,0.000841126,0.000556286,0.000437606,0.000504728,0.000556286,58.51323166,58.51323166,307.0965584,0,0.0,0.0,46.51055972,-597.4894403,0.0,327.6272116,-2,0.0,11.22587909,11.22587909,310.1199541,0,45.12045377,-598.8795462,328.1148891,-2,0.0,34.69182026,-609.3081797,327.7396807,-2,0.0,38.64907056,38.64907056,307.0965584,0,0.0,14.20729401,14.20729401,307.0965584,0,0.0,0.891064232,-0.928634791,0.807819313,-11.41656707,0.692030042,0.010826997,0.000699718,0.000464423,57.06904392,-264.9309561,329.407802,-1,0.0,41.23848949,41.23848949,310.0853157,0,0.0,1,0.0,0.0,0.0,0.0,0.0,0.0,0.0,0.0,0.0,0.0,-0.064457213,0.0,-0.042102071,-0.059208395,0.0,-0.013474415,0.0,0.0,0.0,0.0,0.0,0.0,0.0,0.0,0.0,0.0,0.0,0.0,0.0,0.0,0.0,1.0
321.980011,0,0,0,0,0,0.258103241,0.741896759,0.308396339,0.202595228,0.81781194,0,0,0,0,0,0,0,0,0,0,0,0,0,1,1,1,1,0.295836032,0.326725047,0.297829864,0.384885434,0.247079979,0.568856517,0.295836032,0.326725047,0.297848847,0.357786171,0.303388812,0.291620381,0.295836032,0.326725047,0.81781194,1.874128365,,,1.227807763,,,1.273492788,,,1.429498417,,,1.227807763,,,1.25199856,,,1.201029973,,,1.227807763,,,0.002390237,0.002284955,0.002789081,0.002390237,0.002391315,0.002483982,0.002390237,251.4184024,251.4184024,310.6575177,1,,0.0,264.5186491,264.5186491,,311.2638483,1,,37.22379488,37.22379488,312.6502158,0,193.8726007,193.8726007,310.6575177,1,,189.5746698,189.5746698,311.0589978,1,,190.2084839,190.2084839,310.3611424,1,,61.04559705,61.04559705,310.6575177,0,,0.293841099,0.277528615,0.268597731,-7.555686613,1.190445784,0.008685878,0.002390487,0.000878396,194.9683753,194.9683753,310.5585673,1,,77.9973029,77.9973029,308.8701707,0,,1,,,,,,,,,,0.001667957,0.002314637,0.0,0.001667957,0.002000171,0.001328788,0.001203471,0.0,0.0,,,,0.0,0.0,0.0,0.0,0.0,0.0,0.0,0.0,0.0,0.0,1.0
30.72999954,1,1,1,1,1,0.881552621,0.118447379,0.927178671,0.848053579,0.249638036,0,0,0,0,0,0,0,0,369,307,0,61,0,1,1,1,1,0.91686381,-1.402220792,0.91857404,-1.702197996,0.883193182,-1.339187727,0.91686381,-1.402220792,0.918549127,-1.582139613,0.923150186,-1.401814692,0.91686381,-1.402220792,0.249638036,1.305954461,,,0.687770116,,,0.634844753,,,0.699440218,,,0.687770116,,,0.655519577,,,0.687844676,,,0.687770116,,,0.000389273,0.000268477,0.000310353,0.000389273,0.000294764,0.000367872,0.000389273,40.9458735,40.9458735,29.48573941,1,,0.0,31.08030459,31.08030459,,29.48573941,1,,4.142049031,4.142049031,29.48573941,0,31.57399343,31.57399343,29.48573941,1,,23.36781379,-345.6321862,31.12240267,-11,,28.16939501,-278.830605,31.15162209,-9,,9.941854976,9.941854976,29.48573941,0,,0.915153104,-1.156161643,0.892141753,-12.02032416,0.734460518,0.040411732,0.000506133,0.001073464,41.28029305,41.28029305,29.48573941,1,,95.31844554,34.31844554,29.75779578,1,,1,,,,,,,,,,0.030722237,0.045273094,0.0,0.030722237,-0.430231614,-0.276339998,0.02088609,1.0,0.0,,,,0.652486362,0.0,0.0,0.0,0.0,0.0,0.0,0.0,29.75779578,0.0,1.0
18.04999924,1,1,1,1,1,0.904761905,0.095238095,0.941902109,0.50648807,0.552438377,848,144,758,0,902,0,397,848,830,0,235,379,1750,1,1,1,1,0.93314021,-1.671220483,0.934055725,-2.015381671,0.714489394,-0.449969133,0.93314021,-1.671220483,0.934755811,-1.889206145,0.938326784,-1.66586133,0.93314021,-1.671220483,0.552438377,1.608754801,,,0.451762235,,,0.383569555,,,0.807394782,,,0.451762235,,,0.407284699,,,0.452914822,,,0.451762235,,,0.000521725,0.000373612,0.000842354,0.000521725,0.000422099,0.000528837,0.000521725,54.87799001,-793.12201,18.60795011,-43,,-390.7669523,43.25135467,-858.7486453,,18.51344591,-46,,11.24227093,11.24227093,16.39836031,1,42.31726296,-805.682737,18.60795011,-43,,33.46248297,-796.537517,18.54307722,-43,,40.49518277,40.49518277,16.39836031,2,,13.32463986,-383.6753601,18.60795011,-21,,0.931923526,-1.382114103,0.91217035,-12.16373092,0.518331327,0.003078314,0.000662291,0.000176918,54.01647957,-180.9835204,18.7065755,-10,,15.70944365,-363.2905564,17.34678941,-21,,0,,,,,,,,,,-1.876532029,-2.919392356,0.003163628,-1.876532029,-2.397988967,0.086721687,-0.298474905,-21.0,-0.916445874,,,,-0.162931975,-37.21590022,-55.54033774,0.0,-37.21590022,-37.08615444,0.0,0.0,-364.2825777,-18.60795011,1.0
240.7400055,1,1,1,1,1,0.49939976,0.50060024,0.476721051,0.411887819,0.537789873,0,0,0,0,0,0,0,0,0,0,0,0,0,1,1,1,1,0.481404584,0.025967549,0.480528491,0.032445291,0.457855393,0.076267115,0.481404584,0.025967549,0.480654767,0.029968466,0.478502302,0.028138665,0.481404584,0.025967549,0.537789873,1.594106298,,,1.012182623,,,1.015244703,,,1.036204344,,,1.012182623,,,1.014072796,,,1.013207896,,,1.012182623,,,0.001132934,0.000953352,0.001041277,0.001132934,0.001013161,0.001143218,0.001132934,119.1683516,119.1683516,232.9069498,1,,0.0,110.3651685,110.3651685,,232.9069498,0,,13.8971564,13.8971564,232.9069498,0,91.89255054,91.89255054,232.9069498,0,,80.31972287,80.31972287,232.9069498,0,,87.54079217,87.54079217,232.9069498,0,,28.93464879,28.93464879,232.9069498,0,,0.482239204,0.020799819,0.493509357,-9.166076349,1.009746422,0.013922306,0.001255715,0.000773511,102.4162178,102.4162178,232.9069498,0,,68.68408448,68.68408448,233.682562,0,,1,,,,,,,,,,1.05e-05,0.0,0.0,0.0,0.0,0.0,0.0,0.0,0.0,,,,0.0,0.0,0.0,0.0,0.0,0.0,0.0,0.0,0.0,0.0,1.0
90.70999908,0,0,0,0,0,0.255012029,0.744987971,0.246629659,0.458223395,0.618846194,0,0,0,0,0,0,0,0,0,0,0,0,0,1,1,1,1,0.248464353,0.437211037,0.248229887,0.522380206,0.29874848,0.413797732,0.248464353,0.437211037,0.248134819,0.485936776,0.247359464,0.4123915,0.248464353,0.437211037,0.618846194,1.675162619,0.0,0.0,1.253026286,0.0,0.0,1.309311336,0.0,0.0,1.237981821,0.0,0.0,1.253026286,0.0,0.0,1.284924244,0.0,0.0,1.237084004,0.0,0.0,1.253026286,0.0,0.0,0.001661773,0.00149936,0.001524572,0.001661773,0.0015658,0.001680672,0.001661773,174.7945937,174.7945937,82.84303052,2,0.0,82.84303052,173.5739511,173.5739511,0.0,83.24006801,2,0.0,20.347336,20.347336,82.65222997,0,134.7868022,134.7868022,82.84303052,2,0.0,124.1308823,124.1308823,83.1693677,1,0.0,128.6957884,128.6957884,82.47969968,2,0.0,42.44096785,42.44096785,82.84303052,1,0.0,0.248741905,0.366081788,0.253130804,-7.444941869,1.207878295,0.021473798,0.001739718,0.001433458,141.8915306,141.8915306,82.53911215,2,0.0,127.2841621,127.2841621,80.79225087,2,0.0,1,0.0,0.0,0.0,0.0,0.0,0.0,0.0,0.0,0.0,0.005973547,0.008527534,0.0,0.005973547,0.003689602,0.005314586,0.004187996,1.732098732,0.002986773,0.0,0.0,0.0,0.478790976,0.0,0.0,0.0,0.0,0.0,0.0,0.0,161.5845017,0.0,1.0
52.43000031,1,1,1,1,1,0.794317727,0.205682273,0.956227616,0.998325659,0.643229711,0,210,1206,0,1416,0,210,0,0,0,0,0,1416,1,1,1,1,0.915870972,-1.388365732,0.922655948,-1.775711684,0.910008111,-1.692020141,0.915870972,-1.388365732,0.922199561,-1.642980892,0.940239511,-1.705785892,0.915870972,-1.388365732,0.643229711,1.699546136,0.0,0.0,0.478865571,0.0,0.0,0.389937564,0.0,0.0,0.407635497,0.0,0.0,0.478865571,0.0,0.0,0.418376566,0.0,0.0,0.404670261,0.0,0.0,0.478865571,0.0,0.0,0.000667251,0.000473117,0.000532644,0.000667251,0.000540202,0.000580343,0.000667251,70.18516042,70.18516042,48.73329304,1,0.0,-215.1187107,54.77052608,-1361.229474,0.0,53.46127455,-25,0.0,7.108808634,7.108808634,48.73329304,0,54.12085773,54.12085773,48.73329304,1,0.0,42.82525613,42.82525613,48.73329304,1,0.0,44.43919989,44.43919989,48.73329304,1,0.0,17.04129444,-192.9587056,53.77967768,-4,0.0,0.909304662,-1.092488377,0.828680256,-11.5659335,0.560226851,0.002167626,0.000842174,0.000152647,68.68782747,68.68782747,48.73329304,1,0.0,13.5543245,13.5543245,49.86291463,0,0.0,0,0.0,0.0,0.0,0.0,0.0,0.0,0.0,0.0,0.0,0.030118116,-1.231699995,0.0,0.030118116,0.04217791,0.045464149,0.01864892,0.0,-0.120472463,0.0,0.0,0.0,-0.163722313,0.0,-53.46127455,0.0,0.0,0.0,0.0,0.0,0.0,0.0,1.0
28.18000031,1,1,1,1,1,0.791916767,0.208083233,0.964584162,0.969443282,0.46672978,0,0,85,0,85,0,28,0,0,0,0,0,85,1,1,1,1,0.921145148,-1.464935869,0.9284037,-1.889573871,0.902698693,-1.581074286,0.921145148,-1.464935869,0.927949105,-1.747922822,0.947336129,-1.871039433,0.921145148,-1.464935869,0.46672978,1.523046205,0.0,0.0,0.539929501,0.0,0.0,0.451596056,0.0,0.0,0.514182214,0.0,0.0,0.539929501,0.0,0.0,0.47932672,0.0,0.0,0.455131217,0.0,0.0,0.539929501,0.0,0.0,0.000517074,0.000353343,0.000428589,0.000517074,0.000398971,0.000432925,0.000517074,54.38870922,54.38870922,26.70165984,2,0.0,-28.72866788,40.90485336,-44.09514664,0.0,28.63553813,-2,0.0,5.720057193,5.720057193,26.70165984,0,41.93997102,41.93997102,26.70165984,2,0.0,31.62894719,31.62894719,26.70165984,1,0.0,33.15077527,33.15077527,26.70165984,1,0.0,13.20584013,-14.79415987,28.72866788,-1,0.0,0.914113138,-1.144360656,0.828172479,-11.56229777,0.617888826,0.00771644,0.000671353,0.000362139,54.75559466,54.75559466,26.70165984,2,0.0,32.15619098,32.15619098,26.9358151,1,0.0,0,0.0,0.0,0.0,0.0,0.0,0.0,0.0,0.0,0.0,0.067063659,-0.111577794,0.0,0.067063659,0.047738034,0.054699821,0.040923791,1.0,-0.03353183,0.0,0.0,0.0,-1.989426015,0.0,0.0,0.0,0.0,0.0,0.0,0.0,26.9358151,0.0,1.0
25.09000015,0,0,0,0,0,0.548619448,0.451380552,0.457222443,0.942235245,0.073056203,0,0,0,0,0,0,0,0,0,0,0,728,0,1,1,1,1,0.474464281,0.035692177,0.471565976,0.047440712,0.598766189,-0.183171151,0.474464281,0.035692177,0.471505711,0.044199777,0.463781108,0.047528908,0.474464281,0.035692177,0.073056203,1.129372628,,,1.004351834,,,1.005788434,,,0.977961457,,,1.004351834,,,1.00539193,,,1.005799226,,,1.004351834,,,0.000345881,0.000237859,0.000239196,0.000345881,0.000252695,0.000312234,0.000345881,36.38163933,36.38163933,24.37881377,1,,0.0,27.53583035,27.53583035,,24.37881377,1,,3.192377158,3.192377158,24.37881377,0,28.05444219,28.05444219,24.37881377,1,,20.03271117,20.03271117,24.37881377,1,,23.90899593,23.90899593,24.37881377,1,,8.833636971,8.833636971,24.37881377,0,,0.477454442,0.026418601,0.523621051,-9.381679085,1.003219318,0.31937271,0.000449663,0.00495533,36.67454435,36.67454435,24.37881377,2,,440.0094702,-287.9905298,24.9864793,-12,,1,,,,,,,,,,1.99e-05,3.52e-05,0.0,1.99e-05,3.05e-05,3.53e-05,2.18e-05,-12.0,0.0,,,,0.0,0.0,0.0,0.0,0.0,0.0,0.0,0.0,-299.8377516,0.0,1.0
88.23000336,1,1,1,1,1,0.797118848,0.202881152,0.700756068,0.938886563,0.248514236,0,0,0,0,0,0,0,0,0,0,0,0,0,1,1,1,1,0.719682627,-0.360179897,0.716463623,-0.4212284,0.804536819,-0.777599394,0.719682627,-0.360179897,0.716484601,-0.391669071,0.707983597,-0.313656197,0.719682627,-0.360179897,0.248514236,1.304830661,0.0,0.0,0.908614613,0.0,0.0,0.893974866,0.0,0.0,0.813102245,0.0,0.0,0.908614613,0.0,0.0,0.901033653,0.0,0.0,0.919931995,0.0,0.0,0.908614613,0.0,0.0,0.000512757,0.000376763,0.000359515,0.000512757,0.000403769,0.000490413,0.000512757,53.93465271,53.93465271,84.99019153,1,0.0,0.0,43.6161319,43.6161319,0.0,84.99019153,1,0.0,4.798183882,4.798183882,84.99019153,0,41.58984105,41.58984105,84.99019153,0,0.0,32.00931195,32.00931195,84.99019153,0,0.0,37.55285045,37.55285045,84.99019153,0,0.0,13.09559302,13.09559302,84.99019153,0,0.0,0.722954791,-0.308258892,0.771584591,-11.15712283,0.921254039,0.05137456,0.000633241,0.00136033,51.64719039,51.64719039,84.99019153,1,0.0,120.7907954,120.7907954,85.60429985,1,0.0,1,0.0,0.0,0.0,0.0,0.0,0.0,0.0,0.0,0.0,0.002027024,0.002772396,0.0,0.0,0.0,0.0,0.001484743,1.0,0.0,0.0,0.0,0.0,0.0,0.0,0.0,0.0,0.0,0.0,0.0,0.0,85.60429985,0.0,1.0
183.0200043,1,1,1,1,1,0.655862345,0.344137655,0.857540788,0.100460444,0.438905909,0,1647,0,0,1647,0,732,0,0,1098,0,0,1647,1,1,1,1,0.800699811,-0.588506774,0.805746495,-0.724440853,0.227265749,0.640715778,0.800699811,-0.588506774,0.810883006,-0.695459363,0.833348505,-0.678630481,0.800699811,-0.588506774,0.438905909,1.495222333,0.0,0.0,0.789195259,0.0,0.0,0.747198513,0.0,0.0,1.294007361,0.0,0.0,0.789195259,0.0,0.0,0.755960725,0.0,0.0,0.761095818,0.0,0.0,0.789195259,0.0,0.0,0.000709602,0.000543056,0.00100007,0.000709602,0.000584448,0.000675667,0.000709602,74.63992334,74.63992334,175.8036896,0,0.0,-751.92354,62.86710728,-1584.132893,0.0,187.4767864,-8,0.0,13.34719865,13.34719865,178.2097933,0,57.55599399,57.55599399,175.8036896,0,0.0,46.3329001,46.3329001,175.8036896,0,0.0,51.73850235,-1046.261498,187.5921352,-6,0.0,18.12293229,-713.8770677,187.980885,-4,0.0,0.79357277,-0.472459675,0.688134643,-10.55961286,0.826910614,0.014294687,0.000850727,0.00062661,69.38536862,69.38536862,175.8036896,0,0.0,55.63991264,55.63991264,176.361821,0,0.0,0,0.0,0.0,0.0,0.0,0.0,0.0,0.0,0.0,0.0,0.0,-0.065601819,0.0,0.0,0.0,-0.043175562,0.0,0.0,-0.021646264,0.0,0.0,0.0,-2.985038601,0.0,0.0,0.0,0.0,0.0,0.0,0.0,0.0,0.0,1.0
507.730011,1,1,1,1,1,0.597438976,0.402561024,0.877039395,0.253244035,0.757027681,0,0,0,0,0,0,0,0,0,508,0,0,0,1,1,1,1,0.795363679,-0.56952254,0.807063815,-0.730402562,0.433103218,0.12205731,0.795363679,-0.56952254,0.808070675,-0.683333873,0.843161886,-0.724701999,0.795363679,-0.56952254,0.757027681,1.813344106,,,0.712507903,,,0.647448727,,,1.075348914,,,0.712507903,,,0.665842798,,,0.649649135,,,0.712507903,,,0.001239164,0.001018113,0.001832814,0.001239164,0.001114469,0.001187564,0.001239164,130.3421921,130.3421921,475.9317055,0,,0.0,117.86217,117.86217,,475.9317055,0,,24.46121484,24.46121484,476.3236219,0,100.508871,100.508871,475.9317055,0,,88.35102858,88.35102858,475.9317055,0,,90.93654112,-417.0634589,521.6420483,-1,,31.64771099,31.64771099,475.9317055,0,,0.783484487,-0.44435598,0.6457851,-10.25638589,0.767613787,0.002233197,0.001398048,0.000199897,114.0249441,114.0249441,475.9317055,0,,17.74992299,17.74992299,484.9051717,0,,1,,,,,,,,,,0.0,0.0,0.0,0.0,0.0,-0.00820614,0.0,0.0,0.0,,,,0.0,0.0,0.0,0.0,0.0,0.0,0.0,0.0,0.0,0.0,1.0
367.2399902,0,0,0,0,0,0.304921969,0.695078031,0.197373657,0.984093763,0.41064155,0,0,0,0,0,0,0,0,0,0,0,367,0,1,1,1,1,0.213784683,0.538646656,0.210877975,0.654114739,0.327562614,0.34139899,0.213784683,0.538646656,0.210883557,0.608112708,0.203438412,0.537568418,0.213784683,0.538646656,0.41064155,1.466957975,0.0,0.0,1.2292503,0.0,0.0,1.284861312,0.0,0.0,1.139763711,0.0,0.0,1.2292503,0.0,0.0,1.262410801,0.0,0.0,1.228742514,0.0,0.0,1.2292503,0.0,0.0,0.001035441,0.000865176,0.000814568,0.001035441,0.000904191,0.001015594,0.001035441,108.9135035,108.9135035,350.3198762,0,0.0,0.0,100.1573976,100.1573976,0.0,351.9735392,0,0.0,10.87143771,10.87143771,344.998998,0,83.98487931,83.98487931,350.3198762,0,0.0,71.68094671,71.68094671,351.2310189,0,0.0,77.76808966,77.76808966,349.8311122,0,0.0,26.44472236,26.44472236,350.3198762,0,0.0,0.216800902,0.443589355,0.269612471,-7.562952255,1.185280414,0.055130393,0.001152425,0.002251844,93.99185017,93.99185017,349.2080331,0,0.0,199.9529342,-167.0470658,361.9890628,0,0.0,1,0.0,0.0,0.0,0.0,0.0,0.0,0.0,0.0,0.0,0.0,0.0,0.0,0.0,0.0,0.0,0.0,0.0,0.0,0.0,0.0,0.0,0.0,0.0,0.0,0.0,0.0,0.0,0.0,0.0,0.0,0.0,1.0
289.7200012,1,1,1,1,1,0.667076671,0.332923329,0.608251634,0.590382138,0.987523324,0,579,0,0,579,0,0,579,290,869,579,0,579,1,1,1,1,0.620067464,-0.17513478,0.617970102,-0.204979843,0.619215519,-0.22423101,0.620067464,-0.17513478,0.618116915,-0.190828893,0.612756043,-0.15327468,0.620067464,-0.17513478,0.987523324,2.043839749,0.0,0.0,0.882327796,0.0,0.0,0.863703452,0.0,0.0,0.851899163,0.0,0.0,0.882327796,0.0,0.0,0.872484606,0.0,0.0,0.896223567,0.0,0.0,0.882327796,0.0,0.0,0.002310441,0.002192167,0.002371485,0.002310441,0.002357973,0.002564356,0.002310441,243.0250958,243.0250958,276.4004011,1,0.0,0.0,253.7769293,-325.2230707,0.031202326,301.6840746,-1,0.0,31.65045362,31.65045362,276.4004011,0,187.4003928,-391.5996072,301.8608069,-1,0.0,186.9314612,-103.0685388,301.7776004,0,0.0,196.3630297,-672.6369703,302.6098652,-2,0.0,59.00766186,59.00766186,276.4004011,0,0.0,0.622137883,-0.14965977,0.651627361,-10.29821707,0.898542445,0.000635259,0.002332308,8.85e-05,190.2232742,-388.7767258,302.7540687,-1,0.0,7.862381123,7.862381123,277.7530916,0,-1.0,1,0.002298758,0.002561019,0.000810467,0.002211577,0.002298758,0.409377664,0.002336746,0.001719086,0.002298758,0.000479253,-0.000656511,0.0,-0.000479253,0.0,-0.00073416,-0.000349969,0.0,0.0,0.119824469,0.119824469,2.47e-05,0.0,0.0,0.0,0.0,0.0,0.0,0.0,0.0,0.0,0.0,1.0
36.49000168,1,1,1,1,1,0.498412698,0.501587302,0.546583851,0.330769231,0.496230219,876,0,803,0,803,0,0,657,693,182,657,584,1679,1,1,1,1,0.53518835,-0.049270909,0.53687533,-0.061626903,0.432870434,0.122493723,0.53518835,-0.049270909,0.537097856,-0.057643414,0.542051469,-0.055258934,0.53518835,-0.049270909,0.496230219,1.552546644,,,0.978559091,,,0.9732547,,,1.055362774,,,0.978559091,,,0.974961651,,,0.975984849,,,0.978559091,,,0.001000683,0.000822256,0.000951667,0.001000683,0.000876311,0.000997506,0.001000683,105.2574265,-770.7425735,38.59546959,-20,-10.0,34.6681119,95.1888001,-707.8111999,,38.59546959,-18,-12.0,12.70119438,12.70119438,34.66947004,0,81.16562204,-575.834378,38.59546959,-15,,69.47074153,-623.5292585,38.59546959,-16,,76.38303333,-105.6169667,38.59546959,-3,,25.55700928,25.55700928,34.6681119,1,0.0,0.533402392,-0.039212136,0.508820447,-9.275705279,0.982898633,0.016901532,0.001130364,0.00085157,92.19255661,-564.8074434,38.59546959,-15,,75.61530249,-508.3846975,35.6104345,-14,,1,0.00076959,0.000852877,0.00121265,0.00073602,0.00076959,0.075067838,0.000786805,0.000590613,0.00076959,-0.000758632,-0.001068152,0.0,-0.000568974,-0.000830691,-0.000143135,-0.000360373,-14.0,3.79e-05,0.054017156,0.054017156,4.6e-07,0.008246832,0.0,0.0,0.0,0.0,0.0,0.0,0.0,-498.546083,0.0,1.0
86.01999664,0,0,0,0,0,0.154861945,0.845138055,0.084361321,0.548765174,0.865600906,0,0,0,0,0,0,0,0,0,0,0,0,0,1,1,1,1,0.093627776,1.267260891,0.091939607,1.53600244,0.152591809,1.027397165,0.093627776,1.267260891,0.091961204,1.427738693,0.08772976,1.25567681,0.093627776,1.267260891,0.865600906,1.921917331,0.0,0.0,2.288578916,0.0,0.0,2.72782934,0.0,0.0,1.956627845,0.0,0.0,2.288578916,0.0,0.0,2.541552085,0.0,0.0,2.271323985,0.0,0.0,2.288578916,0.0,0.0,0.004855963,0.00541316,0.004232731,0.004855963,0.005369321,0.005162026,0.004855963,510.7772469,510.7772469,83.74871021,6,0.0,83.74871021,626.6563069,626.6563069,0.0,84.03071966,7,0.0,56.4911234,56.4911234,83.12778957,1,393.8681987,393.8681987,83.74871021,5,0.0,425.6600571,425.6600571,83.9786781,5,0.0,395.2769794,395.2769794,83.57988305,5,0.0,124.0191716,124.0191716,83.74871021,1,0.0,0.095387407,1.045760189,0.128892236,-6.5553813,1.980242863,0.013804187,0.00428424,0.001532358,349.4230442,349.4230442,83.32564092,4,0.0,136.0659907,136.0659907,80.39918654,2,0.0,1,0.0,0.0,0.0,0.0,0.0,0.0,0.0,0.0,0.0,0.150557828,0.25804882,0.01649289,0.125464857,0.159252951,0.123181582,0.068350898,1.342907,0.025092971,0.0,0.0,0.0,0.037554993,0.0,0.0,0.0,0.0,0.0,0.0,0.0,80.39918654,0.0,1.0
233.4299927,0,0,0,0,0,0.361744698,0.638255302,0.779546359,0.037254081,0.435615394,0,934,700,0,1634,0,233,700,700,700,700,233,1634,1,1,1,1,0.617876958,-0.171654121,0.633220007,-0.234343373,0.092332957,1.655026697,0.617876958,-0.171654121,0.642104643,-0.234259421,0.705272971,-0.308308164,0.617876958,-0.171654121,0.435615394,1.491931819,,,0.933631019,,,0.910506559,,,1.938916893,,,0.933631019,,,0.910537141,,,0.883958288,,,0.933631019,,,0.00083317,0.00065594,0.001485013,0.00083317,0.000697771,0.000778292,0.00083317,87.63745092,87.63745092,220.1016481,0,,-243.2211508,75.93507122,-1558.064929,,242.7627562,-6,,19.8193632,19.8193632,229.59791,0,67.57858761,-632.4214124,243.2211508,-3,,55.31675595,-644.683244,242.76418,-3,,59.5968975,-640.4031025,241.5981211,-3,,21.27879449,-211.7212055,243.2211508,-1,,0.599782354,-0.120362181,0.408305006,-8.556004677,0.952987478,0.032613916,0.00097406,0.001418026,79.44444621,-620.5555538,244.0703677,-3,,125.9138571,-107.0861429,231.1598041,0,,0,,,,,,,,,,0.0,-0.005148452,0.0,-0.001381178,-0.002572382,-0.004455653,-0.000679081,0.0,-0.000460393,,,,-15.16479495,0.0,0.0,0.0,0.0,0.0,0.0,0.0,0.0,0.0,1.0
30.47999954,1,1,1,1,1,0.829531813,0.170468187,0.757660167,0.66722478,0.661915948,61,0,91,0,91,0,0,0,0,701,0,457,152,1,1,1,1,0.772066633,-0.494565637,0.769448655,-0.580865604,0.742697835,-0.534894006,0.772066633,-0.494565637,0.769709988,-0.540881669,0.763136039,-0.43920836,0.772066633,-0.494565637,0.661915948,1.718232373,,,0.765132363,,,0.730212077,,,0.748610824,,,0.765132363,,,0.746188431,,,0.788406263,,,0.765132363,,,0.00110676,0.000925599,0.001023039,0.00110676,0.001006592,0.001177919,0.00110676,116.4151832,55.41518318,29.57291136,2,,29.57291136,107.1522646,16.15226458,,29.57291136,1,,13.65373846,13.65373846,29.57291136,0,89.76954001,89.76954001,29.57291136,3,,79.79888635,79.79888635,29.57291136,3,,90.19800544,-610.8019946,31.16604932,-20,,28.26616626,28.26616626,29.57291136,1,,0.774617677,-0.421210374,0.810510691,-11.4358376,0.796124641,0.00204947,0.001236176,0.000150287,100.8226387,100.8226387,29.57291136,3,,13.34478114,-443.6552189,30.06530914,-15,,1,,,,,,,,,,0.007643599,0.005271951,0.0,0.011465399,0.013713421,-0.060282495,0.008316477,-15.0,0.0038218,,,,0.076936368,0.0,0.0,0.0,0.0,0.0,0.0,0.0,-450.979637,0.0,1.0
149.75,1,1,1,1,1,0.682673069,0.317326931,0.702745722,0.421515278,0.61593644,0,0,749,0,749,0,599,449,449,449,300,150,749,1,1,1,1,0.6980297,-0.314104804,0.698498487,-0.375901534,0.563897562,-0.116445422,0.6980297,-0.314104804,0.698909614,-0.350406311,0.700816998,-0.299648765,0.6980297,-0.314104804,0.61593644,1.672252865,0.0,0.0,0.850863287,0.0,0.0,0.824252845,0.0,0.0,0.941884197,0.0,0.0,0.850863287,0.0,0.0,0.835129044,0.0,0.0,0.85721122,0.0,0.0,0.850863287,0.0,0.0,0.001121732,0.000937352,0.00115169,0.001121732,0.001010623,0.00115703,0.001121732,117.9900582,117.9900582,145.4126167,1,0.0,-612.483296,108.5128633,-640.4871367,0.0,153.0382173,-4,0.0,15.37075495,15.37075495,145.4126167,0,90.98395038,-358.0160496,153.120824,-2,0.0,80.1184682,-368.8815318,153.0494428,-2,0.0,88.59839945,-360.4016006,153.149345,-2,0.0,28.64855349,-570.3514465,153.120824,-4,0.0,0.697384066,-0.262344103,0.686649687,-10.54898042,0.873812093,0.004409528,0.001252097,0.000292465,102.1211729,-197.8788271,153.3167845,-1,0.0,25.96947693,-124.0305231,149.2672894,-1,0.0,0,0.0,0.0,0.0,0.0,0.0,0.0,0.0,0.0,0.0,0.001541591,-0.008831373,0.0,-0.003083182,-0.003837018,-0.002805918,-0.001075382,-1.0,-0.006166364,0.0,0.0,0.0,-139.2730482,0.0,0.0,0.0,0.0,0.0,0.0,0.0,-149.2672894,0.0,1.0
590.0,1,1,1,1,1,0.755502201,0.244497799,0.74333466,0.372122227,0.677951744,0,0,0,0,0,0,0,0,0,0,0,0,0,1,1,1,1,0.745489696,-0.421585537,0.744560528,-0.500190791,0.551117974,-0.092740501,0.745489696,-0.421585537,0.745324788,-0.467177901,0.744005466,-0.391500582,0.745489696,-0.421585537,0.677951744,1.734268169,0.0,0.0,0.792851854,0.0,0.0,0.759270021,0.0,0.0,0.950220157,0.0,0.0,0.792851854,0.0,0.0,0.773197019,0.0,0.0,0.806094296,0.0,0.0,0.792851854,0.0,0.0,0.001183877,0.000998876,0.001348966,0.001183877,0.001082553,0.001246975,0.001183877,124.5267337,124.5267337,564.0730546,0,0.0,0.0,115.6351989,115.6351989,0.0,564.0730546,0,0.0,18.00365056,18.00365056,564.0730546,0,96.02448146,96.02448146,564.0730546,0,0.0,85.82085907,85.82085907,564.0730546,0,0.0,95.48583673,95.48583673,564.0730546,0,0.0,30.23568972,30.23568972,564.0730546,0,0.0,0.746107271,-0.354906587,0.751094403,-11.01041103,0.822500303,0.002329334,0.001312746,0.000176784,107.0676779,107.0676779,564.0730546,0,0.0,15.69759714,15.69759714,566.9050124,0,0.0,1,0.0,0.0,0.0,0.0,0.0,0.0,0.0,0.0,0.0,0.0,0.0,0.0,0.0,0.0,0.0,0.0,0.0,0.0,0.0,0.0,0.0,0.0,0.0,0.0,0.0,0.0,0.0,0.0,0.0,0.0,0.0,1.0
99.98999786,1,1,1,1,1,0.775110044,0.224889956,0.872662157,0.776475513,0.627529372,900,500,300,0,800,0,100,900,800,0,800,100,1700,1,1,1,1,0.849475123,-0.807692236,0.853333043,-0.989996876,0.804627197,-0.77803547,0.849475123,-0.807692236,0.85319252,-0.919495306,0.863538229,-0.836530506,0.849475123,-0.807692236,0.627529372,1.683845797,,,0.656473766,,,0.596982242,,,0.666697414,,,0.656473766,,,0.619321392,,,0.646682648,,,0.656473766,,,0.000886152,0.000697924,0.000838626,0.000886152,0.000770488,0.000895741,0.000886152,93.21037726,-806.7896227,100.9321676,-8,,-100.9321676,80.79540373,-719.2045963,,100.8316658,-7,,11.19252233,11.19252233,98.0666865,0,71.87595692,-828.1240431,100.9321676,-8,,61.0814315,-738.9185685,100.8655298,-7,,68.5904761,68.5904761,98.0666865,1,,22.6319278,-77.3680722,100.9321676,-1,,0.845671505,-0.659889074,0.796726302,-11.33714,0.709031571,0.002718811,0.001036978,0.000184997,84.57599353,-715.4240065,101.0646815,-7,,16.42686546,-83.57313454,99.22166963,-1,,0,,,,,,,,,,-0.081545844,-0.107197761,0.0,-0.081545844,-0.092473458,0.010934114,-0.047627736,-1.0,-0.01019323,,,,0.0,0.0,0.0,0.0,0.0,0.0,0.0,0.0,-99.22166963,0.0,1.0
233.7100067,1,1,1,1,1,0.735494198,0.264505802,0.701153999,0.844286312,0.56208224,0,0,0,0,0,0,0,0,0,0,0,0,0,1,1,1,1,0.708379173,-0.335587509,0.707204749,-0.397430312,0.758182416,-0.587118174,0.708379173,-0.335587509,0.707162154,-0.369392984,0.70395193,-0.305724056,0.708379173,-0.335587509,0.56208224,1.618398665,0.0,0.0,0.850811819,0.0,0.0,0.825853626,0.0,0.0,0.753775637,0.0,0.0,0.850811819,0.0,0.0,0.837076749,0.0,0.0,0.863132619,0.0,0.0,0.850811819,0.0,0.0,0.001002866,0.000823883,0.000805922,0.001002866,0.000888537,0.001030629,0.001002866,105.4869969,105.4869969,226.5644429,0,0.0,0.0,95.3770493,95.3770493,0.0,226.5644429,0,0.0,10.75603958,10.75603958,226.5644429,0,81.34264732,81.34264732,226.5644429,0,0.0,70.43992264,70.43992264,226.5644429,0,0.0,78.91935566,78.91935566,226.5644429,0,0.0,25.61275008,25.61275008,226.5644429,0,0.0,0.709587563,-0.28361633,0.727025536,-10.83807554,0.872368418,0.005418954,0.001134558,0.000318406,92.5346164,92.5346164,226.5644429,0,0.0,28.27288095,28.27288095,228.1662386,0,0.0,1,0.0,0.0,0.0,0.0,0.0,0.0,0.0,0.0,0.0,0.0,0.0,0.0,0.0,0.0,0.0,0.0,0.0,0.0,0.0,0.0,0.0,0.0,0.0,0.0,0.0,0.0,0.0,0.0,0.0,0.0,0.0,1.0
84.55000305,1,1,1,1,1,0.829531813,0.170468187,0.953840032,0.82796149,0.088128485,0,0,0,0,0,0,0,0,0,0,0,676,0,1,1,1,1,0.923813288,-1.506652235,0.928785147,-1.897604629,0.865327828,-1.1672346,0.923813288,-1.506652235,0.928607865,-1.760734094,0.941987571,-1.743874985,0.923813288,-1.506652235,0.088128485,1.14444491,0.0,0.0,0.816052078,0.0,0.0,0.774123162,0.0,0.0,0.854291361,0.0,0.0,0.816052078,0.0,0.0,0.788551344,0.0,0.0,0.790347045,0.0,0.0,0.816052078,0.0,0.0,0.000294069,0.000193045,0.00022062,0.000294069,0.000209,0.000257837,0.000294069,30.93181263,30.93181263,81.25132351,0,0.0,0.0,22.34796053,22.34796053,0.0,81.25132351,0,0.0,2.944453975,2.944453975,81.25132351,0,23.85199693,23.85199693,81.25132351,0,0.0,16.56872266,16.56872266,81.25132351,0,0.0,19.7436189,19.7436189,81.25132351,0,0.0,7.510392844,7.510392844,81.25132351,0,0.0,0.918917903,-1.200773155,0.856620879,-11.76599116,0.850434415,0.204443365,0.000396442,0.003331635,32.33385197,32.33385197,81.25132351,0,0.0,295.8331383,-380.1668617,84.02306275,-5,0.0,1,0.0,0.0,0.0,0.0,0.0,0.0,0.0,0.0,0.0,0.0,0.0,0.0,0.0,0.0,0.0,0.0,-5.0,0.0,0.0,0.0,0.0,0.0,0.0,0.0,0.0,0.0,0.0,0.0,0.0,-420.1153137,0.0,1.0
8.239999771,1,1,1,1,1,0.591785415,0.408214585,0.576636288,0.456140351,-0.019637279,0,0,0,0,0,0,0,0,0,0,0,1170,0,1,1,1,1,0.579755374,-0.113431642,0.579097298,-0.134177444,0.531228019,-0.056375462,0.579755374,-0.113431642,0.579283698,-0.125050708,0.577803714,-0.103585237,0.579755374,-0.113431642,-0.019637279,1.036679145,,,0.995922248,,,0.995178258,,,0.997971277,,,0.995922248,,,0.995505495,,,0.996275556,,,0.995922248,,,0.000255897,0.000167073,0.000171815,0.000255897,0.000177573,0.000224431,0.000255897,26.91671884,26.91671884,7.674059032,4,,7.674059032,19.34121014,19.34121014,,7.674059032,3,,2.29308221,2.29308221,7.674059032,0,20.75589629,20.75589629,7.674059032,3,,14.07732712,14.07732712,7.674059032,2,,17.18558962,17.18558962,7.674059032,2,,6.535508764,6.535508764,7.674059032,1,,0.580342734,-0.095864634,0.587716759,-9.840610767,0.996552674,0.701535936,0.000346631,0.007928118,28.27122677,28.27122677,7.674059032,4,,703.9786956,-466.0213044,8.168459168,-57,,1,,,,,,,,,,0.000804171,0.000843918,0.0,0.000603128,0.000488677,0.000335309,0.000574377,-57.0,0.000201043,,,,0.001523172,0.0,0.0,0.0,0.0,0.0,0.0,0.0,-465.6021726,0.0,1.0
12.18999958,1,1,1,1,1,0.725090036,0.274909964,0.891364903,0.18417748,0.51211747,0,0,0,0,0,0,0,0,0,638,0,0,0,1,1,1,1,0.847400357,-0.796189831,0.852379322,-0.983388771,0.365845855,0.255419313,0.847400357,-0.796189831,0.855050598,-0.931628173,0.873152926,-0.898895806,0.847400357,-0.796189831,0.51211747,1.568433895,,,0.698830392,,,0.642363292,,,1.121826894,,,0.698830392,,,0.657503643,,,0.667261758,,,0.698830392,,,0.000739951,0.000565265,0.001054721,0.000739951,0.000615565,0.000708475,0.000739951,77.83218432,77.83218432,11.13061464,7,,22.26122928,65.43810722,65.43810722,,11.13061464,6,,14.07657649,14.07657649,11.26942071,1,60.01759559,60.01759559,11.13061464,5,,48.79972611,48.79972611,11.13061464,4,,54.2508015,-583.7491985,12.80926052,-46,,18.89802861,18.89802861,11.13061464,2,,0.841334306,-0.640707698,0.755194834,-11.03977053,0.749485593,0.006951808,0.00088831,0.000363711,72.45063906,72.45063906,11.13061464,7,,32.29580122,32.29580122,11.26678428,3,,1,,,,,,,,,,0.069334808,0.090661263,0.00101936,0.049524863,0.054245691,-0.580759826,0.044899132,3.0,0.019809945,,,,0.174900902,0.0,0.0,0.0,0.0,0.0,-12.80926052,0.0,33.80035285,0.0,1.0
118.3799973,0,0,0,0,0,0.589435774,0.410564226,0.399920414,0.75763918,0.258964206,0,0,0,0,0,0,0,0,0,0,0,0,0,1,1,1,1,0.429940598,0.09919787,0.424570542,0.127732512,0.548778083,-0.088432676,0.429940598,0.09919787,0.424695132,0.118550485,0.411043746,0.11911601,0.429940598,0.09919787,0.258964206,1.315280631,0.0,0.0,1.02755807,0.0,0.0,1.035624992,0.0,0.0,0.97605633,0.0,0.0,1.02755807,0.0,0.0,1.033022288,0.0,0.0,1.033182401,0.0,0.0,1.02755807,0.0,0.0,0.000595918,0.000450616,0.000445913,0.000595918,0.00047794,0.000567485,0.000595918,62.68192885,62.68192885,111.9808138,1,0.0,0.0,52.16568455,52.16568455,0.0,112.4645455,0,0.0,5.951276415,5.951276415,111.9808138,0,48.33500034,48.33500034,111.9808138,0,0.0,37.88930634,37.88930634,112.144224,0,0.0,43.45460452,43.45460452,111.998044,0,0.0,15.21947373,15.21947373,111.9808138,0,0.0,0.435449601,0.076482415,0.528835493,-9.419015016,1.021181214,0.075676959,0.000718704,0.002063866,58.61752453,58.61752453,111.9808138,1,0.0,183.2614034,183.2614034,113.7729393,2,0.0,1,0.0,0.0,0.0,0.0,0.0,0.0,0.0,0.0,0.0,0.000153753,0.0,0.0,0.0,0.0,0.0,9.14e-05,2.0,0.0,0.0,0.0,0.0,0.0,0.0,0.0,0.0,0.0,0.0,0.0,0.0,227.5458786,0.0,1.0
46.09999847,1,1,1,1,1,0.697478992,0.302521008,0.664544369,0.394307242,0.238394341,0,0,0,0,0,0,0,0,0,0,0,646,0,1,1,1,1,0.671125541,-0.262167106,0.669629705,-0.309523563,0.541179565,-0.074502618,0.671125541,-0.262167106,0.670161088,-0.288844574,0.666971381,-0.238541415,0.671125541,-0.262167106,0.238394341,1.294710766,,,0.934527299,,,0.923166184,,,0.980940884,,,0.934527299,,,0.928110118,,,0.940247422,,,0.934527299,,,0.000513523,0.000377133,0.000420099,0.000513523,0.000403136,0.00048684,0.000513523,54.01517591,54.01517591,44.36652351,1,,0.0,43.65889801,43.65889801,,44.36652351,1,,5.606745563,5.606745563,44.36652351,0,41.65193373,41.65193373,44.36652351,1,,31.95913797,31.95913797,44.36652351,1,,37.27932533,37.27932533,44.36652351,1,,13.11514444,13.11514444,44.36652351,0,,0.672417546,-0.221878616,0.688227766,-10.56027963,0.944302769,0.065376896,0.000634291,0.001681921,51.73287211,51.73287211,44.36652351,1,,149.3465311,-496.6534689,44.9862435,-11,,1,,,,,,,,,,0.001073931,0.001496951,0.0,0.001073931,0.001303612,0.000889094,0.000769221,-11.0,0.0,,,,0.000793237,0.0,0.0,0.0,0.0,0.0,0.0,0.0,-494.8486785,0.0,1.0
12.35999966,1,1,1,1,1,0.691076431,0.308923569,0.935933148,0.193804939,0.387505893,4684,803,0,0,803,0,260,247,284,99,0,62,5487,1,1,1,1,0.867479013,-0.919147534,0.876285305,-1.172558976,0.378451219,0.22903009,0.867479013,-0.919147534,0.878726921,-1.111112828,0.907534626,-1.200336843,0.867479013,-0.919147534,0.387505893,1.443822318,1.35679433,3.049452439,0.713482507,3.363689956,2.588466491,0.650070892,3.185751161,2.475642072,1.087760912,3.3088259,2.55374927,0.713482507,3.589245042,2.730576817,0.664909022,3.044083673,2.385326256,0.64347217,4.50662151,3.299835445,0.713482507,3.044083673,2.385326256,0.00056919,0.000410758,0.00072835,0.00056919,0.000446866,0.000501116,0.00056919,59.87056022,-4624.12944,12.62529238,-366,-23.0,-239.8805552,47.55157514,-755.4484249,0.03420169,12.58211853,-60,-20.0,9.720744421,9.720744421,11.80355747,1,46.16711071,-200.8328893,12.62529238,-16,-29.0,35.42587387,-248.5741261,12.58953151,-20,-69.0,38.37242699,-60.62757301,12.57995142,-5,-5.0,14.53685991,-245.4631401,12.62529238,-19,-4.0,0.857776454,-0.718208212,0.734224078,-10.88961782,0.7681321,0.018321297,0.000712501,0.000705588,58.11164669,58.11164669,11.66398971,5,3.0,62.65284644,0.652846436,11.83021425,0,0.0,0,0.000161974,0.000187314,0.151684795,0.000106418,0.000161974,0.002623003,0.000124756,0.000118904,0.000161974,-4.831384083,-1.288963642,0.000819606,-0.211208047,-0.385803661,-0.112563167,0.040298675,0.0,-0.250809556,0.015799492,0.015799492,9.84e-10,-1.923580306,-63.12646189,-12.58211853,0.0,0.0,0.0,0.0,0.0,0.0,0.0,1.0
99.80999756,0,0,0,0,0,0.414965986,0.585034014,0.610425786,0.938467978,0.504104794,100,0,998,0,998,0,200,499,100,798,399,299,1098,1,1,1,1,0.554089629,-0.076124357,0.563243076,-0.106543274,0.593851535,-0.173542939,0.554089629,-0.076124357,0.56249853,-0.097859661,0.587410021,-0.116946604,0.554089629,-0.076124357,0.504104794,1.560421219,0.0,0.0,0.966695259,0.0,0.0,0.953699118,0.0,0.0,0.925687165,0.0,0.0,0.966695259,0.0,0.0,0.957391171,0.0,0.0,0.949294626,0.0,0.0,0.966695259,0.0,0.0,0.001005804,0.000822211,0.000852228,0.001005804,0.000878129,0.000988782,0.001005804,105.7961034,5.796103371,90.08953463,0,0.0,-222.2707374,95.18350298,-902.816497,0.0,111.1232548,-8,0.0,11.37406001,11.37406001,90.08953463,0,81.58100408,-417.4189959,111.1353687,-4,0.0,69.61483693,-30.38516307,111.1353687,0,0.0,75.71501422,-722.2849858,110.7414584,-7,0.0,25.68780262,-174.3121974,111.1353687,-2,0.0,0.545435087,-0.053490734,0.450429417,-8.857619667,0.976479998,0.019423935,0.001139931,0.000997157,92.97284944,-306.0271506,111.1353687,-3,0.0,88.54271996,-210.45728,96.50464326,-2,0.0,0,0.0,0.0,0.0,0.0,0.0,0.0,0.0,0.0,0.0,0.0,-0.001418934,0.0,-0.000362182,0.0,-0.001495868,-0.000134121,-2.0,-0.000181091,0.0,0.0,0.0,69.93779893,0.0,0.0,0.0,0.0,0.0,0.0,0.0,-193.0092865,0.0,1.0
321.9100037,1,1,1,1,1,0.692276911,0.307723089,0.946279347,0.147341984,0.503765465,0,1610,1288,0,2898,0,966,644,644,1288,644,0,2898,1,1,1,1,0.874094228,-0.966287594,0.882485213,-1.231286964,0.311029381,0.381972161,0.874094228,-0.966287594,0.886215908,-1.179812585,0.916003572,-1.302604212,0.874094228,-0.966287594,0.503765465,1.56008189,0.0,0.0,0.650674921,0.0,0.0,0.578335871,0.0,0.0,1.185159844,0.0,0.0,0.650674921,0.0,0.0,0.591728207,0.0,0.0,0.560280347,0.0,0.0,0.650674921,0.0,0.0,0.000676496,0.000498166,0.001090138,0.000676496,0.000542267,0.000583111,0.000676496,71.15757281,71.15757281,301.838508,0,0.0,-989.9745153,57.67034247,-2840.329658,0.0,329.0163175,-9,0.0,14.54926144,14.54926144,307.4441925,0,54.87069989,-589.1293001,329.9915051,-2,0.0,42.98891255,-601.0110875,329.2185858,-2,0.0,44.65115622,-1243.348844,328.8856728,-4,0.0,17.27740084,-948.7225992,329.9915051,-3,0.0,0.864273599,-0.752837071,0.73516114,-10.89632728,0.715470086,0.007859642,0.000834693,0.000403162,68.07765809,-575.9223419,332.7283794,-2,0.0,35.7988304,35.7988304,304.0915489,0,0.0,0,0.0,0.0,0.0,0.0,0.0,0.0,0.0,0.0,0.0,0.0,-0.213197004,0.0,-0.029178491,-0.043498679,-0.106048608,-0.017711364,0.0,-0.043767737,0.0,0.0,0.0,-12.55667033,0.0,0.0,0.0,0.0,0.0,0.0,0.0,0.0,0.0,1.0
39.72000122,1,0,1,1,1,0.48705036,0.51294964,0.627492877,0.43359375,0.715371485,79,318,238,0,556,0,40,914,596,556,794,437,635,1,1,1,1,0.590506304,-0.129453247,0.596419897,-0.165112215,0.501313417,-0.002364163,0.590506304,-0.129453247,0.596292747,-0.153291398,0.612618373,-0.153072492,0.590506304,-0.129453247,0.715371485,1.77168791,,,0.928635897,,,0.909888625,,,0.998648772,,,0.928635897,,,0.916060961,,,0.916175659,,,0.928635897,,,0.001491649,0.001303757,0.001547393,0.001491649,0.001397032,0.001535199,0.001491649,156.8999232,77.89992324,34.96116057,2,,0.0,150.9298641,-405.0701359,,46.71386073,-9,,20.65190315,20.65190315,34.96116057,1,120.9879463,-793.0120537,47.30020786,-17,,110.7515658,-485.2484342,46.96937808,-10,,117.5563449,-438.4436551,46.88076254,-9,,38.09605582,-1.903944178,47.30020786,0,,0.584702113,-0.101291037,0.514900272,-9.319237436,0.943714441,0.004844183,0.001604485,0.000397874,130.8619323,-663.1380677,47.58278566,-14,,35.32927272,-401.6707273,38.88573535,-10,,0,,,,,,,,,,0.000523692,-0.003833725,8.73e-08,-0.004451382,-0.003671602,-0.003295011,-0.002244347,-10.0,0.0,,,,1.156583812,0.0,0.0,0.0,0.0,0.0,0.0,0.0,-388.8573535,0.0,1.0
38.22000122,1,1,1,1,1,0.679130435,0.320869565,0.718213058,0.776923077,0.466683203,0,0,0,0,0,0,0,0,0,0,0,0,0,1,1,1,1,0.709414537,-0.337789052,0.71096545,-0.4069792,0.724187853,-0.477861177,0.709414537,-0.337789052,0.71081926,-0.378022522,0.714801694,-0.327390826,0.709414537,-0.337789052,0.466683203,1.522999628,0.0,0.0,0.86753301,0.0,0.0,0.842645649,0.0,0.0,0.817889928,0.0,0.0,0.86753301,0.0,0.0,0.852973152,0.0,0.0,0.87133621,0.0,0.0,0.86753301,0.0,0.0,0.000830723,0.000659232,0.000681654,0.000830723,0.000709891,0.000828727,0.000830723,87.38004832,87.38004832,35.2361413,2,0.0,35.2361413,76.31616577,76.31616577,0.0,35.2361413,2,0.0,9.097534832,9.097534832,35.2361413,0,67.38010051,67.38010051,35.2361413,2,0.0,56.27756215,56.27756215,35.2361413,2,0.0,63.45898123,63.45898123,35.2361413,2,0.0,21.2162959,21.2162959,35.2361413,1,0.0,0.707915859,-0.280636902,0.688380411,-10.56137258,0.888643759,0.011760868,0.000965448,0.000551885,78.74201572,78.74201572,35.2361413,2,0.0,49.00471151,49.00471151,35.76567732,1,0.0,1,0.0,0.0,0.0,0.0,0.0,0.0,0.0,0.0,0.0,0.00356567,0.005176002,0.0,0.00356567,0.004465657,0.003349524,0.002461158,1.0,0.001782835,0.0,0.0,0.0,0.000165401,0.0,0.0,0.0,0.0,0.0,0.0,0.0,35.76567732,0.0,1.0
40.52999878,0,0,0,0,0,0.588635454,0.411364546,0.468364505,0.75763918,0.272436769,0,0,0,0,0,0,0,0,0,0,0,0,0,1,1,1,1,0.490136781,0.013763207,0.486358165,0.022718156,0.586475646,-0.159244812,0.490136781,0.013763207,0.48640602,0.021046994,0.476577539,0.030665986,0.490136781,0.013763207,0.272436769,1.328753194,0.0,0.0,1.003919731,0.0,0.0,1.006478327,0.0,0.0,0.955745215,0.0,0.0,1.003919731,0.0,0.0,1.00600035,0.0,0.0,1.008754632,0.0,0.0,1.003919731,0.0,0.0,0.000602858,0.000456159,0.000455265,0.000602858,0.000484824,0.000575619,0.000602858,63.41201226,63.41201226,37.64867019,2,0.0,0.0,52.80740535,52.80740535,0.0,37.64867019,1,0.0,6.076080925,6.076080925,37.64867019,0,48.89797891,48.89797891,37.64867019,1,0.0,38.43503409,38.43503409,37.64867019,1,0.0,44.07747138,44.07747138,37.64867019,1,0.0,15.3967415,15.3967415,37.64867019,0,0.0,0.493993009,0.00702894,0.554319557,-9.601483458,1.001999911,0.065275678,0.000726807,0.00184863,59.27846895,59.27846895,37.64867019,2,0.0,164.1494428,164.1494428,38.15137186,4,0.0,1,0.0,0.0,0.0,0.0,0.0,0.0,0.0,0.0,0.0,5.92e-06,8.06e-06,0.0,2.96e-06,6.92e-06,1.47e-05,1.54e-06,4.0,0.0,0.0,0.0,0.0,0.0,0.0,0.0,0.0,0.0,0.0,0.0,0.0,152.6054874,0.0,1.0
1.820000052,1,1,1,1,1,0.681872749,0.318127251,0.662022293,0.598367518,0.609478484,0,0,0,0,0,0,0,0,2,0,2,0,0,0,0,0,0,0.666174914,-0.253140646,0.665397602,-0.300351683,0.643766905,-0.276117757,0.666174914,-0.253140646,0.665512986,-0.279469197,0.663604286,-0.232852335,0.666174914,-0.253140646,0.609478484,1.665794909,0.0,0.0,0.87881727,0.0,0.0,0.857897892,0.0,0.0,0.86857307,0.0,0.0,0.87881727,0.0,0.0,0.867088865,0.0,0.0,0.887963081,0.0,0.0,0.87881727,0.0,0.0,0.0,0.0,0.0,0.0,0.0,0.0,0.0,0.0,0.0,1.781058075,0,0.0,0.0,0.0,0.0,0.0,1.781058075,0,0.0,0.0,0.0,1.781058075,0,0.0,0.0,1.781058075,0,0.0,0.0,-2.0,1.983457993,-1,0.0,0.0,0.0,1.781058075,0,0.0,0.0,0.0,1.781058075,0,0.0,0.666913093,-0.213432488,0.676774324,-10.47827184,0.896806537,0.004762,0.0,0.0,0.0,-2.0,2.001117937,-1,0.0,0.0,0.0,1.795979022,0,0.0,0,0.0,0.0,0.0,0.0,0.0,0.0,0.0,0.0,0.0,0.0,0.0,0.0,0.0,-0.00122036,0.0,-0.000711772,0.0,0.0,0.0,0.0,0.0,0.0,0.0,0.0,0.0,0.0,0.0,0.0,0.0,0.0,0.0,0.0
232.4299927,1,1,1,1,1,0.784713886,0.215286114,0.799044966,0.905818334,0.50619814,0,0,0,0,0,0,0,0,0,0,0,0,0,1,1,1,1,0.795956549,-0.571594759,0.796560452,-0.684509712,0.828829275,-0.907243667,0.795956549,-0.571594759,0.796434384,-0.635899884,0.797869862,-0.541902628,0.795956549,-0.571594759,0.50619814,1.562514565,0.0,0.0,0.77483847,0.0,0.0,0.736759151,0.0,0.0,0.667043776,0.0,0.0,0.77483847,0.0,0.0,0.75291733,0.0,0.0,0.785174569,0.0,0.0,0.77483847,0.0,0.0,0.00080989,0.000638597,0.000617495,0.00080989,0.000694301,0.000821951,0.00080989,85.18879484,85.18879484,221.9655351,0,0.0,0.0,73.92738274,73.92738274,0.0,221.9655351,0,0.0,8.241243367,8.241243367,221.9655351,0,65.69039121,65.69039121,221.9655351,0,0.0,55.04159852,55.04159852,221.9655351,0,0.0,62.94008149,62.94008149,221.9655351,0,0.0,20.68424902,20.68424902,221.9655351,0,0.0,0.795400449,-0.477771637,0.788339097,-11.27708677,0.807972082,0.006519722,0.000946968,0.000336365,77.23480596,77.23480596,221.9655351,0,0.0,29.86755166,29.86755166,222.8167993,0,0.0,1,0.0,0.0,0.0,0.0,0.0,0.0,0.0,0.0,0.0,0.0,0.0,0.0,0.0,0.0,0.0,0.0,0.0,0.0,0.0,0.0,0.0,0.0,0.0,0.0,0.0,0.0,0.0,0.0,0.0,0.0,0.0,1.0
88.23999786,1,1,1,1,1,0.780667534,0.219332466,0.825937096,0.527992717,0.648864462,0,0,0,0,0,0,0,0,0,0,0,0,0,1,1,1,1,0.815435969,-0.645199919,0.816899454,-0.77696888,0.67758629,-0.353777406,0.815435969,-0.645199919,0.817242162,-0.723924023,0.821751395,-0.629347835,0.815435969,-0.645199919,0.648864462,1.705180887,0.0,0.0,0.708698838,0.0,0.0,0.66057414,0.0,0.0,0.827951409,0.0,0.0,0.708698838,0.0,0.0,0.67954121,0.0,0.0,0.71471972,0.0,0.0,0.708698838,0.0,0.0,0.000998742,0.000812169,0.001096639,0.000998742,0.000889121,0.001037772,0.000998742,105.0532871,105.0532871,84.54856461,1,0.0,0.0,94.02099322,94.02099322,0.0,84.54856461,1,0.0,14.63603429,14.63603429,84.54856461,0,81.008207,81.008207,84.54856461,1,0.0,70.48625647,70.48625647,84.54856461,1,0.0,79.46635148,79.46635148,84.54856461,1,0.0,25.50744326,25.50744326,84.54856461,0,0.0,0.813819577,-0.535640214,0.790485644,-11.29245626,0.75137099,0.002414028,0.001140641,0.000172094,93.03076037,93.03076037,84.54856461,1,0.0,15.28115365,15.28115365,85.4168631,0,0.0,1,0.0,0.0,0.0,0.0,0.0,0.0,0.0,0.0,0.0,0.006504421,0.00943251,0.0,0.006504421,0.008188531,0.00618873,0.004482976,0.0,0.0,0.0,0.0,0.0,0.0,0.0,0.0,0.0,0.0,0.0,0.0,0.0,0.0,0.0,1.0
184.8200073,1,1,1,1,1,0.900360144,0.099639856,0.999204138,0.903725408,0.371042725,0,0,739,0,739,0,185,0,0,0,0,185,739,1,1,1,1,0.975967959,-3.232017188,0.979846744,-4.202549778,0.931309316,-2.111435964,0.975967959,-3.232017188,0.979703306,-3.894213567,0.990080229,-4.318310675,0.975967959,-3.232017188,0.371042725,1.42735915,0.0,0.0,0.316625462,0.0,0.0,0.224164207,0.0,0.0,0.471751088,0.0,0.0,0.316625462,0.0,0.0,0.250158042,0.0,0.0,0.215118301,0.0,0.0,0.316625462,0.0,0.0,0.000242877,0.00013529,0.00030137,0.000242877,0.000160578,0.000160486,0.000242877,25.54715618,25.54715618,173.5372589,0,0.0,-186.0536275,15.66186681,-723.3381332,0.0,185.0691532,-4,0.0,4.022156721,4.022156721,173.5372589,0,19.69980544,19.69980544,173.5372589,0,0.0,12.73004529,12.73004529,173.5372589,0,0.0,12.28903902,12.28903902,173.5372589,0,0.0,6.202972364,-178.7970276,186.0536275,-1,0.0,0.972140402,-2.50621311,0.922512573,-12.23778227,0.409927175,0.012848593,0.000367544,0.000474261,29.97693682,29.97693682,173.5372589,0,0.0,42.11209778,-142.8879022,183.572093,-1,0.0,0,0.0,0.0,0.0,0.0,0.0,0.0,0.0,0.0,0.0,0.0,-1.10383904,0.0,0.0,0.0,0.0,0.0,-1.0,-0.163217736,0.0,0.0,0.0,-1.753108869,0.0,-185.0691532,0.0,0.0,0.0,0.0,0.0,-183.572093,0.0,1.0
294.7000122,1,1,1,1,1,0.819527811,0.180472189,0.906486271,0.790288824,0.60459886,0,0,0,0,0,0,0,0,0,0,0,0,0,1,1,1,1,0.886072835,-1.062372863,0.88945345,-1.303364398,0.834393889,-0.941016537,0.886072835,-1.062372863,0.889366285,-1.210864879,0.898465823,-1.105592576,0.886072835,-1.062372863,0.60459886,1.660915284,0.0,0.0,0.583322616,0.0,0.0,0.516186851,0.0,0.0,0.620367983,0.0,0.0,0.583322616,0.0,0.0,0.540989671,0.0,0.0,0.570670549,0.0,0.0,0.583322616,0.0,0.0,0.000751336,0.000571253,0.000737691,0.000751336,0.00063708,0.000750895,0.000751336,79.02966991,79.02966991,285.5662793,0,0.0,0.0,66.13127301,66.13127301,0.0,285.5662793,0,0.0,9.845408707,9.845408707,285.5662793,0,60.94099516,60.94099516,285.5662793,0,0.0,50.50539196,50.50539196,285.5662793,0,0.0,57.49906508,57.49906508,285.5662793,0,0.0,19.18878387,19.18878387,285.5662793,0,0.0,0.882720105,-0.867171582,0.839002508,-11.63984186,0.644051989,0.002723894,0.000904468,0.000176172,73.76847201,73.76847201,285.5662793,0,0.0,15.64323138,15.64323138,287.3444582,0,0.0,1,0.0,0.0,0.0,0.0,0.0,0.0,0.0,0.0,0.0,0.0,0.0,0.0,0.0,0.0,0.0,0.0,0.0,0.0,0.0,0.0,0.0,0.0,0.0,0.0,0.0,0.0,0.0,0.0,0.0,0.0,0.0,1.0
772.1300049,1,1,1,1,1,0.697478992,0.302521008,0.883804218,0.863541231,0.882214869,772,0,772,0,772,0,772,772,772,0,772,0,1544,1,1,1,1,0.835515221,-0.734728491,0.843498745,-0.924916985,0.80749527,-0.792035331,0.835515221,-0.734728491,0.843020559,-0.857109601,0.864508081,-0.842504659,0.835515221,-0.734728491,0.882214869,1.938531294,,,0.614873154,,,0.542140073,,,0.591985914,,,0.614873154,,,0.567027718,,,0.572536018,,,0.614873154,,,0.001343629,0.001113529,0.001326631,0.001343629,0.001239918,0.001343819,0.001343629,141.3303807,-630.6696193,779.3069893,-1,,-779.3069893,128.9080144,-643.0919856,,778.7160731,-1,,17.70555801,17.70555801,758.1527137,0,108.9820324,-663.0179676,779.3069893,-1,,98.29610898,-673.703891,778.8841499,-1,,102.9016264,102.9016264,758.1527137,0,,34.31569602,-737.684304,779.3069893,-1,,0.827796907,-0.585757371,0.735361575,-10.89776241,0.678595037,0.000736528,0.001506032,8.44e-05,122.8321191,-649.1678809,779.6963921,-1,,7.494858434,7.494858434,761.2971033,0,,0,,,,,,,,,,-0.008434781,-0.013366741,0.0,-0.008434781,-0.011478701,0.0,-0.00536112,0.0,-0.008434781,,,,-4.187955468,0.0,0.0,0.0,0.0,0.0,0.0,0.0,0.0,0.0,1.0
31.69000053,1,1,1,1,1,0.828331333,0.171668667,0.896935933,0.843449142,0.329268175,0,0,0,0,0,0,0,0,0,0,0,349,0,1,1,1,1,0.881118196,-1.020792789,0.883781807,-1.244185794,0.854860668,-1.082252946,0.881118196,-1.020792789,0.883669706,-1.15567994,0.890749664,-1.034715492,0.881118196,-1.020792789,0.329268175,1.3855846,0.0,0.0,0.716839629,0.0,0.0,0.666472408,0.0,0.0,0.702614676,0.0,0.0,0.716839629,0.0,0.0,0.685989594,0.0,0.0,0.713592195,0.0,0.0,0.716839629,0.0,0.0,0.000496757,0.000357164,0.000397386,0.000496757,0.000390962,0.000476328,0.000496757,52.25164831,52.25164831,30.18359946,2,0.0,0.0,41.34715856,41.34715856,0.0,30.18359946,1,0.0,5.303620143,5.303620143,30.18359946,0,40.29205044,40.29205044,30.18359946,1,0.0,30.99402394,30.99402394,30.18359946,1,0.0,36.47431026,36.47431026,30.18359946,1,0.0,12.68695146,12.68695146,30.18359946,0,0.0,0.878490511,-0.83856246,0.844025841,-11.67580943,0.760732277,0.02219829,0.000624652,0.000734068,50.94670931,50.94670931,30.18359946,2,0.0,65.18172425,-283.8182757,31.36511926,-9,0.0,1,0.0,0.0,0.0,0.0,0.0,0.0,0.0,0.0,0.0,0.03256306,0.024187473,0.0,0.01628153,0.020868689,0.01672869,0.021974594,-9.0,0.0,0.0,0.0,0.0,0.097298835,0.0,0.0,0.0,0.0,0.0,0.0,0.0,-282.2860734,0.0,1.0
41.29000092,1,1,1,1,1,0.753501401,0.246498599,0.798647035,0.96442026,0.576444271,0,0,0,0,0,0,0,0,0,0,0,0,0,1,1,1,1,0.788509075,-0.546200399,0.790349902,-0.65902059,0.833369909,-0.934670198,0.788509075,-0.546200399,0.790108698,-0.611795239,0.794731173,-0.531574345,0.788509075,-0.546200399,0.576444271,1.632760696,0.0,0.0,0.765070797,0.0,0.0,0.723901812,0.0,0.0,0.632393867,0.0,0.0,0.765070797,0.0,0.0,0.740858052,0.0,0.0,0.770576644,0.0,0.0,0.765070797,0.0,0.0,0.000929466,0.000748159,0.000701084,0.000929466,0.000814722,0.00095106,0.000929466,97.76641013,97.76641013,39.80114868,2,0.0,39.80114868,86.6108713,86.6108713,0.0,39.80114868,2,0.0,9.356851826,9.356851826,39.80114868,0,75.389184,75.389184,39.80114868,2,0.0,64.58814569,64.58814569,39.80114868,2,0.0,72.82646059,72.82646059,39.80114868,2,0.0,23.73815449,23.73815449,39.80114868,1,0.0,0.786759046,-0.453260779,0.764293595,-11.10491857,0.800738232,0.004320287,0.001069001,0.000262288,87.18783821,87.18783821,39.80114868,2,0.0,23.28994208,23.28994208,40.06271526,1,0.0,1,0.0,0.0,0.0,0.0,0.0,0.0,0.0,0.0,0.0,0.009322965,0.013572129,0.0,0.009322965,0.011696669,0.008830353,0.006420167,1.0,0.004661482,0.0,0.0,0.0,0.026374294,0.0,0.0,0.0,0.0,0.0,0.0,0.0,40.06271526,0.0,1.0
144.0299988,1,1,1,1,1,0.894357743,0.105642257,0.970155193,0.83842612,0.595283787,0,0,0,0,0,0,0,0,0,0,0,0,0,1,1,1,1,0.952603853,-2.150141805,0.955493767,-2.677524354,0.89572963,-1.486614123,0.952603853,-2.150141805,0.955455616,-2.487872907,0.963270046,-2.381023214,0.952603853,-2.150141805,0.595283787,1.651600211,,,0.33999576,,,0.260948163,,,0.474306912,,,0.33999576,,,0.286998898,,,0.302805182,,,0.33999576,,,0.000429581,0.00028236,0.00055115,0.000429581,0.000330449,0.000390132,0.000429581,45.18573243,45.18573243,136.79218,0,,0.0,32.68748742,32.68748742,,136.79218,0,,7.355790726,7.355790726,136.79218,0,34.84341393,34.84341393,136.79218,0,,26.19681754,26.19681754,136.79218,0,,29.87395589,29.87395589,136.79218,0,,10.97131311,10.97131311,136.79218,0,,0.949718199,-1.730688225,0.911528571,-12.15913572,0.419637706,0.002241116,0.000579581,0.000141962,47.27071965,47.27071965,136.79218,0,,12.6055142,12.6055142,138.8652202,0,,1,,,,,,,,,,0.0,0.0,0.0,0.0,0.0,0.0,0.0,0.0,0.0,,,,0.0,0.0,0.0,0.0,0.0,0.0,0.0,0.0,0.0,0.0,1.0
267.25,0,0,0,0,0,0.180472189,0.819527811,0.072423398,0.725408121,0.574428578,0,0,0,0,0,0,0,0,0,0,0,0,0,1,1,1,1,0.08324829,1.400643998,0.081204641,1.706041752,0.148573455,1.056438861,0.08324829,1.400643998,0.081249628,1.585386951,0.076267253,1.410507405,0.08324829,1.400643998,0.574428578,1.630745003,,,1.983705764,,,2.303241515,,,1.676381593,,,1.983705764,,,2.171271253,,,1.993297423,,,1.983705764,,,0.002399796,0.002368684,0.001849081,0.002399796,0.002375966,0.002448811,0.002399796,252.4239357,252.4239357,262.5119292,1,,0.0,274.2115623,274.2115623,,262.9955344,1,,24.67830991,24.67830991,261.5275374,0,194.647983,194.647983,262.5119292,1,,188.3578464,188.3578464,262.8984488,1,,187.5152822,187.5152822,262.2936479,1,,61.28974537,61.28974537,262.5119292,0,,0.085398864,1.149871164,0.132634929,-6.582179354,1.754755458,0.039997872,0.00233408,0.002417229,190.3677953,190.3677953,261.9027362,1,,214.638272,214.638272,256.0741219,1,,1,,,,,,,,,,0.030653181,0.045477788,0.0,0.030653181,0.039272684,0.031086424,0.020659433,0.676954454,0.0,,,,0.0,0.0,0.0,0.0,0.0,0.0,0.0,0.0,256.0741219,0.0,1.0
344.6700134,1,1,1,1,1,0.585034014,0.414965986,0.891762833,0.553369611,0.958752946,0,0,2068,0,2068,0,345,2757,2413,2068,3102,345,2068,1,1,1,1,0.800673648,-0.588411828,0.814782823,-0.766628426,0.643353982,-0.2752176,0.800673648,-0.588411828,0.814331005,-0.710707533,0.854131995,-0.78186065,0.800673648,-0.588411828,0.958752946,2.015069371,,,0.662143567,,,0.584416723,,,0.824620327,,,0.662143567,,,0.607769362,,,0.578212693,,,0.662143567,,,0.001651813,0.001401516,0.002165924,0.001651813,0.001551911,0.001568902,0.001651813,173.7468484,173.7468484,321.7811277,1,,-357.060603,162.2469732,-1905.753027,,355.6600249,-5,,28.90698135,28.90698135,321.7811277,0,133.9788697,-2623.02113,357.060603,-7,,123.0297709,-2289.970229,356.6290041,-6,,120.1371477,-1947.862852,355.5414517,-5,,42.18657026,-302.8134297,357.060603,-1,,0.787086704,-0.454162983,0.638241265,-10.20237128,0.727449325,0.000786177,0.001810591,0.000103979,147.6719519,-2954.328048,357.9472899,-8,,9.232863089,-335.7671369,340.5449848,-1,,0,,,,,,,,,,0.00540982,-0.045915558,0.0,-0.03786874,-0.047353612,-0.047758287,-0.025783002,-1.0,-0.00540982,,,,0.0,0.0,0.0,0.0,0.0,0.0,0.0,0.0,-340.5449848,0.0,1.0
154.5500031,1,1,1,1,1,0.893557423,0.106442577,0.94747314,0.632900795,0.682212566,0,0,0,0,0,0,0,0,0,0,0,0,0,1,1,1,1,0.934994462,-1.707954094,0.936793387,-2.082057323,0.792313992,-0.721295442,0.934994462,-1.707954094,0.937119569,-1.943339096,0.942515513,-1.755694792,0.934994462,-1.707954094,0.682212566,1.738528991,,,0.388848365,,,0.316174936,,,0.671054609,,,0.388848365,,,0.341385485,,,0.378716148,,,0.388848365,,,0.000585517,0.000420055,0.000962286,0.000585517,0.000482693,0.000591256,0.000585517,61.58791016,61.58791016,147.0816028,0,,0.0,48.62784692,48.62784692,,147.0816028,0,,12.84291193,12.84291193,147.0816028,0,47.49138569,47.49138569,147.0816028,0,,38.26616595,38.26616595,147.0816028,0,,45.27487729,45.27487729,147.0816028,0,,14.95384073,14.95384073,147.0816028,0,,0.933047882,-1.400166912,0.905373908,-12.11506772,0.461004536,0.001230778,0.000741148,9.43e-05,60.44813416,60.44813416,147.0816028,0,,8.369994633,8.369994633,149.2337373,0,,1,,,,,,,,,,0.0,0.0,0.0,0.0,0.0,0.0,0.0,0.0,0.0,,,,0.0,0.0,0.0,0.0,0.0,0.0,0.0,0.0,0.0,0.0,1.0
32.81000137,1,1,1,1,1,0.957583033,0.042416967,0.875049741,0.732105483,0.342721379,0,0,131,0,131,0,33,0,0,0,0,427,131,1,1,1,1,0.891567237,-1.111915364,0.88852521,-1.293358259,0.840198622,-0.978184753,0.891567237,-1.111915364,0.888879309,-1.205975326,0.881316957,-0.95798566,0.891567237,-1.111915364,0.342721379,1.399037804,,,0.688414476,,,0.647724428,,,0.720032095,,,0.688414476,,,0.667011438,,,0.724932346,,,0.688414476,,,0.000493087,0.000360799,0.000423694,0.000493087,0.000395142,0.000501725,0.000493087,51.86563249,51.86563249,31.07109367,2,,-33.59309209,41.76799008,-89.23200992,,33.51050825,-3,,5.654735544,5.654735544,31.07109367,0,39.9943877,39.9943877,31.07109367,1,,31.32542352,31.32542352,31.07109367,1,,38.4191262,38.4191262,31.07109367,1,,12.59322497,-20.40677503,33.59309209,-1,,0.894510073,-0.956204213,0.935636952,-12.33175414,0.725366118,0.015909886,0.000612899,0.000545275,49.98810664,49.98810664,31.07109367,2,,48.41776067,-378.5822393,31.90192868,-12,,0,,,,,,,,,,0.038636118,-0.078411356,0.0,0.019318059,0.022724633,0.014339633,0.028572703,-12.0,-0.019318059,,,,0.0,0.0,0.0,0.0,0.0,0.0,0.0,0.0,-382.8231441,0.0,1.0
156.9400024,1,1,1,1,1,0.727490996,0.272509004,0.938320732,0.75763918,0.413430034,0,0,0,0,0,0,0,157,157,157,157,0,0,1,1,1,1,0.882855236,-1.035056854,0.891854555,-1.329865774,0.796464809,-0.739843197,0.882855236,-1.035056854,0.891486731,-1.232552731,0.916052771,-1.303243599,0.882855236,-1.035056854,0.413430034,1.469746459,,,0.671265898,,,0.599225141,,,0.752084835,,,0.671265898,,,0.622106724,,,0.605399954,,,0.671265898,,,0.000569116,0.000406573,0.000541703,0.000569116,0.00044898,0.000503953,0.000569116,59.86274603,59.86274603,150.6198696,0,,0.0,47.06701221,47.06701221,,150.6198696,0,,7.229703103,7.229703103,150.6198696,0,46.16108507,-110.8389149,159.5606933,-1,,35.593475,-121.406525,159.2860078,-1,,38.58967518,-118.4103248,159.1659593,-1,,14.53496259,14.53496259,150.6198696,0,,0.874096131,-0.810446598,0.76950601,-11.14223998,0.731912135,0.013694456,0.000715636,0.000563306,58.36735864,-98.63264136,160.2217298,-1,,50.01888061,50.01888061,152.1301187,0,,1,,,,,,,,,,0.0,0.0,0.0,-0.01673973,-0.023737285,-0.026538186,-0.01026287,0.0,0.0,,,,0.0,0.0,0.0,0.0,0.0,0.0,0.0,0.0,0.0,0.0,1.0
5.690000057,0,0,0,0,0,0.173150685,0.826849315,0.354540511,0.237900875,0.308160305,0,0,0,0,0,0,0,0,0,0,0,119,0,1,1,1,1,0.288977454,0.341228018,0.298466415,0.383318138,0.234499523,0.613474082,0.288977454,0.341228018,0.297980564,0.357484367,0.325952661,0.250705943,0.288977454,0.341228018,0.308160305,1.36447673,,,1.111870547,,,1.126509781,,,1.210035815,,,1.111870547,,,1.117501933,,,1.081027674,,,1.111870547,,,0.000731097,0.000567735,0.000642628,0.000731097,0.000598921,0.000681285,0.000731097,76.90089041,76.90089041,5.204811494,15,,20.81924598,65.72402294,65.72402294,,5.217524403,13,,8.576677323,8.576677323,5.282224106,2,59.29946051,59.29946051,5.204811494,11,,47.48025701,47.48025701,5.20712834,9,,52.16872404,52.16872404,5.118678567,10,,18.67190597,18.67190597,5.204811494,4,,0.280166387,0.302369104,0.19780948,-7.048835656,1.098524099,0.111852554,0.000861938,0.003494523,70.29975594,70.29975594,5.196146981,14,,310.2968081,191.2968081,5.093101615,38,,1,,,,,,,,,,0.027289819,0.029845724,0.011760952,0.020012534,0.017971182,0.009820855,0.019999673,29.50111243,0.007277285,,,,0.015891893,0.0,0.0,0.0,0.0,0.0,0.0,0.0,152.7930485,0.0,1.0
256.980011,0,0,0,0,0,0.5030012,0.4969988,0.487465181,0.670992047,0.63166091,257,0,257,0,257,0,0,257,771,1028,257,257,514,1,1,1,1,0.490823977,0.012803787,0.490338228,0.016085559,0.545884297,-0.083117376,0.490823977,0.012803787,0.490240055,0.015106857,0.488785405,0.01466413,0.490823977,0.012803787,0.63166091,1.687977335,,,1.006725696,,,1.008456847,,,0.957418652,,,1.006725696,,,1.007940265,,,1.007706671,,,1.006725696,,,0.001370382,0.00119059,0.00121648,0.001370382,0.001266327,0.001408674,0.001370382,144.1444509,-112.8555491,263.8680172,0,,0.0,137.8290619,-119.1709381,,263.8680172,0,,16.23546332,16.23546332,250.1174382,0,111.1520052,-145.8479948,263.8680172,-1,,100.3897943,-670.6102057,263.8680172,-3,,107.8678155,-920.1321845,263.8680172,-3,,34.9989658,34.9989658,250.1174382,0,,0.491357202,0.010114341,0.499368995,-9.208031942,1.005309215,0.008061224,0.001480999,0.000553511,120.7904127,-136.2095873,263.8680172,-1,,49.14912541,-207.8508746,255.8065546,-1,,1,,,,,,,,,,0.0,0.0,0.0,-2.56e-06,-1.07e-05,-1.01e-05,-1.6e-06,-1.0,0.0,,,,0.0,0.0,0.0,0.0,0.0,0.0,0.0,0.0,-255.8065546,0.0,1.0
356.2999878,1,1,1,1,1,0.699879952,0.300120048,0.72264226,0.765592298,0.85146823,0,0,0,0,0,0,0,0,0,0,0,0,0,1,1,1,1,0.717618004,-0.355593675,0.718514687,-0.426635401,0.729510789,-0.49372304,0.717618004,-0.355593675,0.718421354,-0.396415031,0.720702709,-0.33962309,0.717618004,-0.355593675,0.85146823,1.907784655,,,0.794777451,,,0.759130163,,,0.726936032,,,0.794777451,,,0.774094441,,,0.803018877,,,0.794777451,,,0.001644344,0.001462599,0.001525691,0.001644344,0.00158774,0.001775271,0.001644344,172.9612774,172.9612774,343.9536895,1,,0.0,169.3182822,169.3182822,,343.9536895,0,,20.36227203,20.36227203,343.9536895,0,133.3731038,133.3731038,343.9536895,0,,125.870212,125.870212,343.9536895,0,,135.9396259,135.9396259,343.9536895,0,,41.99582984,41.99582984,343.9536895,0,,0.716753654,-0.296640339,0.705383349,-10.68311531,0.825626603,0.0010071,0.001747625,0.000108782,142.5364828,142.5364828,343.9536895,0,,9.659352577,9.659352577,346.4111144,0,,1,,,,,,,,,,0.001975732,0.0,0.0,0.0,0.0,0.0,0.0,0.0,0.0,,,,0.0,0.0,0.0,0.0,0.0,0.0,0.0,0.0,0.0,0.0,1.0
102.2089996,1,1,1,1,1,0.768307323,0.231692677,0.907680064,0.822101298,0.595843914,511,204,307,0,511,0,0,408,510,0,204,613,1022,1,1,1,1,0.873358427,-0.960853641,0.879060929,-1.198267248,0.828587465,-0.905814821,0.873358427,-0.960853641,0.878791649,-1.111678002,0.89409355,-1.064446147,0.873358427,-0.960853641,0.595843914,1.652160339,,,0.617282204,,,0.547917535,,,0.634578118,,,0.617282204,,,0.572263668,,,0.585996718,,,0.617282204,,,0.000780835,0.000593681,0.000738413,0.000780835,0.000659797,0.000755953,0.000780835,82.13253371,-428.8674663,103.3744214,-4,,0.0,68.72768143,-442.2723186,,103.2524363,-4,,9.855048825,9.855048825,99.67596995,0,63.33366121,-344.6663388,103.3744214,-3,,52.30631801,-457.693682,103.2833481,-4,,57.88633132,57.88633132,99.67596995,1,,19.94217412,19.94217412,99.67596995,0,,0.867783345,-0.772648389,0.798144443,-11.34729403,0.678456996,0.00335504,0.00093799,0.000212789,76.50257709,-127.4974229,103.5564464,-1,,18.89465096,-594.105349,100.8506538,-6,,1,,,,,,,,,,-0.057702482,-0.089740275,0.0,-0.043276862,-0.077239249,0.017703837,-0.009327899,-6.0,0.0,,,,0.268344796,0.0,0.0,0.0,0.0,0.0,0.0,0.0,-605.103923,0.0,1.0
121.3199997,1,1,1,1,1,0.690676271,0.309323729,0.791484282,0.669317706,0.608270715,0,0,0,0,0,0,0,0,0,0,0,0,0,1,1,1,1,0.767181469,-0.480263787,0.771189023,-0.586970946,0.711863092,-0.442626257,0.767181469,-0.480263787,0.771071144,-0.545323036,0.781890164,-0.491662053,0.767181469,-0.480263787,0.608270715,1.66458714,0.0,0.0,0.782914768,0.0,0.0,0.741480089,0.0,0.0,0.798075386,0.0,0.0,0.782914768,0.0,0.0,0.757384562,0.0,0.0,0.778380549,0.0,0.0,0.782914768,0.0,0.0,0.001016061,0.000827862,0.000957637,0.001016061,0.000899833,0.001032707,0.001016061,106.8749196,106.8749196,114.9300396,1,0.0,0.0,95.83775067,95.83775067,0.0,114.9300396,1,0.0,12.78086977,12.78086977,114.9300396,0,82.4128959,82.4128959,114.9300396,1,0.0,71.33545946,71.33545946,114.9300396,1,0.0,79.07849175,79.07849175,114.9300396,1,0.0,25.9497444,25.9497444,114.9300396,0,0.0,0.763224,-0.393347921,0.712661921,-10.73523062,0.818369687,0.00420943,0.001156808,0.000274486,94.34938163,94.34938163,114.9300396,1,0.0,24.37301022,24.37301022,116.4911771,0,0.0,1,0.0,0.0,0.0,0.0,0.0,0.0,0.0,0.0,0.0,0.003603958,0.005383358,0.0,0.003603958,0.004646519,0.003777056,0.00241754,0.0,0.0,0.0,0.0,0.0,0.0,0.0,0.0,0.0,0.0,0.0,0.0,0.0,0.0,0.0,1.0
13.98999977,1,1,1,1,1,0.819713564,0.180286436,0.868442964,0.299907149,-0.060839535,70,0,462,0,462,0,0,28,42,28,14,937,532,1,1,1,1,0.856465702,-0.848353299,0.857324181,-1.018399816,0.513310787,-0.02397216,0.856465702,-0.848353299,0.858797026,-0.956850697,0.863428833,-0.835860828,0.856465702,-0.848353299,-0.056316425,1.0,,,1.0,,,1.0,,,1.0,,,1.0,,,1.0,,,1.0,,,1.0,,,0.000227163,0.000145349,0.000148525,0.000227163,0.000154415,0.000196845,0.000227163,23.89422591,-46.10577409,14.43504491,-3,,0.0,16.82634043,-445.1736596,,14.37676977,-31,,1.982255807,1.982255807,13.14426643,0,18.42520546,-9.574794539,14.43504491,-1,,12.24146475,-29.75853525,14.39120662,-2,,15.07322606,-12.92677394,14.43427714,-1,,5.801632948,5.801632948,13.14426643,0,,0.85498327,-0.704074963,0.828350749,-11.5635742,1.0,1.0,0.000312641,0.009890513,25.49899147,11.49899147,13.14426643,1,,878.2299542,-58.77004584,13.79348944,-4,,1,,,,,,,,,,-0.033736093,-0.502363808,0.0,-0.011245364,-0.028611352,-0.010916614,0.007745649,-4.0,0.0,,,,0.168137301,0.0,-14.37676977,0.0,0.0,0.0,0.0,0.0,-55.17395776,0.0,1.0
30.37000084,0,0,0,0,0,0.282112845,0.717887155,0.118981297,0.575554625,0.499560077,0,0,30,0,30,0,0,0,0,0,0,0,30,1,1,1,1,0.136063275,0.895396704,0.132843404,1.094023402,0.223656137,0.654785358,0.136063275,0.895396704,0.132925362,1.016498696,0.125065002,0.911276482,0.136063275,0.895396704,0.499560077,1.555876502,,,1.485572637,,,1.621904489,,,1.335680233,,,1.485572637,,,1.567265093,,,1.496037273,,,1.485572637,,,0.001530332,0.001382066,0.001215068,0.001530332,0.00142082,0.001541342,0.001530332,160.9688248,160.9688248,29.8330143,5,,29.8330143,159.995368,129.995368,,29.86891964,4,,16.21661466,16.21661466,29.75118897,1,124.125539,124.125539,29.8330143,4,,112.6374034,112.6374034,29.85835612,4,,118.0267022,118.0267022,29.81014985,4,,39.0840047,39.0840047,29.8330143,1,,0.139440208,0.732732318,0.211830013,-7.149224079,1.382503935,0.042415719,0.00160004,0.002154095,130.4994009,130.4994009,29.80944384,4,,191.2732361,191.2732361,29.38839146,7,,1,,,,,,,,,,0.062635567,0.07480545,0.006699123,0.050108454,0.06457935,0.051901552,0.033556041,5.590309914,0.012527113,,,,1.162403924,0.0,0.0,0.0,0.0,0.0,0.0,0.0,176.3303487,0.0,1.0
22.65999985,0,0,0,0,0,0.330132053,0.669867947,0.321925985,0.551276685,0.461432047,0,0,0,0,0,0,0,0,0,0,0,0,0,1,1,1,1,0.323746625,0.271677505,0.323529893,0.324627444,0.381268019,0.223239616,0.323746625,0.271677505,0.323414847,0.302046583,0.322655449,0.256475711,0.323746625,0.271677505,0.461432047,1.517748472,,,1.120025501,,,1.14504467,,,1.097617379,,,1.120025501,,,1.134307443,,,1.112944093,,,1.120025501,,,0.001059908,0.000883515,0.000901925,0.001059908,0.000931067,0.001044919,0.001059908,111.4869943,111.4869943,21.65519566,5,,21.65519566,102.2804236,102.2804236,,21.72932639,5,,12.03732181,12.03732181,21.59497083,1,85.96933772,85.96933772,21.65519566,4,,73.81156688,73.81156688,21.7230064,3,,80.01365488,80.01365488,21.61468591,4,,27.06957831,27.06957831,21.65519566,1,,0.324014512,0.227438333,0.328343347,-7.983471199,1.099541895,0.035759923,0.001182419,0.001656739,96.4382422,96.4382422,21.62080752,4,,147.1104156,147.1104156,21.49978369,7,,1,,,,,,,,,,0.005766302,0.008233045,0.000778686,0.004613042,0.004276506,0.004111237,0.003233012,6.971104479,0.00115326,,,,0.191972982,0.0,0.0,0.0,0.0,0.0,0.0,0.0,150.4984858,0.0,1.0
336.9599915,1,1,1,1,1,0.538615446,0.461384554,0.81138082,0.777312683,0.91678198,0,337,2696,0,3033,0,1011,1685,2022,1011,1685,337,3033,1,1,1,1,0.731261892,-0.386750024,0.743988296,-0.498466879,0.688244843,-0.380138837,0.731261892,-0.386750024,0.743220037,-0.461282837,0.778442984,-0.481536437,0.731261892,-0.386750024,0.91678198,1.973098405,0.0,0.0,0.76886699,0.0,0.0,0.712653014,0.0,0.0,0.772329279,0.0,0.0,0.76886699,0.0,0.0,0.730891564,0.0,0.0,0.720900165,0.0,0.0,0.76886699,0.0,0.0,0.001784829,0.001571011,0.001860855,0.001784829,0.001715447,0.001807819,0.001784829,187.7383041,187.7383041,322.0324788,1,0.0,-1041.341504,181.8686856,-2851.131314,0.0,346.230957,-8,0.0,24.83545118,24.83545118,322.0324788,0,144.7678966,-1540.232103,347.1138347,-4,0.0,135.9943741,-1886.005626,346.4463087,-5,0.0,138.4319383,-872.5680617,346.2700812,-3,0.0,45.58376298,-965.416237,347.1138347,-3,0.0,0.719143705,-0.301078778,0.586821044,-9.834197357,0.814961282,0.001251552,0.001905848,0.000153124,155.4411141,-1529.558886,347.5580827,-4,0.0,13.59666054,-323.4033395,333.9997024,-1,0.0,0,0.0,0.0,0.0,0.0,0.0,0.0,0.0,0.0,0.0,0.002337118,-0.031058654,0.0,-0.009348474,-0.016623582,-0.01086925,-0.005665527,-1.0,-0.007011355,0.0,0.0,0.0,-19.40761796,0.0,0.0,0.0,0.0,0.0,0.0,0.0,-333.9997024,0.0,1.0
24.95999908,0,0,0,0,0,0.418967587,0.581032413,0.097493036,0.707827543,-0.15730907,0,0,0,0,0,0,0,0,0,0,0,1597,0,1,1,1,1,0.116964973,1.036552157,0.11313114,1.275822249,0.218340408,0.676122239,0.116964973,1.036552157,0.113252182,1.184960765,0.104210829,1.080085467,0.116964973,1.036552157,-0.056316425,1.0,,,1.0,,,1.0,,,1.0,,,1.0,,,1.0,,,1.0,,,1.0,,,0.000227163,0.000145349,0.000148525,0.000227163,0.000154415,0.000196845,0.000227163,23.89422591,23.89422591,24.58618254,1,,0.0,16.82634043,16.82634043,,24.63364205,1,,1.982255807,1.982255807,24.50031481,0,18.42520546,18.42520546,24.58618254,1,,12.24146475,12.24146475,24.61193312,0,,15.07322606,15.07322606,24.58064272,1,,5.801632948,5.801632948,24.58618254,0,,0.121052477,0.841578092,0.232830226,-7.299587699,1.0,1.0,0.000312641,0.009890513,25.49899147,25.49899147,24.55241915,1,,878.2299542,-718.7700458,24.85068328,-29,,1,,,,,,,,,,0.016788131,0.025433163,0.0,0.016788131,0.0,0.018227885,0.011066464,-24.1443037,0.0,,,,0.0,0.0,0.0,0.0,0.0,0.0,0.0,0.0,-596.4163987,0.0,1.0
103.3499985,1,1,1,1,1,0.56142457,0.43857543,0.61798647,0.484721641,0.757595995,0,0,0,0,0,0,0,1137,827,1034,827,0,0,1,1,1,1,0.604710323,-0.151073112,0.606851076,-0.184195542,0.546864017,-0.084915452,0.604710323,-0.151073112,0.60687431,-0.171287323,0.612756006,-0.153274626,0.604710323,-0.151073112,0.757595995,1.81391242,,,0.913965976,,,0.896115579,,,0.950691211,,,0.913965976,,,0.903030261,,,0.912768578,,,0.913965976,,,0.001591236,0.001410909,0.001622432,0.001591236,0.001513365,0.001670508,0.001591236,167.3750767,167.3750767,97.92248618,2,,0.0,163.3343666,163.3343666,,97.92248618,2,,21.6533984,21.6533984,97.92248618,0,129.0654985,-1007.934502,108.7021204,-9,,119.9739993,-707.0260007,108.4563908,-7,,127.9174582,-906.0825418,108.5824508,-8,,40.63947346,40.63947346,97.92248618,0,,0.602553469,-0.123922412,0.574006837,-9.742446354,0.928862955,0.003023044,0.0016933,0.000270912,138.1057279,-688.8942721,109.0812958,-6,,24.05567336,24.05567336,98.64200244,0,,1,,,,,,,,,,0.000713221,0.00106025,0.0,-0.003209496,-0.003208991,-0.002936639,-0.001439697,0.0,0.0,,,,0.426668342,0.0,0.0,0.0,0.0,0.0,0.0,0.0,0.0,0.0,1.0
193.2200012,0,0,0,0,0,0.178871549,0.821128451,0.103461998,0.139388866,1.002077078,9275,4444,15071,0,19515,0,2512,10820,9468,7149,8695,0,28790,1,1,1,1,0.113862204,1.062936748,0.111933322,1.288463215,0.133923286,1.173712473,0.113862204,1.062936748,0.112020541,1.197027556,0.107250369,1.052324189,0.113862204,1.062936748,1.002077078,2.058393503,,,2.154075199,,,2.534952427,,,2.333416135,,,2.154075199,,,2.373024037,,,2.137634853,,,2.154075199,,,0.005779161,0.006619239,0.006687423,0.005779161,0.006598154,0.006281077,0.005779161,607.8843495,-8667.11565,208.4998477,-42,,-2293.498325,766.2784691,-18748.72153,,208.4998477,-90,,89.25207988,89.25207988,187.0881903,0,468.7489805,-10351.25102,208.4998477,-50,,523.0773959,-8944.922604,208.4998477,-43,,480.967227,-6668.032773,208.4998477,-32,,147.5972431,-2364.402757,208.4998477,-11,,0.115839982,0.87728266,0.15192085,-6.720268475,1.883879112,0.007816367,0.004993724,0.001118468,407.2886252,-8287.711375,208.4998477,-40,,99.31461809,99.31461809,179.6219533,1,,0,,,,,,,,,,-0.74145391,-2.334568297,0.0,-0.882683226,-0.962712871,-0.5536931,-0.481015541,0.705656381,-0.19419031,,,,988.5247692,-208.4998477,-416.9996954,0.0,-208.4998477,-208.4998477,-208.4998477,0.0,179.6219533,0.0,1.0
20.26000023,0,0,0,0,0,0.910798122,0.089201878,0.86784141,0.982608696,-0.854840649,0,0,0,0,0,0,0,20,20,0,20,1661,0,1,1,1,1,0.876847284,-0.98706952,0.875347884,-1.164079816,0.91996554,-1.86729846,0.876847284,-0.98706952,0.875342166,-1.082202325,0.871318616,-0.886434244,0.876847284,-0.98706952,-0.056316425,1.0,,,1.0,,,1.0,,,1.0,,,1.0,,,1.0,,,1.0,,,1.0,,,0.000227163,0.000145349,0.000148525,0.000227163,0.000154415,0.000196845,0.000227163,23.89422591,23.89422591,18.54916048,1,,0.0,16.82634043,16.82634043,,18.54916048,1,,1.982255807,1.982255807,18.54916048,0,18.42520546,-1.574794539,21.38286894,0,,12.24146475,-7.758535246,21.29709469,0,,15.07322606,15.07322606,18.54916048,1,,5.801632948,5.801632948,18.54916048,0,,0.878369551,-0.837767269,0.900106997,-12.07735611,1.0,1.0,0.000312641,0.009890513,25.49899147,5.49899147,18.54916048,0,,878.2299542,-782.7700458,19.97908869,-39,,1,,,,,,,,,,0.015223535,0.021173153,0.0,0.0,0.0,0.012277589,0.0,-39.0,0.0,,,,0.004182821,0.0,0.0,0.0,0.0,0.0,0.0,0.0,-779.1844588,0.0,1.0
108.6600037,0,0,0,0,0,0.463785514,0.536214486,0.330282531,0.730431143,0.190190799,0,0,0,0,0,0,0,0,0,0,0,435,0,1,1,1,1,0.352334213,0.220618036,0.348448716,0.271190586,0.46338927,0.066165582,0.352334213,0.220618036,0.348494186,0.252039914,0.338502502,0.229323894,0.352334213,0.220618036,0.190190799,1.246507224,,,1.049813127,,,1.061577069,,,1.014686079,,,1.049813127,,,1.057106904,,,1.051828911,,,1.049813127,,,0.00050667,0.000372595,0.000371947,0.00050667,0.000394448,0.000472487,0.00050667,53.29435113,53.29435113,105.8303289,1,,0.0,43.13363842,43.13363842,,105.9613518,0,,4.964094945,4.964094945,105.3454828,0,41.09609464,41.09609464,105.8303289,0,,31.27039824,31.27039824,105.927308,0,,36.18019676,36.18019676,105.8168293,0,,12.94012472,12.94012472,105.8303289,0,,0.356328071,0.179341905,0.422614298,-8.658460634,1.040308358,0.148398785,0.000624525,0.003317609,50.93635029,50.93635029,105.7437695,0,,294.5877024,-140.4122976,108.033479,-1,,1,,,,,,,,,,0.000760505,0.0,0.0,0.0,0.0,0.0,0.0,-1.0,0.0,,,,0.0,0.0,0.0,0.0,0.0,0.0,0.0,0.0,-108.033479,0.0,1.0
31.28000069,0,0,0,0,0,0.243297319,0.756702681,0.248308794,0.219757221,0.475259458,0,0,0,0,0,0,0,0,0,0,0,0,0,1,1,1,1,0.247188414,0.440576652,0.24735827,0.525123814,0.235867634,0.608458058,0.247188414,0.440576652,0.247378198,0.488151461,0.247868091,0.411132895,0.247188414,0.440576652,0.475259458,1.531575883,,,1.206612191,,,1.250894391,,,1.296131376,,,1.206612191,,,1.231333339,,,1.1915617,,,1.206612191,,,0.001177818,0.001000855,0.001105394,0.001177818,0.001048087,0.001157375,0.001177818,123.8894741,123.8894741,30.4936109,4,,30.4936109,115.8642704,115.8642704,,30.52209247,4,,14.75287459,14.75287459,30.56563906,0,95.53308079,95.53308079,30.4936109,3,,83.08845488,83.08845488,30.50695194,3,,88.6248307,88.6248307,30.43937052,3,,30.08096003,30.08096003,30.4936109,1,,0.247008692,0.369915145,0.24444638,-7.382760526,1.170807625,0.042970128,0.001293324,0.002058741,105.4836592,105.4836592,30.44613398,3,,182.806262,182.806262,30.2869096,6,,1,,,,,,,,,,0.012131737,0.017234689,0.0,0.009098802,0.01116993,0.007923293,0.006414244,5.109858093,0.003032934,,,,0.401473657,0.0,0.0,0.0,0.0,0.0,0.0,0.0,151.434548,0.0,1.0
376.3699951,1,1,1,1,1,0.775910364,0.224089636,0.91086351,0.51611553,0.977576794,753,0,1129,0,1129,0,753,753,753,753,753,0,1882,1,1,1,1,0.877454803,-0.991753902,0.882588111,-1.232302468,0.686148298,-0.374871168,0.877454803,-0.991753902,0.882891205,-1.148465546,0.897521496,-1.096475974,0.877454803,-0.991753902,0.977576794,2.033893219,,,0.494554725,,,0.416913983,,,0.766331481,,,0.494554725,,,0.442482139,,,0.459119346,,,0.494554725,,,0.001273601,0.001037716,0.002091039,0.001273601,0.001172717,0.001289895,0.001273601,133.9644572,-619.0355428,385.3047752,-2,,-770.6095505,120.1315429,-1008.868457,,384.5606435,-3,,27.90755404,27.90755404,349.524595,0,103.3020554,-649.6979446,385.3047752,-2,,92.96868824,-660.0313118,384.8479514,-2,,98.7724269,-654.2275731,384.8818041,-2,,32.52721438,-720.4727856,385.3047752,-2,,0.872204898,-0.798815427,0.804075957,-11.38976426,0.567156245,0.000307762,0.001451031,4.21e-05,118.3462597,-634.6537403,386.4720529,-2,,3.740904575,3.740904575,358.4518485,0,,0,0.000203494,0.000237834,0.005254094,0.000212746,0.000203494,0.165806136,0.000199591,0.000117421,0.000203494,-0.030736744,-0.071182939,0.0,-0.030736744,-0.04121791,-0.037570611,-0.019940815,0.0,-0.030736744,-0.035612653,0.035612653,5.73e-08,-10.17422095,0.0,0.0,0.0,0.0,0.0,0.0,0.0,0.0,0.0,1.0
86.84999847,1,1,1,1,1,0.673069228,0.326930772,0.730202945,0.759732105,0.639800413,0,0,0,0,0,0,0,87,87,955,87,87,0,1,1,1,1,0.717054131,-0.354348681,0.719322289,-0.428778442,0.720412147,-0.46685281,0.717054131,-0.354348681,0.719156045,-0.398226462,0.725075346,-0.348906758,0.717054131,-0.354348681,0.639800413,1.696116838,0.0,0.0,0.829263694,0.0,0.0,0.797286324,0.0,0.0,0.78140814,0.0,0.0,0.829263694,0.0,0.0,0.810260453,0.0,0.0,0.831651419,0.0,0.0,0.829263694,0.0,0.0,0.001147541,0.000959573,0.00101262,0.001147541,0.00103777,0.001183696,0.001147541,120.704743,120.704743,84.87794168,1,0.0,0.0,111.0852773,111.0852773,0.0,84.87794168,1,0.0,13.5146956,13.5146956,84.87794168,0,93.0772856,6.077285598,84.87794168,0,0.0,82.27062657,-4.729373433,88.62641643,0,0.0,90.64037915,-864.3596209,88.69840092,-10,0.0,29.30769201,29.30769201,84.87794168,0,0.0,0.714846665,-0.293133565,0.686243655,-10.5460732,0.856522574,0.003803143,0.001279911,0.000265828,104.3896384,17.38963837,84.87794168,0,0.0,23.60422151,-63.39577849,86.59597094,-1,0.0,1,0.0,0.0,0.0,0.0,0.0,0.0,0.0,0.0,0.0,0.001961922,0.002872671,0.0,0.0,0.0,-0.019021238,0.0,-1.0,0.0,0.0,0.0,0.0,0.222296374,0.0,0.0,0.0,0.0,0.0,0.0,0.0,-86.59597094,0.0,1.0
2.470000029,1,1,1,1,1,0.531812725,0.468187275,0.593712694,0.67768941,0.303068528,0,0,0,0,0,0,0,2,2,0,2,2,0,1,1,1,1,0.579174265,-0.112573121,0.581698423,-0.138768738,0.5975512,-0.180782992,0.579174265,-0.112573121,0.581475322,-0.128647143,0.588029132,-0.117814579,0.579174265,-0.112573121,0.303068528,1.359384952,,,0.966026907,,,0.958288409,,,0.946006132,,,0.966026907,,,0.961271073,,,0.964473533,,,0.966026907,,,0.000627129,0.000475785,0.000494764,0.000627129,0.000507535,0.000599381,0.000627129,65.96497406,65.96497406,2.148274468,31,,15.03792128,55.07938498,55.07938498,,2.148274468,26,,6.603249833,6.603249833,2.148274468,3,50.86660705,48.86660705,2.148274468,23,,40.23547488,38.23547488,2.148274468,18,,45.89697129,45.89697129,2.148274468,21,,16.0166129,16.0166129,2.148274468,7,,0.576739126,-0.091405341,0.545839428,-9.540764886,0.97232575,0.053433172,0.00075452,0.001646431,61.53872237,59.53872237,2.148274468,28,,146.1951531,144.1951531,2.220074851,65,,1,,,,,,,,,,0.006138343,0.00782306,0.001531992,0.004554254,0.004654712,0.004554465,0.003655285,65.0,0.001386077,,,,0.006769288,0.0,0.0,0.0,0.0,0.0,0.0,0.0,144.3048653,0.0,1.0
57.31999969,1,1,1,1,1,0.31372549,0.68627451,0.289295663,0.073670992,0.414865137,0,0,57,0,57,0,0,0,0,0,0,459,57,1,1,1,1,0.293732161,0.331128481,0.292307543,0.398659891,0.143682015,1.093499444,0.293732161,0.331128481,0.293218397,0.368502829,0.290808533,0.316059487,0.293732161,0.331128481,0.414865137,1.471181562,,,1.136368217,,,1.166384711,,,1.525256824,,,1.136368217,,,1.152883692,,,1.129776447,,,1.136368217,,,0.000966662,0.000794485,0.001102998,0.000966662,0.000835304,0.000943902,0.000966662,101.6788672,101.6788672,55.73744229,2,,0.0,91.97382529,34.97382529,,55.78885412,1,,14.72090115,14.72090115,56.20948343,0,78.40613984,78.40613984,55.73744229,1,,66.21984723,66.21984723,55.75554715,1,,72.27836555,72.27836555,55.69840876,1,,24.68811787,24.68811787,55.73744229,0,,0.294795498,0.275849924,0.305629306,-7.820836395,1.112373742,0.048832562,0.001090785,0.002015942,88.9645121,88.9645121,55.70002737,2,,179.0059212,-279.9940788,56.86100635,-5,,1,,,,,,,,,,0.00342644,0.002483277,0.0,0.00171322,0.002121786,0.001560837,0.002377912,-4.778553275,0.0,,,,0.016432284,0.0,0.0,0.0,0.0,0.0,0.0,0.0,-284.3050318,0.0,1.0
3.559999943,0,0,0,0,0,0.044017607,0.955982393,0.096697175,0.182921725,0.639738837,178,167,0,0,167,0,0,288,239,125,135,548,345,1,1,1,1,0.076830405,1.496391485,0.079693906,1.73270474,0.079338173,1.880778516,0.076830405,1.496391485,0.079482145,1.614434032,0.087927436,1.25327646,0.076830405,1.496391485,0.639738837,1.696055262,,,2.204611457,,,2.497766134,,,2.701007686,,,2.204611457,,,2.346473976,,,1.938883653,,,2.204611457,,,0.003050378,0.003005746,0.003499693,0.003050378,0.003004895,0.002759254,0.003050378,320.8557455,142.8557455,3.430545442,42,,78.90254517,347.9612469,180.9612469,,3.439502181,53,,46.70781083,46.70781083,3.446820618,14,247.416805,-40.58319497,3.91088594,-10,,238.2170106,-0.782989381,3.91088594,0,,211.2871534,86.28715339,3.413334141,25,,77.90531785,77.90531785,3.430545442,23,,0.074217009,1.290659881,0.050805501,-5.996272469,1.977556959,0.042093521,0.002954767,0.002941809,240.9910403,105.9910403,3.421808366,31,,261.2184678,-286.7815322,3.536627743,-81,,1,,,,,,,,,,1.469466782,2.486251296,0.773790462,-0.349873043,0.0,0.613555423,0.806873294,-45.50590571,0.804707999,,,,5.71e-05,3.430545442,6.879004362,3.446820618,0.0,0.0,3.413334141,3.421808366,-162.6848762,3.430545442,1.0
322.6900024,0,0,0,0,0,0.164185837,0.835814163,0.225459435,0.356905553,0.83771107,0,0,323,0,323,0,0,0,0,0,0,0,323,1,1,1,1,0.208661727,0.555687417,0.211449162,0.651847122,0.227805584,0.638639608,0.208661727,0.555687417,0.211206134,0.606921097,0.218679637,0.489972127,0.208661727,0.555687417,0.83771107,1.894027495,0.0,0.0,1.426067442,0.0,0.0,1.516398855,0.0,0.0,1.503660754,0.0,0.0,1.426067442,0.0,0.0,1.473504902,0.0,0.0,1.367450283,0.0,0.0,1.426067442,0.0,0.0,0.002878312,0.002838226,0.003063612,0.002878312,0.00293597,0.002942264,0.002878312,302.7569387,302.7569387,308.4663529,1,0.0,0.0,328.5682709,5.568270937,0.0,309.4290693,0,0.0,40.88775901,40.88775901,309.4068073,0,233.4605365,233.4605365,308.4663529,1,0.0,232.7529053,232.7529053,309.1522632,1,0.0,225.3009079,225.3009079,308.1546173,1,0.0,73.51084054,73.51084054,308.4663529,0,0.0,0.206016974,0.473645878,0.175966197,-6.892435564,1.353265056,0.012249911,0.002803762,0.001288208,228.6751147,228.6751147,308.2671414,1,0.0,114.3867044,114.3867044,302.1091956,0,0.0,1,0.0,0.0,0.0,0.0,0.0,0.0,0.0,0.0,0.0,0.00482482,0.0,0.0,0.00482482,0.005755519,0.003751136,0.003505319,0.0,0.0,0.0,0.0,0.0,0.0,0.0,0.0,0.0,0.0,0.0,0.0,0.0,0.0,0.0,1.0
37.65000153,1,1,1,1,1,0.56182473,0.43817527,0.643454039,0.316868983,0.485105877,414,414,0,0,414,0,0,377,377,0,301,490,828,1,1,1,1,0.623478569,-0.180589493,0.626387242,-0.221055091,0.455514364,0.080552949,0.623478569,-0.180589493,0.626804214,-0.206263918,0.63545237,-0.187484753,0.623478569,-0.180589493,0.485105877,1.541422302,,,0.924833019,,,0.908780428,,,1.035470289,,,0.924833019,,,0.914615478,,,0.922077783,,,0.924833019,,,0.000922767,0.00074601,0.000906602,0.000922767,0.000798738,0.000917373,0.000922767,97.06178964,-316.9382104,38.28685139,-8,-2.0,36.85768231,86.36208341,-327.6379166,,38.26829401,-9,-2.0,12.09974053,12.09974053,36.85768231,0,74.84584029,-302.1541597,38.28685139,-8,,63.32099879,-313.6790012,38.27397913,-8,,70.24696293,70.24696293,36.85768231,2,,23.56706925,23.56706925,36.85768231,1,0.0,0.620395287,-0.147325359,0.578820957,-9.776915931,0.938240935,0.014544739,0.001056275,0.000713578,86.14985668,-214.8501433,38.3111479,-6,,63.3623043,-426.6376957,37.2739133,-11,,1,0.004750346,0.005250558,0.003810854,0.004543162,0.004750346,0.889862496,0.004878505,0.003687633,0.004750346,-0.004076571,-0.00687169,0.0,-0.004076571,-0.0053181,0.001098454,-0.002034821,-11.0,0.000509571,0.102423642,0.102423642,1.13e-05,0.064479472,0.0,0.0,0.0,0.0,0.0,0.0,0.0,-410.0130463,0.0,1.0
13.58619976,1,1,1,1,1,0.810452418,0.189547582,0.74382716,0.556313993,-0.048261373,14,0,41,0,41,0,0,0,0,109,0,773,55,1,1,1,1,0.757138314,-0.452174114,0.754602208,-0.531344818,0.6804845,-0.360844267,0.757138314,-0.452174114,0.75500307,-0.495184233,0.748856206,-0.403112896,0.757138314,-0.452174114,-0.048261373,1.008055052,,,0.996378877,,,0.995746209,,,0.997109211,,,0.996378877,,,0.996035125,,,0.996771137,,,0.996378877,,,0.000232636,0.000149451,0.000153048,0.000232636,0.000158824,0.000202193,0.000232636,24.46998001,10.46998001,12.89528897,1,,0.0,17.30130329,-23.69869671,,14.01755318,-2,,2.04262129,2.04262129,12.89528897,0,18.86917831,18.86917831,12.89528897,1,,12.59098413,12.59098413,12.89528897,1,,15.48274974,-93.51725026,14.13900219,-7,,5.94142881,5.94142881,12.89528897,0,,0.759546337,-0.384763179,0.792558362,-11.30729713,0.996917888,0.913277049,0.000319169,0.009305012,26.03148297,26.03148297,12.89528897,2,,826.2402528,53.24025275,13.04982941,4,,1,,,,,,,,,,0.00319471,-0.008822729,0.0,0.00319471,0.003831366,-0.017773438,0.004626334,4.0,0.0,,,,0.087488638,0.0,0.0,0.0,0.0,0.0,0.0,0.0,52.19931765,0.0,1.0
19.18000031,0,0,0,0,0,0.549190535,0.450809465,0.487148103,0.66955267,-0.09268822,0,0,0,0,0,0,0,0,0,0,0,1496,0,1,1,1,1,0.499432638,0.00079147,0.497359636,0.004394713,0.561949144,-0.112810255,0.499432638,0.00079147,0.497355444,0.004092271,0.491848051,0.010657538,0.499432638,0.00079147,-0.056316425,1.0,,,1.0,,,1.0,,,1.0,,,1.0,,,1.0,,,1.0,,,1.0,,,0.000227163,0.000145349,0.000148525,0.000227163,0.000154415,0.000196845,0.000227163,23.89422591,23.89422591,18.35751454,1,,0.0,16.82634043,16.82634043,,18.35751454,1,,1.982255807,1.982255807,18.35751454,0,18.42520546,18.42520546,18.35751454,1,,12.24146475,12.24146475,18.35751454,1,,15.07322606,15.07322606,18.35751454,1,,5.801632948,5.801632948,18.35751454,0,,0.501546092,-0.001808941,0.532896611,-9.448093026,1.0,1.0,0.000312641,0.009890513,25.49899147,25.49899147,18.35751454,1,,878.2299542,-617.7700458,19.118233,-32,,1,,,,,,,,,,9.79e-09,3.02e-07,0.0,9.79e-09,2.62e-07,1.77e-06,5.11e-08,-32.0,0.0,,,,0.0,0.0,0.0,0.0,0.0,0.0,0.0,0.0,-611.783456,0.0,1.0
115.9800034,0,0,0,0,0,0.49779912,0.50220088,0.380819737,0.529300963,0.552730539,0,0,0,0,0,0,0,0,0,0,0,0,0,1,1,1,1,0.401283073,0.14188252,0.397662528,0.175891853,0.461792654,0.069075999,0.401283073,0.14188252,0.397772938,0.163339429,0.388492399,0.151443296,0.401283073,0.14188252,0.552730539,1.609046964,,,1.069814526,,,1.087260862,,,1.033401151,,,1.069814526,,,1.080788754,,,1.074690594,,,1.069814526,,,0.001236261,0.001059806,0.001078949,0.001236261,0.001120916,0.001255695,0.001236261,130.0368615,130.0368615,112.9412395,1,,0.0,122.6887879,122.6887879,,113.1051755,1,,14.39993038,14.39993038,112.6875136,0,100.2734259,100.2734259,112.9412395,1,,88.86212055,88.86212055,113.0168501,1,,96.15360608,96.15360608,112.9405681,1,,31.57357526,31.57357526,112.9412395,0,,0.404959644,0.114311756,0.46331223,-8.949861897,1.055876765,0.014165714,0.001349857,0.000814683,110.094484,110.094484,112.9281785,1,,72.33995231,72.33995231,113.1737104,1,,1,,,,,,,,,,0.000314541,0.000483405,0.0,0.000314541,0.000416871,0.00035836,0.000204175,1.0,0.0,,,,0.0,0.0,0.0,0.0,0.0,0.0,0.0,0.0,113.1737104,0.0,1.0
135.2599945,1,1,1,1,1,0.901560624,0.098439376,1.0,0.242779406,0.682898855,0,0,0,0,0,0,0,1488,1217,676,947,541,0,1,1,1,1,0.975162495,-3.177525923,0.977161385,-3.956626122,0.466863967,0.059842109,0.975162495,-3.177525923,0.979872965,-3.909499113,0.989604216,-4.257430544,0.975162495,-3.177525923,0.682898855,1.73921528,,,0.172294345,,,0.111946801,,,1.033673186,,,0.172294345,,,0.114904972,,,0.094779047,,,0.172294345,,,0.000259786,0.000148962,0.001484677,0.000259786,0.000162724,0.000148189,0.000259786,27.32577073,27.32577073,128.7546362,0,,0.0,17.24467767,17.24467767,,128.7546362,0,,19.81488941,19.81488941,128.7546362,0,21.0713225,-1466.928677,136.2948427,-11,,12.90015894,-1204.099841,135.9080606,-9,,11.34743247,-664.6525675,135.6880868,-5,,6.634828531,6.634828531,128.7546362,0,,0.972022155,-2.500374803,0.918923575,-12.21208469,0.250626252,0.001160873,0.000403398,8.9e-05,32.90120271,-914.0987973,136.6598105,-7,,7.906142357,-533.0938576,134.7282259,-4,,1,,,,,,,,,,0.0,0.0,0.0,-1.735365327,-2.149338279,-1.416071471,-0.683798736,-4.0,0.0,,,,0.0,0.0,0.0,0.0,-272.5896853,-271.8161212,-135.6880868,-136.6598105,-538.9129036,0.0,1.0
84.81999969,1,1,1,1,1,0.402561024,0.597438976,0.394349383,0.098367518,0.389252027,0,0,0,0,0,0,0,0,0,0,0,509,0,1,1,1,1,0.395386976,0.150923067,0.394321249,0.182031767,0.191328841,0.797867409,0.395386976,0.150923067,0.395516695,0.167189163,0.394493824,0.142704838,0.395386976,0.150923067,0.389252027,1.445568452,,,1.057191167,,,1.069380155,,,1.3418057,,,1.057191167,,,1.063547105,,,1.05399437,,,1.057191167,,,0.000846881,0.000678981,0.000902918,0.000846881,0.000718246,0.00082454,0.000846881,89.07969355,89.07969355,80.88439378,1,,0.0,78.6025214,78.6025214,,80.92098386,1,,12.05057706,12.05057706,82.14427056,0,68.69072311,68.69072311,80.88439378,1,,56.93992957,56.93992957,80.91053941,1,,63.1383559,63.1383559,80.8365384,1,,21.62897794,21.62897794,80.88439378,0,,0.395962038,0.125837353,0.398281553,-8.484235747,1.047463363,0.04387269,0.000975085,0.001697197,79.52804725,79.52804725,80.84171448,1,,150.7028973,-358.2971027,83.80665963,-4,,1,,,,,,,,,,0.000355903,0.000517743,0.0,0.000355903,0.000436753,0.000318198,0.000247422,-4.0,0.0,,,,0.0,0.0,0.0,0.0,0.0,0.0,0.0,0.0,-335.2266385,0.0,1.0
178.0299988,1,1,1,1,1,0.599039616,0.400960384,0.6701154,0.257429887,0.891710411,712,890,0,0,890,0,1246,534,712,1068,712,534,1602,1,1,1,1,0.652742041,-0.22935725,0.6549271,-0.278186662,0.416967786,0.152627931,0.652742041,-0.22935725,0.655767348,-0.260260522,0.663072634,-0.23195969,0.652742041,-0.22935725,0.891710411,1.948026836,,,0.858181804,,,0.830689176,,,1.107134224,,,0.858181804,,,0.840678365,,,0.856693849,,,0.858181804,,,0.001906913,0.001739879,0.002531277,0.001906913,0.001874631,0.002047905,0.001906913,200.5796859,-511.4203141,202.9188618,-3,,-1217.513171,201.4176664,-688.5823336,,201.7742402,-3,,33.78307756,33.78307756,158.3043096,0,154.6700838,-379.3299162,202.9188618,-2,,148.6138545,-563.3861455,202.5500807,-3,,156.8162765,-911.1837235,202.9033593,-4,,48.70171222,-1197.298288,202.9188618,-6,,0.650200649,-0.188681099,0.613328483,-10.02399327,0.88177729,0.001250554,0.001985482,0.000145929,161.9360559,-550.0639441,203.3573701,-3,,12.95777329,-521.0422267,174.6881693,-3,,0,,,,,,,,,,-0.002465848,-0.003627554,0.0,-0.001643898,-0.003175103,-0.003362831,-0.001668776,-3.0,-0.004931695,,,,-3.703718009,0.0,0.0,0.0,0.0,0.0,0.0,0.0,-524.0645078,0.0,1.0
3.400000095,0,0,0,0,0,0.078031212,0.921968788,0.235972941,0.455002093,0.647301735,34,31,14,0,45,0,0,180,0,0,180,235,79,1,1,1,1,0.164153345,0.736347687,0.173352131,0.82708282,0.159213343,0.98206768,0.164153345,0.736347687,0.17269812,0.772213244,0.201889058,0.542705927,0.164153345,0.736347687,0.647301735,1.70361816,,,1.480370524,,,1.553688753,,,1.687420105,,,1.480370524,,,1.508928718,,,1.335263868,,,1.480370524,,,0.002079698,0.001903249,0.002226638,0.002079698,0.001967068,0.001932156,0.002079698,218.7542637,184.7542637,3.199929866,58,,54.39880772,220.3302406,175.3302406,,3.20443096,55,,29.71728897,29.71728897,3.221736074,9,168.6847805,-11.31521945,3.789811813,-3,,155.9419344,155.9419344,3.203267832,49,,147.9529413,147.9529413,3.158496962,47,,53.11458712,53.11458712,3.199929866,17,,0.156025857,0.652283072,0.093333623,-6.300778071,1.415533686,0.034847749,0.002143066,0.002475856,174.7886949,-5.211305096,3.789811813,-1,,219.8441194,-15.15588063,3.323403517,-5,,1,,,,,,,,,,0.491375924,0.587869211,0.135626755,-0.025415996,0.456552365,0.216295265,-0.006648019,-3.101547211,0.144023978,,,,0.411461871,0.0,3.20443096,0.0,0.0,0.0,0.0,0.0,-9.97021055,0.0,1.0
59.18000031,0,0,0,0,0,0.535414166,0.464585834,0.521687226,0.848472164,0.375301683,0,0,0,0,0,0,0,296,473,0,178,0,0,1,1,1,1,0.524717069,-0.034543647,0.524339853,-0.040583405,0.610113919,-0.20574406,0.524717069,-0.034543647,0.52417042,-0.037466996,0.522896326,-0.029974945,0.524717069,-0.034543647,0.375301683,1.431618108,,,0.98768205,,,0.985543964,,,0.928836948,,,0.98768205,,,0.9866466,,,0.989302459,,,0.98768205,,,0.00076539,0.000601938,0.000600663,0.00076539,0.000640936,0.000746334,0.00076539,80.50801,80.50801,54.84274044,1,,0.0,69.68354439,69.68354439,,54.84274044,1,,8.016607699,8.016607699,54.84274044,0,62.08096596,-233.919034,65.11305783,-4,,50.81105541,-422.1889446,65.11305783,-6,,57.14978554,57.14978554,54.84274044,1,,19.54773195,19.54773195,54.84274044,0,,0.525170342,-0.029505401,0.532376218,-9.44436696,0.989469146,0.033752885,0.000895027,0.001259684,72.99850503,-105.001495,65.11305783,-2,,111.8539009,111.8539009,55.63444411,2,,1,,,,,,,,,,1.86e-05,2.57e-05,0.0,-7.46e-05,-0.000131604,1.4e-05,-2.72e-05,2.0,0.0,,,,0.062429842,0.0,0.0,0.0,0.0,0.0,0.0,0.0,111.2688882,0.0,1.0
316.5299988,1,1,1,1,1,0.944777911,0.055222089,0.979705531,0.846379238,0.518492367,0,0,0,0,0,0,0,0,0,0,0,0,0,1,1,1,1,0.971843439,-2.970755239,0.973085323,-3.63300305,0.917480479,-1.82058375,0.971843439,-2.970755239,0.97315329,-3.382240119,0.9766219,-3.071097018,0.971843439,-2.970755239,0.518492367,1.574808791,0.0,0.0,0.259468349,0.0,0.0,0.192074933,0.0,0.0,0.437451809,0.0,0.0,0.259468349,0.0,0.0,0.215242545,0.0,0.0,0.247910087,0.0,0.0,0.259468349,0.0,0.0,0.000278574,0.000171787,0.000418181,0.000278574,0.000204813,0.000267251,0.000278574,29.30195082,29.30195082,304.8101706,0,0.0,0.0,19.88698341,19.88698341,0.0,304.8101706,0,0.0,5.581154189,5.581154189,304.8101706,0,22.59518539,22.59518539,304.8101706,0,0.0,16.23682779,16.23682779,304.8101706,0,0.0,20.46446047,20.46446047,304.8101706,0,0.0,7.114654559,7.114654559,304.8101706,0,0.0,0.97056366,-2.430487443,0.952817547,-12.45476892,0.331619633,0.003496012,0.000397793,0.000185674,32.44405445,32.44405445,304.8101706,0,0.0,16.48698015,16.48698015,307.5051443,0,0.0,1,0.0,0.0,0.0,0.0,0.0,0.0,0.0,0.0,0.0,0.0,0.0,0.0,0.0,0.0,0.0,0.0,0.0,0.0,0.0,0.0,0.0,0.0,0.0,0.0,0.0,0.0,0.0,0.0,0.0,0.0,0.0,1.0
289.5299988,1,1,1,1,1,0.361744698,0.638255302,0.596498209,0.063206362,0.661626856,0,0,0,0,0,0,0,0,869,0,0,0,0,1,1,1,1,0.520787115,-0.029035674,0.529546381,-0.049306196,0.141914473,1.107382936,0.520787115,-0.029035674,0.532783265,-0.050893021,0.563826559,-0.084462485,0.520787115,-0.029035674,0.661626856,1.717943281,,,0.984410779,,,0.973671839,,,1.820726689,,,0.984410779,,,0.972836129,,,0.955323742,,,0.984410779,,,0.001423126,0.001233372,0.002486458,0.001423126,0.00131145,0.001426404,0.001423126,149.6923115,149.6923115,277.9521963,1,,0.0,142.7817085,142.7817085,,277.9521963,1,,33.18490849,33.18490849,284.8654722,0,115.430046,115.430046,277.9521963,0,,103.966973,-765.033027,301.2508778,-3,,109.2254428,109.2254428,277.9521963,0,,36.34601303,36.34601303,277.9521963,0,,0.510962283,-0.012830497,0.396134442,-8.468862215,0.993081108,0.010226869,0.001541231,0.000749467,125.7029131,125.7029131,277.9521963,0,,66.54908177,66.54908177,279.4861472,0,,1,,,,,,,,,,1.32e-05,3.8e-05,0.0,0.0,-0.000121411,0.0,0.0,0.0,0.0,,,,0.0,0.0,0.0,0.0,0.0,0.0,0.0,0.0,0.0,0.0,1.0
12.68999958,1,1,1,1,1,0.435246996,0.564753004,0.478174603,0.213976945,0.269270586,0,0,0,0,0,0,0,0,0,0,0,114,0,1,1,1,1,0.467850766,0.044987763,0.469186599,0.051432409,0.325303136,0.346803727,0.467850766,0.044987763,0.469644193,0.04710286,0.474010138,0.034040356,0.467850766,0.044987763,0.269270586,1.325587011,,,1.012760776,,,1.014602085,,,1.102685424,,,1.012760776,,,1.013364715,,,1.009640632,,,1.012760776,,,0.000603226,0.000455473,0.000520146,0.000603226,0.00048373,0.000571001,0.000603226,63.45064178,63.45064178,11.95293572,5,0.0,11.95293572,52.72793829,52.72793829,,11.95293572,4,0.0,6.94200811,6.94200811,12.02539457,1,48.92776673,48.92776673,11.95293572,4,,38.34831087,38.34831087,11.95293572,3,,43.72385513,43.72385513,11.95293572,4,,15.40612093,15.40612093,11.95293572,1,0.0,0.466318605,0.039541897,0.444076518,-8.812132274,1.011207435,0.08343003,0.000728323,0.002341997,59.40210233,59.40210233,11.95293572,5,,207.958071,93.95807102,11.98463619,8,,1,0.01097107,0.012146204,0.007789039,0.010505198,0.01097107,1.808820983,0.011243211,0.008452069,0.01097107,0.000158117,0.000165331,0.001879263,0.000126494,0.000104001,7.24e-05,0.000122153,8.0,3.16e-05,0.128378172,0.128378172,3.49e-05,0.003417909,0.0,0.0,0.0,0.0,0.0,0.0,0.0,95.87708951,0.0,1.0
435.730011,0,0,0,0,0,0.045618247,0.954381753,0.014723438,0.059020511,0.526646782,436,0,0,0,0,0,0,871,1743,436,871,436,436,1,1,1,1,0.01725939,3.774593214,0.016769166,4.558774994,0.028577339,3.801814672,0.01725939,3.774593214,0.016784906,4.236644959,0.01561163,3.686848964,0.01725939,3.774593214,0.526646782,1.582963207,,,5.661365655,,,8.11601029,,,5.73259278,,,5.661365655,,,6.999822809,,,5.437744381,,,5.661365655,,,0.006186545,0.007410311,0.005597339,0.006186545,0.006799828,0.005976435,0.006186545,650.7353174,214.7353174,433.7509414,0,,0.0,857.8572257,857.8572257,,436.4187173,2,,74.7035354,74.7035354,433.9087015,0,501.7920215,-369.2079785,456.773381,-1,,539.065444,-1203.934556,456.773381,-3,,457.6395412,21.63954121,432.9223199,0,,158.0016641,158.0016641,433.7509414,0,,0.01777712,3.125772757,0.03023475,-5.84898383,4.202429698,0.068123726,0.005118691,0.003687896,417.4809021,-453.5190979,456.773381,-1,,327.467418,-108.532582,432.8452476,0,,1,,,,,,,,,,0.0,0.64945092,0.0,-0.22261803,-0.841366899,0.0,-0.152663365,0.0,0.0,,,,0.0,0.0,436.4187173,0.0,0.0,-456.773381,0.0,0.0,0.0,0.0,1.0
490.1099854,0,0,0,0,0,0.107242897,0.892757103,0.137684043,0.149016325,0.815639465,980,0,2451,0,2451,0,0,0,0,490,490,490,3431,1,1,1,1,0.129725275,0.938608757,0.131046776,1.108798651,0.129331704,1.214711514,0.129725275,0.938608757,0.130955616,1.03155986,0.134500187,0.848683518,0.129725275,0.938608757,0.815639465,1.87195589,,,1.801270949,,,2.004107467,,,2.14170975,,,1.801270949,,,1.909366164,,,1.702522253,,,1.801270949,,,0.003492745,0.003579207,0.004158845,0.003492745,0.003629988,0.003505915,0.003492745,367.3863357,-612.6136643,503.1776111,-1,,0.0,414.3481619,-2036.651838,,503.1776111,-4,,55.50502685,55.50502685,483.8375304,0,283.2972595,283.2972595,482.9476034,1,,287.772105,287.772105,483.3459518,1,,268.4619219,-221.5380781,503.1776111,0,,89.2031689,89.2031689,482.9476034,0,,0.128454096,0.794825876,0.113385016,-6.444348056,1.645991535,0.017588642,0.003293919,0.001771105,268.6523694,-221.3476306,503.1776111,0,,157.2656378,-332.7343622,488.1233449,-1,,1,,,,,,,,,,-0.013765412,-0.076839653,0.0,0.013765412,0.016626808,0.0,0.0,-0.648900342,0.0,,,,0.0,0.0,0.0,0.0,0.0,0.0,0.0,0.0,-488.1233449,0.0,1.0
3.890000105,0,0,0,0,0,1.0,0.0,0.4,0.722222222,-6.639065094,0,0,0,0,0,0,0,0,0,0,0,0,0,1,1,1,1,0.459792685,0.056362823,0.448334257,0.086687777,0.617151608,-0.220006827,0.459792685,0.056362823,0.448810029,0.079839992,0.421188537,0.104977924,0.459792685,0.056362823,-0.056316425,1.0,0.0,0.0,1.0,0.0,0.0,1.0,0.0,0.0,1.0,0.0,0.0,1.0,0.0,0.0,1.0,0.0,0.0,1.0,0.0,0.0,1.0,0.0,0.0,0.000227163,0.000145349,0.000148525,0.000227163,0.000154415,0.000196845,0.000227163,23.89422591,23.89422591,3.077875669,8,0.0,6.155751337,16.82634043,16.82634043,0.0,3.077875669,5,0.0,1.982255807,1.982255807,3.077875669,1,18.42520546,18.42520546,3.077875669,6,0.0,12.24146475,12.24146475,3.077875669,4,0.0,15.07322606,15.07322606,3.077875669,5,0.0,5.801632948,5.801632948,3.077875669,2,0.0,0.471755822,0.033125001,0.732749049,-10.87905647,1.0,1.0,0.000312641,0.009890513,25.49899147,25.49899147,3.077875669,8,0.0,878.2299542,878.2299542,3.312946581,265,0.0,1,0.0,0.0,0.0,0.0,0.0,0.0,0.0,0.0,0.0,0.000397096,0.000587091,0.000756297,0.000297822,0.000398402,0.000860966,0.000137158,265.0,9.93e-05,0.0,0.0,0.0,,0.0,0.0,0.0,0.0,0.0,0.0,0.0,877.9308439,0.0,1.0
1191.939941,0,0,0,0,0,0.496198479,0.503801521,0.614803024,0.775219757,1.088612397,0,0,0,0,0,0,0,0,0,0,0,0,0,1,1,1,1,0.584648322,-0.120689985,0.589754282,-0.153105206,0.612549889,-0.210656784,0.584648322,-0.120689985,0.589326236,-0.141630034,0.602824889,-0.13883427,0.584648322,-0.120689985,1.054172542,2.110488966,,,0.913798014,,,0.89193922,,,0.854410354,,,0.913798014,,,0.899616915,,,0.901497467,,,0.913798014,,,0.002670405,0.002573968,0.002712922,0.002670405,0.002764663,0.00290877,0.002670405,280.8880931,280.8880931,1126.425305,0,,0.0,297.9762563,297.9762563,,1126.425305,0,,36.20735948,36.20735948,1126.425305,0,216.597133,216.597133,1126.425305,0,,219.1723439,219.1723439,1126.425305,0,,222.7361717,222.7361717,1126.425305,0,,68.20097967,68.20097967,1126.425305,0,,0.579754014,-0.09513453,0.520931493,-9.362421582,0.931408008,0.000918309,0.002658589,0.000144139,216.8347336,216.8347336,1126.425305,0,,12.79885974,12.79885974,1134.449854,0,,1,,,,,,,,,,0.0,0.0,0.0,0.0,0.0,0.0,0.0,0.0,0.0,,,,0.0,0.0,0.0,0.0,0.0,0.0,0.0,0.0,0.0,0.0,1.0
582.8499756,1,1,1,1,1,0.790316126,0.209683874,0.906884202,0.35621599,0.565562875,0,0,0,0,0,0,0,0,0,0,0,0,0,1,1,1,1,0.878065027,-0.996495958,0.881945696,-1.22598511,0.568181072,-0.124466598,0.878065027,-0.996495958,0.882965618,-1.149151887,0.895241575,-1.074991886,0.878065027,-0.996495958,0.565562875,1.6218793,,,0.617614357,,,0.552739381,,,0.941585383,,,0.617614357,,,0.573662959,,,0.594609417,,,0.617614357,,,0.000733361,0.00055618,0.001015631,0.000733361,0.00061419,0.000715731,0.000733361,77.13895018,77.13895018,556.1402797,0,,0.0,64.38641163,64.38641163,,556.1402797,0,,13.55487083,13.55487083,556.1402797,0,59.48303207,59.48303207,556.1402797,0,,48.69074244,48.69074244,556.1402797,0,,54.8064135,54.8064135,556.1402797,0,,18.72970803,18.72970803,556.1402797,0,,0.873757707,-0.808345191,0.813877973,-11.45994768,0.676445061,0.003919211,0.000885364,0.000232122,72.21034207,72.21034207,556.1402797,0,,20.61135079,20.61135079,565.4211682,0,,1,,,,,,,,,,0.0,0.0,0.0,0.0,0.0,0.0,0.0,0.0,0.0,,,,0.0,0.0,0.0,0.0,0.0,0.0,0.0,0.0,0.0,0.0,1.0
69.51999664,0,0,0,0,0,0.045618247,0.954381753,0.039793076,0.135203014,0.524526688,70,0,0,0,0,0,0,0,0,0,0,0,70,1,1,1,1,0.040941021,2.37153271,0.040759014,2.837724274,0.056172684,2.459115725,0.040941021,2.37153271,0.04074221,2.638951182,0.040234767,2.247307844,0.040941021,2.37153271,0.524526688,1.580843113,,,2.962587783,,,3.66768049,,,3.083830545,,,2.962587783,,,3.348557485,,,2.798751224,,,2.962587783,,,0.003222609,0.003330861,0.002994571,0.003222609,0.003235475,0.003060612,0.003222609,338.9719736,268.9719736,69.05499131,4,,69.05499131,385.5983277,385.5983277,,69.18954175,6,,39.96632064,39.96632064,69.09737461,1,261.3865074,261.3865074,69.05499131,4,,256.4965717,256.4965717,69.15617513,4,,234.3633114,234.3633114,68.98636183,3,,82.30402515,82.30402515,69.05499131,1,,0.041133749,1.98295463,0.044105209,-5.94829771,2.479633018,0.06560703,0.003008309,0.00353408,245.3579748,245.3579748,68.99208331,4,,313.8093314,313.8093314,67.65982437,5,,1,,,,,,,,,,0.351510462,0.754938661,0.094488284,0.351510462,0.435253959,0.236737151,0.245756817,2.764237941,0.087877616,,,,0.355102071,0.0,69.18954175,0.0,0.0,0.0,0.0,0.0,202.9794731,0.0,1.0
218.3999939,1,1,1,1,1,0.579431773,0.420568227,0.75368086,0.081205525,0.54929702,0,0,0,0,0,0,0,0,0,0,0,437,0,1,1,1,1,0.704397044,-0.327210946,0.708353186,-0.400329812,0.186763565,0.821039472,0.704397044,-0.327210946,0.713377785,-0.38414263,0.732585767,-0.365317816,0.704397044,-0.327210946,0.54929702,1.605613444,,,0.856469723,,,0.827324297,,,1.475160839,,,0.856469723,,,0.833689875,,,0.841154322,,,0.856469723,,,0.000982519,0.00079957,0.001526749,0.000982519,0.000857279,0.000974996,0.000982519,103.3468364,103.3468364,210.3770678,0,,0.0,92.56249985,92.56249985,,210.3770678,0,,20.37638591,20.37638591,214.1161693,0,79.69233663,79.69233663,210.3770678,0,,67.96191217,67.96191217,210.3770678,0,,74.65932146,74.65932146,210.3770678,0,,25.09310883,25.09310883,210.3770678,0,,0.698394529,-0.264064816,0.60661693,-9.975937877,0.882464916,0.008882561,0.00112105,0.000506821,91.43298047,91.43298047,210.3770678,0,,45.0032973,-391.9967027,217.22237,-2,,1,,,,,,,,,,0.0,0.0,0.0,0.0,0.0,0.0,0.0,-2.0,0.0,,,,0.0,0.0,0.0,0.0,0.0,0.0,0.0,0.0,-434.4447401,0.0,1.0
359.0499878,1,1,1,1,1,0.909563826,0.090436174,0.924393156,0.5621599,0.908615086,718,718,0,0,718,0,0,718,718,0,718,0,1436,1,1,1,1,0.920793486,-1.459594149,0.920975722,-1.744765914,0.749161875,-0.556146537,0.920793486,-1.459594149,0.921526155,-1.631440513,0.922872267,-1.397702073,0.920793486,-1.459594149,0.908615086,1.964931511,,,0.37310565,,,0.307735377,,,0.686840427,,,0.37310565,,,0.332216454,,,0.389034133,,,0.37310565,,,0.000853919,0.000667224,0.001626973,0.000853919,0.000766889,0.000960556,0.000853919,89.819981,-628.180019,366.2678975,-2,,0.0,77.24139587,-640.7586041,,365.6339043,-2,,21.71400632,21.71400632,342.0251247,0,69.26157016,-648.7384298,366.2678975,-2,,60.79617468,-657.2038253,365.866427,-2,,73.55360937,73.55360937,342.0251247,0,,21.80872329,21.80872329,342.0251247,0,,0.92037778,-1.218917789,0.912077245,-12.16306428,0.43896876,0.000270394,0.001014031,3.26e-05,82.70447065,-635.2955294,367.4151757,-2,,2.892763161,2.892763161,345.1132974,0,,1,,,,,,,,,,-0.066575471,-0.095131503,0.0,-0.066575471,-0.083174942,0.0,-0.046430018,0.0,0.0,,,,0.0,0.0,0.0,0.0,0.0,0.0,0.0,0.0,0.0,0.0,1.0
305.769989,0,0,0,0,0,0.276110444,0.723889556,0.230003979,0.303055672,1.018519493,0,0,7644,0,7644,0,0,5810,2140,3058,6115,306,7644,1,1,1,1,0.238658091,0.463725384,0.23715382,0.558295551,0.267260131,0.503549666,0.238658091,0.463725384,0.237189926,0.518937393,0.233282231,0.44875115,0.238658091,0.463725384,1.018519493,2.074835918,,,1.402792433,,,1.503040288,,,1.444165831,,,1.402792433,,,1.460477009,,,1.387544198,,,1.402792433,,,0.003867361,0.004051667,0.004276127,0.003867361,0.004192286,0.004200352,0.003867361,406.790527,406.790527,287.2709048,1,,0.0,469.0426199,-7174.95738,,333.3685427,-22,,57.07030191,57.07030191,287.3625194,0,313.6824381,-5496.317562,333.3685427,-16,,332.349074,-1807.650926,333.3685427,-5,,321.6377535,-2736.362247,333.3685427,-8,,98.77069603,98.77069603,287.2709048,0,,0.240181512,0.385392024,0.263342721,-7.518060216,1.324838718,0.004139015,0.003595552,0.000609964,293.2535129,-5821.746487,333.3685427,-17,,54.16189538,-251.8381046,295.8175894,-1,,1,,,,,,,,,,0.003360019,-0.107144786,0.0,-0.053760308,-0.021038751,-0.025172199,-0.039452488,-0.88314421,0.0,,,,1932.045144,0.0,0.0,0.0,0.0,0.0,0.0,0.0,-295.8175894,0.0,1.0
124.7300034,1,1,1,1,1,0.721888756,0.278111244,0.842419419,0.215152784,0.32088931,0,0,499,0,499,0,0,0,0,0,0,249,499,1,1,1,1,0.811699567,-0.630185685,0.815152998,-0.768423721,0.403385416,0.178945581,0.811699567,-0.630185685,0.81712743,-0.723397032,0.829773845,-0.662885085,0.811699567,-0.630185685,0.32088931,1.377205735,,,0.8173441,,,0.781969848,,,1.058944563,,,0.8173441,,,0.793320477,,,0.808834661,,,0.8173441,,,0.000554776,0.000409011,0.000584209,0.000554776,0.000441283,0.000527779,0.000554776,58.3544353,58.3544353,118.6695084,0,,0.0,47.34934421,-451.6506558,,128.8798447,-4,,7.797010098,7.797010098,119.0147891,0,44.99800345,44.99800345,118.6695084,0,,34.98332916,34.98332916,118.6695084,0,,40.4141229,40.4141229,118.6695084,0,,14.16873749,14.16873749,118.6695084,0,,0.807425067,-0.514597762,0.744512041,-10.96328067,0.848147755,0.029930701,0.000684035,0.000967797,55.78997086,55.78997086,118.6695084,0,,85.93571272,-163.0642873,123.3530657,-1,,1,,,,,,,,,,0.0,-0.036904688,0.0,0.0,0.0,0.0,0.0,-1.0,0.0,,,,0.0,0.0,0.0,0.0,0.0,0.0,0.0,0.0,-123.3530657,0.0,1.0
46.93999863,0,0,0,0,0,0.457382953,0.542617047,0.418225229,0.64294684,0.280827867,0,0,0,0,0,0,0,0,0,0,0,610,0,1,1,1,1,0.42620608,0.104657888,0.4249117,0.127134729,0.492980574,0.012636835,0.42620608,0.104657888,0.424847933,0.118301577,0.421302921,0.104819746,0.42620608,0.104657888,0.280827867,1.337144292,,,1.030873918,,,1.0376279,,,1.003678206,,,1.030873918,,,1.034968397,,,1.030922397,,,1.030873918,,,0.000632517,0.000482272,0.000490598,0.000632517,0.000511517,0.0006023,0.000632517,66.53163822,66.53163822,43.78586468,2,,0.0,55.83038078,55.83038078,,43.85438486,1,,6.547644924,6.547644924,43.78388206,0,51.30357051,51.30357051,43.78586468,1,,40.55118255,40.55118255,43.84093209,1,,46.12051197,46.12051197,43.78388206,1,,16.15420168,16.15420168,43.78586468,0,,0.427548848,0.086128447,0.447453831,-8.836314172,1.025339147,0.076744829,0.000757729,0.002224674,61.80047265,61.80047265,43.78388206,1,,197.5403325,-412.4596675,46.0615657,-9,,1,,,,,,,,,,0.00034229,0.000252551,0.0,0.000171145,0.000218676,0.000171675,0.000115908,-9.0,0.0,,,,0.438706631,0.0,0.0,0.0,0.0,0.0,0.0,0.0,-414.5540913,0.0,1.0
110.5599976,1,1,1,1,1,0.430572229,0.569427771,0.531635495,0.254081206,0.59989895,0,0,0,0,0,0,0,775,775,443,775,0,0,1,1,1,1,0.505636787,-0.007864068,0.509566908,-0.015927536,0.363303817,0.260841891,0.505636787,-0.007864068,0.509829652,-0.015214814,0.521166431,-0.027703887,0.505636787,-0.007864068,0.59989895,1.656215375,,,0.996040163,,,0.991996201,,,1.140656405,,,0.996040163,,,0.99235298,,,0.986119649,,,0.996040163,,,0.001270554,0.001085444,0.001340707,0.001270554,0.00115543,0.001283853,0.001270554,133.643953,133.643953,105.4804169,1,,0.0,125.6568144,125.6568144,,105.4804169,1,,17.89342477,17.89342477,106.4509299,0,103.0549097,-671.9450903,115.5333915,-6,,91.59823462,-683.4017654,115.5333915,-6,,98.3098008,-344.6901992,115.5333915,-3,,32.44939443,32.44939443,105.4804169,0,,0.501620541,-0.001896048,0.450792155,-8.860216911,0.999043835,0.011443991,0.001391274,0.000732436,113.4724721,-661.5275279,115.5333915,-6,,65.03677464,65.03677464,106.2117051,1,,1,,,,,,,,,,9.66e-07,3.96e-06,0.0,-5.8e-06,-2.17e-05,-3.6e-05,-3.37e-07,1.0,0.0,,,,7.062940436,0.0,0.0,0.0,0.0,0.0,0.0,0.0,106.2117051,0.0,1.0
46.11000061,1,1,1,1,1,0.350940376,0.649059624,0.332670115,0.224361658,0.232815392,0,0,0,0,0,0,0,0,0,0,0,646,0,1,1,1,1,0.33636125,0.248573027,0.335593145,0.298222812,0.288150519,0.442588427,0.33636125,0.248573027,0.335795624,0.276855346,0.334050824,0.236807699,0.33636125,0.248573027,0.232815392,1.289131817,,,1.06516513,,,1.078681373,,,1.118964531,,,1.06516513,,,1.072843575,,,1.061987136,,,1.06516513,,,0.000576727,0.000433116,0.000470799,0.000576727,0.000458014,0.000541055,0.000576727,60.66340247,60.66340247,44.65769889,1,,0.0,50.1397838,50.1397838,,44.72330183,1,,6.283405115,6.283405115,44.82283093,0,46.77848358,46.77848358,44.65769889,1,,36.30967394,36.30967394,44.71120232,1,,41.43074866,41.43074866,44.63317977,1,,14.72936582,14.72936582,44.65769889,0,,0.337054642,0.207438663,0.345970104,-8.109680541,1.054095429,0.12750403,0.000699044,0.003228228,57.01410222,57.01410222,44.63500697,1,,286.6510883,-359.3489117,45.84312494,-8,,1,,,,,,,,,,0.000965446,0.001389638,0.0,0.000965446,0.001197639,0.000876217,0.000672356,-8.0,0.0,,,,0.0,0.0,0.0,0.0,0.0,0.0,0.0,0.0,-366.7449996,0.0,1.0
52.04999924,1,1,1,1,1,0.708059211,0.291940789,0.778822567,0.801894918,0.385659168,0,0,0,0,0,0,0,0,0,0,0,0,0,1,1,1,1,0.762356056,-0.466555703,0.765179483,-0.566167319,0.76203557,-0.60085086,0.762356056,-0.466555703,0.764984463,-0.525752572,0.772385842,-0.464292811,0.762356056,-0.466555703,0.385659168,1.441975593,,,0.843018841,,,0.812836555,,,0.802583087,,,0.843018841,,,0.824949703,,,0.843717361,,,0.843018841,,,0.000669592,0.000510981,0.000534586,0.000669592,0.00055159,0.000653919,0.000669592,70.43139603,70.43139603,49.56913193,1,,0.0,59.1539151,59.1539151,,49.56913193,1,,7.134723236,7.134723236,49.56913193,0,54.3107338,54.3107338,49.56913193,1,,43.7280507,43.7280507,49.56913193,1,,50.07318244,50.07318244,49.56913193,1,,17.10108163,17.10108163,49.56913193,0,,0.759606097,-0.384901177,0.724183057,-10.8177231,0.868594177,0.019073806,0.00080264,0.000731097,65.46337493,65.46337493,49.56913193,1,,64.91793771,64.91793771,50.01444196,1,,1,,,,,,,,,,0.00340116,0.005008522,0.0,0.00340116,0.004318996,0.003368247,0.002314827,1.0,0.0,,,,0.0,0.0,0.0,0.0,0.0,0.0,0.0,0.0,50.01444196,0.0,1.0
61.43999863,1,1,1,1,1,0.62745098,0.37254902,0.751691206,0.258267057,0.283418735,0,184,1167,0,1351,0,307,0,0,0,0,184,1351,1,1,1,1,0.720035898,-0.360969032,0.724342266,-0.442282483,0.431560088,0.124952638,0.720035898,-0.360969032,0.725342884,-0.413730412,0.738845956,-0.379477728,0.720035898,-0.360969032,0.283418735,1.33973516,0.0,0.0,0.899808498,0.0,0.0,0.878661791,0.0,0.0,1.037221125,0.0,0.0,0.899808498,0.0,0.0,0.886029936,0.0,0.0,0.894950748,0.0,0.0,0.899808498,0.0,0.0,0.000555766,0.000411562,0.000511033,0.000555766,0.000441314,0.000526664,0.000555766,58.45852899,58.45852899,58.36657365,1,0.0,-321.2239648,47.64466221,-1303.355338,0.0,64.13113473,-20,0.0,6.820383084,6.820383084,58.42806151,0,45.0782717,45.0782717,58.36657365,1,0.0,34.98574144,34.98574144,58.36657365,1,0.0,40.32878369,40.32878369,58.36657365,1,0.0,14.19401194,-292.8059881,64.24479296,-5,0.0,0.715326392,-0.294012887,0.651882918,-10.30004688,0.917602927,0.049169841,0.00068201,0.00143558,55.62476873,55.62476873,58.36657365,1,0.0,127.4726186,-56.52738137,60.90794443,-1,0.0,0,0.0,0.0,0.0,0.0,0.0,0.0,0.0,0.0,0.0,0.002035916,-0.061129311,0.0,0.002035916,0.002674576,0.002250052,0.001350681,-1.0,-0.010179581,0.0,0.0,0.0,-0.127825928,0.0,0.0,0.0,0.0,0.0,0.0,0.0,-60.90794443,0.0,1.0
181.7700043,0,0,0,0,0,0.488195278,0.511804722,0.461201751,0.646295521,0.697111906,0,0,0,0,0,0,0,0,0,0,0,0,0,1,1,1,1,0.466864685,0.046376622,0.465972406,0.056833081,0.523771017,-0.042860511,0.466864685,0.046376622,0.465899258,0.052952346,0.463400575,0.048032283,0.466864685,0.046376622,0.697111906,1.753428331,,,1.02638596,,,1.032430694,,,0.976218053,,,1.02638596,,,1.030183151,,,1.027340711,,,1.02638596,,,0.001591272,0.00141928,0.001449732,0.001591272,0.001507234,0.001655975,0.001591272,167.3788941,167.3788941,172.5990336,1,,0.0,164.3033976,164.3033976,,172.5990336,1,,19.34850494,19.34850494,172.5990336,0,129.0684421,129.0684421,172.5990336,1,,119.4879846,119.4879846,172.5990336,1,,126.8046006,126.8046006,172.5990336,1,,40.64040033,40.64040033,172.5990336,0,,0.467800581,0.037790938,0.481572049,-9.080604028,1.021449164,0.006100276,0.001684186,0.000482194,137.3623769,137.3623769,172.5990336,1,,42.8165493,42.8165493,174.363036,0,,1,,,,,,,,,,3.36e-05,5.05e-05,0.0,3.36e-05,4.38e-05,3.6e-05,2.23e-05,0.0,0.0,,,,0.0,0.0,0.0,0.0,0.0,0.0,0.0,0.0,0.0,0.0,1.0
575.9500122,1,1,1,1,1,0.924769908,0.075230092,0.91086351,0.71326915,0.820964396,0,0,0,0,0,0,0,0,0,576,0,576,0,1,1,1,1,0.913684956,-1.358711461,0.913005307,-1.610378068,0.833018885,-0.93250861,0.913684956,-1.358711461,0.913287915,-1.501307479,0.911896433,-1.251144623,0.913684956,-1.358711461,0.820964396,1.877280821,,,0.42496453,,,0.3626724,,,0.555816744,,,0.42496453,,,0.388461964,,,0.454752775,,,0.42496453,,,0.000832069,0.000655113,0.001091947,0.000832069,0.000746972,0.000946462,0.000832069,87.52168288,87.52168288,557.9343102,0,,0.0,75.83936349,75.83936349,,557.9343102,0,,14.57341128,14.57341128,557.9343102,0,67.4893171,67.4893171,557.9343102,0,,59.21717478,59.21717478,557.9343102,0,,72.47437338,-503.5256266,582.8542589,-1,,21.25068545,21.25068545,557.9343102,0,,0.914253071,-1.145935947,0.920855571,-12.22591798,0.485906834,0.000452745,0.000980598,4.61e-05,79.97766998,79.97766998,557.9343102,0,,4.09092235,-571.9090776,573.5847363,-1,,1,4.36e-05,4.77e-05,0.009681683,3.72e-05,4.36e-05,0.012596595,4.3e-05,3.72e-05,4.36e-05,0.0,0.0,0.0,0.0,0.0,-0.024458795,0.0,-1.0,0.0,0.014287791,0.014287791,5.95e-10,0.0,0.0,0.0,0.0,0.0,0.0,0.0,0.0,-573.5847363,0.0,1.0
359.6700134,0,0,0,0,0,0.199679872,0.800320128,0.264226025,0.266638761,0.67966745,0,0,0,0,0,0,0,0,0,0,0,0,0,1,1,1,1,0.246960541,0.441180292,0.249794558,0.517488779,0.239973625,0.593650864,0.246960541,0.441180292,0.249616111,0.481628218,0.257281574,0.388470503,0.246960541,0.441180292,0.67966745,1.735983875,,,1.27550697,,,1.330338638,,,1.387415378,,,1.27550697,,,1.304283386,,,1.23895757,,,1.27550697,,,0.001911023,0.001757096,0.001977625,0.001911023,0.001833372,0.001923695,0.001911023,201.0120303,201.0120303,348.4992816,1,,0.0,203.4108754,203.4108754,,349.2617508,1,,26.39389705,26.39389705,349.5935423,0,155.0034713,155.0034713,348.4992816,0,,145.3430225,145.3430225,348.9546593,0,,147.3050092,147.3050092,347.2986732,0,,48.80668754,48.80668754,348.4992816,0,,0.244234269,0.376130774,0.21236763,-7.153073466,1.230553513,0.019342478,0.001969775,0.001473376,160.6550316,160.6550316,347.7905629,0,,130.8286594,130.8286594,344.3179155,0,,1,,,,,,,,,,0.003041251,0.004184291,0.0,0.0,0.0,0.0,0.0,0.0,0.0,,,,0.0,0.0,0.0,0.0,0.0,0.0,0.0,0.0,0.0,0.0,1.0
75.47000122,0,0,0,0,0,0.383753501,0.616246499,0.324313569,0.665131854,0.44393899,0,0,0,0,0,0,0,0,0,0,0,0,0,1,1,1,1,0.335661184,0.249830103,0.33376642,0.302153326,0.422166036,0.142704171,0.335661184,0.249830103,0.333715361,0.281015728,0.328639541,0.246052588,0.335661184,0.249830103,0.44393899,1.500255414,,,1.106652758,,,1.130391549,,,1.059594046,,,1.106652758,,,1.120740826,,,1.10495834,,,1.106652758,,,0.001006545,0.000832678,0.000830265,0.001006545,0.000878205,0.000993353,0.001006545,105.8740021,105.8740021,72.77316294,1,,0.0,96.39523133,96.39523133,,72.84870802,1,,11.08093837,11.08093837,71.99254674,0,81.64107296,81.64107296,72.77316294,1,,69.62084406,69.62084406,72.83921127,1,,76.06504073,76.06504073,72.73225271,1,,25.7067168,25.7067168,72.77316294,0,,0.337619172,0.206592062,0.367685959,-8.265168234,1.087412529,0.034991694,0.001129919,0.001553062,92.15626929,92.15626929,72.70307598,1,,137.904437,137.904437,72.60614829,2,,1,,,,,,,,,,0.000975236,0.00142651,0.0,0.000975236,0.001233904,0.000945967,0.000666879,2.0,0.0,,,,0.0,0.0,0.0,0.0,0.0,0.0,0.0,0.0,145.2122966,0.0,1.0
276.2600098,1,1,1,1,1,0.554221689,0.445778311,0.763629129,0.038928422,0.6351457,276,0,0,0,0,0,0,276,553,0,276,276,276,1,1,1,1,0.698790517,-0.315652814,0.700226621,-0.380113088,0.098817828,1.559646325,0.698790517,-0.315652814,0.71167046,-0.380050938,0.734379238,-0.36932824,0.698790517,-0.315652814,0.6351457,1.691462125,,,0.847126699,,,0.818906882,,,2.269908873,,,0.847126699,,,0.818933632,,,0.823561991,,,0.847126699,,,0.001161294,0.000974817,0.002908599,0.001161294,0.0010374,0.001160183,0.001161294,122.1513651,-153.8486349,282.7636335,-1,,0.0,112.8500004,112.8500004,,269.2256846,0,,38.818921,38.818921,273.0007633,0,94.19279819,-181.8072018,282.7636335,-1,,82.24128849,-470.7587115,282.2653358,-2,,88.83984248,88.83984248,269.2256846,0,,29.65893881,29.65893881,269.2256846,0,,0.692668962,-0.25440617,0.578632058,-9.775563396,0.874840073,0.005869588,0.001296689,0.000406114,105.7580537,-170.2419463,283.4226961,-1,,36.06096925,-239.9390307,275.2063814,-1,,1,,,,,,,,,,-0.001556823,0.0,0.0,-0.001556823,-0.00451371,0.0,-0.001011289,-1.0,0.0,,,,0.0,0.0,0.0,0.0,0.0,0.0,0.0,0.0,-275.2063814,0.0,1.0
74.36000061,0,0,0,0,0,0.156462585,0.843537415,0.060485476,0.199246547,0.484644359,74,0,0,0,0,0,0,0,0,0,0,74,74,1,1,1,1,0.069771655,1.616408385,0.068000677,1.96785786,0.108982256,1.42811098,0.069771655,1.616408385,0.068056478,1.828354127,0.063772195,1.624017688,0.069771655,1.616408385,0.484644359,1.540960784,,,2.011629033,,,2.341785698,,,1.854330863,,,2.011629033,,,2.204700101,,,2.018258815,,,2.011629033,,,0.002005081,0.001920049,0.001621559,0.002005081,0.001923067,0.002005712,0.002005081,210.9055877,136.9055877,72.25051474,2,,72.25051474,222.2751736,222.2751736,,72.72844776,3,,21.64175268,21.64175268,72.08214359,0,162.6325456,162.6325456,72.25051474,2,,152.4537035,152.4537035,72.5653918,2,,153.5853836,153.5853836,72.14719325,2,,51.20889083,51.20889083,72.25051474,1,,0.071630695,1.327780456,0.11299548,-6.441558939,1.775603524,0.061706289,0.001997208,0.003024013,162.8925081,162.8925081,72.07565726,2,,268.5178208,194.5178208,68.41198579,3,,1,,,,,,,,,,0.081649252,0.181521776,0.0,0.081649252,0.104464963,0.082419795,0.055093779,1.945016323,0.040824626,,,,14.21324689,0.0,0.0,0.0,0.0,0.0,0.0,0.0,136.8239716,0.0,1.0
871.3800049,1,1,1,1,1,0.715486194,0.284513806,0.818543573,0.34407702,0.69004757,871,0,871,0,871,0,0,871,871,871,871,0,1742,1,1,1,1,0.793182165,-0.561974645,0.79667298,-0.684982307,0.532985647,-0.059568734,0.793182165,-0.561974645,0.797472965,-0.639965243,0.808324663,-0.578132664,0.793182165,-0.561974645,0.69004757,1.746363995,,,0.731015186,,,0.682561782,,,0.967333745,,,0.731015186,,,0.699909944,,,0.724459282,,,0.731015186,,,0.0011178,0.000923282,0.001412957,0.0011178,0.0010076,0.001150239,0.0011178,117.5764314,-753.4235686,892.0549782,-1,,0.0,106.8840372,-764.1159628,,890.9408399,-1,,18.85769424,18.85769424,826.8566201,0,90.66499637,-780.3350036,892.0549782,-1,,79.87881108,-791.1211889,891.5275942,-1,,88.07844174,-782.9215583,891.8032229,-1,,28.54812291,28.54812291,826.8566201,0,,0.789355918,-0.460468489,0.736526703,-10.90610485,0.773578817,0.00228693,0.001260337,0.000178089,102.7932056,-768.2067944,894.186501,-1,,15.81342931,15.81342931,837.3372533,0,,1,,,,,,,,,,-0.004934617,-0.007331262,0.0,-0.004934617,-0.006399305,-0.005222459,-0.003312988,0.0,0.0,,,,0.0,0.0,0.0,0.0,0.0,0.0,0.0,0.0,0.0,0.0,1.0
473.1300049,0,0,0,0,0,0.220888355,0.779111645,0.165937127,0.284637924,0.718554858,0,0,0,0,0,0,0,0,0,0,0,0,0,1,1,1,1,0.175419714,0.684001785,0.173753715,0.824932828,0.215007352,0.689895786,0.175419714,0.684001785,0.173783318,0.766796614,0.169489869,0.666085947,0.175419714,0.684001785,0.718554858,1.774871282,,,1.480575569,,,1.605261998,,,1.485590688,,,1.480575569,,,1.552602591,,,1.465434952,,,1.480575569,,,0.002392864,0.00231672,0.002318908,0.002392864,0.002384867,0.002472133,0.002392864,251.6947832,251.6947832,462.5851681,1,,0.0,268.1959486,268.1959486,,464.2968002,1,,30.94874221,30.94874221,462.6099625,0,194.0857223,194.0857223,462.5851681,0,,189.0634785,189.0634785,463.5879348,0,,189.301109,189.301109,461.7669804,0,,61.11270364,61.11270364,462.5851681,0,,0.177122403,0.5674232,0.204535338,-7.096993476,1.384787257,0.017047645,0.002366936,0.001409531,193.0475194,193.0475194,461.5070834,0,,125.1595874,125.1595874,451.3439317,0,,1,,,,,,,,,,0.007310288,0.010633034,0.0,0.0,0.0,0.0,0.0,0.0,0.0,,,,0.0,0.0,0.0,0.0,0.0,0.0,0.0,0.0,0.0,0.0,1.0
370.0,1,1,1,1,1,0.778688525,0.221311475,0.839819005,0.650527325,0.749120359,0,0,0,0,0,0,0,0,0,740,370,0,0,1,1,1,1,0.825656447,-0.688774041,0.827902875,-0.833851929,0.744140641,-0.53957316,0.825656447,-0.688774041,0.827989624,-0.775673441,0.834241657,-0.682646903,0.825656447,-0.688774041,0.749120359,1.805436783,0.0,0.0,0.665691148,0.0,0.0,0.611010067,0.0,0.0,0.727034609,0.0,0.0,0.665691148,0.0,0.0,0.632376809,0.0,0.0,0.668105269,0.0,0.0,0.665691148,0.0,0.0,0.001140568,0.000944159,0.001217146,0.001140568,0.001040094,0.00120148,0.001140568,119.9712453,119.9712453,342.9386391,0,0.0,0.0,109.3009068,109.3009068,0.0,342.9386391,0,0.0,16.24434325,16.24434325,342.9386391,0,92.51167425,92.51167425,342.9386391,0,0.0,82.4548323,82.4548323,342.9386391,0,0.0,92.00211741,-647.9978826,387.1371908,-2,0.0,29.12959524,29.12959524,342.9386391,0,0.0,0.823363394,-0.569198515,0.792398522,-11.30615266,0.71442023,0.00125615,0.001284439,0.000110636,104.7589747,-265.2410253,390.8704525,-1,0.0,9.823956842,9.823956842,346.2062919,0,0.0,1,0.0,0.0,0.0,0.0,0.0,0.0,0.0,0.0,0.0,0.0,0.0,0.0,0.0,0.0,-0.014562712,-0.005062296,0.0,0.0,0.0,0.0,0.0,0.0,0.0,0.0,0.0,0.0,0.0,0.0,0.0,0.0,0.0,0.0
62.75,1,1,1,1,1,0.636254502,0.363745498,0.689216076,0.709083298,0.393206036,0,0,0,0,0,0,0,0,0,0,0,0,0,1,1,1,1,0.677037694,-0.273147133,0.679134014,-0.330607351,0.677755534,-0.354188079,0.677037694,-0.273147133,0.678986736,-0.307058364,0.68446643,-0.269172007,0.677037694,-0.273147133,0.393206036,1.449522461,,,0.903570133,,,0.884500019,,,0.876790923,,,0.903570133,,,0.892266383,,,0.904904518,,,0.903570133,,,0.000730614,0.000567767,0.000596648,0.000730614,0.000609202,0.000715185,0.000730614,76.8500509,76.8500509,60.90530377,1,,0.0,65.72771588,65.72771588,,60.90530377,1,,7.963024205,7.963024205,60.90530377,0,59.26025738,59.26025738,60.90530377,1,,48.29529901,48.29529901,60.90530377,1,,54.76456843,54.76456843,60.90530377,1,,18.65956189,18.65956189,60.90530377,0,,0.674994549,-0.225887314,0.648469811,-10.27560869,0.919562663,0.022045274,0.000862974,0.000861478,70.38421727,70.38421727,60.90530377,1,,76.49506448,76.49506448,61.0339871,1,,1,,,,,,,,,,0.001165771,0.001707832,0.0,0.001165771,0.001473201,0.001132087,0.000797267,1.0,0.0,,,,0.009398901,0.0,0.0,0.0,0.0,0.0,0.0,0.0,61.0339871,0.0,1.0
85.91999817,1,1,1,1,1,0.697478992,0.302521008,0.739753283,0.380075345,0.224173764,0,0,0,0,0,0,0,0,0,0,0,86,0,1,1,1,1,0.729775769,-0.383255704,0.730978559,-0.46064129,0.545803478,-0.082969115,0.729775769,-0.383255704,0.731553769,-0.429766066,0.735719771,-0.372349797,0.729775769,-0.383255704,0.224173764,1.280490189,,,0.909593687,,,0.892355826,,,0.979695441,,,0.909593687,,,0.899193853,,,0.912049634,,,0.909593687,,,0.000481295,0.000348788,0.00040099,0.000481295,0.000373679,0.000453109,0.000481295,50.62525177,50.62525177,83.21512295,1,,0.0,40.37756565,40.37756565,,83.21512295,0,,5.351720605,5.351720605,83.21512295,0,39.03791103,39.03791103,83.21512295,0,,29.623933,29.623933,83.21512295,0,,34.6963936,34.6963936,83.21512295,0,,12.29205456,12.29205456,83.21512295,0,,0.728324132,-0.318598276,0.706187095,-10.68887022,0.924251385,0.071165441,0.00060085,0.001757512,49.00534691,49.00534691,83.21512295,1,,156.0585786,70.05857863,83.87516756,1,,1,,,,,,,,,,0.002295077,0.0,0.0,0.0,0.0,0.0,0.001586013,1.0,0.0,,,,0.0,0.0,0.0,0.0,0.0,0.0,0.0,0.0,83.87516756,0.0,1.0
4.179999828,0,0,0,0,0,0.547819128,0.452180872,0.524472742,0.50648807,0.324195687,0,0,0,0,0,0,0,0,0,29,0,17,0,1,1,1,1,0.529340974,-0.041036698,0.52847564,-0.047510485,0.525075312,-0.045220895,0.529340974,-0.041036698,0.528546809,-0.044281643,0.526337724,-0.034497859,0.529340974,-0.041036698,0.324195687,1.380512112,,,0.986854695,,,0.984796783,,,0.985524116,,,0.986854695,,,0.985822643,,,0.988937652,,,0.986854695,,,0.000675348,0.000520066,0.000549076,0.000675348,0.000553653,0.000651119,0.000675348,71.03685641,71.03685641,3.940966143,18,,15.76386457,60.20564569,60.20564569,,3.940966143,15,,7.328108021,7.328108021,3.940966143,2,54.77761362,54.77761362,3.940966143,14,,43.89158153,43.89158153,3.940966143,11,,49.85878945,20.85878945,3.940966143,5,,17.24809032,17.24809032,3.940966143,4,,0.530187772,-0.035416572,0.541884021,-9.512443778,0.988644729,0.046545239,0.000803028,0.001518438,65.49503079,65.49503079,3.940966143,17,,134.8299509,117.8299509,3.957195944,30,,1,,,,,,,,,,0.000473628,0.000529042,6.39e-05,0.000368377,0.000337023,9.3e-05,0.000333182,30.0,0.000105251,,,,0.033199844,0.0,0.0,0.0,0.0,0.0,0.0,0.0,118.7158783,0.0,1.0
699.5700073,0,0,1,0,0,0.572228892,0.427771108,0.528054119,0.755546254,0.592309649,0,0,0,0,0,0,0,0,0,0,0,0,0,1,1,1,1,0.537118787,-0.051995806,0.535645317,-0.05955525,0.608177275,-0.201855906,0.537118787,-0.051995806,0.535580504,-0.055267331,0.531552211,-0.041365512,0.537118787,-0.051995806,0.592309649,1.648626074,0.0,0.0,0.974340058,0.0,0.0,0.970664698,0.0,0.0,0.904008697,0.0,0.0,0.974340058,0.0,0.0,0.972747755,0.0,0.0,0.979532005,0.0,0.0,0.974340058,0.0,0.0,0.001223503,0.001042764,0.001042734,0.001223503,0.001111964,0.001253533,0.001223503,128.6948966,128.6948966,677.8474116,0,0.0,0.0,120.7159581,120.7159581,0.0,677.8474116,0,0.0,13.91660116,13.91660116,677.8474116,0,99.23861604,99.23861604,677.8474116,0,0.0,88.15241077,88.15241077,677.8474116,0,0.0,95.98802916,95.98802916,677.8474116,0,0.0,31.24773972,31.24773972,677.8474116,0,0.0,0.538643098,-0.045416065,0.561088591,-9.64995042,0.977550418,0.008031227,0.001342955,0.000505349,109.5315379,109.5315379,677.8474116,0,0.0,44.8725725,44.8725725,680.0086636,0,0.0,1,0.0,0.0,0.0,0.0,0.0,0.0,0.0,0.0,0.0,0.0,0.0,0.0,0.0,0.0,0.0,0.0,0.0,0.0,0.0,0.0,0.0,0.0,0.0,0.0,0.0,0.0,0.0,0.0,0.0,0.0,0.0,1.0
1830.0,0,0,0,0,0,0.454981993,0.545018007,0.39793076,0.404771871,0.728533113,0,0,0,0,0,0,0,0,0,0,0,0,0,1,1,1,1,0.409028477,0.130152796,0.407063753,0.158819824,0.417313428,0.151965691,0.409028477,0.130152796,0.407177527,0.147465028,0.402145034,0.1317118,0.409028477,0.130152796,0.728533113,1.784849538,0.0,0.0,1.0783175,0.0,0.0,1.096375504,0.0,0.0,1.092030612,0.0,0.0,1.0783175,0.0,0.0,1.089186974,0.0,0.0,1.079291859,0.0,0.0,1.0783175,0.0,0.0,0.001776483,0.001618186,0.001744221,0.001776483,0.001711021,0.001859349,0.001776483,186.8603373,186.8603373,1708.451321,0,0.0,0.0,187.329874,187.329874,0.0,1713.589124,0,0.0,23.27882829,23.27882829,1712.445114,0,144.0908829,144.0908829,1708.451321,0,0.0,135.6435027,135.6435027,1711.667616,0,0.0,142.3777699,142.3777699,1706.971855,0,0.0,45.37058843,45.37058843,1708.451321,0,0.0,0.410983598,0.106697724,0.439587262,-8.779988758,1.063764075,0.00617932,0.001848663,0.00052163,150.7771511,150.7771511,1705.171416,0,0.0,46.31819768,46.31819768,1720.530716,0,0.0,1,0.0,0.0,0.0,0.0,0.0,0.0,0.0,0.0,0.0,0.0,0.0,0.0,0.0,0.0,0.0,0.0,0.0,0.0,0.0,0.0,0.0,0.0,0.0,0.0,0.0,0.0,0.0,0.0,0.0,0.0,0.0,1.0
99.94999695,1,1,1,1,1,0.993597439,0.006402561,0.961798647,0.966931771,0.596120768,0,0,0,0,0,0,0,0,0,0,0,0,0,1,1,1,1,0.968505964,-2.787769258,0.967339186,-3.255871077,0.973684901,-3.976908756,0.968505964,-2.787769258,0.967406061,-3.030669358,0.964378463,-2.426567545,0.968505964,-2.787769258,0.596120768,1.652437193,,,0.246557341,,,0.194900632,,,0.135686591,,,0.246557341,,,0.218240507,,,0.295600421,,,0.246557341,,,0.000312063,0.000211321,0.000157997,0.000312063,0.000251792,0.000381572,0.000312063,32.82451151,32.82451151,96.10731361,0,,0.0,24.4636294,24.4636294,,96.10731361,0,,2.10867171,2.10867171,96.10731361,0,25.31148617,25.31148617,96.10731361,0,,19.96111149,19.96111149,96.10731361,0,,29.21853024,29.21853024,96.10731361,0,,7.969949233,7.969949233,96.10731361,0,,0.969659112,-2.389027032,0.985639288,-12.68977586,0.301226774,0.001706252,0.000416663,0.000108284,33.98308273,33.98308273,96.10731361,0,,9.615096968,9.615096968,97.50721904,0,,1,,,,,,,,,,0.0,0.0,0.0,0.0,0.0,0.0,0.0,0.0,0.0,,,,0.0,0.0,0.0,0.0,0.0,0.0,0.0,0.0,0.0,0.0,1.0
589.9000244,0,0,0,0,0,0.296118447,0.703881553,0.373656984,0.283800753,0.59723751,0,0,0,0,0,0,0,0,0,0,590,590,0,1,1,1,1,0.353565556,0.218517325,0.356815294,0.254143598,0.312209285,0.378994276,0.353565556,0.218517325,0.35671576,0.236464786,0.365610348,0.185840717,0.353565556,0.218517325,0.59723751,1.653553935,,,1.116164478,,,1.136343492,,,1.209983116,,,1.116164478,,,1.126284875,,,1.097971395,,,1.116164478,,,0.001415976,0.001235414,0.001412846,0.001415976,0.001302954,0.001420894,0.001415976,148.9402133,148.9402133,563.3966231,0,,0.0,143.0181578,143.0181578,,564.0324814,0,,18.85620566,18.85620566,568.6817343,0,114.8500914,114.8500914,563.3966231,0,,103.2933723,103.2933723,563.6110907,0,,108.8035247,108.8035247,561.7400584,0,,36.16339996,36.16339996,563.3966231,0,,0.350382866,0.187839302,0.311795101,-7.8649841,1.099075566,0.019148865,0.001523308,0.001218288,124.2411591,-465.7588409,630.3961809,-1,,108.1781345,-481.8218655,581.4670853,-1,,1,,,,,,,,,,0.0,0.0,0.0,0.0,0.0,0.0,-0.000551306,-0.966530858,0.0,,,,0.0,0.0,0.0,0.0,0.0,0.0,0.0,0.0,-581.4670853,0.0,1.0
10.68999958,1,1,1,1,1,0.738295318,0.261704682,0.859530442,0.936375052,0.612199064,182,0,107,0,107,0,0,299,278,449,0,139,289,1,1,1,1,0.830087966,-0.708917449,0.835101193,-0.874213182,0.83950768,-0.973650746,0.830087966,-0.708917449,0.834727522,-0.810749506,0.847933032,-0.748766344,0.830087966,-0.708917449,0.612199064,1.668515488,,,0.695642667,,,0.63919883,,,0.607474418,,,0.695642667,,,0.660306946,,,0.681595316,,,0.695642667,,,0.000910107,0.000720428,0.000736007,0.000910107,0.000791937,0.000912315,0.000910107,95.73012066,-86.26987934,10.96950337,-8,,20.4599819,83.40055539,-23.59944461,,10.93594388,-2,,9.822944411,9.822944411,10.22999095,1,73.81896984,-225.1810302,10.96950337,-21,,62.78183555,-215.2181644,10.94358259,-20,,69.85961206,-379.1403879,10.94946465,-35,,23.24373362,23.24373362,10.22999095,2,,0.825238498,-0.576122453,0.764770518,-11.10833339,0.744578609,0.003390639,0.001059872,0.000223032,86.44326734,86.44326734,10.22999095,8,,19.804152,-119.195848,10.44214339,-11,,1,,,,,,,,,,-0.062820494,-0.023882771,0.014812434,-0.164903796,-0.205410863,-0.306606036,0.041489635,-11.0,0.015705123,,,,0.253842073,0.0,0.0,0.0,0.0,0.0,0.0,0.0,-114.8635773,0.0,1.0
44.70000076,0,0,0,0,0,0.233293317,0.766706683,0.272980501,0.62034324,0.373182556,0,0,0,0,0,0,0,0,0,0,0,0,0,1,1,1,1,0.263377003,0.399574917,0.265102035,0.471770999,0.318834044,0.362516605,0.263377003,0.399574917,0.264858455,0.439257434,0.269222631,0.361310483,0.263377003,0.399574917,0.373182556,1.429498981,,,1.153473374,,,1.183617125,,,1.138299965,,,1.153473374,,,1.169945577,,,1.13780949,,,1.153473374,,,0.000889351,0.000718643,0.000731662,0.000889351,0.000755514,0.00085362,0.000889351,93.54687987,93.54687987,42.98092591,2,,42.98092591,83.19390224,83.19390224,,43.06352498,2,,9.764954107,9.764954107,42.88902451,0,72.13543925,72.13543925,42.98092591,2,,59.89440001,59.89440001,43.02960638,1,,65.36513653,65.36513653,42.88554526,2,,22.71363225,22.71363225,42.98092591,1,,0.261757287,0.338435571,0.242113481,-7.366056736,1.128547219,0.071929486,0.001016363,0.002669788,82.89466871,82.89466871,42.88902919,2,,237.0642953,237.0642953,42.45573955,6,,1,,,,,,,,,,0.004989379,0.006955246,0.0,0.004989379,0.003014798,0.00407954,0.003579332,5.086761735,0.002494689,,,,0.005913118,0.0,0.0,0.0,0.0,0.0,0.0,0.0,212.2786977,0.0,1.0
12.11999989,0,0,0,0,0,0.323729492,0.676270508,0.255073617,0.520301381,0.276249355,0,0,0,0,0,0,12,0,0,0,0,582,0,1,1,1,1,0.267421679,0.389867058,0.265298582,0.471207603,0.339778349,0.31287379,0.267421679,0.389867058,0.26529476,0.438093961,0.2597327,0.382757072,0.267421679,0.389867058,0.276249355,1.33256578,,,1.11843822,,,1.144864906,,,1.093986122,,,1.11843822,,,1.134032099,,,1.116157457,,,1.11843822,,,0.000678241,0.000524861,0.000527273,0.000678241,0.000552832,0.000643776,0.000678241,71.34116066,71.34116066,11.9727085,6,,0.0,60.76076447,60.76076447,,11.978615,5,,7.037120753,7.037120753,11.96772852,1,55.01226731,55.01226731,11.9727085,5,,43.82652659,43.82652659,11.9741974,4,,49.29647701,49.29647701,11.97094387,4,,17.32197685,5.321976854,11.9727085,0,,0.269602764,0.322663205,0.304078735,-7.809734148,1.097065206,0.106222065,0.000802543,0.003040316,65.45549153,65.45549153,11.97032693,5,,269.9654416,-312.0345584,12.10157452,-26,,1,,,,,,,,,,0.014249655,0.01734661,0.001529531,0.011874713,0.011995395,0.009156436,0.008133714,-24.77797865,0.0,,,,0.002991678,0.0,0.0,0.0,0.0,0.0,0.0,0.0,-302.5393629,0.0,1.0
52.27999878,1,1,1,1,1,0.619447779,0.380552221,0.726621568,0.14859774,0.218401637,0,0,0,0,0,0,0,0,0,0,0,575,0,1,1,1,1,0.69885349,-0.315781157,0.701551743,-0.383362788,0.298274573,0.415057732,0.69885349,-0.315781157,0.703894181,-0.361795663,0.715053369,-0.327905822,0.69885349,-0.315781157,0.218401637,1.274718062,,,0.926215834,,,0.911146354,,,1.105994465,,,0.926215834,,,0.915928603,,,0.923494025,,,0.926215834,,,0.000482576,0.000349753,0.000444376,0.000482576,0.00037381,0.000451099,0.000482576,50.75998956,50.75998956,50.38148858,1,,0.0,40.48925499,40.48925499,,50.38148858,1,,5.930763759,5.930763759,50.84235223,0,39.14180942,39.14180942,50.38148858,1,,29.63427495,29.63427495,50.38148858,1,,34.54243961,34.54243961,50.38148858,1,,12.32476955,12.32476955,50.38148858,0,,0.695180958,-0.258616617,0.638581051,-10.20480418,0.939156896,0.083998078,0.000602427,0.002040029,49.13397285,49.13397285,50.38148858,1,,181.1447973,-393.8552027,52.01865852,-8,,1,,,,,,,,,,0.00155809,0.00229636,0.0,0.00155809,0.002045252,0.001680035,0.00104504,-8.0,0.0,,,,0.0,0.0,0.0,0.0,0.0,0.0,0.0,0.0,-416.1492682,0.0,1.0
538.2800293,0,0,0,0,0,0.199279712,0.800720288,0.107043374,0.035998326,0.498715758,0,0,0,0,0,0,0,0,0,0,0,538,0,1,1,1,1,0.118797119,1.021480616,0.116389607,1.242467637,0.069016099,2.103623309,0.118797119,1.021480616,0.116773259,1.151565747,0.111245911,1.017638612,0.118797119,1.021480616,0.498715758,1.555032183,,,1.569849655,,,1.73073261,,,2.531322227,,,1.569849655,,,1.662648728,,,1.567189085,,,1.569849655,,,0.001614149,0.001471602,0.002297624,0.001614149,0.001504019,0.00161137,0.001614149,169.7851539,169.7851539,528.3326491,0,,0.0,170.3605032,170.3605032,,529.1454963,0,,30.66469126,30.66469126,532.7242738,0,130.9239461,130.9239461,528.3326491,0,,119.2330691,119.2330691,528.708398,0,,123.3890305,123.3890305,527.6746541,0,,41.22465179,41.22465179,528.3326491,0,,0.121157382,0.840884289,0.163685307,-6.804503167,1.449541434,0.049580257,0.001674932,0.002512894,136.6075721,136.6075721,527.4362544,0,,223.1329162,-314.8670838,535.1118651,-1,,1,,,,,,,,,,0.0,0.0,0.0,0.0,0.0,0.0,0.0,-0.72345724,0.0,,,,0.0,0.0,0.0,0.0,0.0,0.0,0.0,0.0,-535.1118651,0.0,1.0
180.7100067,1,1,1,1,1,0.899559824,0.100440176,0.941106248,0.914190038,0.326619612,0,0,0,0,0,0,0,0,0,0,0,0,0,1,1,1,1,0.931781734,-1.645227314,0.933366254,-1.999212458,0.917842714,-1.827260982,0.931781734,-1.645227314,0.933294381,-1.857122457,0.937478028,-1.648701073,0.931781734,-1.645227314,0.326619612,1.382936036,,,0.586608768,,,0.523006035,,,0.552990701,,,0.586608768,,,0.547662835,,,0.585948487,,,0.586608768,,,0.000403858,0.000278142,0.000310318,0.000403858,0.000309744,0.000388332,0.000403858,42.48001636,42.48001636,175.1579547,0,,0.0,32.19923459,32.19923459,,175.1579547,0,,4.141580534,4.141580534,175.1579547,0,32.75699461,32.75699461,175.1579547,0,,24.55536532,24.55536532,175.1579547,0,,29.7361685,29.7361685,175.1579547,0,,10.31435224,10.31435224,175.1579547,0,,0.930216688,-1.355518937,0.909328533,-12.14338323,0.644377097,0.019506808,0.000526122,0.000640513,42.9105438,42.9105438,175.1579547,0,,56.87443458,56.87443458,175.4802173,0,,1,,,,,,,,,,0.0,0.0,0.0,0.0,0.0,0.0,0.0,0.0,0.0,,,,0.0,0.0,0.0,0.0,0.0,0.0,0.0,0.0,0.0,0.0,1.0
60.04999924,1,1,1,1,1,0.777110844,0.222889156,0.771189813,0.840519046,0.480856588,300,60,0,0,60,0,300,60,961,120,120,120,360,1,1,1,1,0.772500772,-0.495858138,0.772320457,-0.590976391,0.796458487,-0.739814515,0.772500772,-0.495858138,0.772270993,-0.549269989,0.771709156,-0.462407995,0.772500772,-0.495858138,0.480856588,1.537173013,,,0.808001197,,,0.775624042,,,0.727544896,,,0.808001197,,,0.789657558,,,0.819705609,,,0.808001197,,,0.000798621,0.000629709,0.00062983,0.000798621,0.000682031,0.000807137,0.000798621,84.00338346,-215.9966165,63.03675532,-3,,-252.1470213,72.89851161,12.89851161,,55.14082923,0,,8.405872086,8.405872086,55.14082923,0,64.77630225,4.776302252,55.14082923,0,,54.06888618,-906.9311138,62.84840603,-14,,61.80573695,-58.19426305,63.08979793,-1,,20.39642544,-279.6035746,63.03675532,-4,,0.772703879,-0.416389205,0.775773117,-11.18711309,0.836085443,0.008149134,0.000933605,0.00039574,76.1449419,-43.8550581,63.38580087,-1,,35.13980004,-84.86019996,59.32539981,-1,,0,,,,,,,,,,-0.011525404,0.0,0.0,0.0,-0.065996333,-0.003340956,-0.002709062,-1.0,-0.015367206,,,,-0.057846899,0.0,0.0,0.0,0.0,0.0,0.0,0.0,-59.32539981,0.0,1.0
94.16000366,0,0,0,0,0,0.31292517,0.68707483,0.222443295,0.788614483,0.615514868,0,0,0,0,0,0,0,0,0,0,0,0,0,1,1,1,1,0.237391423,0.467263136,0.234787453,0.566279671,0.341183065,0.309664796,0.237391423,0.467263136,0.234777156,0.526505236,0.228022312,0.46315498,0.237391423,0.467263136,0.615514868,1.671831293,,,1.271421655,,,1.337794318,,,1.172505381,,,1.271421655,,,1.310726239,,,1.268740182,,,1.271421655,,,0.001674729,0.001519824,0.001432201,0.001674729,0.001584561,0.001710879,0.001674729,176.1573418,176.1573418,92.21813618,2,,0.0,175.9430072,175.9430072,,92.3767585,2,,19.11452841,19.11452841,91.81937262,0,135.8376383,135.8376383,92.21813618,1,,125.6182063,125.6182063,92.33099279,1,,131.0088748,131.0088748,92.14762571,1,,42.77184964,42.77184964,92.21813618,0,,0.240085663,0.385613739,0.285098907,-7.673836684,1.219175075,0.019375708,0.001745669,0.001283908,142.3769233,142.3769233,92.10239903,2,,114.0048723,114.0048723,91.46083789,1,,1,,,,,,,,,,0.006822964,0.010021021,0.0,0.003411482,0.004331371,0.003351758,0.004646811,0.920121398,0.0,,,,0.069401573,0.0,0.0,0.0,0.0,0.0,0.0,0.0,91.46083789,0.0,1.0
67.75,0,0,0,0,0,0.149659864,0.850340136,0.076402706,0.31017162,0.419103974,0,0,0,0,0,0,0,0,0,0,0,339,0,1,1,1,1,0.085492507,1.36973507,0.083814753,1.661685293,0.132951442,1.182204312,0.085492507,1.36973507,0.08385028,1.544328177,0.07968694,1.360839549,0.085492507,1.36973507,0.419103974,1.475420398,,,1.703608791,,,1.90846796,,,1.58377312,,,1.703608791,,,1.823313737,,,1.697724745,,,1.703608791,,,0.00146352,0.001315007,0.001158905,0.00146352,0.001336361,0.001433773,0.00146352,153.9411823,153.9411823,66.98788569,2,,66.98788569,152.2322248,152.2322248,,67.07674436,2,,15.46704606,15.46704606,66.92465978,0,118.7064156,118.7064156,66.98788569,2,,105.9418057,105.9418057,67.03732541,2,,109.7897386,109.7897386,66.94542432,2,,37.37765928,37.37765928,66.98788569,1,,0.087240662,1.129318318,0.121503434,-6.502476737,1.551528253,0.079731337,0.001534432,0.003326765,125.1484386,125.1484386,66.93729161,2,,295.4006859,-43.59931414,67.45488934,-1,,1,,,,,,,,,,0.058630443,0.086287438,0.0,0.058630443,0.074529672,0.057871384,0.039854996,-0.660659433,0.029315221,,,,0.001928463,0.0,0.0,0.0,0.0,0.0,0.0,0.0,-67.45488934,0.0,1.0
191.8800049,0,0,0,0,0,0.112845138,0.887154862,0.02626343,0.637086647,0.499824398,192,0,0,0,0,0,0,192,192,192,0,192,192,1,1,1,1,0.031510769,2.786907194,0.030480106,3.389640217,0.06370203,2.238308022,0.031510769,2.786907194,0.030509335,3.149630797,0.028074307,2.788068596,0.031510769,2.786907194,0.499824398,1.556140823,,,3.429434004,,,4.476892448,,,2.690695698,,,3.429434004,,,4.026086645,,,3.431195752,,,3.429434004,,,0.003534813,0.003817468,0.002449431,0.003534813,0.003652373,0.003537352,0.003534813,371.8113467,179.8113467,189.4091034,1,,0.0,441.9304893,441.9304893,,190.1191545,2,,32.69074037,32.69074037,188.6707291,0,286.7094536,94.70945363,189.4091034,1,,289.5467486,97.54674864,189.8596249,1,,270.8691806,78.86918061,189.154249,0,,90.27758285,90.27758285,189.4091034,0,,0.03261106,2.290798998,0.062743653,-6.081750827,2.753882577,0.067921375,0.003188807,0.003451576,260.079426,260.079426,189.0518641,1,,306.4833478,114.4833478,179.3196169,1,,1,,,,,,,,,,0.121357058,0.3590519,0.0,0.121357058,0.155002721,0.0,0.081996251,0.577932705,0.0,,,,27.13781607,0.0,0.0,0.0,0.0,0.0,0.0,0.0,179.3196169,0.0,1.0
23.45999908,1,1,1,1,1,0.757503001,0.242496999,0.820533227,0.408120553,0.227428176,0,0,0,0,0,0,0,0,0,0,0,0,0,1,1,1,1,0.805551603,-0.606447894,0.807513679,-0.732452708,0.592266695,-0.170455794,0.805551603,-0.606447894,0.808155478,-0.683695532,0.814507376,-0.601008508,0.805551603,-0.606447894,0.227428176,1.283744601,,,0.859435647,,,0.83280732,,,0.958316993,,,0.859435647,,,0.843011784,,,0.860604119,,,0.859435647,,,0.000458719,0.000328835,0.000396343,0.000458719,0.000353911,0.000431634,0.000458719,48.25065836,48.25065836,22.12906356,2,,22.12906356,38.0677496,38.0677496,,22.12906356,2,,5.289702787,5.289702787,22.12906356,0,37.20682549,37.20682549,22.12906356,2,,28.05673707,28.05673707,22.12906356,1,,33.05194454,33.05194454,22.12906356,1,,11.71549186,11.71549186,22.12906356,1,,0.803311609,-0.501616588,0.770654962,-11.15046659,0.882237106,0.061718116,0.000577863,0.001538586,47.13057075,47.13057075,22.12906356,2,,136.6190192,136.6190192,22.30129052,6,,1,,,,,,,,,,0.011493095,0.016765218,0.0,0.011493095,0.007303743,0.005643925,0.0078631,6.0,0.005746548,,,,0.00164855,0.0,0.0,0.0,0.0,0.0,0.0,0.0,133.8077431,0.0,1.0
47.49000168,1,1,1,1,1,0.491803279,0.508196721,0.706302794,0.324381625,0.702414187,570,712,0,0,712,0,0,0,0,712,0,570,1282,1,1,1,1,0.645003661,-0.216085501,0.65433445,-0.27695335,0.453201517,0.084795132,0.645003661,-0.216085501,0.654429086,-0.257667705,0.68113634,-0.263194634,0.645003661,-0.216085501,0.702414187,1.758730611,,,0.885148181,,,0.855246343,,,1.049039181,,,0.885148181,,,0.8646096,,,0.861915824,,,0.885148181,,,0.001386547,0.001189994,0.001577281,0.001386547,0.001280375,0.001405122,0.001386547,145.844693,-424.155307,52.73751291,-8,,42.5363092,137.7600804,-574.2399196,,52.26696546,-11,,21.05080125,21.05080125,42.5363092,0,112.4630881,112.4630881,42.5363092,3,,101.5033948,101.5033948,42.5363092,2,,107.5958227,-604.4041773,52.3320175,-12,,35.41179276,35.41179276,42.5363092,1,,0.63580686,-0.168311499,0.530388835,-9.430137095,0.909348039,0.004872331,0.001512816,0.00038946,123.3854112,123.3854112,42.5363092,3,,34.58216911,-535.4178309,46.61501533,-11,,1,,,,,,,,,,-0.005836618,-0.013183355,0.0,0.002188732,0.00207477,-0.01298839,0.001327911,-11.0,0.000729577,,,,4.323488878,0.0,0.0,0.0,0.0,0.0,0.0,0.0,-512.7651686,0.0,1.0
299.25,0,0,0,0,0,0.421368547,0.578631453,0.294468762,0.837170364,0.771594756,0,299,0,0,299,0,0,0,0,0,0,0,299,1,1,1,1,0.315116829,0.288077174,0.311487559,0.352126202,0.437660529,0.11353784,0.315116829,0.288077174,0.31150572,0.327333857,0.302155357,0.293960695,0.315116829,0.288077174,0.771594756,1.827911181,0.0,0.0,1.189770734,0.0,0.0,1.236634193,0.0,0.0,1.070882484,0.0,0.0,1.189770734,0.0,0.0,1.218279032,0.0,0.0,1.194000477,0.0,0.0,1.189770734,0.0,0.0,0.002126603,0.002007866,0.00188607,0.002126603,0.002105509,0.002249023,0.002126603,223.6879827,223.6879827,286.7289009,1,0.0,0.0,232.4412673,-66.55873267,0.0,314.6953338,0,0.0,25.17198012,25.17198012,282.8951222,0,172.4892472,172.4892472,286.7289009,1,0.0,166.9170594,166.9170594,286.959534,1,0.0,172.2167342,172.2167342,286.6519607,1,0.0,54.31251782,54.31251782,286.7289009,0,0.0,0.318861789,0.235591483,0.381789785,-8.36615304,1.152694943,0.006433446,0.002149723,0.000593177,175.331608,175.331608,286.388647,1,0.0,52.67127845,52.67127845,285.6838907,0,0.0,1,0.0,0.0,0.0,0.0,0.0,0.0,0.0,0.0,0.0,0.001296695,0.0,0.0,0.001296695,0.001674179,0.001350201,0.00086724,0.0,0.0,0.0,0.0,0.0,0.0,0.0,0.0,0.0,0.0,0.0,0.0,0.0,0.0,0.0,1.0
1359.079956,1,1,1,1,1,0.339335734,0.660664266,0.358137684,0.308915864,0.869536415,0,0,2718,0,2718,0,0,1359,1359,1359,0,0,2718,1,1,1,1,0.353863289,0.218010481,0.354556049,0.258707178,0.333333466,0.327781183,0.353863289,0.218010481,0.354566399,0.240501704,0.356462964,0.200143533,0.353863289,0.218010481,0.869536415,1.92585284,0.0,0.0,1.153588236,0.0,0.0,1.184769972,0.0,0.0,1.23963576,0.0,0.0,1.153588236,0.0,0.0,1.170718119,0.0,0.0,1.140159138,0.0,0.0,1.153588236,0.0,0.0,0.002464896,0.002370403,0.002704263,0.002464896,0.002493618,0.002611157,0.002464896,259.2715,259.2715,1268.522597,0,0.0,0.0,274.4105009,-2443.589499,0.0,1454.687847,-2,0.0,36.09179633,36.09179633,1278.858582,0,199.9282452,-1159.071755,1454.687847,-1,0.0,197.684918,-1161.315082,1454.687847,-1,0.0,199.94678,-1159.05322,1454.687847,-1,0.0,62.95236692,62.95236692,1268.522597,0,0.0,0.353161912,0.183849479,0.3436517,-8.093080539,1.128048593,0.0049719,0.002455351,0.000556109,200.2586776,200.2586776,1266.875494,0,0.0,49.37977843,49.37977843,1266.566243,0,0.0,1,0.0,0.0,0.0,0.0,0.0,0.0,0.0,0.0,0.0,0.0,-0.002091544,0.0,-0.000742634,-0.000903767,-0.000625897,0.0,0.0,0.0,0.0,0.0,0.0,0.0,0.0,0.0,0.0,0.0,0.0,0.0,0.0,0.0,0.0,1.0
128.3699951,0,0,0,0,0,0.555422169,0.444577831,0.468364505,0.676015069,0.582460024,385,257,0,0,257,0,257,513,770,642,770,0,642,1,1,1,1,0.484892081,0.02108999,0.482054349,0.029897633,0.557282918,-0.104136395,0.484892081,0.02108999,0.48208341,0.02775086,0.474642405,0.033208998,0.484892081,0.02108999,0.582460024,1.638776448,,,1.010471849,,,1.014877517,,,0.949862386,,,1.010471849,,,1.013801914,,,1.016538859,,,1.010471849,,,0.001243135,0.001064432,0.001069034,0.001243135,0.001131417,0.001272027,0.001243135,130.7599078,-254.2400922,133.3071601,-2,,-266.6143203,123.2243904,-133.7756096,,133.3071601,-1,,14.26760956,14.26760956,122.9873106,0,100.830978,-412.169022,133.3071601,-3,,89.69460702,-680.305393,133.3071601,-5,,97.40422922,-544.5957708,133.3071601,-4,,31.74913438,-225.2508656,133.3071601,-2,,0.487780186,0.01430359,0.531616629,-9.438928225,1.007090275,0.00944417,0.001359205,0.000581221,110.8569247,-659.1430753,133.3071601,-5,,51.60965745,51.60965745,123.9762257,0,,0,,,,,,,,,,-1.39e-05,-1.4e-05,0.0,-2.08e-05,-6.02e-05,-6.89e-05,-1.6e-05,0.0,-1.39e-05,,,,-4.243288381,0.0,0.0,0.0,0.0,0.0,0.0,0.0,0.0,0.0,1.0
53.86000061,0,0,0,0,0,0.239141811,0.760858189,0.121038961,0.436424209,0.548948162,0,0,54,0,54,0,0,0,0,0,0,0,54,1,1,1,1,0.135579844,0.898580524,0.1328896,1.093647632,0.207165171,0.723592135,0.135579844,0.898580524,0.132951928,1.016297966,0.126288178,0.902749119,0.135579844,0.898580524,0.548948162,1.605264587,,,1.530030872,,,1.678014,,,1.40841915,,,1.530030872,,,1.617694903,,,1.533052525,,,1.530030872,,,0.001753907,0.001620312,0.001456375,0.001753907,0.00166202,0.001775541,0.001753907,184.4856612,184.4856612,51.2923816,4,,51.2923816,187.576012,133.576012,,51.56439555,3,,19.4371588,19.4371588,51.18200274,0,142.2597336,142.2597336,51.2923816,3,,131.7588512,131.7588512,51.4266011,3,,135.9602737,135.9602737,51.25996372,3,,44.79400565,44.79400565,51.2923816,1,,0.138381794,0.738375569,0.193486927,-7.017885747,1.418308175,0.036099174,0.001800607,0.002058092,146.8576627,146.8576627,51.23006793,3,,182.7486297,182.7486297,49.37192613,4,,1,,,,,,,,,,0.050465435,0.056065554,0.0,0.037849076,0.048415385,0.038201061,0.025556179,3.078170023,0.012616359,,,,5.352071512,0.0,0.0,0.0,0.0,0.0,0.0,0.0,148.1157784,0.0,1.0
213.75,0,0,0,0,0,0.354941977,0.645058023,0.337445285,0.74717455,0.883774938,0,0,0,0,0,0,0,0,0,0,0,0,0,1,1,1,1,0.341194342,0.239970295,0.340678169,0.287401738,0.427408277,0.132770697,0.341194342,0.239970295,0.34053091,0.267487743,0.338923162,0.228622193,0.341194342,0.239970295,0.883774938,1.940091363,,,1.172381007,,,1.209819542,,,1.091979164,,,1.172381007,,,1.193957604,,,1.163596854,,,1.172381007,,,0.002568961,0.002492919,0.002455192,0.002568961,0.002619246,0.002739358,0.002568961,270.2175816,270.2175816,203.0235776,1,,0.0,288.5936812,288.5936812,,204.2832045,1,,32.76762749,32.76762749,201.2614083,0,208.3689373,208.3689373,203.0235776,1,,207.6442334,207.6442334,203.5143173,1,,209.7636012,209.7636012,203.0076133,1,,65.61012816,65.61012816,203.0235776,0,,0.341779849,0.200398707,0.35086605,-8.144736002,1.14203442,0.004526519,0.002540605,0.000520286,207.2119971,207.2119971,203.0082162,1,,46.19885737,46.19885737,202.8467344,0,,1,,,,,,,,,,0.000899777,0.001290621,0.0,0.000899777,0.001117964,0.000816689,0.000627494,0.0,0.0,,,,0.714451095,0.0,0.0,0.0,0.0,0.0,0.0,0.0,0.0,0.0,1.0
567.2299805,0,0,0,0,0,0.172468988,0.827531012,0.201750895,0.225617413,0.794026153,0,0,567,0,567,0,0,567,567,567,567,0,567,1,1,1,1,0.194616256,0.605815854,0.195832893,0.71737371,0.198333213,0.763908787,0.194616256,0.605815854,0.195738449,0.66733612,0.198939483,0.552652879,0.194616256,0.605815854,0.794026153,1.850342578,,,1.451795964,,,1.554961573,,,1.600133657,,,1.451795964,,,1.507811349,,,1.405069045,,,1.451795964,,,0.002705482,0.002650981,0.002962717,0.002705482,0.002736326,0.002770266,0.002705482,284.5777082,284.5777082,553.8945793,1,,0.0,306.8917079,-260.1082921,,590.9647954,0,,39.54119068,39.54119068,554.8770739,0,219.4422519,-347.5577481,590.9647954,-1,,216.9259076,-350.0740924,590.9647954,-1,,212.1303461,-354.8696539,590.9647954,-1,,69.09683595,69.09683595,553.8945793,0,,0.19344139,0.51182852,0.178845819,-6.913053949,1.370210429,0.014205991,0.002649351,0.001370305,216.0812785,-350.9187215,590.9647954,-1,,121.6764895,121.6764895,547.3921949,0,,1,,,,,,,,,,0.005734576,0.0,0.0,-0.005734576,-0.006958398,-0.004772269,-0.004093257,0.0,0.0,,,,0.0,0.0,0.0,0.0,0.0,0.0,0.0,0.0,0.0,0.0,1.0
499.8599854,1,1,1,1,1,0.984793918,0.015206082,0.999204138,0.942235245,0.963317785,0,0,0,0,0,0,0,0,0,0,500,0,0,1,1,1,1,0.996015965,-5.606610011,0.99652301,-6.81518804,0.973717766,-3.979568532,0.996015965,-5.606610011,0.996548816,-6.342181621,0.997957782,-5.652930817,0.996015965,-5.606610011,0.963317785,2.01963421,,,0.0194292,,,0.00830824,,,0.060974226,,,0.0194292,,,0.011585238,,,0.01880678,,,0.0194292,,,4.88e-05,2.01e-05,0.000161646,4.88e-05,2.99e-05,5.15e-05,4.88e-05,5.137840092,5.137840092,477.6095194,0,,0.0,2.327527594,2.327527594,,479.8777757,0,,2.157367542,2.157367542,476.9424778,0,3.961867594,3.961867594,477.6095194,0,,2.366526552,2.366526552,478.8054327,0,,3.940794805,3.940794805,477.2547724,0,,1.24749228,1.24749228,477.6095194,0,,0.995493441,-4.614490098,0.988170187,-12.70789735,0.039023127,0.000132016,9.78e-05,1.76e-05,7.974933298,-492.0250667,498.8462599,-1,,1.563431054,1.563431054,483.5473524,0,,1,,,,,,,,,,0.0,0.0,0.0,0.0,0.0,0.0,-0.332711232,0.0,0.0,,,,-0.233264101,0.0,0.0,0.0,0.0,0.0,0.0,0.0,0.0,0.0,1.0
474.0700073,1,1,1,1,1,0.963585434,0.036414566,0.998010346,0.672666388,0.923778395,0,0,0,0,0,0,0,0,0,0,0,0,0,1,1,1,1,0.990075146,-4.608005355,0.991088544,-5.670417409,0.843521932,-1.000428467,0.990075146,-4.608005355,0.991478161,-5.336163076,0.994828311,-5.03545945,0.990075146,-4.608005355,0.923778395,1.980094819,,,0.042940726,,,0.020781008,,,0.504878518,,,0.042940726,,,0.026111702,,,0.032066366,,,0.042940726,,,0.000100896,4.65e-05,0.00123424,0.000100896,6.22e-05,8.15e-05,0.000100896,10.61276197,10.61276197,461.8740973,0,,0.0,5.37894271,5.37894271,,462.2930317,0,,16.47248573,16.47248573,461.8740973,0,8.183664142,8.183664142,461.8740973,0,,4.927862778,4.927862778,462.2842817,0,,6.23974677,6.23974677,461.8740973,0,,2.576829638,2.576829638,461.8740973,0,,0.98889006,-3.731910761,0.970940129,-12.58452842,0.078125781,0.000184649,0.000184628,2.29e-05,15.05826427,15.05826427,461.8740973,0,,2.032448327,2.032448327,463.9411182,0,,1,,,,,,,,,,0.0,0.0,0.0,0.0,0.0,0.0,0.0,0.0,0.0,,,,0.0,0.0,0.0,0.0,0.0,0.0,0.0,0.0,0.0,0.0,1.0
250.1399994,0,0,0,0,0,0.657462985,0.342537015,0.538798249,0.82712432,0.480961095,0,0,0,0,0,0,0,0,0,0,0,0,0,1,1,1,1,0.560807793,-0.085780532,0.557009842,-0.095823321,0.658609066,-0.309191117,0.560807793,-0.085780532,0.557051598,-0.089153904,0.547130075,-0.062017541,0.560807793,-0.085780532,0.480961095,1.53727752,,,0.963785283,,,0.959632122,,,0.875503436,,,0.963785283,,,0.962388236,,,0.973684111,,,0.963785283,,,0.000952818,0.000779313,0.000758128,0.000952818,0.000831445,0.000958999,0.000952818,100.2226868,100.2226868,238.5160224,0,,0.0,90.21739984,90.21739984,,238.5160224,0,,10.11816803,10.11816803,238.5160224,0,77.28325677,77.28325677,238.5160224,0,,65.91392253,65.91392253,238.5160224,0,,73.43439473,73.43439473,238.5160224,0,,24.33455028,24.33455028,238.5160224,0,,0.564679138,-0.076638845,0.624330025,-10.10276541,0.967581422,0.012980325,0.001080656,0.000630512,88.13843608,88.13843608,238.5160224,0,,55.98641475,55.98641475,240.4202126,0,,1,,,,,,,,,,0.0,0.0,0.0,0.0,0.0,0.0,0.0,0.0,0.0,,,,0.0,0.0,0.0,0.0,0.0,0.0,0.0,0.0,0.0,0.0,1.0
36.61000061,0,0,0,0,0,0.212885154,0.787114846,0.137684043,0.549602344,0.426585746,0,0,0,0,0,0,0,0,0,0,0,403,0,1,1,1,1,0.149146119,0.815474499,0.147109856,0.986919768,0.22203407,0.661216537,0.149146119,0.815474499,0.147121711,0.91746726,0.141918044,0.804124006,0.149146119,0.815474499,0.426585746,1.482902171,0.0,0.0,1.378916222,0.0,0.0,1.475279507,0.0,0.0,1.297604716,0.0,0.0,1.378916222,0.0,0.0,1.435456768,0.0,0.0,1.37276333,0.0,0.0,1.378916222,0.0,0.0,0.001205256,0.001037305,0.000969402,0.001205256,0.001073615,0.001181501,0.001205256,126.7755781,126.7755781,35.74613726,4,0.0,35.74613726,120.0839866,120.0839866,0.0,35.77792279,3,0.0,12.93788742,12.93788742,35.68805773,0,97.7586,97.7586,35.74613726,3,0.0,85.11227124,85.11227124,35.76651922,2,0.0,90.47227907,90.47227907,35.73423278,3,0.0,30.78171996,30.78171996,35.74613726,1,0.0,0.151255805,0.67399698,0.188157604,-6.979727259,1.304155295,0.063926572,0.001309247,0.00271772,106.7823112,106.7823112,35.71558571,3,0.0,241.3204552,-161.6795448,36.43101694,-4,0.0,1,0.0,0.0,0.0,0.0,0.0,0.0,0.0,0.0,0.0,0.041562416,0.045656748,0.0,0.031171812,0.026304568,0.030310098,0.021293997,-3.044787038,0.010390604,0.0,0.0,0.0,0.021207792,0.0,0.0,0.0,0.0,0.0,0.0,0.0,-109.2930508,0.0,1.0
1421.23999,1,1,1,1,1,0.8727491,0.1272509,0.87942698,0.854332357,0.576712079,0,0,0,0,0,0,0,0,0,0,0,0,0,1,1,1,1,0.877958636,-0.995666516,0.878193908,-1.190138168,0.868234525,-1.192700251,0.877958636,-0.995666516,0.87820387,-1.106563048,0.87885391,-0.93950206,0.877958636,-0.995666516,0.576712079,1.633028504,,,0.613662012,,,0.557837866,,,0.557137361,,,0.613662012,,,0.581177737,,,0.63080034,,,0.613662012,,,0.000745941,0.000576909,0.000618069,0.000745941,0.000639541,0.000779024,0.000745941,78.46227251,78.46227251,1358.448029,0,,0.0,66.7860436,66.7860436,,1358.448029,0,,8.248907223,8.248907223,1358.448029,0,60.50346629,60.50346629,1358.448029,0,,50.70047069,50.70047069,1358.448029,0,,59.65295831,59.65295831,1358.448029,0,,19.05101705,19.05101705,1358.448029,0,,0.877716909,-0.833498091,0.87432558,-11.89275858,0.66446193,0.00293033,0.000887501,0.000178011,72.38462793,72.38462793,1358.448029,0,,15.80651182,15.80651182,1370.522791,0,,1,,,,,,,,,,0.0,0.0,0.0,0.0,0.0,0.0,0.0,0.0,0.0,,,,0.0,0.0,0.0,0.0,0.0,0.0,0.0,0.0,0.0,0.0,1.0
48.65999985,0,0,1,0,0,0.284513806,0.715486194,0.3247115,0.140226036,0.48439661,0,0,0,0,0,0,0,0,0,0,0,146,0,1,1,1,1,0.314843904,0.288604298,0.316211085,0.34119495,0.21469776,0.691191196,0.314843904,0.288604298,0.316511429,0.316570274,0.320739446,0.25985941,0.314843904,0.288604298,0.48439661,1.540713035,,,1.132862773,,,1.158910013,,,1.348191627,,,1.132862773,,,1.146640106,,,1.118874214,,,1.132862773,,,0.001128554,0.000949589,0.001178178,0.001128554,0.000999522,0.001111249,0.001128554,118.7076424,118.7076424,45.94262384,3,,45.94262384,109.9294704,109.9294704,,46.13717878,2,,15.72427127,15.72427127,46.85376231,0,91.53729059,91.53729059,45.94262384,2,,79.23845027,79.23845027,46.02376453,2,,85.09280185,85.09280185,45.77846402,2,,28.82278638,28.82278638,45.94262384,1,,0.313350518,0.244482311,0.292754394,-7.728650736,1.111462076,0.035413113,0.001249584,0.001734443,101.9161484,101.9161484,45.818396,2,,154.0101507,8.01015068,45.59349662,0,,1,,,,,,,,,,0.003904333,0.003637937,0.0,0.002602889,0.003131773,0.002110216,0.001867863,0.0,0.001301444,,,,3.802109089,0.0,0.0,0.0,0.0,0.0,0.0,0.0,0.0,0.0,1.0
301.6400146,1,1,1,1,1,0.534613846,0.465386154,0.910067648,0.353285894,0.652417615,0,0,2413,0,2413,0,302,302,0,603,302,0,2413,1,1,1,1,0.789414413,-0.549215513,0.807162432,-0.730851361,0.50962082,-0.017322286,0.789414413,-0.549215513,0.807115953,-0.67927903,0.859080103,-0.809904649,0.789414413,-0.549215513,0.652417615,1.70873404,0.0,0.0,0.745094866,0.0,0.0,0.676004437,0.0,0.0,0.990762468,0.0,0.0,0.745094866,0.0,0.0,0.694942882,0.0,0.0,0.64797144,0.0,0.0,0.745094866,0.0,0.0,0.001057536,0.000838091,0.001323534,0.001057536,0.000916883,0.000948215,0.001057536,111.237502,111.237502,280.3344299,0,0.0,-315.224256,97.02190026,-2315.9781,0.0,313.8361971,-7,0.0,17.66422453,17.66422453,280.3344299,0,85.77695031,-216.2230497,315.224256,-1,0.0,72.6871456,72.6871456,280.3344299,0,0.0,72.60865072,-530.3913493,313.0993338,-2,0.0,27.00900037,-274.9909996,315.224256,-1,0.0,0.772279433,-0.415327965,0.593470238,-9.881806253,0.800504514,0.005020604,0.001222742,0.000360683,99.72697146,-202.2730285,316.8148883,-1,0.0,32.0269578,32.0269578,283.4518601,0,0.0,0,0.0,0.0,0.0,0.0,0.0,0.0,0.0,0.0,0.0,0.0,-0.058421968,0.0,-0.004713089,0.0,-0.020498298,-0.002695271,0.0,-0.004713089,0.0,0.0,0.0,56.77856865,0.0,0.0,0.0,0.0,0.0,0.0,0.0,0.0,0.0,1.0
881.4699707,0,0,0,0,0,0.332533013,0.667466987,0.318742539,0.90874843,1.063608972,0,0,5289,0,5289,0,0,2644,1763,881,4407,0,5289,1,1,1,1,0.321752789,0.275421469,0.321382909,0.329442542,0.421481723,0.14400625,0.321752789,0.275421469,0.321206019,0.30665453,0.319942957,0.261272849,0.321752789,0.275421469,1.054172542,2.110488966,,,1.228406388,,,1.278985404,,,1.113558896,,,1.228406388,,,1.257400252,,,1.215493087,,,1.228406388,,,0.00358979,0.00369091,0.00353577,0.00358979,0.003864187,0.003921908,0.00358979,377.5940879,377.5940879,809.0771762,0,,0.0,427.2794314,-4861.720569,,985.7997706,-5,,47.18930089,47.18930089,798.2112708,0,291.1686144,-2352.831386,985.7997706,-2,,306.3385712,-1456.661429,985.7997706,-1,,300.3161813,-580.6838187,985.7997706,-1,,91.68166022,91.68166022,809.0771762,0,,0.322202273,0.230288825,0.329458346,-7.991454704,1.187686444,0.002556862,0.003390104,0.000401329,276.497165,-4130.502835,985.7997706,-4,,35.63606535,35.63606535,801.795773,0,,1,,,,,,,,,,0.0,-0.008479093,0.0,-0.002370531,-0.001469328,-0.001066617,-0.003314559,0.0,0.0,,,,0.0,0.0,0.0,0.0,0.0,0.0,0.0,0.0,0.0,0.0,1.0
536.1799927,0,0,0,0,0,0.035614246,0.964385754,0.009550338,0.736291335,0.77813313,0,536,0,0,536,0,0,536,536,0,536,0,536,1,1,1,1,0.011354317,4.418249519,0.011003261,5.325368472,0.023085924,4.25601133,0.011354317,4.418249519,0.011012341,4.949710193,0.010176795,4.285225973,0.011354317,4.418249519,0.77813313,1.834449555,,,14.59601354,,,25.30843783,,,13.22767629,,,14.59601354,,,20.15010036,,,13.46423816,,,14.59601354,,,0.026409538,0.04168339,0.009947221,0.026409538,0.035326197,0.025702635,0.026409538,2777.90231,2777.90231,536.4920853,5,,536.4920853,4825.492119,4289.492119,,538.5687356,8,,132.7581909,132.7581909,535.7629794,0,2142.083238,1606.083238,536.4920853,3,,2800.531222,2264.531222,538.4215745,4,,1968.153725,1968.153725,534.7373988,4,,674.4880386,674.4880386,536.4920853,1,,0.011728088,3.666131292,0.021447375,-5.786065352,9.247977456,0.029877095,0.017430358,0.002791376,1421.621592,885.6215924,534.4494586,2,,247.8607945,247.8607945,510.5346405,0,,1,,,,,,,,,,1.525072564,3.54494367,0.0,0.915043538,1.531226937,1.147697602,0.420016208,0.0,0.305014513,,,,0.0,1072.984171,2154.274943,0.0,536.4920853,1076.843149,534.7373988,0.0,0.0,0.0,1.0
5.059999943,1,1,1,1,1,0.865707434,0.134292566,0.896226415,0.633977901,0.31612885,0,0,0,0,0,0,0,0,0,0,0,91,0,1,1,1,1,0.889227377,-1.090349037,0.890161697,-1.311087582,0.773841099,-0.644995194,0.889227377,-1.090349037,0.890451411,-1.221881855,0.89343177,-1.05844731,0.889227377,-1.090349037,0.31612885,1.372445275,0.0,0.0,0.708080149,0.0,0.0,0.660285812,0.0,0.0,0.815297972,0.0,0.0,0.708080149,0.0,0.0,0.679199425,0.0,0.0,0.715267922,0.0,0.0,0.708080149,0.0,0.0,0.000474955,0.000340613,0.000443452,0.000474955,0.000372602,0.000460713,0.000474955,49.95838719,49.95838719,4.320123815,12,0.0,12.96037145,39.43113493,39.43113493,0.0,4.320123815,9,0.0,5.918419032,5.918419032,4.320123815,1,38.52368149,38.52368149,4.320123815,9,0.0,29.5384921,29.5384921,4.320123815,7,0.0,35.27860272,35.27860272,4.320123815,8,0.0,12.13013664,12.13013664,4.320123815,3,0.0,0.888163985,-0.906461364,0.872329378,-11.87846558,0.750526553,0.023268583,0.000599129,0.0007428,48.86502427,48.86502427,4.320123815,11,0.0,65.95702625,-25.04297375,4.944648004,-5,0.0,1,0.0,0.0,0.0,0.0,0.0,0.0,0.0,0.0,0.0,0.222911442,0.241727435,0.006500294,0.167183581,0.163296357,0.140038838,0.14122491,-5.0,0.05572786,0.0,0.0,0.0,0.06174684,0.0,0.0,0.0,0.0,0.0,0.0,0.0,-24.72324002,0.0,1.0
19.37000084,0,0,0,0,0,0.420568227,0.579431773,0.364504576,0.482000837,0.184567404,0,0,0,0,0,0,0,0,0,0,0,717,0,1,1,1,1,0.375382439,0.182420471,0.373517937,0.221237987,0.418729982,0.149255229,0.375382439,0.182420471,0.373543618,0.205639873,0.368648594,0.181164972,0.375382439,0.182420471,0.184567404,1.240883829,0.0,0.0,1.040155994,0.0,0.0,1.048906762,0.0,0.0,1.032737294,0.0,0.0,1.040155994,0.0,0.0,1.045381612,0.0,0.0,1.039874184,0.0,0.0,1.040155994,0.0,0.0,0.000494306,0.000361548,0.00037161,0.000494306,0.000383074,0.000459275,0.000494306,51.99383948,51.99383948,17.91141587,3,0.0,17.91141587,41.85475345,41.85475345,0.0,17.96498574,2,0.0,4.959605945,4.959605945,17.8964965,0,40.09325008,40.09325008,17.91141587,2,0.0,30.36871486,30.36871486,17.91973254,2,0.0,35.16849907,35.16849907,17.90115125,2,0.0,12.62435424,12.62435424,17.91141587,1,0.0,0.37727381,0.150449986,0.405526801,-8.536112447,1.033003627,0.15845304,0.000611893,0.003483595,49.90606619,49.90606619,17.89893055,3,0.0,309.3264729,-407.6735271,18.95232778,-22,0.0,1,0.0,0.0,0.0,0.0,0.0,0.0,0.0,0.0,0.0,0.00155987,0.00152957,0.0,0.001039913,0.001321492,0.001025648,0.001061025,-22.0,0.000519957,0.0,0.0,0.0,0.016252167,0.0,0.0,0.0,0.0,0.0,0.0,0.0,-416.9512111,0.0,1.0
0.421200007,0,0,0,0,0,0.398152037,0.601847963,0.066666667,0.268313102,0.31988315,0,0,0,0,0,0,0,0,0,0,0,0,0,0,0,0,0,0.081352989,1.427740746,0.078409116,1.755981127,0.143443534,1.095356943,0.081352989,1.427740746,0.078518216,1.630685289,0.071674122,1.4826547,0.081352989,1.427740746,0.31988315,1.376199575,0.0,0.0,1.577615313,0.0,0.0,1.751950999,0.0,0.0,1.418749284,0.0,0.0,1.577615313,0.0,0.0,1.683238866,0.0,0.0,1.605523468,0.0,0.0,1.577615313,0.0,0.0,0.0,0.0,0.0,0.0,0.0,0.0,0.0,0.0,0.0,0.427187948,0,0.0,0.0,0.0,0.0,0.0,0.429289821,0,0.0,0.0,0.0,0.425023735,0,0.0,0.0,0.427187948,0,0.0,0.0,0.0,0.428629908,0,0.0,0.0,0.0,0.427008042,0,0.0,0.0,0.0,0.427187948,0,0.0,0.084506623,1.160070409,0.18035925,-6.923890266,1.448372302,0.109593569,0.0,0.0,0.0,0.0,0.42561021,0,0.0,0.0,0.0,0.409943178,0,0.0,0,0.0,0.0,0.0,0.0,0.0,0.0,0.0,0.0,0.0,0.0,0.0,0.0,0.0,0.0,0.0,0.0,0.0,0.0,0.0,0.0,0.0,0.0,0.0,0.0,0.0,0.0,0.0,0.0,0.0,0.0,0.0,0.0
94.69999695,1,1,1,1,1,0.693477391,0.306522609,0.81655392,0.719129343,0.756783486,0,0,2557,0,2557,0,1136,1136,1136,1136,568,0,2557,1,1,1,1,0.786306183,-0.538943595,0.79131599,-0.662910768,0.73874702,-0.522263536,0.786306183,-0.538943595,0.791104168,-0.615515927,0.80458015,-0.564818555,0.786306183,-0.538943595,0.756783486,1.813099911,0.0,0.0,0.725646759,0.0,0.0,0.674045864,0.0,0.0,0.73288486,0.0,0.0,0.725646759,0.0,0.0,0.69332571,0.0,0.0,0.714559846,0.0,0.0,0.725646759,0.0,0.0,0.001261434,0.001059366,0.001248432,0.001261434,0.001159844,0.001305563,0.001261434,132.6846139,132.6846139,91.1043309,1,0.0,-1064.055467,122.6378386,-2434.362161,0.0,96.59420932,-25,0.0,16.66190174,16.66190174,91.1043309,0,102.3151485,-1033.684852,96.73231515,-11,0.0,91.94815294,-1044.051847,96.67356412,-11,0.0,99.97218203,-1036.027818,96.72001599,-11,0.0,32.21646227,-1103.783538,96.73231515,-11,0.0,0.78139663,-0.438781727,0.71985549,-10.78673729,0.770210197,0.00163107,0.001402218,0.000145927,114.3650141,-453.6349859,96.88421383,-5,0.0,12.95762929,12.95762929,91.9703675,0,0.0,0,0.0,0.0,0.0,0.0,0.0,0.0,0.0,0.0,0.0,0.004538441,-0.171660424,0.0,-0.049922847,-0.065116538,-0.054831563,-0.01504136,0.0,-0.049922847,0.0,0.0,0.0,-29.71837387,0.0,0.0,0.0,0.0,0.0,0.0,0.0,0.0,0.0,1.0
308.980011,1,1,1,1,1,0.817927171,0.182072829,0.853959411,0.702804521,0.612491702,0,0,0,0,0,0,0,0,0,0,0,0,0,1,1,1,1,0.845792182,-0.787441523,0.847063659,-0.947749093,0.783070241,-0.681913388,0.845792182,-0.787441523,0.84715681,-0.881691543,0.850748147,-0.763527898,0.845792182,-0.787441523,0.612491702,1.668808127,0.0,0.0,0.668140751,0.0,0.0,0.61548083,0.0,0.0,0.705241879,0.0,0.0,0.668140751,0.0,0.0,0.63665793,0.0,0.0,0.676373376,0.0,0.0,0.668140751,0.0,0.0,0.000874651,0.000694182,0.000855076,0.000874651,0.00076411,0.00090592,0.000874651,92.00063714,92.00063714,299.7484682,0,0.0,0.0,80.36227674,80.36227674,0.0,299.7484682,0,0.0,11.41206029,11.41206029,299.7484682,0,70.94310769,70.94310769,299.7484682,0,0.0,60.57581557,60.57581557,299.7484682,0,0.0,69.36993117,69.36993117,299.7484682,0,0.0,22.33819709,22.33819709,299.7484682,0,0.0,0.84447264,-0.654503385,0.826137427,-11.54772659,0.715211114,0.002702164,0.001018598,0.00017786,83.07691973,83.07691973,299.7484682,0,0.0,15.7931306,15.7931306,300.6155483,0,0.0,1,0.0,0.0,0.0,0.0,0.0,0.0,0.0,0.0,0.0,0.0,0.0,0.0,0.0,0.0,0.0,0.0,0.0,0.0,0.0,0.0,0.0,0.0,0.0,0.0,0.0,0.0,0.0,0.0,0.0,0.0,0.0,1.0
84.59999847,0,0,0,0,0,0.058023209,0.941976791,0.070035814,0.101297614,0.617142601,0,0,0,0,0,0,0,0,0,0,0,0,0,1,1,1,1,0.067045798,1.6676165,0.067561184,1.977838914,0.073161552,2.008577866,0.067045798,1.6676165,0.067510141,1.839888915,0.068854765,1.530388969,0.067045798,1.6676165,0.617142601,1.673459025,0.0,0.0,2.35995761,0.0,0.0,2.768691792,0.0,0.0,2.812861225,0.0,0.0,2.35995761,0.0,0.0,2.578854933,0.0,0.0,2.198963682,0.0,0.0,2.35995761,0.0,0.0,0.003118922,0.003157691,0.003449612,0.003118922,0.003129798,0.002976098,0.003118922,328.0656439,328.0656439,83.55406208,4,0.0,83.55406208,365.5512155,365.5512155,0.0,83.72031905,4,0.0,46.03942024,46.03942024,83.72766647,1,252.9764687,252.9764687,83.55406208,3,0.0,248.1188817,248.1188817,83.6267365,3,0.0,227.8917411,227.8917411,83.43489284,3,0.0,79.65591585,79.65591585,83.55406208,1,0.0,0.066553998,1.40666443,0.060592986,-6.066351838,2.063247766,0.044001981,0.002962774,0.002926259,241.6441506,241.6441506,83.45424297,3,0.0,259.8377575,259.8377575,81.54061693,3,0.0,1,0.0,0.0,0.0,0.0,0.0,0.0,0.0,0.0,0.0,0.173809049,0.244490423,0.063037266,0.130356787,0.158680838,0.109785487,0.092751788,1.725029279,0.043452262,0.0,0.0,0.0,0.01725126,0.0,0.0,0.0,0.0,0.0,0.0,0.0,163.0812339,0.0,1.0
105.4300003,1,1,1,1,1,0.845138055,0.154861945,0.981695185,0.359983257,0.48904422,0,0,0,0,0,0,0,0,0,0,211,0,0,1,1,1,1,0.94760488,-2.00417729,0.952160808,-2.548970447,0.589624611,-0.165327652,0.94760488,-2.00417729,0.953394724,-2.412732654,0.96789135,-2.582756095,0.94760488,-2.00417729,0.48904422,1.545360645,,,0.417975351,,,0.329737623,,,0.930568053,,,0.417975351,,,0.349881929,,,0.324924162,,,0.417975351,,,0.000420697,0.000273456,0.000823324,0.000420697,0.000308692,0.00032637,0.000420697,44.25126776,44.25126776,98.41741436,0,,0.0,31.65676974,31.65676974,,98.41741436,0,,10.9882926,10.9882926,98.41741436,0,34.12283383,34.12283383,98.41741436,0,,24.47192974,24.47192974,98.41741436,0,,24.99145742,24.99145742,98.41741436,0,,10.7444206,10.7444206,98.41741436,0,,0.942537372,-1.571983249,0.872424703,-11.87914811,0.504484985,0.005681806,0.000572258,0.0002814,46.67343088,-164.3265691,107.8235836,-2,,24.98693875,24.98693875,99.89589503,0,,1,,,,,,,,,,0.0,0.0,0.0,0.0,0.0,0.0,-0.077222854,0.0,0.0,,,,0.0,0.0,0.0,0.0,0.0,0.0,0.0,0.0,0.0,0.0,1.0
284.4299927,0,1,0,1,0,0.676556137,0.323443863,0.585112522,0.71845867,0.932046641,284,284,0,0,284,0,0,569,0,1138,0,0,568,1,1,1,1,0.602801703,-0.148134984,0.599740731,-0.171147046,0.657029905,-0.30560253,0.602801703,-0.148134984,0.599819983,-0.159250475,0.591841909,-0.123179483,0.602801703,-0.148134984,0.932046641,1.988363066,,,0.903196708,,,0.889023712,,,0.810548419,,,0.903196708,,,0.89632275,,,0.918822149,,,0.903196708,,,0.002152655,0.002021183,0.002015633,0.002152655,0.002169655,0.002371612,0.002152655,226.4282254,-57.57177465,304.1708797,0,,0.0,233.9829768,-50.01702316,,303.8965073,0,,26.90115832,26.90115832,262.6503017,0,174.6022905,-394.3977095,304.1708797,-1,,172.0022936,172.0022936,262.6503017,1,,181.6037953,-956.3962047,304.64097,-3,,54.9778619,54.9778619,262.6503017,0,,0.605891521,-0.128236124,0.651901748,-10.3001817,0.915634335,0.000842248,0.002190702,0.000106028,178.6738332,178.6738332,262.6503017,1,,9.414793869,9.414793869,265.9025901,0,,1,,,,,,,,,,0.0,0.0,0.0,-0.000342875,0.000396261,-0.000711243,0.000256945,0.0,0.0,,,,0.0,0.0,0.0,0.0,0.0,0.0,0.0,0.0,0.0,0.0,1.0
73.69000244,1,1,1,1,1,0.418567427,0.581432573,0.58097891,0.111762244,0.707598094,74,0,147,0,147,0,74,1253,1326,737,884,368,221,1,1,1,1,0.53476395,-0.048672304,0.540671685,-0.0680319,0.222179915,0.660635472,0.53476395,-0.048672304,0.54231435,-0.065831219,0.561728006,-0.081619816,0.53476395,-0.048672304,0.707598094,1.763914519,,,0.972754773,,,0.962125366,,,1.454895507,,,0.972754773,,,0.963327778,,,0.954734352,,,0.972754773,,,0.001539194,0.001354564,0.002214062,0.001539194,0.001443475,0.001573685,0.001539194,161.9009905,87.90099052,70.34314935,1,,0.0,156.8115162,9.811516192,,70.34314935,0,,29.54944953,29.54944953,71.72101051,0,124.8443463,-1128.155654,76.62718878,-15,,114.4334037,-1211.566596,76.62718878,-16,,120.5033842,-616.4966158,76.62718878,-8,,39.310339,-34.689661,76.62718878,0,,0.528265922,-0.033150625,0.446608901,-8.830264395,0.981361725,0.006660981,0.00164691,0.000538264,134.3220938,-749.6779062,76.62718878,-10,,47.79521822,-320.2047818,72.99928786,-4,,0,,,,,,,,,,3.7e-05,0.0,0.0,-0.000555233,-0.001083437,-0.000832724,-0.000171713,-4.0,0.0,,,,0.0,0.0,0.0,0.0,0.0,0.0,0.0,0.0,-291.9971514,0.0,1.0
55.06000137,1,1,1,1,1,0.731092437,0.268907563,0.773577398,0.4378401,0.449048802,496,0,275,0,275,0,0,330,440,0,165,660,771,1,1,1,1,0.763631152,-0.470138915,0.764906711,-0.565241295,0.599283459,-0.184189495,0.763631152,-0.470138915,0.765378926,-0.526998642,0.76958024,-0.456530729,0.763631152,-0.470138915,0.449048802,1.505365227,,,0.825056403,,,0.793577734,,,0.92742806,,,0.825056403,,,0.806088955,,,0.829661664,,,0.825056403,,,0.000759199,0.000592578,0.000736906,0.000759199,0.000640304,0.000755419,0.000759199,79.85678732,-416.1432127,55.75679793,-7,,0.0,68.6000302,-206.3999698,,55.70167343,-4,,9.834938272,9.834938272,53.85179277,0,61.57879813,-268.4212019,55.75679793,-5,,50.76097704,-389.239023,55.72791445,-7,,57.84548823,57.84548823,53.85179277,1,,19.38961195,19.38961195,53.85179277,0,,0.762149369,-0.390819816,0.740043386,-10.93128465,0.852263782,0.011432627,0.000894539,0.000513849,72.95866509,-92.04133491,55.82186054,-2,,45.62728762,-614.3727124,54.53980986,-11,,1,,,,,,,,,,-0.024175222,-0.019968608,0.0,-0.017268016,-0.030376453,0.003256567,-0.004773129,-11.0,0.0,,,,0.060239709,0.0,0.0,0.0,0.0,0.0,0.0,0.0,-599.9379084,0.0,1.0
43.38000107,0,0,0,0,0,0.045618247,0.954381753,0.082769598,0.087484303,0.495589616,43,87,0,0,87,0,0,0,0,0,43,0,130,1,1,1,1,0.070375205,1.605461509,0.072255253,1.875847175,0.066557216,2.164017997,0.070375205,1.605461509,0.072133349,1.746331367,0.077500397,1.392221811,0.070375205,1.605461509,0.495589616,1.551906041,0.0,0.0,2.025009621,0.0,0.0,2.280522522,0.0,0.0,2.58842873,0.0,0.0,2.025009621,0.0,0.0,2.154340154,0.0,0.0,1.84385602,0.0,0.0,2.025009621,0.0,0.0,0.002067872,0.001923526,0.002330154,0.002067872,0.001933158,0.001881605,0.002067872,217.5102887,174.5102887,42.93834334,4,0.0,42.93834334,222.6776332,135.6776332,0.0,43.01351317,3,0.0,31.09883692,31.09883692,43.05418966,1,167.7255323,167.7255323,42.93834334,4,0.0,153.2537081,153.2537081,42.97422491,4,0.0,144.081994,144.081994,42.86846979,3,0.0,52.81254401,52.81254401,42.93834334,1,0.0,0.068619268,1.373552528,0.051245349,-5.999421824,1.828789354,0.07160079,0.002100595,0.003602041,171.3247557,128.3247557,42.91119752,3,0.0,319.8439036,319.8439036,42.15881188,8,0.0,1,0.0,0.0,0.0,0.0,0.0,0.0,0.0,0.0,0.0,0.161094166,0.164943873,0.073171467,0.161094166,0.190604578,0.090856949,0.088436557,4.499132778,0.040273542,0.0,0.0,0.0,0.34335527,0.0,0.0,0.0,0.0,0.0,0.0,0.0,168.6352475,0.0,1.0
97.11000061,1,1,1,1,1,0.419367747,0.580632253,0.407481098,0.26496442,0.279988211,97,0,97,0,97,0,0,0,0,0,0,97,194,1,1,1,1,0.409862871,0.128898504,0.409282876,0.154831184,0.34482205,0.301416018,0.409862871,0.128898504,0.409528621,0.143537436,0.408350091,0.122908504,0.409862871,0.128898504,0.279988211,1.336304636,,,1.038075706,,,1.045909467,,,1.091314503,,,1.038075706,,,1.042490603,,,1.036274601,,,1.038075706,,,0.000635569,0.000484901,0.000532062,0.000635569,0.00051394,0.000604004,0.000635569,66.85266396,-30.14733604,102.2679547,0,,0.0,56.13472136,-40.86527864,,102.2679547,0,,7.101041876,7.101041876,92.34745569,0,51.5511184,51.5511184,90.98307016,1,,40.7433035,40.7433035,91.08586576,0,,46.25104263,46.25104263,90.41338059,1,,16.23214827,16.23214827,90.98307016,0,,0.410346307,0.107499584,0.415976849,-8.610935839,1.03165571,0.082382702,0.000760981,0.002382559,62.06565045,62.06565045,90.44202174,1,,211.5597434,114.5597434,91.62228638,1,,1,,,,,,,,,,0.0,0.0,0.0,0.000259607,0.0,0.000236039,0.000180565,1.0,0.0,,,,0.0,0.0,0.0,0.0,0.0,0.0,0.0,0.0,91.62228638,0.0,1.0
4.599999905,1,0,1,0,0,0.235920852,0.764079148,0.403526448,0.358409457,0.350520974,0,0,0,0,0,0,0,0,0,0,0,106,0,1,1,1,1,0.349755618,0.225041217,0.358004792,0.251752259,0.316779803,0.367582992,0.349755618,0.225041217,0.357523363,0.234954129,0.380905706,0.162648525,0.349755618,0.225041217,0.350520974,1.406837399,,,1.079843924,,,1.089734594,,,1.133683793,,,1.079843924,,,1.083503997,,,1.057089241,,,1.079843924,,,0.000788301,0.000620663,0.000682483,0.000788301,0.000656324,0.000747001,0.000788301,82.91786456,82.91786456,4.245528798,20,,21.22764399,71.85124084,71.85124084,,4.254218292,17,,9.108600337,9.108600337,4.286066861,2,63.93924191,63.93924191,4.245528798,15,,52.03099701,52.03099701,4.247483215,12,,57.20083156,57.20083156,4.218459404,14,,20.13285623,20.13285623,4.245528798,5,,0.341985291,0.200094971,0.262550133,-7.512385211,1.070687814,0.076972339,0.000919694,0.002692893,75.01035856,75.01035856,4.244543839,18,,239.1158934,133.1158934,4.222685371,32,,1,,,,,,,,,,0.015826109,0.0168351,0.004222414,0.011869582,0.010350646,0.005786931,0.011260687,28.21796578,0.003956527,,,,0.049419519,0.0,0.0,0.0,0.0,0.0,0.0,0.0,118.2351904,0.0,1.0
42.0,1,1,1,1,1,0.37655062,0.62344938,0.360127338,0.028045207,0.117072463,42,42,0,0,42,0,42,42,42,42,0,546,84,1,1,1,1,0.360993014,0.205996926,0.357682968,0.252398479,0.069421321,2.09396904,0.360993014,0.205996926,0.361928475,0.226772065,0.359544657,0.195285968,0.360993014,0.205996926,0.117072463,1.173388887,,,1.033486558,,,1.04118295,,,1.397685106,,,1.033486558,,,1.036925367,,,1.031718083,,,1.033486558,,,0.000405633,0.00028693,0.000399873,0.000405633,0.000303736,0.000369577,0.000405633,42.66672793,0.666727934,40.32611494,0,,-43.98983847,33.21651344,-8.783486561,,43.98983847,0,,5.336802324,5.336802324,41.36064714,0,32.90097078,-9.09902922,43.98983847,0,,24.07910972,-17.92089028,43.98983847,0,,28.2999567,-13.7000433,43.98983847,0,,10.35968671,-31.64031329,43.98983847,-1,,0.362572569,0.170565459,0.364190785,-8.240142437,1.027648048,0.267786247,0.000515823,0.004786508,42.07054489,42.07054489,40.3005641,1,,425.0188509,-120.9811491,41.4587216,-3,,0,,,,,,,,,,0.0,0.0,0.0,0.0,0.0,0.0,0.000454571,-3.0,-0.000663043,,,,-0.04609901,0.0,0.0,0.0,0.0,0.0,0.0,0.0,-124.3761648,0.0,1.0
113.8700027,1,1,1,1,1,0.480992397,0.519007603,0.848786311,0.029719548,0.581702201,342,0,342,0,342,0,0,455,455,683,341,455,684,1,1,1,1,0.718234418,-0.356958365,0.724997109,-0.444067863,0.076980643,1.927761242,0.718234418,-0.356958365,0.741131125,-0.455497598,0.788754889,-0.512549184,0.718234418,-0.356958365,0.581702201,1.638018626,,,0.838488477,,,0.803207754,,,2.589140066,,,0.838488477,,,0.79869007,,,0.776517157,,,0.838488477,,,0.001029922,0.00084087,0.002908459,0.001029922,0.0008897,0.000969999,0.001029922,108.3329285,-233.6670715,119.3314656,-2,,0.0,97.34356035,-244.6564396,,118.9036918,-2,,38.81704503,38.81704503,111.832085,0,83.53718896,-371.462811,119.3314656,-3,,70.53215519,-384.4678448,118.765236,-3,,74.27672002,-608.72328,118.1139085,-5,,26.30375595,26.30375595,106.9640425,0,,0.705177742,-0.275802954,0.521237034,-9.364609288,0.872750752,0.009839836,0.001176284,0.000604536,95.93782688,-245.0621731,119.5629528,-2,,53.67987894,-401.3201211,112.7748615,-4,,1,,,,,,,,,,-0.003981852,-0.006162383,0.0,-0.005972778,-0.009725534,-0.020523958,-0.002377102,-4.0,0.0,,,,0.994722691,0.0,0.0,0.0,0.0,0.0,0.0,0.0,-451.099446,0.0,1.0
3.980000019,0,0,0,0,0,0.118047219,0.881952781,0.222531847,0.485140226,0.589547123,0,0,0,0,0,0,0,4,4,0,4,350,0,1,1,1,1,0.18682511,0.636059032,0.192242988,0.733564685,0.203514753,0.739935925,0.18682511,0.636059032,0.191815238,0.683820477,0.207261228,0.525140429,0.18682511,0.636059032,0.589547123,1.645863548,,,1.372901084,,,1.441248503,,,1.445831114,,,1.372901084,,,1.405965066,,,1.29908374,,,1.372901084,,,0.001714127,0.001537948,0.001656275,0.001714127,0.001596425,0.001652065,0.001714127,180.3014006,180.3014006,3.580429217,50,,42.9651506,178.0410885,178.0410885,,3.609449978,49,,22.10507304,22.10507304,3.610474072,6,139.0331858,135.0331858,3.580429217,38,,126.5587209,122.5587209,3.590448863,34,,126.5052077,126.5052077,3.550762114,36,,43.77804706,43.77804706,3.580429217,12,,0.181815246,0.550652292,0.133437357,-6.587924823,1.315702672,0.03753304,0.001798554,0.002347079,146.6902476,142.6902476,3.575208817,40,,208.4093387,-141.5906613,3.920768988,-36,,1,,,,,,,,,,0.316071166,0.41199594,0.05132861,0.240214086,0.248418049,0.155122015,0.189511217,-24.41292383,0.07585708,,,,,0.0,0.0,0.0,0.0,0.0,0.0,0.0,-94.09845571,0.0,
9.920000076,1,1,1,1,1,0.791516607,0.208483393,0.790290489,0.825449979,0.440507725,0,0,0,0,0,0,0,337,228,238,0,79,0,1,1,1,1,0.790575387,-0.553110425,0.790551012,-0.659828194,0.802825664,-0.769400449,0.790575387,-0.553110425,0.790520534,-0.613331319,0.790407708,-0.517729561,0.790575387,-0.553110425,0.440507725,1.49682415,,,0.800039104,,,0.766332739,,,0.7332018,,,0.800039104,,,0.780840397,,,0.81153809,,,0.800039104,,,0.000721991,0.000559354,0.000569146,0.000721991,0.000606277,0.000723341,0.000721991,75.94308802,75.94308802,9.457264512,8,,18.91452902,64.7538131,64.7538131,,9.457264512,7,,7.595973216,7.595973216,9.457264512,1,58.56088434,-278.4391157,10.20059327,-27,,48.06340148,-179.9365985,10.18713826,-18,,55.38913651,-182.6108635,10.21044027,-18,,18.43934694,18.43934694,9.457264512,2,,0.790612864,-0.464004967,0.791278552,-11.29813356,0.8293157,0.010492938,0.00085591,0.000461786,69.80813857,69.80813857,9.457264512,7,,41.00435085,-37.99564915,9.695098751,-4,,1,,,,,,,,,,0.038241393,0.047618949,0.009249641,-0.1290647,-0.105799305,-0.075387346,0.023548504,-4.0,0.009560348,,,,0.123829145,0.0,0.0,0.0,0.0,0.0,0.0,0.0,-38.780395,0.0,1.0
567.7399902,1,1,1,1,1,0.839135654,0.160864346,0.961002786,0.079112599,0.568909665,0,0,2271,0,2271,0,0,0,0,0,0,0,2271,1,1,1,1,0.925789384,-1.538970308,0.924276633,-1.806521869,0.192110875,0.793982677,0.925789384,-1.538970308,0.933876343,-1.869776427,0.944861358,-1.810093342,0.925789384,-1.538970308,0.568909665,1.625226089,0.0,0.0,0.473598095,0.0,0.0,0.415891107,0.0,0.0,1.470489379,0.0,0.0,0.473598095,0.0,0.0,0.403309429,0.0,0.0,0.41517038,0.0,0.0,0.473598095,0.0,0.0,0.000566333,0.000421946,0.00159959,0.000566333,0.000435381,0.000503613,0.000566333,59.57006285,59.57006285,544.6999031,0,0.0,0.0,48.84671486,-2222.153285,0.0,574.8941077,-4,0.0,21.34853662,21.34853662,555.7631174,0,45.93539257,45.93539257,544.6999031,0,0.0,34.51538657,34.51538657,544.6999031,0,0.0,38.56365171,38.56365171,544.6999031,0,0.0,14.4638977,14.4638977,544.6999031,0,0.0,0.923307674,-1.256875031,0.850268524,-11.72050766,0.543134924,0.003372744,0.000715233,0.000201287,58.33448394,58.33448394,544.6999031,0,0.0,17.87329483,17.87329483,548.2792684,0,0.0,1,0.0,0.0,0.0,0.0,0.0,0.0,0.0,0.0,0.0,0.0,-0.203970079,0.0,0.0,0.0,0.0,0.0,0.0,0.0,0.0,0.0,0.0,0.0,0.0,0.0,0.0,0.0,0.0,0.0,0.0,0.0,0.0,1.0
567.7399902,1,1,1,1,1,0.839135654,0.160864346,0.961002786,0.079112599,0.568909665,0,0,0,0,0,0,0,0,0,0,0,0,0,1,1,1,1,0.925789384,-1.538970308,0.924276633,-1.806521869,0.192110875,0.793982677,0.925789384,-1.538970308,0.933876343,-1.869776427,0.944861358,-1.810093342,0.925789384,-1.538970308,0.568909665,1.625226089,0.0,0.0,0.473598095,0.0,0.0,0.415891107,0.0,0.0,1.470489379,0.0,0.0,0.473598095,0.0,0.0,0.403309429,0.0,0.0,0.41517038,0.0,0.0,0.473598095,0.0,0.0,0.000566333,0.000421946,0.00159959,0.000566333,0.000435381,0.000503613,0.000566333,59.57006285,59.57006285,544.6999031,0,0.0,0.0,48.84671486,-2222.153285,0.0,574.8941077,-4,0.0,21.34853662,21.34853662,555.7631174,0,45.93539257,45.93539257,544.6999031,0,0.0,34.51538657,34.51538657,544.6999031,0,0.0,38.56365171,38.56365171,544.6999031,0,0.0,14.4638977,14.4638977,544.6999031,0,0.0,0.923307674,-1.256875031,0.850268524,-11.72050766,0.543134924,0.003372744,0.000715233,0.000201287,58.33448394,58.33448394,544.6999031,0,0.0,17.87329483,17.87329483,548.2792684,0,0.0,1,0.0,0.0,0.0,0.0,0.0,0.0,0.0,0.0,0.0,0.0,-0.203970079,0.0,0.0,0.0,0.0,0.0,0.0,0.0,0.0,0.0,0.0,0.0,0.0,0.0,0.0,0.0,0.0,0.0,0.0,0.0,0.0,1.0
117.3499985,1,1,1,1,1,0.729091637,0.270908363,0.974930362,0.521975722,0.707281875,235,0,235,0,235,0,469,1056,1408,939,1291,117,470,1,1,1,1,0.908223713,-1.289361721,0.918577382,-1.702255924,0.688175985,-0.379965165,0.908223713,-1.289361721,0.918645489,-1.583693026,0.947873065,-1.884778937,0.908223713,-1.289361721,0.707281875,1.7635983,,,0.481173494,,,0.380684066,,,0.806077332,,,0.481173494,,,0.407172613,,,0.343234622,,,0.481173494,,,0.000760896,0.000535576,0.001225788,0.000760896,0.00060968,0.000565373,0.000760896,80.03529271,-154.9647073,120.292305,-1,,-481.1692199,62.00110884,-172.9988912,,119.7478312,-1,,16.35968963,16.35968963,107.8902026,0,61.71644638,-994.2835536,120.292305,-8,,48.33319557,-1359.666804,119.8740736,-11,,43.29285549,-895.7071445,119.4272116,-8,,19.43295392,-449.5670461,120.292305,-4,,0.89797184,-0.985345111,0.776011855,-11.18882248,0.571756734,0.00175016,0.000959006,0.000141334,78.21662626,-1212.783374,120.8011784,-10,,12.54977345,-104.4502265,114.7117082,-1,,0,,,,,,,,,,-0.025975838,-0.045276175,0.0,-0.207806706,-0.431076869,-0.444048955,-0.151703904,-1.0,-0.103903353,,,,-0.401121305,0.0,0.0,0.0,0.0,0.0,0.0,0.0,-114.7117082,0.0,1.0
119.0500031,0,0,0,0,0,0.12685074,0.87314926,0.025865499,0.004185852,0.800988149,119,714,0,0,714,0,0,1310,2262,1667,595,0,833,1,1,1,1,0.031130049,2.806650832,0.029933877,3.424838285,0.010021504,5.928604715,0.031130049,2.806650832,0.030177018,3.169439597,0.027639478,2.812111053,0.031130049,2.806650832,0.800988149,1.857304573,0.0,0.0,5.684091434,0.0,0.0,8.33453225,0.0,0.0,39.27369667,0.0,0.0,5.684091434,0.0,0.0,7.115555874,0.0,0.0,5.703339399,0.0,0.0,5.684091434,0.0,0.0,0.010729467,0.014424266,0.009947221,0.010729467,0.013108727,0.011404075,0.010729467,1128.585118,1009.585118,118.1260918,9,0.0,236.2521837,1669.830151,955.8301511,0.0,118.5104256,8,0.0,132.7581909,132.7581909,121.4971999,1,870.2693594,-439.7306406,127.6746332,-3,0.0,1039.211733,-1222.788267,127.6746332,-10,0.0,873.2556704,-793.7443296,127.6746332,-6,0.0,274.0258935,274.0258935,118.1260918,2,0.0,0.032320516,2.302929562,0.063380825,-6.086313043,4.161203017,0.023093678,0.0081358,0.002258787,663.5565837,68.55658366,117.7457474,1,0.0,200.569412,200.569412,112.0411188,2,0.0,1,0.0,0.0,0.0,0.0,0.0,0.0,0.0,0.0,0.0,1.107743751,1.46618966,0.549193029,-0.369247917,-1.569585524,-0.741372054,0.082866946,1.157600202,0.246165278,0.0,0.0,0.0,0.161291184,118.1260918,118.5104256,121.4971999,0.0,-255.3492663,-127.6746332,0.0,112.0411188,0.0,1.0
342.4599915,1,1,1,1,1,0.714685874,0.285314126,0.627536809,0.685223943,0.698907083,0,0,0,0,0,0,0,0,0,0,0,0,0,1,1,1,1,0.644569718,-0.215349874,0.641589112,-0.250937627,0.674196976,-0.345604352,0.644569718,-0.215349874,0.641719431,-0.233540769,0.63401717,-0.185265543,0.644569718,-0.215349874,0.698907083,1.755223507,0.0,0.0,0.885896616,0.0,0.0,0.868335988,0.0,0.0,0.823299118,0.0,0.0,0.885896616,0.0,0.0,0.876876472,0.0,0.0,0.901018318,0.0,0.0,0.885896616,0.0,0.0,0.001378278,0.001198596,0.001227781,0.001378278,0.001288203,0.00145793,0.001378278,144.9749299,144.9749299,331.6608409,0,0.0,0.0,138.7559168,138.7559168,0.0,331.6608409,0,0.0,16.38627723,16.38627723,331.6608409,0,111.7924004,111.7924004,331.6608409,0,0.0,102.1239741,102.1239741,331.6608409,0,0.0,111.6395742,111.6395742,331.6608409,0,0.0,35.20061011,35.20061011,331.6608409,0,0.0,0.647552854,-0.184872635,0.691332062,-10.58250669,0.901217509,0.002596274,0.001490455,0.000206,121.5616276,121.5616276,331.6608409,0,0.0,18.29184231,18.29184231,333.7796693,0,0.0,1,0.0,0.0,0.0,0.0,0.0,0.0,0.0,0.0,0.0,0.0,0.0,0.0,0.0,0.0,0.0,0.0,0.0,0.0,0.0,0.0,0.0,0.0,0.0,0.0,0.0,0.0,0.0,0.0,0.0,0.0,0.0,1.0
149.1900024,1,1,1,1,1,0.993997599,0.006002401,0.995224831,1.0,0.622214357,0,0,0,0,0,0,0,0,298,0,0,149,0,1,1,1,1,0.994961951,-5.399288612,0.995011095,-6.45311883,0.996516459,-7.368636003,0.994961951,-5.399288612,0.995003559,-5.997903902,0.995124336,-5.0880685,0.994961951,-5.399288612,0.622214357,1.678530782,,,0.061029771,,,0.035359363,,,0.022007859,,,0.061029771,,,0.044760571,,,0.071704145,,,0.061029771,,,8.15e-05,4.08e-05,2.73e-05,8.15e-05,5.5e-05,9.82e-05,8.15e-05,8.572212797,8.572212797,139.3438654,0,,0.0,4.725374951,4.725374951,,139.7653857,0,,0.364709989,0.364709989,140.4351737,0,6.61016526,6.61016526,139.3438654,0,,4.359040895,-293.6409591,148.2029059,-2,,7.51580985,7.51580985,139.2505951,0,,2.081374487,2.081374487,139.3438654,0,,0.99491549,-4.521064232,0.99430613,-12.75183132,0.096178974,0.001354376,0.000139354,9.11e-05,11.36570395,11.36570395,139.2505951,0,,8.087857569,-140.9121424,148.2029059,-1,,1,,,,,,,,,,0.0,0.0,0.0,0.0,-1.1242141,0.0,0.0,-1.0,0.0,,,,0.0,0.0,0.0,0.0,0.0,-148.2029059,0.0,0.0,-148.2029059,0.0,1.0
191.4799957,1,1,1,1,1,0.898359344,0.101640656,0.986470354,1.0,0.788533652,0,0,0,0,0,0,0,0,0,0,0,0,0,1,1,1,1,0.96598542,-2.663504697,0.969488545,-3.387641525,0.960687574,-3.141247414,0.96598542,-2.663504697,0.969259826,-3.136012293,0.978461641,-3.197911627,0.96598542,-2.663504697,0.788533652,1.844850077,0.0,0.0,0.195709279,0.0,0.0,0.125608551,0.0,0.0,0.146066442,0.0,0.0,0.195709279,0.0,0.0,0.146535479,0.0,0.0,0.141084718,0.0,0.0,0.195709279,0.0,0.0,0.000361023,0.000211612,0.000267172,0.000361023,0.000262781,0.000275087,0.000361023,37.97443074,37.97443074,180.948203,0,0.0,0.0,24.49735259,24.49735259,0.0,180.948203,0,0.0,3.565747371,3.565747371,180.948203,0,29.28266817,29.28266817,180.948203,0,0.0,20.8323146,20.8323146,180.948203,0,0.0,21.0644852,21.0644852,180.948203,0,0.0,9.220374384,9.220374384,180.948203,0,0.0,0.962567431,-2.106197443,0.918439056,-12.20861548,0.275317271,0.000566218,0.000527671,5.4e-05,43.03686399,43.03686399,180.948203,0,0.0,4.796674528,4.796674528,182.9092631,0,0.0,1,0.0,0.0,0.0,0.0,0.0,0.0,0.0,0.0,0.0,0.0,0.0,0.0,0.0,0.0,0.0,0.0,0.0,0.0,0.0,0.0,0.0,0.0,0.0,0.0,0.0,0.0,0.0,0.0,0.0,0.0,0.0,1.0
12.89999962,1,1,1,1,1,0.949979992,0.050020008,0.998010346,0.416492256,0.440450194,2786,0,5018,0,5018,0,3406,0,0,0,0,0,7804,1,1,1,1,0.986404898,-4.150042958,0.987382883,-5.086305421,0.660171024,-0.312757892,0.986404898,-4.150042958,0.988619055,-4.897173053,0.993200285,-4.764397453,0.986404898,-4.150042958,0.440450194,1.496766619,,,0.187543927,,,0.128562056,,,0.881493626,,,0.187543927,,,0.138752276,,,0.146384908,,,0.187543927,,,0.000169226,9.38e-05,0.00068415,0.000169226,0.000107716,0.000130457,0.000169226,17.80012107,-2768.199879,12.79072857,-216,,-3402.333799,10.8616046,-5007.138395,,12.58350197,-398,,9.130838051,9.130838051,12.19617004,1,13.7259474,13.7259474,12.19617004,1,,8.539363579,8.539363579,12.19617004,1,,9.989631958,9.989631958,12.19617004,1,,4.321954989,-3401.678045,12.79072857,-266,,0.984900747,-3.344238426,0.958918685,-12.49845367,0.259563108,0.006469113,0.000267856,0.00028466,21.84639143,21.84639143,12.19617004,2,,25.27643247,25.27643247,12.34231835,2,,0,,,,,,,,,,-58.12714087,-160.8821895,0.001528398,0.269107134,0.374723499,0.354679423,0.349497833,2.0,-71.58249755,,,,-50.13201902,-741.8622569,-2025.943817,0.0,0.0,0.0,0.0,0.0,24.68463669,-920.9324568,1.0
130.3600006,0,0,0,0,0,0.577831132,0.422168868,0.574612018,0.599832566,0.534049021,0,0,0,0,0,0,0,0,0,261,0,0,0,1,1,1,1,0.575319646,-0.106896415,0.575214751,-0.127356266,0.584380908,-0.155215348,0.575319646,-0.106896415,0.575198225,-0.118376761,0.574890233,-0.099570018,0.575319646,-0.106896415,0.534049021,1.590365446,,,0.951613732,,,0.942623154,,,0.930517582,,,0.951613732,,,0.94655847,,,0.954853945,,,0.951613732,,,0.001056616,0.000876876,0.000926109,0.001056616,0.000936853,0.00106794,0.001056616,111.1407109,111.1407109,123.2099318,1,,0.0,101.5119093,101.5119093,,123.2099318,1,,12.36009191,12.36009191,123.2099318,0,85.70231326,85.70231326,123.2099318,1,,74.2702429,74.2702429,123.2099318,1,,81.77645285,-179.2235471,137.3683567,-1,,26.98549904,26.98549904,123.2099318,0,,0.575432618,-0.089794231,0.577085521,-9.76449004,0.959194629,0.010776686,0.00118458,0.00059356,96.61443207,96.61443207,123.2099318,1,,52.70523572,52.70523572,124.9579619,0,,1,,,,,,,,,,0.000178544,0.000253432,0.0,0.000178544,0.000218954,-0.000154909,0.000125984,0.0,0.0,,,,0.0,0.0,0.0,0.0,0.0,0.0,0.0,0.0,0.0,0.0,1.0
184.1399994,0,0,0,0,0,0.612244898,0.387755102,0.581774771,0.900376727,0.565801031,0,0,0,0,0,0,0,0,0,0,0,0,0,1,1,1,1,0.588230511,-0.1260389,0.58725612,-0.148639762,0.677755265,-0.354187427,0.588230511,-0.1260389,0.587116918,-0.137960203,0.584295176,-0.112592661,0.588230511,-0.1260389,0.565801031,1.622117455,0.0,0.0,0.940852316,0.0,0.0,0.930622219,0.0,0.0,0.842541868,0.0,0.0,0.940852316,0.0,0.0,0.935442298,0.0,0.0,0.946991923,0.0,0.0,0.940852316,0.0,0.0,0.001117737,0.000936966,0.000909346,0.001117737,0.001002117,0.001140521,0.001117737,117.5698278,117.5698278,175.3675371,1,0.0,0.0,108.4681822,108.4681822,0.0,175.3675371,1,0.0,12.13636449,12.13636449,175.3675371,0,90.65990421,90.65990421,175.3675371,1,0.0,79.4441507,79.4441507,175.3675371,0,0.0,87.33425971,87.33425971,175.3675371,0,0.0,28.54651952,28.54651952,175.3675371,0,0.0,0.589277182,-0.107025745,0.604912685,-9.963735317,0.949545512,0.008068552,0.001243351,0.000478134,101.4078242,101.4078242,175.3675371,1,0.0,42.45603458,42.45603458,176.2792914,0,0.0,1,0.0,0.0,0.0,0.0,0.0,0.0,0.0,0.0,0.0,0.000248216,0.000345215,0.0,0.000248216,0.0,0.0,0.000178977,0.0,0.0,0.0,0.0,0.0,0.0,0.0,0.0,0.0,0.0,0.0,0.0,0.0,0.0,0.0,1.0
272.0,1,1,1,1,1,0.912765106,0.087234894,0.906486271,0.958141482,0.692979057,0,816,816,0,1632,0,0,0,0,0,0,0,1632,1,1,1,1,0.907866152,-1.28504074,0.907662877,-1.53028833,0.926261044,-1.995964313,0.907866152,-1.28504074,0.907628877,-1.42226303,0.90702908,-1.194684313,0.907866152,-1.28504074,0.692979057,1.749295482,0.0,0.0,0.487428509,0.0,0.0,0.424961238,0.0,0.0,0.327532026,0.0,0.0,0.487428509,0.0,0.0,0.451424043,0.0,0.0,0.512690388,0.0,0.0,0.487428509,0.0,0.0,0.000749618,0.000578703,0.000481718,0.000749618,0.000654255,0.000819138,0.000749618,78.84895619,78.84895619,258.4186869,0,0.0,0.0,66.99379045,-1565.00621,0.0,277.5262082,-6,0.0,6.429134104,6.429134104,258.4186869,0,60.80164403,60.80164403,258.4186869,0,0.0,51.8669601,51.8669601,258.4186869,0,0.0,62.72465166,62.72465166,258.4186869,0,0.0,19.14490571,19.14490571,258.4186869,0,0.0,0.90808593,-1.080001107,0.911312695,-12.15759003,0.546647672,0.001115242,0.000895048,8.74e-05,73.00020498,73.00020498,258.4186869,0,0.0,7.759580323,7.759580323,261.089288,0,0.0,1,0.0,0.0,0.0,0.0,0.0,0.0,0.0,0.0,0.0,0.0,-0.219542098,0.0,0.0,0.0,0.0,0.0,0.0,0.0,0.0,0.0,0.0,0.0,0.0,0.0,0.0,0.0,0.0,0.0,0.0,0.0,0.0,1.0
15.68999958,0,0,0,0,0,0.408963585,0.591036415,0.21488261,0.59690247,0.44964245,0,0,0,0,0,0,0,0,0,0,0,126,0,1,1,1,1,0.239564302,0.461210786,0.235005043,0.565540707,0.346688044,0.297221339,0.239564302,0.461210786,0.235124392,0.52540924,0.223816794,0.475023452,0.239564302,0.461210786,0.44964245,1.505958874,0.0,0.0,1.20783977,0.0,0.0,1.260551382,0.0,0.0,1.129405378,0.0,0.0,1.20783977,0.0,0.0,1.240008471,0.0,0.0,1.214689838,0.0,0.0,1.20783977,0.0,0.0,0.001112928,0.000942762,0.000898843,0.001112928,0.000986538,0.001107627,0.001112928,117.0639392,117.0639392,14.74089104,8,0.0,29.48178208,109.1391296,109.1391296,0.0,14.80024842,7,0.0,11.99618928,11.99618928,14.6745621,1,90.26980575,90.26980575,14.74089104,6,0.0,78.20910245,78.20910245,14.78057293,5,0.0,84.81546116,84.81546116,14.72695286,6,0.0,28.42368734,28.42368734,14.74089104,2,0.0,0.244298659,0.375985392,0.335599667,-8.035427178,1.16642047,0.037255954,0.001225709,0.001676944,99.96891528,99.96891528,14.71740554,7,0.0,148.904575,22.90457501,14.57875399,2,0.0,1,0.0,0.0,0.0,0.0,0.0,0.0,0.0,0.0,0.0,0.026589424,0.034982094,0.001380321,0.019942068,0.021566787,0.021154433,0.015461799,2.0,0.006647356,0.0,0.0,0.0,0.0,0.0,0.0,0.0,0.0,0.0,0.0,0.0,29.15750798,0.0,0.0
218.9900055,1,1,1,1,1,0.666666667,0.333333333,0.786709113,0.401841775,1.257337882,876,438,0,0,438,0,0,219,0,0,0,0,1314,1,1,1,1,0.756803172,-0.451265394,0.76130294,-0.553149881,0.562765235,-0.11433185,0.756803172,-0.451265394,0.761694254,-0.515474736,0.774729097,-0.470883218,0.756803172,-0.451265394,1.054172542,2.110488966,,,0.713866725,,,0.661557405,,,0.918147977,,,0.713866725,,,0.680438243,,,0.703482743,,,0.713866725,,,0.002086143,0.001909129,0.002915301,0.002086143,0.002091093,0.002269856,0.002086143,219.4321501,-656.5678499,228.3078931,-3,,0.0,221.0110222,-216.9889778,,227.3602988,-1,,38.90836965,38.90836965,204.7869879,0,169.2075092,-49.7924908,228.3078931,0,,165.7741669,165.7741669,204.7869879,1,,173.8119726,173.8119726,204.7869879,1,,53.2791812,53.2791812,204.7869879,0,,0.752150433,-0.368050679,0.691431484,-10.58321857,0.759644827,0.000368963,0.002168312,5.79e-05,176.8477212,176.8477212,204.7869879,1,,5.142394446,5.142394446,208.7576444,0,,1,,,,,,,,,,-0.009545646,-0.004780856,0.0,0.0,0.004151784,0.003464547,0.002116583,0.0,0.0,,,,2.032039023,0.0,0.0,0.0,0.0,0.0,0.0,0.0,0.0,0.0,1.0
45.97000122,0,0,0,0,0,0.199679872,0.800320128,0.158774373,0.593553788,0.442147311,46,184,368,0,552,0,276,506,827,598,736,0,598,1,1,1,1,0.166211446,0.726374548,0.164964751,0.873831027,0.235571159,0.609541496,0.166211446,0.726374548,0.164921773,0.812636083,0.161591531,0.701840208,0.166211446,0.726374548,0.442147311,1.498463736,,,1.341482329,,,1.423918498,,,1.279568883,,,1.341482329,,,1.389109464,,,1.328237054,,,1.341482329,,,0.001215156,0.001043895,0.000997731,0.001215156,0.001083301,0.001188749,0.001215156,127.8168331,81.81683309,44.46520074,2,,-244.0952318,120.8468678,-431.1531322,,48.81904637,-9,,13.31597409,13.31597409,44.25711441,0,98.56152779,-407.4384722,48.81904637,-8,,85.88009568,-741.1199043,48.81904637,-15,,91.02728192,-506.9727181,48.81904637,-10,,31.03454169,-244.9654583,48.81904637,-5,,0.167508756,0.604027257,0.188146435,-6.97964729,1.276718393,0.059436225,0.001321939,0.00262636,107.8174516,-628.1825484,48.81904637,-13,,233.2081644,233.2081644,42.68069249,5,,0,,,,,,,,,,0.016488124,-0.107378531,0.0,-0.065952498,-0.154775954,-0.076965575,-0.074109938,3.805896586,-0.041220311,,,,-0.195234886,0.0,0.0,0.0,0.0,0.0,0.0,0.0,170.72277,0.0,1.0
6304.810059,0,0,0,0,0,0.318127251,0.681872749,0.30879427,0.181665969,0.568424664,0,0,0,0,0,0,0,0,0,0,0,0,0,1,1,1,1,0.310636258,0.296799672,0.310152655,0.355250992,0.249258909,0.561454726,0.310636258,0.296799672,0.31038954,0.329761796,0.309456203,0.28027387,0.310636258,0.296799672,0.568424664,1.624741089,0.0,0.0,1.154943318,0.0,0.0,1.188177389,0.0,0.0,1.313245027,0.0,0.0,1.154943318,0.0,0.0,1.173568825,0.0,0.0,1.145716832,0.0,0.0,1.154943318,0.0,0.0,0.001379683,0.001204037,0.001426793,0.001379683,0.001265378,0.001388233,0.001379683,145.1227422,145.1227422,6106.889095,0,0.0,0.0,139.3857556,139.3857556,0.0,6119.485303,0,0.0,19.04234963,19.04234963,6143.233266,0,111.9063807,111.9063807,6106.889095,0,0.0,100.314543,100.314543,6110.578348,0,0.0,106.3025612,106.3025612,6105.45989,0,0.0,35.23649963,35.23649963,6106.889095,0,0.0,0.311025906,0.248287618,0.315378049,-7.89063837,1.128067528,0.021715928,0.001484196,0.001294585,121.0511534,121.0511534,6105.469129,0,0.0,114.9528926,114.9528926,6096.642642,0,0.0,1,0.0,0.0,0.0,0.0,0.0,0.0,0.0,0.0,0.0,0.0,0.0,0.0,0.0,0.0,0.0,0.0,0.0,0.0,0.0,0.0,0.0,0.0,0.0,0.0,0.0,0.0,0.0,0.0,0.0,0.0,0.0,1.0
50.77000046,1,1,1,1,1,0.663865546,0.336134454,0.721846399,0.395981582,0.196893292,0,0,0,0,0,0,0,0,0,0,0,762,0,1,1,1,1,0.708123054,-0.335044433,0.710038755,-0.404611656,0.546778452,-0.084758356,0.708123054,-0.335044433,0.710466381,-0.377183834,0.716359289,-0.330587539,0.708123054,-0.335044433,0.196893292,1.253209717,0.0,0.0,0.927166405,0.0,0.0,0.912721849,0.0,0.0,0.981051188,0.0,0.0,0.927166405,0.0,0.0,0.918389743,0.0,0.0,0.928099564,0.0,0.0,0.927166405,0.0,0.0,0.000455759,0.000327297,0.000367612,0.000455759,0.000350125,0.000425363,0.000455759,47.93932221,47.93932221,49.3055117,1,0.0,0.0,37.88969905,37.88969905,0.0,49.3055117,1,0.0,4.906239626,4.906239626,49.3055117,0,36.9667494,36.9667494,49.3055117,1,0.0,27.75665485,27.75665485,49.3055117,1,0.0,32.57173732,32.57173732,49.3055117,1,0.0,11.63989795,11.63989795,49.3055117,0,0.0,0.70602018,-0.277284195,0.676204567,-10.47419232,0.939332962,0.094033014,0.000572932,0.002144346,46.72842011,46.72842011,49.3055117,1,0.0,190.4076154,-571.5923846,50.60385086,-11,0.0,1,0.0,0.0,0.0,0.0,0.0,0.0,0.0,0.0,0.0,0.001753981,0.002557978,0.0,0.001753981,0.002222932,0.001707627,0.001201352,-11.0,0.0,0.0,0.0,0.0,0.0,0.0,0.0,0.0,0.0,0.0,0.0,0.0,-556.6423595,0.0,1.0
33.86999893,1,1,1,1,1,0.862344938,0.137655062,0.958615201,0.886982001,0.504657206,0,34,0,0,34,0,0,0,0,0,0,0,34,1,1,1,1,0.935969612,-1.727880981,0.93976687,-2.159294545,0.900387865,-1.548624071,0.935969612,-1.727880981,0.939602722,-2.003411881,0.949726538,-1.933714946,0.935969612,-1.727880981,0.504657206,1.560973631,0.0,0.0,0.463271388,0.0,0.0,0.382297984,0.0,0.0,0.501768011,0.0,0.0,0.463271388,0.0,0.0,0.409778364,0.0,0.0,0.422695965,0.0,0.0,0.463271388,0.0,0.0,0.000482598,0.000330057,0.000462621,0.000482598,0.000376386,0.000440863,0.000482598,50.76229891,50.76229891,32.82712177,2,0.0,0.0,38.20914693,4.209146931,0.0,32.82712177,0,0.0,6.174254012,6.174254012,32.82712177,0,39.14359019,39.14359019,32.82712177,1,0.0,29.83849667,29.83849667,32.82712177,1,0.0,33.75861921,33.75861921,32.82712177,1,0.0,12.32533027,12.32533027,32.82712177,0,0.0,0.932232961,-1.387039223,0.883932622,-11.96154597,0.539203576,0.004860602,0.00063012,0.000249853,51.39261314,51.39261314,32.82712177,2,0.0,22.18577562,22.18577562,32.95663352,1,0.0,1,0.0,0.0,0.0,0.0,0.0,0.0,0.0,0.0,0.0,0.093299146,0.0,0.0,0.046649573,0.062713424,0.058425836,0.060121181,1.0,0.0,0.0,0.0,0.0,0.014032804,0.0,0.0,0.0,0.0,0.0,0.0,0.0,32.95663352,0.0,1.0
10.22999954,1,1,1,1,1,0.800720288,0.199279712,0.886987664,0.340728338,0.58196676,0,0,0,0,0,0,0,82,0,890,92,430,0,1,1,1,1,0.865982619,-0.908993953,0.868539664,-1.105369482,0.553110634,-0.096416423,0.865982619,-0.908993953,0.869677704,-1.036478246,0.878457725,-0.93658385,0.865982619,-0.908993953,0.58196676,1.638283185,0.0,0.0,0.638442397,0.0,0.0,0.579456676,0.0,0.0,0.953519067,0.0,0.0,0.638442397,0.0,0.0,0.599501801,0.0,0.0,0.629805936,0.0,0.0,0.638442397,0.0,0.0,0.000784637,0.000607019,0.001071826,0.000784637,0.000668246,0.000787208,0.000784637,82.5324952,82.5324952,9.428745627,9,0.0,18.85749125,70.27177554,70.27177554,0.0,9.428745627,7,0.0,14.30486862,14.30486862,9.428745627,2,63.64207767,-18.35792233,10.65066896,-2,0.0,52.97612742,52.97612742,9.428745627,6,0.0,60.27969356,-829.7203064,10.64117921,-78,0.0,20.03928669,20.03928669,9.428745627,2,0.0,0.862941568,-0.74552766,0.817994548,-11.48942276,0.692097196,0.00344187,0.000933247,0.000211587,76.11572814,-15.88427186,10.70528215,-1,0.0,18.78787755,-411.2121225,10.12006013,-41,0.0,1,0.0,0.0,0.0,0.0,0.0,0.0,0.0,0.0,0.0,0.11619422,0.133638935,0.000290504,-0.025820938,0.100714421,-1.069074469,-0.008684555,-41.0,0.025820938,0.0,0.0,0.0,0.0,0.0,0.0,0.0,0.0,0.0,-10.64117921,0.0,-414.9224655,0.0,0.0
231.7799988,0,0,0,0,0,0.06122449,0.93877551,0.023477915,0.176642947,0.47697274,695,0,232,0,232,0,0,464,0,464,232,232,927,1,1,1,1,0.027106613,3.033259868,0.026417766,3.669652527,0.047579723,2.7669998,0.027106613,3.033259868,0.026434653,3.410523128,0.024762439,2.981994626,0.027106613,3.033259868,0.47697274,1.533289165,,,3.656335441,,,4.799277095,,,3.263035176,,,3.656335441,,,4.296107823,,,3.577090842,,,3.656335441,,,0.003582755,0.00385717,0.002795636,0.003582755,0.003673169,0.003489037,0.003582755,376.8541531,-318.1458469,246.2037636,-1,,0.0,446.526654,214.526654,,230.4804799,1,,37.31127826,37.31127826,228.9562807,0,290.5980393,-173.4019607,246.2037636,-1,,291.1953577,291.1953577,230.2092144,1,,267.1695368,-196.8304632,246.2037636,-1,,91.50200049,91.50200049,229.639643,0,,0.027832009,2.507579104,0.044079334,-5.948112443,2.920566039,0.078684136,0.00323688,0.003785465,264.0002473,32.00024729,228.7117346,0,,336.1310701,104.1310701,214.8909976,0,,1,0.008342772,0.009197002,0.020608213,0.007946121,0.008342772,0.387237561,0.008586709,0.006562288,0.008342772,-0.143760397,0.210411714,0.0,-0.143760397,0.181744813,-0.138942062,0.0,0.0,0.0,-0.152051038,0.152051038,8.13e-05,0.0,0.0,0.0,0.0,0.0,0.0,0.0,0.0,0.0,0.0,1.0
64.76999664,0,0,0,0,0,0.048419368,0.951580632,0.0155193,0.050230222,0.707319791,777,972,389,0,1361,0,130,453,907,389,712,0,2138,1,1,1,1,0.01820189,3.688617228,0.017682172,4.456945166,0.028975224,3.772564951,0.01820189,3.688617228,0.017700068,4.141827545,0.016458298,3.608190409,0.01820189,3.688617228,0.707319791,1.763636216,,,8.107902428,,,12.53809162,,,8.503427019,,,8.107902428,,,10.48536658,,,7.746234156,,,8.107902428,,,0.012822246,0.017641072,0.009947221,0.012822246,0.015701619,0.012760549,0.012822246,1348.715311,571.7153114,64.53494963,9,,193.6048489,2042.224834,681.2248337,,64.73961327,11,,132.7581909,132.7581909,64.55158367,2,1040.015141,587.0151406,64.53494963,9,,1244.766685,337.7666852,64.63774814,5,,977.1263491,588.1263491,64.45511349,9,,327.474563,197.474563,64.53494963,3,,0.018750369,3.053185688,0.031972723,-5.861427895,5.653696069,0.035949377,0.009483534,0.002903318,773.4778737,61.47787371,64.43888888,1,,257.80064,257.80064,62.53576456,4,,1,,,,,,,,,,1.913329274,3.414186911,0.444757697,1.913329274,1.340213704,1.830802223,0.145655357,2.14727106,0.637776425,,,,0.115397462,129.0698993,194.2188398,0.0,129.0698993,64.63774814,128.910227,0.0,125.0715291,64.53494963,1.0
62.36000061,0,0,0,0,0,0.175670268,0.824329732,0.159570235,0.306404353,0.293424075,0,0,0,0,0,0,0,0,0,0,0,499,0,1,1,1,1,0.162844732,0.742790975,0.162325799,0.889312774,0.199365335,0.759058569,0.162844732,0.742790975,0.16228254,0.827036978,0.160835522,0.705405529,0.162844732,0.742790975,0.293424075,1.349740499,0.0,0.0,1.249535882,0.0,0.0,1.305669433,0.0,0.0,1.255647079,0.0,0.0,1.249535882,0.0,0.0,1.281509404,0.0,0.0,1.235603891,0.0,0.0,1.249535882,0.0,0.0,0.000791665,0.000630051,0.000637814,0.000791665,0.000657597,0.000747676,0.000791665,83.27174244,83.27174244,61.51876778,1,0.0,0.0,72.9380714,72.9380714,0.0,61.60804642,1,0.0,8.512427658,8.512427658,61.52731128,0,64.2121226,64.2121226,61.51876778,1,0.0,52.13187579,52.13187579,61.54692465,1,0.0,57.25252239,57.25252239,61.48639031,1,0.0,20.21877948,20.21877948,61.51876778,0,0.0,0.163390792,0.620722762,0.171603281,-6.861196653,1.204617902,0.127740091,0.000915277,0.003833675,74.65009563,74.65009563,61.48736631,1,0.0,340.4119318,-158.5880682,62.15507984,-3,0.0,1,0.0,0.0,0.0,0.0,0.0,0.0,0.0,0.0,0.0,0.008620913,0.012357456,0.0,0.008620913,0.010687346,0.007774953,0.006020262,-2.206688415,0.0,0.0,0.0,0.0,0.0,0.0,0.0,0.0,0.0,0.0,0.0,0.0,-124.3101597,0.0,1.0
211.4100037,0,0,0,0,0,0.115646259,0.884353741,0.093513729,0.296358309,0.840948038,0,211,634,0,845,0,0,0,0,846,0,0,845,1,1,1,1,0.097593295,1.222104295,0.096911186,1.467140739,0.134476243,1.168923916,0.097593295,1.222104295,0.096887645,1.364298421,0.095062022,1.171794314,0.097593295,1.222104295,0.840948038,1.897264463,0.0,0.0,2.187264313,0.0,0.0,2.558896568,0.0,0.0,2.114025986,0.0,0.0,2.187264313,0.0,0.0,2.395793691,0.0,0.0,2.117915648,0.0,0.0,2.187264313,0.0,0.0,0.004440536,0.004822291,0.004337453,0.004440536,0.004806389,0.004586227,0.004440536,467.0803053,467.0803053,206.7464978,2,0.0,206.7464978,558.2542267,-286.7457733,0.0,225.3713151,-1,0.0,57.88876657,57.88876657,206.6514159,0,360.1728143,360.1728143,206.7464978,2,0.0,381.0328588,381.0328588,206.9483875,2,0.0,351.1857427,-494.8142573,225.3713151,-2,0.0,113.4093441,113.4093441,206.7464978,1,0.0,0.098302357,1.018467208,0.10948097,-6.416394692,1.919835939,0.016421839,0.003997774,0.00173788,326.0588089,326.0588089,206.3643836,2,0.0,154.3153438,154.3153438,199.4655484,1,0.0,1,0.0,0.0,0.0,0.0,0.0,0.0,0.0,0.0,0.0,0.046673091,-0.033632843,0.0,0.046673091,0.058165943,-0.042909435,0.032414858,0.643283138,0.023336545,0.0,0.0,0.0,0.0,0.0,0.0,0.0,0.0,0.0,0.0,0.0,199.4655484,0.0,1.0
87.93000031,0,0,0,0,0,0.283713485,0.716286515,0.303223239,0.27542905,0.528605126,0,0,0,0,0,0,0,0,0,0,0,0,0,1,1,1,1,0.298761621,0.320666191,0.29950418,0.380771828,0.286603101,0.446904164,0.298761621,0.320666191,0.299486677,0.354045087,0.301478363,0.29525017,0.298761621,0.320666191,0.528605126,1.58492155,0.0,0.0,1.159139565,0.0,0.0,1.191673617,0.0,0.0,1.228525868,0.0,0.0,1.159139565,0.0,0.0,1.177095688,0.0,0.0,1.145650973,0.0,0.0,1.159139565,0.0,0.0,0.001272035,0.001093451,0.001205636,0.001272035,0.001149139,0.001264988,0.001272035,133.7997404,133.7997404,84.42961164,2,0.0,0.0,126.5837875,126.5837875,0.0,84.64462921,1,0.0,16.09073431,16.09073431,85.16294998,0,103.1750398,103.1750398,84.42961164,1,0.0,91.09955806,91.09955806,84.56134348,1,0.0,96.86516825,96.86516825,84.34012337,1,0.0,32.48722036,32.48722036,84.42961164,0,0.0,0.298022563,0.270223702,0.28819749,-7.696022847,1.132522503,0.028889207,0.001384507,0.001571098,112.9205154,112.9205154,84.36798269,1,0.0,139.5059186,139.5059186,83.74827636,2,0.0,1,0.0,0.0,0.0,0.0,0.0,0.0,0.0,0.0,0.0,0.003213338,0.002265425,0.0,0.001606669,0.001958561,0.001362073,0.001140951,1.85089899,0.0,0.0,0.0,0.0,0.423082575,0.0,0.0,0.0,0.0,0.0,0.0,0.0,167.4965527,0.0,1.0
42.18999863,1,1,1,1,1,0.272583201,0.727416799,0.22492163,0.139756944,0.763010644,464,591,0,0,591,0,211,548,464,675,338,548,1055,1,1,1,1,0.233674515,0.477802435,0.231998482,0.575839548,0.193926896,0.785053945,0.233674515,0.477802435,0.232239661,0.5345859,0.228191996,0.462682817,0.233674515,0.477802435,0.763010644,1.819327069,,,1.331024361,,,1.411454579,,,1.599720036,,,1.331024361,,,1.377033923,,,1.319034796,,,1.331024361,,,0.002341088,0.002248956,0.00276362,0.002341088,0.002335443,0.002441131,0.002341088,246.2486405,-217.7513595,53.0693333,-4,,-159.2079999,260.3512183,-330.6487817,,53.0693333,-6,,36.8839892,36.8839892,38.64775605,1,189.8861178,-358.1138822,53.0693333,-7,,185.1453359,-278.8546641,53.0693333,-5,,186.9271543,-488.0728457,53.0693333,-9,,59.79035402,-151.209646,53.0693333,-3,,0.235287793,0.39687626,0.258820859,-7.485683231,1.268096836,0.011334183,0.002332209,0.001026987,190.2152161,-147.7847839,53.0693333,-3,,91.1914794,-456.8085206,40.79912578,-11,,0,,,,,,,,,,-0.014268448,-0.031086674,0.009629839,-0.024969784,-0.022326725,-0.030104352,-0.007383317,-9.631093558,-0.010701336,,,,-1.487556289,0.0,0.0,0.0,0.0,0.0,0.0,0.0,-407.9912578,0.0,1.0
143.5099945,0,0,0,0,0,0.623337623,0.376662377,0.594029851,0.967131923,0.63075028,0,0,0,0,0,0,0,0,0,0,0,574,0,1,1,1,1,0.600272033,-0.14425726,0.599353075,-0.170440683,0.700554249,-0.411948344,0.600272033,-0.14425726,0.599188143,-0.158180193,0.596474249,-0.129744592,0.600272033,-0.14425726,0.63075028,1.687066705,0.0,0.0,0.927330456,0.0,0.0,0.914718417,0.0,0.0,0.806182272,0.0,0.0,0.927330456,0.0,0.0,0.920602555,0.0,0.0,0.934395672,0.0,0.0,0.927330456,0.0,0.0,0.00125998,0.001077593,0.001022058,0.00125998,0.001154104,0.001303556,0.00125998,132.5317093,132.5317093,132.7928511,1,0.0,0.0,124.7479005,124.7479005,0.0,132.7928511,1,0.0,13.64065379,13.64065379,132.7928511,0,102.1972414,102.1972414,132.7928511,1,0.0,91.49314073,91.49314073,132.7928511,1,0.0,99.81850126,99.81850126,132.7928511,1,0.0,32.1793363,32.1793363,132.7928511,0,0.0,0.601273178,-0.122275235,0.616361174,-10.04570764,0.938052943,0.005227521,0.001379712,0.000358223,112.529463,112.529463,132.7928511,1,0.0,31.80850136,-542.1914986,142.0160707,-4,0.0,1,0.0,0.0,0.0,0.0,0.0,0.0,0.0,0.0,0.0,0.000325159,0.000453907,0.0,0.000325159,0.000390953,0.000263026,0.000233613,-4.0,0.0,0.0,0.0,0.0,0.0,0.0,0.0,0.0,0.0,0.0,0.0,0.0,-568.0642827,0.0,0.0
82.51000214,1,1,1,1,1,0.662264906,0.337735094,0.823318743,0.82712432,0.267258208,0,0,0,0,0,0,0,0,0,0,0,578,0,1,1,1,1,0.782178113,-0.525639477,0.789022436,-0.653718711,0.764587255,-0.610121206,0.782178113,-0.525639477,0.788594146,-0.606184686,0.806932084,-0.573135242,0.782178113,-0.525639477,0.267258208,1.323574633,0.0,0.0,0.862986926,0.0,0.0,0.832550853,0.0,0.0,0.842788688,0.0,0.0,0.862986926,0.0,0.0,0.84371926,0.0,0.0,0.851572604,0.0,0.0,0.862986926,0.0,0.0,0.000511353,0.000371482,0.000395082,0.000511353,0.000400307,0.000478874,0.000511353,53.78693905,53.78693905,78.59748217,1,0.0,0.0,43.00470077,43.00470077,0.0,78.59748217,1,0.0,5.272868985,5.272868985,78.59748217,0,41.47593677,41.47593677,78.59748217,1,0.0,31.73484879,31.73484879,78.59748217,0,0.0,36.66930967,36.66930967,78.59748217,0,0.0,13.05972744,13.05972744,78.59748217,0,0.0,0.775558368,-0.423602091,0.695538232,-10.61262329,0.888028918,0.05104224,0.000636733,0.001424793,51.9320006,51.9320006,78.59748217,1,0.0,126.5147322,-451.4852678,81.71811967,-6,0.0,1,0.0,0.0,0.0,0.0,0.0,0.0,0.0,0.0,0.0,0.004317138,0.006677315,0.0,0.004317138,0.0,0.0,0.00280373,-6.0,0.0,0.0,0.0,0.0,0.0,0.0,0.0,0.0,0.0,0.0,0.0,0.0,-490.308718,0.0,1.0
78.33000183,0,0,0,0,0,0.102440976,0.897559024,0.044170314,0.12683131,0.656358651,235,0,2350,0,2350,0,1645,862,1097,1018,862,0,2585,1,1,1,1,0.050389436,2.060410259,0.049214236,2.499313354,0.075472992,1.95894248,0.050389436,2.060410259,0.049251025,2.322411011,0.046387357,2.044590066,0.050389436,2.060410259,0.656358651,1.712675075,0.0,0.0,3.030165303,0.0,0.0,3.837310939,0.0,0.0,2.869167085,0.0,0.0,3.030165303,0.0,0.0,3.488906579,0.0,0.0,3.004481523,0.0,0.0,3.030165303,0.0,0.0,0.004334825,0.004801442,0.00386922,0.004334825,0.0046458,0.004434728,0.004334825,455.9610126,220.9610126,76.60316858,3,0.0,-1533.933444,555.8405777,-1794.159422,0.0,85.21852467,-21,0.0,51.63960916,51.63960916,76.41477839,1,351.5985565,-510.4014435,85.21852467,-6,0.0,368.3019956,-728.6980044,85.21852467,-9,0.0,339.5848728,-678.4151272,85.21852467,-8,0.0,110.7095264,-1534.290474,85.21852467,-18,0.0,0.051617898,1.698905637,0.07761901,-6.188259873,2.494547261,0.035806223,0.003836412,0.002594369,312.8981396,-549.1018604,85.21852467,-6,0.0,230.3675049,230.3675049,72.76911449,3,0.0,0,0.0,0.0,0.0,0.0,0.0,0.0,0.0,0.0,0.0,0.198997989,-2.049654876,0.059960244,-0.397995978,-0.758474002,-0.522543567,-0.270588784,1.795057512,-1.193987935,0.0,0.0,0.0,-25.87418531,0.0,-170.4370493,0.0,0.0,-85.21852467,-85.21852467,0.0,145.538229,-85.21852467,1.0
37.34000015,1,1,1,1,1,0.534596376,0.465403624,0.515472313,0.359601449,0.303195987,0,0,37,0,37,0,0,37,0,0,37,75,37,1,1,1,1,0.519357095,-0.027033543,0.518510403,-0.030840422,0.451271383,0.088341706,0.519357095,-0.027033543,0.518777237,-0.02908667,0.516917027,-0.02213125,0.519357095,-0.027033543,0.303195987,1.359512412,,,0.991731665,,,0.990572818,,,1.02750347,,,0.991731665,,,0.991106507,,,0.993225963,,,0.991731665,,,0.000644023,0.000491998,0.000537594,0.000644023,0.000523484,0.000617466,0.000644023,67.74193704,67.74193704,35.3386037,2,,0.0,56.95635248,19.95635248,,35.3386037,1,,7.174869753,7.174869753,35.3386037,0,52.23685056,15.23685056,35.3386037,0,,41.49985996,41.49985996,35.3386037,1,,47.28182639,47.28182639,35.3386037,1,,16.44806805,16.44806805,35.3386037,0,,0.520102029,-0.023547928,0.529356287,-9.422743948,0.992793906,0.055355971,0.000770617,0.00170627,62.85160246,25.85160246,35.3386037,1,,151.5085698,76.50856976,35.44786136,2,,1,,,,,,,,,,2.28e-05,1.49e-05,0.0,0.0,1.32e-05,7.65e-06,8.66e-06,2.0,0.0,,,,0.002717393,0.0,0.0,0.0,0.0,0.0,0.0,0.0,70.89572272,0.0,1.0
3.444999933,0,0,0,0,0,0.103470858,0.896529142,0.060999351,0.429075512,0.34583639,17,17,0,0,17,0,0,0,0,0,0,179,34,1,1,1,1,0.066980169,1.668886441,0.065905068,2.016308426,0.108308955,1.436227948,0.066980169,1.668886441,0.065912228,1.874413406,0.063189566,1.635434161,0.066980169,1.668886441,0.34583639,1.402152815,,,1.757861952,,,1.976899981,,,1.624918494,,,1.757861952,,,1.884322216,,,1.738097468,,,1.757861952,,,0.001268708,0.001111025,0.000964923,0.001268708,0.001126271,0.001212996,0.001268708,133.4497678,116.4497678,3.290047376,35,,32.90047376,128.6182383,111.6182383,,3.305756912,34,,12.8781123,12.8781123,3.279471731,4,102.9051704,102.9051704,3.290047376,31,,89.28664164,89.28664164,3.300221398,27,,92.88398534,92.88398534,3.282141753,28,,32.40224531,32.40224531,3.290047376,10,,0.068099165,1.381754215,0.088620675,-6.267032892,1.59527328,0.120234396,0.001356834,0.004154816,110.66351,110.66351,3.28029286,34,,368.9276738,189.9276738,3.041462186,62,,1,,,,,,,,,,1.523146381,2.159796698,0.12892192,1.349072509,1.482226432,1.170157141,1.014286253,38.0483356,0.43518468,,,,0.619982678,6.580094751,6.611513823,0.0,3.290047376,3.300221398,3.282141753,3.28029286,115.5755631,0.0,1.0
12.06000042,1,1,1,1,1,0.477390956,0.522609044,0.53402308,0.249058183,0.582694176,0,0,0,0,0,0,0,0,205,0,24,169,0,1,1,1,1,0.520318566,-0.028379557,0.522210678,-0.03702226,0.369754727,0.247149194,0.520318566,-0.028379557,0.522648807,-0.035100798,0.528518215,-0.037367374,0.520318566,-0.028379557,0.582694176,1.639010601,0.0,0.0,0.986075718,0.0,0.0,0.98187386,0.0,0.0,1.129883612,0.0,0.0,0.986075718,0.0,0.0,0.982806475,0.0,0.0,0.981706447,0.0,0.0,0.986075718,0.0,0.0,0.001213715,0.001030406,0.001272387,0.001213715,0.001097454,0.001229098,0.001213715,127.6652963,127.6652963,10.84459967,12,0.0,32.53379902,119.2853203,119.2853203,0.0,10.84459967,11,0.0,16.98160108,16.98160108,11.10892272,2,98.44467544,98.44467544,10.84459967,9,0.0,87.00209061,-117.9979094,13.29849016,-9,0.0,94.11694179,94.11694179,10.84459967,9,0.0,30.99774783,30.99774783,10.84459967,3,0.0,0.518239286,-0.021361288,0.489154204,-9.134893016,0.989501045,0.010960202,0.001336031,0.000674879,108.9668512,84.96685119,10.84459967,8,0.0,59.92601015,-109.0739899,11.9480758,-9,0.0,1,0.0,0.0,0.0,0.0,0.0,0.0,0.0,0.0,0.0,0.000151012,0.00023558,0.001908835,0.000113259,-0.000173259,0.000196358,5.7e-05,-9.0,3.78e-05,0.0,0.0,0.0,0.0,0.0,0.0,0.0,0.0,0.0,0.0,0.0,-107.5326822,0.0,0.0
143.4700012,1,1,1,1,1,0.506202481,0.493797519,0.959808993,0.061950607,0.566406962,143,143,430,0,573,0,0,1148,1004,1004,1004,0,716,1,1,1,1,0.798221892,-0.579596944,0.814712163,-0.766286363,0.14922895,1.051617787,0.798221892,-0.579596944,0.823280334,-0.752399364,0.887661391,-1.008488873,0.798221892,-0.579596944,0.566406962,1.622723387,,,0.755340781,,,0.690068988,,,1.663783645,,,0.755340781,,,0.694723797,,,0.613720692,,,0.755340781,,,0.000898495,0.000695812,0.001798454,0.000898495,0.000745355,0.000740176,0.000898495,94.50876163,-48.49123837,150.1706078,0,,0.0,80.55090194,-492.4490981,,149.3129816,-3,,24.00263829,24.00263829,139.181985,0,72.87716109,-1075.122839,150.1706078,-7,,59.08899047,-944.9110095,149.3238343,-6,,56.67825448,-947.3217455,148.0575776,-6,,22.94718177,22.94718177,133.9003385,0,,0.778946722,-0.43234018,0.56338073,-9.666362363,0.811153146,0.00928326,0.001063313,0.000550878,86.72389741,-917.2761026,151.5335966,-6,,48.91529427,48.91529427,134.8690746,0,,1,,,,,,,,,,0.0,-0.027524756,0.0,-0.03674263,-0.053072325,-0.095348419,-0.017523565,0.0,0.0,,,,43.95042264,0.0,0.0,0.0,0.0,0.0,0.0,0.0,0.0,0.0,1.0
93.37000275,1,1,1,1,1,0.724289716,0.275710284,0.919617986,0.334030975,0.727669696,280,280,0,0,280,0,0,93,93,840,654,0,560,1,1,1,1,0.868077684,-0.923260362,0.875513866,-1.165573855,0.538084324,-0.068851634,0.868077684,-0.923260362,0.876440248,-1.091445243,0.898677539,-1.107654511,0.868077684,-0.923260362,0.727669696,1.783986121,,,0.586003513,,,0.509312897,,,0.960928969,,,0.586003513,,,0.531642846,,,0.526677909,,,0.586003513,,,0.00096382,0.000750262,0.00153178,0.00096382,0.00083355,0.000905691,0.00096382,101.3799369,-178.6200631,94.947396,-2,,0.0,86.85435943,-193.1456406,,94.83044873,-2,,20.44353609,20.44353609,89.9766727,0,78.17563009,-14.82436991,94.947396,0,,66.08076929,-26.91923071,94.88243282,0,,69.35240728,-770.6475927,94.86214386,-8,,24.61553616,24.61553616,89.9766727,0,,0.860316293,-0.731443547,0.761924788,-11.08795768,0.654819088,0.001631481,0.001136349,0.000137476,92.68070771,-561.3192923,95.15454012,-6,,12.20717656,12.20717656,90.96563722,0,,1,,,,,,,,,,-0.026637803,-0.042455075,0.0,0.0,0.0,-0.153362314,-0.050157156,0.0,0.0,,,,0.325787387,0.0,0.0,0.0,0.0,0.0,0.0,0.0,0.0,0.0,1.0
16.5,1,1,1,1,1,0.73923445,0.26076555,0.858244365,0.407170294,0.294753215,0,0,0,0,0,0,0,0,16,0,0,16,0,1,1,1,1,0.82883729,-0.703150588,0.833127349,-0.862876528,0.59392748,-0.173691086,0.82883729,-0.703150588,0.83371279,-0.805325844,0.846447141,-0.741146407,0.82883729,-0.703150588,0.294753215,1.351069639,0.0,0.0,0.809308076,0.0,0.0,0.771331824,0.0,0.0,0.949079171,0.0,0.0,0.809308076,0.0,0.0,0.784805147,0.0,0.0,0.800108099,0.0,0.0,0.809308076,0.0,0.0,0.00051448,0.000373675,0.00048404,0.00051448,0.000404307,0.000485941,0.00051448,54.11587595,54.11587595,15.48378645,3,0.0,15.48378645,43.25860781,43.25860781,0.0,15.48378645,3,0.0,6.460123995,6.460123995,15.48378645,0,41.72958508,41.72958508,15.48378645,3,0.0,32.05199123,16.05199123,15.48378645,1,0.0,37.21042148,37.21042148,15.48378645,2,0.0,13.1395949,13.1395949,15.48378645,1,0.0,0.824306784,-0.572667743,0.763790521,-11.10131651,0.841715019,0.035424612,0.000641408,0.001067027,52.31326006,52.31326006,15.48378645,3,0.0,94.74683577,78.74683577,15.58729349,5,0.0,1,0.0,0.0,0.0,0.0,0.0,0.0,0.0,0.0,0.0,0.023175973,0.034901058,0.0,0.023175973,0.010133589,0.017165562,0.015372579,5.0,0.007725324,0.0,0.0,0.0,0.002814005,0.0,0.0,0.0,0.0,0.0,0.0,0.0,77.93646746,0.0,1.0
73.83000183,1,1,1,1,1,0.599371069,0.400628931,0.685785536,0.091216216,0.490501757,0,0,0,0,0,0,0,0,0,0,0,0,0,1,1,1,1,0.662557865,-0.24663766,0.663346531,-0.29595196,0.204137315,0.737117521,0.662557865,-0.24663766,0.667291982,-0.283040508,0.675692158,-0.253575896,0.662557865,-0.24663766,0.490501757,1.546818182,0.0,0.0,0.898001666,0.0,0.0,0.878891121,0.0,0.0,1.379237332,0.0,0.0,0.898001666,0.0,0.0,0.88385498,0.0,0.0,0.895288009,0.0,0.0,0.898001666,0.0,0.0,0.000906768,0.000731632,0.001225011,0.000906768,0.000782751,0.000902452,0.000906768,95.378921,95.378921,71.64317087,1,0.0,0.0,84.69763053,84.69763053,0.0,71.64317087,1,0.0,16.34932031,16.34932031,72.5309715,0,73.54815438,73.54815438,71.64317087,1,0.0,62.05361941,62.05361941,71.64317087,1,0.0,69.10434843,69.10434843,71.64317087,1,0.0,23.15846065,23.15846065,71.64317087,0,0.0,0.660121405,-0.203218807,0.611806789,-10.01309779,0.91517127,0.012680199,0.001041018,0.0006302,84.90555612,84.90555612,71.64317087,1,0.0,55.95874978,55.95874978,71.95972145,1,0.0,1,0.0,0.0,0.0,0.0,0.0,0.0,0.0,0.0,0.0,0.000950471,0.001368556,0.0,0.000950471,0.001251749,0.001004699,0.000645279,1.0,0.0,0.0,0.0,0.0,0.018083864,0.0,0.0,0.0,0.0,0.0,0.0,0.0,71.95972145,0.0,1.0
56.04000092,1,1,1,1,1,0.649859944,0.350140056,0.658575408,0.603181247,0.255728374,0,56,112,0,168,0,0,0,0,0,0,112,168,1,1,1,1,0.656634804,-0.236148227,0.65692593,-0.282362556,0.635130559,-0.257497958,0.656634804,-0.236148227,0.656965128,-0.262590081,0.657811789,-0.223207046,0.656634804,-0.236148227,0.255728374,1.312044799,0.0,0.0,0.937878612,0.0,0.0,0.926180672,0.0,0.0,0.932456241,0.0,0.0,0.937878612,0.0,0.0,0.931167588,0.0,0.0,0.941180731,0.0,0.0,0.937878612,0.0,0.0,0.000539346,0.000399043,0.000421714,0.000539346,0.000426587,0.000512206,0.000539346,56.73146888,56.73146888,53.40573927,1,0.0,0.0,46.19532105,-121.8046789,0.0,58.29154715,-2,0.0,5.628305738,5.628305738,53.40573927,0,43.74650906,43.74650906,53.40573927,1,0.0,33.81826146,33.81826146,53.40573927,1,0.0,39.22168227,39.22168227,53.40573927,1,0.0,13.77467344,13.77467344,53.40573927,0,0.0,0.65632449,-0.197603314,0.651860579,-10.29988693,0.947748167,0.060973636,0.000662174,0.001647786,54.00701273,54.00701273,53.40573927,1,0.0,146.315435,34.31543502,53.70573297,1,0.0,1,0.0,0.0,0.0,0.0,0.0,0.0,0.0,0.0,0.0,0.000871344,-0.002491519,0.0,0.000871344,0.001077399,0.000778459,0.00061011,1.0,0.0,0.0,0.0,0.0,0.0,0.0,0.0,0.0,0.0,0.0,0.0,0.0,53.70573297,0.0,1.0
87.26000214,1,1,1,1,1,0.849139656,0.150860344,0.983684839,0.809543742,0.625857722,873,175,0,0,175,0,87,87,87,524,87,87,1048,1,1,1,1,0.95097173,-2.100312228,0.956342588,-2.712269648,0.872492677,-1.231642765,0.95097173,-2.100312228,0.956199839,-2.516120436,0.970746475,-2.724842945,0.95097173,-2.100312228,0.625857722,1.682174147,0.0,0.0,0.335428896,0.0,0.0,0.243992831,0.0,0.0,0.52699643,0.0,0.0,0.335428896,0.0,0.0,0.270197593,0.0,0.0,0.242402516,0.0,0.0,0.335428896,0.0,0.0,0.000451249,0.000284117,0.000660205,0.000451249,0.000334814,0.000334513,0.000451249,47.46484879,-825.5351512,88.92951356,-9,0.0,-88.92951356,32.89095063,-142.1090494,0.0,88.52518513,-2,0.0,8.811265436,8.811265436,80.00349615,0,36.60087564,-50.39912436,88.92951356,-1,0.0,26.54283684,-60.45716316,88.66415111,-1,0.0,25.61501046,-498.3849895,88.48744793,-6,0.0,11.52469352,-75.47530648,88.92951356,-1,0.0,0.945666128,-1.637601998,0.87821069,-11.92057636,0.426690795,0.002029963,0.000622214,0.000137619,50.74784282,-36.25215718,89.35695617,0,0.0,12.21988944,-74.78011056,85.70658855,-1,0.0,0,0.0,0.0,0.0,0.0,0.0,0.0,0.0,0.0,0.0,-0.620340674,-0.229887708,0.0,-0.068926742,-0.09891972,-0.696072101,0.0,-1.0,-0.068926742,0.0,0.0,0.0,0.0,-88.92951356,0.0,0.0,0.0,0.0,-88.48744793,0.0,-85.70658855,0.0,0.0
48.04999924,1,1,1,1,1,0.797919168,0.202080832,0.889773179,0.173294265,0.457693676,384,0,192,0,192,0,0,0,96,0,0,144,576,1,1,1,1,0.866080699,-0.909653995,0.867489908,-1.096740711,0.355312008,0.278129401,0.866080699,-0.909653995,0.87073492,-1.044772849,0.879699278,-0.945779156,0.866080699,-0.909653995,0.457693676,1.514010101,,,0.685717357,,,0.634520185,,,1.122274533,,,0.685717357,,,0.648345273,,,0.675519611,,,0.685717357,,,0.000643461,0.000484788,0.000912908,0.000643461,0.000526948,0.000628401,0.000643461,67.68283012,-316.3171699,49.88483736,-6,,0.0,56.12163727,-135.8783627,,49.75694065,-3,,12.18391258,12.18391258,45.47149675,0,52.19127231,52.19127231,44.63836183,1,,41.77451021,-54.22548979,49.80058495,-1,,48.11919465,48.11919465,44.63836183,1,,16.43371661,16.43371661,44.63836183,0,,0.863309746,-0.747536805,0.812891396,-11.45288368,0.733410482,0.008649801,0.000782953,0.0003971,63.85771867,63.85771867,44.63836183,1,,35.26054053,-108.7394595,46.84679186,-2,,1,,,,,,,,,,-0.077575349,-0.056383134,0.0,0.012929225,-0.017055474,0.013976535,0.008731426,-2.0,0.0,,,,0.01757289,0.0,0.0,0.0,0.0,0.0,0.0,0.0,-93.69358372,0.0,1.0
222.1100006,1,1,1,1,1,0.268907563,0.731092437,0.43971349,0.057764755,0.512956113,222,222,0,0,222,0,0,222,222,0,222,666,444,1,1,1,1,0.385268595,0.166685274,0.392000431,0.186320236,0.123823122,1.267022081,0.385268595,0.166685274,0.393780421,0.170163198,0.416401034,0.111622396,0.385268595,0.166685274,0.512956113,1.569272538,,,1.078003168,,,1.087583393,,,1.76992214,,,1.078003168,,,1.079693934,,,1.051584852,,,1.078003168,,,0.001143524,0.000959098,0.001667699,0.001143524,0.001012992,0.001118773,0.001143524,120.2822224,-101.7177776,231.9169136,0,,0.0,111.0302802,-110.9697198,,231.9169136,0,,22.25754175,22.25754175,216.9736103,0,92.75147352,-129.2485265,231.9169136,-1,,80.30627457,-141.6937254,231.9169136,-1,,85.66896657,85.66896657,211.2776095,0,,29.20510199,29.20510199,212.2674072,0,,0.378003217,0.149470404,0.294706207,-7.742625911,1.069673201,0.030533789,0.001269813,0.001600659,103.5660556,-118.4339444,231.9169136,-1,,142.1307978,-523.8692022,220.6273258,-2,,1,,,,,,,,,,0.0,0.0,0.0,-0.000434125,-0.00045243,0.0,-0.000349084,-1.873383,0.0,,,,0.0,0.0,0.0,0.0,0.0,0.0,0.0,0.0,-441.2546516,0.0,1.0
359.4899902,0,0,0,0,0,0.734693878,0.265306122,0.906486271,0.998325659,0.924734182,0,0,0,0,0,0,0,0,0,0,0,0,0,1,1,1,1,0.862891673,-0.888574504,0.870210657,-1.119330367,0.869292934,-1.202193459,0.862891673,-0.888574504,0.869683427,-1.036522857,0.889159224,-1.021066723,0.862891673,-0.888574504,0.924734182,1.981050607,0.0,0.0,0.544736111,0.0,0.0,0.465238635,0.0,0.0,0.439616605,0.0,0.0,0.544736111,0.0,0.0,0.492335277,0.0,0.0,0.497564988,0.0,0.0,0.544736111,0.0,0.0,0.001282053,0.001042236,0.001076827,0.001282053,0.001174303,0.00126669,0.001282053,134.853425,134.853425,334.8500859,0,0.0,0.0,120.6548043,120.6548043,0.0,334.8500859,0,0.0,14.37161663,14.37161663,334.8500859,0,103.9875522,103.9875522,334.8500859,0,0.0,93.09440563,93.09440563,334.8500859,0,0.0,96.99554737,96.99554737,334.8500859,0,0.0,32.74306004,32.74306004,334.8500859,0,0.0,0.855837449,-0.708351338,0.77050454,-11.14938956,0.616160177,0.000489548,0.0014582,6.08e-05,118.9309047,118.9309047,334.8500859,0,0.0,5.3981391,5.3981391,342.9083382,0,0.0,1,0.0,0.0,0.0,0.0,0.0,0.0,0.0,0.0,0.0,0.0,0.0,0.0,0.0,0.0,0.0,0.0,0.0,0.0,0.0,0.0,0.0,0.0,0.0,0.0,0.0,0.0,0.0,0.0,0.0,0.0,0.0,1.0
14.0,1,1,1,1,1,0.968085106,0.031914894,0.984962406,0.948590381,-0.149385398,0,14,0,0,14,0,0,0,0,0,14,1680,14,1,1,1,1,0.981239953,-3.639495988,0.981855951,-4.407119133,0.966379473,-3.460924772,0.981239953,-3.639495988,0.981853618,-4.097086717,0.983513695,-3.605644945,0.981239953,-3.639495988,-0.056316425,1.0,0.0,0.0,1.0,0.0,0.0,1.0,0.0,0.0,1.0,0.0,0.0,1.0,0.0,0.0,1.0,0.0,0.0,1.0,0.0,0.0,1.0,0.0,0.0,0.000227163,0.000145349,0.000148525,0.000227163,0.000154415,0.000196845,0.000227163,23.89422591,23.89422591,12.81574403,2,0.0,0.0,16.82634043,2.826340434,0.0,12.81574403,0,0.0,1.982255807,1.982255807,12.81574403,0,18.42520546,18.42520546,12.81574403,1,0.0,12.24146475,12.24146475,12.81574403,1,0.0,15.07322606,15.07322606,12.81574403,1,0.0,5.801632948,5.801632948,12.81574403,0,0.0,0.98061947,-3.007930942,0.97209055,-12.59276554,1.0,1.0,0.000312641,0.009890513,25.49899147,11.49899147,12.81574403,1,0.0,878.2299542,-801.7700458,13.83632883,-58,0.0,1,0.0,0.0,0.0,0.0,0.0,0.0,0.0,0.0,0.0,0.413935345,0.0,0.0,0.206967673,0.262283118,0.203135554,0.141369509,-58.0,0.0,0.0,0.0,0.0,0.008356538,0.0,0.0,0.0,0.0,0.0,0.0,0.0,-802.507072,0.0,1.0
215.9700012,1,1,1,1,1,0.993197279,0.006802721,1.0,0.9886982,0.557998433,0,0,0,0,0,0,0,864,432,432,0,0,0,1,1,1,1,0.99851394,-6.167363067,0.99876301,-7.432466561,0.993773399,-6.687794287,0.99851394,-6.167363067,0.998758492,-6.908735418,0.99942324,-5.996913578,0.99851394,-6.167363067,0.557998433,1.614314857,0.0,0.0,0.052150801,0.0,0.0,0.028453411,0.0,0.0,0.040645962,0.0,0.0,0.052150801,0.0,0.0,0.036564888,0.0,0.0,0.056586454,0.0,0.0,0.052150801,0.0,0.0,6.09e-05,2.81e-05,4.3e-05,6.09e-05,3.84e-05,6.69e-05,6.09e-05,6.410231973,6.410231973,203.5111784,0,0.0,0.0,3.253006773,3.253006773,0.0,204.0649655,0,0.0,0.574022492,0.574022492,203.9168436,0,4.943028562,-859.0569714,213.6999859,-4,0.0,3.045959788,-428.9540402,213.6999859,-2,0.0,5.125188809,-426.8748112,213.6999859,-2,0.0,1.556435147,1.556435147,203.5111784,0,0.0,0.998264372,-5.121477861,0.99483128,-12.75559145,0.08605831,0.002223243,0.000111089,0.000129417,9.060417466,9.060417466,203.1072444,0,0.0,11.49159921,11.49159921,205.3163787,0,0.0,1,0.0,0.0,0.0,0.0,0.0,0.0,0.0,0.0,0.0,0.0,0.0,0.0,-2.37727295,-1.491582034,-1.12384289,0.0,0.0,0.0,0.0,0.0,0.0,0.0,0.0,0.0,0.0,-427.3999718,-213.6999859,-213.6999859,0.0,0.0,0.0,1.0
120.1299973,1,1,1,1,1,0.858343337,0.141656663,0.968165539,0.983256593,0.530167152,0,0,0,0,0,0,0,0,0,0,0,0,0,1,1,1,1,0.942102057,-1.863869214,0.946534335,-2.356814796,0.934678752,-2.195605338,0.942102057,-1.863869214,0.946246676,-2.182694304,0.957936233,-2.18313059,0.942102057,-1.863869214,0.530167152,1.586483577,0.0,0.0,0.423072008,0.0,0.0,0.336984913,0.0,0.0,0.363013327,0.0,0.0,0.423072008,0.0,0.0,0.365182872,0.0,0.0,0.365109348,0.0,0.0,0.423072008,0.0,0.0,0.000465844,0.00031043,0.000357691,0.000465844,0.000357919,0.000404631,0.000465844,49.00009738,49.00009738,115.6604214,0,0.0,0.0,35.93708838,35.93708838,0.0,115.6604214,0,0.0,4.773843183,4.773843183,115.6604214,0,37.78472947,37.78472947,115.6604214,0,0.0,28.37448178,28.37448178,115.6604214,0,0.0,30.98419045,30.98419045,115.6604214,0,0.0,11.89745926,11.89745926,115.6604214,0,0.0,0.937785822,-1.481306937,0.882852642,-11.9538132,0.504769824,0.00401819,0.000618883,0.000219322,50.47613561,50.47613561,115.6604214,0,0.0,19.47470477,19.47470477,116.3302877,0,0.0,1,0.0,0.0,0.0,0.0,0.0,0.0,0.0,0.0,0.0,0.0,0.0,0.0,0.0,0.0,0.0,0.0,0.0,0.0,0.0,0.0,0.0,0.0,0.0,0.0,0.0,0.0,0.0,0.0,0.0,0.0,0.0,1.0
132.0599976,1,1,1,1,1,0.615446178,0.384553822,0.499403104,0.587065718,0.739212757,0,0,0,0,0,0,0,0,0,0,0,0,0,1,1,1,1,0.520684296,-0.028891685,0.516921737,-0.028188759,0.563538679,-0.115775241,0.520684296,-0.028891685,0.517075985,-0.026446518,0.507427036,-0.009709486,0.520684296,-0.028891685,0.739212757,1.795529182,0.0,0.0,0.983231879,0.0,0.0,0.983636487,0.0,0.0,0.93448171,0.0,0.0,0.983231879,0.0,0.0,0.984640045,0.0,0.0,0.994333158,0.0,0.0,0.983231879,0.0,0.0,0.001653221,0.001486859,0.001529537,0.001653221,0.001584181,0.001751681,0.001653221,173.8950247,173.8950247,127.3030721,1,0.0,0.0,172.1267486,172.1267486,0.0,127.3030721,1,0.0,20.41360104,20.41360104,127.3030721,0,134.0931308,134.0931308,127.3030721,1,0.0,125.5880625,125.5880625,127.3030721,1,0.0,134.1332388,134.1332388,127.3030721,1,0.0,42.22254819,42.22254819,127.3030721,0,0.0,0.52447412,-0.028686286,0.582545018,-9.803580587,0.983350091,0.003221096,0.00173937,0.00027798,141.8631647,141.8631647,127.3030721,1,0.0,24.68332408,24.68332408,128.350445,0,0.0,1,0.0,0.0,0.0,0.0,0.0,0.0,0.0,0.0,0.0,1.3e-05,1.24e-05,0.0,1.3e-05,1.09e-05,1.47e-06,1.29e-05,0.0,0.0,0.0,0.0,0.0,0.0,0.0,0.0,0.0,0.0,0.0,0.0,0.0,0.0,0.0,1.0
17.0,0,0,0,0,0,0.275310124,0.724689876,0.201352965,0.318961909,0.089683905,0,0,0,0,0,0,0,0,0,0,0,629,0,1,1,1,1,0.213823847,0.538518728,0.211611209,0.651205457,0.257317823,0.534843424,0.213823847,0.538518728,0.211668235,0.605218805,0.206008418,0.529175141,0.213823847,0.538518728,0.089683905,1.14600033,0.0,0.0,1.076148221,0.0,0.0,1.092801865,0.0,0.0,1.075609354,0.0,0.0,1.076148221,0.0,0.0,1.085974729,0.0,0.0,1.074778808,0.0,0.0,1.076148221,0.0,0.0,0.000389602,0.000274,0.000279327,0.000389602,0.000289399,0.000352416,0.000389602,40.98046455,40.98046455,16.59759208,2,0.0,16.59759208,31.71971332,31.71971332,0.0,16.61319689,2,0.0,3.727964031,3.727964031,16.59731278,0,31.60066712,31.60066712,16.59759208,2,0.0,22.94249531,22.94249531,16.60833355,1,0.0,26.98588449,26.98588449,16.57853372,2,0.0,9.950253848,9.950253848,16.59759208,1,0.0,0.216081351,0.445525118,0.252837027,-7.442838399,1.062596276,0.36265822,0.00049734,0.005939707,40.56312419,40.56312419,16.57535468,2,0.0,527.4173617,-101.5826383,16.92271137,-6,0.0,1,0.0,0.0,0.0,0.0,0.0,0.0,0.0,0.0,0.0,0.009062576,0.013252142,0.0,0.009062576,0.005723278,0.008750823,0.006202895,-5.193360322,0.004531288,0.0,0.0,0.0,0.003348088,0.0,0.0,0.0,0.0,0.0,0.0,0.0,-84.61355687,0.0,1.0
151.4900055,1,1,1,1,1,0.949579832,0.050420168,0.986470354,0.892842193,0.488628676,0,0,0,0,0,0,0,151,151,606,151,303,0,1,1,1,1,0.978189723,-3.392274935,0.979540735,-4.173021415,0.939726209,-2.3340327,0.978189723,-3.392274935,0.97955425,-3.880880891,0.98323447,-3.580459491,0.978189723,-3.392274935,0.488628676,1.544945101,,,0.228641463,,,0.16280277,,,0.362302024,,,0.228641463,,,0.184863405,,,0.210670862,,,0.228641463,,,0.000229919,0.00013487,0.000320195,0.000229919,0.000162925,0.000211395,0.000229919,24.18413687,24.18413687,142.6311064,0,,0.0,15.61322366,15.61322366,,142.6311064,0,,4.273404177,4.273404177,142.6311064,0,18.64876026,-132.3512397,152.3760424,-1,,12.91605768,-138.0839423,152.0054389,-1,,16.18738568,-589.8126143,152.1762167,-4,,5.872024722,5.872024722,142.6311064,0,,0.976823114,-2.760956623,0.958163364,-12.4930455,0.300897971,0.00436416,0.000341049,0.000215926,27.81601533,-123.1839847,153.1762725,-1,,19.17321724,-283.8267828,150.2411844,-2,,1,,,,,,,,,,0.0,0.0,0.0,-0.179805144,-0.23533182,-0.801230636,-0.119107523,-2.0,0.0,,,,0.0,0.0,0.0,0.0,0.0,0.0,-152.1762167,0.0,-300.4823688,0.0,1.0
90.84999847,1,1,1,1,1,0.842315369,0.157684631,0.752725471,0.463041183,0.558734993,818,182,0,0,182,0,0,0,0,0,0,273,1000,1,1,1,1,0.770157076,-0.488922782,0.766710576,-0.571394053,0.633777302,-0.254618457,0.770157076,-0.488922782,0.76738634,-0.533386918,0.759258564,-0.429107899,0.770157076,-0.488922782,0.558734993,1.615051418,,,0.791066419,,,0.760402534,,,0.885099126,,,0.791066419,,,0.774383557,,,0.8140772,,,0.791066419,,,0.000925864,0.00075233,0.000938331,0.000925864,0.000815203,0.000964547,0.000925864,97.38750579,-720.6124942,95.00983447,-8,,0.0,87.09371726,-94.90628274,,94.75745012,-1,,12.5232099,12.5232099,85.08424057,0,75.09700503,75.09700503,85.08424057,1,,64.62630196,64.62630196,85.08424057,1,,73.8592317,73.8592317,85.08424057,1,,23.6461547,23.6461547,85.08424057,0,,0.773380402,-0.418086691,0.817471489,-11.48567761,0.818389514,0.004062924,0.001057851,0.000236906,86.2783903,86.2783903,85.08424057,1,,21.03610939,-251.9638906,88.36211149,-3,,1,0.002459894,0.002708192,0.006493586,0.002338928,0.002459894,0.417088562,0.002535057,0.001947018,0.002459894,-0.029880686,-0.005101424,0.0,0.003735086,0.004445338,0.002877087,0.002731195,-3.0,0.0,0.08693275,0.08693275,4.96e-06,0.014685837,0.0,0.0,0.0,0.0,0.0,0.0,0.0,-265.0863345,0.0,1.0
75.04000092,0,0,0,0,0,0.016806723,0.983193277,0.040588938,0.039347007,0.510395777,0,75,0,0,75,0,0,0,0,0,0,0,75,1,1,1,1,0.031076757,2.809436241,0.032393539,3.271711104,0.02765545,3.871316174,0.031076757,2.809436241,0.032309995,3.046356004,0.036298803,2.39854085,0.031076757,2.809436241,0.510395777,1.566712202,0.0,0.0,3.530285247,0.0,0.0,4.344586172,0.0,0.0,5.686760575,0.0,0.0,3.530285247,0.0,0.0,3.926509016,0.0,0.0,2.935550958,0.0,0.0,3.530285247,0.0,0.0,0.003724001,0.003806374,0.005322564,0.003724001,0.003659926,0.003104074,0.003724001,391.7111337,391.7111337,74.55286271,5,0.0,74.55286271,440.6461498,365.6461498,0.0,74.6620947,5,0.0,71.03632228,71.03632228,74.86538791,1,302.0544858,302.0544858,74.55286271,4,0.0,290.1455031,290.1455031,74.6305088,4,0.0,237.6914138,237.6914138,74.38526666,3,0.0,95.10934683,95.10934683,74.55286271,1,0.0,0.029881034,2.409930922,0.019616739,-5.772957811,2.950601542,0.074874757,0.003485776,0.003901475,284.3002016,284.3002016,74.50537213,4,0.0,346.4322345,346.4322345,72.82997724,5,0.0,1,0.0,0.0,0.0,0.0,0.0,0.0,0.0,0.0,0.0,0.616635312,0.836257309,0.234173264,0.493308249,0.580017807,0.269671791,0.362985441,2.603675147,0.123327062,0.0,0.0,0.0,0.192755772,74.55286271,74.6620947,0.0,0.0,74.6305088,0.0,0.0,218.4899317,0.0,1.0
138.4400024,1,1,1,1,1,0.340136054,0.659863946,0.292479109,0.04688154,0.378796052,0,0,0,0,0,0,0,0,0,138,0,415,0,1,1,1,1,0.300654751,0.316784537,0.298014345,0.384430785,0.103948569,1.490759222,0.300654751,0.316784537,0.299695222,0.353570549,0.295246375,0.307290541,0.300654751,0.316784537,0.378796052,1.435112477,,,1.12124118,,,1.14897819,,,1.713480483,,,1.12124118,,,1.136240455,,,1.117402311,,,1.12124118,,,0.000876165,0.000708637,0.00111921,0.000876165,0.000745354,0.000850703,0.000876165,92.15988429,92.15988429,135.2579847,1,,0.0,82.03555172,82.03555172,,135.4992535,1,,14.93726947,14.93726947,136.8121393,0,71.06590561,71.06590561,135.2579847,1,,59.08895591,59.08895591,135.3735963,0,,65.14176064,-72.85823936,143.5001015,-1,,22.37686306,22.37686306,135.2579847,0,,0.302641356,0.262300903,0.323614031,-7.949608822,1.099388839,0.056600223,0.00100166,0.002131511,81.69545723,81.69545723,134.844811,1,,189.2678919,-225.7321081,137.714073,-2,,1,,,,,,,,,,0.001568007,0.002309172,0.0,0.001568007,0.0,-0.001475429,0.001075028,-1.974883763,0.0,,,,0.0,0.0,0.0,0.0,0.0,0.0,0.0,0.0,-275.4281461,0.0,1.0
26.20000076,1,1,1,1,1,0.940776311,0.059223689,0.952248309,0.591879447,0.211314728,0,0,157,0,157,0,26,0,0,0,0,681,157,1,1,1,1,0.949400746,-2.054387681,0.949464331,-2.453300875,0.780544843,-0.671584784,0.949400746,-2.054387681,0.950007957,-2.29826013,0.951022436,-1.969389396,0.949400746,-2.054387681,0.211314728,1.267631153,0.0,0.0,0.614345452,0.0,0.0,0.55889139,0.0,0.0,0.852769252,0.0,0.0,0.614345452,0.0,0.0,0.579823103,0.0,0.0,0.626854673,0.0,0.0,0.614345452,0.0,0.0,0.00031404,0.000209804,0.00033489,0.00031404,0.000231414,0.000299874,0.00031404,33.03249239,33.03249239,25.27154604,1,0.0,-26.4757132,24.28799687,-132.7120031,0.0,26.42573945,-5,0.0,4.469532884,4.469532884,25.27154604,0,25.47186343,25.47186343,25.27154604,1,0.0,18.3456493,18.3456493,25.27154604,1,0.0,22.96252852,22.96252852,25.27154604,1,0.0,8.020447989,-17.97955201,26.4757132,-1,0.0,0.949107567,-1.716023634,0.942509294,-12.3809608,0.665674228,0.053069977,0.000420009,0.001262568,34.25598307,34.25598307,25.27154604,1,0.0,112.1099551,-568.8900449,26.09128032,-22,0.0,0,0.0,0.0,0.0,0.0,0.0,0.0,0.0,0.0,0.0,0.065945449,-0.47020978,0.0,0.065945449,0.082531244,0.060601478,0.046011517,-22.0,-0.065945449,0.0,0.0,0.0,0.0,0.0,0.0,0.0,0.0,0.0,0.0,0.0,-574.0081671,0.0,1.0
115.4100037,0,0,0,0,0,0.769507803,0.230492197,0.752487067,0.914608623,0.555551236,0,0,0,0,0,0,0,0,0,0,0,0,0,1,1,1,1,0.756184487,-0.449592504,0.755640397,-0.534667646,0.809154681,-0.80028144,0.756184487,-0.449592504,0.755546196,-0.496801791,0.753939174,-0.41562157,0.756184487,-0.449592504,0.555551236,1.611867661,0.0,0.0,0.806837851,0.0,0.0,0.774725208,0.0,0.0,0.68246148,0.0,0.0,0.806837851,0.0,0.0,0.788857196,0.0,0.0,0.820029426,0.0,0.0,0.806837851,0.0,0.0,0.000937971,0.000760473,0.000717677,0.000937971,0.000823904,0.000964447,0.000937971,98.66104609,98.66104609,110.0999463,1,0.0,0.0,88.03638809,88.03638809,0.0,110.0999463,1,0.0,9.578297205,9.578297205,110.0999463,0,76.07905156,76.07905156,110.0999463,1,0.0,65.31607659,65.31607659,110.0999463,1,0.0,73.85157934,73.85157934,110.0999463,1,0.0,23.95537641,23.95537641,110.0999463,0,0.0,0.756774734,-0.378416048,0.765529192,-11.11376557,0.834724642,0.004963521,0.00107268,0.000287313,87.48786239,87.48786239,110.0999463,1,0.0,25.51202163,25.51202163,111.0911713,0,0.0,1,0.0,0.0,0.0,0.0,0.0,0.0,0.0,0.0,0.0,0.003158335,0.004466711,0.0,0.003158335,0.003856438,0.002699083,0.00223748,0.0,0.0,0.0,0.0,0.0,0.0,0.0,0.0,0.0,0.0,0.0,0.0,0.0,0.0,0.0,1.0
146.9700012,0,0,0,0,0,0.401760704,0.598239296,0.462793474,0.181247384,0.519876303,0,0,0,0,0,0,0,0,0,0,0,147,0,1,1,1,1,0.447670613,0.073605164,0.449717629,0.084330595,0.289209105,0.439653036,0.447670613,0.073605164,0.450236073,0.077581942,0.456684278,0.056938836,0.447670613,0.073605164,0.519876303,1.576192728,,,1.034058399,,,1.039117147,,,1.221460809,,,1.034058399,,,1.035931204,,,1.026246395,,,1.034058399,,,0.00111354,0.000932632,0.001171866,0.00111354,0.000989209,0.001109954,0.00111354,117.1283173,117.1283173,142.8341115,1,,0.0,107.9665116,107.9665116,,142.8341115,1,,15.64002509,15.64002509,144.4555599,0,90.31944873,90.31944873,142.8341115,1,,78.42084869,78.42084869,142.8341115,1,,84.99359377,84.99359377,142.8341115,1,,28.43931867,28.43931867,142.8341115,0,,0.445407384,0.064450651,0.414085909,-8.597396514,1.029760074,0.020002042,0.001238462,0.001065774,101.0090966,101.0090966,142.8341115,1,,94.63557474,-52.36442526,146.1423807,0,,1,,,,,,,,,,8.47e-05,0.00011112,0.0,8.47e-05,9.4e-05,5.07e-05,6.49e-05,0.0,0.0,,,,0.0,0.0,0.0,0.0,0.0,0.0,0.0,0.0,0.0,0.0,1.0
215.3399963,0,0,0,0,0,0.406562625,0.593437375,0.467170712,0.31100879,0.980691714,5599,0,4307,0,4307,0,861,2799,2153,1723,2584,0,9906,1,1,1,1,0.452446935,0.066790239,0.454769482,0.075747136,0.38097259,0.223845204,0.452446935,0.066790239,0.454836753,0.070316413,0.461324377,0.050780987,0.452446935,0.066790239,0.980691714,2.037008138,2.112863873,3.805521981,1.048667239,0.81336936,0.848602495,1.055371391,0.782864767,0.823366656,1.172644979,0.778452908,0.81970396,1.048667239,0.966750844,0.973370013,1.051301449,0.891652843,0.912698455,1.036790377,1.023633043,1.01884704,1.048667239,0.891652843,0.912698455,0.002714749,0.002642996,0.00321986,0.002714749,0.002803406,0.0029296,0.002714749,285.5524689,-5313.447531,222.8429765,-24,1.0,-891.371906,305.9673166,-4001.032683,0.003744401,222.8429765,-18,0.0,42.9730897,42.9730897,208.5930685,0,220.193905,-2578.806095,222.8429765,-12,-1.0,222.2437085,-1930.756291,222.8429765,-9,-2.0,224.3311983,-1498.668802,222.8429765,-7,1.0,69.33351254,-791.6664875,222.8429765,-4,0.0,0.450097,0.058826658,0.419533817,-8.636404081,1.042742348,0.002144933,0.002679902,0.000295288,218.5730892,-2365.426911,222.8429765,-11,-3.0,26.22013937,26.22013937,208.5445002,0,-2.0,0,0.00136067,0.001516223,0.001165832,0.001334476,0.00136067,0.311184322,0.001397563,0.001008871,0.00136067,-0.001672851,-0.001613708,0.0,-0.000836426,-0.000695306,-0.000282046,-0.000594786,0.0,-0.000278809,-0.09342154,0.09342154,7.12e-06,-0.005650855,0.0,0.0,0.0,0.0,0.0,0.0,0.0,0.0,0.0,1.0
1069.800049,1,1,1,1,1,0.960384154,0.039615846,0.977317947,0.712850565,0.892854084,0,0,0,0,0,0,0,0,0,0,0,0,0,1,1,1,1,0.973391052,-3.063792448,0.973802137,-3.68610304,0.859306834,-1.117135706,0.973391052,-3.063792448,0.974118677,-3.449238309,0.975720262,-3.012482364,0.973391052,-3.063792448,0.892854084,1.949170509,0.0,0.0,0.129407746,0.0,0.0,0.085424738,0.0,0.0,0.474458688,0.0,0.0,0.129407746,0.0,0.0,0.100055014,0.0,0.0,0.133916008,0.0,0.0,0.129407746,0.0,0.0,0.000288127,0.000179343,0.001087384,0.000288127,0.000223638,0.000320827,0.000288127,30.30677079,30.30677079,1027.775577,0,0.0,0.0,20.76168045,20.76168045,0.0,1027.775577,0,0.0,14.51250602,14.51250602,1027.775577,0,23.37001754,23.37001754,1027.775577,0,0.0,17.72919183,17.72919183,1027.775577,0,0.0,24.56701644,24.56701644,1027.775577,0,0.0,7.35862968,7.35862968,1027.775577,0,0.0,0.972842975,-2.541458191,0.963820875,-12.53355384,0.183382872,0.00023289,0.000413638,2.72e-05,33.73635372,33.73635372,1027.775577,0,0.0,2.418371319,2.418371319,1037.81799,0,0.0,1,0.0,0.0,0.0,0.0,0.0,0.0,0.0,0.0,0.0,0.0,0.0,0.0,0.0,0.0,0.0,0.0,0.0,0.0,0.0,0.0,0.0,0.0,0.0,0.0,0.0,0.0,0.0,0.0,0.0,0.0,0.0,1.0
129.5500031,0,0,0,0,0,0.454581833,0.545418167,0.45045762,0.388028464,0.710051772,0,0,389,0,389,0,0,0,0,0,0,0,389,1,1,1,1,0.451300088,0.068423911,0.45109955,0.081978851,0.427313187,0.132950251,0.451300088,0.068423911,0.451180913,0.076087453,0.450766923,0.064824626,0.451300088,0.068423911,0.710051772,1.766368196,0.0,0.0,1.03969574,0.0,0.0,1.047744611,0.0,0.0,1.078572921,0.0,0.0,1.03969574,0.0,0.0,1.044238695,0.0,0.0,1.037568907,0.0,0.0,1.03969574,0.0,0.0,0.001652954,0.001483333,0.001650755,0.001652954,0.001573448,0.001719146,0.001652954,173.8669594,173.8669594,122.7862631,1,0.0,0.0,171.7185192,-217.2814808,0.0,137.0539896,-2,0.0,22.03140943,22.03140943,123.0188719,0,134.0714891,134.0714891,122.7862631,1,0.0,124.7371612,124.7371612,122.7862631,1,0.0,131.6419006,131.6419006,122.7862631,1,0.0,42.21573378,42.21573378,122.7862631,0,0.0,0.451468485,0.057186521,0.453431238,-8.879113007,1.03306992,0.006399378,0.001740836,0.000519791,141.9827401,141.9827401,122.7862631,1,0.0,46.15496104,46.15496104,124.0214979,0,0.0,1,0.0,0.0,0.0,0.0,0.0,0.0,0.0,0.0,0.0,7.32e-05,-0.000210017,0.0,7.32e-05,9.05e-05,6.57e-05,5.11e-05,0.0,0.0,0.0,0.0,0.0,0.0,0.0,0.0,0.0,0.0,0.0,0.0,0.0,0.0,0.0,1.0
23.32999992,0,0,0,0,0,0.549697968,0.450302032,0.471389646,0.790765634,0.292900132,0,0,0,0,0,0,140,0,70,0,0,93,0,1,1,1,1,0.486496762,0.018847327,0.483955526,0.026725065,0.58143624,-0.149572982,0.486496762,0.018847327,0.483920704,0.02490042,0.477152035,0.029911434,0.486496762,0.018847327,0.292900132,1.349216557,0.0,0.0,1.005661193,0.0,0.0,1.008036925,0.0,0.0,0.956188019,0.0,0.0,1.005661193,0.0,0.0,1.007486158,0.0,0.0,1.008999449,0.0,0.0,1.005661193,0.0,0.0,0.000636309,0.000485673,0.000484929,0.000636309,0.000516181,0.000609668,0.000636309,66.93048029,66.93048029,21.33508632,3,0.0,-124.6692412,56.22414274,56.22414274,0.0,21.33508632,3,0.0,6.471989607,6.471989607,21.33508632,0,51.61112377,51.61112377,21.33508632,2,0.0,40.92092722,-29.07907278,24.93384824,-1,0.0,46.68473707,46.68473707,21.33508632,2,0.0,16.25104245,-123.7489575,24.93384824,-5,0.0,0.489106023,0.012750493,0.528681291,-9.417910909,1.003826382,0.059552843,0.000761838,0.001784705,62.13558655,62.13558655,21.33508632,3,0.0,158.4732559,65.47325591,21.66468565,3,0.0,0,0.0,0.0,0.0,0.0,0.0,0.0,0.0,0.0,0.0,1.67e-05,3.35e-05,0.0,1.11e-05,-9.69e-06,2.8e-05,7.62e-06,3.0,-2.78e-05,0.0,0.0,0.0,0.0,0.0,0.0,0.0,0.0,0.0,0.0,0.0,64.99405694,0.0,0.0
252.75,1,1,1,1,1,0.794717887,0.205282113,0.877835257,0.800753453,0.689188789,0,0,0,0,0,0,0,0,0,0,0,0,0,1,1,1,1,0.858368317,-0.859962781,0.861623653,-1.050428137,0.822023813,-0.868186569,0.858368317,-0.859962781,0.861499709,-0.975708968,0.870197311,-0.878953086,0.858368317,-0.859962781,0.689188789,1.745505213,0.0,0.0,0.619379483,0.0,0.0,0.55703081,0.0,0.0,0.616548587,0.0,0.0,0.619379483,0.0,0.0,0.580704731,0.0,0.0,0.61286195,0.0,0.0,0.619379483,0.0,0.0,0.000945505,0.000751998,0.000898761,0.000945505,0.000834345,0.000971263,0.000945505,99.4535098,99.4535098,243.3457969,0,0.0,0.0,87.05533889,87.05533889,0.0,243.3457969,0,0.0,11.99509582,11.99509582,243.3457969,0,76.69013253,76.69013253,243.3457969,0,0.0,66.14384247,66.14384247,243.3457969,0,0.0,74.37353534,74.37353534,243.3457969,0,0.0,24.14779041,24.14779041,243.3457969,0,0.0,0.855156307,-0.704938059,0.813419739,-11.45666667,0.675243751,0.00169196,0.001098526,0.000131517,89.59585359,89.59585359,243.3457969,0,0.0,11.67811197,11.67811197,245.790694,0,0.0,1,0.0,0.0,0.0,0.0,0.0,0.0,0.0,0.0,0.0,0.0,0.0,0.0,0.0,0.0,0.0,0.0,0.0,0.0,0.0,0.0,0.0,0.0,0.0,0.0,0.0,0.0,0.0,0.0,0.0,0.0,0.0,1.0
155.9199982,1,1,1,1,1,0.843298969,0.156701031,0.911504425,0.599256506,1.024579989,312,0,780,0,780,0,0,1247,1871,1247,1091,624,1092,1,1,1,1,0.895560332,-1.150442056,0.8979437,-1.401370849,0.752698596,-0.568100165,0.895560332,-1.150442056,0.898234214,-1.306185662,0.905180711,-1.174411627,0.895560332,-1.150442056,1.024579989,2.080896414,,,0.43039903,,,0.358107223,,,0.659480351,,,0.43039903,,,0.383977529,,,0.422905134,,,0.43039903,,,0.001198463,0.000976662,0.001976191,0.001198463,0.001115152,0.00129427,0.001198463,126.0610236,-185.9389764,161.6709134,-1,,0.0,113.0636104,-666.9363896,,160.7530784,-4,,26.37475611,26.37475611,142.3352075,0,97.20759606,-1149.792404,161.6709134,-7,,88.40517646,-1782.594824,160.9354996,-11,,99.10742653,-1147.892573,161.4659495,-7,,30.6082227,30.6082227,142.3352075,0,,0.893044459,-0.944309518,0.858240398,-11.77758707,0.5005795,0.000178557,0.001370333,2.66e-05,111.7644939,-979.2355061,162.493243,-6,,2.361905433,-621.6380946,153.8282613,-4,,1,,,,,,,,,,-0.020679952,-0.122740016,0.0,-0.144759664,-0.293239544,-0.150854667,-0.083598794,-4.0,0.0,,,,0.01625517,0.0,0.0,0.0,0.0,0.0,0.0,0.0,-615.3130452,0.0,1.0
188.0500031,0,0,0,0,0,0.414165666,0.585834334,0.276959809,0.632063625,0.588090579,0,0,0,0,0,0,0,0,0,0,0,0,0,1,1,1,1,0.298444506,0.321319369,0.294611437,0.392873993,0.399203855,0.187173102,0.298444506,0.321319369,0.294677334,0.365103597,0.284913556,0.327973546,0.298444506,0.321319369,0.588090579,1.644407004,0.0,0.0,1.173297047,0.0,0.0,1.215806451,0.0,0.0,1.097567236,0.0,0.0,1.173297047,0.0,0.0,1.199128649,0.0,0.0,1.177186687,0.0,0.0,1.173297047,0.0,0.0,0.001460483,0.001292792,0.001252765,0.001460483,0.001356751,0.001492092,0.001460483,153.6217862,153.6217862,182.6609507,1,0.0,0.0,149.6605702,149.6605702,0.0,183.4052243,1,0.0,16.71972138,16.71972138,181.7756918,0,118.4601244,118.4601244,182.6609507,1,0.0,107.5582373,107.5582373,182.9604768,1,0.0,114.2554288,114.2554288,182.5819988,1,0.0,37.30010838,37.30010838,182.6609507,0,0.0,0.302389817,0.262728546,0.369926925,-8.281213778,1.139598356,0.016262251,0.001553743,0.001013612,126.7233972,126.7233972,182.5381436,1,0.0,90.00383042,90.00383042,181.7862995,0,0.0,1,0.0,0.0,0.0,0.0,0.0,0.0,0.0,0.0,0.0,0.001613221,0.002411718,0.0,0.001613221,0.002082822,0.001680729,0.001078536,0.0,0.0,0.0,0.0,0.0,0.0,0.0,0.0,0.0,0.0,0.0,0.0,0.0,0.0,0.0,1.0
252.7599945,0,0,0,0,0,0.656262505,0.343737495,0.541583764,0.803264964,0.622454372,0,0,0,0,0,0,0,0,0,0,0,0,0,1,1,1,1,0.562971189,-0.088904957,0.559279564,-0.099718381,0.654059759,-0.298899557,0.562971189,-0.088904957,0.559326808,-0.092784086,0.549685258,-0.065428878,0.562971189,-0.088904957,0.622454372,1.678770797,0.0,0.0,0.954986316,0.0,0.0,0.949651419,0.0,0.0,0.856544969,0.0,0.0,0.954986316,0.0,0.0,0.953069075,0.0,0.0,0.966671834,0.0,0.0,0.954986316,0.0,0.0,0.001275864,0.001096897,0.00106418,0.001275864,0.001171453,0.00132392,0.001275864,134.2025358,134.2025358,241.4692379,1,0.0,0.0,126.9826855,126.9826855,0.0,241.4692379,1,0.0,14.20282157,14.20282157,241.4692379,0,103.4856414,103.4856414,241.4692379,0,0.0,92.86848304,92.86848304,241.4692379,0,0.0,101.3778548,101.3778548,241.4692379,0,0.0,32.58502101,32.58502101,241.4692379,0,0.0,0.566729633,-0.079133615,0.624387904,-10.10317983,0.959832866,0.00533177,0.001391291,0.000358762,113.4738196,113.4738196,241.4692379,0,0.0,31.85629799,31.85629799,243.3737564,0,0.0,1,0.0,0.0,0.0,0.0,0.0,0.0,0.0,0.0,0.0,0.000123501,0.000155371,0.0,0.0,0.0,0.0,0.0,0.0,0.0,0.0,0.0,0.0,0.0,0.0,0.0,0.0,0.0,0.0,0.0,0.0,0.0,0.0,1.0
69.90000153,1,1,1,1,1,0.575030012,0.424969988,0.93195384,0.096693177,0.364991329,0,280,0,0,280,0,70,0,0,0,350,489,280,1,1,1,1,0.817941987,-0.655534211,0.830891017,-0.85028196,0.218490735,0.675508361,0.817941987,-0.655534211,0.836189787,-0.818657143,0.882802164,-0.969424208,0.817941987,-0.655534211,0.364991329,1.421307754,0.0,0.0,0.794159454,0.0,0.0,0.741603962,0.0,0.0,1.268066722,0.0,0.0,0.794159454,0.0,0.0,0.749895548,0.0,0.0,0.711181474,0.0,0.0,0.794159454,0.0,0.0,0.000600396,0.000440036,0.000796093,0.000600396,0.000473243,0.000522193,0.000600396,63.1530114,63.1530114,66.85325961,1,0.0,-71.54222323,50.94093389,-229.0590661,0.0,71.29743473,-3,0.0,10.6248576,10.6248576,68.41578476,0,48.69825935,48.69825935,66.85325961,1,0.0,37.51698706,37.51698706,66.85325961,1,0.0,39.98637772,39.98637772,66.85325961,1,0.0,15.33385484,-54.66614516,71.54222323,-1,0.0,0.803185256,-0.501224385,0.627650245,-10.12653852,0.838434206,0.028431372,0.00074235,0.001033072,60.54611233,-289.4538877,71.9517467,-4,0.0,91.73183547,-397.2681645,69.07477215,-6,0.0,0,0.0,0.0,0.0,0.0,0.0,0.0,0.0,0.0,0.0,0.006714455,-0.03388966,0.0,0.006714455,0.010471867,0.014684114,-0.015701618,-6.0,-0.006714455,0.0,0.0,0.0,0.0,0.0,0.0,0.0,0.0,0.0,0.0,0.0,-414.4486329,0.0,1.0
100.8199997,0,0,0,0,0,0.142857143,0.857142857,0.153999204,0.385516953,0.406451777,0,0,0,0,0,0,0,0,0,0,0,0,0,1,1,1,1,0.151497518,0.802269204,0.151992834,0.953932029,0.189638963,0.806345232,0.151497518,0.802269204,0.151876787,0.887585681,0.153043193,0.743747005,0.151497518,0.802269204,0.406451777,1.462768202,0.0,0.0,1.356798097,0.0,0.0,1.43736217,0.0,0.0,1.358903089,0.0,0.0,1.356798097,0.0,0.0,1.401546201,0.0,0.0,1.326932379,0.0,0.0,1.356798097,0.0,0.0,0.001131755,0.000956851,0.000959861,0.001131755,0.000992414,0.001085068,0.001131755,119.0442544,119.0442544,99.26320403,1,0.0,0.0,110.7702413,110.7702413,0.0,99.36104446,1,0.0,12.81055012,12.81055012,99.26462339,0,91.79685729,91.79685729,99.26320403,1,0.0,78.67497007,78.67497007,99.29732046,1,0.0,83.08797757,83.08797757,99.18601182,1,0.0,28.90451739,28.90451739,99.26320403,0,0.0,0.151048786,0.674963638,0.145581928,-6.674881165,1.292669387,0.078971992,0.001246238,0.003191707,101.6432723,101.6432723,99.19666255,1,0.0,283.4082067,283.4082067,98.45200707,3,0.0,1,0.0,0.0,0.0,0.0,0.0,0.0,0.0,0.0,0.0,0.010056811,0.014218536,0.0,0.010056811,0.012309505,0.008643119,0.007118374,2.088470558,0.0,0.0,0.0,0.0,0.0,0.0,0.0,0.0,0.0,0.0,0.0,0.0,196.9040141,0.0,1.0
139.3000031,0,0,0,0,0,0.101240496,0.898759504,0.079188221,0.037672666,0.484991669,139,0,279,0,279,0,0,139,139,139,139,0,418,1,1,1,1,0.083046473,1.403485062,0.082280012,1.687510911,0.059956097,2.343292407,0.083046473,1.403485062,0.082416454,1.566724573,0.080615207,1.347902286,0.083046473,1.403485062,0.484991669,1.541308094,0.0,0.0,1.835270354,0.0,0.0,2.075226537,0.0,0.0,2.756004631,0.0,0.0,1.835270354,0.0,0.0,1.969568241,0.0,0.0,1.791664264,0.0,0.0,1.835270354,0.0,0.0,0.001830707,0.00170303,0.002412275,0.001830707,0.001719522,0.001782029,0.001830707,192.5639408,53.56394075,136.6194824,0,0.0,0.0,197.1518741,-81.84812587,0.0,148.1374077,-1,0.0,32.19485135,32.19485135,137.6301832,0,148.4890193,9.489019306,136.6194824,0,0.0,136.3174305,-2.682569457,148.1374077,0,0.0,136.4570992,-2.542900782,148.1374077,0,0.0,46.75545076,46.75545076,136.6194824,0,0.0,0.083775766,1.168546651,0.094556653,-6.309535088,1.657897201,0.065238635,0.001866057,0.003199789,152.1957417,13.19574172,136.5076169,0,0.0,284.125876,284.125876,131.594019,2,0.0,1,0.0,0.0,0.0,0.0,0.0,0.0,0.0,0.0,0.0,0.0,-0.044495204,0.0,0.0,0.0,0.0,0.0,1.244069782,0.0,0.0,0.0,0.0,0.0,0.0,0.0,0.0,0.0,0.0,0.0,0.0,131.594019,0.0,1.0
201.0800018,1,1,1,1,1,0.49739896,0.50260104,0.747313967,0.204269569,0.419815254,603,201,0,0,201,0,402,603,603,402,201,402,804,1,1,1,1,0.673100463,-0.265810073,0.68366309,-0.340906388,0.354949969,0.278921499,0.673100463,-0.265810073,0.684582145,-0.318904604,0.716406347,-0.33068447,0.673100463,-0.265810073,0.419815254,1.476131679,,,0.901664238,,,0.875677463,,,1.11473754,,,0.901664238,,,0.88321254,,,0.879170193,,,0.901664238,,,0.000775871,0.00060454,0.000817308,0.000775871,0.000648583,0.000743823,0.000775871,81.61042784,-521.3895722,209.5338565,-2,,-419.0677131,69.98474301,-131.015257,,209.1541332,-1,,10.90800274,10.90800274,193.7809637,0,62.93105733,-540.0689427,209.5338565,-3,,51.41730876,-551.5826912,209.2563692,-3,,56.95753628,-345.0424637,209.1588244,-2,,19.81540431,-382.1845957,209.5338565,-2,,0.662393461,-0.20661099,0.539779449,-9.497374835,0.922692298,0.024760278,0.000913829,0.001034959,74.5319373,-126.4680627,210.4588694,-1,,91.89940096,-310.100599,199.0908121,-2,,0,,,,,,,,,,-0.002207969,-0.001815893,0.0,-0.003311953,-0.004767194,-0.003417257,-0.000667002,-2.0,-0.002207969,,,,-32.47089106,0.0,0.0,0.0,0.0,0.0,0.0,0.0,-398.1816242,0.0,1.0
2.160000086,0,0,0,0,0,0.388537716,0.611462284,0.352325094,0.597878922,0.390485676,0,0,0,0,0,0,0,0,0,0,0,82,0,1,1,1,1,0.359663426,0.208219644,0.358479657,0.250799764,0.427475484,0.132643806,0.359663426,0.208219644,0.358410115,0.233299257,0.355154334,0.202218736,0.359663426,0.208219644,0.390485676,1.446802101,,,1.079941753,,,1.097060484,,,1.050212728,,,1.079941753,,,1.089992052,,,1.077550746,,,1.079941753,,,0.000867634,0.000698938,0.000709177,0.000867634,0.000738624,0.000845665,0.000867634,91.26253432,91.26253432,2.002112745,46,,22.0232402,80.91278983,80.91278983,,2.010194646,40,,9.464864749,9.464864749,1.995638257,5,70.37394523,70.37394523,2.002112745,35,,58.55540091,58.55540091,2.006209903,29,,64.75598197,64.75598197,2.000298428,32,,22.15898217,22.15898217,2.002112745,11,,0.360896891,0.172906166,0.379320831,-8.34847508,1.065947285,0.045796087,0.000994801,0.001777205,81.13609967,81.13609967,1.99986308,41,,157.8072126,75.80721263,2.000457244,38,,1,,,,,,,,,,0.031161708,0.039312826,0.001374561,0.023709995,0.024662934,0.020446209,0.019152472,38.0,0.007451713,,,,0.096121717,0.0,0.0,0.0,0.0,0.0,0.0,0.0,76.01737528,0.0,1.0
117.1600037,0,0,0,0,0,0.506202481,0.493797519,0.619180263,0.564252825,0.246553205,0,0,0,0,0,0,0,0,0,0,0,586,0,1,1,1,1,0.590633591,-0.129644594,0.595355535,-0.163185611,0.559565439,-0.108373798,0.590633591,-0.129644594,0.595115395,-0.151310725,0.607824616,-0.14606808,0.590633591,-0.129644594,0.246553205,1.30286963,0.0,0.0,0.966281604,0.0,0.0,0.95774483,0.0,0.0,0.971734779,0.0,0.0,0.966281604,0.0,0.0,0.960758537,0.0,0.0,0.962092075,0.0,0.0,0.966281604,0.0,0.0,0.000542503,0.000401217,0.000427014,0.000542503,0.000427948,0.000510008,0.000542503,57.06344175,57.06344175,111.35429,1,0.0,0.0,46.44706021,46.44706021,0.0,111.35429,0,0.0,5.699035782,5.699035782,111.35429,0,44.00249845,44.00249845,111.35429,0,0.0,33.92610995,33.92610995,111.35429,0,0.0,39.05332421,39.05332421,111.35429,0,0.0,13.85527805,13.85527805,111.35429,0,0.0,0.5860373,-0.102960327,0.529760439,-9.425637717,0.973127531,0.082600975,0.000665925,0.002175023,54.31290314,54.31290314,111.35429,0,0.0,193.1316109,-392.8683891,115.7459165,-3,0.0,1,0.0,0.0,0.0,0.0,0.0,0.0,0.0,0.0,0.0,0.000262621,0.0,0.0,0.0,0.0,0.0,0.0,-3.0,0.0,0.0,0.0,0.0,0.0,0.0,0.0,0.0,0.0,0.0,0.0,0.0,-347.2377494,0.0,1.0
34.61999893,0,0,0,0,0,0.097238896,0.902761104,0.081177875,0.088321473,0.282401507,0,0,0,0,0,0,0,0,0,0,0,554,0,1,1,1,1,0.084189662,1.387527568,0.083656294,1.664318706,0.088427215,1.717572759,0.084189662,1.387527568,0.083682323,1.546921773,0.082316307,1.324763453,0.084189662,1.387527568,0.282401507,1.338717932,0.0,0.0,1.498941184,0.0,0.0,1.624991176,0.0,0.0,1.650432298,0.0,0.0,1.498941184,0.0,0.0,1.570283609,0.0,0.0,1.471746678,0.0,0.0,1.498941184,0.0,0.0,0.000923417,0.000758831,0.000810631,0.000923417,0.000779752,0.00086364,0.000923417,97.13018456,97.13018456,34.21583603,3,0.0,34.21583603,87.8463438,87.8463438,0.0,34.25068947,3,0.0,10.81888848,10.81888848,34.25945426,0,74.89858067,74.89858067,34.21583603,2,0.0,61.81585797,61.81585797,34.23541345,2,0.0,66.13233712,66.13233712,34.19874678,2,0.0,23.58367587,23.58367587,34.21583603,1,0.0,0.084724138,1.15756905,0.092767551,-6.296724941,1.401688012,0.15932125,0.001039466,0.004638542,84.77895556,84.77895556,34.19925079,2,0.0,411.8801932,-142.1198068,34.50742073,-4,0.0,1,0.0,0.0,0.0,0.0,0.0,0.0,0.0,0.0,0.0,0.090245285,0.129841723,0.0,0.060163523,0.074780218,0.054843694,0.041873941,-2.478046562,0.030081762,0.0,0.0,0.0,0.015035125,0.0,0.0,0.0,0.0,0.0,0.0,0.0,-69.01484146,0.0,1.0
326.4100037,1,1,1,1,1,0.920368147,0.079631853,0.857142857,0.842193386,0.803933915,0,0,0,0,0,0,0,0,0,0,0,0,0,1,1,1,1,0.870061574,-0.937101852,0.867780323,-1.099117084,0.87095735,-1.217369006,0.870061574,-0.937101852,0.867935286,-1.023035992,0.862081844,-0.827683666,0.870061574,-0.937101852,0.803933915,1.86025034,,,0.5589644,,,0.505486402,,,0.469712526,,,0.5589644,,,0.529930313,,,0.598246493,,,0.5589644,,,0.001060853,0.000880391,0.000888945,0.001060853,0.000982486,0.001203339,0.001060853,111.5864027,111.5864027,315.7920104,0,,0.0,101.9187973,101.9187973,,315.7920104,0,,11.86409321,11.86409321,315.7920104,0,86.04599303,86.04599303,315.7920104,0,,77.88788657,77.88788657,315.7920104,0,,92.14451674,92.14451674,315.7920104,0,,27.09371514,27.09371514,315.7920104,0,,0.872312169,-0.799467907,0.904031042,-12.10545266,0.608816372,0.000545401,0.001195929,5.37e-05,97.54011491,97.54011491,315.7920104,0,,4.764695973,4.764695973,317.7883559,0,,1,,,,,,,,,,0.0,0.0,0.0,0.0,0.0,0.0,0.0,0.0,0.0,,,,0.0,0.0,0.0,0.0,0.0,0.0,0.0,0.0,0.0,0.0,1.0
0.75,1,1,1,1,1,0.600240096,0.399759904,0.651014723,0.118459607,0.445998117,0,0,0,0,0,0,0,0,0,0,0,0,0,0,0,0,0,0.637644682,-0.203727645,0.637826759,-0.243432485,0.248239714,0.564905571,0.637644682,-0.203727645,0.640493868,-0.231259343,0.64516776,-0.202730664,0.637644682,-0.203727645,0.445998117,1.502314542,0.0,0.0,0.920426097,0.0,0.0,0.905671418,0.0,0.0,1.258499945,0.0,0.0,0.920426097,0.0,0.0,0.910169749,0.0,0.0,0.920799662,0.0,0.0,0.920426097,0.0,0.0,0.0,0.0,0.0,0.0,0.0,0.0,0.0,0.0,0.0,0.736922209,0,0.0,0.0,0.0,0.0,0.0,0.736922209,0,0.0,0.0,0.0,0.750497241,0,0.0,0.0,0.736922209,0,0.0,0.0,0.0,0.736922209,0,0.0,0.0,0.0,0.736922209,0,0.0,0.0,0.0,0.736922209,0,0.0,0.636344273,-0.169057902,0.607187449,-9.980022852,0.933506138,0.017215612,0.0,0.0,0.0,0.0,0.736922209,0,0.0,0.0,0.0,0.744331197,0,0.0,0,0.0,0.0,0.0,0.0,0.0,0.0,0.0,0.0,0.0,0.0,0.0,0.0,0.0,0.0,0.0,0.0,0.0,0.0,0.0,0.0,0.0,0.0,0.0,0.0,0.0,0.0,0.0,0.0,0.0,0.0,0.0,0.0
9.460000038,1,1,1,1,1,0.700870647,0.299129353,0.790382244,0.433244326,0.337017177,0,0,9,0,9,0,0,0,0,0,0,123,9,1,1,1,1,0.768769054,-0.48486359,0.771971405,-0.589737616,0.592621994,-0.171147159,0.768769054,-0.48486359,0.772363645,-0.549576029,0.781757626,-0.491268388,0.768769054,-0.48486359,0.337017177,1.393333602,,,0.85143779,,,0.822328387,,,0.944811949,,,0.85143779,,,0.833356379,,,0.849630859,,,0.85143779,,,0.000601393,0.000450631,0.000546728,0.000601393,0.000485675,0.000579102,0.000601393,63.25784117,63.25784117,8.972983836,7,,17.94596767,52.16743125,43.16743125,,8.972983836,5,,7.296776273,7.296776273,8.972983836,1,48.77909521,48.77909521,8.972983836,5,,38.50256172,38.50256172,8.972983836,4,,44.34416154,44.34416154,8.972983836,5,,15.35930801,15.35930801,8.972983836,2,,0.765398543,-0.398514286,0.719835828,-10.78659651,0.876177266,0.027934162,0.000731425,0.000943011,59.65512524,59.65512524,8.972983836,7,,83.73485263,-39.26514737,9.166321084,-4,,1,,,,,,,,,,0.025713264,0.027171129,0.000457677,0.018366617,0.018877113,0.018855049,0.017370241,-4.0,0.007346647,,,,0.049152103,0.0,0.0,0.0,0.0,0.0,0.0,0.0,-36.66528434,0.0,1.0
121.5,0,0,0,0,0,0.733093237,0.266906763,0.554317549,0.902051067,0.447221599,0,0,0,0,0,0,0,0,0,0,0,0,0,1,1,1,1,0.5853258,-0.121699266,0.579872598,-0.135544101,0.706545263,-0.428015586,0.5853258,-0.121699266,0.579983335,-0.126197543,0.565940498,-0.087333019,0.5853258,-0.121699266,0.447221599,1.503538024,0.0,0.0,0.95158,0.0,0.0,0.946222315,0.0,0.0,0.839831712,0.0,0.0,0.95158,0.0,0.0,0.949835934,0.0,0.0,0.965010554,0.0,0.0,0.95158,0.0,0.0,0.000871994,0.000703136,0.00066399,0.000871994,0.000750827,0.00087467,0.000871994,91.72116723,91.72116723,115.4351606,1,0.0,0.0,81.39873104,81.39873104,0.0,115.4351606,1,0.0,8.861782217,8.861782217,115.4351606,0,70.72760413,70.72760413,115.4351606,1,0.0,59.52282374,59.52282374,115.4351606,1,0.0,66.97696966,66.97696966,115.4351606,1,0.0,22.27034045,22.27034045,115.4351606,0,0.0,0.590890992,-0.109058815,0.680098404,-10.50207259,0.9564981,0.013801667,0.00100034,0.000617545,81.58779368,81.58779368,115.4351606,1,0.0,54.83501412,54.83501412,116.5360785,0,0.0,1,0.0,0.0,0.0,0.0,0.0,0.0,0.0,0.0,0.0,0.000231417,0.000287066,0.0,0.000231417,0.000248841,0.000119173,0.000185841,0.0,0.0,0.0,0.0,0.0,0.0,0.0,0.0,0.0,0.0,0.0,0.0,0.0,0.0,0.0,1.0
71.33000183,0,0,0,0,0,0.25290116,0.74709884,0.316839585,0.361657597,0.749284148,0,0,0,0,0,0,0,926,855,214,285,214,0,1,1,1,1,0.300432861,0.317237937,0.30318374,0.371830185,0.305363479,0.396462332,0.300432861,0.317237937,0.302978772,0.34615198,0.310304923,0.278708016,0.300432861,0.317237937,0.749284148,1.805600572,,,1.206174475,,,1.245717852,,,1.263981831,,,1.206174475,,,1.22695915,,,1.17902366,,,1.206174475,,,0.00206725,0.001925636,0.002116849,0.00206725,0.002018759,0.002121005,0.00206725,217.4449158,217.4449158,67.8216079,3,,67.8216079,222.9218899,222.9218899,,68.13958714,3,,28.25201534,28.25201534,68.18516373,0,167.6751222,-758.3248778,75.46819659,-10,,160.0398134,-694.9601866,75.46819659,-9,,162.4138142,-51.5861858,75.46819659,-1,,52.79667114,52.79667114,67.8216079,1,,0.297787693,0.270630625,0.266078953,-7.537651913,1.173409735,0.011632554,0.002110212,0.001024888,172.1091001,-112.8908999,75.46819659,-1,,91.0051215,-122.9948785,69.1624236,-2,,1,,,,,,,,,,0.004717496,0.006480829,0.0,-0.015724986,-0.016849855,-0.001213721,-0.00114439,-1.775506136,0.001572499,,,,23.37322922,0.0,0.0,0.0,0.0,0.0,0.0,0.0,-138.3248472,0.0,1.0
9.06000042,1,1,1,1,1,0.641456583,0.358543417,0.904496618,0.295521139,-0.055669039,0,0,0,0,0,0,0,0,0,0,0,969,0,1,1,1,1,0.829874138,-0.707926822,0.840726995,-0.90772002,0.485377817,0.026336825,0.829874138,-0.707926822,0.841579555,-0.848782431,0.873772899,-0.903171836,0.829874138,-0.707926822,-0.055669039,1.000647386,0.0,0.0,0.999541952,0.0,0.0,0.999412718,0.0,0.0,1.000017045,0.0,0.0,0.999541952,0.0,0.0,0.999450839,0.0,0.0,0.999415659,0.0,0.0,0.999541952,0.0,0.0,0.000227562,0.00014564,0.000148922,0.000227562,0.000154731,0.000197207,0.000227562,23.93620163,23.93620163,8.370585085,3,0.0,8.370585085,16.86005878,16.86005878,0.0,8.370585085,2,0.0,1.98755643,1.98755643,8.370585085,0,18.45757358,18.45757358,8.370585085,2,0.0,12.26648873,12.26648873,8.370585085,1,0.0,15.10096784,15.10096784,8.370585085,2,0.0,5.811824853,5.811824853,8.370585085,1,0.0,0.818851174,-0.552993003,0.688568008,-10.56271579,0.99964218,0.993187373,0.000313128,0.00984669,25.53875855,25.53875855,8.370585085,3,0.0,874.338667,-94.66133298,9.024064728,-10,0.0,1,0.0,0.0,0.0,0.0,0.0,0.0,0.0,0.0,0.0,0.023491893,0.025748614,0.0,0.015661262,0.011256744,0.02549123,0.014334434,-10.0,0.007830631,0.0,0.0,0.0,0.547266803,0.0,0.0,0.0,0.0,0.0,0.0,0.0,-90.24064728,0.0,1.0
147.6600037,1,1,1,1,1,0.947979192,0.052020808,0.998408277,0.644202595,0.552572375,148,0,148,0,148,0,0,886,738,295,591,148,296,1,1,1,1,0.986732396,-4.187215833,0.988338222,-5.225188243,0.823590371,-0.876970117,0.986732396,-4.187215833,0.988750056,-4.915717754,0.993750548,-4.852715362,0.986732396,-4.187215833,0.552572375,1.6088888,,,0.136530897,,,0.083341752,,,0.658996101,,,0.136530897,,,0.096555348,,,0.099491956,,,0.136530897,,,0.00015772,8.12e-05,0.000687764,0.00015772,0.000100101,0.000116206,0.00015772,16.58986785,-131.4101321,147.778057,-1,,0.0,9.400759354,-138.5992406,,146.6150862,-1,,9.179082219,9.179082219,140.8544087,0,12.79270251,-873.2072975,147.778057,-6,,7.935626975,-730.064373,146.965237,-5,,8.898365549,-286.1016345,146.8378215,-2,,4.028099688,4.028099688,140.8544087,0,,0.984943158,-3.347940745,0.958900705,-12.49832494,0.203499382,0.002622833,0.000260083,0.000150787,21.2123613,-569.7876387,148.4781516,-4,,13.38912878,-134.6108712,146.6150862,-1,,1,,,,,,,,,,-0.273949632,-0.426603003,0.0,-1.64369779,-1.887834456,-0.735901449,-0.700544202,-1.0,0.0,,,,0.0,0.0,0.0,0.0,-295.5561141,-293.9304739,-146.8378215,-148.4781516,-146.6150862,0.0,1.0
5.505000114,0,0,0,0,0,0.18128655,0.81871345,0.174593968,0.695625,0.139798696,28,0,0,33,33,0,33,0,0,0,0,17,61,1,1,1,1,0.176078322,0.681103475,0.175917724,0.813478381,0.241715106,0.587479368,0.176078322,0.681103475,0.175801637,0.756860545,0.175192426,0.641843175,0.176078322,0.681103475,0.139798696,1.19611512,,,1.129721638,,,1.156822264,,,1.110938509,,,1.129721638,,,1.145152434,,,1.12180677,,,1.129721638,,,0.000473469,0.000344229,0.000343842,0.000473469,0.000362219,0.000431774,0.000473469,49.80214012,21.80214012,5.187657634,4,,-18.20597661,39.84978701,6.849787007,,5.211574296,1,,4.589009323,4.589009323,5.176955584,1,38.40319697,38.40319697,5.187657634,7,,28.71542545,28.71542545,5.205638621,6,,33.06263155,33.06263155,5.177414524,6,,12.0921991,-20.9078009,6.068658869,-3,,0.17629002,0.570469714,0.179858199,-6.920302687,1.107559662,0.289592583,0.000588424,0.005557146,47.99192292,47.99192292,5.178628177,9,,493.4478465,476.4478465,5.034699683,95,,0,,,,,,,,,,0.028993871,0.010339798,0.005392688,0.050739275,0.053703552,0.038621499,0.045764395,71.08759347,-0.021745404,,,,-0.030583732,0.0,0.0,0.0,0.0,0.0,0.0,0.0,357.4636775,0.0,1.0
667.8400269,1,1,1,1,1,0.390156062,0.609843938,0.543175487,0.323147761,1.141986842,0,0,668,0,668,0,0,1336,2004,1336,2671,0,668,1,1,1,1,0.500513706,-0.00071662,0.507189433,-0.011967948,0.397022683,0.19149016,0.500513706,-0.00071662,0.50707897,-0.010955646,0.525794423,-0.033783351,0.500513706,-0.00071662,1.054172542,2.110488966,,,0.999464886,,,0.991100739,,,1.153761835,,,0.999464886,,,0.991850402,,,0.975082253,,,0.999464886,,,0.002920751,0.002860129,0.003663422,0.002920751,0.003048111,0.003146199,0.002920751,307.2208316,307.2208316,627.1431106,0,,0.0,331.1038255,-336.8961745,,710.117713,0,,48.8929814,48.8929814,629.055732,0,236.902713,-1099.097287,710.117713,-2,,241.6430526,-1762.356947,710.117713,-2,,240.9170254,-1095.082975,710.117713,-2,,74.59469519,74.59469519,627.1431106,0,,0.493990501,0.007031876,0.418615023,-8.629825425,1.005266063,0.001587196,0.002869407,0.000249129,234.0291227,-2436.970877,710.117713,-3,,22.12142411,22.12142411,629.744895,0,,1,,,,,,,,,,0.0,0.0,0.0,-1.6e-08,-3.75e-06,-3.57e-05,-2.32e-06,0.0,0.0,,,,44.24218762,0.0,0.0,0.0,0.0,0.0,0.0,0.0,0.0,0.0,1.0
59.77999878,1,1,1,1,1,0.978391357,0.021608643,0.973338639,0.938467978,0.316870631,0,0,0,0,0,0,0,120,120,120,239,0,0,1,1,1,1,0.974405556,-3.127932629,0.974193272,-3.715722298,0.962254585,-3.223402536,0.974405556,-3.127932629,0.974240742,-3.457894914,0.973742523,-2.8912867,0.974405556,-3.127932629,0.316870631,1.373187055,0.0,0.0,0.370843588,0.0,0.0,0.307775949,0.0,0.0,0.359783907,0.0,0.0,0.370843588,0.0,0.0,0.333999001,0.0,0.0,0.399745835,0.0,0.0,0.370843588,0.0,0.0,0.000249209,0.000159112,0.000196125,0.000249209,0.000183625,0.000258002,0.000249209,26.21315631,26.21315631,56.05686288,0,0.0,0.0,18.41962923,18.41962923,0.0,56.05686288,0,0.0,2.617539266,2.617539266,56.05686288,0,20.21336839,-99.78663161,60.2677362,-2,0.0,14.55713208,-105.4428679,60.16875689,-2,0.0,19.75628362,-100.2437164,60.31003843,-2,0.0,6.364680398,6.364680398,56.05686288,0,0.0,0.974600058,-2.633993598,0.977083958,-12.62851884,0.433731386,0.018225434,0.000346793,0.000582973,28.28444912,-210.7155509,60.4458064,-3,0.0,51.76515503,51.76515503,57.23578325,1,0.0,1,0.0,0.0,0.0,0.0,0.0,0.0,0.0,0.0,0.0,0.0,0.0,0.0,-0.305748829,-0.373657414,-0.261235587,-0.325215107,1.0,0.0,0.0,0.0,0.0,0.0,0.0,0.0,0.0,0.0,0.0,0.0,0.0,57.23578325,0.0,1.0
133.3699951,0,0,0,0,0,0.237569061,0.762430939,0.287179487,0.070707071,1.051538578,0,1600,1334,0,2934,0,0,400,400,1067,400,0,2934,1,1,1,1,0.274291307,0.373822386,0.275838957,0.44178938,0.133341431,1.178784954,0.274291307,0.373822386,0.276514854,0.409027204,0.281879984,0.334228559,0.274291307,0.373822386,1.051538578,2.107855003,0.0,0.0,1.32147489,0.0,0.0,1.390174752,0.0,0.0,2.408455262,0.0,0.0,1.32147489,0.0,0.0,1.356624543,0.0,0.0,1.283030031,0.0,0.0,1.32147489,0.0,0.0,0.003845307,0.003991786,0.007608267,0.003845307,0.004148323,0.004120509,0.003845307,404.4708123,404.4708123,125.0608975,3,0.0,125.0608975,462.110504,-2471.889496,0.0,145.5515368,-17,0.0,101.5419004,101.5419004,127.3277017,1,311.8936703,-88.10632966,145.5515368,-1,0.0,328.8638363,-71.13616371,145.5515368,0,0.0,315.5239094,-751.4760906,145.5515368,-5,0.0,98.20745814,98.20745814,125.0608975,1,0.0,0.272467831,0.317056298,0.246845335,-7.39993728,1.266705756,0.004014199,0.00360231,0.000627169,293.8047235,-106.1952765,145.5515368,-1,0.0,55.68959638,55.68959638,123.2721471,0,0.0,1,0.0,0.0,0.0,0.0,0.0,0.0,0.0,0.0,0.0,0.006550461,-0.051844118,0.021711468,-0.002183487,0.0,-0.008727245,-0.001570698,0.0,0.002183487,0.0,0.0,0.0,6.191099621,0.0,0.0,0.0,0.0,0.0,0.0,0.0,0.0,0.0,1.0
19.40500069,1,0,1,1,0,0.529202279,0.470797721,0.527503526,0.435857805,0.659415621,0,0,0,0,0,0,0,0,0,19,0,582,0,1,1,1,1,0.527804047,-0.03887685,0.527669229,-0.046158729,0.491352404,0.015569166,0.527804047,-0.03887685,0.527782924,-0.043091129,0.527595656,-0.036152914,0.527804047,-0.03887685,0.659415621,1.715732046,,,0.979231428,,,0.975389578,,,1.008440276,,,0.979231428,,,0.977006174,,,0.980672436,,,0.979231428,,,0.001409416,0.001229197,0.001369913,0.001409416,0.001310297,0.001457207,0.001409416,148.2502629,148.2502629,16.45501145,9,,32.91002289,142.2984218,142.2984218,,16.45501145,9,,18.28321976,18.28321976,16.45501145,1,114.3180601,114.3180601,16.45501145,7,,103.8755256,103.8755256,16.45501145,6,,111.5842119,92.58421193,16.45501145,6,,35.99587669,35.99587669,16.45501145,2,,0.527892331,-0.032710407,0.528580843,-9.417191694,0.982496614,0.006196472,0.001519,0.000451944,123.8897798,123.8897798,16.45501145,8,,40.13041195,-541.8695881,18.95778571,-29,,1,,,,,,,,,,0.000212542,0.00029962,3.79e-06,0.00016531,0.000174079,0.000122534,0.000133746,-29.0,4.72e-05,,,,0.003091731,0.0,0.0,0.0,0.0,0.0,0.0,0.0,-549.7757857,0.0,1.0
160.3899994,0,0,0,0,0,0.218487395,0.781512605,0.138081974,0.17287568,0.508157399,1444,0,1764,0,1764,0,802,802,962,802,962,0,3208,1,1,1,1,0.150043202,0.810398249,0.147844884,0.981845024,0.170498745,0.911230896,0.150043202,0.810398249,0.147948116,0.91216596,0.142473475,0.800934885,0.150043202,0.810398249,0.508157399,1.564473824,0.0,0.0,1.43719511,0.0,0.0,1.551813584,0.0,0.0,1.503537974,0.0,0.0,1.43719511,0.0,0.0,1.504167317,0.0,0.0,1.431120995,0.0,0.0,1.43719511,0.0,0.0,0.001508663,0.001351818,0.001399022,0.001508663,0.001394041,0.001505199,0.001508663,158.6895345,-1285.310466,172.2502421,-7,0.0,-689.0009682,156.4936764,-1607.506324,0.0,172.2502421,-9,0.0,18.67171176,18.67171176,155.2379156,0,122.3679431,-679.6320569,172.2502421,-4,0.0,110.5144548,-851.4855452,172.2502421,-5,0.0,115.2591022,-686.7408978,172.2502421,-4,0.0,38.53058203,-763.469418,172.2502421,-4,0.0,0.152285051,0.669221633,0.191353968,-7.002613544,1.349197327,0.043542554,0.001587179,0.002256884,129.4504541,-832.5495459,172.2502421,-5,0.0,200.4004383,200.4004383,148.4680704,1,0.0,0,0.0,0.0,0.0,0.0,0.0,0.0,0.0,0.0,0.0,-0.07183152,-0.135565263,0.0,-0.041046583,-0.065003651,-0.040093543,-0.034988875,0.76619682,-0.041046583,0.0,0.0,0.0,-73.42384415,0.0,0.0,0.0,0.0,0.0,0.0,0.0,148.4680704,0.0,1.0
181.7799988,1,1,1,1,1,0.964785914,0.035214086,0.994428969,0.999581415,0.64085659,0,0,0,0,0,0,182,545,364,364,364,0,0,1,1,1,1,0.987866931,-4.321239233,0.989003201,-5.326370266,0.986456193,-5.362351233,0.987866931,-4.321239233,0.988928331,-4.941179057,0.991886102,-4.565836692,0.987866931,-4.321239233,0.64085659,1.697173015,,,0.101694739,,,0.059757667,,,0.058631077,,,0.101694739,,,0.073262565,,,0.089352779,,,0.101694739,,,0.000141026,7.21e-05,7.62e-05,0.000141026,9.41e-05,0.000127473,0.000141026,14.83388047,14.83388047,170.3122722,0,,-182.1025363,8.346751915,8.346751915,,170.767996,0,,1.016634048,1.016634048,170.8182376,0,11.4386336,-533.5613664,182.1025363,-3,,7.457355127,-356.5426449,180.317445,-2,,9.761144688,-354.2388553,181.3963793,-2,,3.601737507,-178.3982625,182.1025363,-1,,0.986753203,-3.513857919,0.971878746,-12.59124901,0.155874496,0.001280741,0.000233355,8.97e-05,19.03242502,-344.967575,183.0821707,-2,,7.967257012,7.967257012,172.5555466,0,,0,,,,,,,,,,0.0,0.0,0.0,-0.875301962,-0.762976577,-0.651464522,-0.385849921,0.0,-0.291767321,,,,0.0,0.0,0.0,0.0,-182.1025363,-180.317445,-181.3963793,0.0,0.0,0.0,1.0
72.91999817,0,0,0,0,0,0.303321329,0.696678671,0.241543971,0.373796568,0.413834569,875,146,73,0,219,0,0,146,146,1094,146,292,1094,1,1,1,1,0.25273063,0.426130935,0.250784264,0.514416855,0.298661499,0.414028806,0.25273063,0.426130935,0.250815756,0.478164996,0.245762853,0.416366097,0.25273063,0.426130935,0.413834569,1.470150994,1.37402803,3.066686138,1.178468832,1.194422818,1.136624409,1.219252919,1.167757568,1.118115682,1.172985558,1.191012582,1.134261034,1.178468832,1.202643589,1.142317188,1.202338136,1.119420641,1.084388809,1.174042554,1.330977791,1.230424342,1.178468832,1.119420641,1.084388809,0.001000075,0.000828171,0.000845818,0.001000075,0.000868695,0.000978315,0.001000075,105.1935005,-769.8064995,75.90875406,-10,0.0,0.0,95.87350493,-123.1264951,0.002054528,75.90875406,-2,0.0,11.28850229,11.28850229,71.41269778,0,81.11632773,-64.88367227,75.90875406,-1,0.0,68.86692575,-77.13307425,75.90875406,-1,0.0,74.91350312,-1019.086497,75.90875406,-13,0.0,25.54148775,25.54148775,71.42040691,0,0.0,0.254713965,0.353153962,0.285688573,-7.678058754,1.145788695,0.051878233,0.001121223,0.002136128,91.44700999,-54.55299001,75.90875406,-1,0.0,189.6778883,-102.3221117,72.70195537,-1,-2.0,1,0.026469195,0.029468596,0.012228852,0.025446085,0.026469195,3.027422263,0.026927166,0.019861617,0.026469195,-0.028373058,-0.008269522,0.0,-0.002837306,-0.003572528,-0.035213898,-0.001948714,-0.92113416,0.0,0.25092714,0.25092714,0.000994806,0.00133305,0.0,0.0,0.0,0.0,0.0,0.0,0.0,-72.70195537,0.0,1.0
149.2400055,0,0,0,0,0,0.393724696,0.606275304,0.610552764,0.707395498,0.989862858,149,448,746,0,1194,0,0,746,895,746,2239,298,1343,1,1,1,1,0.545606494,-0.064021041,0.555918789,-0.09395425,0.540756858,-0.073730136,0.545606494,-0.064021041,0.555206791,-0.086216745,0.58374097,-0.111820215,0.545606494,-0.064021041,0.989862858,2.046179283,,,0.955197246,,,0.934943829,,,0.948580254,,,0.955197246,,,0.940137655,,,0.923060593,,,0.955197246,,,0.002511061,0.002383868,0.002653037,0.002511061,0.002552478,0.002652483,0.002511061,264.12738,115.12738,141.5938111,1,,0.0,275.9693604,-918.0306396,,156.7957744,-6,,35.40812091,35.40812091,141.5938111,0,203.672689,-542.327311,156.7957744,-3,,202.3510817,-692.6489183,156.7957744,-4,,203.1112366,-542.8887634,156.6127618,-3,,64.13139793,64.13139793,141.5938111,0,,0.535849967,-0.042106936,0.431242367,-8.720238473,0.970302419,0.001943108,0.002527118,0.000271988,206.1119961,-2032.888004,156.7957744,-13,,24.15120713,-273.8487929,146.3662045,-2,,1,,,,,,,,,,6.4e-05,-0.000827569,0.0,-0.000192126,-0.000464583,-0.000586114,-0.000360139,-2.0,0.0,,,,80.85333301,0.0,0.0,0.0,0.0,0.0,0.0,0.0,-292.7324089,0.0,1.0
15.18000031,1,1,1,1,1,0.610244098,0.389755902,0.74890569,0.200920887,0.555770294,607,607,0,0,607,0,607,0,0,0,0,0,1214,1,1,1,1,0.712722192,-0.344889537,0.717350304,-0.423559627,0.36691767,0.253143532,0.712722192,-0.344889537,0.718845743,-0.397460639,0.734085596,-0.368669124,0.712722192,-0.344889537,0.555770294,1.612086718,,,0.84815243,,,0.816880721,,,1.128493422,,,0.84815243,,,0.827125241,,,0.838575752,,,0.84815243,,,0.000986459,0.000802289,0.001187385,0.000986459,0.000864342,0.000986762,0.000986459,103.7612522,-503.2387478,16.19012535,-31,,-582.8445125,92.87724109,-514.1227589,,16.13586816,-32,,15.84715007,15.84715007,14.05961605,1,80.01189898,80.01189898,13.83526516,6,,68.52188341,68.52188341,13.83526516,5,,75.56029375,75.56029375,13.83526516,5,,25.19373096,-581.806269,16.19012535,-36,,0.707494794,-0.279889844,0.636455078,-10.189582,0.874891291,0.007705466,0.001124749,0.000446255,91.73465042,91.73465042,13.83526516,7,,39.62528006,39.62528006,14.04434833,3,,0,,,,,,,,,,-0.057615822,-0.089701379,0.001001276,0.011151449,0.012341794,0.01061851,0.008568254,3.0,-0.066908696,,,,-0.904948949,0.0,0.0,0.0,0.0,0.0,0.0,0.0,42.133045,0.0,1.0
407.2799988,1,1,1,1,1,0.81472589,0.18527411,0.866295265,0.76977815,0.903998723,815,0,815,0,815,0,815,407,1222,1222,407,407,1630,1,1,1,1,0.854532369,-0.836801463,0.856471574,-1.012228136,0.813492287,-0.822363757,0.854532369,-0.836801463,0.856452668,-0.940946324,0.861692222,-0.825341754,0.854532369,-0.836801463,0.903998723,1.960315148,,,0.56935254,,,0.505940567,,,0.574912535,,,0.56935254,,,0.530807466,,,0.573761274,,,0.56935254,,,0.001292625,0.001086692,0.001348771,0.001292625,0.001213831,0.001404239,0.001292625,135.9655212,-679.0344788,416.3057358,-2,,-832.6114716,125.8012869,-689.1987131,,415.0137259,-2,,18.00104219,18.00104219,391.2460395,0,104.8451066,-302.1548934,416.3057358,-1,,96.22806688,-1125.771933,415.4812978,-3,,107.528238,-1114.471762,416.2946352,-3,,33.01308234,-781.9869177,416.3057358,-2,,0.85259028,-0.692302486,0.826578009,-11.5508812,0.627512029,0.000420125,0.001439511,5.02e-05,117.4066791,-289.5933209,417.6831784,-1,,4.455679297,-402.5443207,399.8796772,-1,,0,,,,,,,,,,-0.021882397,-0.032018931,0.0,-0.010941198,-0.041502187,-0.031930735,-0.007488793,-1.0,-0.021882397,,,,-0.798085171,0.0,0.0,0.0,0.0,0.0,0.0,0.0,-399.8796772,0.0,1.0
14.39000034,1,1,1,1,1,0.820728291,0.179271709,0.951850378,0.438258686,0.119437647,0,0,215,0,215,0,0,0,0,0,0,761,215,1,1,1,1,0.919437947,-1.439330355,0.924119789,-1.80349763,0.648678266,-0.286904363,0.919437947,-1.439330355,0.924828735,-1.689497467,0.938835034,-1.676298084,0.919437947,-1.439330355,0.119437647,1.175754072,,,0.792120658,,,0.746765722,,,0.954609807,,,0.792120658,,,0.760677317,,,0.762304705,,,0.792120658,,,0.000313048,0.000207459,0.000275374,0.000313048,0.000224622,0.000275135,0.000313048,32.92810254,32.92810254,13.89045311,2,,13.89045311,24.0165338,-190.9834662,,14.5214845,-13,,3.675218848,3.675218848,13.89045311,0,25.39136681,25.39136681,13.89045311,2,,17.80717993,17.80717993,13.89045311,1,,21.06822186,21.06822186,13.89045311,2,,7.995101632,7.995101632,13.89045311,1,,0.91446395,-1.148317254,0.847705502,-11.70215616,0.830336941,0.150364543,0.000419276,0.002707775,34.19616962,34.19616962,13.89045311,2,,240.4374145,-520.5625855,14.1692688,-37,,1,,,,,,,,,,0.064739746,-0.660685127,0.0,0.064739746,0.044600026,0.087811727,0.041207266,-37.0,0.032369873,,,,0.003964286,0.0,-14.5214845,0.0,0.0,0.0,0.0,0.0,-524.2629456,0.0,1.0
36.04000092,0,0,0,0,0,0.03866171,0.96133829,0.055187638,0.124696356,0.182678729,432,72,0,0,72,0,144,432,324,469,0,685,504,1,1,1,1,0.050532373,2.056303772,0.051302833,2.42732089,0.058704546,2.38045171,0.050532373,2.056303772,0.051229523,2.25897796,0.053298209,1.855050471,0.050532373,2.056303772,0.182678729,1.238995154,,,1.553743717,,,1.682324629,,,1.665511772,,,1.553743717,,,1.622714782,,,1.488157233,,,1.553743717,,,0.000734538,0.000576358,0.000595571,0.000734538,0.000591019,0.000653527,0.000734538,77.26279398,-354.737206,38.46169004,-9,,-115.3850701,66.72229479,-5.277705211,,38.46169004,0,,7.948639433,7.948639433,35.46577461,0,59.57852992,-372.4214701,38.46169004,-10,,46.85380891,-277.1461911,38.46169004,-7,,50.04317677,-418.9568232,38.46169004,-11,,18.7597779,-125.2402221,38.46169004,-3,,0.049806396,1.742271388,0.041748579,-5.931423998,1.452621656,0.280520559,0.000856579,0.006132583,69.86269255,69.86269255,35.2212246,2,,544.5438609,-140.4561391,35.28886716,-4,,0,,,,,,,,,,-0.594616669,0.0,0.0,-0.660685188,-0.558138593,-0.591458356,0.094859675,-2.198861915,-0.198205556,,,,-0.612782661,-38.46169004,0.0,0.0,-38.46169004,-38.46169004,-38.46169004,0.0,-70.57773432,0.0,1.0
8.670000076,1,1,1,1,1,0.62585034,0.37414966,0.676270508,0.367936375,0.944695822,0,0,0,0,0,0,0,0,0,0,0,407,0,1,1,1,1,0.664362922,-0.24987344,0.665989632,-0.301627079,0.51103071,-0.019862529,0.664362922,-0.24987344,0.666411278,-0.281269909,0.671502461,-0.246297453,0.664362922,-0.24987344,0.944695822,2.001012247,0.0,0.0,0.840863865,0.0,0.0,0.811213032,0.0,0.0,0.986316772,0.0,0.0,0.840863865,0.0,0.0,0.822749281,0.0,0.0,0.842952212,0.0,0.0,0.840863865,0.0,0.0,0.002048031,0.001891674,0.002517332,0.002048031,0.00204278,0.002228062,0.002048031,215.4233567,215.4233567,7.109006531,30,0.0,49.76304572,218.9902739,218.9902739,0.0,7.109006531,31,0.0,33.59696743,33.59696743,7.109006531,5,166.1162669,166.1162669,7.109006531,23,0.0,161.9441012,161.9441012,7.109006531,23,0.0,170.6116641,170.6116641,7.109006531,24,0.0,52.30582688,52.30582688,7.109006531,7,0.0,0.662551872,-0.206848409,0.636546208,-10.1902345,0.866337212,0.000851519,0.002112042,0.000109741,172.2583758,172.2583758,7.109006531,24,0.0,9.744467701,-397.2555323,8.357383136,-48,0.0,1,0.0,0.0,0.0,0.0,0.0,0.0,0.0,0.0,0.0,0.02926722,0.044067902,3.08e-05,0.022438202,0.028431149,0.022748413,0.016044849,-48.0,0.006829018,0.0,0.0,0.0,0.0,0.0,0.0,0.0,0.0,0.0,0.0,0.0,-401.1543905,0.0,0.0
320.5499878,1,1,1,1,1,0.700280112,0.299719888,0.764822921,0.526161574,0.565235485,0,0,0,0,0,0,0,0,0,0,0,321,0,1,1,1,1,0.749675797,-0.432348348,0.752011323,-0.523138114,0.642339972,-0.273011425,0.749675797,-0.432348348,0.752185494,-0.486873197,0.758829058,-0.428003346,0.749675797,-0.432348348,0.565235485,1.621551909,0.0,0.0,0.811403247,0.0,0.0,0.776563847,0.0,0.0,0.876367933,0.0,0.0,0.811403247,0.0,0.0,0.790296927,0.0,0.0,0.813109231,0.0,0.0,0.811403247,0.0,0.0,0.000962802,0.000780767,0.000944503,0.000962802,0.000845445,0.000978,0.000962802,101.2728971,101.2728971,302.2570514,0,0.0,0.0,90.38579745,90.38579745,0.0,302.2570514,0,0.0,12.60557574,12.60557574,302.2570514,0,78.0930901,78.0930901,302.2570514,0,0.0,67.02376385,67.02376385,302.2570514,0,0.0,74.8893741,74.8893741,302.2570514,0,0.0,24.58954639,24.58954639,302.2570514,0,0.0,0.747258754,-0.357377288,0.714476976,-10.74822659,0.841347639,0.00554135,0.001100538,0.000327951,89.75998166,89.75998166,302.2570514,0,0.0,29.12050674,-291.8794933,316.2619998,-1,0.0,1,0.0,0.0,0.0,0.0,0.0,0.0,0.0,0.0,0.0,0.0,0.0,0.0,0.0,0.0,0.0,0.0,-1.0,0.0,0.0,0.0,0.0,0.0,0.0,0.0,0.0,0.0,0.0,0.0,0.0,-316.2619998,0.0,1.0
12.10999966,0,0,0,0,0,0.222088836,0.777911164,0.301233585,0.106739221,0.272473592,0,48,73,0,121,0,12,0,0,0,230,690,121,1,1,1,1,0.279395196,0.362242588,0.282594754,0.423704388,0.171007349,0.908210828,0.279395196,0.362242588,0.282854305,0.393284333,0.292297667,0.313098368,0.279395196,0.362242588,0.272473592,1.328790017,,,1.10846287,,,1.127999741,,,1.294566606,,,1.10846287,,,1.11828745,,,1.093085124,,,1.10846287,,,0.0006657,0.000511292,0.000616731,0.0006657,0.000538998,0.000623805,0.0006657,70.02205554,70.02205554,11.81489366,6,,0.0,59.18989297,-61.81010703,,12.63369755,-5,,8.231048509,8.231048509,11.91081327,1,53.99508505,53.99508505,11.81489366,5,,42.72979221,42.72979221,11.81787041,4,,47.76724331,47.76724331,11.8009267,4,,17.00169179,5.00169179,11.81489366,0,,0.276131469,0.309999642,0.236710686,-7.327372184,1.092122681,0.124563076,0.000792243,0.003528032,64.61544753,-165.3845525,12.63369755,-13,,313.2722263,-376.7277737,11.94111136,-32,,1,,,,,,,,,,0.012301846,-0.014025423,0.012888233,0.010251539,0.009667035,0.006126912,-0.019520267,-26.84519156,0.0,,,,6.713248488,0.0,0.0,0.0,0.0,0.0,0.0,0.0,-322.4100068,0.0,1.0
772.1099854,1,1,1,1,1,0.99719888,0.00280112,0.987266216,0.722896609,0.352296982,0,0,0,0,0,0,0,0,0,0,0,0,0,1,1,1,1,0.989182392,-4.487654016,0.988579745,-5.261495297,0.876359012,-1.268813931,0.989182392,-4.487654016,0.988960681,-4.945827299,0.987927429,-4.055874541,0.989182392,-4.487654016,0.352296982,1.408613407,0.0,0.0,0.214918501,0.0,0.0,0.164866551,0.0,0.0,0.647456908,0.0,0.0,0.214918501,0.0,0.0,0.183696705,0.0,0.0,0.24918337,0.0,0.0,0.214918501,0.0,0.0,0.000157572,9.44e-05,0.000391794,0.000157572,0.000111836,0.000176921,0.000157572,16.57428429,16.57428429,738.687363,0,0.0,0.0,10.92542362,10.92542362,0.0,738.7795884,0,0.0,5.228980471,5.228980471,738.687363,0,12.78068579,12.78068579,738.687363,0,0.0,8.865984121,8.865984121,738.687363,0,0.0,13.54756831,13.54756831,738.687363,0,0.0,4.024315925,4.024315925,738.687363,0,0.0,0.989630983,-3.813898169,0.994077589,-12.75019495,0.270721757,0.01267288,0.000233414,0.000445438,19.03723433,19.03723433,738.687363,0,0.0,39.55277521,39.55277521,743.0725777,0,0.0,1,0.0,0.0,0.0,0.0,0.0,0.0,0.0,0.0,0.0,0.0,0.0,0.0,0.0,0.0,0.0,0.0,0.0,0.0,0.0,0.0,0.0,0.0,0.0,0.0,0.0,0.0,0.0,0.0,0.0,0.0,0.0,1.0
31.38999939,0,0,0,0,0,0.585834334,0.414165666,0.477914843,0.704897447,0.6210313,0,0,0,0,0,0,0,0,0,0,0,0,0,1,1,1,1,0.497846791,0.003003768,0.494392213,0.009334482,0.578368904,-0.143721922,0.497846791,0.003003768,0.494447151,0.008593274,0.485452763,0.019026774,0.497846791,0.003003768,0.6210313,1.677347725,0.0,0.0,1.001554798,0.0,0.0,1.004839596,0.0,0.0,0.928360675,0.0,0.0,1.001554798,0.0,0.0,1.004454452,0.0,0.0,1.009889491,0.0,0.0,1.001554798,0.0,0.0,0.001334205,0.001156711,0.001149401,0.001334205,0.001230427,0.001378724,0.001334205,140.339103,140.339103,29.74915253,5,0.0,29.74915253,133.9070524,133.9070524,0.0,29.74915253,5,0.0,15.3402049,15.3402049,29.74915253,1,108.2176429,108.2176429,29.74915253,4,0.0,97.54375431,97.54375431,29.74915253,3,0.0,105.5744471,105.5744471,29.74915253,4,0.0,34.07500904,34.07500904,29.74915253,1,0.0,0.501361969,-0.001593512,0.555562376,-9.610382169,0.999176153,0.006938828,0.001444687,0.000465433,117.8288427,117.8288427,29.74915253,4,0.0,41.32824308,41.32824308,30.00992946,1,0.0,1,0.0,0.0,0.0,0.0,0.0,0.0,0.0,0.0,0.0,7.05e-07,6.81e-06,0.00032275,5.64e-07,3.46e-06,2.26e-05,1.59e-07,1.0,1.41e-07,0.0,0.0,0.0,0.014366998,0.0,0.0,0.0,0.0,0.0,0.0,0.0,30.00992946,0.0,1.0
5.460000038,1,1,1,1,1,0.141719745,0.858280255,0.3,0.020069808,0.991287542,120,0,0,0,0,0,16,1114,1179,1261,1185,202,120,1,1,1,1,0.240027142,0.459931703,0.246531098,0.527740111,0.047547319,2.768299208,0.240027142,0.459931703,0.248823536,0.483929074,0.272858208,0.3533621,0.240027142,0.459931703,0.991287542,2.047603967,,,1.390438823,,,1.459677719,,,7.271465546,,,1.390438823,,,1.414558687,,,1.288197722,,,1.390438823,,,0.003663953,0.003732185,0.009947221,0.003663953,0.003851252,0.003711391,0.003663953,385.3949695,265.3949695,4.467830286,59,,75.95311487,432.0576956,432.0576956,,4.487021629,96,,132.7581909,132.7581909,5.215809203,25,297.1839943,-816.8160057,9.108239253,-90,,305.3130998,-873.6869002,9.108239253,-96,,284.1961043,-976.8038957,9.108239253,-107,,93.57575179,77.57575179,4.467830286,17,,0.232938457,0.402512002,0.160476383,-6.781526949,1.334382186,0.007749561,0.003482521,0.001087548,284.0347054,-900.9652946,9.108239253,-99,,96.56901374,-105.4309863,5.237332864,-20,,1,,,,,,,,,,0.19501083,0.417764438,2.993547072,-0.297474147,-0.351281023,-0.208758294,-0.250618363,-14.37159617,0.056189561,,,,0.294973237,0.0,0.0,15.64742761,0.0,0.0,0.0,0.0,-73.3226601,0.0,1.0
16.53000069,1,1,1,1,1,0.658555133,0.341444867,0.735891648,0.471369295,0.680650367,132,0,17,479,496,0,0,0,0,0,0,0,628,1,1,1,1,0.717429414,-0.355176922,0.720271783,-0.431308291,0.594895617,-0.175581364,0.717429414,-0.355176922,0.720471691,-0.40148574,0.728564655,-0.356455963,0.717429414,-0.355176922,0.680650367,1.736966792,,,0.821923859,,,0.788090207,,,0.907605416,,,0.821923859,,,0.801174514,,,0.821343613,,,0.821923859,,,0.00123383,0.001043261,0.001296709,0.00123383,0.00112873,0.001277983,0.00123383,129.7811256,-2.218874405,20.41468724,0,,28.03498282,120.7734455,-375.2265545,,19.8927452,-19,,17.30621088,17.30621088,14.01749141,1,100.076224,100.076224,14.01749141,7,,89.48159136,89.48159136,14.01749141,6,,97.86027863,97.86027863,14.01749141,7,,31.51148135,31.51148135,14.01749141,2,,0.71449796,-0.292495596,0.675283683,-10.4675987,0.8508677,0.003090001,0.001364288,0.000235868,111.2714481,111.2714481,14.01749141,8,,20.94398252,20.94398252,14.70914712,1,,1,0.00129194,0.001442365,0.00057747,0.001244199,0.00129194,0.187367549,0.001309282,0.000956679,0.00129194,0.0,-0.055226719,0.0004817,0.013797727,0.015111637,0.013897281,0.010694209,1.0,0.003942208,0.071160215,0.071160215,1.82e-06,0.035484481,0.0,0.0,0.0,0.0,0.0,0.0,0.0,14.70914712,0.0,1.0
56.08000183,1,1,1,1,1,0.808723489,0.191276511,0.902904895,0.646295521,0.515993043,0,0,0,0,0,0,0,56,0,506,0,0,0,1,1,1,1,0.880517666,-1.015937068,0.884066616,-1.247049336,0.766177332,-0.615971283,0.880517666,-1.015937068,0.884173476,-1.160388756,0.894051792,-1.064065908,0.880517666,-1.015937068,0.515993043,1.572309468,0.0,0.0,0.63143657,0.0,0.0,0.568731628,0.0,0.0,0.756725236,0.0,0.0,0.63143657,0.0,0.0,0.591479205,0.0,0.0,0.617832263,0.0,0.0,0.63143657,0.0,0.0,0.000674259,0.000505437,0.000718694,0.000674259,0.000559251,0.000662083,0.000674259,70.92229113,70.92229113,54.39054937,1,0.0,0.0,58.51210312,58.51210312,0.0,54.39054937,1,0.0,9.591882224,9.591882224,54.39054937,0,54.68927057,-1.310729434,56.88381193,0,0.0,44.33538097,44.33538097,54.39054937,1,0.0,50.69834629,-455.3016537,56.85854296,-8,0.0,17.22027332,17.22027332,54.39054937,0,0.0,0.87691719,-0.82831529,0.829333206,-11.57060869,0.687392113,0.005320291,0.00082069,0.000280906,66.93557527,66.93557527,54.39054937,1,0.0,24.94310497,24.94310497,54.74418448,0,0.0,1,0.0,0.0,0.0,0.0,0.0,0.0,0.0,0.0,0.0,0.016127002,0.024298938,0.0,0.0,0.021039095,-0.141529532,0.01072041,0.0,0.0,0.0,0.0,0.0,0.0,0.0,0.0,0.0,0.0,0.0,0.0,0.0,0.0,0.0,1.0
99.65000153,1,1,1,1,1,0.716686675,0.283313325,0.87982491,0.462118041,0.76108424,0,0,0,0,0,0,0,1295,797,598,1196,598,0,1,1,1,1,0.838110319,-0.747544643,0.844517183,-0.931356023,0.631076161,-0.248900359,0.838110319,-0.747544643,0.844815331,-0.867649941,0.863071098,-0.833676796,0.838110319,-0.747544643,0.76108424,1.817400665,,,0.639807066,,,0.573269774,,,0.861832033,,,0.639807066,,,0.595508042,,,0.607717841,,,0.639807066,,,0.001121262,0.000909562,0.001482418,0.001121262,0.001005703,0.001120247,0.001121262,117.9405998,117.9405998,95.06964648,1,,0.0,105.2957631,105.2957631,,95.06964648,1,,19.78473007,19.78473007,95.06964648,0,90.94581225,-1204.054188,102.0806271,-12,,79.72847187,-717.2715281,101.9079309,-7,,85.78183548,-512.2181645,101.9157544,-5,,28.63654475,28.63654475,95.06964648,0,,0.831614517,-0.600555065,0.749659431,-11.00013649,0.69853083,0.00139961,0.001280673,0.000126322,104.4518432,-1091.548157,102.2452525,-11,,11.21678115,-586.7832189,97.81837889,-6,,1,,,,,,,,,,0.008731609,0.013553501,0.0,-0.104779311,-0.082339296,-0.054298203,-0.061989535,-6.0,0.0,,,,0.061134451,0.0,0.0,0.0,0.0,0.0,0.0,0.0,-586.9102733,0.0,1.0
15.38000011,0,0,0,0,0,0.367972743,0.632027257,0.303872054,0.527255639,-0.127270694,0,31,0,0,31,0,0,0,0,0,0,1523,31,1,1,1,1,0.315852467,0.286659027,0.31380841,0.346731062,0.382965411,0.219767904,0.315852467,0.286659027,0.313803134,0.322368748,0.308417,0.28219816,0.315852467,0.286659027,-0.056316425,1.0,0.0,0.0,1.0,0.0,0.0,1.0,0.0,0.0,1.0,0.0,0.0,1.0,0.0,0.0,1.0,0.0,0.0,1.0,0.0,0.0,1.0,0.0,0.0,0.000227163,0.000145349,0.000148525,0.000227163,0.000154415,0.000196845,0.000227163,23.89422591,23.89422591,14.45702366,2,0.0,0.0,16.82634043,-14.17365957,0.0,16.74504054,-1,0.0,1.982255807,1.982255807,14.39065367,0,18.42520546,18.42520546,14.45702366,1,0.0,12.24146475,12.24146475,14.48462733,1,0.0,15.07322606,15.07322606,14.44776181,1,0.0,5.801632948,5.801632948,14.45702366,0,0.0,0.317946765,0.237055161,0.350238133,-8.140240055,1.0,1.0,0.000312641,0.009890513,25.49899147,25.49899147,14.44719614,2,0.0,878.2299542,-644.7700458,15.13570265,-43,0.0,1,0.0,0.0,0.0,0.0,0.0,0.0,0.0,0.0,0.0,0.002567919,-0.001878475,0.0,0.001283959,0.001623775,0.001244309,0.001756098,-43.0,0.0,0.0,0.0,0.0,2.1e-06,0.0,0.0,0.0,0.0,0.0,0.0,0.0,-650.8352138,0.0,1.0
179.3300018,1,1,1,1,1,0.913165266,0.086834734,0.908873856,0.795730431,0.713246459,0,0,0,0,0,0,0,0,0,0,0,0,0,1,1,1,1,0.909721712,-1.30774745,0.909478117,-1.556692583,0.866470613,-1.177142595,0.909721712,-1.30774745,0.909615991,-1.449159145,0.909173221,-1.218987305,0.909721712,-1.30774745,0.713246459,1.769562884,0.0,0.0,0.474082441,0.0,0.0,0.411290649,0.0,0.0,0.510771166,0.0,0.0,0.474082441,0.0,0.0,0.437323403,0.0,0.0,0.498717367,0.0,0.0,0.474082441,0.0,0.0,0.00075839,0.000586505,0.000787548,0.00075839,0.000663739,0.000831934,0.00075839,79.77164672,79.77164672,172.3955472,0,0.0,0.0,67.89696706,67.89696706,0.0,172.3955472,0,0.0,10.51082182,10.51082182,172.3955472,0,61.5131449,61.5131449,172.3955472,0,0.0,52.61882483,52.61882483,172.3955472,0,0.0,63.70450668,63.70450668,172.3955472,0,0.0,19.36893941,19.36893941,172.3955472,0,0.0,0.90990973,-1.098783449,0.91187272,-12.16159987,0.534132422,0.000967281,0.0009049,7.91e-05,73.80374262,73.80374262,172.3955472,0,0.0,7.023247632,7.023247632,174.0238779,0,0.0,1,0.0,0.0,0.0,0.0,0.0,0.0,0.0,0.0,0.0,0.0,0.0,0.0,0.0,0.0,0.0,0.0,0.0,0.0,0.0,0.0,0.0,0.0,0.0,0.0,0.0,0.0,0.0,0.0,0.0,0.0,0.0,1.0
75.66999817,1,1,1,1,1,0.463983051,0.536016949,0.634965035,0.205972435,0.839436384,378,0,6432,0,6432,0,1665,2043,1665,2573,1665,151,6810,1,1,1,1,0.587416814,-0.124821201,0.594286748,-0.161254636,0.341761184,0.308348172,0.587416814,-0.124821201,0.5949593,-0.151048433,0.615454324,-0.157249487,0.587416814,-0.124821201,0.839436384,1.895752809,,,0.923266236,,,0.901999739,,,1.218017371,,,0.923266236,,,0.9079073,,,0.904313406,,,0.923266236,,,0.001869292,0.001694424,0.002490913,0.001869292,0.00181562,0.001952404,0.001869292,196.6225667,-181.3774333,86.11007659,-2,,-1636.091455,196.1555938,-6235.844406,,85.58081555,-73,,33.24437589,33.24437589,69.20465467,0,151.6186882,-1891.381312,86.11007659,-22,,143.9356623,-1521.064338,85.60720724,-18,,149.5033793,-2423.496621,85.58098541,-28,,47.74090465,-1617.259095,86.11007659,-19,,0.58036631,-0.095893886,0.495201614,-9.178193077,0.940507867,0.002821408,0.001953852,0.000297703,159.3563214,-1505.643679,87.23351095,-17,,26.43455324,-124.5654468,74.11938818,-2,,0,,,,,,,,,,-0.000486885,-0.029659738,0.0,-0.005355739,-0.006416896,-0.010818238,-0.002442591,-2.0,-0.004625411,,,,-100.0352415,0.0,0.0,0.0,0.0,0.0,0.0,0.0,-148.2387764,0.0,1.0
13.22000027,0,0,0,0,0,0.353650368,0.646349632,0.317186463,0.249457701,0.223052169,0,0,0,0,0,0,0,0,0,0,0,648,0,1,1,1,1,0.324368088,0.270515896,0.323032115,0.325740575,0.298365638,0.414815421,0.324368088,0.270515896,0.323198944,0.302495405,0.319902496,0.261344759,0.324368088,0.270515896,0.223052169,1.279368594,0.0,0.0,1.068917122,0.0,0.0,1.08355968,0.0,0.0,1.107601309,0.0,0.0,1.068917122,0.0,0.0,1.077372047,0.0,0.0,1.06650467,0.0,0.0,1.068917122,0.0,0.0,0.000563905,0.00042204,0.000451716,0.000563905,0.000446157,0.000528107,0.000563905,59.31468708,59.31468708,12.26989092,5,0.0,12.26989092,48.857613,48.857613,0.0,12.36986617,4,0.0,6.028724939,6.028724939,12.42803625,0,45.73846838,45.73846838,12.26989092,4,0.0,35.36968675,35.36968675,12.35974824,3,0.0,40.43929903,40.43929903,12.26739042,3,0.0,14.40189124,14.40189124,12.26989092,1,0.0,0.325657418,0.224869767,0.343794799,-8.094105143,1.056963755,0.136133707,0.000685344,0.003351091,55.89675852,55.89675852,12.26712062,5,0.0,297.560753,-350.439247,12.9521344,-27,0.0,1,0.0,0.0,0.0,0.0,0.0,0.0,0.0,0.0,0.0,0.005717098,0.006631683,0.0,0.004573678,0.004289225,0.003201613,0.003950501,-27.0,0.00114342,0.0,0.0,0.0,0.0,0.0,0.0,0.0,0.0,0.0,0.0,0.0,-349.7076287,0.0,0.0
395.8299866,1,1,1,1,1,0.661464586,0.338535414,0.718265022,0.556718292,0.610460663,0,0,0,0,0,0,0,0,0,0,0,0,0,1,1,1,1,0.70504825,-0.328571074,0.707156324,-0.397308366,0.635258247,-0.257770173,0.70504825,-0.328571074,0.707217913,-0.369523531,0.713059431,-0.323841601,0.70504825,-0.328571074,0.610460663,1.666777088,0.0,0.0,0.845468564,0.0,0.0,0.816293248,0.0,0.0,0.876610347,0.0,0.0,0.845468564,0.0,0.0,0.827963201,0.0,0.0,0.847513897,0.0,0.0,0.845468564,0.0,0.0,0.001102187,0.000916198,0.001057559,0.001102187,0.000988878,0.001129978,0.001102187,115.9341961,115.9341961,378.8206987,0,0.0,0.0,106.0639607,106.0639607,0.0,378.8206987,0,0.0,14.11445558,14.11445558,378.8206987,0,89.39864343,89.39864343,378.8206987,0,0.0,78.39464437,78.39464437,378.8206987,0,0.0,86.52691779,86.52691779,378.8206987,0,0.0,28.14938028,28.14938028,378.8206987,0,0.0,0.702905851,-0.271834549,0.674169062,-10.4596179,0.870334148,0.004777997,0.001235061,0.00031308,100.7317043,100.7317043,378.8206987,0,0.0,27.80001579,27.80001579,380.2979444,0,0.0,1,0.0,0.0,0.0,0.0,0.0,0.0,0.0,0.0,0.0,0.0,0.0,0.0,0.0,0.0,0.0,0.0,0.0,0.0,0.0,0.0,0.0,0.0,0.0,0.0,0.0,0.0,0.0,0.0,0.0,0.0,0.0,1.0
64.37999725,1,1,1,1,1,0.821528611,0.178471389,0.944687624,0.979907911,0.510607268,0,0,0,0,0,0,0,258,386,0,258,322,0,1,1,1,1,0.915036292,-1.376907031,0.920071468,-1.728514445,0.9122078,-1.728140075,0.915036292,-1.376907031,0.919729202,-1.601355038,0.933021186,-1.563753229,0.915036292,-1.376907031,0.510607268,1.566923693,0.0,0.0,0.538811985,0.0,0.0,0.460105027,0.0,0.0,0.460182393,0.0,0.0,0.538811985,0.0,0.0,0.487146007,0.0,0.0,0.495442546,0.0,0.0,0.538811985,0.0,0.0,0.00056864,0.000403324,0.000430949,0.00056864,0.000454318,0.00052415,0.00056864,59.81276112,59.81276112,62.06393483,1,0.0,0.0,46.69099049,46.69099049,0.0,62.06393483,1,0.0,5.75156287,5.75156287,62.06393483,0,46.12254094,-211.8774591,65.30659944,-3,0.0,36.01663411,-349.9833659,65.25079396,-5,0.0,40.13623872,40.13623872,62.06393483,1,0.0,14.52282601,14.52282601,62.06393483,0,0.0,0.910146909,-1.101268645,0.848629879,-11.7087748,0.609817554,0.005202699,0.000720713,0.000271231,58.78142314,-199.2185769,65.40077979,-3,0.0,24.08399417,-297.9160058,64.09952948,-5,0.0,1,0.0,0.0,0.0,0.0,0.0,0.0,0.0,0.0,0.0,0.029623015,0.046683784,0.0,-0.088869046,-0.200338903,0.03820819,-0.056849654,-5.0,0.0,0.0,0.0,0.0,0.0,0.0,0.0,0.0,0.0,0.0,0.0,0.0,-320.4976474,0.0,0.0
223.2400055,1,1,1,1,1,0.823129252,0.176870748,0.959411062,0.31100879,0.559693081,670,446,0,0,446,0,0,223,670,670,223,0,1116,1,1,1,1,0.925134873,-1.52812666,0.929506199,-1.912958214,0.535030736,-0.06328849,0.925134873,-1.52812666,0.931020634,-1.809170668,0.945462039,-1.824537891,0.925134873,-1.52812666,0.559693081,1.616009506,,,0.480254345,,,0.399259729,,,0.970080779,,,0.480254345,,,0.41965209,,,0.416568269,,,0.480254345,,,0.000563231,0.000395959,0.001030927,0.000563231,0.000442823,0.000494662,0.000563231,59.24373679,-610.7562632,226.3928144,-3,,0.0,45.83838076,-400.1616192,,225.9326811,-2,,13.75902418,13.75902418,211.4691575,0,45.68375752,-177.3162425,226.3928144,-1,,35.10539672,-634.8946033,226.070645,-3,,37.87823894,-632.1217611,225.9529645,-3,,14.38466417,14.38466417,211.4691575,0,,0.920135616,-1.215873692,0.849849418,-11.71750682,0.557902789,0.003610414,0.000722413,0.000210983,58.92005075,-164.0799493,226.9379527,-1,,18.73428211,18.73428211,213.2681874,0,,1,,,,,,,,,,-0.109461145,-0.114356535,0.0,-0.036487048,-0.153426493,-0.156043993,-0.023099201,0.0,0.0,,,,0.0,0.0,0.0,0.0,0.0,0.0,0.0,0.0,0.0,0.0,1.0
441.7999878,0,0,0,0,0,0.153261305,0.846738695,0.084759252,0.507325241,0.636779185,0,0,0,0,0,0,0,0,0,0,0,442,0,1,1,1,1,0.093881857,1.264280116,0.092222758,1.531928409,0.151284745,1.036710787,0.093881857,1.264280116,0.092243789,1.423959972,0.088079654,1.251433676,0.093881857,1.264280116,0.636779185,1.693095609,,,1.945886264,,,2.240390184,,,1.726142163,,,1.945886264,,,2.116573131,,,1.932767924,,,1.945886264,,,0.002676362,0.002677253,0.002220602,0.002676362,0.002691594,0.002732622,0.002676362,281.514709,281.514709,432.9583149,1,,0.0,309.9330914,309.9330914,,433.9954487,1,,29.63673398,29.63673398,432.1949944,0,217.0803262,217.0803262,432.9583149,1,,213.379681,213.379681,433.6108701,0,,209.2477848,209.2477848,432.7071903,0,,68.35312503,68.35312503,432.9583149,0,,0.09560999,1.043631117,0.128268648,-6.550916343,1.732443629,0.031763382,0.002575179,0.002205559,210.0318319,210.0318319,432.5496743,0,,195.8429835,-246.1570165,434.0652343,-1,,1,,,,,,,,,,0.024975066,0.036668823,0.0,0.024975066,0.0,0.0,0.0,-0.67053914,0.0,,,,0.0,0.0,0.0,0.0,0.0,0.0,0.0,0.0,-434.0652343,0.0,1.0
150.0700073,0,0,0,0,0,0.95296246,0.04703754,0.676404494,0.829128986,0.643178779,0,0,0,0,0,0,150,0,0,0,0,0,0,1,1,1,1,0.721791021,-0.364908991,0.713586571,-0.413728421,0.80426352,-0.776282592,0.721791021,-0.364908991,0.713954665,-0.385532206,0.693263468,-0.28532639,0.721791021,-0.364908991,0.643178779,1.699495204,,,0.824051173,,,0.80298992,,,0.662531661,,,0.824051173,,,0.815087521,,,0.859574735,,,0.824051173,,,0.001148114,0.000974162,0.000865603,0.001148114,0.001052304,0.00123259,0.001148114,120.7650745,120.7650745,134.851414,1,,-159.4256957,112.7742268,112.7742268,,134.851414,1,,11.55255657,11.55255657,134.851414,0,93.12380814,93.12380814,134.851414,1,,83.42279716,83.42279716,134.851414,1,,94.38431979,94.38431979,134.851414,1,,29.32234078,-120.6776592,159.4256957,-1,,0.730110099,-0.322097702,0.866725802,-11.83834341,0.842974574,0.001876694,0.001267109,0.000132145,103.3455544,103.3455544,134.851414,1,,11.7338033,11.7338033,140.2561845,0,,0,,,,,,,,,,0.002080603,0.00267455,0.0,0.002080603,0.002322423,0.001272049,0.001621046,0.0,-0.002080603,,,,-0.040330021,0.0,0.0,0.0,0.0,0.0,0.0,0.0,0.0,0.0,1.0
36.83000183,0,0,0,0,0,0.007603041,0.992396959,0.010744131,0.000418585,0.615014754,516,0,2026,0,2026,0,1363,1473,663,1252,1105,405,2542,1,1,1,1,0.009731854,4.634868161,0.009729073,5.530410339,0.001086766,8.087091836,0.009731854,4.634868161,0.009940047,5.109086423,0.010276874,4.272478895,0.009731854,4.634868161,0.615014754,1.671331179,0.0,0.0,10.81098709,0.0,0.0,17.12486826,0.0,0.0,63.66885561,0.0,0.0,10.81098709,0.0,0.0,13.79258493,0.0,0.0,8.974905564,0.0,0.0,10.81098709,0.0,0.0,0.014225775,0.019431729,0.009947221,0.014225775,0.016654149,0.01208899,0.014225775,1496.346305,980.3463046,36.84210165,27,0.0,-991.426888,2249.520903,223.5209031,0.0,37.09574153,6,0.0,132.7581909,132.7581909,37.09574153,4,1153.855672,-319.1443277,38.13180339,-8,0.0,1320.279792,657.2797916,37.09574153,18,0.0,925.7023821,-326.2976179,38.13180339,-9,0.0,363.320078,-999.679922,38.13180339,-26,0.0,0.009648274,3.89714646,0.007914545,-5.689168935,7.401287774,0.05382198,0.010588109,0.003562502,863.5671132,-241.4328868,38.13180339,-6,0.0,316.3330649,-88.66693515,36.64314002,-2,0.0,0,0.0,0.0,0.0,0.0,0.0,0.0,0.0,0.0,0.0,9.062719961,2.867384861,4.0,-2.685250359,7.341402398,-2.566979424,-1.423851612,-1.011457599,-8.727063666,0.0,0.0,0.0,-236.288744,331.5789149,111.2872246,148.3829661,-114.3954102,259.6701907,-114.3954102,-38.13180339,-36.64314002,-343.1862305,1.0
397.0799866,1,1,1,1,1,0.823529412,0.176470588,0.981297254,0.845123483,0.500358218,0,0,0,0,0,0,0,397,397,397,0,397,0,1,1,1,1,0.942166534,-1.865405462,0.948621528,-2.424787658,0.876962237,-1.274778195,0.942166534,-1.865405462,0.948361606,-2.246278215,0.965776474,-2.486474451,0.942166534,-1.865405462,0.500358218,1.556674643,,,0.437998959,,,0.341948751,,,0.568840318,,,0.437998959,,,0.370058304,,,0.332739955,,,0.437998959,,,0.000451988,0.000291982,0.000518563,0.000451988,0.00033617,0.000343475,0.000451988,47.54257446,47.54257446,382.3173341,0,,0.0,33.8013695,33.8013695,,382.3173341,0,,6.920879042,6.920879042,382.3173341,0,36.6608111,-360.3391889,401.0209868,-1,,26.65030453,-370.3496955,400.287151,-1,,26.30127488,-370.6987251,399.895914,-1,,11.54356569,11.54356569,382.3173341,0,,0.935841292,-1.446970526,0.857007022,-11.76875597,0.527102862,0.005471046,0.000610969,0.000278377,49.83070085,49.83070085,382.3173341,0,,24.71849944,-372.2815006,394.7624415,-1,,1,,,,,,,,,,0.0,0.0,0.0,-0.054370899,-0.078840091,-0.096602425,0.0,-1.0,0.0,,,,0.0,0.0,0.0,0.0,0.0,0.0,0.0,0.0,-394.7624415,0.0,1.0
254.3099976,1,1,1,1,1,0.931972789,0.068027211,0.935933148,0.851820846,0.639018022,0,0,1272,0,1272,0,509,0,0,0,0,0,1272,1,1,1,1,0.935018878,-1.708447812,0.935108713,-2.040550345,0.90305384,-1.586166815,0.935018878,-1.708447812,0.935190774,-1.898955039,0.935560069,-1.611115144,0.935018878,-1.708447812,0.639018022,1.695334447,0.0,0.0,0.405815973,0.0,0.0,0.340559377,0.0,0.0,0.432875209,0.0,0.0,0.405815973,0.0,0.0,0.366990083,0.0,0.0,0.427211736,0.0,0.0,0.405815973,0.0,0.0,0.000560686,0.000409124,0.000559899,0.000560686,0.000469168,0.000607004,0.000560686,58.97602855,58.97602855,246.350435,0,0.0,-514.74036,47.36235784,-1224.637642,0.0,256.9444802,-5,0.0,7.472561483,7.472561483,246.350435,0,45.47732357,45.47732357,246.350435,0,0.0,37.1939355,37.1939355,246.350435,0,0.0,46.48076386,46.48076386,246.350435,0,0.0,14.31966332,-494.6803367,257.37018,-2,0.0,0.934893568,-1.430768928,0.932769093,-12.31121998,0.469881684,0.001505173,0.000701191,0.000105027,57.18917004,57.18917004,246.350435,0,0.0,9.325923788,9.325923788,247.937694,0,0.0,0,0.0,0.0,0.0,0.0,0.0,0.0,0.0,0.0,0.0,0.0,-0.325300446,0.0,0.0,0.0,0.0,0.0,0.0,-0.09121231,0.0,0.0,0.0,-30.33850875,0.0,0.0,0.0,0.0,0.0,0.0,0.0,0.0,0.0,1.0
209.5899963,0,0,0,0,0,0.168467387,0.831532613,0.112216474,0.141063206,0.919416128,210,0,629,0,629,0,0,210,419,210,210,0,839,1,1,1,1,0.120967545,1.004090584,0.119371732,1.213196659,0.136894732,1.148338341,0.120967545,1.004090584,0.119444109,1.127267036,0.115446191,0.983209723,0.120967545,1.004090584,0.919416128,1.975732553,0.0,0.0,1.981243507,0.0,0.0,2.2844224,0.0,0.0,2.185727314,0.0,0.0,1.981243507,0.0,0.0,2.154589808,0.0,0.0,1.953272329,0.0,0.0,1.981243507,0.0,0.0,0.004620244,0.005062859,0.00529519,0.004620244,0.005084042,0.0049228,0.004620244,485.9830401,275.9830401,206.7077464,1,0.0,206.7077464,586.1036572,-42.8963428,0.0,215.4001403,0,0.0,70.67098029,70.67098029,206.9914798,0,374.7490041,164.7490041,206.7077464,1,0.0,403.0441924,-15.95580758,215.4001403,0,0.0,376.9584782,166.9584782,206.6077388,1,0.0,117.999019,117.999019,206.7077464,1,0.0,0.122591289,0.831494448,0.150148557,-6.70757868,1.761555453,0.010384369,0.004135834,0.001276787,337.319011,127.319011,206.5961578,1,0.0,113.3725334,113.3725334,204.2814632,1,0.0,1,0.0,0.0,0.0,0.0,0.0,0.0,0.0,0.0,0.0,0.015753092,0.0,0.0,0.015753092,0.0,0.015104709,0.01080286,0.702993934,0.015753092,0.0,0.0,0.0,0.200204699,0.0,0.0,0.0,0.0,0.0,0.0,0.0,204.2814632,0.0,1.0
223.25,1,1,1,1,1,0.978791517,0.021208483,0.974930362,0.867308497,0.650879099,223,0,0,0,0,0,223,223,223,223,223,0,223,1,1,1,1,0.97569093,-3.213070356,0.975468687,-3.815624502,0.934953246,-2.202737144,0.97569093,-3.213070356,0.97559737,-3.557046153,0.975197851,-2.979513417,0.97569093,-3.213070356,0.650879099,1.707195524,,,0.179331893,,,0.129925468,,,0.307851325,,,0.179331893,,,0.149196183,,,0.203193074,,,0.179331893,,,0.000253748,0.000160498,0.000409735,0.000253748,0.000196135,0.000296343,0.000253748,26.69065665,-196.3093433,224.7916552,-1,,-224.7916552,18.58015347,18.58015347,,216.1786214,0,,5.468423068,5.468423068,216.1786214,0,20.58157626,-202.4184237,224.7916552,-1,,15.54890254,-207.4510975,224.5325747,-1,,22.69219799,-200.307802,224.9002019,-1,,6.480619778,-216.5193802,224.7916552,-1,,0.975861237,-2.704580599,0.977620639,-12.63236153,0.235380885,0.001163359,0.000358578,8.33e-05,29.24567911,-193.7543209,225.3126212,-1,,7.396489923,7.396489923,217.5629037,0,,0,,,,,,,,,,-0.161309705,0.0,0.0,-0.161309705,-0.197696521,-0.138710941,-0.114293066,0.0,-0.161309705,,,,-80.1637587,0.0,0.0,0.0,0.0,0.0,0.0,0.0,0.0,0.0,1.0
24.62999916,0,0,0,0,0,0.51147174,0.48852826,0.396446419,0.625521765,0.261718655,49,0,25,0,25,0,0,0,0,0,0,49,74,1,1,1,1,0.416812107,0.1185179,0.413246741,0.147743086,0.497106907,0.005207697,0.416812107,0.1185179,0.413314691,0.137244801,0.404101824,0.128925257,0.416812107,0.1185179,0.261718655,1.31803508,,,1.03326922,,,1.041641755,,,1.001439099,,,1.03326922,,,1.03862639,,,1.036243013,,,1.03326922,,,0.000603532,0.000457043,0.000461451,0.000603532,0.000484575,0.000573642,0.000603532,63.48289052,14.48289052,22.40782718,1,,22.40782718,52.90976785,27.90976785,,22.59807084,1,,6.158639969,6.158639969,22.34376573,0,48.95263422,48.95263422,22.40782718,2,,38.41530714,38.41530714,22.52854539,2,,43.92607227,43.92607227,22.41672479,2,,15.41395108,15.41395108,22.40782718,1,,0.420447009,0.094885374,0.47797746,-9.054866415,1.026548128,0.08204976,0.00072697,0.002255059,59.29172455,59.29172455,22.34376573,3,,200.2383534,151.2383534,22.80552456,7,,1,,,,,,,,,,0.000219476,0.000341063,0.0,0.000438953,0.000588629,0.000519429,0.000422027,7.0,0.000219476,,,,0.169631521,0.0,0.0,0.0,0.0,0.0,0.0,0.0,159.6386719,0.0,1.0
361.8200073,0,0,0,0,0,0.056822729,0.943177271,0.088340629,0.174131436,0.774059047,3980,1447,6513,0,7960,0,0,2533,3618,2171,2171,362,11940,1,1,1,1,0.078898082,1.464277288,0.080416006,1.719866915,0.087979506,1.725011081,0.078898082,1.464277288,0.080286689,1.60109348,0.084447302,1.296770851,0.078898082,1.464277288,0.774059047,1.830375472,,,2.423436438,,,2.828356714,,,2.837165907,,,2.423436438,,,2.63239697,,,2.190052179,,,2.423436438,,,0.004351669,0.004617092,0.005024579,0.004351669,0.004574089,0.004146052,0.004351669,457.7328061,-3522.267194,395.2656314,-9,,0.0,534.499303,-7425.500697,,395.2656314,-19,,67.05932837,67.05932837,351.9689119,0,352.9648137,-2180.035186,395.2656314,-6,,362.6170221,-3255.382978,395.2656314,-8,,317.4798397,-1853.52016,395.2656314,-5,,111.1397263,111.1397263,351.3306054,0,,0.077472499,1.246559502,0.062293433,-6.078527213,2.124574503,0.025359596,0.003978071,0.002349896,324.4518164,-1846.548184,395.2656314,-5,,208.6594507,-153.3405493,358.651569,0,,1,,,,,,,,,,-0.301515184,-0.878139092,0.0,-0.201010123,-0.320437541,-0.131376144,-0.121399265,0.0,0.0,,,,0.0,0.0,-395.2656314,0.0,0.0,0.0,0.0,0.0,0.0,0.0,1.0
124.2799988,1,1,1,1,1,0.879551821,0.120448179,0.955431755,0.992884052,0.434794286,0,0,0,0,0,0,0,0,0,0,249,0,0,1,1,1,1,0.937950524,-1.76972471,0.940964054,-2.191926907,0.941827408,-2.396583098,0.937950524,-1.76972471,0.940744723,-2.032221666,0.94861307,-1.904031553,0.937950524,-1.76972471,0.434794286,1.491110711,,,0.493100293,,,0.41656138,,,0.383856704,,,0.493100293,,,0.444006617,,,0.467338645,,,0.493100293,,,0.000439214,0.000299435,0.000293332,0.000439214,0.000339506,0.000410627,0.000439214,46.19894408,46.19894408,117.3951414,0,,0.0,34.66424494,34.66424494,,117.3951414,0,,3.914888325,3.914888325,117.3951414,0,35.62471703,35.62471703,117.3951414,0,,26.91479834,26.91479834,117.3951414,0,,31.44331592,31.44331592,117.3951414,0,,11.21732577,11.21732577,117.3951414,0,,0.935017271,-1.432864454,0.897028985,-12.05531724,0.564136041,0.008096237,0.000575671,0.000351301,46.95180395,-202.0481961,126.5449875,-2,,31.19384659,31.19384659,119.2075378,0,,1,0.000804005,0.000901893,2.16e-05,0.00078187,0.000804005,0.260932398,0.000812672,0.000581105,0.000804005,0.0,0.0,0.0,0.0,0.0,0.0,-0.064159392,0.0,0.0,-0.038967708,0.038967708,8.99e-08,0.0,0.0,0.0,0.0,0.0,0.0,0.0,0.0,0.0,0.0,1.0
14.64999962,1,1,1,1,1,0.793917567,0.206082433,0.744130521,0.818752616,0.626638675,0,0,0,0,0,0,0,0,0,0,0,15,0,1,1,1,1,0.754404153,-0.444811871,0.752652727,-0.525158518,0.785419764,-0.691683671,0.754404153,-0.444811871,0.752694474,-0.488364678,0.74807866,-0.401230639,0.754404153,-0.444811871,0.626638675,1.682955099,,,0.793305116,,,0.760809778,,,0.697636706,,,0.793305116,,,0.775522071,,,0.811507942,,,0.793305116,,,0.00106892,0.000887572,0.000875643,0.00106892,0.000962772,0.001121821,0.00106892,112.4349344,112.4349344,13.91297719,8,,27.82595439,102.7500275,102.7500275,,13.91297719,7,,11.6865519,11.6865519,13.91297719,1,86.70030891,86.70030891,13.91297719,6,,76.32506282,76.32506282,13.91297719,5,,85.90233443,85.90233443,13.91297719,6,,27.29974272,27.29974272,13.91297719,2,,0.756163882,-0.377030942,0.781275885,-11.22651346,0.821795316,0.002897302,0.001200016,0.000196757,97.87343193,97.87343193,13.91297719,7,,17.47104932,2.471049319,14.10327896,0,,1,,,,,,,,,,0.0247322,0.030164692,0.007475411,0.01854915,0.018632817,0.01509244,0.015547911,0.0,0.00618305,,,,0.067089863,0.0,0.0,0.0,0.0,0.0,0.0,0.0,0.0,0.0,1.0
199.4600067,1,1,1,1,1,0.943177271,0.056822729,0.999204138,0.825031394,0.494384799,0,0,0,0,0,0,0,399,798,598,399,199,0,1,1,1,1,0.986406586,-4.150232935,0.988450077,-5.241941122,0.913289047,-1.746402568,0.986406586,-4.150232935,0.988519947,-4.883234944,0.994178825,-4.923734384,0.986406586,-4.150232935,0.494384799,1.550701224,,,0.16190635,,,0.100291185,,,0.464794719,,,0.16190635,,,0.117383318,,,0.11531614,,,0.16190635,,,0.000164895,8.43e-05,0.000417087,0.000164895,0.000105005,0.000117335,0.000164895,17.34455054,17.34455054,190.0986456,0,,0.0,9.762374875,9.762374875,,190.1251971,0,,5.566551295,5.566551295,190.0986456,0,13.37464995,-385.6253501,198.8965231,-2,,8.324391608,-789.6756084,196.2963318,-4,,8.984829461,-589.0151705,195.5390666,-3,,4.211340273,4.211340273,190.0986456,0,,0.984321707,-3.294487064,0.955932969,-12.47707565,0.235671758,0.00419533,0.000270077,0.00021045,22.02750377,-376.9724962,200.2628065,-2,,18.68693264,-180.3130674,195.5390666,-1,,1,,,,,,,,,,0.0,0.0,0.0,-0.538263544,-1.49037397,-1.136398138,-0.339176407,-1.0,0.0,,,,0.0,0.0,0.0,0.0,-198.8965231,-196.2963318,-195.5390666,0.0,-195.5390666,0.0,1.0
182.6000061,1,1,1,1,1,0.43657463,0.56342537,0.563072025,0.255336961,0.337201268,0,0,0,0,0,0,0,0,183,0,0,548,0,1,1,1,1,0.529507678,-0.041271072,0.534586361,-0.057773015,0.370168541,0.24627839,0.529507678,-0.041271072,0.534851448,-0.054126505,0.549481281,-0.065156272,0.529507678,-0.041271072,0.337201268,1.393517693,,,0.986398318,,,0.9810117,,,1.085155039,,,0.986398318,,,0.982199468,,,0.978611168,,,0.986398318,,,0.000697034,0.000537873,0.00062828,0.000697034,0.000572723,0.000667344,0.000697034,73.31789625,73.31789625,174.8111221,0,,0.0,62.26699684,62.26699684,,174.8111221,0,,8.385185755,8.385185755,176.6934321,0,56.53655856,56.53655856,174.8111221,0,,45.40339235,-137.5966077,191.3645418,-1,,51.10120927,51.10120927,174.8111221,0,,17.80193776,17.80193776,174.8111221,0,,0.524366997,-0.028560278,0.461111518,-8.934104583,0.990567574,0.051580312,0.000827241,0.001742118,67.46985465,67.46985465,174.8111221,0,,154.6916741,-393.3083259,181.5833915,-2,,1,,,,,,,,,,0.0,0.0,0.0,0.0,-4.58e-05,0.0,0.0,-2.0,0.0,,,,0.0,0.0,0.0,0.0,0.0,0.0,0.0,0.0,-363.166783,0.0,1.0
9.890000343,1,1,1,1,1,0.838735494,0.161264506,0.889773179,0.261197154,0.265660914,0,0,0,0,0,0,0,0,0,0,0,752,0,1,1,1,1,0.876976605,-0.988063632,0.87761705,-1.18477971,0.474911561,0.045244657,0.876976605,-0.988063632,0.879559612,-1.118419823,0.884333185,-0.981455452,0.876976605,-0.988063632,0.265660914,1.321977339,,,0.758967123,,,0.718416423,,,1.012709161,,,0.758967123,,,0.731847618,,,0.760368354,,,0.758967123,,,0.000447864,0.00031901,0.000472393,0.000447864,0.000345554,0.000425657,0.000447864,47.10880045,47.10880045,9.033351004,5,,9.033351004,36.93033013,36.93033013,,9.033351004,4,,6.304677575,6.304677575,9.033351004,1,36.32632128,36.32632128,9.033351004,4,,27.39423856,27.39423856,9.033351004,3,,32.594283,32.594283,9.033351004,4,,11.43824327,11.43824327,9.033351004,1,,0.875516539,-0.819364093,0.847079688,-11.69767528,0.795560842,0.038190987,0.000568396,0.001061309,46.35841462,46.35841462,9.033351004,5,,94.23914103,-657.760859,9.520065544,-69,,1,,,,,,,,,,0.076271074,0.087731435,3.2e-05,0.061016859,0.058634198,0.060203425,0.052449806,-69.0,0.015254215,,,,0.007451804,0.0,0.0,0.0,0.0,0.0,0.0,0.0,-656.8845225,0.0,1.0
105.1600037,0,0,0,0,0,0.529011605,0.470988395,0.446080382,0.677270825,0.43602448,105,0,0,0,0,0,0,0,0,0,0,0,105,1,1,1,1,0.46183389,0.053475614,0.45914095,0.068348461,0.538546765,-0.069695124,0.46183389,0.053475614,0.459152681,0.063525438,0.452067504,0.063088005,0.46183389,0.053475614,0.43602448,1.492340905,,,1.021639557,,,1.027740836,,,0.972483508,,,1.021639557,,,1.025758309,,,1.025578689,,,1.021639557,,,0.000912564,0.000741209,0.000745661,0.000912564,0.000786932,0.00090391,0.000912564,95.98853722,-9.011462784,109.8173079,0,,0.0,85.80632962,85.80632962,,99.26833548,1,,9.951783536,9.951783536,99.26833548,0,74.01823883,74.01823883,99.26833548,1,,62.38509612,62.38509612,99.26833548,1,,69.21603246,69.21603246,99.26833548,1,,23.3064784,23.3064784,99.26833548,0,,0.464581356,0.041596478,0.506370048,-9.258160184,1.016792416,0.024564154,0.00104012,0.001069113,84.83229004,84.83229004,99.26833548,1,,94.93209512,94.93209512,100.8241119,1,,1,,,,,,,,,,0.0,7.3e-05,0.0,4.47e-05,6.31e-05,6.22e-05,2.7e-05,1.0,0.0,,,,0.0,0.0,0.0,0.0,0.0,0.0,0.0,0.0,100.8241119,0.0,1.0
193.0299988,1,1,1,1,1,0.650260104,0.349739896,0.814166335,0.5056509,0.834404796,579,772,0,0,772,0,193,965,772,1158,386,0,1351,1,1,1,1,0.771807486,-0.493795821,0.778500789,-0.613379743,0.627338568,-0.241051127,0.771807486,-0.493795821,0.778516186,-0.570314796,0.797169193,-0.539576128,0.771807486,-0.493795821,0.834404796,1.89072122,,,0.730133874,,,0.676584892,,,0.85766686,,,0.730133874,,,0.695400894,,,0.709150487,,,0.730133874,,,0.001464891,0.001257535,0.001734968,0.001464891,0.001375932,0.001515889,0.001464891,154.0854063,-424.9145937,201.7375725,-2,,-201.7375725,145.5789522,-626.4210478,,201.4389519,-3,,23.1553352,23.1553352,181.0459638,0,118.817629,-846.182371,201.7375725,-4,,109.0788274,-662.9211726,201.5671708,-3,,116.0776543,-1041.922346,201.6350225,-5,,37.41267757,-155.5873224,201.7375725,-1,,0.765155838,-0.397934254,0.683282399,-10.5248703,0.776104931,0.001226116,0.001599676,0.000128108,130.469743,-255.530257,202.1440563,-1,,11.37537536,11.37537536,182.9392258,0,,0,,,,,,,,,,-0.007619822,-0.017636002,0.0,-0.015239645,-0.015246514,-0.0227455,-0.002474245,0.0,-0.003809911,,,,0.0,0.0,0.0,0.0,0.0,0.0,0.0,0.0,0.0,0.0,1.0
107.6600037,1,1,1,1,1,0.905562225,0.094437775,0.854755273,0.73670992,0.591178968,0,0,0,0,0,0,0,0,0,0,0,0,0,1,1,1,1,0.865172093,-0.903568316,0.863242274,-1.062894338,0.82286244,-0.87287374,0.865172093,-0.903568316,0.863493562,-0.989996198,0.858717698,-0.807798409,0.865172093,-0.903568316,0.591178968,1.647495393,0.0,0.0,0.636919455,0.0,0.0,0.588218631,0.0,0.0,0.64675507,0.0,0.0,0.636919455,0.0,0.0,0.610021101,0.0,0.0,0.668112733,0.0,0.0,0.636919455,0.0,0.0,0.000797921,0.000630178,0.000743908,0.000797921,0.000695412,0.000852808,0.000797921,83.92981671,83.92981671,103.965111,1,0.0,0.0,72.95282386,72.95282386,0.0,103.965111,1,0.0,9.928389283,9.928389283,103.965111,0,64.7195738,64.7195738,103.965111,1,0.0,55.12971425,55.12971425,103.965111,1,0.0,65.30290923,65.30290923,103.965111,1,0.0,20.37856308,20.37856308,103.965111,0,0.0,0.867023413,-0.76828919,0.892314345,-12.02155994,0.681422241,0.0024742,0.000934236,0.000155289,76.19633947,76.19633947,103.965111,1,0.0,13.78894695,13.78894695,104.6621979,0,0.0,1,0.0,0.0,0.0,0.0,0.0,0.0,0.0,0.0,0.0,0.012756808,0.017652256,0.0,0.012756808,0.015313945,0.01019591,0.009222942,0.0,0.0,0.0,0.0,0.0,0.0,0.0,0.0,0.0,0.0,0.0,0.0,0.0,0.0,0.0,1.0
0.372700006,0,0,0,0,0,0.555022009,0.444977991,0.767265469,0.673084973,0.565160932,0,0,0,0,0,0,0,0,0,0,0,0,0,0,0,0,0,0.708596563,-0.336048934,0.718055342,-0.425420052,0.654101395,-0.298993107,0.708596563,-0.336048934,0.717554635,-0.394285949,0.743475519,-0.390250389,0.708596563,-0.336048934,0.565160932,1.621477357,0.0,0.0,0.850079748,0.0,0.0,0.814141136,0.0,0.0,0.865442246,0.0,0.0,0.850079748,0.0,0.0,0.82648521,0.0,0.0,0.828098874,0.0,0.0,0.850079748,0.0,0.0,0.0,0.0,0.0,0.0,0.0,0.0,0.0,0.0,0.0,0.363188012,0,0.0,0.0,0.0,0.0,0.0,0.363188012,0,0.0,0.0,0.0,0.363188012,0,0.0,0.0,0.363188012,0,0.0,0.0,0.0,0.363188012,0,0.0,0.0,0.0,0.363188012,0,0.0,0.0,0.0,0.363188012,0,0.0,0.6994919,-0.265941546,0.59516786,-9.893961395,0.879378764,0.008378182,0.0,0.0,0.0,0.0,0.363188012,0,0.0,0.0,0.0,0.365725956,0,0.0,0,0.0,0.0,0.0,0.0,0.0,0.0,0.0,0.0,0.0,0.0,0.0,0.0,0.0,0.0,0.0,0.0,0.0,0.0,0.0,0.0,0.0,0.0,0.0,0.0,0.0,0.0,0.0,0.0,0.0,0.0,0.0,0.0
111.0,1,1,1,1,1,0.687015945,0.312984055,0.665912177,0.531894484,0.660060959,0,0,0,0,0,0,3441,0,0,0,0,555,0,1,1,1,1,0.670265196,-0.260587718,0.669379492,-0.308977714,0.616872559,-0.219437179,0.670265196,-0.260587718,0.669594997,-0.287694999,0.667549933,-0.239525251,0.670265196,-0.260587718,0.660060959,1.716377384,0.0,0.0,0.868685936,0.0,0.0,0.846271818,0.0,0.0,0.888213219,0.0,0.0,0.868685936,0.0,0.0,0.856057774,0.0,0.0,0.878626533,0.0,0.0,0.868685936,0.0,0.0,0.001251916,0.001068087,0.001208453,0.001251916,0.001149819,0.001307414,0.001251916,131.6835345,131.6835345,104.3008173,1,0.0,-3410.430972,123.6474876,123.6474876,0.0,104.3008173,1,0.0,16.12832786,16.12832786,104.3008173,0,101.5432008,101.5432008,104.3008173,1,0.0,91.15342037,91.15342037,104.3008173,1,0.0,100.1139583,100.1139583,104.3008173,1,0.0,31.97339539,-3409.026605,117.601068,-29,0.0,0.671070966,-0.219797947,0.681409604,-10.51146091,0.88804013,0.003418825,0.001374494,0.000249701,112.103865,112.103865,104.3008173,1,0.0,22.17228831,-532.8277117,109.1050888,-5,0.0,0,0.0,0.0,0.0,0.0,0.0,0.0,0.0,0.0,0.0,0.001061031,0.001491675,0.0,0.001061031,0.001293256,0.000896443,0.000754862,-5.0,-0.030769888,0.0,0.0,0.0,0.0,0.0,0.0,0.0,0.0,0.0,0.0,0.0,-545.5254438,0.0,0.0
5.679999828,1,1,1,1,1,0.664974619,0.335025381,0.775206612,0.37006237,0.488639215,0,136,0,0,136,0,0,0,0,0,0,256,136,1,1,1,1,0.74790391,-0.427762349,0.751908067,-0.522813548,0.537609478,-0.067985799,0.74790391,-0.427762349,0.752418531,-0.48755554,0.764254404,-0.44216564,0.74790391,-0.427762349,0.488639215,1.54495564,,,0.830211686,,,0.796585044,,,0.970859521,,,0.830211686,,,0.808896489,,,0.82502637,,,0.830211686,,,0.000834869,0.000659927,0.000858049,0.000834869,0.000712919,0.000827885,0.000834869,87.81618698,87.81618698,4.553260318,19,,22.76630159,76.39673394,-59.60326606,,6.71573664,-9,,11.45174716,11.45174716,4.553260318,3,67.71641375,67.71641375,4.553260318,15,,56.51761685,56.51761685,4.553260318,12,,63.3944394,63.3944394,4.553260318,14,,21.32219247,21.32219247,4.553260318,5,,0.743691725,-0.349773704,0.687696976,-10.55647912,0.858859544,0.010132393,0.000973484,0.000501335,79.39745393,79.39745393,4.553260318,17,,44.51612436,-211.4838756,5.432616325,-39,,1,,,,,,,,,,0.054322374,-0.038437595,0.000216659,0.042886084,0.044570701,0.042767912,0.032496999,-39.0,0.014295361,,,,0.787057319,0.0,0.0,0.0,0.0,0.0,0.0,0.0,-211.8720367,0.0,1.0
74.25,1,1,1,1,1,0.792717087,0.207282913,0.907282133,0.821682712,0.445295958,0,0,148,0,148,0,0,0,0,0,0,0,148,1,1,1,1,0.879727801,-1.009608335,0.884321802,-1.249624393,0.837296236,-0.959341787,0.879727801,-1.009608335,0.884122682,-1.159912531,0.896421208,-1.086016314,0.879727801,-1.009608335,0.445295958,1.501612383,0.0,0.0,0.66335458,0.0,0.0,0.601684765,0.0,0.0,0.677049911,0.0,0.0,0.66335458,0.0,0.0,0.624034137,0.0,0.0,0.643065639,0.0,0.0,0.66335458,0.0,0.0,0.000605216,0.000444824,0.000532486,0.000605216,0.000490762,0.000580074,0.000605216,63.65998236,63.65998236,70.99660417,1,0.0,0.0,51.4951833,-96.5048167,0.0,75.80932038,-1,0.0,7.106692632,7.106692632,70.99660417,0,49.08919247,49.08919247,70.99660417,1,0.0,38.90582611,38.90582611,70.99660417,1,0.0,44.41858269,44.41858269,70.99660417,1,0.0,15.45694983,15.45694983,70.99660417,0,0.0,0.875217635,-0.817474308,0.817831388,-11.48825452,0.717246605,0.009368252,0.000747281,0.000417192,60.94830277,60.94830277,70.99660417,1,0.0,37.04461243,37.04461243,71.44296503,1,0.0,1,0.0,0.0,0.0,0.0,0.0,0.0,0.0,0.0,0.0,0.015926703,-0.024399393,0.0,0.015926703,0.021021829,0.018428616,0.010441629,1.0,0.0,0.0,0.0,0.0,0.0,0.0,0.0,0.0,0.0,0.0,0.0,0.0,71.44296503,0.0,1.0
147.4400024,1,1,1,1,1,0.885154062,0.114845938,0.962594509,0.685223943,0.912287783,0,0,0,0,0,0,885,1622,1327,1327,737,0,0,1,1,1,1,0.944494364,-1.922513185,0.947305275,-2.381496115,0.821426955,-0.864871411,0.944494364,-1.922513185,0.947489949,-2.219651865,0.955441712,-2.101083405,0.944494364,-1.922513185,0.912287783,1.968604208,0.0,0.0,0.271942183,0.0,0.0,0.199279622,0.0,0.0,0.556661008,0.0,0.0,0.271942183,0.0,0.0,0.222367206,0.0,0.0,0.240962049,0.0,0.0,0.271942183,0.0,0.0,0.000626376,0.000435313,0.001328741,0.000626376,0.000517166,0.000599129,0.000626376,65.88572128,65.88572128,137.5655835,0,0.0,-904.2285537,50.39417708,50.39417708,0.0,137.5655835,0,0.0,17.73372534,17.73372534,137.5655835,0,50.80549402,-1571.194506,150.7047589,-10,0.0,40.9989965,-1286.001003,150.1825717,-9,0.0,45.87769692,-1281.122303,150.2552159,-9,0.0,15.99736994,-869.0026301,150.7047589,-6,0.0,0.941594896,-1.553179547,0.902285128,-12.09295174,0.349236137,0.000277177,0.000811219,3.36e-05,66.16309499,-670.836905,151.4350495,-4,0.0,2.985894696,2.985894696,139.3268892,0,0.0,0,0.0,0.0,0.0,0.0,0.0,0.0,0.0,0.0,0.0,0.0,0.0,0.0,-0.577508898,-0.6928389,-0.620796301,-0.150772919,0.0,-0.346505339,0.0,0.0,0.0,0.0,0.0,0.0,0.0,-150.7047589,-150.1825717,-150.2552159,0.0,0.0,0.0,0.0
363.4200134,1,1,1,1,1,0.759903962,0.240096038,0.972940708,0.662201758,0.65488138,0,0,0,0,0,0,0,0,0,0,0,0,0,1,1,1,1,0.917075455,-1.405206541,0.925997089,-1.840314528,0.774053181,-0.645818654,0.917075455,-1.405206541,0.925834936,-1.707941635,0.950488843,-1.954549563,0.917075455,-1.405206541,0.65488138,1.711197805,0.0,0.0,0.470072681,0.0,0.0,0.372095336,0.0,0.0,0.706855057,0.0,0.0,0.470072681,0.0,0.0,0.399518459,0.0,0.0,0.34994772,0.0,0.0,0.470072681,0.0,0.0,0.000670484,0.00046398,0.000949864,0.000670484,0.000530161,0.00051487,0.000670484,70.52526255,70.52526255,350.1663266,0,0.0,0.0,53.71283254,53.71283254,0.0,350.1663266,0,0.0,12.67713011,12.67713011,350.1663266,0,54.38311571,54.38311571,350.1663266,0,0.0,42.02918373,42.02918373,350.1663266,0,0.0,39.42563559,39.42563559,350.1663266,0,0.0,17.12387287,17.12387287,350.1663266,0,0.0,0.908301933,-1.082195818,0.802318929,-11.37718376,0.559143761,0.002216668,0.000857724,0.000160098,69.95601985,69.95601985,350.1663266,0,0.0,14.21596211,14.21596211,353.648217,0,0.0,1,0.0,0.0,0.0,0.0,0.0,0.0,0.0,0.0,0.0,0.0,0.0,0.0,0.0,0.0,0.0,0.0,0.0,0.0,0.0,0.0,0.0,0.0,0.0,0.0,0.0,0.0,0.0,0.0,0.0,0.0,0.0,1.0
118.8000031,0,0,0,0,0,0.647058824,0.352941176,0.630720255,0.952699874,0.144724175,0,0,0,0,0,0,0,0,0,0,0,713,0,1,1,1,1,0.634311983,-0.198210105,0.633846018,-0.235572178,0.723359904,-0.475430357,0.634311983,-0.198210105,0.633670357,-0.218691737,0.632148267,-0.182387848,0.634311983,-0.198210105,0.144724175,1.2010406,0.0,0.0,0.964341512,0.0,0.0,0.957763808,0.0,0.0,0.916591572,0.0,0.0,0.964341512,0.0,0.0,0.960730085,0.0,0.0,0.967140665,0.0,0.0,0.964341512,0.0,0.0,0.000409878,0.000289721,0.000288511,0.000409878,0.000308927,0.000378016,0.000409878,43.11328576,43.11328576,115.0181329,0,0.0,0.0,33.53964067,33.53964067,0.0,115.0181329,0,0.0,3.850543923,3.850543923,115.0181329,0,33.24531839,33.24531839,115.0181329,0,0.0,24.49061404,24.49061404,115.0181329,0,0.0,28.94620718,28.94620718,115.0181329,0,0.0,10.46811309,10.46811309,115.0181329,0,0.0,0.634857684,-0.166995739,0.643394045,-10.2392657,0.969871517,0.153245485,0.000521581,0.002985778,42.54020406,42.54020406,115.0181329,0,0.0,265.1226883,-447.8773117,118.3620409,-4,0.0,1,0.0,0.0,0.0,0.0,0.0,0.0,0.0,0.0,0.0,0.0,0.0,0.0,0.0,0.0,0.0,0.0,-4.0,0.0,0.0,0.0,0.0,0.0,0.0,0.0,0.0,0.0,0.0,0.0,0.0,-473.4481638,0.0,1.0
51.54000092,1,1,1,1,1,0.755902361,0.244097639,0.822522881,0.623691921,0.158308383,0,0,155,0,155,0,0,0,0,0,0,258,155,1,1,1,1,0.80698645,-0.61188462,0.809451151,-0.741366495,0.720530572,-0.467195122,0.80698645,-0.61188462,0.80954,-0.689634811,0.816398199,-0.608239343,0.80698645,-0.61188462,0.158308383,1.214624808,0.0,0.0,0.887832725,0.0,0.0,0.86575981,0.0,0.0,0.913164544,0.0,0.0,0.887832725,0.0,0.0,0.874511965,0.0,0.0,0.888462218,0.0,0.0,0.887832725,0.0,0.0,0.000392157,0.000273944,0.000300997,0.000392157,0.000294157,0.0003622,0.000392157,41.24926911,41.24926911,49.07615662,1,0.0,0.0,31.71320417,-123.2867958,0.0,52.97521075,-2,0.0,4.017182323,4.017182323,49.07615662,0,31.80794646,31.80794646,49.07615662,1,0.0,23.31966934,23.31966934,49.07615662,0,0.0,27.73513936,27.73513936,49.07615662,1,0.0,10.01552089,10.01552089,49.07615662,0,0.0,0.804474932,-0.505245629,0.770751333,-11.15115662,0.906433555,0.114385873,0.000503972,0.002323379,41.10396636,41.10396636,49.07615662,1,0.0,206.3048645,-51.69513554,51.10180866,-1,0.0,1,0.0,0.0,0.0,0.0,0.0,0.0,0.0,0.0,0.0,0.005850044,-0.017175759,0.0,0.005850044,0.0,0.005780548,0.003988643,-1.0,0.0,0.0,0.0,0.0,0.0,0.0,0.0,0.0,0.0,0.0,0.0,0.0,-51.10180866,0.0,1.0
55.84999847,1,1,1,1,1,0.647058824,0.352941176,0.873060088,0.027626622,0.504903277,670,726,0,0,726,0,335,503,447,56,223,279,1396,1,1,1,1,0.798240915,-0.579664718,0.793511438,-0.671852336,0.072928276,2.013715408,0.798240915,-0.579664718,0.815339198,-0.715248417,0.837249865,-0.69642651,0.798240915,-0.579664718,0.504903277,1.561219702,,,0.772423951,,,0.741345651,,,2.452344532,,,0.772423951,,,0.727151934,,,0.733274404,,,0.772423951,,,0.000805081,0.000640444,0.002262477,0.000805081,0.000668319,0.000765241,0.000805081,84.68288718,-585.3171128,58.0726991,-10,,-290.3634955,74.1412617,-651.8587383,,57.94636804,-11,,30.19560103,30.19560103,55.14887148,1,65.30027803,-437.699722,58.0726991,-8,,52.98185893,-394.0181411,57.88086618,-7,,58.59754574,2.597545737,52.30832646,0,,20.56141221,-314.4385878,58.0726991,-5,,0.794005645,-0.473711381,0.66131237,-10.3675627,0.80975547,0.009868465,0.000946731,0.000507573,77.21550577,-145.7844942,58.32106891,-2,,45.06999932,-233.9300007,54.29794242,-4,,0,,,,,,,,,,-0.052501748,-0.077581893,0.063360152,-0.042001398,-0.055954095,0.0,-0.007012577,-4.0,-0.026250874,,,,-0.776722102,0.0,0.0,0.0,0.0,0.0,0.0,0.0,-217.1917697,0.0,1.0
29.37999916,1,1,1,1,1,0.473789516,0.526210484,0.466374851,0.198409376,0.726056025,0,29,0,0,29,0,0,852,558,1028,852,0,29,1,1,1,1,0.467582373,0.045365705,0.466901898,0.055270243,0.316360986,0.368620608,0.467582373,0.045365705,0.467543981,0.050381759,0.466704654,0.043665663,0.467582373,0.045365705,0.726056025,1.78237245,,,1.026565636,,,1.032458837,,,1.237437307,,,1.026565636,,,1.029545972,,,1.025557498,,,1.026565636,,,0.00168321,0.001515405,0.001965247,0.00168321,0.001608361,0.001757614,0.00168321,177.0493853,177.0493853,25.11910494,7,,50.23820987,175.4313715,146.4313715,,25.11910494,6,,26.22868956,26.22868956,26.47480503,1,136.5255067,-715.4744933,34.58215879,-21,,127.5049857,-430.4950143,34.58215879,-12,,134.5875425,-893.4124575,34.58215879,-26,,42.98844209,42.98844209,25.11910494,2,,0.467999993,0.03755545,0.47077062,-9.003264715,1.021942263,0.005497869,0.001768695,0.000461725,144.2549439,-707.7450561,34.58215879,-20,,40.99898111,40.99898111,26.00221296,2,,1,,,,,,,,,,0.000225099,0.000286387,0.002123143,-0.000675297,-0.000475935,-0.000774593,-0.000440754,2.0,6.43e-05,,,,0.001025885,0.0,0.0,0.0,0.0,0.0,0.0,0.0,52.00442593,0.0,1.0
414.6799927,1,1,0,1,1,0.639055622,0.360944378,0.62315957,0.704897447,0.588755356,0,0,0,0,0,0,0,0,0,0,0,0,0,1,1,1,1,0.626573839,-0.18557678,0.626032971,-0.220372121,0.655384869,-0.301882611,0.626573839,-0.18557678,0.625997018,-0.204816521,0.624489035,-0.170732199,0.626573839,-0.18557678,0.588755356,1.645071781,0.0,0.0,0.911761209,0.0,0.0,0.896104969,0.0,0.0,0.860473603,0.0,0.0,0.911761209,0.0,0.0,0.903070739,0.0,0.0,0.918523527,0.0,0.0,0.911761209,0.0,0.0,0.001136502,0.000954389,0.000983775,0.001136502,0.001023432,0.001165998,0.001136502,119.5435843,119.5435843,399.784862,0,0.0,0.0,110.4852118,110.4852118,0.0,399.784862,0,0.0,13.1297104,13.1297104,399.784862,0,92.18189823,92.18189823,399.784862,0,0.0,81.13393584,81.13393584,399.784862,0,0.0,89.28511451,89.28511451,399.784862,0,0.0,29.02575709,29.02575709,399.784862,0,0.0,0.627136358,-0.156408528,0.63523248,-10.18082808,0.92509609,0.00629592,0.001262798,0.000393007,102.993918,102.993918,399.784862,0,0.0,34.89708769,34.89708769,403.9575305,0,0.0,1,0.0,0.0,0.0,0.0,0.0,0.0,0.0,0.0,0.0,0.0,0.0,0.0,0.0,0.0,0.0,0.0,0.0,0.0,0.0,0.0,0.0,0.0,0.0,0.0,0.0,0.0,0.0,0.0,0.0,0.0,0.0,1.0
1258.579956,0,0,0,0,0,0.103641457,0.896358543,0.107816712,0.036437247,2.789667217,0,1259,2517,0,3776,0,0,0,1259,0,1259,0,3776,1,1,1,1,0.106762158,1.127761462,0.106789183,1.345243313,0.063120339,2.254028855,0.106762158,1.127761462,0.106984594,1.248601409,0.107362021,1.051327726,0.106762158,1.127761462,1.054172542,2.110488966,0.0,0.0,2.321810353,0.0,0.0,2.731330014,0.0,0.0,5.384790806,0.0,0.0,2.321810353,0.0,0.0,2.541120023,0.0,0.0,2.19297122,0.0,0.0,2.321810353,0.0,0.0,0.00678506,0.007882101,0.009947221,0.00678506,0.007809258,0.007075837,0.00678506,713.6904134,713.6904134,1173.778246,1,0.0,0.0,912.4741623,-2863.525838,0.0,1448.975082,-2,0.0,132.7581909,132.7581909,1216.590892,0,550.3376653,550.3376653,1173.778246,0,0.0,619.0893282,-639.9106718,1448.975082,0,0.0,541.8251652,541.8251652,1165.215286,0,0.0,173.2874642,173.2874642,1173.778246,0,0.0,0.106652779,0.946745869,0.104267401,-6.379065018,2.028188644,0.00852588,0.005789213,0.001338235,472.1687385,-786.8312615,1448.975082,-1,0.0,118.8287938,118.8287938,1062.38526,0,0.0,1,0.0,0.0,0.0,0.0,0.0,0.0,0.0,0.0,0.0,0.019872592,-0.056552487,0.0,0.0,0.0,0.0,-0.014005121,0.0,0.0,0.0,0.0,0.0,201.4540807,0.0,0.0,0.0,0.0,0.0,0.0,0.0,0.0,0.0,1.0
405.980011,1,1,1,1,1,0.338535414,0.661464586,0.579387187,0.083717036,0.749576345,406,812,4466,0,5278,0,0,2842,3654,2030,2436,0,5684,1,1,1,1,0.500592729,-0.000826858,0.510699898,-0.01781503,0.173968067,0.890903087,0.500592729,-0.000826858,0.512602319,-0.019510125,0.545537827,-0.059895573,0.500592729,-0.000826858,0.749576345,1.805892769,,,0.999511401,,,0.989525579,,,1.693119685,,,0.999511401,,,0.988534675,,,0.965217724,,,0.999511401,,,0.001714001,0.001530603,0.002837428,0.001714001,0.001627525,0.001737431,0.001714001,180.2881648,-225.7118352,427.7926241,-1,,0.0,177.1908229,-5100.809177,,427.7926241,-12,,37.86904824,37.86904824,394.6085981,0,139.0229795,-2702.977021,427.7926241,-6,,129.0242185,-3524.975782,427.7926241,-8,,133.0420329,-1896.957967,427.7926241,-4,,43.77483334,43.77483334,377.4727856,0,,0.490044306,0.011651626,0.37418768,-8.311721209,1.006910521,0.00735272,0.001811655,0.000648201,147.7587146,-2288.241285,427.7926241,-5,,57.55709347,57.55709347,384.188942,0,,1,,,,,,,,,,-1.07e-08,-5.95e-05,0.0,-6.41e-08,-4.76e-05,-0.000224217,-1.06e-05,0.0,0.0,,,,0.0,0.0,0.0,0.0,0.0,0.0,0.0,0.0,0.0,0.0,1.0
92.90000153,0,0,0,0,0,0.144457783,0.855542217,0.143653004,0.261615739,0.556490099,0,0,0,0,0,0,0,0,0,0,0,0,0,1,1,1,1,0.143864904,0.846360622,0.143876447,1.009725476,0.171381534,0.905997831,0.143864904,0.846360622,0.143814076,0.939162554,0.143748694,0.793686338,0.143864904,0.846360622,0.556490099,1.612806524,0.0,0.0,1.498612878,0.0,0.0,1.620321176,0.0,0.0,1.541945726,0.0,0.0,1.498612878,0.0,0.0,1.566583313,0.0,0.0,1.46135326,0.0,0.0,1.498612878,0.0,0.0,0.001745652,0.001594222,0.001625386,0.001745652,0.001640002,0.001722468,0.001745652,183.6173834,183.6173834,91.57682418,2,0.0,0.0,184.5556934,184.5556934,0.0,91.66826291,2,0.0,21.69282433,21.69282433,91.61910521,0,141.5901912,141.5901912,91.57682418,2,0.0,130.0133097,130.0133097,91.63368487,1,0.0,131.8962605,131.8962605,91.50224268,1,0.0,44.58318361,44.58318361,91.57682418,0,0.0,0.143879551,0.709776941,0.144380492,-6.666278762,1.403903025,0.041323654,0.001807227,0.002397178,147.3976165,147.3976165,91.52665158,2,0.0,212.8578656,212.8578656,90.71151897,2,0.0,1,0.0,0.0,0.0,0.0,0.0,0.0,0.0,0.0,0.0,0.022385197,0.031860798,0.0,0.022385197,0.013781661,0.009842781,0.015743228,1.388727267,0.0,0.0,0.0,0.0,0.005256115,0.0,0.0,0.0,0.0,0.0,0.0,0.0,90.71151897,0.0,1.0
82.95999908,0,0,0,0,0,0.563039724,0.436960276,0.3693086,0.752665245,0.209118877,0,0,0,0,0,0,0,0,0,0,0,166,0,1,1,1,1,0.399134281,0.145165663,0.393777092,0.1830355,0.521419469,-0.038608198,0.399134281,0.145165663,0.393899611,0.169958713,0.380323471,0.163516186,0.399134281,0.145165663,0.209118877,1.265435302,0.0,0.0,1.034764997,0.0,0.0,1.04403135,0.0,0.0,0.990952186,0.0,0.0,1.034764997,0.0,0.0,1.040822255,0.0,0.0,1.039244862,0.0,0.0,1.034764997,0.0,0.0,0.000525822,0.000389212,0.0003864,0.000525822,0.00041253,0.000493935,0.000525822,55.30893679,55.30893679,79.65884641,1,0.0,0.0,45.05730737,45.05730737,0.0,79.97184073,1,0.0,5.156988666,5.156988666,79.56573189,0,42.64957266,42.64957266,79.65884641,1,0.0,32.70386998,32.70386998,79.92725687,0,0.0,37.82259759,37.82259759,79.73255469,0,0.0,13.42927581,13.42927581,79.65884641,0,0.0,0.404641347,0.114716272,0.499662787,-9.210135519,1.027374035,0.11438162,0.000644906,0.002703805,52.59855884,52.59855884,79.61957612,1,0.0,240.084848,74.084848,80.05284917,1,0.0,1,0.0,0.0,0.0,0.0,0.0,0.0,0.0,0.0,0.0,0.000329267,0.000523469,0.0,0.000329267,0.0,0.0,0.000205622,1.0,0.0,0.0,0.0,0.0,0.0,0.0,0.0,0.0,0.0,0.0,0.0,0.0,80.05284917,0.0,1.0
23.10000038,1,1,1,1,1,0.787515006,0.212484994,0.837246319,0.572624529,0.60723502,601,624,0,0,624,0,69,808,601,762,185,439,1225,1,1,1,1,0.825740771,-0.689149904,0.827433159,-0.831309482,0.706925183,-0.429048286,0.825740771,-0.689149904,0.827687563,-0.774151064,0.832683822,-0.675663157,0.825740771,-0.689149904,0.60723502,1.663551445,,,0.70416251,,,0.655013847,,,0.803831057,,,0.70416251,,,0.674348759,,,0.70901261,,,0.70416251,,,0.000911913,0.000729504,0.000962085,0.000911913,0.000799186,0.000938484,0.000911913,95.92013724,-505.0798628,23.68798303,-21,,-47.37596606,84.45125975,-539.5487403,,23.65450007,-23,,12.84023723,12.84023723,22.27129366,1,73.96549455,-734.0345054,23.68798303,-31,,63.35650983,-537.6434902,23.66956566,-23,,71.86348152,-690.1365185,23.67983016,-29,,23.28987056,-45.71012944,23.68798303,-2,,0.823931887,-0.571285649,0.798473272,-11.34964848,0.747696195,0.003099677,0.001054962,0.000201657,86.04276637,-98.95723363,23.80716942,-4,,17.90613608,-421.0938639,22.62146822,-19,,0,,,,,,,,,,-0.155835615,-0.248355242,0.002876288,-0.230043051,-0.215376985,-0.206860943,-0.020397956,-19.0,-0.014841487,,,,-2.117349761,0.0,0.0,0.0,0.0,0.0,0.0,0.0,-429.8078962,0.0,1.0
114.9199982,0,0,0,0,0,0.75,0.25,0.736842105,0.95,-1.676158229,0,0,0,0,0,0,0,0,0,0,0,1609,0,1,1,1,1,0.739747826,-0.407214595,0.739365869,-0.484733029,0.805535656,-0.782435888,0.739747826,-0.407214595,0.739231363,-0.450291543,0.737996985,-0.377530573,0.739747826,-0.407214595,-0.056316425,1.0,0.0,0.0,1.0,0.0,0.0,1.0,0.0,0.0,1.0,0.0,0.0,1.0,0.0,0.0,1.0,0.0,0.0,1.0,0.0,0.0,1.0,0.0,0.0,0.000227163,0.000145349,0.000148525,0.000227163,0.000154415,0.000196845,0.000227163,23.89422591,23.89422591,106.9999868,0,0.0,0.0,16.82634043,16.82634043,0.0,106.9999868,0,0.0,1.982255807,1.982255807,106.9999868,0,18.42520546,18.42520546,106.9999868,0,0.0,12.24146475,12.24146475,106.9999868,0,0.0,15.07322606,15.07322606,106.9999868,0,0.0,5.801632948,5.801632948,106.9999868,0,0.0,0.740190904,-0.342451854,0.747052092,-10.98146768,1.0,1.0,0.000312641,0.009890513,25.49899147,25.49899147,106.9999868,0,0.0,878.2299542,-730.7700458,113.718709,-6,0.0,1,0.0,0.0,0.0,0.0,0.0,0.0,0.0,0.0,0.0,0.0,0.0,0.0,0.0,0.0,0.0,0.0,-6.0,0.0,0.0,0.0,0.0,0.0,0.0,0.0,0.0,0.0,0.0,0.0,0.0,-682.3122539,0.0,1.0
405.2399902,0,0,0,0,0,0.165266106,0.834733894,0.102666136,0.234407702,0.653417228,0,0,0,0,0,0,0,0,0,0,0,0,0,1,1,1,1,0.11186882,1.080487943,0.11020486,1.307080759,0.15133884,1.036322825,0.11186882,1.080487943,0.110242708,1.214815195,0.106047281,1.063164689,0.11186882,1.080487943,0.653417228,1.709733653,0.0,0.0,1.785156899,0.0,0.0,2.01584116,0.0,0.0,1.743368039,0.0,0.0,1.785156899,0.0,0.0,1.918514265,0.0,0.0,1.76864762,0.0,0.0,1.785156899,0.0,0.0,0.0025388,0.002505037,0.002334511,0.0025388,0.002537155,0.002593842,0.0025388,267.0451482,267.0451482,399.0617193,1,0.0,0.0,289.9964951,289.9964951,0.0,399.6116659,1,0.0,31.15698787,31.15698787,398.8481254,0,205.922625,205.922625,399.0617193,1,0.0,201.1363474,201.1363474,399.4378145,1,0.0,198.6208576,198.6208576,398.7641514,0,0.0,64.83984607,64.83984607,399.0617193,0,0.0,0.113584522,0.893521718,0.144031801,-6.663782098,1.614829364,0.02804242,0.00247087,0.002018951,201.5243454,201.5243454,398.4906925,1,0.0,179.2731571,179.2731571,388.2279284,0,0.0,1,0.0,0.0,0.0,0.0,0.0,0.0,0.0,0.0,0.0,0.018241472,0.026694689,0.0,0.018241472,0.023058999,0.0,0.012474704,0.0,0.0,0.0,0.0,0.0,0.0,0.0,0.0,0.0,0.0,0.0,0.0,0.0,0.0,0.0,1.0
475.0700073,0,0,0,0,0,0.302303263,0.697696737,0.250714967,0.378926039,0.531042205,950,0,475,0,475,0,950,950,950,950,0,475,1425,1,1,1,1,0.260378156,0.406904174,0.258715475,0.490392705,0.303937336,0.400160689,0.260378156,0.406904174,0.258731464,0.455876185,0.254378545,0.395335014,0.260378156,0.406904174,0.531042205,1.58735863,,,1.206856179,,,1.254323573,,,1.203101503,,,1.206856179,,,1.234476934,,,1.200421808,,,1.206856179,,,0.001331377,0.001158035,0.001188147,0.001331377,0.001212595,0.001333111,0.001331377,140.0416375,-809.9583625,509.2142921,-2,,-1018.428584,134.0602918,-340.9397082,,509.2142921,-1,,15.85731683,15.85731683,454.0837711,0,107.9882627,-842.0117373,509.2142921,-2,,96.13010817,-853.8698918,509.2142921,-2,,102.0816719,-847.9183281,509.2142921,-2,,34.00278299,-915.997217,509.2142921,-2,,0.26207263,0.33778931,0.28802795,-7.694808923,1.16892296,0.028565628,0.001435522,0.00156236,117.0813363,117.0813363,453.7234889,0,,138.7300294,-336.2699706,472.4048997,-1,,0,,,,,,,,,,-0.005174094,-0.003757578,0.0,-0.005174094,-0.006494472,-0.004884055,0.0,-0.925157568,-0.005174094,,,,-1.029023259,0.0,0.0,0.0,0.0,0.0,0.0,0.0,-472.4048997,0.0,1.0
71.97000122,1,1,1,1,1,0.804721889,0.195278111,0.908873856,0.767266639,0.403179312,0,0,0,0,0,0,0,360,720,360,360,0,0,1,1,1,1,0.884029102,-1.044885116,0.888123287,-1.289065851,0.820846601,-0.861664285,0.884029102,-1.044885116,0.888022042,-1.197448461,0.899082058,-1.111612759,0.884029102,-1.044885116,0.403179312,1.459495737,,,0.673638509,,,0.61423101,,,0.721958585,,,0.673638509,,,0.635880596,,,0.656855799,,,0.673638509,,,0.000557619,0.000405246,0.000505294,0.000557619,0.000446238,0.000532643,0.000557619,58.65344872,58.65344872,67.65070627,1,,0.0,46.91340286,46.91340286,,67.65070627,1,,6.743783047,6.743783047,67.65070627,0,45.2285773,-314.7714227,73.96002414,-4,,35.37609851,-684.6239015,73.8314647,-9,,40.78658373,-319.2134163,73.90166306,-4,,14.24133939,14.24133939,67.65070627,0,,0.879973429,-0.848413059,0.827664446,-11.5586602,0.725584796,0.012648391,0.000694899,0.000506973,56.67601928,-303.3239807,74.23721018,-4,,45.01679978,45.01679978,68.35691107,1,,1,,,,,,,,,,0.017059139,0.025963918,0.0,-0.068236557,-0.201639771,-0.077230183,-0.044987795,1.0,0.0,,,,0.0,0.0,0.0,0.0,0.0,0.0,0.0,0.0,68.35691107,0.0,1.0
768.5599976,1,1,1,1,1,0.693477391,0.306522609,0.860724234,0.864378401,0.883367824,769,0,769,0,769,0,0,769,769,0,769,0,1538,1,1,1,1,0.81805305,-0.655997277,0.825154255,-0.819125092,0.799708767,-0.754739741,0.81805305,-0.655997277,0.824710171,-0.759363369,0.843732116,-0.727517428,0.81805305,-0.655997277,0.883367824,1.939684249,,,0.647514088,,,0.581182175,,,0.606509978,,,0.647514088,,,0.604654917,,,0.617547907,,,0.647514088,,,0.001417837,0.001196562,0.001362496,0.001417837,0.001325348,0.001452699,0.001417837,149.1359486,-619.8640514,775.9242148,-1,,0.0,138.5204344,-630.4795656,,775.4032835,-1,,18.18422971,18.18422971,753.9133966,0,115.001026,-653.998974,775.9242148,-1,,105.0687589,-663.9312411,775.464664,-1,,111.2389728,111.2389728,753.9133966,0,,36.21092546,36.21092546,753.9133966,0,,0.811183816,-0.526834683,0.728074291,-10.84558473,0.70536403,0.00075751,0.0015682,8.7e-05,127.9025333,-641.0974667,776.278083,-1,,7.725351178,7.725351178,757.4014268,0,,1,0.010156761,0.011237512,0.005809996,0.009733042,0.010156761,0.380575545,0.010424479,0.007843962,0.010156761,-0.006723944,-0.010483842,0.0,-0.006723944,-0.009009886,0.0,-0.004336793,0.0,0.0,-0.239599729,0.239599729,0.000789645,0.0,0.0,0.0,0.0,0.0,0.0,0.0,0.0,0.0,0.0,1.0
84.34999847,0,0,0,0,0,0.010004002,0.989995998,0.023079984,0.026370866,0.435852016,169,169,0,0,169,0,0,84,0,84,0,0,338,1,1,1,1,0.017994111,3.707238012,0.018710952,4.347442557,0.016756731,4.931716155,0.017994111,3.707238012,0.018663368,4.046436471,0.02080959,3.251033149,0.017994111,3.707238012,0.435852016,1.492168441,0.0,0.0,4.409447158,0.0,0.0,5.697221705,0.0,0.0,7.198140197,0.0,0.0,4.409447158,0.0,0.0,5.050599012,0.0,0.0,3.673563859,0.0,0.0,4.409447158,0.0,0.0,0.003937114,0.00410695,0.005516627,0.003937114,0.003872881,0.003236354,0.003937114,414.1275818,245.1275818,83.99388515,3,0.0,83.99388515,475.4425113,306.4425113,0.0,84.32241054,4,0.0,73.6263357,73.6263357,84.63987545,1,319.340154,235.340154,83.99388515,3,0.0,307.0278085,307.0278085,84.15858302,4,0.0,247.820578,163.820578,83.79893256,2,0.0,100.5521682,100.5521682,83.99388515,1,0.0,0.017340941,3.159417989,0.011614075,-5.71565794,3.541304274,0.101511822,0.003621311,0.00441624,295.3544514,295.3544514,83.92030234,4,0.0,392.1408762,392.1408762,81.43351835,5,0.0,1,0.0,0.0,0.0,0.0,0.0,0.0,0.0,0.0,0.0,0.644231891,1.181266049,0.380028504,0.644231891,1.023353007,0.330288017,0.623870127,2.552245757,0.214743964,0.0,0.0,0.0,0.551321328,83.99388515,84.32241054,0.0,83.99388515,84.15858302,0.0,83.92030234,244.300555,0.0,1.0
17.45000076,1,1,1,1,1,0.612244898,0.387755102,0.585754079,0.496860611,0.297946881,0,0,0,0,0,0,0,0,0,0,0,0,0,1,1,1,1,0.59122436,-0.130533218,0.590188566,-0.153883355,0.55811257,-0.105675422,0.59122436,-0.130533218,0.5903533,-0.14334059,0.587831462,-0.117537357,0.59122436,-0.130533218,0.297946881,1.354263306,0.0,0.0,0.961188064,0.0,0.0,0.954405829,0.0,0.0,0.968461182,0.0,0.0,0.961188064,0.0,0.0,0.957462114,0.0,0.0,0.964983671,0.0,0.0,0.961188064,0.0,0.0,0.000615985,0.000466754,0.00049873,0.000615985,0.00049794,0.000591281,0.000615985,64.79268462,64.79268462,16.73191077,4,0.0,16.73191077,54.03397316,54.03397316,0.0,16.73191077,3,0.0,6.6561741,6.6561741,16.73191077,0,49.96263662,49.96263662,16.73191077,3,0.0,39.47485857,39.47485857,16.73191077,2,0.0,45.2767564,45.2767564,16.73191077,3,0.0,15.73197538,15.73197538,16.73191077,1,0.0,0.592204443,-0.110717558,0.605342467,-9.9668126,0.966981473,0.04867879,0.000742033,0.001479125,60.52027585,60.52027585,16.73191077,4,0.0,131.3392108,131.3392108,16.82898686,8,0.0,1,0.0,0.0,0.0,0.0,0.0,0.0,0.0,0.0,0.0,0.001064933,0.001110004,0.0,0.000798699,0.000642079,0.00064758,0.000766149,8.0,0.000266233,0.0,0.0,0.0,2.323409371,0.0,0.0,0.0,0.0,0.0,0.0,0.0,134.6318949,0.0,1.0
11.30000019,1,1,1,1,1,0.525810324,0.474189676,0.547950657,0.727082461,0.19812405,0,294,271,0,565,0,79,0,0,0,0,215,565,1,1,1,1,0.543083972,-0.060439082,0.544021335,-0.073698062,0.59163646,-0.16923047,0.543083972,-0.060439082,0.54383723,-0.068227523,0.546090121,-0.060631288,0.543083972,-0.060439082,0.19812405,1.254440475,0.0,0.0,0.986392517,0.0,0.0,0.983432194,0.0,0.0,0.962363738,0.0,0.0,0.986392517,0.0,0.0,0.984652519,0.0,0.0,0.98634954,0.0,0.0,0.986392517,0.0,0.0,0.000486503,0.000354042,0.000362063,0.000486503,0.000376866,0.000453724,0.000486503,51.17312436,51.17312436,10.4111678,5,0.0,-61.83183605,40.98573954,-524.0142605,0.0,12.36636721,-42,0.0,4.832192065,4.832192065,10.4111678,0,39.46038402,39.46038402,10.4111678,4,0.0,29.87652662,29.87652662,10.4111678,3,0.0,34.74349123,34.74349123,10.4111678,3,0.0,12.42508066,-66.57491934,12.36636721,-5,0.0,0.542217494,-0.049660284,0.531290601,-9.436593831,0.988805657,0.117751592,0.000604863,0.002695002,49.3326816,49.3326816,10.4111678,5,0.0,239.3032209,24.30322092,10.51657974,2,0.0,0,0.0,0.0,0.0,0.0,0.0,0.0,0.0,0.0,0.0,0.000285381,-0.003564359,0.0,0.000228305,0.000218203,0.00017232,0.000192667,2.0,-0.000285381,0.0,0.0,0.0,-0.073064554,0.0,0.0,0.0,0.0,0.0,0.0,0.0,21.03315947,0.0,1.0
231.7799988,1,1,1,1,1,0.764705882,0.235294118,0.873855949,0.372959397,0.630744512,695,464,0,0,464,0,232,232,464,464,232,464,1159,1,1,1,1,0.847029707,-0.794160757,0.850737167,-0.972166317,0.573922262,-0.135285175,0.847029707,-0.794160757,0.851564692,-0.909062401,0.863052895,-0.833565904,0.847029707,-0.794160757,0.630744512,1.687060937,,,0.660118123,,,0.601438349,,,0.931692446,,,0.660118123,,,0.621618537,,,0.646653354,,,0.660118123,,,0.000896903,0.00070852,0.00118116,0.000896903,0.000779275,0.000902121,0.000896903,94.34129947,-600.6587005,236.2868297,-3,,-236.2868297,82.02212135,-381.9778787,,235.8848303,-2,,15.76407269,15.76407269,222.9093781,0,72.74802844,-159.2519716,236.2868297,-1,,61.77807502,-402.221925,236.0007125,-2,,69.07902535,-394.9209747,236.1592795,-2,,22.90652116,-209.0934788,236.2868297,-1,,0.842974918,-0.647865775,0.787041101,-11.26779299,0.712606448,0.00275891,0.001048109,0.000189056,85.48388427,-146.5161157,236.930502,-1,,16.78724556,-447.2127544,230.664965,-2,,0,,,,,,,,,,-0.029563655,-0.029534605,0.0,-0.009854552,-0.025824827,-0.021713504,-0.006558282,-2.0,-0.009854552,,,,-0.410562498,0.0,0.0,0.0,0.0,0.0,0.0,0.0,-461.3299301,0.0,1.0
5.550000191,1,1,1,1,1,0.18967587,0.81032413,0.155988858,0.105064881,0.313538249,0,0,0,0,0,0,0,305,272,0,0,555,0,1,1,1,1,0.162171962,0.74613507,0.161004106,0.897215158,0.139938507,1.123228826,0.162171962,0.74613507,0.161152121,0.833317431,0.158302746,0.717543443,0.162171962,0.74613507,0.313538249,1.369854674,,,1.264671217,,,1.326253153,,,1.424022114,,,1.264671217,,,1.299850004,,,1.253342851,,,1.264671217,,,0.000842832,0.000679004,0.000768568,0.000842832,0.00070771,0.000801602,0.000842832,88.65380405,88.65380405,5.375831262,16,,21.50332505,78.60510611,78.60510611,,5.386005547,15,,10.25750801,10.25750801,5.405017894,2,68.36231316,-236.6376868,5.862549801,-40,,56.10462219,-215.8953778,5.862549801,-37,,61.38186545,61.38186545,5.365792256,11,,21.52556992,21.52556992,5.375831262,4,,0.163304827,0.621078272,0.179976878,-6.921152444,1.215865567,0.113254373,0.000965185,0.003590209,78.7205424,78.7205424,5.364614727,15,,318.7933118,-236.2066882,5.365585506,-44,,1,,,,,,,,,,0.139179386,0.188670712,0.039426344,-0.347948464,-0.401460372,0.088493039,0.090407395,-32.93286642,0.034794846,,,,0.092648204,0.0,0.0,0.0,0.0,0.0,0.0,0.0,-177.0643217,0.0,1.0
261.480011,1,1,1,1,1,0.766306523,0.233693477,0.777556705,0.838844705,0.829751003,0,0,2876,0,2876,0,1307,1830,1307,1046,1307,0,2876,1,1,1,1,0.775128971,-0.503760169,0.775591249,-0.602720431,0.794389454,-0.730499258,0.775128971,-0.503760169,0.775509106,-0.560074789,0.776629724,-0.476302716,0.775128971,-0.503760169,0.829751003,1.886067428,0.0,0.0,0.726415748,0.0,0.0,0.682206788,0.0,0.0,0.629079682,0.0,0.0,0.726415748,0.0,0.0,0.700918223,0.0,0.0,0.739181945,0.0,0.0,0.726415748,0.0,0.0,0.001445199,0.001255543,0.001259767,0.001445199,0.00137323,0.001565571,0.001445199,152.0141066,152.0141066,249.3807984,1,0.0,-1353.25246,145.3483564,-2730.651644,0.0,269.8969835,-10,0.0,16.81318297,16.81318297,249.3807984,0,117.2204179,-1712.779582,270.6504921,-6,0.0,108.8646643,-1198.135336,270.0536967,-4,0.0,119.8820052,-926.1179948,270.7532292,-3,0.0,36.90975605,-1270.090244,270.6504921,-5,0.0,0.774697116,-0.421411785,0.769129505,-11.13954417,0.765379705,0.000851958,0.0015661,8.82e-05,127.7312916,-1179.268708,271.3543014,-4,0.0,7.832335572,7.832335572,250.8482622,0,0.0,0,0.0,0.0,0.0,0.0,0.0,0.0,0.0,0.0,0.0,0.003965224,-0.056761237,0.0,-0.023791341,-0.019605236,-0.010634263,-0.011099243,0.0,-0.019826118,0.0,0.0,0.0,-5.217574185,0.0,0.0,0.0,0.0,0.0,0.0,0.0,0.0,0.0,1.0
73.11000061,1,1,1,1,1,0.703481393,0.296518607,0.868682849,0.032231059,0.643455517,658,0,585,0,585,0,0,731,585,950,219,366,1243,1,1,1,1,0.814736051,-0.642352058,0.808795381,-0.738334043,0.084465808,1.785447455,0.814736051,-0.642352058,0.828165411,-0.776561311,0.84244336,-0.721177109,0.814736051,-0.642352058,0.643455517,1.699771942,,,0.711226759,,,0.675919126,,,2.578400701,,,0.711226759,,,0.662349984,,,0.682099188,,,0.711226759,,,0.000991473,0.000820538,0.003370949,0.000991473,0.000855673,0.000978695,0.000991473,104.2886624,-553.7113376,74.5981552,-7,,0.0,94.98989809,-490.0101019,,74.52635039,-7,,44.98956553,44.98956553,72.18082523,1,80.41859313,-650.5814069,74.5981552,-9,,67.83458642,-517.1654136,74.51998731,-7,,74.94255888,-875.0574411,74.52620267,-12,,25.3217887,25.3217887,70.26104684,0,,0.812692774,-0.531852564,0.709026715,-10.70920218,0.754164593,0.003409572,0.001134162,0.000240225,92.50236489,-126.4976351,74.70715398,-2,,21.33079226,-344.6692077,72.68713798,-5,,1,,,,,,,,,,-0.045129893,-0.059624377,0.049809728,-0.058024148,-0.065958317,-0.097518079,-0.008839598,-5.0,0.0,,,,0.046012459,0.0,0.0,0.0,0.0,0.0,0.0,0.0,-363.4356899,0.0,1.0
536.0800171,0,0,0,0,0,0.081232493,0.918767507,0.029844807,0.079531185,1.087336463,1072,0,4825,0,4825,0,0,2680,3216,2680,4825,536,5897,1,1,1,1,0.034590647,2.636601126,0.033679443,3.19684448,0.051971511,2.601044538,0.034590647,2.636601126,0.033711572,2.970420894,0.031518718,2.610918518,0.034590647,2.636601126,1.054172542,2.110488966,,,7.165868099,,,10.88935805,,,6.978062487,,,7.165868099,,,9.195054258,,,7.029716427,,,7.165868099,,,0.02094092,0.031424625,0.009947221,0.02094092,0.028257836,0.02268207,0.02094092,2202.682643,1130.682643,527.0709242,2,,527.0709242,3637.882576,-1187.117424,,584.4973852,-2,,132.7581909,132.7581909,526.8493734,0,1698.522497,-981.4775028,584.4973852,-2,,2240.177525,-975.8224748,584.4973852,-2,,1736.856932,-943.1430684,584.4973852,-2,,534.8219374,534.8219374,527.0709242,1,,0.035547481,2.174825705,0.057291179,-6.042710571,5.075474775,0.010960917,0.014487313,0.001720442,1181.586599,-3643.413401,584.4973852,-6,,152.766941,-383.233059,522.7116111,-1,,1,,,,,,,,,,0.217239547,-0.319369207,0.0,-0.217239547,-0.275731259,-0.213027985,-0.443425017,-0.570536735,0.108619773,,,,168.4348773,0.0,0.0,0.0,0.0,0.0,0.0,0.0,-522.7116111,0.0,1.0
184.9199982,0,0,0,0,0,0.655062025,0.344937975,0.599283725,0.968606111,0.558336869,0,0,0,0,0,0,0,0,0,0,0,0,0,1,1,1,1,0.610669093,-0.160317675,0.608838008,-0.187874441,0.715789161,-0.453635284,0.610669093,-0.160317675,0.608726551,-0.174475469,0.603678894,-0.140064888,0.610669093,-0.160317675,0.558336869,1.614653293,0.0,0.0,0.926064451,0.0,0.0,0.913917979,0.0,0.0,0.80465163,0.0,0.0,0.926064451,0.0,0.0,0.919803948,0.0,0.0,0.935094276,0.0,0.0,0.926064451,0.0,0.0,0.001082952,0.000903324,0.000852183,0.001082952,0.000967333,0.00110691,0.001082952,113.9109112,113.9109112,175.4094271,1,0.0,0.0,104.5736105,104.5736105,0.0,175.4094271,1,0.0,11.37346128,11.37346128,175.4094271,0,87.83845731,87.83845731,175.4094271,1,0.0,76.68664181,76.68664181,175.4094271,0,0.0,84.7605327,84.7605327,175.4094271,0,0.0,27.65811698,27.65811698,175.4094271,0,0.0,0.612577551,-0.136963265,0.640966281,-10.22188267,0.936484906,0.00746514,0.001209617,0.00043489,98.65650681,98.65650681,175.4094271,1,0.0,38.61610485,38.61610485,177.0103536,0,0.0,1,0.0,0.0,0.0,0.0,0.0,0.0,0.0,0.0,0.0,0.00040159,0.000551513,0.0,0.00040159,0.0,0.0,0.000293108,0.0,0.0,0.0,0.0,0.0,0.0,0.0,0.0,0.0,0.0,0.0,0.0,0.0,0.0,0.0,1.0
852.9500122,0,0,0,0,0,0.394957983,0.605042017,0.498209312,0.890330682,1.078066224,0,0,8530,0,8530,0,2559,4265,2559,3412,4265,0,8530,1,1,1,1,0.471662636,0.039626129,0.476213739,0.039657188,0.536833776,-0.066571978,0.471662636,0.039626129,0.475740877,0.037604982,0.487658004,0.0161396,0.471662636,0.039626129,1.054172542,2.110488966,0.0,0.0,1.030039895,0.0,0.0,1.030063791,0.0,0.0,0.951492077,0.0,0.0,1.030039895,0.0,0.0,1.028486085,0.0,0.0,1.012127938,0.0,0.0,1.030039895,0.0,0.0,0.0030101,0.002972569,0.003021176,0.0030101,0.003160698,0.00326573,0.0030101,316.6191405,316.6191405,772.5366843,0,0.0,-2798.672417,344.1204798,-8185.87952,0.0,932.8908055,-9,0.0,40.32139303,40.32139303,772.5366843,0,244.1498937,-4020.850106,932.8908055,-4,0.0,250.5685499,-2308.43145,932.8908055,-2,0.0,250.070034,-3161.929966,932.8908055,-3,0.0,76.87664978,-2482.12335,932.8908055,-3,0.0,0.467344949,0.038329105,0.416322678,-8.61341201,1.029042504,0.001606774,0.002937274,0.000252202,239.5643534,-4025.435647,932.8908055,-4,0.0,22.39429095,22.39429095,780.7584164,0,0.0,0,0.0,0.0,0.0,0.0,0.0,0.0,0.0,0.0,0.0,0.0,-0.00022116,0.0,-9.81e-05,-4.42e-05,-1.22e-05,-9.18e-05,0.0,-7.36e-05,0.0,0.0,0.0,-55.62543932,0.0,0.0,0.0,0.0,0.0,0.0,0.0,0.0,0.0,1.0
132.5200043,1,1,1,1,1,0.448179272,0.551820728,0.485077596,0.102971955,0.120652529,0,0,0,0,0,0,0,0,0,0,0,795,0,1,1,1,1,0.475560487,0.034154343,0.47589175,0.040195882,0.207007592,0.724288705,0.475560487,0.034154343,0.477521722,0.034835709,0.480977267,0.024891642,0.475560487,0.034154343,0.120652529,1.176968954,0.0,0.0,1.005580707,0.0,0.0,1.006571111,0.0,0.0,1.125263665,0.0,0.0,1.005580707,0.0,0.0,1.005692356,0.0,0.0,1.004064142,0.0,0.0,1.005580707,0.0,0.0,0.000398814,0.000280793,0.00032598,0.000398814,0.000298203,0.000363797,0.000398814,41.94944531,41.94944531,127.0823288,0,0.0,0.0,32.50610451,32.50610451,0.0,127.0823288,0,0.0,4.350613709,4.350613709,129.6156951,0,32.34786311,32.34786311,127.0823288,0,0.0,23.6404521,23.6404521,127.0823288,0,0.0,27.85737324,27.85737324,127.0823288,0,0.0,10.18552704,10.18552704,127.0823288,0,0.0,0.474544335,0.029841161,0.453755758,-8.881436603,1.004874232,0.235236698,0.000508962,0.004252382,41.51096444,41.51096444,127.0823288,0,0.0,377.5910471,-417.4089529,131.8250533,-3,0.0,1,0.0,0.0,0.0,0.0,0.0,0.0,0.0,0.0,0.0,0.0,0.0,0.0,0.0,0.0,0.0,0.0,-3.0,0.0,0.0,0.0,0.0,0.0,0.0,0.0,0.0,0.0,0.0,0.0,0.0,-395.47516,0.0,1.0
46.93000031,0,0,0,0,0,0.509827517,0.490172483,0.457280385,0.645876936,0.459747711,0,0,0,0,0,0,0,0,0,0,0,0,0,1,1,1,1,0.467790131,0.045073141,0.4660351,0.05672764,0.529787688,-0.053761022,0.467790131,0.045073141,0.466011115,0.05277744,0.461311053,0.05079864,0.467790131,0.045073141,0.459747711,1.516064136,0.0,0.0,1.01893272,0.0,0.0,1.023886181,0.0,0.0,0.977877466,0.0,0.0,1.01893272,0.0,0.0,1.022204553,0.0,0.0,1.021363202,0.0,0.0,1.01893272,0.0,0.0,0.000960586,0.000786527,0.000799883,0.000960586,0.000835328,0.000954957,0.000960586,101.0398232,101.0398232,43.73566547,2,0.0,43.73566547,91.05260322,91.05260322,0.0,43.73566547,2,0.0,10.67545001,10.67545001,43.73566547,0,77.91336322,77.91336322,43.73566547,2,0.0,66.22172776,66.22172776,43.73566547,2,0.0,73.12490318,73.12490318,43.73566547,2,0.0,24.53295493,24.53295493,43.73566547,1,0.0,0.46958671,0.03568262,0.496183024,-9.185220072,1.014958947,0.021881108,0.001087879,0.001009583,88.72747964,88.72747964,43.73566547,2,0.0,89.64609372,89.64609372,44.29933237,2,0.0,1,0.0,0.0,0.0,0.0,0.0,0.0,0.0,0.0,0.0,6.35e-05,0.000100563,0.0,6.35e-05,8.7e-05,8.06e-05,3.98e-05,2.0,3.17e-05,0.0,0.0,0.0,0.0,0.0,0.0,0.0,0.0,0.0,0.0,0.0,88.59866474,0.0,1.0
101.0400009,1,1,1,1,1,0.912765106,0.087234894,0.945085555,0.949769778,0.203919357,0,0,0,0,0,0,0,0,0,0,0,0,0,1,1,1,1,0.937904975,-1.768741324,0.939146615,-2.142744123,0.936031943,-2.23118636,0.937904975,-1.768741324,0.939065681,-1.990127141,0.942301077,-1.75087576,0.937904975,-1.768741324,0.203919357,1.260235782,0.0,0.0,0.664242621,0.0,0.0,0.609196616,0.0,0.0,0.596861134,0.0,0.0,0.664242621,0.0,0.0,0.631085401,0.0,0.0,0.66699314,0.0,0.0,0.664242621,0.0,0.0,0.000332819,0.000223396,0.000228837,0.000332819,0.000246041,0.000312161,0.000332819,35.0078051,35.0078051,96.05614437,0,0.0,0.0,25.86156671,25.86156671,0.0,96.05614437,0,0.0,3.054115133,3.054115133,96.05614437,0,26.99505747,26.99505747,96.05614437,0,0.0,19.50521059,19.50521059,96.05614437,0,0.0,23.90338044,23.90338044,96.05614437,0,0.0,8.500063415,8.500063415,96.05614437,0,0.0,0.936688012,-1.461737297,0.920470261,-12.22315912,0.713125306,0.059178177,0.000442221,0.001377725,36.06754691,36.06754691,96.05614437,0,0.0,122.3353623,122.3353623,96.96971869,1,0.0,1,0.0,0.0,0.0,0.0,0.0,0.0,0.0,0.0,0.0,0.0,0.0,0.0,0.0,0.0,0.0,0.0,1.0,0.0,0.0,0.0,0.0,0.0,0.0,0.0,0.0,0.0,0.0,0.0,0.0,96.96971869,0.0,1.0
66.83999634,1,1,1,1,1,0.693877551,0.306122449,0.922403502,0.500209293,0.259730224,0,201,802,0,1003,0,201,0,0,0,0,201,1003,1,1,1,1,0.860661546,-0.874285748,0.870259707,-1.11974444,0.656170727,-0.303657354,0.860661546,-0.874285748,0.870319924,-1.041504252,0.897384351,-1.095162762,0.860661546,-0.874285748,0.259730224,1.316046649,0.0,0.0,0.786543627,0.0,0.0,0.735269656,0.0,0.0,0.919988498,0.0,0.0,0.786543627,0.0,0.0,0.751239562,0.0,0.0,0.740250197,0.0,0.0,0.786543627,0.0,0.0,0.000457054,0.000320673,0.000421303,0.000457054,0.000348381,0.000407477,0.000457054,48.07547373,48.07547373,61.07527419,1,0.0,-206.5991149,37.12279959,-965.8772004,0.0,68.59232977,-14,0.0,5.622822315,5.622822315,61.07527419,0,37.07173793,37.07173793,61.07527419,1,0.0,27.61836162,27.61836162,61.07527419,0,0.0,31.2021226,31.2021226,61.07527419,1,0.0,11.67295619,-189.3270438,68.86637162,-3,0.0,0.851154286,-0.68538105,0.737705228,-10.9145432,0.828426003,0.049912396,0.000584049,0.00136415,47.63509877,47.63509877,61.07527419,1,0.0,121.1299714,-79.87002857,65.94541814,-1,0.0,0,0.0,0.0,0.0,0.0,0.0,0.0,0.0,0.0,0.0,0.011943368,-0.27427479,0.0,0.011943368,0.0,0.018740336,0.0073398,-1.0,-0.035830105,0.0,0.0,0.0,-0.025809776,0.0,0.0,0.0,0.0,0.0,0.0,0.0,-65.94541814,0.0,1.0
78.66999817,1,1,1,1,1,0.718687475,0.281312525,0.834858735,0.621598995,0.522319792,0,0,0,0,0,0,0,0,0,0,0,0,0,1,1,1,1,0.806496877,-0.610022697,0.811078191,-0.748959712,0.711194728,-0.440771223,0.806496877,-0.610022697,0.811051095,-0.696192811,0.823614783,-0.636926556,0.806496877,-0.610022697,0.522319792,1.578636217,0.0,0.0,0.756908603,0.0,0.0,0.71038654,0.0,0.0,0.817716899,0.0,0.0,0.756908603,0.0,0.0,0.72770851,0.0,0.0,0.747668165,0.0,0.0,0.756908603,0.0,0.0,0.000819417,0.000641553,0.000789514,0.000819417,0.000699211,0.000813357,0.000819417,86.19082932,86.19082932,75.08287963,1,0.0,0.0,74.26957278,74.26957278,0.0,75.08287963,1,0.0,10.53705208,10.53705208,75.08287963,0,66.46307543,66.46307543,75.08287963,1,0.0,55.43089275,55.43089275,75.08287963,1,0.0,62.28198635,62.28198635,75.08287963,1,0.0,20.92754781,20.92754781,75.08287963,0,0.0,0.80193249,-0.497356335,0.743583593,-10.95663289,0.796862079,0.006721965,0.000962768,0.000360227,78.52347697,78.52347697,75.08287963,1,0.0,31.98646332,31.98646332,76.06235242,0,0.0,1,0.0,0.0,0.0,0.0,0.0,0.0,0.0,0.0,0.0,0.005814495,0.008764698,0.0,0.005814495,0.007573194,0.006338679,0.003865052,0.0,0.0,0.0,0.0,0.0,0.06031419,0.0,0.0,0.0,0.0,0.0,0.0,0.0,0.0,0.0,1.0
337.4299927,1,1,1,1,1,0.528611445,0.471388555,0.694787107,0.331100879,0.579170388,675,0,675,0,675,0,675,1012,675,675,337,0,1350,1,1,1,1,0.650155227,-0.224887735,0.656975963,-0.282467409,0.465934983,0.061531388,0.650155227,-0.224887735,0.657199387,-0.263046686,0.676691159,-0.255327049,0.650155227,-0.224887735,0.579170388,1.635486813,,,0.895268697,,,0.87026531,,,1.03073257,,,0.895268697,,,0.87861953,,,0.881962521,,,0.895268697,,,0.001093863,0.00090545,0.001150533,0.001093863,0.000972694,0.001095355,0.001093863,115.0586475,-559.9413525,347.1743605,-2,,-694.3487211,104.8197639,-570.1802361,,346.5592691,-2,,15.35531002,15.35531002,325.2220911,0,88.72349443,-923.2765056,347.1743605,-3,,77.11160505,-597.888395,346.704317,-2,,83.87573598,-591.124264,346.7261172,-2,,27.93679287,-647.0632071,347.1743605,-2,,0.643317268,-0.17883945,0.56053053,-9.645954647,0.915780685,0.008693012,0.001228639,0.000531029,100.2079145,-236.7920855,348.4037308,-1,,47.15281313,47.15281313,327.6786599,0,,0,,,,,,,,,,-0.001580453,-0.00249337,0.0,-0.002370679,-0.002162299,-0.002037247,-0.000499743,0.0,-0.001580453,,,,-12.44420415,0.0,0.0,0.0,0.0,0.0,0.0,0.0,0.0,0.0,1.0
84.34999847,1,1,0,1,1,0.62665066,0.37334934,0.559490649,0.699874424,0.402462609,0,0,0,0,0,0,0,253,337,84,253,0,0,1,1,1,1,0.572837927,-0.103257621,0.570563172,-0.11923171,0.625651392,-0.237531165,0.572837927,-0.103257621,0.570591911,-0.110896769,0.564594338,-0.085504229,0.572837927,-0.103257621,0.402462609,1.458779034,,,0.961760271,,,0.955976574,,,0.914212973,,,0.961760271,,,0.958990032,,,0.96822926,,,0.961760271,,,0.000794782,0.000629478,0.000638564,0.000794782,0.000671662,0.000783692,0.000794782,83.59954868,83.59954868,81.26451349,1,,0.0,72.87171036,72.87171036,,81.26451349,1,,8.522442544,8.522442544,81.26451349,0,64.46489903,-188.535101,86.69322714,-2,,53.24689494,-283.7531051,86.68600746,-3,,60.01043131,-23.98956869,86.69322714,0,,20.29837241,20.29837241,81.26451349,0,,0.575141943,-0.089436184,0.609026721,-9.993192223,0.966792792,0.022973188,0.00092456,0.00091914,75.40722456,-177.5927754,86.69322714,-2,,81.61521075,81.61521075,81.77402443,1,,1,0.000687875,0.000756832,0.026619145,0.000632043,0.000687875,0.050398495,0.000696475,0.000553667,0.000687875,0.000166596,0.000222128,0.0,-0.000333192,-0.000576473,0.0,-0.000249963,1.0,0.0,0.034074422,0.034074422,4.59e-08,0.0,0.0,0.0,0.0,0.0,0.0,0.0,0.0,81.77402443,0.0,1.0
23.70999908,1,1,1,1,1,0.700680272,0.299319728,0.891762833,0.380493931,0.281017083,0,427,0,0,427,0,95,0,0,0,0,95,427,1,1,1,1,0.841456757,-0.764552944,0.848966038,-0.960277623,0.569901346,-0.127699834,0.841456757,-0.764552944,0.849530859,-0.896276996,0.871396317,-0.886956445,0.841456757,-0.764552944,0.281017083,1.337333508,0.0,0.0,0.800724369,0.0,0.0,0.756440575,0.0,0.0,0.963560987,0.0,0.0,0.800724369,0.0,0.0,0.770644774,0.0,0.0,0.772735494,0.0,0.0,0.800724369,0.0,0.0,0.000491541,0.00035178,0.000471262,0.000491541,0.000381095,0.000451698,0.000491541,51.70301566,51.70301566,22.86776555,2,0.0,-72.56118735,40.72392527,-386.2760747,0.0,24.14202761,-16,0.0,6.289582008,6.289582008,22.86776555,0,39.86899136,39.86899136,22.86776555,2,0.0,30.21180936,30.21180936,22.86776555,1,0.0,34.58829104,34.58829104,22.86776555,2,0.0,12.55374082,-82.44625918,24.18706245,-3,0.0,0.833775347,-0.609164209,0.737908434,-10.91599818,0.837720758,0.041876211,0.000619338,0.001214541,50.51327028,50.51327028,22.86776555,2,0.0,107.8453626,12.84536259,23.09747223,1,0.0,0,0.0,0.0,0.0,0.0,0.0,0.0,0.0,0.0,0.0,0.018266913,-0.230533278,0.0,0.018266913,0.012551757,0.024584117,0.011596282,1.0,-0.027400369,0.0,0.0,0.0,-40.67222579,0.0,0.0,0.0,0.0,0.0,0.0,0.0,23.09747223,0.0,1.0
42.40999985,1,1,1,1,1,0.768707483,0.231292517,0.773975328,0.326077857,-0.063215046,0,0,0,0,0,0,0,0,0,0,0,1527,0,1,1,1,1,0.772200492,-0.494963774,0.771720182,-0.588847736,0.519581234,-0.03528682,0.772200492,-0.494963774,0.772754589,-0.550869361,0.77306092,-0.466181294,0.772200492,-0.494963774,-0.056316425,1.0,0.0,0.0,1.0,0.0,0.0,1.0,0.0,0.0,1.0,0.0,0.0,1.0,0.0,0.0,1.0,0.0,0.0,1.0,0.0,0.0,1.0,0.0,0.0,0.000227163,0.000145349,0.000148525,0.000227163,0.000154415,0.000196845,0.000227163,23.89422591,23.89422591,40.69269007,1,0.0,0.0,16.82634043,16.82634043,0.0,40.69269007,0,0.0,1.982255807,1.982255807,40.69269007,0,18.42520546,18.42520546,40.69269007,0,0.0,12.24146475,12.24146475,40.69269007,0,0.0,15.07322606,15.07322606,40.69269007,0,0.0,5.801632948,5.801632948,40.69269007,0,0.0,0.772249891,-0.415254211,0.76805724,-11.13186665,1.0,1.0,0.000312641,0.009890513,25.49899147,25.49899147,40.69269007,1,0.0,878.2299542,-648.7700458,42.22135859,-15,0.0,1,0.0,0.0,0.0,0.0,0.0,0.0,0.0,0.0,0.0,0.003827955,0.0,0.0,0.0,0.0,0.0,0.002694313,-15.0,0.0,0.0,0.0,0.0,0.0,0.0,0.0,0.0,0.0,0.0,0.0,0.0,-633.3203788,0.0,1.0
60.72999954,1,1,1,1,1,0.62505002,0.37494998,0.699960207,0.381331101,0.461793142,0,0,0,0,0,0,0,61,61,486,61,0,0,1,1,1,1,0.68194403,-0.282434109,0.684586799,-0.343027913,0.524254652,-0.043735588,0.68194403,-0.282434109,0.684954752,-0.319702127,0.692769099,-0.284403975,0.68194403,-0.282434109,0.461793142,1.518109567,,,0.888779064,,,0.86657862,,,0.981907555,,,0.888779064,,,0.875058339,,,0.888048475,,,0.888779064,,,0.000841758,0.000669288,0.000807632,0.000841758,0.000718953,0.000834513,0.000841758,88.54080002,88.54080002,57.54969023,2,,0.0,77.48032133,77.48032133,,57.54969023,1,,10.77886619,10.77886619,57.54969023,0,68.27517401,7.27517401,57.54969023,0,,56.99599449,-4.004005508,63.37626994,0,,63.90197444,-422.0980256,63.43423841,-7,,21.498132,21.498132,57.54969023,0,,0.679142448,-0.232415799,0.640942297,-10.22171094,0.907532718,0.014020773,0.000976625,0.000650147,79.65365235,18.65365235,57.54969023,0,,57.72994667,57.72994667,58.19498888,1,,1,,,,,,,,,,0.002492782,0.001838565,0.0,0.0,0.0,-0.008846865,0.0,1.0,0.0,,,,0.017573936,0.0,0.0,0.0,0.0,0.0,0.0,0.0,58.19498888,0.0,1.0
46.24000168,1,1,1,1,1,0.720288115,0.279711885,0.697174692,0.33277522,0.234670349,0,0,185,0,185,0,0,0,0,0,0,740,185,1,1,1,1,0.701587749,-0.321385854,0.700244076,-0.380155778,0.505855799,-0.010541522,0.701587749,-0.321385854,0.701058815,-0.355288269,0.698707071,-0.295603986,0.701587749,-0.321385854,0.234670349,1.290986774,0.0,0.0,0.921194433,0.0,0.0,0.90747034,0.0,0.0,0.997311244,0.0,0.0,0.921194433,0.0,0.0,0.913252328,0.0,0.0,0.927280391,0.0,0.0,0.921194433,0.0,0.0,0.000501234,0.000366473,0.000422095,0.000501234,0.000392133,0.000474976,0.000501234,52.72259797,52.72259797,43.99451032,1,0.0,0.0,42.4248392,-142.5751608,0.0,48.09426826,-3,0.0,5.633389316,5.633389316,43.99451032,0,40.65520698,40.65520698,43.99451032,1,0.0,31.08688584,31.08688584,43.99451032,1,0.0,36.37079972,36.37079972,43.99451032,1,0.0,12.80130031,12.80130031,43.99451032,0,0.0,0.702604701,-0.271311354,0.713023347,-10.73781846,0.933051592,0.064408313,0.000621412,0.001639432,50.68237977,50.68237977,43.99451032,1,0.0,145.5736652,-594.4263348,45.25324828,-13,0.0,1,0.0,0.0,0.0,0.0,0.0,0.0,0.0,0.0,0.0,0.001613889,-0.006774301,0.0,0.001613889,0.00197234,0.001365339,0.001150154,-13.0,0.0,0.0,0.0,0.0,0.0,0.0,0.0,0.0,0.0,0.0,0.0,0.0,-588.2922276,0.0,1.0
1262.069946,0,0,0,0,0,0.370948379,0.629051621,0.315957023,0.292172457,0.755485236,0,0,0,0,0,0,0,1262,1262,0,1262,0,0,1,1,1,1,0.326407447,0.266721623,0.324524489,0.322409142,0.322055169,0.354647703,0.326407447,0.266721623,0.324665611,0.29945315,0.31990605,0.261338441,0.326407447,0.266721623,0.755485236,1.811801661,,,1.171773554,,,1.211203827,,,1.234634335,,,1.171773554,,,1.194791291,,,1.168030641,,,1.171773554,,,0.002031978,0.001898144,0.00209697,0.002031978,0.001993006,0.002128377,0.002031978,213.7347279,213.7347279,1221.846136,0,,0.0,219.7392461,219.7392461,,1224.665877,0,,27.98670232,27.98670232,1225.643839,0,164.8141392,-1097.185861,1320.895958,-1,,157.9981906,-1104.001809,1320.895958,-1,,162.9783735,162.9783735,1220.087928,0,,51.89581968,51.89581968,1221.846136,0,,0.32827096,0.220813582,0.355746117,-8.17967777,1.140234922,0.007739948,0.002071474,0.000690638,168.9496029,-1093.050397,1320.895958,-1,,61.32529004,61.32529004,1217.96033,0,,1,,,,,,,,,,0.0,0.0,0.0,-0.001111569,-0.001401128,0.0,-0.000761854,0.0,0.0,,,,0.0,0.0,0.0,0.0,0.0,0.0,0.0,0.0,0.0,0.0,1.0
6.679999828,0,0,0,0,0,0.099239696,0.900760304,0.041384799,0.549393051,0.161181226,80,0,0,0,0,0,0,60,60,53,80,728,80,1,1,1,1,0.047386052,2.150457039,0.046258477,2.608432524,0.085535448,1.766652398,0.047386052,2.150457039,0.046280889,2.424270162,0.043521621,2.134449752,0.047386052,2.150457039,0.161181226,1.217497651,0.0,0.0,1.526847092,0.0,0.0,1.67085151,0.0,0.0,1.415769266,0.0,0.0,1.526847092,0.0,0.0,1.61137953,0.0,0.0,1.522044792,0.0,0.0,1.526847092,0.0,0.0,0.000679882,0.000533712,0.000471207,0.000679882,0.000547166,0.000626007,0.000679882,71.51374526,-8.486254735,7.317458561,-1,0.0,19.46597178,61.78535169,61.78535169,0.0,6.516140747,9,0.0,6.288854118,6.288854118,6.456017727,1,55.14534995,-4.854650046,7.317458561,-1,0.0,43.37732068,-16.62267932,7.317458561,-2,0.0,47.93585958,-5.06414042,7.317458561,-1,0.0,17.36388123,17.36388123,6.488657259,3,0.0,0.048571873,1.773051384,0.074184117,-6.163665693,1.417553275,0.297305543,0.000793683,0.006091832,64.73288838,-15.26711162,7.317458561,-2,0.0,540.9253763,-187.0746237,6.574818802,-28,0.0,1,0.0,0.0,0.0,0.0,0.0,0.0,0.0,0.0,0.0,-0.072257273,0.956801283,0.048766573,-0.072257273,-0.183658932,-0.071185559,-0.098240975,-16.62096396,0.216771819,0.0,0.0,0.0,0.0,0.0,6.516140747,0.0,0.0,0.0,0.0,0.0,-111.7719196,0.0,0.0
687.5200195,1,1,1,1,1,0.869547819,0.130452181,0.946677278,0.556718292,0.81907904,0,0,688,0,688,0,0,0,0,0,0,0,688,1,1,1,1,0.928477448,-1.585024444,0.931107485,-1.947888036,0.741234213,-0.530184097,0.928477448,-1.585024444,0.93155428,-1.820217491,0.939425793,-1.688584045,0.928477448,-1.585024444,0.81907904,1.875395465,0.0,0.0,0.36909753,0.0,0.0,0.293795867,0.0,0.0,0.716490618,0.0,0.0,0.36909753,0.0,0.0,0.318354943,0.0,0.0,0.34582768,0.0,0.0,0.36909753,0.0,0.0,0.000720204,0.000528569,0.001401817,0.000720204,0.000609705,0.000717057,0.000720204,75.75506773,75.75506773,665.9668635,0,0.0,0.0,61.18992103,-626.810079,0.0,695.0575755,-1,0.0,18.70901566,18.70901566,665.9668635,0,58.415899,58.415899,665.9668635,0,0.0,48.33518879,48.33518879,665.9668635,0,0.0,54.9079051,54.9079051,665.9668635,0,0.0,18.39369472,18.39369472,665.9668635,0,0.0,0.92564964,-1.288797587,0.886152238,-11.97743864,0.444670767,0.000535855,0.000894715,5.43e-05,72.97300595,72.97300595,665.9668635,0,0.0,4.823910527,4.823910527,669.2265388,0,0.0,1,0.0,0.0,0.0,0.0,0.0,0.0,0.0,0.0,0.0,0.0,-0.059285434,0.0,0.0,0.0,0.0,0.0,0.0,0.0,0.0,0.0,0.0,0.0,0.0,0.0,0.0,0.0,0.0,0.0,0.0,0.0,0.0,1.0
110.1699982,1,1,1,1,1,0.787915166,0.212084834,0.973338639,0.966931771,0.506973502,0,0,0,0,0,0,0,661,661,881,661,661,0,1,1,1,1,0.926190177,-1.54568032,0.934037118,-2.014942103,0.90268926,-1.58093941,0.926190177,-1.54568032,0.933555629,-1.862783201,0.954574952,-2.073944438,0.926190177,-1.54568032,0.506973502,1.563289927,0.0,0.0,0.501276007,0.0,0.0,0.406463528,0.0,0.0,0.493441032,0.0,0.0,0.501276007,0.0,0.0,0.435057264,0.0,0.0,0.395888418,0.0,0.0,0.501276007,0.0,0.0,0.000524842,0.000353008,0.000457717,0.000524842,0.000401985,0.000415202,0.000524842,55.20584663,55.20584663,101.0157114,1,0.0,0.0,40.86612053,40.86612053,0.0,101.0157114,0,0.0,6.10881581,6.10881581,101.0157114,0,42.57007825,-618.4299217,113.2669969,-5,0.0,31.86785958,-629.1321404,112.5323414,-6,0.0,31.79366721,-849.2063328,112.184584,-8,0.0,13.40424502,13.40424502,101.0157114,0,0.0,0.918592753,-1.196798356,0.82640183,-11.54961974,0.58583297,0.00574007,0.000687624,0.000296685,56.08264098,-604.917359,114.0177778,-5,0.0,26.34420924,-634.6557908,108.052886,-6,0.0,1,0.0,0.0,0.0,0.0,0.0,0.0,0.0,0.0,0.0,0.03733012,0.0,0.0,-0.186650598,-0.325308867,-0.537655692,-0.111900493,-6.0,0.0,0.0,0.0,0.0,0.0,0.0,0.0,0.0,0.0,0.0,-112.184584,0.0,-648.3173158,0.0,0.0
71.90000153,0,0,0,0,0,0.931572629,0.068427371,0.545961003,0.984093763,0.464494081,360,288,0,0,288,0,72,503,503,1150,216,72,648,1,1,1,1,0.599823529,-0.143571667,0.589938697,-0.153435572,0.770594908,-0.632529771,0.599823529,-0.143571667,0.590268194,-0.143198737,0.565626266,-0.086905866,0.599823529,-0.143571667,0.464494081,1.520810506,,,0.941584225,,,0.937698459,,,0.76706484,,,0.941584225,,,0.941731452,,,0.964221044,,,0.941584225,,,0.000897207,0.000729385,0.000635536,0.000897207,0.000779259,0.000912144,0.000897207,94.37326819,-265.6267318,76.05296013,-3,,-76.05296013,84.43749974,-203.5625003,,75.93044312,-3,,8.482027995,8.482027995,66.86742735,0,72.77268001,-430.22732,76.05296013,-6,,61.77682629,-441.2231737,76.0575922,-6,,69.84653042,-1080.15347,76.67286992,-14,,22.91428331,-49.08571669,76.05296013,-1,,0.610002283,-0.133587683,0.795329221,-11.32713675,0.945533692,0.008661845,0.001022889,0.000404303,83.4269157,-132.5730843,76.34551267,-2,,35.90019525,-36.09980475,71.32122866,-1,,0,,,,,,,,,,-0.000966226,-0.001103553,0.0,-0.001932452,-0.001922426,-0.001652138,-0.000557677,-1.0,-0.000322075,,,,-0.135836587,0.0,0.0,0.0,0.0,0.0,0.0,0.0,-71.32122866,0.0,1.0
66.12000275,1,1,1,1,1,0.842737095,0.157262905,0.935535217,0.746755965,0.555576755,0,0,0,0,0,0,0,0,0,0,0,331,0,1,1,1,1,0.913637449,-1.358079625,0.91719429,-1.678583811,0.831421366,-0.922759822,0.913637449,-1.358079625,0.917190195,-1.560522412,0.926907112,-1.459658589,0.913637449,-1.358079625,0.555576755,1.61189318,0.0,0.0,0.522902662,0.0,0.0,0.448713065,0.0,0.0,0.643692474,0.0,0.0,0.522902662,0.0,0.0,0.474730487,0.0,0.0,0.498149674,0.0,0.0,0.522902662,0.0,0.0,0.000607922,0.000440486,0.000676951,0.000607922,0.000495853,0.000585915,0.000607922,63.94459186,63.94459186,62.01013414,1,0.0,0.0,50.9930223,50.9930223,0.0,62.01013414,1,0.0,9.034763466,9.034763466,62.01013414,0,49.30865923,49.30865923,62.01013414,1,0.0,39.30939434,39.30939434,62.01013414,1,0.0,44.86585481,44.86585481,62.01013414,1,0.0,15.52605438,15.52605438,62.01013414,0,0.0,0.910074113,-1.10050482,0.863314379,-11.81391728,0.591323922,0.003552602,0.000759928,0.000205654,61.97982962,61.97982962,62.01013414,1,0.0,18.26110573,-312.7388943,64.47678229,-5,0.0,1,0.0,0.0,0.0,0.0,0.0,0.0,0.0,0.0,0.0,0.028818442,0.044025681,0.0,0.028818442,0.038050472,0.033290675,0.018923607,-5.0,0.0,0.0,0.0,0.0,0.011032909,0.0,0.0,0.0,0.0,0.0,0.0,0.0,-322.3839114,0.0,1.0
215.0800018,1,1,1,1,1,0.661064426,0.338935574,0.877437326,0.250732524,0.660923305,0,0,645,0,645,0,0,0,0,0,0,0,645,1,1,1,1,0.818290487,-0.656988704,0.826524288,-0.82642037,0.440369705,0.108494351,0.818290487,-0.656988704,0.827861794,-0.775028675,0.853168241,-0.776571783,0.818290487,-0.656988704,0.660923305,1.71723973,0.0,0.0,0.701001155,0.0,0.0,0.639633112,0.0,0.0,1.060419802,0.0,0.0,0.701001155,0.0,0.0,0.657656773,0.0,0.0,0.657108262,0.0,0.0,0.701001155,0.0,0.0,0.001011993,0.000808911,0.001445722,0.001011993,0.000885114,0.000979631,0.001011993,106.4470111,106.4470111,205.3273687,1,0.0,0.0,93.64382638,-551.3561736,0.0,219.5011404,-3,0.0,19.29497995,19.29497995,205.3304956,0,82.08292908,82.08292908,205.3273687,0,0.0,70.16857948,70.16857948,205.3273687,0,0.0,75.0143009,75.0143009,205.3273687,0,0.0,25.84584616,25.84584616,205.3273687,0,0.0,0.809597481,-0.52162524,0.700897364,-10.65099521,0.754234269,0.003153675,0.001169129,0.000230764,95.35427283,95.35427283,205.3273687,0,0.0,20.49075236,20.49075236,207.1033616,0,0.0,1,0.0,0.0,0.0,0.0,0.0,0.0,0.0,0.0,0.0,0.006744284,-0.032014248,0.0,0.0,0.0,0.0,0.0,0.0,0.0,0.0,0.0,0.0,0.0,0.0,0.0,0.0,0.0,0.0,0.0,0.0,0.0,0.0,1.0
384.8900146,1,1,1,1,1,0.474189676,0.525810324,0.774373259,0.419003767,0.879619695,770,3464,0,0,3464,0,385,2694,2694,2694,1924,0,4234,1,1,1,1,0.680810112,-0.28027319,0.694996044,-0.367455774,0.514479922,-0.026080266,0.680810112,-0.28027319,0.694606626,-0.340758997,0.735226178,-0.371234833,0.680810112,-0.28027319,0.879619695,1.935936119,,,0.830982997,,,0.78447704,,,0.982919171,,,0.830982997,,,0.798434516,,,0.782521104,,,0.830982997,,,0.001807575,0.001602663,0.002190641,0.001807575,0.001736594,0.001827493,0.001807575,190.1307673,-579.8692327,409.0235511,-1,-1.0,-409.0235511,185.5328818,-3278.467118,,405.6575795,-8,0.0,29.23685794,29.23685794,358.0274138,0,146.6127618,-2547.387238,409.0235511,-6,,137.670764,-2556.329236,406.4258205,-6,,139.9384364,-2554.061564,405.4950898,-6,,46.16466455,-338.8353354,409.0235511,-1,0.0,0.667207681,-0.213880601,0.523290395,-9.379311559,0.868239572,0.002037791,0.00191929,0.000232376,156.5374333,-1767.462567,411.5551189,-4,,20.63385264,20.63385264,361.7297426,0,,0,0.13174848,0.146790266,0.055559155,0.126696546,0.13174848,4.965415733,0.133870362,0.098473974,0.13174848,-0.001227392,-0.016877968,0.0,-0.007364349,-0.01088594,-0.012920185,-0.002859057,0.0,-0.001227392,0.848650694,0.848650694,0.440194744,45.74911949,0.0,0.0,0.0,0.0,0.0,0.0,0.0,0.0,0.0,1.0
52.59000015,1,1,1,1,1,0.649059624,0.350940376,0.576601671,0.651737129,0.38694596,0,0,0,0,0,0,0,0,0,0,0,0,0,1,1,1,1,0.590910429,-0.130060899,0.588428257,-0.150732682,0.624649004,-0.235446564,0.590910429,-0.130060899,0.588514776,-0.140280608,0.582058069,-0.109478621,0.590910429,-0.130060899,0.38694596,1.443262385,0.0,0.0,0.953400571,0.0,0.0,0.94619676,0.0,0.0,0.917239393,0.0,0.0,0.953400571,0.0,0.0,0.949832325,0.0,0.0,0.960627681,0.0,0.0,0.953400571,0.0,0.0,0.000759579,0.000596943,0.000613195,0.000759579,0.000637364,0.00074702,0.000759579,79.89677973,79.89677973,50.79073567,2,0.0,0.0,69.10534591,69.10534591,0.0,50.79073567,1,0.0,8.183858244,8.183858244,50.79073567,0,61.60963689,61.60963689,50.79073567,1,0.0,50.52784243,50.52784243,50.79073567,1,0.0,57.2023439,57.2023439,50.79073567,1,0.0,19.3993223,19.3993223,50.79073567,0,0.0,0.593402047,-0.112233234,0.629856448,-10.14233515,0.95965728,0.024202857,0.000889133,0.000930761,72.51780395,72.51780395,50.79073567,1,0.0,82.64712365,82.64712365,51.01751457,2,0.0,1,0.0,0.0,0.0,0.0,0.0,0.0,0.0,0.0,0.0,0.00052862,0.000355005,0.0,0.00026431,0.000307479,0.000187275,0.000196817,2.0,0.0,0.0,0.0,0.0,0.022558294,0.0,0.0,0.0,0.0,0.0,0.0,0.0,102.0350291,0.0,1.0
147.0800018,1,1,1,1,1,0.795118047,0.204881953,0.817747712,0.726245291,0.46103295,0,0,0,0,0,0,0,0,0,0,0,0,0,1,1,1,1,0.81268403,-0.634097022,0.813482313,-0.760364566,0.775933894,-0.65317072,0.81268403,-0.634097022,0.813529902,-0.707126283,0.81576307,-0.605797784,0.81268403,-0.634097022,0.46103295,1.517349375,0.0,0.0,0.767669288,0.0,0.0,0.728297692,0.0,0.0,0.761588179,0.0,0.0,0.767669288,0.0,0.0,0.744645586,0.0,0.0,0.77678128,0.0,0.0,0.767669288,0.0,0.0,0.000725811,0.000561363,0.000625131,0.000725811,0.00061058,0.000728585,0.000725811,76.3448683,76.3448683,140.75582,1,0.0,0.0,64.98633595,64.98633595,0.0,140.75582,0,0.0,8.343164623,8.343164623,140.75582,0,58.8707033,58.8707033,140.75582,0,0.0,48.40452093,48.40452093,140.75582,0,0.0,55.79070471,55.79070471,140.75582,0,0.0,18.53690113,18.53690113,140.75582,0,0.0,0.811859251,-0.529073153,0.800353243,-11.36310926,0.802033439,0.008755978,0.000861815,0.000405265,70.28971839,70.28971839,140.75582,0,0.0,35.98560245,35.98560245,141.9931723,0,0.0,1,0.0,0.0,0.0,0.0,0.0,0.0,0.0,0.0,0.0,0.006282485,0.0,0.0,0.0,0.0,0.0,0.0,0.0,0.0,0.0,0.0,0.0,0.0,0.0,0.0,0.0,0.0,0.0,0.0,0.0,0.0,0.0,1.0
162.0599976,1,1,1,1,1,0.761904762,0.238095238,0.840031834,0.319799079,0.714306318,486,324,0,0,324,0,0,486,486,1134,486,324,810,1,1,1,1,0.821028338,-0.668566819,0.82328572,-0.809316848,0.521657998,-0.039039348,0.821028338,-0.668566819,0.824393964,-0.757815734,0.832302489,-0.673969054,0.821028338,-0.668566819,0.714306318,1.770622742,,,0.682513371,,,0.629777901,,,0.977942502,,,0.682513371,,,0.648583931,,,0.680410064,,,0.682513371,,,0.001094055,0.000900224,0.001511577,0.001094055,0.000986739,0.001137572,0.001094055,115.0787617,-370.9212383,164.775093,-2,,0.0,104.2147922,-219.7852078,,164.5246805,-1,,20.17389594,20.17389594,157.6003084,0,88.7390048,-397.2609952,164.775093,-2,,78.2250506,-407.7749494,164.6644195,-2,,87.10840839,-1046.891592,164.7677291,-6,,27.94167669,27.94167669,157.6003084,0,,0.818299324,-0.551053764,0.777474317,-11.19929386,0.72990983,0.001664039,0.001238771,0.000136371,101.0342455,-384.9657545,165.038496,-2,,12.10907894,-311.8909211,161.6545046,-2,,1,,,,,,,,,,-0.013968175,-0.010234278,0.0,-0.013968175,-0.017946396,-0.042584464,-0.009489383,-2.0,0.0,,,,0.0,0.0,0.0,0.0,0.0,0.0,0.0,0.0,-323.3090092,0.0,1.0
1.929999948,0,0,0,0,0,0.273049645,0.726950355,0.251313485,0.288801572,-0.326229123,0,0,0,0,0,0,0,0,0,0,0,10,0,0,0,0,0,0.255736553,0.418479161,0.254982886,0.501570138,0.270735849,0.492978939,0.255736553,0.418479161,0.254997285,0.466271474,0.253010125,0.398608485,0.255736553,0.418479161,-0.056316425,1.0,0.0,0.0,1.0,0.0,0.0,1.0,0.0,0.0,1.0,0.0,0.0,1.0,0.0,0.0,1.0,0.0,0.0,1.0,0.0,0.0,1.0,0.0,0.0,0.0,0.0,0.0,0.0,0.0,0.0,0.0,0.0,0.0,1.91376609,0,0.0,0.0,0.0,0.0,0.0,1.91585464,0,0.0,0.0,0.0,1.915687213,0,0.0,0.0,1.91376609,0,0.0,0.0,0.0,1.914447462,0,0.0,0.0,0.0,1.909772068,0,0.0,0.0,0.0,1.91376609,0,0.0,0.256496262,0.349377049,0.267462665,-7.547559426,1.0,1.0,0.0,0.0,0.0,0.0,1.909897877,0,0.0,0.0,-10.0,1.881748794,-5,0.0,0,0.0,0.0,0.0,0.0,0.0,0.0,0.0,0.0,0.0,0.0,0.0,0.0,0.0,0.0,0.0,0.0,-4.450441663,0.0,0.0,0.0,0.0,0.004650246,0.0,0.0,0.0,0.0,0.0,0.0,0.0,-7.526995177,0.0,1.0
187.2899933,1,1,1,1,1,0.404961985,0.595038015,0.423398329,0.168689828,0.837349248,0,375,2435,0,2810,0,0,375,562,375,375,0,2810,1,1,1,1,0.418897572,0.115424579,0.419204608,0.13717278,0.27307835,0.485956401,0.418897572,0.115424579,0.419781464,0.126583347,0.421512824,0.104529546,0.418897572,0.115424579,0.837349248,1.893665673,0.0,0.0,1.076484095,0.0,0.0,1.09153701,0.0,0.0,1.363820823,0.0,0.0,1.076484095,0.0,0.0,1.084181471,0.0,0.0,1.069021374,0.0,0.0,1.076484095,0.0,0.0,0.002171309,0.002041456,0.002776521,0.002171309,0.002158588,0.002298507,0.002171309,228.3904244,228.3904244,177.9629788,1,0.0,0.0,236.3298975,-2573.670102,0.0,196.3270169,-13,0.0,37.05617365,37.05617365,181.3655789,0,176.1153724,-198.8846276,196.3270169,-1,0.0,171.1249237,-390.8750763,196.3270169,-2,0.0,176.0058499,-198.9941501,196.3270169,-1,0.0,55.45429326,55.45429326,177.9629788,0,0.0,0.418345848,0.097493284,0.408223384,-8.555420252,1.064229296,0.004241834,0.002203677,0.000445759,179.7320691,-195.2679309,196.3270169,-1,0.0,39.58122113,39.58122113,179.6241849,0,0.0,1,0.0,0.0,0.0,0.0,0.0,0.0,0.0,0.0,0.0,0.000208169,-0.003822075,0.0,-0.000208169,-0.000500729,-0.000170725,-0.000148515,0.0,0.0,0.0,0.0,0.0,1.735256488,0.0,0.0,0.0,0.0,0.0,0.0,0.0,0.0,0.0,1.0
14.97999954,1,1,1,1,1,0.731892757,0.268107243,0.762435336,0.22938468,0.040797643,0,0,0,0,0,0,0,0,0,0,0,1019,0,1,1,1,1,0.75458238,-0.445288248,0.754638993,-0.531462212,0.41480756,0.156774848,0.75458238,-0.445288248,0.756286992,-0.499016263,0.759006146,-0.428458419,0.75458238,-0.445288248,0.040797643,1.097114068,,,0.959569319,,,0.951935883,,,1.014636467,,,0.959569319,,,0.954802847,,,0.961067263,,,0.959569319,,,0.000299278,0.000200478,0.000220365,0.000299278,0.000213688,0.000267669,0.000299278,31.47968809,31.47968809,14.35506904,2,,14.35506904,23.20837629,23.20837629,,14.35506904,2,,2.941050494,2.941050494,14.38396025,0,24.27447213,24.27447213,14.35506904,2,,16.94038536,16.94038536,14.35506904,1,,20.49645612,20.49645612,14.35506904,1,,7.64341964,7.64341964,14.35506904,1,,0.753832725,-0.371789766,0.73608075,-10.90291178,0.966128289,0.364030984,0.000397431,0.005073797,32.41449872,32.41449872,14.35506904,2,,450.5287115,-568.4712885,14.63486429,-39,,1,,,,,,,,,,0.006196301,0.008826628,0.0,0.006196301,0.003890894,0.002868385,0.004319613,-39.0,0.00309815,,,,0.000329076,0.0,0.0,0.0,0.0,0.0,0.0,0.0,-570.7597071,0.0,1.0
187.4900055,1,1,1,1,1,0.705082033,0.294917967,0.729805014,0.117622436,0.422838025,750,750,0,0,750,0,562,562,562,937,375,375,1500,1,1,1,1,0.722095403,-0.365595585,0.720653481,-0.432328453,0.255344505,0.5412517,0.722095403,-0.365595585,0.72427654,-0.411025656,0.725999557,-0.350893893,0.722095403,-0.365595585,0.422838025,1.47915445,,,0.866650129,,,0.844302968,,,1.236004663,,,0.866650129,,,0.851373405,,,0.871652324,,,0.866650129,,,0.000750977,0.00058767,0.000913852,0.000750977,0.000630345,0.000743133,0.000750977,78.99198456,-671.0080154,192.8707841,-3,,-578.6123524,68.03182141,-681.9681786,,192.6255742,-4,,12.19650106,12.19650106,183.3312631,0,60.9119354,-501.0880646,192.8707841,-3,,49.97141192,-512.0285881,192.7938677,-3,,56.90470101,-880.095299,192.8789988,-5,,19.17963369,-542.8203663,192.8707841,-3,,0.722028862,-0.306502598,0.704397937,-10.67605967,0.886932181,0.015308247,0.000883749,0.000644735,72.07861966,-302.9213803,193.1192253,-2,,57.24937764,-317.7506224,183.8183684,-2,,0,,,,,,,,,,-0.006265319,-0.011681743,0.0,-0.006265319,-0.00791916,-0.00961926,-0.002935745,-2.0,-0.006265319,,,,-2.736061854,0.0,0.0,0.0,0.0,0.0,0.0,0.0,-367.6367369,0.0,1.0
9.590000153,1,1,1,1,1,0.801886792,0.198113208,0.69094693,0.219688543,0.201854899,0,0,0,0,0,0,0,249,278,480,249,19,0,1,1,1,1,0.711326167,-0.341880086,0.706548205,-0.395779134,0.402522304,0.180638683,0.711326167,-0.341880086,0.708316342,-0.372101697,0.698349814,-0.294922563,0.711326167,-0.341880086,0.201854899,1.258171324,,,0.924487311,,,0.913114155,,,1.042357902,,,0.924487311,,,0.918092961,,,0.93451115,,,0.924487311,,,0.000460625,0.000332656,0.000396963,0.000460625,0.000355594,0.000434685,0.000460625,48.45113741,48.45113741,8.991964271,5,,8.991964271,38.51000873,38.51000873,,8.991964271,4,,5.297972147,5.297972147,9.021609808,1,37.36141798,-211.638582,10.12768756,-21,,28.19019512,-249.8098049,10.1083159,-25,,33.28559638,-446.7144036,10.14794494,-44,,11.76416914,11.76416914,8.991964271,1,,0.715455363,-0.294249612,0.76820691,-11.13293829,0.93465559,0.077553813,0.000576788,0.001794605,47.04290515,-201.9570949,10.15984539,-20,,159.3522901,140.3522901,9.061866906,15,,1,,,,,,,,,,0.009131406,0.00979007,0.000509849,-0.038351904,-0.05408581,-0.059798281,-0.027057136,15.0,0.001826281,,,,0.063267931,0.0,0.0,0.0,0.0,0.0,0.0,0.0,135.9280036,0.0,1.0
580.0200195,1,1,1,1,1,0.87715086,0.12284914,0.894946279,0.882377564,0.637834624,580,0,580,0,580,0,1160,580,580,0,580,0,1160,1,1,1,1,0.891028761,-1.106888461,0.891696686,-1.3280953,0.884684986,-1.355412329,0.891028761,-1.106888461,0.891667535,-1.234432505,0.893426885,-1.058403242,0.891028761,-1.106888461,0.637834624,1.694151049,,,0.557924625,,,0.496512005,,,0.489412956,,,0.557924625,,,0.5216438,,,0.572369291,,,0.557924625,,,0.000769004,0.00059481,0.000631218,0.000769004,0.000665019,0.000811128,0.000769004,80.88812651,-499.1118735,591.8939375,-1,,-1183.787875,68.85839456,-511.1416054,,590.7789503,-1,,8.424398246,8.424398246,558.4607886,0,62.37407966,-517.6259203,591.8939375,-1,,52.72026094,-527.2797391,591.0869942,-1,,62.11133852,62.11133852,558.4607886,0,,19.64002607,-1140.359974,591.8939375,-2,,0.890367329,-0.923223398,0.881413711,-11.94351031,0.614647384,0.001842926,0.000915326,0.000128263,74.65405454,-505.3459455,593.9586484,-1,,11.38913805,11.38913805,561.3166489,0,,0,,,,,,,,,,-0.019143782,-0.027559955,0.0,-0.019143782,-0.023809744,0.0,-0.013317835,0.0,-0.038287565,,,,-22.90125213,0.0,0.0,0.0,0.0,0.0,0.0,0.0,0.0,0.0,1.0
179.9700012,1,1,1,1,1,0.370148059,0.629851941,0.473537604,0.094600251,0.652138679,0,0,0,0,0,0,180,1620,900,720,1800,0,0,1,1,1,1,0.445558412,0.076628586,0.448901396,0.085721041,0.188549998,0.811869829,0.445558412,0.076628586,0.45031676,0.077454266,0.461939485,0.049966231,0.445558412,0.076628586,0.652138679,1.708455104,,,1.041895309,,,1.04698153,,,1.544698842,,,1.041895309,,,1.042356164,,,1.027122691,,,1.041895309,,,0.001477968,0.00129717,0.002062142,0.001477968,0.00137435,0.001502132,0.001477968,155.4609292,155.4609292,172.6869172,1,,-186.9037715,150.1673708,150.1673708,,172.6869172,1,,27.52188392,27.52188392,176.3179331,0,119.8783159,-1500.121684,186.9037715,-8,,108.9533887,-791.0466113,186.9037715,-4,,115.0242329,-604.9757671,186.9037715,-3,,37.74666115,-142.2533389,186.9037715,-1,,0.441655102,0.068969315,0.388657456,-8.415326248,1.037629974,0.011029735,0.001584177,0.000791905,129.2056259,-1670.794374,186.9037715,-9,,70.31733265,70.31733265,173.5569836,0,,0,,,,,,,,,,9.17e-05,0.000114814,0.0,-0.000733993,-0.000374948,-0.000117029,-0.00066892,0.0,-9.17e-05,,,,0.0,0.0,0.0,0.0,0.0,0.0,0.0,0.0,0.0,0.0,1.0
34.72000122,1,1,1,1,1,0.978494624,0.021505376,0.929681112,0.890809827,0.106069541,0,0,0,0,0,0,0,0,0,0,0,937,0,1,1,1,1,0.939797361,-1.810477942,0.937995381,-2.112647578,0.930247318,-2.086135155,0.939797361,-1.810477942,0.93814538,-1.967741705,0.933552365,-1.573446565,0.939797361,-1.810477942,0.106069541,1.162385966,,,0.761525795,,,0.727675453,,,0.730584276,,,0.761525795,,,0.743716429,,,0.789177517,,,0.761525795,,,0.000289414,0.000193115,0.000201098,0.000289414,0.000209784,0.000272896,0.000289414,30.44218409,30.44218409,32.53478364,1,,0.0,22.35600396,22.35600396,,32.53478364,1,,2.683900968,2.683900968,32.53478364,0,23.47443682,23.47443682,32.53478364,1,,16.63093494,16.63093494,32.53478364,1,,20.89675237,20.89675237,32.53478364,1,,7.391508679,7.391508679,32.53478364,0,,0.941560951,-1.55251019,0.966010781,-12.54923379,0.791667659,0.151322351,0.000386442,0.002612102,31.51822719,31.51822719,32.53478364,1,,231.942074,-705.057926,34.32162162,-21,,1,,,,,,,,,,0.0512161,0.069738747,0.0,0.0512161,0.060500116,0.038683345,0.037660748,-21.0,0.0,,,,0.0,0.0,0.0,0.0,0.0,0.0,0.0,0.0,-720.754054,0.0,1.0
355.6400146,0,0,0,0,0,0.073629452,0.926370548,0.027457222,0.052323148,0.875084851,0,1067,0,0,1067,0,0,0,0,711,0,0,1067,1,1,1,1,0.031776223,2.773300254,0.030944235,3.360281768,0.043646596,2.933725264,0.031776223,2.773300254,0.030978437,3.122075567,0.0289811,2.73919961,0.031776223,2.773300254,0.875084851,1.931401276,0.0,0.0,6.205979195,0.0,0.0,9.132973477,0.0,0.0,6.897177715,0.0,0.0,6.205979195,0.0,0.0,7.807564684,0.0,0.0,6.068227839,0.0,0.0,6.205979195,0.0,0.0,0.013391558,0.018484139,0.009947221,0.013391558,0.016822718,0.014047782,0.013391558,1408.598684,1408.598684,350.4487071,4,0.0,350.4487071,2139.822728,1072.822728,0.0,351.980891,3,0.0,132.7581909,132.7581909,350.6818368,0,1086.192131,1086.192131,350.4487071,3,0.0,1333.643331,1333.643331,351.3698901,4,0.0,1075.694956,364.6949561,349.8489244,1,0.0,342.0145338,342.0145338,350.4487071,1,0.0,0.032647303,2.289294525,0.05226258,-6.006705297,4.512803056,0.019179976,0.009906759,0.002168251,807.9961863,807.9961863,349.3953022,2,0.0,192.5302893,192.5302893,327.8643655,1,0.0,1,0.0,0.0,0.0,0.0,0.0,0.0,0.0,0.0,0.0,0.480699644,0.529288761,0.0,0.360524733,0.60920974,0.117237727,0.163777169,0.563757946,0.120174911,0.0,0.0,0.0,0.0,0.0,351.980891,0.0,0.0,351.3698901,0.0,0.0,327.8643655,0.0,1.0
162.0,1,1,1,1,1,0.927571028,0.072428972,0.948269001,0.64462118,0.595080291,0,0,0,0,0,0,0,0,0,0,0,0,0,1,1,1,1,0.943451403,-1.896524428,0.943954232,-2.277627822,0.807488027,-0.791999577,0.943451403,-1.896524428,0.944343636,-2.128330392,0.946307391,-1.845239319,0.943451403,-1.896524428,0.595080291,1.651396716,0.0,0.0,0.386224186,0.0,0.0,0.319018268,0.0,0.0,0.67214314,0.0,0.0,0.386224186,0.0,0.0,0.343827183,0.0,0.0,0.396288984,0.0,0.0,0.386224186,0.0,0.0,0.000487785,0.000345025,0.000780643,0.000487785,0.000395686,0.00051034,0.000487785,51.30790441,51.30790441,154.9847814,0,0.0,0.0,39.94190199,39.94190199,0.0,154.9847814,0,0.0,10.41866987,10.41866987,154.9847814,0,39.56431499,39.56431499,154.9847814,0,0.0,31.3685351,31.3685351,154.9847814,0,0.0,39.07878543,39.07878543,154.9847814,0,0.0,12.45780591,12.45780591,154.9847814,0,0.0,0.942780281,-1.57689928,0.931753752,-12.30395004,0.453388247,0.002087214,0.000625968,0.000132153,51.05397026,51.05397026,154.9847814,0,0.0,11.73451592,11.73451592,155.8165885,0,0.0,1,0.0,0.0,0.0,0.0,0.0,0.0,0.0,0.0,0.0,0.0,0.0,0.0,0.0,0.0,0.0,0.0,0.0,0.0,0.0,0.0,0.0,0.0,0.0,0.0,0.0,0.0,0.0,0.0,0.0,0.0,0.0,1.0
48.43000031,1,1,1,1,1,0.722288916,0.277711084,0.859928372,0.711176224,0.489038962,0,0,0,0,0,0,0,0,0,0,0,0,0,1,1,1,1,0.825788877,-0.689364457,0.831392192,-0.853081866,0.757185607,-0.583616119,0.825788877,-0.689364457,0.831204413,-0.792137235,0.846380068,-0.740805173,0.825788877,-0.689364457,0.489038962,1.545355386,0.0,0.0,0.740782237,0.0,0.0,0.689831982,0.0,0.0,0.775675361,0.0,0.0,0.740782237,0.0,0.0,0.708375593,0.0,0.0,0.724380591,0.0,0.0,0.740782237,0.0,0.0,0.000745597,0.00057208,0.000686272,0.000745597,0.000624972,0.000727595,0.000745597,78.42608792,78.42608792,46.24191066,2,0.0,0.0,66.22706459,66.22706459,0.0,46.24191066,1,0.0,9.159167747,9.159167747,46.24191066,0,60.47556379,60.47556379,46.24191066,1,0.0,49.5455183,49.5455183,46.24191066,1,0.0,55.71483487,55.71483487,46.24191066,1,0.0,19.04223126,19.04223126,46.24191066,0,0.0,0.820281949,-0.558063537,0.751455899,-11.01299939,0.784350466,0.00828382,0.000889712,0.000410263,72.5650108,72.5650108,46.24191066,2,0.0,36.42938348,36.42938348,46.48230618,1,0.0,1,0.0,0.0,0.0,0.0,0.0,0.0,0.0,0.0,0.0,0.01485073,0.011371073,0.0,0.007425365,0.009804397,0.00857488,0.009732341,1.0,0.0,0.0,0.0,0.0,0.0,0.0,0.0,0.0,0.0,0.0,0.0,0.0,46.48230618,0.0,0.0
268.230011,0,0,0,0,0,0.328531413,0.671468587,0.355352169,0.50648807,0.738609186,0,0,0,0,0,0,0,0,0,0,0,0,0,1,1,1,1,0.349247071,0.225917446,0.350368133,0.267243658,0.386063031,0.213465416,0.349247071,0.225917446,0.350201079,0.24877616,0.352992313,0.205663878,0.349247071,0.225917446,0.738609186,1.794925611,0.0,0.0,1.141283467,0.0,0.0,1.169209415,0.0,0.0,1.13300058,0.0,0.0,1.141283467,0.0,0.0,1.156646642,0.0,0.0,1.127841781,0.0,0.0,1.141283467,0.0,0.0,0.001916766,0.001764994,0.001851914,0.001916766,0.001858418,0.001984379,0.001916766,201.6161723,201.6161723,256.0257956,1,0.0,0.0,204.3251559,204.3251559,0.0,256.959013,1,0.0,24.71611992,24.71611992,255.428014,0,155.4693345,155.4693345,256.0257956,1,0.0,147.3285451,147.3285451,256.3944778,1,0.0,151.9518302,151.9518302,254.8175482,1,0.0,48.95337612,48.95337612,256.0257956,0,0.0,0.348191474,0.191008081,0.334881809,-8.030287239,1.118214001,0.009118722,0.001975952,0.000785967,161.1588189,161.1588189,255.0168316,1,0.0,69.7900609,69.7900609,254.7045103,0,0.0,1,0.0,0.0,0.0,0.0,0.0,0.0,0.0,0.0,0.0,0.00079748,0.001115925,0.0,0.00079748,0.000967025,0.0006609,0.000570064,0.0,0.0,0.0,0.0,0.0,0.0,0.0,0.0,0.0,0.0,0.0,0.0,0.0,0.0,0.0,1.0
58.54999924,1,1,1,1,1,0.777511004,0.222488996,0.923995225,0.398493093,0.391064558,0,878,176,0,1054,0,234,0,0,0,0,0,1054,1,1,1,1,0.887148357,-1.071773988,0.892483031,-1.336954048,0.604428559,-0.194372492,0.887148357,-1.071773988,0.893232408,-1.250908506,0.909157543,-1.218806431,0.887148357,-1.071773988,0.391064558,1.447380983,0.0,0.0,0.672808494,0.0,0.0,0.609969462,0.0,0.0,0.930651558,0.0,0.0,0.672808494,0.0,0.0,0.629688166,0.0,0.0,0.637207054,0.0,0.0,0.672808494,0.0,0.0,0.00054128,0.000389234,0.000629473,0.00054128,0.000427387,0.000500832,0.00054128,56.93480263,56.93480263,56.06147796,1,0.0,-238.4925541,45.05985556,-1008.940144,0.0,59.51277724,-17,0.0,8.401107512,8.401107512,56.06147796,0,43.90330284,43.90330284,56.06147796,1,0.0,33.88167053,33.88167053,56.06147796,1,0.0,38.35069657,38.35069657,56.06147796,1,0.0,13.82404385,-220.1759561,59.62313852,-4,0.0,0.881515823,-0.858863097,0.807151171,-11.4117831,0.727916067,0.014704938,0.000680137,0.000571499,55.47203598,55.47203598,56.06147796,1,0.0,50.74633528,50.74633528,56.5049393,1,0.0,0,0.0,0.0,0.0,0.0,0.0,0.0,0.0,0.0,0.0,0.017948429,-0.474790378,0.0,0.017948429,0.024449564,0.023210767,0.011525716,1.0,-0.071793718,0.0,0.0,0.0,-6.317107684,0.0,0.0,0.0,0.0,0.0,0.0,0.0,56.5049393,0.0,1.0
113.6200027,0,0,0,0,0,0.330132053,0.669867947,0.245125348,0.755964839,0.437098612,0,0,0,0,0,0,0,0,0,0,0,0,0,1,1,1,1,0.259693157,0.408594506,0.25717798,0.494969745,0.361991775,0.263654742,0.259693157,0.408594506,0.257158281,0.460230296,0.250589337,0.404460078,0.259693157,0.408594506,0.437098612,1.493415037,0.0,0.0,1.178064865,0.0,0.0,1.219590653,0.0,0.0,1.111535967,0.0,0.0,1.178064865,0.0,0.0,1.202716176,0.0,0.0,1.176113044,0.0,0.0,1.178064865,0.0,0.0,0.001054881,0.000882107,0.000854799,0.001054881,0.000925351,0.001039383,0.001054881,110.9582368,110.9582368,110.1286498,1,0.0,0.0,102.1174635,102.1174635,0.0,110.442134,1,0.0,11.40836349,11.40836349,109.3600526,0,85.56160462,85.56160462,110.1286498,1,0.0,73.35845501,73.35845501,110.2954904,1,0.0,79.58969083,79.58969083,110.0180645,1,0.0,26.94119344,26.94119344,110.1286498,0,0.0,0.262292941,0.337338436,0.304797022,-7.81487716,1.144874241,0.043531199,0.001173638,0.001899674,95.72202754,95.72202754,109.9243778,1,0.0,168.6818678,168.6818678,108.5072825,2,0.0,1,0.0,0.0,0.0,0.0,0.0,0.0,0.0,0.0,0.0,0.002608585,0.003828048,0.0,0.002608585,0.003309561,0.002556062,0.001778082,1.908509532,0.0,0.0,0.0,0.0,0.0,0.0,0.0,0.0,0.0,0.0,0.0,0.0,217.0145651,0.0,1.0
386.0,1,1,1,1,1,0.894357743,0.105642257,0.953442101,0.929259104,0.694664511,0,0,0,0,0,0,0,0,0,0,0,0,0,1,1,1,1,0.939995722,-1.814959827,0.942283768,-2.228989371,0.925182318,-1.972784515,0.939995722,-1.814959827,0.942165532,-2.069169491,0.948199722,-1.893231722,0.939995722,-1.814959827,0.694664511,1.750980935,0.0,0.0,0.361787869,0.0,0.0,0.286898519,0.0,0.0,0.331175489,0.0,0.0,0.361787869,0.0,0.0,0.313768624,0.0,0.0,0.346267637,0.0,0.0,0.361787869,0.0,0.0,0.00055823,0.000392201,0.000489004,0.00055823,0.000456506,0.000555239,0.00055823,58.71775115,58.71775115,375.4948702,0,0.0,0.0,45.40324875,45.40324875,0.0,375.4948702,0,0.0,6.526370087,6.526370087,375.4948702,0,45.27816189,45.27816189,375.4948702,0,0.0,36.19014738,36.19014738,375.4948702,0,0.0,42.51684751,42.51684751,375.4948702,0,0.0,14.25695232,14.25695232,375.4948702,0,0.0,0.937745087,-1.480572059,0.90807671,-12.13442005,0.436319206,0.00111666,0.000716443,8.78e-05,58.43314795,58.43314795,375.4948702,0,0.0,7.797191286,7.797191286,377.2554676,0,0.0,1,0.0,0.0,0.0,0.0,0.0,0.0,0.0,0.0,0.0,0.0,0.0,0.0,0.0,0.0,0.0,0.0,0.0,0.0,0.0,0.0,0.0,0.0,0.0,0.0,0.0,0.0,0.0,0.0,0.0,0.0,0.0,1.0
53.40000153,0,0,0,0,0,0.12404962,0.87595038,0.105053721,0.385098368,0.441073649,0,0,0,0,0,0,0,0,53,0,0,0,0,1,1,1,1,0.108701056,1.10940589,0.108110283,1.330260658,0.15168832,1.033821647,0.108701056,1.10940589,0.108069673,1.237173417,0.106449465,1.059519613,0.108701056,1.10940589,0.441073649,1.497390074,0.0,0.0,1.565011835,0.0,0.0,1.710965237,0.0,0.0,1.517976564,0.0,0.0,1.565011835,0.0,0.0,1.647857826,0.0,0.0,1.533807363,0.0,0.0,1.565011835,0.0,0.0,0.001414165,0.001250741,0.001180154,0.001414165,0.001281403,0.001369052,0.001414165,148.7497075,148.7497075,52.45672388,3,0.0,52.45672388,144.792475,144.792475,0.0,52.61808549,3,0.0,15.75063473,15.75063473,52.44879674,0,114.7031895,114.7031895,52.45672388,2,0.0,101.5849408,48.58494079,52.58344457,1,0.0,104.8337732,104.8337732,52.42723246,2,0.0,36.11714424,36.11714424,52.45672388,1,0.0,0.109321927,0.925629662,0.118977207,-6.484388701,1.453099089,0.072955835,0.001501377,0.003215223,122.4524524,122.4524524,52.42793189,2,0.0,285.4962846,285.4962846,50.80665392,6,0.0,1,0.0,0.0,0.0,0.0,0.0,0.0,0.0,0.0,0.0,0.05769288,0.082949692,0.0,0.03846192,0.023915595,0.035080682,0.026774696,3.941934078,0.01923096,0.0,0.0,0.0,0.0,0.0,0.0,0.0,0.0,0.0,0.0,0.0,203.2266157,0.0,0.0
34.09000015,1,1,1,1,1,0.87755102,0.12244898,0.988062077,0.043114274,0.439258663,818,477,443,0,920,0,545,443,545,170,409,477,1738,1,1,1,1,0.949821001,-2.066484459,0.941376753,-2.203391753,0.112054095,1.392046614,0.949821001,-2.066484459,0.960953944,-2.712184768,0.968442622,-2.609054664,0.949821001,-2.066484459,0.439258663,1.495575087,,,0.435272796,,,0.411935295,,,1.751221958,,,0.435272796,,,0.335650889,,,0.349877321,,,0.435272796,,,0.00039169,0.000299673,0.001354737,0.00039169,0.000259744,0.00031088,0.00039169,41.20013233,-776.7998677,34.56515096,-22,,-518.4772644,34.69176321,-885.3082368,,34.53273809,-26,,18.08067351,18.08067351,33.49343982,1,31.77005633,-411.2299437,34.56515096,-12,,20.59151366,-524.4084863,34.42716037,-15,,23.80531389,-146.1946861,34.43985983,-4,,10.00359024,-534.9964098,34.56515096,-15,,0.950195835,-1.742326082,0.870173621,-11.86303014,0.495937645,0.008438102,0.000510578,0.000370208,41.64278282,-367.3572172,34.64332599,-11,,32.87272805,-444.1272719,33.88001156,-13,,0,,,,,,,,,,-1.46793557,-1.972317432,0.030278028,-0.800692129,-1.724049894,-0.42544789,-0.521760968,-13.0,-1.000865161,,,,-2.095845907,-34.56515096,-69.06547618,0.0,-34.56515096,-68.85432074,0.0,-34.64332599,-440.4401503,-34.56515096,1.0
319.5299988,0,0,0,0,0,0.107643057,0.892356943,0.146040589,0.136458769,0.811453904,639,639,0,0,639,0,320,1917,639,0,1598,320,1278,1,1,1,1,0.13557463,0.898614956,0.137275121,1.058884375,0.128107552,1.226030516,0.13557463,0.898614956,0.137177748,0.98514939,0.141811552,0.804737693,0.13557463,0.898614956,0.811453904,1.867770328,,,1.753134877,,,1.937760884,,,2.151051737,,,1.753134877,,,1.850521575,,,1.653271673,,,1.753134877,,,0.003373482,0.003429861,0.004138827,0.003373482,0.003486723,0.00337608,0.003373482,354.8416329,-284.1583671,343.1426793,-1,,-343.1426793,397.059021,-241.940979,,343.1426793,-1,,55.23785297,55.23785297,307.745499,0,273.6238461,-1643.376154,343.1426793,-5,,276.4146045,-362.5853955,343.1426793,-1,,258.5199394,258.5199394,305.2250029,1,,86.15725475,-233.8427453,343.1426793,-1,,0.133938227,0.762828735,0.115027137,-6.456105804,1.610546769,0.017713605,0.003201698,0.001768972,261.1307479,-1336.869252,343.1426793,-4,,157.0762433,-162.9237567,310.6740273,-1,,0,,,,,,,,,,-0.012617326,-0.017519314,0.0,-0.063086628,-0.015164364,0.010118793,-0.03636923,-0.651270346,-0.012617326,,,,149.2849142,0.0,0.0,0.0,0.0,0.0,0.0,0.0,-310.6740273,0.0,1.0
418.2000122,0,0,0,0,0,0.411764706,0.588235294,0.579387187,0.467978234,1.009200432,418,836,0,0,836,0,0,1255,418,0,418,418,1254,1,1,1,1,0.532431068,-0.045384634,0.539936612,-0.066790382,0.476551393,0.042277252,0.532431068,-0.045384634,0.539581801,-0.061538391,0.560280044,-0.079662348,0.532431068,-0.045384634,1.009200432,2.065516856,,,0.967614875,,,0.952706459,,,1.031142173,,,0.967614875,,,0.9563429,,,0.94385237,,,0.967614875,,,0.002626864,0.00252232,0.002997344,0.002626864,0.002696135,0.002809458,0.002626864,276.3082195,-141.6917805,447.2895597,0,,0.0,291.9972653,-544.0027347,,447.2895597,-1,,40.00332558,40.00332558,391.0519868,0,213.0655219,-1041.934478,447.2895597,-2,,213.7396625,-204.2603375,447.2895597,0,,215.1314531,215.1314531,391.0519868,1,,67.08896434,67.08896434,391.0519868,0,,0.525199879,-0.029540157,0.442962566,-8.804156266,0.978800092,0.001684371,0.002621247,0.000244123,213.7891261,-204.2108739,447.2895597,0,,21.67698325,-396.3230167,409.4818891,-1,,1,,,,,,,,,,0.0,-6.97e-05,0.0,-6.44e-05,0.0,9.92e-05,0.0,-1.0,0.0,,,,14.64881545,0.0,0.0,0.0,0.0,0.0,0.0,0.0,-409.4818891,0.0,1.0
58.54000092,1,1,1,1,1,0.449379752,0.550620248,0.399920414,0.267475931,0.147627973,0,234,59,0,293,0,59,0,0,0,0,468,293,1,1,1,1,0.409549584,0.129369244,0.407692241,0.157688657,0.350745927,0.288178855,0.409549584,0.129369244,0.408001732,0.146086379,0.403540797,0.129723182,0.409549584,0.129369244,0.147627973,1.203944398,0.0,0.0,1.024301935,0.0,0.0,1.029700017,0.0,0.0,1.05494318,0.0,0.0,1.024301935,0.0,0.0,1.027485026,0.0,0.0,1.024369225,0.0,0.0,1.024301935,0.0,0.0,0.000438974,0.000314505,0.000335363,0.000438974,0.000333603,0.000404021,0.000438974,46.17372904,46.17372904,56.58262724,1,0.0,-60.54999082,36.40882964,-256.5911704,0.0,60.54999082,-4,0.0,4.475845963,4.475845963,57.01358519,0,35.60527333,35.60527333,56.58262724,1,0.0,26.44680154,26.44680154,56.66609552,0,0.0,30.93751685,30.93751685,56.57346442,1,0.0,11.21120344,-47.78879656,60.54999082,-1,0.0,0.411310278,0.106287011,0.435756155,-8.752557643,1.019923073,0.197009683,0.000552434,0.003872923,45.05655676,45.05655676,56.5652872,1,0.0,343.8969129,-124.1030871,58.36983815,-2,0.0,0,0.0,0.0,0.0,0.0,0.0,0.0,0.0,0.0,0.0,0.000261506,-0.001554107,0.0,0.000261506,0.0,0.000262939,0.000176515,-2.0,-0.000261506,0.0,0.0,0.0,-1.238895374,0.0,0.0,0.0,0.0,0.0,0.0,0.0,-116.7396763,0.0,1.0
478.6600037,1,1,1,1,1,0.447779112,0.552220888,0.677676084,0.404353286,0.99900053,0,0,479,0,479,0,0,0,0,0,0,0,479,1,1,1,1,0.609721699,-0.158840408,0.620233454,-0.20927203,0.482169933,0.032124765,0.609721699,-0.158840408,0.619939324,-0.194041406,0.649626681,-0.209865588,0.609721699,-0.158840408,0.99900053,2.055316954,0.0,0.0,0.891871329,0.0,0.0,0.860049044,0.0,0.0,1.023413539,0.0,0.0,0.891871329,0.0,0.0,0.869537982,0.0,0.0,0.859681351,0.0,0.0,0.891871329,0.0,0.0,0.002380589,0.002232351,0.002915106,0.002380589,0.002403299,0.00251192,0.002380589,250.4036648,250.4036648,454.8086096,1,0.0,0.0,258.4288451,-220.5711549,0.0,493.4728854,0,0.0,38.90576476,38.90576476,454.8086096,0,193.090121,193.090121,454.8086096,0,0.0,190.5246855,190.5246855,454.8086096,0,0.0,192.3477519,192.3477519,454.8086096,0,0.0,60.79921389,60.79921389,454.8086096,0,0.0,0.599574859,-0.120096339,0.487845325,-9.125521314,0.917116276,0.001395783,0.002420319,0.000198624,197.4014133,197.4014133,454.8086096,0,0.0,17.63688115,17.63688115,457.0230163,0,0.0,1,0.0,0.0,0.0,0.0,0.0,0.0,0.0,0.0,0.0,0.000394223,0.0,0.0,0.0,0.0,0.0,0.0,0.0,0.0,0.0,0.0,0.0,0.0,0.0,0.0,0.0,0.0,0.0,0.0,0.0,0.0,0.0,1.0
85.58999634,1,1,1,1,1,0.854271357,0.145728643,0.917475728,0.993055556,0.059854156,257,171,0,0,171,0,86,171,171,171,0,770,428,1,1,1,1,0.903064874,-1.229402256,0.905583688,-1.501002744,0.920365349,-1.875017208,0.903064874,-1.229402256,0.905363592,-1.39266043,0.911872235,-1.250852238,0.903064874,-1.229402256,0.059854156,1.116170581,,,0.873614689,,,0.847922738,,,0.813775025,,,0.873614689,,,0.858079491,,,0.871557627,,,0.873614689,,,0.000288998,0.00019131,0.000189671,0.000288998,0.00020575,0.000258907,0.000288998,30.39845055,-226.6015494,88.5206101,-3,,-88.5206101,22.14705423,-148.8529458,,88.27474119,-2,,2.531391975,2.531391975,79.51355135,0,23.44071321,-147.5592868,88.5206101,-2,,16.31111548,-154.6888845,88.4020514,-2,,19.82552388,-151.1744761,88.4544087,-2,,7.380889966,-78.61911003,88.5206101,-1,,0.900626484,-1.008748651,0.869023118,-11.85479243,0.895059385,0.271746515,0.000387456,0.004036811,31.60096196,31.60096196,79.51355135,0,,358.4493909,-411.5506091,84.20999114,-5,,0,,,,,,,,,,-0.070848277,-0.070406539,0.0,-0.047232185,-0.060609471,-0.048894729,0.0,-5.0,-0.023616092,,,,-0.041191058,0.0,0.0,0.0,0.0,0.0,0.0,0.0,-421.0499557,0.0,1.0
98.23000336,1,1,1,1,1,0.722288916,0.277711084,0.887385595,0.589367936,0.470059521,0,98,0,0,98,0,0,0,0,0,0,0,98,1,1,1,1,0.845338329,-0.78499843,0.852038596,-0.98104419,0.708118295,-0.432302385,0.845338329,-0.78499843,0.852015413,-0.91193307,0.870571513,-0.88143838,0.845338329,-0.78499843,0.470059521,1.526375946,,,0.717506766,,,0.660419578,,,0.832918848,,,0.717506766,,,0.680006388,,,0.688832601,,,0.717506766,,,0.000692285,0.000521268,0.000700511,0.000692285,0.000570979,0.000660603,0.000692285,72.8184351,72.8184351,94.8145206,1,,0.0,60.34472684,-37.65527316,,100.1477932,0,,9.349203072,9.349203072,94.8145206,0,56.15141637,56.15141637,94.8145206,1,,45.265134,45.265134,94.8145206,0,,50.58503751,50.58503751,94.8145206,1,,17.68066619,17.68066619,94.8145206,0,,0.838685689,-0.629392631,0.756113365,-11.04634731,0.766310536,0.009358605,0.000838018,0.000442771,68.34884427,68.34884427,94.8145206,1,,39.31597131,39.31597131,95.19928091,0,,1,,,,,,,,,,0.009628477,0.0,0.0,0.009628477,0.0,0.012139588,0.006189611,0.0,0.0,,,,0.0,0.0,0.0,0.0,0.0,0.0,0.0,0.0,0.0,0.0,1.0
17.67000008,0,0,0,0,0,0.246353323,0.753646677,0.228444803,0.145462256,0.599318357,35,18,0,0,18,0,230,530,477,512,0,424,53,1,1,1,1,0.232014238,0.48258843,0.231287356,0.578303678,0.193765323,0.785843171,0.232014238,0.48258843,0.231458937,0.53709779,0.229781538,0.458284364,0.232014238,0.48258843,0.599318357,1.655634782,,,1.27546855,,,1.338529662,,,1.48618129,,,1.27546855,,,1.311008089,,,1.259934667,,,1.27546855,,,0.001625045,0.001462569,0.001744322,0.001625045,0.001524309,0.001638188,0.001625045,170.9312434,135.9312434,16.82933254,8,,-188.3153595,169.3147532,151.3147532,,16.85354354,9,,23.28016793,23.28016793,16.92181087,1,131.8077134,-398.1922866,18.83153595,-21,,120.8416301,-356.1583699,18.83153595,-19,,125.442606,-386.557394,18.83153595,-21,,41.50292784,-188.4970722,18.83153595,-10,,0.232679964,0.403137094,0.241451666,-7.361318075,1.225385477,0.024441754,0.001704709,0.001562287,139.0361853,139.0361853,16.81680825,8,,138.7235752,-285.2764248,17.45735252,-16,,0,,,,,,,,,,0.029111449,0.047029942,0.009649211,-0.076417554,-0.085640729,-0.068914308,0.02031494,-13.54725095,-0.036389311,,,,-0.416495249,0.0,0.0,0.0,0.0,0.0,0.0,0.0,-244.4029352,0.0,1.0
232.4700012,0,0,0,0,0,0.196478591,0.803521409,0.127735774,0.483465885,0.681181494,0,0,232,0,232,0,0,0,0,0,0,0,232,1,1,1,1,0.138259181,0.881155568,0.136390198,1.065757305,0.204034465,0.737582244,0.138259181,0.881155568,0.136402018,0.990753471,0.131624807,0.86701035,0.138259181,0.881155568,0.681181494,1.737497919,0.0,0.0,1.627086444,0.0,0.0,1.801777121,0.0,0.0,1.50301702,0.0,0.0,1.627086444,0.0,0.0,1.728645047,0.0,0.0,1.614421175,0.0,0.0,1.627086444,0.0,0.0,0.002445054,0.002388082,0.002150075,0.002445054,0.002438375,0.002514862,0.002445054,257.184431,257.184431,226.9663585,1,0.0,0.0,276.457156,44.45715599,0.0,227.5511676,0,0.0,28.69546052,28.69546052,226.0904625,0,198.3188742,198.3188742,226.9663585,1,0.0,193.3054359,193.3054359,227.3920348,1,0.0,192.5730819,192.5730819,226.5847475,1,0.0,62.44561653,62.44561653,226.9663585,0,0.0,0.140194598,0.728750988,0.173950647,-6.87800403,1.49570197,0.022376891,0.002400392,0.001710025,195.7762064,195.7762064,226.4298596,1,0.0,151.8419569,151.8419569,222.0578661,1,0.0,1,0.0,0.0,0.0,0.0,0.0,0.0,0.0,0.0,0.0,0.012131799,0.0,0.0,0.012131799,0.015337382,0.011745421,0.008298094,0.739170929,0.0,0.0,0.0,0.0,0.0,0.0,0.0,0.0,0.0,0.0,0.0,0.0,222.0578661,0.0,1.0
193.1999969,0,0,0,0,0,0.340136054,0.659863946,0.38758456,0.721222269,0.551242066,0,0,0,0,0,0,193,0,0,0,0,386,0,1,1,1,1,0.376332913,0.180892207,0.378365504,0.211939957,0.440011478,0.109160373,0.376332913,0.180892207,0.37807764,0.197552124,0.383199065,0.159241831,0.376332913,0.180892207,0.551242066,1.60755849,0.0,0.0,1.089667416,0.0,0.0,1.105846835,0.0,0.0,1.053186402,0.0,0.0,1.089667416,0.0,0.0,1.098319479,0.0,0.0,1.078525397,0.0,0.0,1.089667416,0.0,0.0,0.001255224,0.001073938,0.001095442,0.001255224,0.001134884,0.001255816,0.001255224,132.0314308,132.0314308,179.0273805,1,0.0,-209.2029879,124.3248522,124.3248522,0.0,179.6026205,1,0.0,14.62004651,14.62004651,177.6132659,0,101.8114689,101.8114689,179.0273805,1,0.0,89.9694586,89.9694586,179.3767946,1,0.0,96.16288695,96.16288695,178.0301882,1,0.0,32.05786627,-160.9421337,209.2029879,-1,0.0,0.374420654,0.154297761,0.350902184,-8.144994729,1.075997031,0.020930164,0.001371815,0.001199597,111.8853709,111.8853709,178.5641679,1,0.0,106.5184316,-279.4815684,190.1697651,-1,0.0,0,0.0,0.0,0.0,0.0,0.0,0.0,0.0,0.0,0.0,0.000511281,0.000701852,0.0,0.000511281,0.000609794,0.000396218,0.000371997,-1.0,-0.000511281,0.0,0.0,0.0,0.0,0.0,0.0,0.0,0.0,0.0,0.0,0.0,-190.1697651,0.0,0.0
278.3999939,0,0,0,0,0,0.268107243,0.731892757,0.231595702,0.810380913,0.681398278,0,0,1670,0,1670,0,278,0,0,0,0,0,1670,1,1,1,1,0.238728954,0.463528258,0.237589312,0.556838635,0.329608175,0.336541795,0.238728954,0.463528258,0.237493932,0.517991685,0.234335214,0.445923941,0.238728954,0.463528258,0.681398278,1.737714703,0.0,0.0,1.29192352,0.0,0.0,1.360283051,0.0,0.0,1.204377925,0.0,0.0,1.29192352,0.0,0.0,1.331394795,0.0,0.0,1.27941709,0.0,0.0,1.29192352,0.0,0.0,0.001942227,0.001803824,0.001723752,0.001942227,0.001878964,0.001993941,0.001942227,204.2942564,204.2942564,267.4275479,1,0.0,-293.6910283,208.8203597,-1461.17964,0.0,293.6910283,-5,0.0,23.00563557,23.00563557,266.6143088,0,157.5344463,157.5344463,267.4275479,1,0.0,148.9573899,148.9573899,267.8929436,1,0.0,152.6840828,152.6840828,266.9835168,1,0.0,49.60362782,-228.3963722,293.6910283,-1,0.0,0.239932336,0.385968675,0.258534487,-7.483632782,1.237725032,0.015998866,0.001987109,0.001223186,162.0688112,162.0688112,266.9719902,1,0.0,108.6129963,108.6129963,262.3900967,0,0.0,0,0.0,0.0,0.0,0.0,0.0,0.0,0.0,0.0,0.0,0.003357163,-0.024224161,0.0,0.003357163,0.004192428,0.003107003,0.002327685,0.0,-0.003357163,0.0,0.0,0.0,0.0,0.0,0.0,0.0,0.0,0.0,0.0,0.0,0.0,0.0,1.0
87.88999939,0,0,0,0,0,0.276110444,0.723889556,0.220453641,0.187107576,0.415698165,0,0,0,0,0,0,0,0,0,0,0,264,0,1,1,1,1,0.230478017,0.487061094,0.228642154,0.587566777,0.220847881,0.665963363,0.230478017,0.487061094,0.228794546,0.545763358,0.224210288,0.473899196,0.230478017,0.487061094,0.415698165,1.47201459,0.0,0.0,1.207211762,0.0,0.0,1.255045815,0.0,0.0,1.293669432,0.0,0.0,1.207211762,0.0,0.0,1.234924138,0.0,0.0,1.201084095,0.0,0.0,1.207211762,0.0,0.0,0.001028915,0.000856815,0.000937698,0.001028915,0.000896776,0.001005607,0.001028915,108.2270585,108.2270585,85.66693766,1,0.0,0.0,99.18948176,99.18948176,0.0,85.97386534,1,0.0,12.51476458,12.51476458,86.0788713,0,83.45555103,83.45555103,85.66693766,1,0.0,71.09308406,71.09308406,85.81192219,1,0.0,77.00337316,77.00337316,85.63616891,1,0.0,26.27805022,26.27805022,85.66693766,0,0.0,0.232296389,0.404066508,0.259956011,-7.493811036,1.169089236,0.055169411,0.001148323,0.002282321,93.65730249,93.65730249,85.63450895,1,0.0,202.6591031,-61.34089694,87.3466115,-1,0.0,1,0.0,0.0,0.0,0.0,0.0,0.0,0.0,0.0,0.0,0.003706695,0.005394292,0.0,0.003706695,0.004654026,0.00350907,0.00255109,-0.87745631,0.0,0.0,0.0,0.0,0.0,0.0,0.0,0.0,0.0,0.0,0.0,0.0,-87.3466115,0.0,1.0
306.3299866,0,1,0,0,0,0.391356543,0.608643457,0.194588142,0.233151946,0.368981121,613,613,0,0,613,0,613,613,613,613,306,306,1226,1,1,1,1,0.218355917,0.52394563,0.213852714,0.642404062,0.249753724,0.559786469,0.218355917,0.52394563,0.214087691,0.596395477,0.203132505,0.538578095,0.218355917,0.52394563,0.368981121,1.425297546,,,1.204032289,,,1.255652722,,,1.219422594,,,1.204032289,,,1.235345866,,,1.210291968,,,1.204032289,,,0.000919035,0.000753454,0.000774403,0.000919035,0.000788401,0.000898047,0.000919035,96.66918061,-516.3308194,321.5343515,-2,,-643.068703,87.22385344,-525.7761466,,321.5343515,-2,,10.33538454,10.33538454,297.4647835,0,74.54309342,-538.4569066,321.5343515,-2,,62.50150946,-550.4984905,321.5343515,-2,,68.7670285,-544.2329715,321.5343515,-2,,23.47174189,-589.5282581,321.5343515,-2,,0.222993893,0.427311779,0.31392778,-7.8802543,1.163498021,0.061261161,0.001038747,0.002249178,84.72031438,-221.2796856,321.5343515,-1,,199.7161829,-106.2838171,304.6682128,0,,0,,,,,,,,,,-0.008578719,-0.012896343,0.0,-0.008578719,-0.011115236,-0.009064574,-0.002853052,0.0,-0.008578719,,,,-3.422385741,0.0,0.0,0.0,0.0,0.0,0.0,0.0,0.0,0.0,1.0
40.81000137,1,1,1,1,1,0.993848257,0.006151743,0.983073798,0.986696231,0.267596215,1102,0,1020,0,1020,0,490,408,408,408,163,82,2122,1,1,1,1,0.985386578,-4.038512205,0.984987159,-4.768136623,0.987815168,-5.567664769,0.985386578,-4.038512205,0.985008309,-4.435409022,0.983966272,-3.647216425,0.985386578,-4.038512205,0.267596215,1.32391264,,,0.322010189,,,0.262396521,,,0.209666048,,,0.322010189,,,0.288073981,,,0.359378967,,,0.322010189,,,0.00019097,0.0001172,9.84e-05,0.00019097,0.000136818,0.000202287,0.00019097,20.08729619,-1081.912704,41.16480765,-26,,-493.9776918,13.56772141,-1006.432279,,40.46899519,-25,,1.313140075,1.313140075,37.54326113,0,15.48962335,-392.5103767,41.16480765,-10,,10.84642318,-397.1535768,40.85377414,-10,,15.48991155,-392.5100885,41.30332411,-10,,4.877292106,-485.1227079,41.16480765,-12,,0.985781449,-3.422816284,0.991198708,-12.72958187,0.382734759,0.028104878,0.000274635,0.000785261,22.39928706,-140.6007129,41.46843039,-3,,69.72740576,-12.27259424,40.21039962,0,,0,,,,,,,,,,-6.625767213,-8.880908929,0.0,-2.548372005,-3.073883311,-2.07846682,-0.549172093,0.0,-3.058046406,,,,-0.328965144,-288.1536535,-364.2209567,0.0,-123.4944229,-122.5613224,-82.60664823,-41.46843039,0.0,-123.4944229,1.0
129.1199951,1,1,0,1,1,0.676270508,0.323729492,0.772781536,0.872750105,0.448631419,0,0,0,0,0,0,0,0,0,0,0,0,0,1,1,1,1,0.749691276,-0.43238861,0.753661349,-0.528350581,0.768637851,-0.625137704,0.749691276,-0.43238861,0.753335753,-0.490249989,0.763718196,-0.440745248,0.749691276,-0.43238861,0.448631419,1.504947844,0.0,0.0,0.837995617,0.0,0.0,0.805761364,0.0,0.0,0.774505754,0.0,0.0,0.837995617,0.0,0.0,0.818408463,0.0,0.0,0.835138038,0.0,0.0,0.837995617,0.0,0.0,0.000770374,0.000601009,0.000614699,0.000770374,0.000649369,0.000759617,0.000770374,81.03228186,81.03228186,120.713657,1,0.0,0.0,69.57599542,69.57599542,0.0,120.713657,1,0.0,8.203936476,8.203936476,120.713657,0,62.48524006,62.48524006,120.713657,1,0.0,51.47956689,51.47956689,120.713657,0,0.0,58.16688297,58.16688297,120.713657,0,0.0,19.67502768,19.67502768,120.713657,0,0.0,0.745857642,-0.354373017,0.697705254,-10.62813939,0.865149555,0.012980078,0.000907318,0.000582802,74.00097654,74.00097654,120.713657,1,0.0,51.74997873,51.74997873,122.9163691,0,0.0,1,0.0,0.0,0.0,0.0,0.0,0.0,0.0,0.0,0.0,0.002921249,0.004361787,0.0,0.002921249,0.0,0.0,0.001962191,0.0,0.0,0.0,0.0,0.0,0.0,0.0,0.0,0.0,0.0,0.0,0.0,0.0,0.0,0.0,1.0
70.47000122,0,0,0,0,0,0.408084164,0.591915836,0.504395604,0.342570755,0.39275635,0,0,0,0,0,0,0,0,0,0,0,0,0,1,1,1,1,0.479769771,0.02825587,0.483706,0.027141355,0.405543587,0.174723425,0.479769771,0.02825587,0.483669622,0.025289863,0.494544314,0.007131764,0.479769771,0.02825587,0.39275635,1.449072775,0.0,0.0,1.010535893,0.0,0.0,1.010118224,0.0,0.0,1.066955314,0.0,0.0,1.010535893,0.0,0.0,1.00942475,0.0,0.0,1.002648844,0.0,0.0,1.010535893,0.0,0.0,0.000816238,0.000647598,0.000725131,0.000816238,0.000688337,0.000791516,0.000816238,85.85650056,85.85650056,65.47323456,1,0.0,0.0,74.96935182,74.96935182,0.0,65.47323456,1,0.0,9.677779828,9.677779828,66.08811251,0,66.20526937,66.20526937,65.47323456,1,0.0,54.56883755,54.56883755,65.47323456,1,0.0,60.6095701,60.6095701,65.47323456,1,0.0,20.84637118,20.84637118,65.47323456,0,0.0,0.475872957,0.028278041,0.427754833,-8.695267376,1.010544203,0.039744557,0.000947486,0.001551342,77.27700523,77.27700523,65.47323456,1,0.0,137.7516594,137.7516594,66.24339322,2,0.0,1,0.0,0.0,0.0,0.0,0.0,0.0,0.0,0.0,0.0,1.25e-05,1.15e-05,0.0,1.25e-05,9.99e-06,7.95e-07,1.25e-05,2.0,0.0,0.0,0.0,0.0,0.390322568,0.0,0.0,0.0,0.0,0.0,0.0,0.0,132.4867864,0.0,1.0
48.58000183,0,1,0,0,0,0.785114046,0.214885954,0.656585754,0.850983675,0.35522627,0,0,49,0,49,0,0,0,0,0,0,0,49,1,1,1,1,0.680784091,-0.280223706,0.676576409,-0.324864994,0.75806625,-0.586708999,0.680784091,-0.280223706,0.676682765,-0.302249459,0.665755387,-0.236479675,0.680784091,-0.280223706,0.35522627,1.411542695,,,0.907929626,,,0.894066152,,,0.816908043,,,0.907929626,,,0.901062807,,,0.921722963,,,0.907929626,,,0.000670413,0.000516068,0.000498562,0.000670413,0.000553159,0.000659538,0.000670413,70.51779065,70.51779065,46.43360148,2,,0.0,59.74273413,10.74273413,,46.43360148,0,,6.653931845,6.653931845,46.43360148,0,54.37735402,54.37735402,46.43360148,1,,43.85238725,43.85238725,46.43360148,1,,50.50343339,50.50343339,46.43360148,1,,17.12205866,17.12205866,46.43360148,0,,0.685041973,-0.241870299,0.749610821,-10.99978844,0.920011938,0.022563032,0.000798119,0.000799188,65.09467859,65.09467859,46.43360148,1,,70.96402506,70.96402506,46.85962233,2,,1,,,,,,,,,,0.002453916,0.0,0.0,0.001226958,0.001427418,0.000873791,0.000914082,2.0,0.0,,,,0.184241824,0.0,0.0,0.0,0.0,0.0,0.0,0.0,93.71924466,0.0,1.0
169.7200012,1,1,1,1,1,0.823529412,0.176470588,0.925984879,0.199665132,0.270592622,0,0,0,0,0,0,0,0,0,0,0,170,0,1,1,1,1,0.899826128,-1.194205714,0.9018737,-1.451129453,0.39726063,0.191018336,0.899826128,-1.194205714,0.904790341,-1.385340774,0.914998638,-1.289666485,0.899826128,-1.194205714,0.270592622,1.326909047,0.0,0.0,0.713349548,0.0,0.0,0.663348241,0.0,0.0,1.055516224,0.0,0.0,0.713349548,0.0,0.0,0.675807705,0.0,0.0,0.694345906,0.0,0.0,0.713349548,0.0,0.0,0.00042634,0.000298979,0.000499935,0.00042634,0.000323887,0.000394155,0.00042634,44.84480154,44.84480154,159.424222,0,0.0,0.0,34.61136399,34.61136399,0.0,159.424222,0,0.0,6.672265934,6.672265934,160.7394814,0,34.58051687,34.58051687,159.424222,0,0.0,25.67657417,25.67657417,159.424222,0,0.0,30.18203462,30.18203462,159.424222,0,0.0,10.88853345,10.88853345,159.424222,0,0.0,0.896554214,-0.973229062,0.841280718,-11.65615407,0.759359478,0.036995131,0.000548546,0.001042343,44.73946615,44.73946615,159.424222,0,0.0,92.55507042,-77.44492958,168.3242101,0,0.0,1,0.0,0.0,0.0,0.0,0.0,0.0,0.0,0.0,0.0,0.0,0.0,0.0,0.0,0.0,0.0,0.0,0.0,0.0,0.0,0.0,0.0,0.0,0.0,0.0,0.0,0.0,0.0,0.0,0.0,0.0,0.0,1.0
63.65999985,1,1,1,1,1,0.604641857,0.395358143,0.40827696,0.454583508,0.3566933,0,0,0,0,0,0,127,318,318,191,318,0,0,1,1,1,1,0.43915166,0.085839022,0.433498355,0.112177608,0.475242417,0.044645774,0.43915166,0.085839022,0.433797743,0.10380989,0.419678529,0.107068532,0.43915166,0.085839022,0.3566933,1.413009725,,,1.030121171,,,1.039544114,,,1.015554761,,,1.030121171,,,1.036541158,,,1.037709567,,,1.030121171,,,0.000763346,0.000602538,0.000622442,0.000763346,0.000638981,0.000745425,0.000763346,80.29300173,80.29300173,62.02857387,1,,-131.24766,69.75307274,69.75307274,,62.05763054,1,,8.307266895,8.307266895,62.02857387,0,61.91516978,-256.0848302,65.62382999,-4,,50.65603006,-267.3439699,65.62382999,-4,,57.08020658,-133.9197934,65.62382999,-2,,19.49552691,-107.5044731,65.62382999,-2,,0.444881138,0.065083339,0.541150999,-9.507195271,1.022755792,0.037371517,0.000889984,0.001328807,72.58714725,-245.4128528,65.62382999,-4,,117.9916286,117.9916286,62.1386441,2,,0,,,,,,,,,,0.00011513,0.000196622,0.0,-0.000460521,-0.000673531,-0.00035824,-0.00026474,2.0,-0.000230261,,,,-0.007431471,0.0,0.0,0.0,0.0,0.0,0.0,0.0,124.2772882,0.0,1.0
538.789978,1,1,1,1,1,0.945178071,0.054821929,0.962594509,0.258685643,0.383594779,0,0,0,0,0,0,0,0,0,0,0,0,0,1,1,1,1,0.957231674,-2.30455193,0.956229696,-2.707598781,0.488256171,0.021147642,0.957231674,-2.30455193,0.95875198,-2.617844794,0.959956215,-2.25421918,0.957231674,-2.30455193,0.383594779,1.439911203,0.0,0.0,0.431625537,0.0,0.0,0.372640816,0.0,0.0,1.007739837,0.0,0.0,0.431625537,0.0,0.0,0.385036307,0.0,0.0,0.439619152,0.0,0.0,0.431625537,0.0,0.0,0.000341155,0.000232918,0.000667306,0.000341155,0.000255976,0.000338902,0.000341155,35.88460983,35.88460983,511.8195048,0,0.0,0.0,26.96381091,26.96381091,0.0,511.8195048,0,0.0,8.906037924,8.906037924,511.8195048,0,27.67117509,27.67117509,511.8195048,0,0.0,20.29284431,20.29284431,511.8195048,0,0.0,25.95105703,25.95105703,511.8195048,0,0.0,8.712955818,8.712955818,511.8195048,0,0.0,0.957182003,-1.93136553,0.944711972,-12.39673219,0.49453367,0.010893178,0.000455048,0.000415327,37.11377032,37.11377032,511.8195048,0,0.0,36.87900043,36.87900043,519.5024181,0,0.0,1,0.0,0.0,0.0,0.0,0.0,0.0,0.0,0.0,0.0,0.0,0.0,0.0,0.0,0.0,0.0,0.0,0.0,0.0,0.0,0.0,0.0,0.0,0.0,0.0,0.0,0.0,0.0,0.0,0.0,0.0,0.0,1.0
403.9700012,0,0,0,0,0,0.171668667,0.828331333,0.075606844,0.948095437,0.555049735,0,0,0,0,0,0,0,0,404,0,0,0,0,1,1,1,1,0.08607151,1.361958689,0.084116789,1.656686515,0.153376423,1.021866163,0.08607151,1.361958689,0.084152695,1.539677939,0.07934739,1.365628247,0.08607151,1.361958689,0.555049735,1.61136616,,,1.915093551,,,2.204224886,,,1.628263853,,,1.915093551,,,2.084550394,,,1.918449206,,,1.915093551,,,0.002223981,0.002160982,0.001710099,0.002223981,0.00217445,0.002253685,0.002223981,233.9307191,233.9307191,395.9961526,1,,0.0,250.1668281,250.1668281,,396.8573314,1,,22.82342721,22.82342721,395.1978125,0,180.387579,180.387579,395.9961526,0,,172.3824131,-231.6175869,422.3369717,-1,,172.5737058,172.5737058,395.8284297,0,,56.79950346,56.79950346,395.9961526,0,,0.088123907,1.119693714,0.131363178,-6.573073489,1.706059159,0.043460733,0.002190387,0.002512826,178.6481454,178.6481454,395.6758864,0,,223.126876,223.126876,385.6774437,1,,1,,,,,,,,,,0.028983304,0.042884535,0.0,0.0,-0.037040752,0.0,0.0,0.675082736,0.0,,,,0.0,0.0,0.0,0.0,0.0,0.0,0.0,0.0,385.6774437,0.0,1.0
295.3800049,0,0,0,0,0,0.6242497,0.3757503,0.493036212,0.768522394,0.667948472,0,0,0,0,0,0,0,0,0,0,0,0,0,1,1,1,1,0.516634581,-0.023224522,0.512521042,-0.02084983,0.612467901,-0.210491028,0.516634581,-0.023224522,0.512591065,-0.019492685,0.501927049,-0.002518873,0.516634581,-0.023224522,0.667948472,1.724264897,0.0,0.0,0.987426971,0.0,0.0,0.988705265,0.0,0.0,0.891655276,0.0,0.0,0.987426971,0.0,0.0,0.989436559,0.0,0.0,0.998628657,0.0,0.0,0.987426971,0.0,0.0,0.001445531,0.001270956,0.001236157,0.001445531,0.001353591,0.001511711,0.001445531,152.0490062,152.0490062,283.7639777,1,0.0,0.0,147.1326543,147.1326543,0.0,283.7639777,1,0.0,16.49806568,16.49806568,283.7639777,0,117.2473295,117.2473295,283.7639777,0,0.0,107.3077339,107.3077339,283.7639777,0,0.0,115.7577843,115.7577843,283.7639777,0,0.0,36.91822983,36.91822983,283.7639777,0,0.0,0.520826963,-0.024399305,0.586569061,-9.832393133,0.986795197,0.004716465,0.001548221,0.000350373,126.2730805,126.2730805,283.7639777,0,0.0,31.11142088,31.11142088,287.3250282,0,0.0,1,0.0,0.0,0.0,0.0,0.0,0.0,0.0,0.0,0.0,8.43e-06,6.79e-06,0.0,0.0,0.0,0.0,0.0,0.0,0.0,0.0,0.0,0.0,0.0,0.0,0.0,0.0,0.0,0.0,0.0,0.0,0.0,0.0,1.0
103.1999969,0,0,0,0,0,0.174469788,0.825530212,0.063270991,0.40142319,0.257244401,0,0,0,0,0,0,0,0,0,0,0,619,0,1,1,1,1,0.073430666,1.55207765,0.071490655,1.891791789,0.12769323,1.229900071,0.073430666,1.55207765,0.071542415,1.757796331,0.066854536,1.566011204,0.073430666,1.55207765,0.257244401,1.313560826,0.0,0.0,1.527017062,0.0,0.0,1.675263373,0.0,0.0,1.39856255,0.0,0.0,1.527017062,0.0,0.0,1.615144215,0.0,0.0,1.532831165,0.0,0.0,1.527017062,0.0,0.0,0.000881618,0.000725126,0.000635518,0.000881618,0.00074336,0.000837807,0.000881618,92.73346741,92.73346741,101.8173649,1,0.0,0.0,83.94444611,83.94444611,0.0,102.0243944,1,0.0,8.481787064,8.481787064,101.5889346,0,71.50820438,71.50820438,101.8173649,1,0.0,58.93088134,58.93088134,101.954727,1,0.0,64.15424808,64.15424808,101.7641243,1,0.0,22.5161318,22.5161318,101.8173649,0,0.0,0.07547596,1.273272123,0.122395018,-6.508860567,1.415204897,0.169443238,0.000992165,0.004598742,80.92104612,80.92104612,101.682359,1,0.0,408.3461621,-210.6538379,102.0021345,-2,0.0,1,0.0,0.0,0.0,0.0,0.0,0.0,0.0,0.0,0.0,0.037639766,0.05591994,0.0,0.037639766,0.048278874,0.038318611,0.025331592,-1.323914559,0.0,0.0,0.0,0.0,0.0,0.0,0.0,0.0,0.0,0.0,0.0,0.0,-102.0021345,0.0,1.0
29.70999908,0,0,0,0,0,0.563169165,0.436830835,0.541342756,0.618900077,0.545193916,0,0,0,0,0,0,564,0,0,0,0,535,0,1,1,1,1,0.545960113,-0.064523763,0.545204447,-0.075702935,0.574045311,-0.135517944,0.545960113,-0.064523763,0.545185595,-0.070351638,0.543130956,-0.056693221,0.545960113,-0.064523763,0.545193916,1.601510341,0.0,0.0,0.97006977,0.0,0.0,0.964975968,0.0,0.0,0.938172177,0.0,0.0,0.97006977,0.0,0.0,0.967410947,0.0,0.0,0.97365377,0.0,0.0,0.97006977,0.0,0.0,0.001103142,0.000923105,0.000960848,0.001103142,0.000984643,0.001117817,0.001103142,116.0346434,116.0346434,26.12013519,4,0.0,-528.0401707,106.8635722,106.8635722,0.0,26.12013519,4,0.0,12.82372545,12.82372545,26.12013519,0,89.47609989,89.47609989,26.12013519,3,0.0,78.05889467,78.05889467,26.12013519,3,0.0,85.59569994,85.59569994,26.12013519,3,0.0,28.17376936,-535.8262306,33.00251067,-16,0.0,0.546733569,-0.055039372,0.557803775,-9.626430811,0.974412421,0.010742579,0.001228514,0.000607173,100.197744,100.197744,26.12013519,4,0.0,53.91403461,-481.0859654,28.81706852,-17,0.0,0,0.0,0.0,0.0,0.0,0.0,0.0,0.0,0.0,0.0,0.000260207,0.000358183,0.0,0.000195155,0.000232001,0.000150662,0.000189333,-17.0,-0.001040829,0.0,0.0,0.0,0.0,0.0,0.0,0.0,0.0,0.0,0.0,0.0,-489.8901648,0.0,0.0
1162.660034,1,1,1,1,1,0.733493397,0.266506603,0.819737366,0.863122645,0.855773662,0,0,0,0,0,0,0,0,0,0,0,0,0,1,1,1,1,0.799430111,-0.583920547,0.802911004,-0.711814681,0.803590965,-0.773053957,0.799430111,-0.583920547,0.802658237,-0.660743266,0.81178417,-0.59079101,0.799430111,-0.583920547,0.855773662,1.912090087,0.0,0.0,0.684891049,0.0,0.0,0.630402931,0.0,0.0,0.605869173,0.0,0.0,0.684891049,0.0,0.0,0.651621272,0.0,0.0,0.681847728,0.0,0.0,0.684891049,0.0,0.0,0.001427963,0.001225587,0.001283404,0.001427963,0.001348655,0.00152017,0.001427963,150.2010652,150.2010652,1110.146152,0,0.0,0.0,141.8805303,141.8805303,0.0,1110.146152,0,0.0,17.12863636,17.12863636,1110.146152,0,115.8223538,115.8223538,1110.146152,0,0.0,106.9164117,106.9164117,1110.146152,0,0.0,116.4054933,116.4054933,1110.146152,0,0.0,36.46954087,36.46954087,1110.146152,0,0.0,0.796049183,-0.4796743,0.75292512,-11.02351915,0.732769998,0.000788474,0.001561461,8.59e-05,127.3528757,127.3528757,1110.146152,0,0.0,7.625812334,7.625812334,1119.521856,0,0.0,1,0.0,0.0,0.0,0.0,0.0,0.0,0.0,0.0,0.0,0.0,0.0,0.0,0.0,0.0,0.0,0.0,0.0,0.0,0.0,0.0,0.0,0.0,0.0,0.0,0.0,0.0,0.0,0.0,0.0,0.0,0.0,1.0
63.81000137,0,0,0,0,0,0.661864746,0.338135254,0.583764425,0.853913771,0.404610175,0,0,0,0,0,0,0,0,0,0,0,0,0,1,1,1,1,0.599169678,-0.142573194,0.596581931,-0.165405832,0.687043223,-0.377114614,0.599169678,-0.142573194,0.596557496,-0.153737359,0.58965822,-0.120102697,0.599169678,-0.142573194,0.404610175,1.4609266,0.0,0.0,0.947389143,0.0,0.0,0.939224695,0.0,0.0,0.866794658,0.0,0.0,0.947389143,0.0,0.0,0.943388255,0.0,0.0,0.955493387,0.0,0.0,0.947389143,0.0,0.0,0.000786854,0.000622098,0.000609106,0.000786854,0.000664638,0.000777655,0.000786854,82.76571765,82.76571765,60.91718437,1,0.0,0.0,72.0173918,72.0173918,0.0,60.91718437,1,0.0,8.129285014,8.129285014,60.91718437,0,63.82191909,63.82191909,60.91718437,1,0.0,52.69008227,52.69008227,60.91718437,1,0.0,59.54817638,59.54817638,60.91718437,1,0.0,20.09591423,20.09591423,60.91718437,0,0.0,0.60181706,-0.122974485,0.641308734,-10.22433467,0.954453792,0.020738827,0.000916745,0.000834275,74.76978476,74.76978476,60.91718437,1,0.0,74.07959215,74.07959215,61.34386718,1,0.0,1,0.0,0.0,0.0,0.0,0.0,0.0,0.0,0.0,0.0,0.000317611,0.000427486,0.0,0.000317611,0.0003693,0.000225385,0.000236293,1.0,0.0,0.0,0.0,0.0,0.0,0.0,0.0,0.0,0.0,0.0,0.0,0.0,61.34386718,0.0,1.0
51.15000153,0,0,0,0,0,0.272909164,0.727090836,0.159968166,0.40226036,0.276688221,0,0,51,0,51,0,0,0,0,0,0,102,51,1,1,1,1,0.175764093,0.682484192,0.172886844,0.829583536,0.245059017,0.575804162,0.175764093,0.682484192,0.172954326,0.770929673,0.165740771,0.682726262,0.175764093,0.682484192,0.276688221,1.333004645,,,1.216733979,,,1.2692825,,,1.179990718,,,1.216733979,,,1.248062784,,,1.216818642,,,1.216733979,,,0.000738681,0.000582668,0.000569493,0.000738681,0.000609224,0.000702701,0.000738681,77.69854556,77.69854556,50.21028968,2,,0.0,67.45271689,16.45271689,,50.239977,0,,7.600604033,7.600604033,50.12972481,0,59.91454468,59.91454468,50.21028968,1,,48.29706773,48.29706773,50.23170232,1,,53.8086066,53.8086066,50.19106061,1,,18.86558048,18.86558048,50.21028968,0,,0.178739029,0.561569135,0.23310755,-7.301573366,1.17517247,0.122611853,0.00086052,0.003513709,70.18409163,70.18409163,50.17338461,1,,312.0004125,210.0004125,49.87543164,4,,1,,,,,,,,,,0.014555771,0.0,0.0,0.007277886,0.009286446,0.007283049,0.004927498,3.332060851,0.0,,,,0.0,0.0,0.0,0.0,0.0,0.0,0.0,0.0,149.6262949,0.0,1.0
370.4700012,1,1,1,1,1,0.831532613,0.168467387,0.849582173,0.879028882,0.780336717,0,0,0,0,0,0,0,0,0,0,0,0,0,1,1,1,1,0.845628775,-0.786560607,0.846333196,-0.943003181,0.853752527,-1.07381916,0.845628775,-0.786560607,0.846262967,-0.876291728,0.848057458,-0.749409725,0.845628775,-0.786560607,0.780336717,1.836653142,,,0.619907153,,,0.563665639,,,0.520574141,,,0.619907153,,,0.586996073,,,0.634067494,,,0.619907153,,,0.001126254,0.000932836,0.000934962,0.001126254,0.001034052,0.00121586,0.001126254,118.4656531,118.4656531,359.1021445,0,,0.0,107.9900755,107.9900755,,359.1021445,0,,12.47824734,12.47824734,359.1021445,0,91.35068893,91.35068893,359.1021445,0,,81.97587877,81.97587877,359.1021445,0,,93.10327282,93.10327282,359.1021445,0,,28.76403022,28.76403022,359.1021445,0,,0.844947911,-0.65663065,0.835925549,-11.61781053,0.670859669,0.000856215,0.001268922,8.04e-05,103.4934023,103.4934023,359.1021445,0,,7.134799257,7.134799257,361.6864046,0,,1,,,,,,,,,,0.0,0.0,0.0,0.0,0.0,0.0,0.0,0.0,0.0,,,,0.0,0.0,0.0,0.0,0.0,0.0,0.0,0.0,0.0,0.0,1.0
217.8000031,1,1,1,1,1,0.93917567,0.06082433,0.979705531,0.859773964,0.644753303,653,436,0,0,436,0,653,1089,1089,436,653,0,1089,1,1,1,1,0.970565639,-2.89799887,0.972039268,-3.558143049,0.921279784,-1.892890807,0.970565639,-2.89799887,0.972076096,-3.310423963,0.976127038,-3.038652688,0.970565639,-2.89799887,0.644753303,1.701069728,,,0.214470502,,,0.151028082,,,0.365820659,,,0.214470502,,,0.172270922,,,0.199028661,,,0.214470502,,,0.00029976,0.000183903,0.000479766,0.00029976,0.000223233,0.000286389,0.00029976,31.53045012,-621.4695499,219.8994897,-3,-3.0,-659.698469,21.28955404,-414.710446,,219.1157732,-2,-3.0,6.40307519,6.40307519,206.1619854,0,24.31361551,-1064.686384,219.8994897,-5,,17.69713084,-1071.302869,219.4202343,-5,,21.92995425,-414.0700458,219.7035638,-2,,7.655744904,-645.3442551,219.8994897,-3,-2.0,0.969066154,-2.36258844,0.948537209,-12.42412127,0.285035266,0.001359817,0.000429624,9.61e-05,35.04021101,-617.959789,220.4706662,-3,,8.531282467,8.531282467,207.8578156,0,,0,0.00138737,0.001552747,0.041571001,0.001296099,0.00138737,0.194139926,0.001376308,0.00102957,0.00138737,-0.393674881,-0.395636936,0.0,-0.656124801,-0.856164595,-0.288544068,-0.261648006,0.0,-0.393674881,0.071398885,0.071398885,1.86e-06,-4.210812508,0.0,0.0,0.0,-219.8994897,-219.4202343,0.0,0.0,0.0,0.0,1.0
91.83000183,1,1,1,1,1,0.820328131,0.179671869,0.772383605,0.756802009,0.620569196,459,367,275,0,642,0,92,735,735,0,643,92,1101,1,1,1,1,0.782263044,-0.525909428,0.780518489,-0.620893255,0.781407077,-0.675091418,0.782263044,-0.525909428,0.78064113,-0.577674826,0.776164967,-0.474971278,0.782263044,-0.525909428,0.620569196,1.676885621,,,0.761958861,,,0.725449738,,,0.70540682,,,0.761958861,,,0.741839602,,,0.782289163,,,0.761958861,,,0.001014075,0.000834174,0.000872376,0.001014075,0.00090773,0.001066898,0.001014075,106.6660607,-352.3339393,92.91371684,-4,,-92.91371684,96.56845105,-545.431549,,92.87019269,-6,,11.64296145,11.64296145,89.81500209,0,82.25184156,-652.7481584,92.91371684,-7,,71.96147847,-663.0385215,92.89515901,-7,,81.69664267,81.69664267,89.81500209,1,,25.89903244,-66.10096756,92.91371684,-1,,0.783981074,-0.445693505,0.808031265,-11.41808466,0.794219004,0.002732755,0.001147408,0.000183117,93.58268805,-549.4173119,92.95052865,-6,,16.25992877,-75.74007123,91.01572057,-1,,0,,,,,,,,,,-0.017286295,-0.036141416,0.0,-0.030251017,-0.036499335,0.003524964,-0.018622753,-1.0,-0.004321574,,,,0.0,0.0,0.0,0.0,0.0,0.0,0.0,0.0,-91.01572057,0.0,1.0
302.9899902,0,0,0,0,0,0.617446979,0.382553021,0.534421011,0.88447049,0.725403011,0,0,0,0,0,0,0,0,0,0,0,0,0,1,1,1,1,0.550563387,-0.07108196,0.547858073,-0.080206852,0.654776745,-0.300512145,0.550563387,-0.07108196,0.547812842,-0.074497212,0.54058679,-0.053314727,0.550563387,-0.07108196,0.725403011,1.781719436,0.0,0.0,0.95977592,0.0,0.0,0.954730876,0.0,0.0,0.840658752,0.0,0.0,0.95977592,0.0,0.0,0.957884554,0.0,0.0,0.969675829,0.0,0.0,0.95977592,0.0,0.0,0.001571727,0.001399266,0.001333095,0.001571727,0.001494217,0.001659565,0.001571727,165.3230014,165.3230014,288.5754805,1,0.0,0.0,161.9864728,161.9864728,0.0,288.5754805,1,0.0,17.79183079,17.79183079,288.5754805,0,127.4831116,127.4831116,288.5754805,0,0.0,118.4560788,118.4560788,288.5754805,0,0.0,127.0795076,127.0795076,288.5754805,0,0.0,40.14121971,40.14121971,288.5754805,0,0.0,0.55334287,-0.062949438,0.59533279,-9.895142308,0.964294758,0.003295408,0.001667114,0.000276382,135.9699522,135.9699522,288.5754805,0,0.0,24.54137548,24.54137548,290.7487388,0,0.0,1,0.0,0.0,0.0,0.0,0.0,0.0,0.0,0.0,0.0,7.89e-05,0.000100518,0.0,0.0,0.0,0.0,0.0,0.0,0.0,0.0,0.0,0.0,0.0,0.0,0.0,0.0,0.0,0.0,0.0,0.0,0.0,0.0,1.0
98.01999664,1,1,1,1,1,0.85530086,0.14469914,0.91011236,0.668367347,0.489139405,196,0,0,0,0,0,0,490,490,0,0,98,196,1,1,1,1,0.897479325,-1.16978064,0.899406915,-1.419546005,0.792079979,-0.720266341,0.897479325,-1.16978064,0.899593199,-1.321936675,0.905122691,-1.173785083,0.897479325,-1.16978064,0.489139405,1.54545583,,,0.600959566,,,0.539045547,,,0.730851086,,,0.600959566,,,0.562443822,,,0.59991288,,,0.600959566,,,0.000605,0.000447149,0.000646787,0.000605,0.000496352,0.000602721,0.000605,63.63730519,-132.3626948,99.4635174,-1,,0.0,51.76432789,51.76432789,,95.02208077,1,,8.632183098,8.632183098,95.02208077,0,49.07170575,-440.9282942,99.4635174,-4,,39.34893328,-450.6510667,99.37556605,-5,,46.15278593,46.15278593,95.02208077,0,,15.4514437,15.4514437,95.02208077,0,,0.895462701,-0.964074052,0.867533495,-11.84412657,0.657257333,0.005764873,0.00074569,0.000285579,60.81855852,60.81855852,95.02208077,1,,25.35802063,-72.64197937,97.66247795,-1,,1,,,,,,,,,,-0.021381043,0.031486107,0.0,-0.085524172,-0.136524732,0.0,0.014522481,-1.0,0.0,,,,0.0,0.0,0.0,0.0,0.0,0.0,0.0,0.0,-97.66247795,0.0,1.0
281.6300049,0,0,0,0,0,0.345738295,0.654261705,0.333465977,0.206362495,0.46029379,0,0,0,0,0,0,0,0,0,0,0,563,0,1,1,1,1,0.335922127,0.249361208,0.33533861,0.298769094,0.276253094,0.476565382,0.335922127,0.249361208,0.335571841,0.277301553,0.334365633,0.23627493,0.335922127,0.249361208,0.46029379,1.516610215,0.0,0.0,1.109437786,0.0,0.0,1.132503503,0.0,0.0,1.219546252,0.0,0.0,1.109437786,0.0,0.0,1.1224232,0.0,0.0,1.103407639,0.0,0.0,1.109437786,0.0,0.0,0.001047198,0.000871219,0.000999037,0.001047198,0.000918548,0.00103306,0.001047198,110.150106,110.150106,271.5630971,0,0.0,0.0,100.8569908,100.8569908,0.0,272.1434611,0,0.0,13.33341139,13.33341139,273.4136952,0,84.9384425,84.9384425,271.5630971,0,0.0,72.8191489,72.8191489,272.0259912,0,0.0,79.10550679,79.10550679,270.753352,0,0.0,26.74497539,26.74497539,271.5630971,0,0.0,0.336414703,0.208400198,0.342256139,-8.08308818,1.090672022,0.03451276,0.001170279,0.001594524,95.44802224,95.44802224,270.8036615,0,0.0,141.5860995,-421.4139005,279.6579175,-2,0.0,1,0.0,0.0,0.0,0.0,0.0,0.0,0.0,0.0,0.0,0.0,0.0,0.0,0.0,0.0,0.0,0.0,-2.0,0.0,0.0,0.0,0.0,0.0,0.0,0.0,0.0,0.0,0.0,0.0,0.0,-559.3158351,0.0,1.0
189.75,0,0,0,0,0,0.293717487,0.706282513,0.08396339,0.465885308,0.491848713,0,0,0,0,0,0,0,0,0,0,0,0,0,1,1,1,1,0.099359288,1.202891432,0.096362695,1.47446962,0.175382211,0.882796553,0.099359288,1.202891432,0.0964557,1.369661336,0.089323182,1.236558315,0.099359288,1.202891432,0.491848713,1.548165138,0.0,0.0,1.691724287,0.0,0.0,1.904933494,0.0,0.0,1.470855618,0.0,0.0,1.691724287,0.0,0.0,1.819639661,0.0,0.0,1.716801723,0.0,0.0,1.691724287,0.0,0.0,0.001713332,0.001591292,0.001311055,0.001713332,0.001617118,0.001736188,0.001713332,180.2177901,180.2177901,186.6841391,1,0.0,0.0,184.2164638,184.2164638,0.0,186.9130412,1,0.0,17.49768547,17.49768547,186.1708772,0,138.9687124,138.9687124,186.6841391,1,0.0,128.1991507,128.1991507,186.8483917,1,0.0,132.9468923,132.9468923,186.6169905,1,0.0,43.75774601,43.75774601,186.6841391,0,0.0,0.102537266,0.980964104,0.182936956,-6.942346897,1.535337797,0.048108584,0.001750972,0.00239869,142.809448,142.809448,186.4466321,1,0.0,212.9921336,212.9921336,182.4152973,1,0.0,1,0.0,0.0,0.0,0.0,0.0,0.0,0.0,0.0,0.0,0.022608559,0.033969698,0.0,0.022608559,0.029312065,0.02389182,0.01503579,0.753065319,0.0,0.0,0.0,0.0,0.0,0.0,0.0,0.0,0.0,0.0,0.0,0.0,182.4152973,0.0,1.0
292.5299988,1,1,1,1,1,0.709083633,0.290916367,0.883008357,0.854332357,0.609234031,0,0,2048,0,2048,0,1463,878,1463,585,585,585,2048,1,1,1,1,0.838506119,-0.749527552,0.845883853,-0.940101272,0.809332256,-0.801170344,0.838506119,-0.749527552,0.845451516,-0.87143208,0.865270955,-0.847251304,0.838506119,-0.749527552,0.609234031,1.665550456,0.0,0.0,0.682238666,0.0,0.0,0.619032195,0.0,0.0,0.664499206,0.0,0.0,0.682238666,0.0,0.0,0.641102442,0.0,0.0,0.649060038,0.0,0.0,0.682238666,0.0,0.0,0.000887158,0.000692751,0.000799248,0.000887158,0.000763447,0.000863,0.000887158,93.31617927,93.31617927,280.5015297,0,0.0,-1491.115204,80.19654154,-1967.803458,0.0,297.7693398,-7,0.0,10.6669711,10.6669711,280.5015297,0,71.95754247,-806.0424575,298.2230408,-3,0.0,60.52329095,-1402.476709,297.9177585,-5,0.0,66.08335527,-518.9166447,297.922463,-2,0.0,22.65761704,-1440.342383,298.2230408,-5,0.0,0.831359172,-0.599549076,0.744923893,-10.96622956,0.736487245,0.003718317,0.001042848,0.000242981,85.05477581,-499.9452242,299.4624747,-2,0.0,21.57556461,-563.4244354,291.3806776,-2,0.0,0,0.0,0.0,0.0,0.0,0.0,0.0,0.0,0.0,0.0,0.0,-0.096664575,0.0,-0.026333979,-0.059327646,-0.022432337,-0.011233097,-2.0,-0.043889965,0.0,0.0,0.0,-1.558006606,0.0,0.0,0.0,0.0,0.0,0.0,0.0,-582.7613553,0.0,1.0
163.5,0,0,0,0,0,0.614245698,0.385754302,0.578989256,0.777312683,0.420226945,0,0,0,0,0,0,0,818,981,0,0,327,0,1,1,1,1,0.586357748,-0.123238693,0.585177997,-0.144938797,0.649855297,-0.289511865,0.586357748,-0.123238693,0.585107256,-0.134633308,0.58184432,-0.109181636,0.586357748,-0.123238693,0.420226945,1.47654337,0.0,0.0,0.953108447,0.0,0.0,0.945082362,0.0,0.0,0.893307982,0.0,0.0,0.953108447,0.0,0.0,0.948885528,0.0,0.0,0.958343987,0.0,0.0,0.953108447,0.0,0.0,0.000820921,0.000653183,0.000655708,0.000820921,0.000697589,0.000811656,0.000820921,86.34900052,86.34900052,153.47239,1,0.0,0.0,75.61594906,75.61594906,0.0,153.47239,0,0.0,8.751255547,8.751255547,153.47239,0,66.58504368,-751.4149563,171.2786973,-4,0.0,55.30225945,-925.6977406,171.0618539,-5,0.0,62.15171766,62.15171766,153.47239,0,0.0,20.96595254,20.96595254,153.47239,0,0.0,0.587584384,-0.104898962,0.605531336,-9.96816492,0.959944774,0.020555398,0.000951508,0.000860086,77.60511541,77.60511541,153.47239,1,0.0,76.37149169,-250.6285083,161.2400944,-2,0.0,1,0.0,0.0,0.0,0.0,0.0,0.0,0.0,0.0,0.0,0.000237309,0.0,0.0,-0.000949236,-0.001416104,0.0,0.000171934,-2.0,0.0,0.0,0.0,0.0,0.0,0.0,0.0,0.0,0.0,0.0,0.0,0.0,-322.4801889,0.0,0.0
484.0299988,0,0,0,0,0,0.516206483,0.483793517,0.47115002,0.370029301,0.639720539,0,0,0,0,0,0,0,0,0,968,0,0,0,1,1,1,1,0.480136622,0.027742258,0.478453797,0.035911529,0.440815971,0.107665007,0.480136622,0.027742258,0.478683245,0.033030586,0.474551572,0.033328419,0.480136622,0.027742258,0.639720539,1.696036964,,,1.014764004,,,1.019152967,,,1.058527523,,,1.014764004,,,1.01760301,,,1.017763136,,,1.014764004,,,0.001404011,0.001226369,0.001371472,0.001404011,0.001303086,0.001448335,0.001404011,147.6817365,147.6817365,463.2236225,0,,0.0,141.9710298,141.9710298,,463.2236225,0,,18.30402657,18.30402657,463.2588847,0,113.8796606,113.8796606,463.2236225,0,,103.303884,103.303884,463.2236225,0,,110.9048441,-857.0951559,502.3625591,-2,,35.85783575,35.85783575,463.2236225,0,,0.481750533,0.021373235,0.504140147,-9.242193869,1.011355347,0.007577298,0.001511068,0.000529537,123.2428683,123.2428683,463.2236225,0,,47.02032625,47.02032625,467.8220218,0,,1,,,,,,,,,,0.0,0.0,0.0,0.0,0.0,-3.47e-05,0.0,0.0,0.0,,,,0.0,0.0,0.0,0.0,0.0,0.0,0.0,0.0,0.0,0.0,1.0
141.3800049,0,0,0,0,0,0.122864117,0.877135883,0.041666667,0.103918228,0.823785733,0,566,0,0,566,0,0,283,141,283,0,0,566,1,1,1,1,0.048636235,2.112078983,0.047288248,2.56939886,0.072558208,2.021915318,0.048636235,2.112078983,0.047338498,2.387037145,0.044113097,2.115288961,0.048636235,2.112078983,0.823785733,1.880102158,0.0,0.0,3.793961098,0.0,0.0,5.063857775,0.0,0.0,3.584030273,0.0,0.0,3.793961098,0.0,0.0,4.513165923,0.0,0.0,3.801657519,0.0,0.0,3.793961098,0.0,0.0,0.007466726,0.009202219,0.007084607,0.007466726,0.008730689,0.007956881,0.007466726,785.3918503,785.3918503,137.8632429,6,0.0,137.8632429,1065.298078,499.2980781,0.0,139.002023,4,0.0,94.55299811,94.55299811,137.8129328,1,605.6277471,322.6277471,137.8632429,2,0.0,692.1369584,551.1369584,138.570412,4,0.0,609.290232,326.290232,137.6008573,2,0.0,190.6969178,190.6969178,137.8632429,1,0.0,0.050054514,1.736207671,0.083396648,-6.229628337,2.992512222,0.019586259,0.006066037,0.00200421,494.7465624,494.7465624,137.3037147,4,0.0,177.9642158,177.9642158,129.70191,1,0.0,1,0.0,0.0,0.0,0.0,0.0,0.0,0.0,0.0,0.0,0.418207278,0.412613156,0.063877212,0.139402426,0.356121646,0.139826481,0.188401067,0.606379207,0.069701213,0.0,0.0,0.0,0.237136742,0.0,0.0,0.0,0.0,0.0,0.0,0.0,129.70191,0.0,1.0
16.29000092,0,0,0,0,0,0.232092837,0.767907163,0.090330283,0.717036417,-0.052498105,16,0,16,0,16,0,0,0,0,0,0,994,32,1,1,1,1,0.104143114,1.153394469,0.101525274,1.407920112,0.183288819,0.839266406,0.104143114,1.153394469,0.101587802,1.308230004,0.095224714,1.170045786,0.104143114,1.153394469,-0.052498105,1.00381832,,,1.004405317,,,1.005380072,,,1.003203605,,,1.004405317,,,1.004998177,,,1.004469058,,,1.004405317,,,0.000231157,0.000148376,0.000151347,0.000231157,0.000157573,0.000200567,0.000231157,24.31433911,8.314339112,15.95969559,1,,0.0,17.17679246,1.176792462,,16.01223052,0,,2.019922765,2.019922765,15.88441187,0,18.74916122,18.74916122,15.95969559,1,,12.49183045,12.49183045,15.98668337,1,,15.35819568,15.35819568,15.95061968,1,,5.903638453,5.903638453,15.95969559,0,,0.10689903,0.944763456,0.168230993,-6.83705073,1.003607029,0.974280206,0.000317329,0.009773012,25.88137436,25.88137436,15.92595808,2,,867.7964708,-126.2035292,16.1872848,-8,,1,,,,,,,,,,0.020786231,0.0,0.0,0.020786231,0.026741652,0.021390737,0.027893062,-5.843157836,0.0,,,,0.223260071,0.0,0.0,0.0,0.0,0.0,0.0,0.0,-97.12370883,0.0,1.0
46.99000168,1,1,1,1,1,0.75030012,0.24969988,0.883804218,0.622017581,0.300456453,0,141,141,0,282,0,47,0,0,0,0,141,282,1,1,1,1,0.850845407,-0.815426325,0.856127396,-1.009753064,0.732391119,-0.502480706,0.850845407,-0.815426325,0.856131439,-0.938798843,0.870702738,-0.882312593,0.850845407,-0.815426325,0.300456453,1.356772878,0.0,0.0,0.779740656,0.0,0.0,0.734853041,0.0,0.0,0.857862556,0.0,0.0,0.779740656,0.0,0.0,0.750935158,0.0,0.0,0.763989289,0.0,0.0,0.779740656,0.0,0.0,0.000502877,0.000362053,0.000445141,0.000502877,0.000393439,0.000471381,0.000502877,52.89536386,52.89536386,45.46619438,1,0.0,-47.86129084,41.91324519,-240.0867548,0.0,47.76090907,-5,0.0,5.940961523,5.940961523,45.46619438,0,40.78842941,40.78842941,45.46619438,1,0.0,31.19040168,31.19040168,45.46619438,1,0.0,36.09551708,36.09551708,45.46619438,1,0.0,12.84324869,-34.15675131,47.86129084,-1,0.0,0.845573918,-0.659448235,0.778544407,-11.20695581,0.817745931,0.032733933,0.000630963,0.001001473,51.46142711,51.46142711,45.46619438,1,0.0,88.92597977,-52.07402023,46.71946412,-1,0.0,0,0.0,0.0,0.0,0.0,0.0,0.0,0.0,0.0,0.0,0.010389376,-0.079656348,0.0,0.010389376,0.013770989,0.01216368,0.006794875,-1.0,-0.010389376,0.0,0.0,0.0,-25.58357105,0.0,0.0,0.0,0.0,0.0,0.0,0.0,-46.71946412,0.0,1.0
295.230011,1,1,1,1,1,0.707482993,0.292517007,0.705531238,0.657178736,0.624645804,0,0,0,0,0,0,0,0,0,0,0,0,0,1,1,1,1,0.705921602,-0.33040109,0.705815149,-0.39394101,0.688177026,-0.379967791,0.705921602,-0.33040109,0.705871032,-0.366378776,0.705670741,-0.309089086,0.705921602,-0.33040109,0.624645804,1.680962228,0.0,0.0,0.84231669,0.0,0.0,0.81497347,0.0,0.0,0.820909426,0.0,0.0,0.84231669,0.0,0.0,0.826723633,0.0,0.0,0.851691863,0.0,0.0,0.84231669,0.0,0.0,0.001130369,0.000946263,0.001025376,0.001130369,0.001021479,0.001172159,0.001130369,118.8985551,118.8985551,283.5189677,0,0.0,0.0,109.5444856,109.5444856,0.0,283.5189677,0,0.0,13.68492923,13.68492923,283.5189677,0,91.68450632,91.68450632,283.5189677,0,0.0,80.97909181,80.97909181,283.5189677,0,0.0,89.75691487,89.75691487,283.5189677,0,0.0,28.86914091,28.86914091,283.5189677,0,0.0,0.706005593,-0.277258502,0.706908832,-10.69403793,0.865888834,0.003871459,0.001259975,0.000261762,102.7636903,102.7636903,283.5189677,0,0.0,23.24317585,23.24317585,286.9206717,0,0.0,1,0.0,0.0,0.0,0.0,0.0,0.0,0.0,0.0,0.0,0.0,0.0,0.0,0.0,0.0,0.0,0.0,0.0,0.0,0.0,0.0,0.0,0.0,0.0,0.0,0.0,0.0,0.0,0.0,0.0,0.0,0.0,1.0
399.7000122,1,1,1,1,1,0.818327331,0.181672669,0.897731795,0.943491,0.456794984,0,0,0,0,0,0,0,0,0,0,0,0,0,1,1,1,1,0.879302532,-1.006227793,0.882477437,-1.23121027,0.885257441,-1.36172566,0.879302532,-1.006227793,0.882241312,-1.142500193,0.890534495,-1.032850915,0.879302532,-1.006227793,0.456794984,1.513111409,0.0,0.0,0.659187397,0.0,0.0,0.60053883,0.0,0.0,0.568938302,0.0,0.0,0.659187397,0.0,0.0,0.623013497,0.0,0.0,0.651958828,0.0,0.0,0.659187397,0.0,0.0,0.000617311,0.000457737,0.000461675,0.000617311,0.000505157,0.000605137,0.000617311,64.93223604,64.93223604,382.2522954,0,0.0,0.0,52.99004143,52.99004143,0.0,382.2522954,0,0.0,6.161629559,6.161629559,382.2522954,0,50.07024687,50.07024687,382.2522954,0,0.0,40.04699402,40.04699402,382.2522954,0,0.0,46.33775647,46.33775647,382.2522954,0,0.0,15.76585914,15.76585914,382.2522954,0,0.0,0.876216683,-0.823818666,0.836486603,-11.62182772,0.710917148,0.008120286,0.000757607,0.000371972,61.79050704,61.79050704,382.2522954,0,0.0,33.02933084,33.02933084,386.686394,0,0.0,1,0.0,0.0,0.0,0.0,0.0,0.0,0.0,0.0,0.0,0.0,0.0,0.0,0.0,0.0,0.0,0.0,0.0,0.0,0.0,0.0,0.0,0.0,0.0,0.0,0.0,0.0,0.0,0.0,0.0,0.0,0.0,1.0
26.39999962,1,1,1,1,1,0.628651461,0.371348539,0.623557501,0.460862285,0.237721176,0,0,0,0,0,0,0,0,0,0,0,607,0,1,1,1,1,0.624521065,-0.18226516,0.624189377,-0.216827263,0.55543232,-0.100708244,0.624521065,-0.18226516,0.624419295,-0.201995487,0.623881794,-0.169817248,0.624521065,-0.18226516,0.237721176,1.294037601,0.0,0.0,0.954104581,0.0,0.0,0.945642236,0.0,0.0,0.974374758,0.0,0.0,0.954104581,0.0,0.0,0.949264484,0.0,0.0,0.957170899,0.0,0.0,0.954104581,0.0,0.0,0.000523349,0.000385512,0.000416398,0.000523349,0.000411467,0.000494639,0.000523349,55.04873335,55.04873335,24.86531643,2,0.0,24.86531643,44.62888768,44.62888768,0.0,24.86531643,2,0.0,5.557353163,5.557353163,24.86531643,0,42.44892578,42.44892578,24.86531643,2,0.0,32.61958107,32.61958107,24.86531643,1,0.0,37.87648384,37.87648384,24.86531643,2,0.0,13.36609716,13.36609716,24.86531643,1,0.0,0.624759381,-0.153189312,0.626988343,-10.12179924,0.96128227,0.073603081,0.000644703,0.001889912,52.58204828,52.58204828,24.86531643,2,0.0,167.8150462,-439.1849538,26.20132879,-17,0.0,1,0.0,0.0,0.0,0.0,0.0,0.0,0.0,0.0,0.0,0.001038143,0.001469189,0.0,0.001038143,0.000637534,0.000901184,0.000733343,-17.0,0.000519072,0.0,0.0,0.0,0.245622205,0.0,0.0,0.0,0.0,0.0,0.0,0.0,-445.4225894,0.0,1.0
170.2400055,1,1,1,1,1,0.883553421,0.116446579,0.996020692,0.941398075,0.380725308,0,0,170,0,170,0,0,0,0,0,0,0,170,1,1,1,1,0.969300248,-2.82929579,0.973792637,-3.685389382,0.938181819,-2.289979536,0.969300248,-2.82929579,0.973567174,-3.410649527,0.98551878,-3.797295044,0.969300248,-2.82929579,0.380725308,1.437041733,0.0,0.0,0.358486284,0.0,0.0,0.262823392,0.0,0.0,0.435911514,0.0,0.0,0.358486284,0.0,0.0,0.290353544,0.0,0.0,0.252372658,0.0,0.0,0.358486284,0.0,0.0,0.00028142,0.000162971,0.000286301,0.00028142,0.000191494,0.000193106,0.00028142,29.60130049,29.60130049,157.7748003,0,0.0,0.0,18.86638445,-151.1336156,0.0,171.052037,-1,0.0,3.821048061,3.821048061,157.7748003,0,22.82601853,22.82601853,157.7748003,0,0.0,15.18096615,15.18096615,157.7748003,0,0.0,14.7868907,14.7868907,157.7748003,0,0.0,7.187338099,7.187338099,157.7748003,0,0.0,0.964897505,-2.191661872,0.908552587,-12.13782738,0.451731486,0.012264895,0.000413216,0.000464187,33.70190541,33.70190541,157.7748003,0,0.0,41.21753447,41.21753447,160.1285726,0,0.0,1,0.0,0.0,0.0,0.0,0.0,0.0,0.0,0.0,0.0,0.0,-0.212220233,0.0,0.0,0.0,0.0,0.0,0.0,0.0,0.0,0.0,0.0,0.0,0.0,0.0,0.0,0.0,0.0,0.0,0.0,0.0,0.0,1.0
451.519989,0,0,0,0,0,0.174069628,0.825930372,0.01591723,0.511511093,0.794009755,0,0,2709,0,2709,0,903,1806,1355,0,1355,452,2709,1,1,1,1,0.019824506,3.549299004,0.019030938,4.314455409,0.043834644,2.925317565,0.019824506,3.549299004,0.019056962,4.008694129,0.017232179,3.539134054,0.019824506,3.549299004,0.794009755,1.85032618,0.0,0.0,8.882681754,0.0,0.0,14.22429813,0.0,0.0,6.050428424,0.0,0.0,8.882681754,0.0,0.0,11.78464938,0.0,0.0,8.827292896,0.0,0.0,8.882681754,0.0,0.0,0.016552746,0.024249476,0.009947221,0.016552746,0.021385634,0.017403512,0.016552746,1741.110091,1741.110091,450.3322059,4,0.0,-504.4818989,2807.249032,98.24903151,0.0,454.7492375,0,0.0,132.7581909,132.7581909,447.9865481,0,1342.596796,-463.403204,504.4818989,-1,0.0,1695.374591,340.3745906,453.2195364,1,0.0,1332.656619,1332.656619,449.4958886,3,0.0,422.7499022,-480.2500978,504.4818989,-1,0.0,0.020683324,2.918433128,0.051046686,-5.997999377,6.024850486,0.024948527,0.011648957,0.002406447,950.090007,-404.909993,504.4818989,-1,0.0,213.6809503,-238.3190497,435.8043866,-1,0.0,0,0.0,0.0,0.0,0.0,0.0,0.0,0.0,0.0,0.0,0.787345214,0.0,0.0,-0.196836303,0.251087947,0.587131399,-0.133082061,-0.562124946,-0.196836303,0.0,0.0,0.0,-43.82203872,450.3322059,0.0,0.0,0.0,0.0,449.4958886,0.0,-435.8043866,0.0,1.0
107.9700012,0,0,0,0,0,0.048419368,0.951580632,0.059689614,0.069903725,0.513412883,0,0,0,0,0,0,0,0,0,0,0,0,0,1,1,1,1,0.056833236,1.889546536,0.057315123,2.2404887,0.058334105,2.391663555,0.056833236,1.889546536,0.057277583,2.083998102,0.058555168,1.731879113,0.056833236,1.889546536,0.513412883,1.569729308,0.0,0.0,2.344336828,0.0,0.0,2.746269652,0.0,0.0,2.939997481,0.0,0.0,2.344336828,0.0,0.0,2.559165915,0.0,0.0,2.183457906,0.0,0.0,2.344336828,0.0,0.0,0.002489302,0.002424651,0.002773503,0.002489302,0.002403864,0.002325498,0.002489302,261.8386051,261.8386051,106.987493,2,0.0,106.987493,280.6905179,280.6905179,0.0,107.1223262,3,0.0,37.01589051,37.01589051,107.2670513,0,201.9077795,201.9077795,106.987493,2,0.0,190.5694854,190.5694854,107.0472807,2,0.0,178.0726796,178.0726796,106.8596789,2,0.0,63.57567238,63.57567238,106.987493,1,0.0,0.056369933,1.594327723,0.050774628,-5.996051414,2.052148833,0.066961416,0.002438213,0.003514071,198.8609048,198.8609048,106.8884393,2,0.0,312.032564,312.032564,105.5671385,3,0.0,1,0.0,0.0,0.0,0.0,0.0,0.0,0.0,0.0,0.0,0.111574566,0.235302638,0.0,0.111574566,0.135720253,0.093731414,0.079433778,1.685279651,0.055787283,0.0,0.0,0.0,0.0,0.0,0.0,0.0,0.0,0.0,0.0,0.0,211.1342769,0.0,1.0
87.58999634,0,1,0,0,0,0.56102441,0.43897559,0.535216872,0.564671411,0.4262709,0,0,0,0,0,0,0,0,0,0,0,175,0,1,1,1,1,0.540612603,-0.056936591,0.539689626,-0.066373377,0.553681106,-0.097470079,0.540612603,-0.056936591,0.539719425,-0.061754392,0.537293446,-0.048950676,0.540612603,-0.056936591,0.4262709,1.482587325,,,0.977828493,,,0.974201528,,,0.962344657,,,0.977828493,,,0.97597512,,,0.980908373,,,0.977828493,,,0.000854061,0.000684403,0.000718313,0.000854061,0.000729337,0.000843571,0.000854061,89.83488598,89.83488598,81.78184155,1,0.0,0.0,79.23017756,79.23017756,,81.78184155,1,0.0,9.586796262,9.586796262,81.78184155,0,69.27306362,69.27306362,81.78184155,1,,57.81912957,57.81912957,81.78184155,1,,64.59560962,64.59560962,81.78184155,1,,21.81234229,21.81234229,81.78184155,0,0.0,0.541535506,-0.04884963,0.554541965,-9.603075925,0.980947404,0.022786585,0.000984158,0.000967969,80.26804426,80.26804426,81.78184155,1,,85.95094456,-89.04905544,85.99136728,-1,,1,0.015365883,0.016978618,0.026548432,0.0146653,0.015365883,2.235837189,0.015770691,0.011954942,0.015365883,5.07e-05,6.88e-05,0.0,5.07e-05,5.96e-05,3.74e-05,3.73e-05,-1.0,0.0,0.164043407,0.164043407,0.000118794,0.0,0.0,0.0,0.0,0.0,0.0,0.0,0.0,-85.99136728,0.0,1.0
116.6200027,0,0,0,0,0,0.032813125,0.967186875,0.013131715,0.00083717,0.573893387,700,233,466,0,699,0,583,350,350,700,233,350,1399,1,1,1,1,0.014939531,4.004035951,0.014415823,4.843688878,0.002182212,7.742180045,0.014939531,4.004035951,0.014672074,4.472782863,0.013729845,3.874392,0.014939531,4.004035951,0.573893387,1.630209812,,,7.076697243,,,10.66698033,,,43.97718359,,,7.076697243,,,8.898547075,,,6.642239478,,,7.076697243,,,0.008551458,0.010955667,0.009947221,0.008551458,0.009724659,0.008150119,0.008551458,899.4900449,199.4900449,115.8104872,2,,-380.4914369,1268.286648,569.2866482,,117.3606674,5,,132.7581909,132.7581909,117.9034255,1,693.6106216,343.6106216,115.8104872,3,,770.9352841,420.9352841,116.7019638,4,,624.0872559,-75.91274405,126.830479,-1,,218.4005081,-364.5994919,126.830479,-3,,0.015386764,3.319351502,0.022882004,-5.796337438,5.064199312,0.058852517,0.006729579,0.003552371,548.8650551,315.8650551,115.3150465,3,,315.4334256,-34.56657438,115.7929797,0,,0,,,,,,,,,,0.501009497,1.832915777,0.936583623,0.751514245,1.250361658,-0.234545521,0.516473175,0.0,-0.751514245,,,,-16.5683178,115.8104872,234.7213349,117.9034255,115.8104872,116.7019638,0.0,115.3150465,0.0,-126.830479,1.0
1.99000001,1,1,1,1,1,0.588635454,0.411364546,0.733386391,0.323984931,0.064480453,2,20,0,0,20,0,10,0,16,0,0,551,22,0,0,0,0,0.6958521,-0.309700321,0.701455695,-0.383126643,0.480054385,0.035945017,0.6958521,-0.309700321,0.701912997,-0.357240603,0.718232782,-0.334462752,0.6958521,-0.309700321,0.064480453,1.120796877,,,0.965298207,,,0.957248998,,,1.00410758,,,0.965298207,,,0.960079012,,,0.962576141,,,0.965298207,,,0.0,0.0,0.0,0.0,0.0,0.0,0.0,0.0,-2.0,2.065324905,-1,,-10.32662452,0.0,-20.0,,2.062376164,-10,,0.0,0.0,1.96084167,0,0.0,0.0,1.96084167,0,,0.0,-16.0,2.063345979,-8,,0.0,0.0,1.96084167,0,,0.0,-10.0,2.065324905,-5,,0.690095268,-0.250135021,0.617273623,-10.05224087,0.971877627,0.31779243,0.0,0.0,0.0,0.0,1.96084167,0,,0.0,-551.0,1.96084167,-281,,0,,,,,,,,,,-0.001498661,-0.022935316,0.0,0.0,-0.015952606,0.0,0.0,-281.0,-0.007493304,,,,0.002179878,0.0,0.0,0.0,0.0,0.0,0.0,0.0,-550.9965093,0.0,1.0
62.04999924,1,1,1,1,1,0.858743497,0.141256503,0.956625547,0.578484722,0.528046962,0,0,0,0,0,0,62,496,931,558,248,434,0,1,1,1,1,0.933254571,-1.673443448,0.936781246,-2.081752562,0.754009742,-0.572592765,0.933254571,-1.673443448,0.937132661,-1.943646967,0.94733252,-1.870947718,0.933254571,-1.673443448,0.528046962,1.584363387,0.0,0.0,0.462971543,0.0,0.0,0.383664629,0.0,0.0,0.768359718,0.0,0.0,0.462971543,0.0,0.0,0.408839481,0.0,0.0,0.422748546,0.0,0.0,0.462971543,0.0,0.0,0.000507451,0.000351546,0.000752956,0.000507451,0.000398567,0.000466169,0.000507451,53.37657118,53.37657118,58.49463415,1,0.0,-63.43398691,40.69682045,40.69682045,0.0,58.49463415,1,0.0,10.04914143,10.04914143,58.49463415,0,41.15949579,-454.8405042,63.43398691,-7,0.0,31.59692333,-899.4030767,63.3305382,-14,0.0,35.6964181,-522.3035819,63.3314027,-8,0.0,12.96008815,-49.03991185,63.43398691,-1,0.0,0.929573105,-1.345735132,0.879805253,-11.93199359,0.538329745,0.004124144,0.000657421,0.000223993,53.6193385,-194.3806615,63.72463265,-3,0.0,19.8895369,-414.1104631,61.55688699,-7,0.0,0,0.0,0.0,0.0,0.0,0.0,0.0,0.0,0.0,0.0,0.043756453,0.067713965,0.0,-0.306295169,-0.826385773,-0.43755567,-0.084890768,-7.0,-0.043756453,0.0,0.0,0.0,0.0,0.0,0.0,0.0,0.0,-63.3305382,0.0,0.0,-430.8982089,0.0,0.0
229.0099945,0,0,0,0,0,0.306122449,0.693877551,0.299243932,0.286312265,0.826616283,458,687,0,0,687,0,229,916,916,916,229,0,1145,1,1,1,1,0.300697291,0.316697659,0.300433934,0.378499765,0.296639901,0.419423034,0.300697291,0.316697659,0.300463077,0.351826816,0.2998005,0.29846138,0.300697291,0.316697659,0.826616283,1.882932708,,,1.221910896,,,1.270646975,,,1.303983348,,,1.221910896,,,1.249379146,,,1.207890523,,,1.221910896,,,0.002417193,0.002323004,0.002593551,0.002417193,0.002431519,0.0025424,0.002417193,254.2538381,-203.7461619,235.1585899,-1,,-235.1585899,268.9234111,-418.0765889,,235.1585899,-2,,34.61420986,34.61420986,224.0680743,0,196.0590489,-719.9409511,235.1585899,-3,,192.7618756,-723.2381244,235.1585899,-3,,194.6817358,-721.3182642,235.1585899,-3,,61.73405448,-167.2659455,235.1585899,-1,,0.30095146,0.265182298,0.304385745,-7.811932376,1.18271832,0.00712868,0.002408158,0.000733532,196.4095884,-32.59041161,235.1585899,0,,65.13410555,65.13410555,222.3361113,0,,0,,,,,,,,,,-0.001567147,-0.00447694,0.0,-0.004701441,-0.005802286,-0.004175587,0.0,0.0,-0.001567147,,,,-0.686245064,0.0,0.0,0.0,0.0,0.0,0.0,0.0,0.0,0.0,1.0
71.76000214,0,0,0,0,0,0.280512205,0.719487795,0.321130123,0.277521976,0.657948014,0,0,0,0,0,0,0,0,0,0,0,0,0,1,1,1,1,0.311349744,0.295400776,0.312968302,0.348678553,0.291283305,0.433940787,0.311349744,0.295400776,0.312913612,0.32428605,0.317271294,0.266043765,0.311349744,0.295400776,0.657948014,1.714264439,0.0,0.0,1.172591573,0.0,0.0,1.206751686,0.0,0.0,1.263501936,0.0,0.0,1.172591573,0.0,0.0,1.190990152,0.0,0.0,1.154183718,0.0,0.0,1.172591573,0.0,0.0,0.001682789,0.001515564,0.00171039,0.001682789,0.001591814,0.001709546,0.001682789,177.0051349,177.0051349,69.4470061,3,0.0,69.4470061,175.4498204,175.4498204,0.0,69.59290131,3,0.0,22.82730579,22.82730579,69.74941091,0,136.4913846,136.4913846,69.4470061,2,0.0,126.1931986,126.1931986,69.51447581,2,0.0,130.9067771,130.9067771,69.39157854,2,0.0,42.97769788,42.97769788,69.4470061,1,0.0,0.309754261,0.250383564,0.289389227,-7.704555808,1.144482715,0.015722963,0.001764963,0.001143138,143.9505231,143.9505231,69.41778843,2,0.0,101.5051443,101.5051443,69.12156955,1,0.0,1,0.0,0.0,0.0,0.0,0.0,0.0,0.0,0.0,0.0,0.004090388,0.005698909,0.0,0.002726926,0.003286295,0.002211853,0.001959123,0.927502816,0.001363463,0.0,0.0,0.0,12.70184108,0.0,0.0,0.0,0.0,0.0,0.0,0.0,69.12156955,0.0,1.0
148.4499969,1,1,1,1,1,0.589835934,0.410164066,0.598885794,0.323566346,0.645855796,0,0,0,0,0,0,0,0,0,594,0,0,0,1,1,1,1,0.596604249,-0.138667124,0.596622147,-0.16547872,0.458256794,0.075533032,0.596604249,-0.138667124,0.597101581,-0.154654517,0.597893556,-0.131766854,0.596604249,-0.138667124,0.645855796,1.702172221,0.0,0.0,0.928896677,0.0,0.0,0.915743483,0.0,0.0,1.040994404,0.0,0.0,0.928896677,0.0,0.0,0.921031037,0.0,0.0,0.932312261,0.0,0.0,0.928896677,0.0,0.0,0.001301176,0.001117969,0.001368872,0.001301176,0.001196598,0.001344794,0.001301176,136.8649807,136.8649807,140.5360972,1,0.0,0.0,129.4221191,129.4221191,0.0,140.5360972,1,0.0,18.26932234,18.26932234,140.5360972,0,105.5386937,105.5386937,140.5360972,1,0.0,94.86190931,94.86190931,140.5360972,1,0.0,102.9762587,-491.0237413,156.3917864,-3,0.0,33.23147543,33.23147543,140.5360972,0,0.0,0.596384284,-0.116021269,0.591108337,-9.864894806,0.940153313,0.00526229,0.001419784,0.000372701,115.7977029,115.7977029,140.5360972,1,0.0,33.09406228,33.09406228,141.7647774,0,0.0,1,0.0,0.0,0.0,0.0,0.0,0.0,0.0,0.0,0.0,0.000300446,0.000427863,0.0,0.000300446,0.000373719,-0.000813867,0.000210327,0.0,0.0,0.0,0.0,0.0,0.0,0.0,0.0,0.0,0.0,0.0,0.0,0.0,0.0,0.0,0.0
112.0699997,1,1,1,1,1,0.274909964,0.725090036,0.353362515,0.059439096,0.885569818,224,112,1009,0,1121,0,0,1457,1233,1233,784,336,1345,1,1,1,1,0.331900567,0.256631999,0.334267716,0.301072377,0.124129852,1.264013778,0.331900567,0.256631999,0.335610762,0.277223923,0.344397606,0.21957351,0.331900567,0.256631999,0.885569818,1.941886243,,,1.185679868,,,1.221170263,,,2.313762807,,,1.185679868,,,1.201994633,,,1.156874659,,,1.185679868,,,0.002606331,0.002525636,0.005221996,0.002606331,0.002646659,0.002732979,0.002606331,274.1484257,50.14842574,109.3190051,0,,109.3190051,292.381073,-828.618927,,115.4264269,-7,,69.69410624,69.69410624,110.5360747,1,211.4000717,-1245.599928,115.4264269,-11,,209.8174454,-1023.182555,115.4264269,-9,,209.2751499,-1023.72485,115.4264269,-9,,66.56455602,66.56455602,109.3190051,1,,0.328995941,0.219694814,0.288530531,-7.698407458,1.156967796,0.006041376,0.002580883,0.000696787,210.4970819,-573.5029181,115.4264269,-5,,61.87128847,-274.1287115,111.8166161,-2,,1,0.005665384,0.006332606,0.009416583,0.005445857,0.005665384,0.390540405,0.005724762,0.004182523,0.005665384,0.0,-0.009914251,0.024964544,-0.011319685,-0.010807468,-0.006779887,-0.003770766,-1.852046168,0.001029062,-0.192404422,0.192404422,0.000263679,0.355311002,0.0,0.0,0.0,0.0,0.0,0.0,0.0,-223.6332321,0.0,1.0
125.3000031,1,1,1,1,1,0.861144458,0.138855542,0.976522085,0.219757221,0.615476048,501,0,251,0,251,0,376,752,752,1128,1504,626,752,1,1,1,1,0.94713635,-1.991459077,0.949734075,-2.462561844,0.431105722,0.125806211,0.94713635,-1.991459077,0.952602162,-2.38498045,0.964256796,-2.421486066,0.94713635,-1.991459077,0.615476048,1.671792473,,,0.359369696,,,0.28209775,,,1.066787032,,,0.359369696,,,0.293571858,,,0.288115758,,,0.359369696,,,0.000473328,0.000320452,0.001302943,0.000473328,0.000354871,0.000388486,0.000473328,49.78724647,-451.2127535,127.6437473,-4,,-382.931242,37.09726892,-213.9027311,,127.2531323,-2,,17.38942112,17.38942112,117.5708434,0,38.39171225,-713.6082878,127.6437473,-6,,28.13290864,-723.8670914,127.303841,-6,,29.74796581,-1098.252034,127.2493472,-9,,12.08858285,-363.9114172,127.6437473,-3,,0.943335728,-1.588250107,0.881688745,-11.94547958,0.44211025,0.002157643,0.00063299,0.000142961,51.62668669,-1452.373313,128.1526066,-11,,12.69428104,-613.305719,122.2357831,-5,,0,,,,,,,,,,-0.247869328,-0.189506589,0.0,-0.371803993,-0.533262351,-0.824568014,-0.433561288,-5.0,-0.185901996,,,,-0.00456788,0.0,0.0,0.0,0.0,-127.303841,-127.2493472,0.0,-611.1789157,0.0,1.0
72.12999725,0,0,0,0,0,0.37695078,0.62304922,0.309192201,0.443700293,0.796307894,0,0,0,0,0,0,0,0,0,0,0,0,0,1,1,1,1,0.321760252,0.275407406,0.319581097,0.333512016,0.370536318,0.245505205,0.321760252,0.275407406,0.319619333,0.309987045,0.313947471,0.272044933,0.321760252,0.275407406,0.796307894,1.852624319,0.0,0.0,1.18508806,0.0,0.0,1.228316547,0.0,0.0,1.163437857,0.0,0.0,1.18508806,0.0,0.0,1.210627716,0.0,0.0,1.182633548,0.0,0.0,1.18508806,0.0,0.0,0.002217789,0.00210445,0.002165068,0.002217789,0.002207876,0.002342492,0.002217789,233.2793847,233.2793847,70.30210224,3,0.0,70.30210224,243.6223924,243.6223924,0.0,70.51777589,3,0.0,28.89555685,28.89555685,70.28864841,0,179.885325,179.885325,70.30210224,3,0.0,175.0322793,175.0322793,70.41875582,2,0.0,179.3739617,179.3739617,70.29446094,3,0.0,56.64135634,56.64135634,70.30210224,1,0.0,0.323975335,0.227499763,0.358010202,-8.195888845,1.150592559,0.00638623,0.002232844,0.00061883,182.1109923,182.1109923,70.28768301,3,0.0,54.94910264,54.94910264,70.08670449,1,0.0,1,0.0,0.0,0.0,0.0,0.0,0.0,0.0,0.0,0.0,0.003555433,0.005213919,0.0,0.003555433,0.003002874,0.003469146,0.002426069,1.0,0.001185144,0.0,0.0,0.0,0.0,0.0,0.0,0.0,0.0,0.0,0.0,0.0,70.08670449,0.0,1.0
246.8899994,1,1,1,1,1,0.863545418,0.136454582,0.829685635,0.824194224,0.776010246,0,0,0,0,0,0,0,0,0,0,0,0,0,1,1,1,1,0.836779052,-0.740930328,0.835535271,-0.876734693,0.838306988,-0.965843845,0.836779052,-0.740930328,0.83561709,-0.815547049,0.832408967,-0.674441486,0.836779052,-0.740930328,0.776010246,1.832326671,0.0,0.0,0.638459234,0.0,0.0,0.588052676,0.0,0.0,0.55716043,0.0,0.0,0.638459234,0.0,0.0,0.610251363,0.0,0.0,0.664691203,0.0,0.0,0.638459234,0.0,0.0,0.001150641,0.000964055,0.000991043,0.001150641,0.001064915,0.001263377,0.001150641,121.0308454,121.0308454,235.2727985,1,0.0,0.0,111.6041945,111.6041945,0.0,235.2727985,0,0.0,13.22671106,13.22671106,235.2727985,0,93.32874818,93.32874818,235.2727985,0,0.0,84.42253124,84.42253124,235.2727985,0,0.0,96.74181121,96.74181121,235.2727985,0,0.0,29.38687124,29.38687124,235.2727985,0,0.0,0.838004521,-0.626529454,0.855002556,-11.7544038,0.684259656,0.000810136,0.001285262,7.54e-05,104.8260531,104.8260531,235.2727985,0,0.0,6.692154633,6.692154633,237.7194669,0,0.0,1,0.0,0.0,0.0,0.0,0.0,0.0,0.0,0.0,0.0,0.008577777,0.0,0.0,0.0,0.0,0.0,0.0,0.0,0.0,0.0,0.0,0.0,0.0,0.0,0.0,0.0,0.0,0.0,0.0,0.0,0.0,0.0,1.0
348.6000061,0,0,0,0,0,0.481392557,0.518607443,0.482292081,0.868564253,0.61350954,0,0,0,0,0,0,0,0,0,0,0,0,0,1,1,1,1,0.482224609,0.024820202,0.482396022,0.029327332,0.572251674,-0.132128781,0.482224609,0.024820202,0.482181834,0.027598122,0.482312154,0.023141507,0.482224609,0.024820202,0.61350954,1.669825965,0.0,0.0,1.012807117,0.0,0.0,1.015150312,0.0,0.0,0.934498749,0.0,0.0,1.012807117,0.0,0.0,1.014250679,0.0,0.0,1.011935769,0.0,0.0,1.012807117,0.0,0.0,0.001328615,0.001147754,0.001135876,0.001328615,0.001220268,0.001358463,0.001328615,139.751104,139.751104,332.5685565,0,0.0,0.0,132.8701833,132.8701833,0.0,332.5685565,0,0.0,15.15969219,15.15969219,332.5685565,0,107.7642278,107.7642278,332.5685565,0,0.0,96.73836696,96.73836696,332.5685565,0,0.0,104.0229673,104.0229673,332.5685565,0,0.0,33.93224004,33.93224004,332.5685565,0,0.0,0.482141815,0.02091409,0.482006164,-9.083712336,1.010780758,0.009491149,0.001442147,0.000626132,117.6216194,117.6216194,332.5685565,0,0.0,55.59752325,55.59752325,334.6405984,0,0.0,1,0.0,0.0,0.0,0.0,0.0,0.0,0.0,0.0,0.0,0.0,0.0,0.0,0.0,0.0,0.0,0.0,0.0,0.0,0.0,0.0,0.0,0.0,0.0,0.0,0.0,0.0,0.0,0.0,0.0,0.0,0.0,1.0
340.0100098,1,1,1,1,1,0.990396158,0.009603842,0.987664146,0.994976978,0.602138243,0,0,0,0,0,0,0,0,0,0,0,0,0,1,1,1,1,0.98825811,-4.369436559,0.988160398,-5.198772026,0.99113094,-6.140449407,0.98825811,-4.369436559,0.988159517,-4.833200101,0.987894958,-4.052157546,0.98825811,-4.369436559,0.602138243,1.658454668,0.0,0.0,0.109652626,0.0,0.0,0.07207938,0.0,0.0,0.0447632,0.0,0.0,0.109652626,0.0,0.0,0.086721846,0.0,0.0,0.128743816,0.0,0.0,0.109652626,0.0,0.0,0.000140521,7.93e-05,5.29e-05,0.000140521,0.000101521,0.000168465,0.000140521,14.78081327,14.78081327,328.7791793,0,0.0,0.0,9.179834238,9.179834238,0.0,328.8186077,0,0.0,0.706099019,0.706099019,329.0959865,0,11.39771267,11.39771267,328.7791793,0,0.0,8.048205847,8.048205847,328.7791793,0,0.0,12.90003148,12.90003148,328.7791793,0,0.0,3.588852537,3.588852537,328.7791793,0,0.0,0.988357205,-3.675070887,0.989740154,-12.71913848,0.155802233,0.001605312,0.000217841,0.000103258,17.76712202,17.76712202,328.7791793,0,0.0,9.168803829,9.168803829,331.6199032,0,0.0,1,0.0,0.0,0.0,0.0,0.0,0.0,0.0,0.0,0.0,0.0,0.0,0.0,0.0,0.0,0.0,0.0,0.0,0.0,0.0,0.0,0.0,0.0,0.0,0.0,0.0,0.0,0.0,0.0,0.0,0.0,0.0,1.0
101.5,1,1,1,1,1,0.714285714,0.285714286,0.647831277,0.39179573,0.262439649,0,0,0,0,0,0,0,0,0,0,0,609,0,1,1,1,1,0.660873663,-0.243635249,0.658247315,-0.28513716,0.539018201,-0.0705553,0.660873663,-0.243635249,0.65882389,-0.266222132,0.652713138,-0.214858309,0.660873663,-0.243635249,0.262439649,1.318756074,0.0,0.0,0.934810751,0.0,0.0,0.924137606,0.0,0.0,0.980667448,0.0,0.0,0.934810751,0.0,0.0,0.928986831,0.0,0.0,0.94228367,0.0,0.0,0.934810751,0.0,0.0,0.000547045,0.000406374,0.000452894,0.000547045,0.000434372,0.000522697,0.000547045,57.54123269,57.54123269,96.34133683,1,0.0,0.0,47.04401404,47.04401404,0.0,96.34133683,0,0.0,6.044436189,6.044436189,96.34133683,0,44.37093039,44.37093039,96.34133683,0,0.0,34.43543128,34.43543128,96.34133683,0,0.0,40.02503584,40.02503584,96.34133683,0,0.0,13.97128799,13.97128799,96.34133683,0,0.0,0.663301304,-0.207973243,0.695907697,-10.6152687,0.944080451,0.053017816,0.000669652,0.001460096,54.61689369,54.61689369,96.34133683,1,0.0,129.6494887,-479.3505113,100.8313317,-5,0.0,1,0.0,0.0,0.0,0.0,0.0,0.0,0.0,0.0,0.0,0.000927471,0.0,0.0,0.0,0.0,0.0,0.000675826,-5.0,0.0,0.0,0.0,0.0,0.0,0.0,0.0,0.0,0.0,0.0,0.0,0.0,-504.1566586,0.0,1.0
76.97000122,0,0,0,0,0,0.105642257,0.894357743,0.10465579,0.175387191,0.524125,0,0,0,0,0,0,0,0,0,0,0,0,0,1,1,1,1,0.10489278,1.145956004,0.104883129,1.367374688,0.122564137,1.279493308,0.10489278,1.145956004,0.104843493,1.271688277,0.10475626,1.075011937,0.10489278,1.145956004,0.524125,1.580441425,0.0,0.0,1.689628809,0.0,0.0,1.869840485,0.0,0.0,1.796121197,0.0,0.0,1.689628809,0.0,0.0,1.789716189,0.0,0.0,1.635645404,0.0,0.0,1.689628809,0.0,0.0,0.001836328,0.001696399,0.001742317,0.001836328,0.001727518,0.001786981,0.001836328,193.1552043,193.1552043,75.92033,3,0.0,75.92033,196.3842371,196.3842371,0.0,75.98189844,3,0.0,23.2534178,23.2534178,75.96789379,0,148.9449518,148.9449518,75.92033,2,0.0,136.9512623,136.9512623,75.96288773,2,0.0,136.83627,136.83627,75.85683565,2,0.0,46.8990124,46.8990124,75.92033,1,0.0,0.104919258,0.960905308,0.105478181,-6.387734322,1.552412832,0.05373489,0.001881982,0.002891838,153.4946366,153.4946366,75.86189544,2,0.0,256.7812816,256.7812816,74.99611104,3,0.0,1,0.0,0.0,0.0,0.0,0.0,0.0,0.0,0.0,0.0,0.061556961,0.087642822,0.0,0.041037974,0.050537221,0.036114083,0.028854344,1.912647645,0.020518987,0.0,0.0,0.0,0.001924983,0.0,0.0,0.0,0.0,0.0,0.0,0.0,149.9922221,0.0,1.0
154.8399963,1,1,1,1,1,0.732292917,0.267707083,0.77477119,0.456257848,0.493473166,0,155,310,0,465,0,0,0,0,0,0,0,465,1,1,1,1,0.764857467,-0.473611284,0.766165572,-0.569527912,0.61177833,-0.209098046,0.764857467,-0.473611284,0.766587259,-0.530834486,0.770797966,-0.45988279,0.764857467,-0.473611284,0.493473166,1.549789591,0.0,0.0,0.812614717,0.0,0.0,0.779173841,0.0,0.0,0.912461065,0.0,0.0,0.812614717,0.0,0.0,0.79249525,0.0,0.0,0.817517093,0.0,0.0,0.812614717,0.0,0.0,0.000825951,0.000653622,0.000816832,0.000825951,0.000707256,0.000830002,0.000825951,86.87812089,86.87812089,149.5332708,1,0.0,0.0,75.66678247,-389.3332175,0.0,158.3950733,-2,0.0,10.90165098,10.90165098,149.5332708,0,66.99305654,66.99305654,149.5332708,0,0.0,56.06865769,56.06865769,149.5332708,0,0.0,63.55654801,63.55654801,149.5332708,0,0.0,21.09442551,21.09442551,149.5332708,0,0.0,0.763364176,-0.393678901,0.741331039,-10.94050437,0.841576572,0.008285529,0.000962759,0.000414722,78.52269481,78.52269481,149.5332708,1,0.0,36.82535493,36.82535493,149.9970968,0,0.0,1,0.0,0.0,0.0,0.0,0.0,0.0,0.0,0.0,0.0,0.003504807,-0.010136314,0.0,0.0,0.0,0.0,0.002421611,0.0,0.0,0.0,0.0,0.0,0.0,0.0,0.0,0.0,0.0,0.0,0.0,0.0,0.0,0.0,1.0
11.68000031,0,0,0,0,0,0.084573748,0.915426252,0.209785523,0.190789474,0.274114157,0,0,0,0,0,0,0,0,0,0,0,70,0,1,1,1,1,0.158893966,0.762744156,0.165867068,0.868625769,0.138663434,1.133642014,0.158893966,0.762744156,0.165432298,0.809891844,0.186693971,0.596472875,0.158893966,0.762744156,0.274114157,1.330430582,,,1.243295439,,,1.281453456,,,1.382174222,,,1.243295439,,,1.260144322,,,1.185654067,,,1.243295439,,,0.000749833,0.000583723,0.000661806,0.000749833,0.000610379,0.000679766,0.000749833,78.87160807,78.87160807,11.11519654,7,,22.23039308,67.57489461,67.57489461,,11.1586652,6,,8.83264115,8.83264115,11.23577078,1,60.81911124,60.81911124,11.11519654,5,,48.38862901,48.38862901,11.13739117,4,,52.05238981,52.05238981,11.0401418,5,,19.1504057,19.1504057,11.11519654,2,,0.152576472,0.667878719,0.099017188,-6.341472971,1.21007354,0.163571145,0.00088102,0.004654072,71.85604834,71.85604834,11.10591336,6,,413.2592104,343.2592104,10.8014209,32,,1,,,,,,,,,,0.06363204,0.070735381,0.020080378,0.045451457,0.0409953,0.027795304,0.041818311,20.10713972,0.018180583,,,,0.016050595,0.0,0.0,0.0,0.0,0.0,0.0,0.0,216.0284179,0.0,1.0
120.7600021,1,1,1,1,1,0.484593838,0.515406162,0.463191405,0.334030975,0.523593985,0,0,0,0,0,0,0,0,0,0,0,0,0,1,1,1,1,0.46755043,0.04541069,0.466652748,0.055689075,0.412473942,0.161270441,0.46755043,0.04541069,0.466880632,0.051418222,0.464826,0.046147344,0.46755043,0.04541069,0.523593985,1.579910409,0.0,0.0,1.020986588,0.0,0.0,1.025797551,0.0,0.0,1.076548362,0.0,0.0,1.020986588,0.0,0.0,1.023795763,0.0,0.0,1.021330639,0.0,0.0,1.020986588,0.0,0.0,0.001108357,0.000929397,0.001042862,0.001108357,0.000986887,0.001114424,0.001108357,116.5832123,116.5832123,115.6937828,1,0.0,0.0,107.5919562,107.5919562,0.0,115.6937828,1,0.0,13.91830443,13.91830443,116.666579,0,89.89910981,89.89910981,115.6937828,1,0.0,78.23675208,78.23675208,115.6937828,1,0.0,85.33593637,85.33593637,115.6937828,1,0.0,28.30696453,28.30696453,115.6937828,0,0.0,0.468363975,0.037125687,0.478827397,-9.060952044,1.017125088,0.015856262,0.001231829,0.000852272,100.4681077,100.4681077,115.6937828,1,0.0,75.67765153,75.67765153,116.921651,1,0.0,1,0.0,0.0,0.0,0.0,0.0,0.0,0.0,0.0,0.0,3.22e-05,4.85e-05,0.0,3.22e-05,4.13e-05,3.33e-05,2.15e-05,1.0,0.0,0.0,0.0,0.0,0.0,0.0,0.0,0.0,0.0,0.0,0.0,0.0,116.921651,0.0,1.0
79.01999664,0,0,0,0,0,0.386154462,0.613845538,0.302427378,0.720385098,0.629927897,0,0,0,0,0,0,316,0,0,0,0,395,0,1,1,1,1,0.317423292,0.283643689,0.314856847,0.344309224,0.417610932,0.151395961,0.317423292,0.283643689,0.314833073,0.320156757,0.30808554,0.282813556,0.317423292,0.283643689,0.629927897,1.686244322,0.0,0.0,1.159750499,0.0,0.0,1.197101077,0.0,0.0,1.082317915,0.0,0.0,1.159750499,0.0,0.0,1.182088879,0.0,0.0,1.159247568,0.0,0.0,1.159750499,0.0,0.0,0.001573148,0.001407508,0.001369396,0.001573148,0.001479023,0.001614292,0.001573148,165.4724299,165.4724299,74.17741297,2,0.0,-252.3914207,162.9406388,162.9406388,0.0,74.43669103,2,0.0,18.27631342,18.27631342,72.96768784,0,127.5983382,127.5983382,74.17741297,2,0.0,117.2515481,117.2515481,74.3398473,2,0.0,123.6128238,123.6128238,73.96170695,2,0.0,40.17750166,-275.8224983,84.13047356,-3,0.0,0.32006897,0.233667877,0.362133653,-8.225413172,1.129858433,0.013598316,0.001659427,0.000930164,135.3430454,135.3430454,73.7203103,2,0.0,82.59406423,-312.4059358,77.31213751,-4,0.0,0,0.0,0.0,0.0,0.0,0.0,0.0,0.0,0.0,0.0,0.002514179,0.003704651,0.0,0.002514179,0.003203136,0.002499485,0.001706271,-4.0,-0.003771269,0.0,0.0,0.0,-0.33841888,0.0,0.0,0.0,0.0,0.0,0.0,0.0,-309.24855,0.0,1.0
0.898299992,1,1,1,1,1,0.66084788,0.33915212,0.767355372,0.194686411,-0.089721076,0,0,0,0,0,0,0,0,0,0,0,0,0,0,0,0,0,0.740256237,-0.408469419,0.743240766,-0.496222854,0.366149088,0.254774829,0.740256237,-0.408469419,0.745071099,-0.466463797,0.756188608,-0.421273763,0.740256237,-0.408469419,-0.056316425,1.0,0.0,0.0,1.0,0.0,0.0,1.0,0.0,0.0,1.0,0.0,0.0,1.0,0.0,0.0,1.0,0.0,0.0,1.0,0.0,0.0,1.0,0.0,0.0,0.0,0.0,0.0,0.0,0.0,0.0,0.0,0.0,0.0,0.88902018,0,0.0,0.0,0.0,0.0,0.0,0.88902018,0,0.0,0.0,0.0,0.894847208,0,0.0,0.0,0.88902018,0,0.0,0.0,0.0,0.88902018,0,0.0,0.0,0.0,0.88902018,0,0.0,0.0,0.0,0.88902018,0,0.0,0.73650895,-0.334895453,0.680778543,-10.50694244,1.0,1.0,0.0,0.0,0.0,0.0,0.88902018,0,0.0,0.0,0.0,0.894649725,0,0.0,0,0.0,0.0,0.0,0.0,0.0,0.0,0.0,0.0,0.0,0.0,0.0,0.0,0.0,0.0,0.0,0.0,0.0,0.0,0.0,0.0,0.0,0.008863575,0.0,0.0,0.0,0.0,0.0,0.0,0.0,0.0,0.0,1.0
152.2799988,1,1,1,1,1,0.37494998,0.62505002,0.338639077,0.142737547,0.571906562,0,0,914,0,914,0,0,761,761,0,609,457,914,1,1,1,1,0.34559629,0.232246352,0.344011111,0.280401767,0.232619732,0.620435217,0.34559629,0.232246352,0.344564544,0.259616522,0.341190363,0.224856171,0.34559629,0.232246352,0.571906562,1.628222987,0.0,0.0,1.119875586,0.0,0.0,1.146475944,0.0,0.0,1.353177438,0.0,0.0,1.119875586,0.0,0.0,1.134917837,0.0,0.0,1.115848343,0.0,0.0,1.119875586,0.0,0.0,0.001347622,0.001171772,0.001483139,0.001347622,0.001234238,0.001362924,0.001347622,141.7503755,141.7503755,148.0390649,1,0.0,0.0,135.6506438,-778.3493562,0.0,156.9095827,-5,0.0,19.79435534,19.79435534,149.2951545,0,109.3058968,-651.6941032,156.9095827,-4,0.0,97.84587776,-663.1541222,156.9095827,-4,0.0,104.3645115,104.3645115,147.8582148,1,0.0,34.41767278,34.41767278,148.0390649,0,0.0,0.346975296,0.192775492,0.364377399,-8.241478612,1.098533354,0.017995527,0.001454528,0.001081328,118.6314624,-490.3685376,156.9095827,-3,0.0,96.01676396,-360.983236,151.7870154,-2,0.0,1,0.0,0.0,0.0,0.0,0.0,0.0,0.0,0.0,0.0,0.000842787,-0.00614259,0.0,-0.003371148,-0.004212546,0.000790005,-0.001741987,-2.0,0.0,0.0,0.0,0.0,8.611622301,0.0,0.0,0.0,0.0,0.0,0.0,0.0,-303.5740308,0.0,1.0
48.18999863,1,1,1,1,1,0.948979592,0.051020408,0.912337662,0.452991453,0.388213075,434,96,48,0,144,0,0,289,48,0,48,48,578,1,1,1,1,0.919462656,-1.439695166,0.917521126,-1.684123895,0.677129299,-0.352669735,0.919462656,-1.439695166,0.918529891,-1.581829853,0.914875445,-1.288096343,0.919462656,-1.439695166,0.388213075,1.4445295,,,0.588901488,,,0.538270932,,,0.878353482,,,0.588901488,,,0.558907565,,,0.622668633,,,0.588901488,,,0.000470591,0.000340783,0.000589315,0.000470591,0.000376363,0.000485804,0.000470591,49.49940264,-384.5005974,49.19983533,-8,,0.0,39.45081564,-104.5491844,,49.05760298,-2,,7.865155785,7.865155785,46.11713808,0,38.16975144,-250.8302486,49.19983533,-5,,29.83663811,-18.16336189,49.09863182,0,,37.19998722,37.19998722,46.11713808,1,,12.01869298,12.01869298,46.11713808,0,,0.921003965,-1.226853655,0.937947702,-12.34829934,0.636852801,0.010657379,0.000591587,0.000411181,48.24985477,0.249854766,46.11713808,0,,36.5108625,-11.4891375,47.37723086,0,,1,,,,,,,,,,-0.259090271,-0.08863354,0.0,-0.16193142,0.0,0.025924878,0.0,0.0,0.0,,,,0.232247941,0.0,0.0,0.0,0.0,0.0,0.0,0.0,0.0,0.0,1.0
97.19000244,1,1,1,1,1,0.768707483,0.231292517,0.802626343,0.782335705,0.077221771,0,0,0,0,0,0,0,0,0,0,0,972,0,1,1,1,1,0.79502639,-0.56834766,0.796319618,-0.683499583,0.784246117,-0.686783459,0.79502639,-0.56834766,0.796259299,-0.63521762,0.799670336,-0.547937145,0.79502639,-0.56834766,0.077221771,1.133538196,0.0,0.0,0.931239387,0.0,0.0,0.917894797,0.0,0.0,0.917517057,0.0,0.0,0.931239387,0.0,0.0,0.9234666,0.0,0.0,0.933624858,0.0,0.0,0.931239387,0.0,0.0,0.000324765,0.000220294,0.000227826,0.000324765,0.000235551,0.000293852,0.000324765,34.16063739,34.16063739,93.62491412,0,0.0,0.0,25.50243511,25.50243511,0.0,93.62491412,0,0.0,3.040619643,3.040619643,93.62491412,0,26.3417934,26.3417934,93.62491412,0,0.0,18.67359118,18.67359118,93.62491412,0,0.0,22.50139132,22.50139132,93.62491412,0,0.0,8.29436702,8.29436702,93.62491412,0,0.0,0.793749566,-0.472970424,0.776697809,-11.19373398,0.942439124,0.245842021,0.00042705,0.003866772,34.83022928,34.83022928,93.62491412,0,0.0,343.3507746,-628.6492254,96.51594524,-7,0.0,1,0.0,0.0,0.0,0.0,0.0,0.0,0.0,0.0,0.0,0.0,0.0,0.0,0.0,0.0,0.0,0.0,-7.0,0.0,0.0,0.0,0.0,0.0,0.0,0.0,0.0,0.0,0.0,0.0,0.0,-675.6116167,0.0,1.0
364.2399902,1,1,1,1,1,0.996398559,0.003601441,0.999204138,0.991628296,0.658516339,0,0,0,0,0,0,0,0,0,0,0,0,0,1,1,1,1,0.998591434,-6.186547119,0.998692026,-7.411205252,0.995600866,-7.12658386,0.998591434,-6.186547119,0.99869307,-6.890520065,0.998965838,-5.885163432,0.998591434,-6.186547119,0.658516339,1.714832764,,,0.035561164,,,0.018371066,,,0.021418985,,,0.035561164,,,0.024327091,,,0.041837583,,,0.035561164,,,5.11e-05,2.31e-05,2.9e-05,5.11e-05,3.26e-05,6.2e-05,5.11e-05,5.37412044,5.37412044,346.6329088,0,,0.0,2.674516937,2.674516937,,346.8761027,0,,0.38749657,0.38749657,346.8160513,0,4.144067008,4.144067008,346.6329088,0,,2.581037917,2.581037917,346.7828407,0,,4.751085072,4.751085072,346.3923698,0,,1.304862284,1.304862284,346.6329088,0,,0.998489403,-5.167553214,0.997069127,-12.77161466,0.061609336,0.001020023,9.51e-05,7.43e-05,7.756696098,7.756696098,346.4173859,0,,6.593199613,6.593199613,349.2134972,0,,1,,,,,,,,,,0.0,0.0,0.0,0.0,0.0,0.0,0.0,0.0,0.0,,,,0.0,0.0,0.0,0.0,0.0,0.0,0.0,0.0,0.0,0.0,1.0
33.75999832,1,1,1,1,1,0.486194478,0.513805522,0.538798249,0.255755546,0.249506218,0,0,0,0,0,0,34,0,0,540,304,439,0,1,1,1,1,0.526139486,-0.036539513,0.527866879,-0.04648999,0.377415716,0.231168122,0.526139486,-0.036539513,0.528303878,-0.043902985,0.53371321,-0.04421741,0.526139486,-0.036539513,0.249506218,1.305822643,0.0,0.0,0.990297421,0.0,0.0,0.987671552,0.0,0.0,1.063625478,0.0,0.0,0.990297421,0.0,0.0,0.988353576,0.0,0.0,0.988270658,0.0,0.0,0.990297421,0.0,0.0,0.000560307,0.000417519,0.000471752,0.000560307,0.000444248,0.000528345,0.000560307,58.93625826,58.93625826,31.78389821,2,0.0,-36.00336305,48.33423842,48.33423842,0.0,31.78389821,2,0.0,6.296129172,6.296129172,32.09938218,0,45.44665609,45.44665609,31.78389821,1,0.0,35.21836722,35.21836722,31.78389821,1,0.0,40.45748604,-499.542514,36.00336305,-14,0.0,14.3100069,-19.6899931,36.00336305,-1,0.0,0.524224377,-0.028392522,0.497149004,-9.192136584,0.992452558,0.086055108,0.000683717,0.002285043,55.76404535,-248.2359547,36.00336305,-7,0.0,202.900862,-236.099138,33.4559407,-7,0.0,0,0.0,0.0,0.0,0.0,0.0,0.0,0.0,0.0,0.0,4.17e-05,6.75e-05,0.0,2.09e-05,3.01e-05,-0.000427695,-8.82e-05,-7.0,-2.09e-05,0.0,0.0,0.0,0.0,0.0,0.0,0.0,0.0,0.0,0.0,0.0,-234.1915849,0.0,0.0
101.3000031,1,1,1,1,1,0.910488742,0.089511258,0.916621253,0.796025716,0.390748883,0,0,0,0,0,0,0,0,0,0,0,304,0,1,1,1,1,0.91520556,-1.379217018,0.915347799,-1.647891473,0.868070319,-1.191238177,0.91520556,-1.379217018,0.915470527,-1.533919343,0.916044296,-1.30313342,0.91520556,-1.379217018,0.390748883,1.447065308,,,0.600692262,,,0.54391743,,,0.643902944,,,0.600692262,,,0.567314848,,,0.617820838,,,0.600692262,,,0.000482901,0.000346782,0.000435133,0.000482901,0.000384716,0.000485198,0.000482901,50.79423378,50.79423378,95.93689034,1,,0.0,40.14538828,40.14538828,,95.93689034,0,,5.807396111,5.807396111,95.93689034,0,39.16821566,39.16821566,95.93689034,0,,30.49889564,30.49889564,95.93689034,0,,37.15356783,37.15356783,95.93689034,0,,12.33308421,12.33308421,95.93689034,0,,0.915010219,-1.154527338,0.911727732,-12.16056173,0.652697673,0.011178259,0.000609462,0.000434086,49.70778113,49.70778113,95.93689034,1,,38.54473256,-265.4552674,100.5592559,-3,,1,,,,,,,,,,0.029722493,0.0,0.0,0.0,0.0,0.0,0.020827084,-3.0,0.0,,,,0.0,0.0,0.0,0.0,0.0,0.0,0.0,0.0,-301.6777677,0.0,1.0
77.26999664,1,1,1,1,1,0.50220088,0.49779912,0.581774771,0.021347844,0.325087263,0,0,309,0,309,0,77,0,0,0,0,386,309,1,1,1,1,0.554139384,-0.076195626,0.548449896,-0.081212728,0.056121229,2.460765191,0.554139384,-0.076195626,0.562010365,-0.0970773,0.567639789,-0.089645786,0.554139384,-0.076195626,0.325087263,1.381403688,0.0,0.0,0.975681753,0.0,0.0,0.974101429,0.0,0.0,2.214603975,0.0,0.0,0.975681753,0.0,0.0,0.96912111,0.0,0.0,0.971450886,0.0,0.0,0.975681753,0.0,0.0,0.000669178,0.000515749,0.001237117,0.000669178,0.000545682,0.000641154,0.000669178,70.38784001,70.38784001,74.15038223,1,0.0,-80.17018627,59.70581299,-249.294187,0.0,80.17018627,-3,0.0,16.5108822,16.5108822,76.4890516,0,54.27714708,54.27714708,74.15038223,1,0.0,43.25967286,43.25967286,74.15038223,1,0.0,49.09571135,49.09571135,74.15038223,1,0.0,17.09050602,-59.90949398,80.17018627,-1,0.0,0.554250425,-0.064039423,0.498085132,-9.198839356,0.979521446,0.051193314,0.00079714,0.001674066,65.01480282,65.01480282,74.15038223,1,0.0,148.6490371,-237.3509629,76.71527828,-3,0.0,0,0.0,0.0,0.0,0.0,0.0,0.0,0.0,0.0,0.0,9.07e-05,-0.000309164,0.0,9.07e-05,0.00014725,0.000125568,6.41e-05,-3.0,-9.07e-05,0.0,0.0,0.0,-0.025465095,0.0,0.0,0.0,0.0,0.0,0.0,0.0,-230.1458349,0.0,1.0
