,price,sim1_direction,sim2_direction,sim3_direction,sim4_direction,sim5_direction,RSI,RSIRev,fair_value_mult,geomean,sharpe,et,rollover,roth,simple,fid,schwab,dm,sim1,sim2,sim3,sim4,sim5,owned,inEt,inFid,in_self_managed,currentlyActive,et_status,et_status_scaled,fid_status,fid_status_scaled,schwab_status,schwab_status_scaled,sim1_status,sim1_status_scaled,sim2_status,sim2_status_scaled,sim3_status,sim3_status_scaled,dm_status,dm_status_scaled,sharpe_capped,sharpe_scaled,weighted_sharpe_capped,weighted_sharpe_scaled,et_sharpe_adj_status,et_w_sharpe_adj_status,et_mean_sharpe_adj_status,fid_sharpe_adj_status,fid_w_sharpe_adj_status,fid_mean_sharpe_adj_status,schwab_sharpe_adj_status,schwab_w_sharpe_adj_status,schwab_mean_sharpe_adj_status,sim1_sharpe_adj_status,sim1_w_sharpe_adj_status,sim1_mean_sharpe_adj_status,sim2_sharpe_adj_status,sim2_w_sharpe_adj_status,sim2_mean_sharpe_adj_status,sim3_sharpe_adj_status,sim3_w_sharpe_adj_status,sim3_mean_sharpe_adj_status,dm_sharpe_adj_status,dm_w_sharpe_adj_status,dm_mean_sharpe_adj_status,et_norm,fid_norm,schwab_norm,sim1_norm,sim2_norm,sim3_norm,dm_norm,et_target,et_diff,et_bid_ask,et_nshares,qe,exact_amt,fid_target,fid_diff,DEL,fid_bid_ask,fid_nshares,qf,schwab_target,schwab_diff,schwab_bid_ask,schwab_nshares,sim1_target,sim1_diff,sim1_bid_ask,sim1_nshares,q1,sim2_target,sim2_diff,sim2_bid_ask,sim2_nshares,q2,sim3_target,sim3_diff,sim3_bid_ask,sim3_nshares,q3,dm_target,dm_diff,dm_bid_ask,dm_nshares,qd,sim4_status,sim4_status_scaled,sim5_status,sim5_status_scaled,sim4_sharpe_adj_status,sim5_sharpe_adj_status,sim4_norm,sim5_norm,sim4_target,sim4_diff,sim4_bid_ask,sim4_nshares,q4,sim5_target,sim5_diff,sim5_bid_ask,sim5_nshares,q5,up_down,et_sell_w,fid_sell_w,schwab_sell_w,sim1_sell_w,sim2_sell_w,sim3_sell_w,sim4_sell_w,sim5_sell_w,dm_sell_w,et_q,fid_q,schwab_q,sim1_q,sim2_q,sim3_q,sim4_q,sim5_q,dm_q,ltest,lt2,testy,sort_col,et_sort_col,fid_sort_col,schwab_sort_col,sim1_sort_col,sim2_sort_col,sim3_sort_col,sim4_sort_col,sim5_sort_col,dm_sort_col,currently_active
A,167.7799988,0,0,1,0,0,0.7312,0.2688,0.744232299,0.971548117,0.617239942,0,0,0,0,0,0,0,0,0,671,0,0,0,1,1,1,1,0.734656444,-10.89271361,0.742082478,-0.492763487,0.806557578,-0.787423436,0.734656444,-10.89271361,0.740951007,-0.344030028,0.734284094,4.833508194,0.734656444,-10.89271361,0.617239942,1.705533833,0,0,0.002981342,0,0,0.768683734,0,0,0.65679182,0,0,0.002981342,0,0,0.83221029,0,0,13.2037973,0,0,0.002981342,0,0,0.00012486,0.000745997,0.000515642,0.00012486,0.000978674,0.004082558,0.00012486,26.45468009,26.45468009,161.5398474,0,0,0,208.6054424,208.6054424,0,159.6178585,1,0,16.58575236,16.58575236,159.6178585,0,22.85248396,22.85248396,161.5398474,0,0,180.6434872,180.6434872,159.6178585,1,0,724.041721,53.04172104,169.024425,0,0,7.692921082,7.692921082,161.5398474,0,0,0.734778901,-11.40633318,0.738477724,-5.591591536,0.002266333,0.050527951,0.000117767,1.10E-05,22.32507096,22.32507096,161.5817427,0,0,2.211243661,2.211243661,160.7448883,0,0,1,0,0,0,0,0,0,0,0,0,0,0.003793998,0,0,0.001849323,0,0,0,0,0,0,0,0,0,0,0,0,0,0,0,0,0,1
AAON,83.26999664,1,1,0,1,1,0.4864,0.5136,0.57716786,0.038493724,0.572718994,0,0,167,0,167,0,0,0,167,999,0,0,167,1,1,1,1,0.494685507,-9.1744977,0.549343733,-0.082732908,0.095783646,1.603038952,0.494685507,-9.1744977,0.548461633,-0.057103003,0.497964947,1.379936918,0.494685507,-9.1744977,0.572718994,1.661012885,,,0.009510173,,,0.958888037,,,2.255622953,,,0.009510173,,,0.971440129,,,2.014191878,,,0.009510173,,,0.000361146,0.000837137,0.001588874,0.000361146,0.001056351,0.00056122,0.000361146,76.51796371,76.51796371,77.59521785,1,,0,234.0911563,67.09115627,,77.25291337,1,,51.10646741,51.10646741,80.98135048,1,66.09891075,66.09891075,77.59521785,1,,194.9810519,27.98105191,77.25291337,0,,99.53230442,-899.4676956,89.63513566,-10,,22.25113493,22.25113493,77.59521785,0,,0.490557708,-9.611038765,0.527877121,1.30392262,0.007620554,1.937980226,0.000355195,0.000393267,67.33439549,67.33439549,77.6340645,1,,79.21526494,79.21526494,80.79939759,1,,1,,,,,,,,,,1,0.000106949,0.040152092,1,0,-0.297535296,1,0.026565847,0,,,,47.08893263,77.59521785,0,0,77.59521785,0,0,77.6340645,0,0,1
AAPL,333.6900024,0,0,1,0,0,0.456,0.544,0.431583134,0.716736402,1.028013987,0,0,0,0,0,0,0,0,334,2002,0,0,0,1,1,1,1,0.450121432,-8.855414466,0.435970538,0.107901021,0.512840235,-0.023123861,0.450121432,-8.855414466,0.437579827,0.073897403,0.450435664,0.145699733,0.450121432,-8.855414466,1.028013987,2.116307878,,,0.001308773,,,1.084252145,,,0.982814058,,,0.001308773,,,1.05696214,,,1.115415695,,,0.001308773,,,0.000121825,0.002495096,0.001869124,0.000121825,0.002354809,0.000806201,0.000121825,25.81170623,25.81170623,319.3635268,0,,0,697.7116762,697.7116762,,317.9307067,2,,60.1207917,60.1207917,317.8633079,0,22.2970605,22.2970605,319.3635268,0,,434.6501099,100.6501099,317.8633079,0,,142.9797253,-1859.020275,348.7256178,-5,,7.50594671,7.50594671,319.3635268,0,,0.450247435,-9.314713916,0.442286388,3.092298632,0.000927526,10.15750461,0.000117019,0.003851502,22.18325276,22.18325276,319.5825395,0,,775.8027161,775.8027161,332.1517556,2,,1,,,,,,,,,,0,0.000363832,0,0,0,-0.00165847,0,0.298822213,0,,,,0,0,0,0,0,0,0,0,0,0,1
ABBV,262.8200073,0,0,1,0,0,0.4808,0.5192,0.444709626,0.839330544,0.839394054,0,0,263,0,263,0,0,0,263,526,0,0,263,1,1,1,1,0.471877611,-9.01119088,0.451023678,0.082107894,0.549733747,-0.090190987,0.471877611,-9.01119088,0.453405711,0.054873178,0.472382479,0.738071247,0.471877611,-9.01119088,0.839394054,1.927687945,,,0.00270072,,,1.055367621,,,0.942523649,,,0.00270072,,,1.036670813,,,1.623220115,,,0.00270072,,,0.000177951,0.001671675,0.001222465,0.000177951,0.001751846,0.000812559,0.000177951,37.70348847,37.70348847,253.6071535,0,,0,467.4556959,204.4556959,,249.0659944,1,,39.32085082,39.32085082,249.0659944,0,32.56960064,32.56960064,253.6071535,0,,323.355371,60.35537104,249.0659944,0,,144.1072883,-381.8927117,273.4768667,-1,,10.96403209,10.96403209,253.6071535,0,,0.472035115,-9.474877334,0.460296072,2.764679647,0.001992104,6.138118241,0.000171235,0.001829158,32.46105427,32.46105427,253.6722708,0,,368.4448378,368.4448378,261.118762,1,,1,,,,,,,,,,0,0.000105339,0,0,0,-0.008511706,0,0.119428962,0,,,,0,0,0,0,0,0,0,0,0,0,1
ABEV,2.99000001,1,1,0,1,1,0.6816,0.3184,0.677008751,0.369874477,0.070944614,6,6,6,0,12,0,0,3,3,6,3,431,18,1,1,1,1,0.679427949,-10.49727205,0.67712937,-0.326102108,0.523807575,-0.042926653,0.679427949,-10.49727205,0.677960738,-0.230546122,0.679962623,4.435108065,0.679427949,-10.49727205,0.070944614,1.159238505,,,0.212012115,,,0.952956585,,,0.993677089,,,0.212012115,,,0.966507459,,,1.925809367,,,0.212012115,,,0.00212688,0.000197308,0.000160194,0.00212688,0.00036233,0.000130321,0.00212688,450.6331176,444.6331176,2.883652942,154,,129.7643824,55.17383965,43.17383965,,2.871614792,15,,5.152687459,5.152687459,2.871614792,2,389.2727508,386.2727508,2.883652942,134,,66.87878859,63.87878859,2.871614792,22,,23.11236215,17.11236215,3.032447207,6,,131.0424091,131.0424091,2.883652942,45,,0.679028247,-10.99650455,0.678646472,-3.271760234,0.196935284,0.616654622,0.002092874,4.95E-05,396.7464252,393.7464252,2.884272875,137,,9.963126951,-421.036873,3.014311272,-140,,1,,,,,,,,,,154,0.024924043,5.76E-05,134,0.018270833,1.844079708,137,-23.41590787,45,,,,0.001760048,444.082553,0,0,386.4094942,0,6.064894414,395.1453839,-69.32915926,129.7643824,1
ABNB,162.4299927,0,0,1,0,0,0.358477509,0.641522491,0.463331049,0.658426966,0.272139512,0,0,0,0,0,0,0,0,0,0,0,0,0,1,1,1,1,0.379645475,-8.350799566,0.44046173,0.100162943,0.468383525,0.057080933,0.379645475,-8.350799566,0.431421738,0.08138812,0.377906605,-2.086038081,0.379645475,-8.350799566,0.272139512,1.360433403,,,0.076504639,,,1.031310669,,,1.017724956,,,0.076504639,,,1.025367961,,,0.526191816,,,0.076504639,,,0.001387756,0.000405087,0.000316228,0.001387756,0.000617411,6.68E-05,0.001387756,294.0310946,294.0310946,154.5734422,2,,154.5734422,113.2757803,113.2757803,,152.7913165,1,,10.171555,10.171555,152.7913165,0,253.9944104,253.9944104,154.5734422,2,,113.9616611,113.9616611,152.7913165,1,,11.85409329,11.85409329,152.7913165,0,,85.50313208,85.50313208,154.5734422,1,,0.379730786,-8.796338977,0.409874132,3.616547221,0.066700528,3.044039054,0.001368507,0.000369023,259.4280681,259.4280681,154.7520851,2,,74.33171056,74.33171056,162.0350285,0,,1,,,,,,,,,,2,0.00015676,0,2,0.0001035,0,2,0,1,,,,0,309.1468844,0,0,309.1468844,0,0,309.5041702,0,154.5734422,1
ABT,97.5,0,0,1,0,0,0.026,0.974,0.034606205,0.258995816,0.544975383,0,0,0,0,0,0,0,0,0,0,0,195,0,1,1,1,1,0.027718758,-5.830969077,0.032705951,3.253210694,0.043292907,2.949665166,0.027718758,-5.830969077,0.031939026,2.319048112,0.02756911,-18.79184337,0.027718758,-5.830969077,0.544975383,1.633269274,0,0,0.057235648,0,0,4.933122356,0,0,4.250589327,0,0,0.057235648,0,0,3.119545112,0,0,9.91E-05,0,0,0.057235648,0,0,0.002042148,0.004026078,0.002794343,0.002042148,0.003227185,2.59E-08,0.002042148,432.6804574,432.6804574,94.38780937,5,0,94.38780937,1125.824877,1125.824877,0,96.92499586,12,0,89.88063797,89.88063797,96.84628761,1,373.7646109,373.7646109,94.38780937,4,0,595.6731658,595.6731658,96.69056758,6,0,0.004584901,0.004584901,95.23826691,0,0,125.8218433,125.8218433,94.38780937,1,0,0.027733962,-6.208775128,0.030165432,3.498679218,0.04755236,5.56443238,0.002068156,0.001081137,392.0607231,392.0607231,94.44908891,4,0,217.7720032,22.77200321,97.13384952,0,0,1,0,0,0,0,0,0,0,0,0,2.656265655,1.984383716,0.135945697,2.125012524,0.504186014,0,2.409305537,0,0.531253131,0,0,0,0,283.1634281,193.8499917,0,188.7756187,96.69056758,0,188.8981778,0,94.38780937,1
ACGBY,20.47999954,0,0,1,0,0,0.4944,0.5056,0.351630867,0.760669456,0.656444635,0,0,0,0,0,0,0,21,123,493,21,0,0,1,1,1,1,0.450319349,-8.856831573,0.371030574,0.226050693,0.491078238,0.016063007,0.450319349,-8.856831573,0.379453519,0.147527534,0.453154029,0.221162559,0.450319349,-8.856831573,0.656444635,1.744738526,,,0.00722828,,,1.134079012,,,1.008980833,,,0.00722828,,,1.085580122,,,1.130997651,,,0.00722828,,,0.000329288,0.001205376,0.000869503,0.000329288,0.001365498,0.000382413,0.000329288,69.76790484,69.76790484,19.72042251,4,,19.72042251,337.0630719,337.0630719,,19.74198576,17,,27.96774211,27.96774211,19.60798794,1,60.26797228,39.26797228,19.72042251,2,,252.0433409,129.0433409,19.6932063,7,,67.82096364,-425.1790364,21.66163355,-20,,20.28824329,20.28824329,19.72042251,1,,0.450500663,-9.316575422,0.403875028,3.704361747,0.0055963,7.860617515,0.000319279,0.001810973,60.52583148,39.52583148,19.72145917,2,,364.7817598,364.7817598,20.58291124,18,,1,,,,,,,,,,4,0.013573149,4.03E-06,2,0.002380478,-0.015285274,2,3.859395737,1,,,,0,78.88169004,0,0,39.44084502,0,0,39.44291835,82.33164494,19.72042251,1
ACGL,93.59999847,0,0,1,0,0,0.0976,0.9024,0.153937947,0.191631799,0.61795309,0,0,0,0,0,0,0,94,281,0,281,281,0,1,1,1,1,0.107219485,-6.400202237,0.139570003,1.041380809,0.13788686,1.140058154,0.107219485,-6.400202237,0.13431402,0.760711597,0.106420885,-14.17552129,0.107219485,-6.400202237,0.61795309,1.706246981,,,0.032725398,,,1.744391562,,,1.838828624,,,0.032725398,,,1.501471044,,,0.000513671,,,0.032725398,,,0.001372675,0.001695742,0.001446127,0.001372675,0.001767908,1.59E-07,0.001372675,290.8356783,290.8356783,90.80818871,3,,90.80818871,474.1855665,474.1855665,,92.17286069,5,,46.51500593,46.51500593,92.29260945,1,251.2340973,157.2340973,90.80818871,2,,326.3200513,45.32005131,92.00376398,0,,0.028213978,0.028213978,91.3486466,0,,84.57391709,84.57391709,90.80818871,1,,0.10723948,-6.793228143,0.122399971,4.58791046,0.026526898,11.60345819,0.001380803,0.002523712,261.7591537,-19.24084628,93.13465813,0,,508.3477382,227.3477382,94.25207337,2,,1,,,,,,,,,,1.920121344,0.08472453,0.020308322,1.280080896,0,0,0,0.657778825,0.640040448,,,,0,181.6163774,0,0,90.80818871,0,0,0,94.25207337,90.80818871,1
ACN,198.8999939,1,1,0,1,1,0.6216,0.3784,0.616945107,0.976987448,0.376238536,0,0,199,0,199,0,0,0,0,398,0,0,199,1,1,1,1,0.620878831,-10.07805452,0.618053907,-0.205138381,0.711735369,-0.442271342,0.620878831,-10.07805452,0.618200195,-0.144397849,0.620781997,3.732385756,0.620878831,-10.07805452,0.376238536,1.464532427,,,0.021383388,,,0.924716862,,,0.844726434,,,0.021383388,,,0.946397146,,,4.153866716,,,0.021383388,,,0.000509586,0.00048785,0.00035512,0.000509586,0.000708894,0.000705258,0.000509586,107.9686192,107.9686192,189.9587437,1,,0,136.4190973,-62.58090271,,208.3823246,0,,11.422522,11.422522,188.5571563,0,93.26709416,93.26709416,189.9587437,0,,130.8475263,130.8475263,188.5571563,1,,125.0774494,-272.9225506,209.79963,-1,,31.3968668,31.3968668,189.9587437,0,,0.62104006,-10.57022758,0.619179545,-1.249826238,0.017722458,0.620733311,0.000492342,9.10E-05,93.33334991,93.33334991,189.9750275,0,,18.33442836,18.33442836,188.5571563,0,,1,,,,,,,,,,1,0,0,0,0.000325793,-0.217667241,0,0,0,,,,-7.821406187,189.9587437,0,0,0,0,0,0,0,0,1
ADBE,237.6900024,0,0,1,0,0,0.1988,0.8012,0.139220366,0.391631799,0.400863859,238,238,0,0,238,0,0,713,713,0,713,0,476,1,1,1,1,0.18024422,-6.923066637,0.147225099,0.986121489,0.206366762,0.727129675,0.18024422,-6.923066637,0.150692274,0.676633218,0.181418761,-10.24635811,0.18024422,-6.923066637,0.400863859,1.48915775,,,0.06349214,,,1.480950513,,,1.335827314,,,0.06349214,,,1.309234457,,,0.016903926,,,0.06349214,,,0.001609397,0.000835204,0.000601313,0.001609397,0.001030309,3.06E-06,0.001609397,340.9912991,102.9912991,225.9624682,0,,0,233.5506281,-4.449371888,,248.2386238,0,,19.34137149,19.34137149,230.5962727,0,294.5602882,-418.4397118,234.0711994,-2,,190.1741628,-522.8258372,248.2386238,-2,,0.543512422,0.543512422,226.7579181,0,,99.15898225,99.15898225,225.9624682,0,,0.180334587,-7.33055758,0.160820597,4.840839826,0.053981904,6.87350508,0.001606047,0.001052224,304.4585472,-408.5414528,234.0711994,-2,,211.947975,211.947975,239.6347183,1,,1,,,,,,,,,,0,0,0,-1.497776614,-0.014307266,0,-1.679283576,0.366152035,0,,,,0,0,0,0,-234.0711994,0,0,-468.1423988,0,0,1
ADI,417.1499939,1,1,0,1,1,0.9564,0.0436,0.986077963,0.658995816,0.786458303,0,0,417,0,417,0,0,0,0,0,0,0,417,1,1,1,1,0.962631351,-12.52503673,0.980040503,-4.221459874,0.831341563,-0.9222766,0.962631351,-12.52503673,0.97821466,-2.846716584,0.962465504,3.928545914,0.962631351,-12.52503673,0.786458303,1.874752194,0,0,0.000381389,0,0,0.070433359,0,0,0.560106039,0,0,0.000381389,0,0,0.167111431,0,0,11.81061539,0,0,0.000381389,0,0,2.27E-05,9.98E-05,0.000648088,2.27E-05,0.000260049,0.005298654,2.27E-05,4.803004992,4.803004992,401.5671044,0,0,0,27.90818263,-389.0918174,0,417.3174553,-1,0,20.84587723,20.84587723,397.2974225,0,4.149004795,4.149004795,401.5671044,0,0,47.99982047,47.99982047,397.2974225,0,0,939.7165135,939.7165135,418.6422249,2,0,1.396695716,1.396695716,401.5671044,0,0,0.962309363,-13.07893236,0.972257496,-17.40151997,0.000269269,1.78E-05,2.06E-05,4.94E-09,3.913168617,3.913168617,401.9651083,0,0,0.000994239,0.000994239,403.693398,0,0,1,0,0,0,0,0,0,0,0,0,0,-0.278448804,0,0,0,0.482296031,0,0,0,0,0,0,-11.2223574,0,0,0,0,0,0,0,0,0,1
ADM,80.44999695,0,0,1,0,0,0.2212,0.7788,0.149960223,0.583263598,0.480055203,0,0,322,0,322,0,0,0,0,0,0,0,322,1,1,1,1,0.198538207,-7.054053417,0.159276314,0.907699766,0.2370906,0.60400941,0.198538207,-7.054053417,0.163324616,0.620996407,0.199950202,-9.344819095,0.198538207,-7.054053417,0.480055203,1.568349094,0,0,0.041815423,0,0,1.504538574,0,0,1.312348721,0,0,0.041815423,0,0,1.322419479,0,0,0.01491499,0,0,0.041815423,0,0,0.001283991,0.001043965,0.000730564,0.001283991,0.001213237,3.32E-06,0.001283991,272.0458398,272.0458398,77.06073943,4,0,77.06073943,291.9271226,-30.07287737,0,83.6894471,0,0,23.49873736,23.49873736,78.27977818,0,235.0027733,235.0027733,77.06073943,3,0,223.9389246,223.9389246,78.33188956,3,0,0.588014586,0.588014586,77.42603516,0,0,79.10990299,79.10990299,77.06073943,1,0,0.198656921,-7.465246893,0.175263218,4.905378698,0.034751353,9.0932816,0.001279311,0.001591188,242.5192892,242.5192892,77.06112233,3,0,320.5107835,320.5107835,80.73706123,4,0,1,0,0,0,0,0,0,0,0,0,3.109979351,0,0,2.332484513,0.018076713,0,2.612339586,1.503921261,0.777494838,0,0,0,0,231.1822183,0,0,154.1214789,0,0,231.183367,161.4741225,77.06073943,1
ADP,257.6799927,0,0,1,0,0,0.0988,0.9012,0.065632458,0.833054393,0.649177423,0,0,0,0,0,0,0,0,0,0,0,0,0,1,1,1,1,0.088134382,-6.263550989,0.069907243,1.925617968,0.116199469,1.345753838,0.088134382,-6.263550989,0.071756671,1.325927024,0.088783332,-15.16491283,0.088134382,-6.263550989,0.649177423,1.737471314,0,0,0.031424155,0,0,2.897275035,0,0,2.103149227,0,0,0.031424155,0,0,2.08023925,0,0,0.000229969,0,0,0.031424155,0,0,0.001409598,0.003028421,0.001781665,0.001409598,0.002584492,7.65E-08,0.001409598,298.6587763,298.6587763,247.5093633,1,0,0,846.8469768,846.8469768,0,255.0894615,3,0,57.30763376,57.30763376,254.2712181,0,257.9919648,257.9919648,247.5093633,1,0,477.0450403,477.0450403,254.4012514,2,0,0.013565609,0.013565609,250.4697316,0,0,86.84884447,86.84884447,247.5093633,0,0,0.088202362,-6.653284383,0.07726853,4.139969927,0.025337263,9.845818526,0.001420948,0.002244032,269.3694668,269.3694668,247.5805422,1,0,452.012267,452.012267,257.623088,2,0,1,0,0,0,0,0,0,0,0,0,0.613001109,0.173812714,0,0.613001109,0.054940077,0,0.691659267,0.535604719,0,0,0,0,0,247.5093633,0,0,247.5093633,0,0,247.5805422,257.623088,0,1
ADSK,212,0,0,1,0,0,0.1996,0.8004,0.204455052,0.192050209,0.481399922,212,0,2544,212,2756,0,0,848,636,0,1060,1060,2968,1,1,1,1,0.200742291,-7.069834877,0.203553715,0.684030635,0.198352529,0.763817667,0.200742291,-7.069834877,0.203198643,0.481891775,0.20066425,-9.310630947,0.200742291,-7.069834877,0.481399922,1.569693813,,,0.041268688,,,1.361267332,,,1.411129645,,,0.041268688,,,1.242686591,,,0.015025859,,,0.041268688,,,0.001271229,0.000947796,0.000788319,0.001271229,0.001142983,3.35E-06,0.001271229,269.3418526,57.34185258,200.686087,0,,0,265.0353182,-2490.964682,,223.1241447,-11,,25.35643819,25.35643819,205.9899063,0,232.666974,-615.333026,209.2376783,-3,,210.9716196,-425.0283804,223.1241447,-2,,0.594386624,0.594386624,201.2288531,0,,78.32359373,78.32359373,200.686087,0,,0.200734394,-7.480518605,0.202248548,4.981248617,0.034292777,9.449371681,0.001266885,0.00165716,240.1636025,-819.8363975,209.2376783,-4,,333.7993584,-726.2006416,223.1241447,-3,,1,,,,,,,,,,0,-0.080419953,0,-2.342932743,-0.007256865,0,-3.497384912,-1.163101771,0,,,,0,0,0,0,-418.4753567,0,0,-627.713035,-223.1241447,0,1
ADUS,111.2699966,0,0,1,0,0,0.0988,0.9012,0.181782021,0.581589958,0.568853358,111,0,0,0,0,0,0,668,111,0,0,0,111,1,1,1,1,0.111299865,-6.429418167,0.1581686,0.914515638,0.17700208,0.87363417,0.111299865,-6.429418167,0.149930353,0.68022223,0.110220428,-13.96564118,0.111299865,-6.429418167,0.568853358,1.657147249,,,0.038871899,,,1.587117779,,,1.554681221,,,0.038871899,,,1.409984365,,,0.000863936,,,0.038871899,,,0.001463476,0.001372742,0.001084714,0.001463476,0.001522686,2.39E-07,0.001463476,310.0741829,199.0741829,107.3091612,2,,107.3091612,383.8642316,383.8642316,,108.7699057,4,,34.89007602,34.89007602,108.7516499,0,267.8529949,-400.1470051,110.7643553,-4,,281.057079,170.057079,108.5485117,2,,0.042302212,0.042302212,107.7835444,0,,90.16840159,90.16840159,107.3091612,1,,0.111345691,-6.82341331,0.132241311,4.663947956,0.031857269,10.546024,0.001470718,0.002127236,278.8043553,278.8043553,107.3162843,3,,428.48624,428.48624,111.8110688,4,,1,,,,,,,,,,1.291794311,0.052271178,0,-2.583588623,0.014459446,0,2.182451681,1.359525658,0.645897156,,,,-13.58501548,107.3091612,0,0,-332.2930659,0,0,214.6325686,111.8110688,107.3091612,1
ADYEY,9.649999619,0,0,1,0,0,0.102578797,0.897421203,0.103467879,0.251070336,0.375768987,0,0,0,0,0,0,116,0,0,0,0,106,0,1,1,1,1,0.102905398,-6.369312941,0.103382796,1.385238799,0.130281218,1.206047178,0.102905398,-6.369312941,0.103263279,0.974774448,0.102841325,-14.37430649,0.102905398,-6.369312941,0.375768987,1.464062878,,,0.08820603,,,1.695663845,,,1.583699734,,,0.08820603,,,1.450051388,,,0.004170554,,,0.08820603,,,0.002099538,0.000893429,0.000664908,0.002099538,0.001085123,7.07E-07,0.002099538,444.8400406,444.8400406,9.05919271,49,3,9.05919271,249.8325169,249.8325169,,9.428605092,26,2,21.38689731,21.38689731,9.4097975,2,384.2684869,384.2684869,9.05919271,42,0,200.2917884,200.2917884,9.367560829,21,0,0.125421557,0.125421557,9.225901328,0,0,129.3578041,13.35780414,9.05919271,1,-2,0.102948005,-6.761681083,0.103112184,4.416413119,0.075951772,5.3849312,0.002107213,0.000788973,399.4646756,399.4646756,9.081082536,44,0,158.921657,52.92165697,9.833938,5,-15,1,0.0029217,0.003225678,0.009952047,0.002779425,0.0029217,0.518993646,0.002997487,0.002284404,0.0029217,31.05998781,0.779547653,0.045454681,26.62284669,0.311779526,0,31.43272761,1.523805066,0.633877302,0.075144075,0.075144075,2.40E-06,-0.010410252,280.834974,9.428605092,0,244.5982032,0,0,281.5135586,19.667876,9.05919271,1
AEE,99.94000244,0,0,1,0,0,0.0436,0.9564,0.210023866,0.030962343,0.572502965,0,0,0,0,0,0,0,0,0,0,0,0,0,1,1,1,1,0.053930182,-6.018645497,0.124311874,1.16714577,0.049031881,2.709941207,0.053930182,-6.018645497,0.106680503,0.94652233,0.053036552,-17.24648737,0.053930182,-6.018645497,0.572502965,1.660796856,0,0,0.047205544,0,0,1.807762976,0,0,3.954074065,0,0,0.047205544,0,0,1.616346623,0,0,0.000158604,0,0,0.047205544,0,0,0.001791756,0.001577408,0.002783787,0.001791756,0.00175695,4.42E-08,0.001791756,379.6286129,379.6286129,97.5525732,4,0,97.5525732,441.0954598,441.0954598,0,98.69854367,4,0,89.5411276,89.5411276,99.37510703,1,327.9365601,327.9365601,97.5525732,3,0,324.2975114,324.2975114,98.62214314,3,0,0.007833484,0.007833484,97.97771794,0,0,110.3945672,110.3945672,97.5525732,1,0,0.053885617,-6.401018559,0.077530362,4.143038609,0.038882117,8.180499524,0.001811332,0.001659481,343.3745777,343.3745777,97.5548929,4,0,334.2670622,334.2670622,99.99508522,3,0,1,0,0,0,0,0,0,0,0,0,2.264005851,0.085139328,0.114746584,1.698004388,0.041995524,0,2.560814912,0.804598543,0.566001463,0,0,0,0.08720966,195.1051464,0,0,195.1051464,0,0,292.6646787,99.99508522,97.5525732,1
AEO,17.70999908,1,1,0,1,1,0.7892,0.2108,0.890214797,0.569874477,0.317328266,0,89,0,0,89,0,0,53,266,301,35,0,89,1,1,1,1,0.810957027,-11.43903341,0.86971095,-1.115125922,0.717479663,-0.458436037,0.810957027,-11.43903341,0.862095402,-0.740942126,0.809550041,4.995377472,0.810957027,-11.43903341,0.317328266,1.405622157,,,0.02034821,,,0.684081581,,,0.855483638,,,0.02034821,,,0.777030255,,,5.478471986,,,0.02034821,,,0.000416558,0.000306229,0.000303925,0.000416558,0.000515409,0.000791396,0.000416558,88.25821644,88.25821644,16.71320582,5,,33.42641164,85.63176018,-3.368239822,,18.3845823,0,,9.775815497,9.775815497,16.27327847,1,76.24055435,23.24055435,16.71320582,1,,95.13405311,-170.8659469,18.55963346,-9,,140.3540901,-160.6459099,19.17538907,-8,,25.66515609,25.66515609,16.71320582,2,,0.810685689,-11.96433157,0.841755918,-10.26981174,0.01701575,0.030298238,0.000399303,4.00E-06,75.69586695,40.69586695,16.71813933,2,,0.80494237,0.80494237,16.68594788,0,,1,,,,,,,,,,5,0,0.003283806,1,-0.077202455,-3.119224511,2,0,2,,,,0.039071947,83.56602909,0,0,16.71320582,0,-57.52616722,33.43627867,0,33.42641164,1
AEP,119.5699997,1,1,0,1,1,0.1812,0.8188,0.296340493,0.070711297,0.574006571,120,239,120,0,359,0,0,120,120,0,0,239,479,1,1,1,1,0.199430831,-7.060444691,0.265173588,0.47156583,0.126792097,1.238384666,0.199430831,-7.060444691,0.255010088,0.352523914,0.198209836,-9.428317512,0.199430831,-7.060444691,0.574006571,1.662300462,0,0,0.027649839,0,0,1.270805456,0,0,1.876390788,0,0,0.027649839,0,0,1.196204373,0,0,0.008300046,0,0,0.027649839,0,0,0.001053011,0.001112894,0.001325946,0.001053011,0.001303749,2.32E-06,0.001053011,223.1069554,103.1069554,116.7171879,1,0,116.7171879,311.2021655,-47.79783446,0,123.0117125,0,0,42.64934827,42.64934827,117.9714934,0,192.7276422,72.72764218,116.7171879,1,0,240.6457355,120.6457355,117.1908564,1,0,0.411403443,0.411403443,116.7350052,0,0,64.8786602,64.8786602,116.7171879,1,0,0.199148583,-7.468861151,0.230420639,4.998299254,0.022467316,12.68154763,0.001050546,0.002578571,199.1521071,199.1521071,116.7202053,2,0,519.3979884,280.3979884,120.1297595,2,0,1,0,0,0,0,0,0,0,0,0,0.778904363,0,0,0.778904363,0.001941767,0,1.743246465,0.780718607,0.778904363,0,0,0,0,116.7171879,0,0,116.7171879,0,0,233.4404105,120.1297595,116.7171879,1
AES,14.90999985,1,1,0,1,1,0.906,0.094,0.483691329,0.515062762,0.336027189,0,0,0,0,0,0,0,0,0,0,0,0,0,1,1,1,1,0.746737782,-10.97921719,0.527702009,-0.046213666,0.58415078,-0.154773476,0.746737782,-10.97921719,0.548441207,-0.057078592,0.75669745,4.929095132,0.746737782,-10.97921719,0.336027189,1.42432108,0,0,0.020582849,0,0,0.983787309,0,0,0.946728761,0,0,0.020582849,0,0,0.980013994,0,0,5.716733696,0,0,0.020582849,0,0,0.000442483,0.000464304,0.000355068,0.000442483,0.000675989,0.000869893,0.000442483,93.7510566,93.7510566,14.19717581,7,0,28.39435163,129.8348137,129.8348137,0,13.92994064,9,0,11.42083931,11.42083931,13.92994064,1,80.98546305,80.98546305,14.19717581,6,0,124.7739327,124.7739327,13.92994064,9,0,154.2755812,154.2755812,15.01836225,10,0,27.26245327,27.26245327,14.19717581,2,0,0.746667068,-11.49372428,0.610894512,-0.99058001,0.017158255,0.704432011,0.000425124,9.61E-05,80.59082663,80.59082663,14.20974913,6,0,19.36412728,19.36412728,13.92994064,1,0,1,0,0,0,0,0,0,0,0,0,7,0.000300333,0.000374294,6,0.000458151,3.79624669,6,0.015332012,2,0,0,0,0.00163126,99.38023069,0,0,85.18305488,0,60.07344901,85.25849478,0,28.39435163,1
AFL,111.5400009,0,0,1,0,0,0.0332,0.9668,0.071996818,0.028451883,0.660915357,223,0,446,0,446,0,0,112,223,0,112,0,669,1,1,1,1,0.038181282,-5.905881795,0.059462745,2.18018774,0.037497694,3.236771296,0.038181282,-5.905881795,0.055532434,1.611863302,0.037775032,-18.16632109,0.038181282,-5.905881795,0.660915357,1.749209248,,,0.036796393,,,3.384080131,,,6.109747373,,,0.036796393,,,2.462791969,,,3.88E-05,,,0.036796393,,,0.00169223,0.003633847,0.005320691,0.00169223,0.003121388,1.32E-08,0.00169223,358.5414589,135.5414589,108.5329785,1,,108.5329785,1016.144021,570.1440209,,110.5868406,5,,171.1411871,171.1411871,110.9594082,2,309.7207341,197.7207341,108.5329785,2,,576.1450821,353.1450821,110.419639,3,,0.002348195,0.002348195,109.48193,0,,104.2625024,104.2625024,108.5329785,1,,0.038164748,-6.285452877,0.047272759,3.752114803,0.029759767,8.150235916,0.001715804,0.001890139,325.265355,213.265355,108.5387978,2,,380.728033,380.728033,111.3743272,3,,1,,,,,,,,,,0.544991246,0.371345202,0.327396513,1.089982493,0.121786092,0,1.234591183,0.659923382,0.544991246,,,,0,108.5329785,0,0,108.5329785,0,0,108.5387978,111.3743272,108.5329785,1
AG,17.67000008,0,0,1,0,0,0.1988,0.8012,0.182975338,0.331799163,0.404449252,0,0,0,0,0,0,35,0,0,0,0,230,0,1,1,1,1,0.194854154,-7.027675228,0.185721007,0.764193761,0.22446434,0.651606437,0.194854154,-7.027675228,0.186770657,0.533651825,0.195084316,-9.578880564,0.194854154,-7.027675228,0.404449252,1.492743143,0,0,0.059881039,0,0,1.358183082,0,0,1.298284288,0,0,0.059881039,0,0,1.238361547,0,0,0.02154853,0,0,0.059881039,0,0,0.001531433,0.000773372,0.000590204,0.001531433,0.000981499,3.94E-06,0.001531433,324.4725857,324.4725857,16.20482773,20,0,64.81931091,216.2605826,216.2605826,0,16.77904094,13,0,18.98404265,18.98404265,16.67769199,1,280.290842,280.290842,16.20482773,17,0,181.164811,181.164811,16.57121022,11,0,0.699437734,0.699437734,16.31814859,0,0,94.35540274,59.35540274,16.20482773,4,0,0.194916053,-7.437747399,0.189783426,4.953442453,0.050809262,7.274867799,0.001526672,0.001120599,289.4114981,289.4114981,16.21764354,18,0,225.7206786,-4.279321414,19.48519821,0,0,1,0,0,0,0,0,0,0,0,0,15.43381847,0.118623396,0.006634234,13.1187457,0.048947296,0,15.55877429,0,3.086763694,0,0,0,-0.219783256,243.0724159,0,0,210.6627604,0,0,259.4822966,0,48.61448318,1
AIG,74.93000031,0,0,1,0,0,0.3884,0.6116,0.4291965,0.351046025,0.316145918,0,0,0,0,0,0,0,0,0,0,0,225,0,1,1,1,1,0.397491182,-8.478576613,0.421172422,0.133702357,0.38566363,0.214275681,0.397491182,-8.478576613,0.418043066,0.097869763,0.396846084,-1.46266715,0.397491182,-8.478576613,0.316145918,1.404439809,0,0,0.05615435,0,0,1.046457311,0,0,1.075489894,0,0,0.05615435,0,0,1.033798973,0,0,0.608487997,0,0,0.05615435,0,0,0.001145987,0.000466872,0.00038077,0.001145987,0.000684019,8.76E-05,0.001145987,242.8061728,242.8061728,72.96123679,3,0,72.96123679,130.5528244,130.5528244,0,72.7957444,2,0,12.24755006,12.24755006,72.97724087,0,209.7445197,209.7445197,72.96123679,3,0,126.2560119,126.2560119,72.65429177,2,0,15.5374442,15.5374442,72.65074716,0,0,70.60711826,70.60711826,72.96123679,1,0,0.397442097,-8.9265366,0.409901835,3.616135017,0.04822896,3.415004164,0.001127864,0.000449443,213.8093652,213.8093652,72.96763109,3,0,90.53062137,-134.4693786,78.07617392,-2,0,1,0,0,0,0,0,0,0,0,0,3,0.000558635,0,3,0.000299328,0,3,-0.408638514,1,0,0,0,0,218.8837104,0,0,218.8837104,0,0,218.9028933,0,72.96123679,1
AIZ,267.3200073,0,0,1,0,0,0.118,0.882,0.167859984,0.439748954,0.609857124,0,0,0,0,0,0,0,0,0,0,0,0,0,1,1,1,1,0.127351386,-6.54434866,0.156182152,0.92692743,0.183070692,0.840428309,0.127351386,-6.54434866,0.151665396,0.67209053,0.12655796,-13.076344,0.127351386,-6.54434866,0.609857124,1.698151015,0,0,0.031257544,0,0,1.63369639,0,0,1.560553279,0,0,0.031257544,0,0,1.427463129,0,0,0.000983446,0,0,0.031257544,0,0,0.001288228,0.001558198,0.00120358,0.001288228,0.001657264,2.99E-07,0.001288228,272.9434333,272.9434333,259.510195,1,0,0,435.7238072,435.7238072,0,262.5988746,2,0,38.71341826,38.71341826,262.5043376,0,235.7781463,235.7781463,259.510195,1,0,305.8973415,305.8973415,262.2503447,1,0,0.053015388,0.053015388,260.2398893,0,0,79.37091981,79.37091981,259.510195,0,0,0.127402626,-6.941449442,0.141263828,4.726850982,0.02532976,12.21979,0.001292962,0.002625339,245.1071038,245.1071038,259.5881013,1,0,528.8183742,528.8183742,269.1293371,2,0,1,0,0,0,0,0,0,0,0,0,0.669195303,0.026849827,0,0.669195303,0.007057901,0,0.752870631,0.698222506,0,0,0,0,0,259.510195,0,0,259.510195,0,0,259.5881013,269.1293371,0,1
AJG,226.1100006,0,0,1,0,0,0.0568,0.9432,0.0433572,0.166527197,0.821554734,0,0,0,0,0,0,0,0,0,0,0,0,0,1,1,1,1,0.052884988,-6.0111618,0.04531581,2.645171927,0.065573241,2.189095855,0.052884988,-6.0111618,0.046134585,1.836968334,0.053129025,-17.2409707,0.052884988,-6.0111618,0.821554734,1.909848625,0,0,0.020458315,0,0,5.537204008,0,0,4.122243377,0,0,0.020458315,0,0,3.28235966,0,0,1.43E-05,0,0,0.020458315,0,0,0.001302409,0.008450518,0.005146629,0.001302409,0.005396172,6.90E-09,0.001302409,275.9481907,275.9481907,216.0704092,1,0,0,2363.045244,2363.045244,0,224.0062605,11,0,165.5424434,165.5424434,223.4318494,1,238.3737615,238.3737615,216.0704092,1,0,996.024214,996.024214,223.2805416,4,0,0.001223843,0.001223843,218.851539,0,0,80.24469192,80.24469192,216.0704092,0,0,0.052915205,-6.393884964,0.048510546,3.76954365,0.015970741,11.46140329,0.001321321,0.003334522,250.4831021,250.4831021,216.1571963,1,0,671.6680782,671.6680782,225.5519921,3,0,1,0,0,0,0,0,0,0,0,0,0.564594784,1.202598121,0.074877198,0.564594784,0.210903291,0,0.638777577,0.666068406,0,0,0,0,0,216.0704092,224.0062605,0,216.0704092,0,0,216.1571963,225.5519921,0,1
AKAM,108.9199982,1,1,0,1,1,0.3764,0.6236,0.125298329,0.166945607,0.377941926,0,0,980,0,980,0,0,0,0,109,0,0,980,1,1,1,1,0.252847956,-7.442916649,0.142313781,1.021038026,0.179953495,0.857269039,0.252847956,-7.442916649,0.150785253,0.676197191,0.259161787,-6.648356433,0.252847956,-7.442916649,0.377941926,1.466235817,0,0,0.057937372,0,0,1.478088454,0,0,1.388293828,0,0,0.057937372,0,0,1.295348299,0,0,0.07852677,0,0,0.057937372,0,0,0.001386654,0.000783426,0.000586422,0.001386654,0.00097362,1.34E-05,0.001386654,293.7976017,293.7976017,103.5635612,3,0,103.5635612,219.071889,-760.928111,0,115.244103,-7,0,18.86240754,18.86240754,106.1024339,0,253.792711,253.792711,103.5635612,2,0,179.7104832,179.7104832,105.7490877,2,0,2.375366677,-106.6246333,107.7730699,-1,0,85.43523322,85.43523322,103.5635612,1,0,0.252861502,-7.863710191,0.178519619,4.91762498,0.049319798,6.566411237,0.0013767,0.000965766,260.9812552,260.9812552,103.6434769,3,0,194.5329713,194.5329713,110.4559283,2,0,1,0,0,0,0,0,0,0,0,0,2.596734762,-0.114025477,0,1.731156508,0.014288833,-0.690635051,2.898653342,0.755719858,0.865578254,0,0,0,-80.71014121,310.6906835,0,0,207.1271223,0,-107.7730699,310.9304307,110.4559283,103.5635612,1
ALB,104.5899963,0,0,1,0,0,0.0828,0.9172,0.084327765,0.00209205,0.315099793,0,837,941,0,1778,0,418,314,418,0,418,0,1778,1,1,1,1,0.077629425,-6.188334443,0.080169534,1.724229374,0.005639073,6.822896964,0.077629425,-6.188334443,0.082759475,1.180520105,0.079901256,-15.67258138,0.077629425,-6.188334443,0.315099793,1.403393684,0,0,0.122801571,0,0,1.79378855,0,0,10.09696111,0,0,0.122801571,0,0,1.491929768,0,0,0.00493534,0,0,0.122801571,0,0,0.002499208,0.000797907,0.003563857,0.002499208,0.000984968,7.09E-07,0.002499208,529.5201823,529.5201823,96.64020735,5,0,-306.4192311,223.1213992,-1554.878601,0,114.7709535,-14,0,114.6322343,114.6322343,107.4943824,1,457.4181744,143.4181744,96.64020735,1,0,181.8051421,-236.1948579,114.7709535,-2,0,0.125652523,0.125652523,98.96581947,0,0,153.9824696,-264.0175304,102.1397437,-3,0,0.075699761,-6.561376511,0.081364683,4.187348698,0.108218067,4.13325273,0.002523006,0.000542925,478.2867832,60.28678318,96.68417328,1,0,109.3606481,109.3606481,105.9357282,1,0,0,0,0,0,0,0,0,0,0,0,2.991834623,-0.650336517,0.727373797,0.598366925,-0.043550866,0,0.672682214,0.273967018,-1.795100774,0,0,0,-27.0755797,289.9206221,-114.7709535,107.4943824,96.64020735,0,0,96.68417328,0,-204.2794874,1
ALGN,143.7400055,0,0,1,0,0,0.1544,0.8456,0.207239459,0.20167364,0.346042985,0,0,0,0,0,0,0,0,0,0,0,431,0,1,1,1,1,0.164659326,-6.811477242,0.195285843,0.719811706,0.185004196,0.830202607,0.164659326,-6.811477242,0.190709937,0.520623365,0.163842715,-11.12680304,0.164659326,-6.811477242,0.346042985,1.434336876,,,0.085698686,,,1.296460656,,,1.349125045,,,0.085698686,,,1.206580372,,,0.018070632,,,0.085698686,,,0.001890724,0.00062927,0.000520734,0.001890724,0.000849717,2.83E-06,0.001890724,400.5975304,400.5975304,135.9039755,3,,135.9039755,175.9646281,175.9646281,,138.5438549,1,,16.749507,16.749507,138.7435535,0,346.0502492,346.0502492,135.9039755,3,,156.8406512,156.8406512,138.0747593,1,,0.501299779,0.501299779,136.521359,0,,116.4922492,116.4922492,135.9039755,1,,0.164666797,-7.215382091,0.179760492,4.922068284,0.074080175,5.902659424,0.001889095,0.000820237,358.1160692,358.1160692,135.9362867,3,,165.2191249,-265.7808751,153.8350156,-2,,1,,,,,,,,,,2.174822917,0.008095764,0,2.174822917,0.004235136,0,2.440394003,-0.757086131,0.724940972,,,,0,271.8079509,0,0,271.8079509,0,0,271.8725734,-153.8350156,135.9039755,1
ALL,223.7400055,0,0,1,0,0,0.0192,0.9808,0.044152745,0.089539749,0.683081063,0,0,0,0,0,0,0,224,224,0,224,224,0,1,1,1,1,0.022289138,-5.792092456,0.035847087,3.077903132,0.035625211,3.341400691,0.022289138,-5.792092456,0.033224352,2.265596779,0.02201894,-19.13551201,0.022289138,-5.792092456,0.683081063,1.771374954,,,0.036455464,,,5.811331697,,,6.756236993,,,0.036455464,,,3.652342259,,,1.77E-05,,,0.036455464,,,0.001756536,0.006562692,0.00619543,0.001756536,0.004804895,6.36E-09,0.001756536,372.1663485,372.1663485,216.3037369,2,,216.3037369,1835.146338,1835.146338,,222.5555004,8,,199.2773666,199.2773666,222.8470589,1,321.4903934,97.49039341,216.3037369,0,,886.8863612,662.8863612,222.1415197,3,,0.001127836,0.001127836,218.7587525,0,,108.2245689,108.2245689,216.3037369,1,,0.022296429,-6.168803282,0.027943451,3.464043826,0.029391475,7.247003203,0.001784592,0.001736181,338.3053657,114.3053657,216.3145313,1,,349.7166366,125.7166366,223.1794797,1,,1,,,,,,,,,,1.048385469,1.184185961,0.174452478,0,0.240606036,0,0.594595843,0.187493744,0.524192735,,,,0,216.3037369,222.5555004,0,0,0,0,216.3145313,0,216.3037369,1
ALLE,154.2100067,0,0,1,0,0,0.4048,0.5952,0.417263325,0.60376569,0.481851316,0,0,0,0,0,0,0,0,0,0,0,0,0,1,1,1,1,0.408004914,-8.553855988,0.415136909,0.144379034,0.463459735,0.066037207,0.408004914,-8.553855988,0.414081255,0.102811964,0.407681336,-1.118942066,0.408004914,-8.553855988,0.481851316,1.570145207,0,0,0.021084292,0,0,1.067307599,0,0,1.03024216,0,0,0.021084292,0,0,1.047478114,0,0,0.603607595,0,0,0.021084292,0,0,0.000650166,0.000743979,0.000576217,0.000650166,0.000964257,0.000134786,0.000650166,137.7540445,137.7540445,149.6009906,1,0,0,208.0412911,208.0412911,0,149.3672634,1,0,18.53414784,18.53414784,149.2774265,0,118.9967931,118.9967931,149.6009906,1,0,177.9824225,177.9824225,149.3333035,1,0,23.90428622,23.90428622,149.2774265,0,0,40.058356,40.058356,149.6009906,0,0,0.408094506,-9.004843526,0.411693313,3.589349234,0.017202541,5.050058802,0.000636268,0.000886299,120.617528,120.617528,149.653062,1,0,178.5259102,178.5259102,153.7662674,1,0,1,0,0,0,0,0,0,0,0,0,1,0.000325708,0,1,0.000165161,0,1,0.201303561,0,0,0,0,0,149.6009906,0,0,149.6009906,0,0,149.653062,0,0,1
AMAT,540.039978,1,1,0,1,1,0.9088,0.0912,0.986475736,0.389958159,0.898318813,0,0,0,0,0,0,0,0,4320,2700,0,0,0,1,1,1,1,0.924196938,-12.24984249,0.969824814,-3.40920133,0.628181786,-0.242815696,0.924196938,-12.24984249,0.965051716,-2.197555583,0.923887927,4.374121474,0.924196938,-12.24984249,0.898318813,1.986612704,,,0.000222926,,,0.096310149,,,0.846473632,,,0.000222926,,,0.221248153,,,20.13647218,,,0.000222926,,,1.64E-05,0.000172083,0.001242142,1.64E-05,0.000408745,0.011347894,1.64E-05,3.479040067,3.479040067,508.7402226,0,,0,48.1202337,48.1202337,,496.766926,0,,39.95375848,39.95375848,496.766926,0,3.005317284,3.005317284,508.7402226,0,,75.44613611,-4244.553864,550.6446141,-8,,2012.549383,-687.4506166,580.6873208,-1,,1.011691715,1.011691715,508.7402226,0,,0.92328124,-12.79203272,0.94920112,-16.04243318,0.000153648,1.65E-05,1.49E-05,5.31E-09,2.83352879,2.83352879,509.0193734,0,,0.001070588,0.001070588,513.1070572,0,,1,,,,,,,,,,0,0,0,0,-0.603656318,-0.298952167,0,0,0,,,,592.9695511,0,0,0,0,-550.6446141,0,0,0,0,1
AMBA,68.65000153,1,1,0,0,0,0.4752,0.5248,0.549323787,0.461506276,0.282403224,69,0,69,0,69,0,69,0,481,0,0,0,138,1,1,1,1,0.491259969,-9.149970507,0.534299699,-0.057290764,0.491416333,0.015454017,0.491259969,-9.149970507,0.528414427,-0.033325638,0.49006874,1.187406786,0.491259969,-9.149970507,0.282403224,1.370697115,,,0.055845647,,,0.9820973,,,1.004884844,,,0.055845647,,,0.989546796,,,1.454136799,,,0.055845647,,,0.001041588,0.000397533,0.00032201,0.001041588,0.000609251,0.000190258,0.001041588,220.6866127,151.6866127,64.33571046,2,0,0,111.1634921,42.1634921,,62.83316416,1,0,10.35753699,10.35753699,62.83316416,0,190.636865,190.636865,64.33571046,3,0,112.4554145,-368.5445855,75.13766841,-5,0,33.74223645,33.74223645,66.41747968,1,0,64.17483369,-4.825166305,67.92642029,0,0,0.491216402,-9.615880896,0.513481608,1.64570534,0.04821552,1.680216928,0.001020286,0.000207679,193.4158635,193.4158635,64.39565738,3,0,41.83244175,41.83244175,66.81827085,1,-1,0,0.016170249,0.017777541,0.017601107,0.015406139,0.016170249,0.358924615,0.016723299,0.012869595,0.016170249,2,5.13E-05,0,3,-8.68E-05,0.022030232,3,0.042317907,0,-0.178566887,0.178566887,0.000181554,-0.086202981,128.6714209,0,0,193.0071314,0,0,193.1869721,0,0,1
AMCR,41.86000061,0,0,1,0,0,0.205596107,0.794403893,0.154856688,0.514853556,0.181087402,0,0,0,0,0,0,0,0,0,0,0,502,0,1,1,1,1,0.190647679,-6.997556446,0.162150368,0.890355881,0.230345942,0.628964699,0.190647679,-6.997556446,0.165224624,0.613207752,0.191587393,-9.748261214,0.190647679,-6.997556446,0.181087402,1.269381293,0,0,0.188411964,0,0,1.236613063,0,0,1.16186527,0,0,0.188411964,0,0,1.157506597,0,0,0.097759103,0,0,0.188411964,0,0,0.002644756,0.000368147,0.000271755,0.002644756,0.000567726,9.46E-06,0.002644756,560.3581047,560.3581047,39.84200384,14,0,159.3680154,102.9462485,102.9462485,0,41.01327819,3,0,8.741046012,8.741046012,40.74084763,0,484.0570574,484.0570574,39.84200384,12,0,104.7908239,104.7908239,40.76370132,3,0,1.676869385,1.676869385,40.30589543,0,0,162.950021,162.950021,39.84200384,4,0,0.190750405,-7.407125299,0.174137841,4.900949267,0.170875729,3.21884153,0.002637138,0.000326333,499.9227324,499.9227324,39.86883556,13,0,65.7328777,-436.2671223,43.66606908,-10,0,1,0,0,0,0,0,0,0,0,0,10.71126792,0.037159387,0,9.181086791,0.017626113,0,11.14455574,-3.753016206,3.060362264,0,0,0,0,438.2620423,0,0,358.5780346,0,0,438.5571912,-174.6642763,119.5260115,1
AMD,633.9099731,1,1,0,1,1,0.886,0.114,0.896579157,0.988702929,1.077100775,0,0,0,0,0,0,0,0,0,3170,0,0,0,1,1,1,1,0.888714707,-11.99578617,0.894772294,-1.363327734,0.923557055,-1.938777333,0.888714707,-11.99578617,0.893906477,-0.951274626,0.888456101,4.678471884,0.888714707,-11.99578617,1.036381153,2.124675044,,,0.000118541,,,0.357925825,,,0.231981145,,,0.000118541,,,0.488264257,,,33.9804274,,,0.000118541,,,1.12E-05,0.000836771,0.000448379,1.12E-05,0.001100589,0.024944705,1.12E-05,2.372268109,2.372268109,587.8724009,0,,0,233.9888278,233.9888278,,578.9896981,0,,14.42221805,14.42221805,578.9896981,0,2.049248705,2.049248705,587.8724009,0,,203.1464772,203.1464772,578.9896981,0,,4423.944365,1253.944365,652.6214578,2,,0.689846609,0.689846609,587.8724009,0,,0.888774893,-12.53837312,0.891882484,-12.84799392,7.88E-05,6.24E-05,1.01E-05,2.39E-08,1.914376701,1.914376701,588.1347596,0,,0.004812098,0.004812098,588.586066,0,,1,,,,,,,,,,0,0,0,0,0,0.684003099,0,0,0,,,,0,0,0,0,0,0,652.6214578,0,0,0,1
AME,251.9299927,1,1,0,1,1,0.7536,0.2464,0.791964996,0.466108787,0.833168319,0,0,0,0,0,0,0,0,252,1764,0,0,0,1,1,1,1,0.761689738,-11.08627469,0.7841514,-0.634681695,0.626311963,-0.238907626,0.761689738,-11.08627469,0.781688981,-0.439557513,0.761410672,4.94408162,0.761689738,-11.08627469,0.833168319,1.92146221,,,0.0007171,,,0.660669196,,,0.855535802,,,0.0007171,,,0.750459899,,,25.25218739,,,0.0007171,,,4.67E-05,0.001033026,0.001095021,4.67E-05,0.001256096,0.012480965,4.67E-05,9.891946123,9.891946123,245.6546338,0,,0,288.868248,288.868248,,244.4019416,1,,35.22157843,35.22157843,244.4019416,0,8.545011292,8.545011292,245.6546338,0,,231.8499341,-20.15006587,256.9149107,0,,2213.499638,449.4996385,253.2845147,2,,2.876540582,2.876540582,245.6546338,0,,0.761337417,-11.60156749,0.773979178,-7.103463723,0.000512184,0.009665659,4.34E-05,2.86E-06,8.235726051,8.235726051,245.6745248,0,,0.575364554,0.575364554,244.8847015,0,,1,,,,,,,,,,0,0.006294076,0,0,0,0.763873221,0,0,0,,,,0,0,0,0,0,0,253.2845147,0,0,0,1
AMGN,403.0400085,0,0,1,0,0,0.3764,0.6236,0.364757359,0.666945607,0.593113333,0,0,0,0,0,0,0,0,0,0,0,0,0,1,1,1,1,0.373804227,-8.308975642,0.366992058,0.233927549,0.439865643,0.109431586,0.373804227,-8.308975642,0.367698046,0.16346879,0.373884319,-2.222121275,0.373804227,-8.308975642,0.593113333,1.681407224,0,0,0.013331816,0,0,1.12925263,0,0,1.058511899,0,0,0.013331816,0,0,1.088655516,0,0,0.315157341,0,0,0.013331816,0,0,0.000529663,0.0010352,0.000783878,0.000529663,0.001227369,9.21E-05,0.000529663,112.2224594,112.2224594,385.6703317,0,0,0,289.4763895,289.4763895,0,387.2601584,1,0,25.21359213,25.21359213,382.8984077,0,96.94171109,96.94171109,385.6703317,0,0,226.5475361,226.5475361,384.8936067,1,0,16.33974419,16.33974419,382.6884647,0,0,32.63386747,32.63386747,385.6703317,0,0,0.373923901,-8.753651991,0.369988799,4.146323943,0.010581272,8.624084158,0.000518565,0.001806046,98.30454235,98.30454235,385.8060535,0,0,363.7893621,363.7893621,402.6246049,1,0,1,0,0,0,0,0,0,0,0,0,0,0.000855033,0,0,0.000417532,0,0,0.268625035,0,0,0,0,0,0,0,0,0,0,0,0,0,0,1
AMP,490.9100037,0,0,1,0,0,0.0232,0.9768,0.061256961,0.242677824,0.697090137,0,0,0,0,0,0,0,0,0,0,0,0,0,1,1,1,1,0.027372435,-5.828489373,0.047400945,2.565194802,0.048467124,2.731862805,0.027372435,-5.828489373,0.043287053,1.91745476,0.027001216,-18.82689445,0.027372435,-5.828489373,0.697090137,1.785384028,0,0,0.034102387,0,0,4.423242075,0,0,4.87187704,0,0,0.034102387,0,0,3.038673523,0,0,1.82E-05,0,0,0.034102387,0,0,0.00169177,0.005155076,0.004614128,0.00169177,0.00409191,6.75E-09,0.00169177,358.4439511,358.4439511,467.5714961,1,0,0,1441.530212,1441.530212,0,486.4892047,3,0,148.4144259,148.4144259,486.7020849,0,309.6365035,309.6365035,467.5714961,1,0,755.2838874,755.2838874,485.3095623,2,0,0.001196551,0.001196551,473.3252156,0,0,104.2341476,104.2341476,467.5714961,0,0,0.027383369,-6.206197886,0.035365828,3.578197027,0.027397037,7.956927941,0.001718239,0.00194541,325.7269744,325.7269744,467.7486663,1,0,391.861156,391.861156,489.7798883,1,0,1,0,0,0,0,0,0,0,0,0,0.530801381,0.308448017,0,0.530801381,0.114894774,0,0.601826441,0.200054593,0,0,0,0,0,467.5714961,0,0,467.5714961,0,0,467.7486663,0,0,1
AMT,162.1999969,0,0,1,0,0,0.0832,0.9168,0.087509944,0.148117155,0.370473003,0,0,0,0,0,0,0,0,0,0,0,162,0,1,1,1,1,0.084275244,-6.235919177,0.086750471,1.614217438,0.100411177,1.537672085,0.084275244,-6.235919177,0.086389509,1.13873401,0.084171657,-15.42771236,0.084275244,-6.235919177,0.370473003,1.458766894,,,0.094928625,,,1.839538566,,,1.787131619,,,0.094928625,,,1.537221039,,,0.002951703,,,0.094928625,,,0.002229451,0.000955284,0.000739252,0.002229451,0.001138078,4.93E-07,0.002229451,472.3651865,472.3651865,156.0024728,3,,156.0024728,267.1291026,267.1291026,,160.0179798,2,,23.778189,23.778189,159.8807515,0,408.045677,408.045677,156.0024728,3,,210.0661697,210.0661697,159.4900201,1,,0.087510131,0.087510131,156.9259116,0,,137.3620127,137.3620127,156.0024728,1,,0.084299589,-6.62459471,0.085555628,4.234434677,0.081970934,4.947520196,0.002240583,0.000718138,424.7477844,424.7477844,156.0931553,3,,144.6534904,-17.34650959,168.2090507,0,,1,,,,,,,,,,1.822813499,0.081428061,0,1.822813499,0.020261174,0,2.057121331,0,0.6076045,,,,0,312.0049456,0,0,312.0049456,0,0,312.1863105,0,156.0024728,1
AMZN,251.5200043,0,0,1,0,0,0.34,0.66,0.385441527,0.370292887,0.708143155,0,0,503,0,503,0,0,503,503,0,503,503,503,1,1,1,1,0.35006829,-8.139023967,0.376428923,0.215641837,0.364438977,0.258416013,0.35006829,-8.139023967,0.372817818,0.156470768,0.349298691,-3.08204347,0.35006829,-8.139023967,0.708143155,1.796437046,,,0.00849835,,,1.13464988,,,1.163440386,,,0.00849835,,,1.095993659,,,0.164395963,,,0.00849835,,,0.000431332,0.00135544,0.001130126,0.000431332,0.001503095,6.24E-05,0.000431332,91.38846022,91.38846022,240.1776227,0,,0,379.0260163,-123.9739837,,266.2071508,0,,36.35075177,36.35075177,240.8962448,0,78.94456913,-424.0554309,247.7825308,-2,,277.4409027,-225.5590973,266.2071508,-1,,11.05845445,11.05845445,239.3364949,0,,26.57541916,26.57541916,240.1776227,0,,0.350068631,-8.578289513,0.363719858,4.21801761,0.006570224,11.83352973,0.000422647,0.00293966,80.12128872,-422.8787113,247.7825308,-2,,592.1316756,89.13167561,253.147922,0,,1,,,,,,,,,,0,0,0,-2,-0.000382548,0,-2,0,0,,,,-6.919646362,0,0,0,-495.5650616,0,0,-495.5650616,0,0,1
ANET,207.3500061,1,1,0,1,1,0.6468,0.3532,0.61097852,0.79665272,1.035540746,0,622,0,0,622,0,0,0,207,829,0,0,622,1,1,1,1,0.637944129,-10.20024376,0.617267421,-0.203651683,0.67929289,-0.357929835,0.637944129,-10.20024376,0.619722517,-0.146426576,0.638499854,3.972156256,0.637944129,-10.20024376,1.035540746,2.123834637,,,0.000460563,,,0.857790672,,,0.763684089,,,0.000460563,,,0.895572679,,,19.92390821,,,0.000460563,,,4.34E-05,0.002002199,0.001473676,4.34E-05,0.002016333,0.014603199,4.34E-05,9.203394376,9.203394376,192.4672991,0,,0,559.881303,-62.118697,,219.7736338,0,,47.40112631,47.40112631,190.0250421,0,7.950216053,7.950216053,192.4672991,0,,372.174372,165.174372,190.0250421,1,,2589.877769,1760.877769,208.1311137,8,,2.676312334,2.676312334,192.4672991,0,,0.638045271,-10.6952346,0.626581715,-1.486091642,0.000317225,0.326489082,4.06E-05,0.000124937,7.698466367,7.698466367,192.6391619,0,,25.16587207,25.16587207,190.0250421,0,,1,,,,,,,,,,0,0,0,0,0.000335012,1.972253165,0,0,0,,,,-0.19422499,0,0,0,0,0,416.2622274,0,0,0,1
AON,269.4500122,0,0,1,0,0,0.0084,0.9916,0.014319809,0.00334728,0.5250642,0,0,1886,0,1886,0,0,0,0,0,269,0,1886,1,1,1,1,0.009307939,-5.699145773,0.01267205,5.078541072,0.005990269,6.741495639,0.009307939,-5.699145773,0.01213897,3.623662164,0.009245684,-19.93579878,0.009307939,-5.699145773,0.5250642,1.613358091,0,0,0.06548051,0,0,11.34930467,0,0,25.1429418,0,0,0.06548051,0,0,5.659083955,0,0,7.22E-05,0,0,0.06548051,0,0,0.00223263,0.008818935,0.00994158,0.00223263,0.005645547,1.79E-08,0.00223263,473.0389402,473.0389402,259.1169318,2,0,259.1169318,2466.066589,580.0665885,0,271.2495461,2,0,319.7730875,319.7730875,271.2495461,1,408.6276891,408.6276891,259.1169318,2,0,1042.053767,1042.053767,268.551804,4,0,0.003183013,0.003183013,262.5857169,0,0,137.5579377,137.5579377,259.1169318,1,0,0.009294938,-6.073228017,0.010872219,3.184769638,0.054752463,4.587484966,0.002264218,0.000863549,429.2281508,160.2281508,259.1861209,1,0,173.9435739,173.9435739,268.205747,1,0,1,0,0,0,0,0,0,0,0,0,1.015008205,0.805986857,0.710121304,1.015008205,0.820682967,0,0.57631404,0.158480588,0.507504102,0,0,0,0,259.1169318,271.2495461,271.2495461,259.1169318,268.551804,0,259.1861209,0,259.1169318,1
AOS,56.75,0,0,1,0,0,0.1908,0.8092,0.236674622,0.215481172,0.247550806,0,0,0,0,0,0,0,0,0,0,0,454,0,1,1,1,1,0.20026217,-7.066397162,0.226895029,0.593770731,0.212749098,0.699409043,0.20026217,-7.066397162,0.223083893,0.427080138,0.199528696,-9.365019652,0.20026217,-7.066397162,0.247550806,1.335844697,0,0,0.129228518,0,0,1.187600071,0,0,1.22448893,0,0,0.129228518,0,0,1.131638925,0,0,0.066419081,0,0,0.129228518,0,0,0.00219112,0.000433647,0.000353059,0.00219112,0.000645578,7.85E-06,0.00219112,464.24397,464.24397,54.90550334,8,0,109.8110067,121.2619594,121.2619594,0,55.31147775,2,0,11.35623563,11.35623563,55.37529678,0,401.0302843,401.0302843,54.90550334,7,0,119.1605998,119.1605998,55.21407083,2,0,1.392667778,1.392667778,55.0762955,0,0,135.0003936,135.0003936,54.90550334,2,0,0.20025954,-7.477027908,0.213710783,4.995847202,0.114741123,4.248715143,0.002184118,0.00049138,414.0437348,414.0437348,54.93746844,8,0,98.97807005,-355.0219299,59.10825345,-6,0,1,0,0,0,0,0,0,0,0,0,6.241746107,0.011017615,0,5.461527844,0.00569992,0,6.988243291,-2.339858368,1.560436527,0,0,0,0,329.43302,0,0,274.5275167,0,0,384.5622791,-118.2165069,109.8110067,1
APA,43.68000031,0,0,1,0,0,0.586,0.414,0.5433572,0.674267782,0.28573286,0,0,0,0,0,0,0,0,0,0,0,0,0,1,1,1,1,0.575183992,-9.750874904,0.550652399,-0.084960805,0.598652771,-0.182947994,0.575183992,-9.750874904,0.553597836,-0.063255558,0.575905986,3.012733687,0.575183992,-9.750874904,0.28573286,1.374026751,0,0,0.045125932,0,0,0.973365206,0,0,0.943526402,0,0,0.045125932,0,0,0.980101463,0,0,2.604610287,0,0,0.045125932,0,0,0.000849244,0.000397842,0.000305371,0.000849244,0.000607786,0.000344054,0.000849244,179.9337611,179.9337611,40.78862456,4,0,40.78862456,111.2498137,111.2498137,0,40.32256247,3,0,9.822326802,9.822326802,40.32256247,0,155.4331171,155.4331171,40.78862456,4,0,112.1850379,112.1850379,40.32256247,3,0,61.0179359,61.0179359,43.49680378,1,0,52.32405832,52.32405832,40.78862456,1,0,0.575257379,-10.23367452,0.561690462,0.435911832,0.038708127,1.148560126,0.000827311,0.000142856,156.8334095,156.8334095,40.8884945,4,0,28.77536558,28.77536558,41.7570434,1,0,1,0,0,0,0,0,0,0,0,0,4,0.00033836,0,4,0.000187559,0.141821317,4,0.002969049,1,0,0,0,0.000275129,163.1544983,0,0,163.1544983,0,0,163.553978,0,40.78862456,1
APD,277.5700073,0,0,1,0,0,0.132,0.868,0.186157518,0.163598326,0.489788885,0,0,0,0,0,0,0,0,0,0,0,0,0,1,1,1,1,0.14208152,-6.64981789,0.173409548,0.826774946,0.15758969,0.992906469,0.14208152,-6.64981789,0.168628748,0.599596615,0.141279565,-12.29329582,0.14208152,-6.64981789,0.489788885,1.578082776,,,0.048136338,,,1.458171944,,,1.572984127,,,0.048136338,,,1.314613068,,,0.003667178,,,0.048136338,,,0.00151232,0.001037151,0.000898152,0.00151232,0.001228373,8.35E-07,0.00151232,320.4229812,320.4229812,268.4381899,1,,0,290.0218472,290.0218472,,272.0621289,1,,28.88926474,28.88926474,272.5166474,0,276.7926512,276.7926512,268.4381899,1,,226.7328043,226.7328043,271.4805239,1,,0.148139329,0.148139329,269.8979163,0,,93.17779307,93.17779307,268.4381899,0,,0.142080936,-7.049351168,0.157315288,4.822659343,0.040115629,9.026355488,0.001514828,0.001604899,287.1661646,287.1661646,268.6762008,1,,323.2725948,323.2725948,279.6711402,1,,1,,,,,,,,,,0.690938718,0.010680575,0,0.690938718,0.005617439,0,0.776458623,0.363406924,0,,,,0,268.4381899,0,0,268.4381899,0,0,268.6762008,0,0,1
APH,86.95999908,1,1,0,1,1,0.7548,0.2452,0.920843278,0.894979079,1.008874395,0,0,435,0,435,0,0,0,435,2783,0,348,435,1,1,1,1,0.789578558,-11.28596143,0.885971136,-1.266484422,0.85167306,-1.058260591,0.789578558,-11.28596143,0.87224346,-0.799049883,0.786863954,4.994301242,0.789578558,-11.28596143,1.008874395,2.097168286,,,0.000234455,,,0.39143212,,,0.456697015,,,0.000234455,,,0.553348789,,,40.39554736,,,0.000234455,,,2.11E-05,0.000868615,0.000836793,2.11E-05,0.001200087,0.028171795,2.11E-05,4.47104058,4.47104058,83.22804525,0,,0,242.8935299,-192.1064701,,88.98047832,-2,,26.91563804,26.91563804,81.47630737,0,3.862242249,3.862242249,83.22804525,0,,221.5118156,-213.4881844,89.54450601,-2,,4996.268763,2213.268763,88.30932445,25,,1.300161719,1.300161719,83.22804525,0,,0.789598085,-11.80931448,0.838449095,-10.10679819,0.000159122,0.000561458,1.93E-05,2.08E-07,3.666166939,3.666166939,83.26274701,0,,0.041888931,-347.9581111,85.15469656,-4,,1,,,,,,,,,,0,-0.050124462,0,0,-0.019952522,9.743376911,0,-4,0,,,,31.5977703,0,0,0,0,0,883.0932445,0,-340.6187862,0,1
APO,114.0199966,0,0,1,0,0,0.0096,0.9904,0.038981702,0.122594142,0.774394804,342,0,228,0,228,0,0,1254,1026,0,684,456,570,1,1,1,1,0.011773501,-5.716799447,0.025210062,3.761813359,0.022335513,4.326450348,0.011773501,-5.716799447,0.021963932,2.83541898,0.011574799,-19.78889895,0.011773501,-5.716799447,0.774394804,1.862688695,,,0.028553688,,,10.38047696,,,14.74852207,,,0.028553688,,,5.833925426,,,4.51E-06,,,0.028553688,,,0.001657108,0.014333908,0.00994158,0.001657108,0.008906541,1.97E-09,0.001657108,351.1000348,9.100034845,106.458802,0,,106.458802,4008.236067,3780.236067,,113.6183085,33,,319.7730875,319.7730875,114.086096,3,303.29257,-950.70743,112.1946904,-8,,1643.967297,617.9672966,112.8165373,5,,0.000349876,0.000349876,108.6487303,0,,102.0985644,102.0985644,106.458802,1,,0.011777646,-6.091478652,0.016472748,3.278960305,0.022617586,7.687395948,0.001688477,0.002096776,320.0848194,-363.9151806,112.1946904,-3,,422.3506828,-33.64931718,120.692703,0,,1,,,,,,,,,,0,7.296732995,0.877414341,-4.08522449,0.628093812,0,-1.739349008,0,0.510653061,,,,0.020127202,0,795.3281597,114.086096,-448.7787616,112.8165373,0,-224.3893808,0,106.458802,1
APP,268.2200012,0,0,1,0,0,0.022058824,0.977941176,0.101164483,0.1008,0.711374209,0,536,0,0,536,0,0,536,1073,0,268,268,536,1,1,1,1,0.0272735,-5.827780987,0.061645538,2.121949642,0.046876708,2.795454463,0.0272735,-5.827780987,0.053017402,1.666783513,0.026796977,-18.83950658,0.0272735,-5.827780987,0.711374209,1.7996681,,,0.032568254,,,3.479408832,,,5.168669771,,,0.032568254,,,2.662873379,,,1.56E-05,,,0.032568254,,,0.001664024,0.004186454,0.005057795,0.001664024,0.003671467,5.95E-09,0.001664024,352.5653423,352.5653423,229.8379482,2,,0,1170.671529,634.6715291,,259.7475823,2,,162.6850908,162.6850908,262.3819961,1,304.5583542,-231.4416458,258.6058583,-1,,677.6784852,-395.3215148,295.7477119,-1,,0.001054812,0.001054812,244.5466514,0,,102.5246703,102.5246703,229.8379482,0,,0.02727938,-6.205433451,0.038884895,3.630778743,0.026086777,8.443980257,0.001690542,0.002107386,320.4764108,52.47641079,230.0064973,0,,424.4878042,156.4878042,266.943882,1,,1,,,,,,,,,,1.061344726,0.140708446,0.122102588,-0.530672363,-0.043408864,0,0,0.205977411,0,,,,0,229.8379482,0,0,-258.6058583,0,0,0,0,0,1
APTV,43.54000092,1,1,0,1,1,0.2412,0.7588,0.285600636,0.017991632,0.143443244,87,44,0,0,44,0,0,0,0,0,44,435,131,1,1,1,1,0.244846814,-7.385627676,0.271668068,0.453248117,0.045066744,2.87135369,0.244846814,-7.385627676,0.271478657,0.318983182,0.246629126,-7.195686433,0.244846814,-7.385627676,0.143443244,1.231737135,0,0,0.214519855,0,0,1.099074493,0,0,1.819320839,0,0,0.214519855,0,0,1.068744102,0,0,0.223182739,0,0,0.214519855,0,0,0.002693743,0.000290072,0.00037612,0.002693743,0.000479489,1.92E-05,0.002693743,570.7373277,483.7373277,41.44590544,12,0,165.7836218,81.11375656,37.11375656,0,41.96922595,1,0,12.09799191,12.09799191,43.12395491,0,493.0229956,493.0229956,41.44590544,12,0,88.50392483,88.50392483,41.72980781,2,0,3.400615382,3.400615382,41.44601552,0,0,165.9682599,165.9682599,41.44590544,4,0,0.242675169,-7.788829438,0.26132923,4.943962203,0.19722886,2.802320115,0.002689565,0.000262869,509.8613003,465.8613003,41.46321672,11,0,52.94934236,-382.0506576,45.99476519,-8,0,1,0,0,0,0,0,0,0,0,0,10.22765553,0.003209904,0,10.22765553,0.003179696,0,10.42694538,-3.055345283,3.40921851,0,0,0,0,414.4590544,0,0,414.4590544,0,0,414.6321672,-137.9842956,124.3377163,1
ARES,117.5500031,0,0,1,0,0,0.05,0.95,0.083134447,0.177405858,0.809798807,0,0,0,0,0,0,0,705,588,0,588,235,0,1,1,1,1,0.055435095,-6.029420826,0.074372803,1.832951997,0.08108989,1.847196317,0.055435095,-6.029420826,0.071199686,1.334157967,0.054972794,-17.13111925,0.055435095,-6.029420826,0.809798807,1.898092698,,,0.020984912,,,3.236998275,,,3.266682382,,,0.020984912,,,2.351361489,,,1.71E-05,,,0.020984912,,,0.00130575,0.00481955,0.003976508,0.00130575,0.00379559,8.04E-09,0.00130575,276.6560944,276.6560944,108.7030827,3,,108.7030827,1347.706077,1347.706077,,114.8982229,12,,127.9052519,127.9052519,114.9061329,1,238.9852736,-466.0147264,115.2537984,-4,,700.58913,112.58913,114.1317203,1,,0.001425541,0.001425541,110.9799568,0,,80.45054762,80.45054762,108.7030827,1,,0.05545442,-6.412550988,0.064167263,3.979419832,0.016416303,12.8097854,0.001324147,0.003667899,251.0188378,-336.9811622,115.2537984,-3,,738.8198396,503.8198396,117.6166607,4,,1,,,,,,,,,,1.704089789,0.629946192,0.053314597,-2.272119718,0.027812148,0,-1.927537977,0.989736387,0.56802993,,,,0,217.4061653,114.8982229,0,-230.5075967,0,0,-230.5075967,117.6166607,108.7030827,1
AS,27.17000008,1,1,0,1,1,0.196646341,0.803353659,0.289552239,0.056776557,0.789269176,0,0,54,0,54,0,0,272,0,0,679,489,54,1,1,1,1,0.212207869,-7.15192956,0.265760747,0.469885044,0.111059072,1.403558165,0.212207869,-7.15192956,0.258267988,0.345658229,0.211366182,-8.803116422,0.212207869,-7.15192956,0.789269176,1.877563067,,,0.011047682,,,1.344491248,,,2.421061612,,,0.011047682,,,1.243283591,,,0.003904051,,,0.011047682,,,0.000660305,0.001916575,0.002818623,0.000660305,0.001943328,1.76E-06,0.000660305,139.9021468,139.9021468,25.56951615,5,,51.1390323,535.9378583,481.9378583,,26.09423343,18,,90.66162133,90.66162133,26.53640585,3,120.8523994,-151.1476006,26.90054234,-6,,358.6990332,358.6990332,25.91548153,14,,0.312464076,0.312464076,25.6587889,0,,40.68301603,40.68301603,25.56951615,2,,0.21177595,-7.561686188,0.23852161,4.991448355,0.008534223,23.2077472,0.000658281,0.006461304,124.7905005,-554.2094995,26.90054234,-21,,1301.491486,812.4914855,27.63188824,29,,1,,,,,,,,,,3.996101284,0.062097737,0.092342603,-4.79532154,0.026136165,0,-18.76189153,11.2894085,1.598440513,,,,8.69E-06,102.2780646,0,0,-134.5027117,0,0,-511.1103045,303.9507706,51.1390323,1
ASML,1867.310059,1,1,0,1,1,0.7996,0.2004,0.923627685,0.633054393,0.945596025,0,0,0,0,0,0,0,0,0,0,0,0,0,1,1,1,1,0.826121199,-11.5476104,0.898212478,-1.404679144,0.761498619,-0.598918209,0.826121199,-11.5476104,0.888576265,-0.909558471,0.824286487,4.974017603,0.826121199,-11.5476104,0.945596025,2.033889916,0,0,0.000275141,0,0,0.368891689,0,0,0.65363768,0,0,0.000275141,0,0,0.524273809,0,0,34.168517,0,0,0.000275141,0,0,2.21E-05,0.000724157,0.001056266,2.21E-05,0.001038424,0.021122728,2.21E-05,4.684443378,4.684443378,1771.436597,0,0,0,202.4984478,202.4984478,0,1740.654072,0,0,33.97501432,33.97501432,1740.654072,0,4.046587098,4.046587098,1771.436597,0,0,191.6720722,191.6720722,1740.654072,0,0,3746.116518,3746.116518,1918.682672,2,0,1.362218446,1.362218446,1771.436597,0,0,0.825907937,-12.07623183,0.86352196,-11.36462255,0.000189045,0.000313311,2.03E-05,1.07E-07,3.840196733,3.840196733,1772.017297,0,0,0.021598249,0.021598249,1769.048847,0,0,1,0,0,0,0,0,0,0,0,0,0,0,0,0,0,0.773151597,0,0,0,0,0,0,0,0,0,0,0,0,1918.682672,0,0,0,1
ASST,30.03000069,0,0,1,0,0,0.932596685,0.067403315,0.872687704,0.906918239,0.553062139,0,0,0,0,0,0,0,0,0,0,0,0,0,1,1,1,1,0.91726766,-12.20022817,0.882867266,-1.2350645,0.903511153,-1.592766746,0.91726766,-12.20022817,0.887131373,-0.898781795,0.918379325,4.428032361,0.91726766,-12.20022817,0.553062139,1.64135603,,,0.002368519,,,0.542263868,,,0.454184328,,,0.002368519,,,0.640589249,,,8.972737051,,,0.002368519,,,8.61E-05,0.000451391,0.000304689,8.61E-05,0.000672455,0.002385682,8.61E-05,18.2354441,18.2354441,25.71932498,1,,0,126.2239533,126.2239533,,24.87009325,5,,9.800396712,9.800396712,24.87009325,0,15.75241857,15.75241857,25.71932498,1,,124.1216531,124.1216531,24.87009325,5,,423.1008666,423.1008666,30.69447242,14,,5.30279829,5.30279829,25.71932498,0,,0.917279446,-12.74791293,0.898490073,-13.20284003,0.001805567,0.001441159,8.01E-05,2.84E-07,15.19188965,15.19188965,25.80064948,1,,0.057125328,0.057125328,25.96334476,0,,1,,,,,,,,,,1,0.11917065,0,1,0.063110056,4.289134192,1,0,0,,,,-1.048494124,25.71932498,0,0,25.71932498,0,122.7778897,25.80064948,0,0,1
ASX,47.45000076,1,1,0,1,1,0.9064,0.0936,0.983691329,0.969874477,0.830753041,0,0,0,0,0,0,0,0,47,2135,0,0,0,1,1,1,1,0.924132502,-12.24938112,0.968904719,-3.350833818,0.952670088,-2.77704733,0.924132502,-12.24938112,0.962893459,-2.117765234,0.922782546,4.385134171,0.924132502,-12.24938112,0.830753041,1.919046932,0,0,0.000340704,0,0,0.112571178,0,0,0.163628105,0,0,0.000340704,0,0,0.251472887,0,0,17.43284704,0,0,0.000340704,0,0,2.21E-05,0.000175133,0.000208354,2.21E-05,0.000419343,0.008573695,2.21E-05,4.677967793,4.677967793,45.06386283,0,0,0,48.97307892,48.97307892,0,44.11335054,1,0,6.701760396,6.701760396,44.11335054,0,4.04099326,4.04099326,45.06386283,0,0,77.40219151,30.40219151,44.11335054,1,0,1520.545171,-614.4548288,51.0316476,-12,0,1.360335371,1.360335371,45.06386283,0,0,0.924140346,-12.7983481,0.947592925,-15.94922271,0.000238217,3.05E-05,2.01E-05,9.00E-09,3.810680577,3.810680577,45.06771484,0,0,0.00181262,0.00181262,45.32706146,0,0,1,0,0,0,0,0,0,0,0,0,0,0.175438864,0,0,0.070077025,-3.605512818,0,0,0,0,0,0,25.89593325,0,0,0,0,0,-204.1265904,0,0,0,1
ATO,157.1699982,0,0,1,0,0,0.0348,0.9652,0.148766905,0.007949791,0.576157412,0,0,0,0,0,0,0,157,314,0,314,157,0,1,1,1,1,0.042423157,-5.936254046,0.092556076,1.527157009,0.017833928,4.802219465,0.042423157,-5.936254046,0.081038339,1.201309899,0.041871891,-17.91756793,0.042423157,-5.936254046,0.576157412,1.664451303,,,0.048582356,,,2.177287109,,,11.55027575,,,0.048582356,,,1.844230309,,,0.000108483,,,0.048582356,,,0.001859077,0.001916626,0.008205355,0.001859077,0.002017746,3.05E-08,0.001859077,393.8923108,393.8923108,153.3597238,3,,153.3597238,535.9522202,535.9522202,,155.6550195,3,,263.9270404,263.9270404,157.3447138,2,340.2580444,183.2580444,153.3597238,1,,372.4351698,58.43516984,155.4225864,0,,0.005404522,0.005404522,154.3548563,0,,114.5423967,114.5423967,153.3597238,1,,0.042281517,-6.31571566,0.060099581,3.926778709,0.040041901,7.394054019,0.001882291,0.001508477,356.8261891,42.82618914,153.4164272,0,,303.8504356,146.8504356,157.0506945,1,,1,,,,,,,,,,1.651833379,0.109322275,0.720665993,0.550611126,0,0,0,0.24093111,0.550611126,,,,0,306.7194476,0,157.3447138,153.3597238,0,0,0,0,153.3597238,1
ATZAF,85.77999878,1,1,0,1,1,0.201535509,0.798464491,0.36635514,0.04136253,1.127656641,0,0,343,0,343,0,0,2230,772,0,1630,86,343,1,1,1,1,0.224439831,-7.239511636,0.3169427,0.339518964,0.09041693,1.685195276,0.224439831,-7.239511636,0.302784043,0.262058512,0.223236126,-8.250928628,0.224439831,-7.239511636,1.036381153,2.124675044,,,0.004271319,,,1.291582096,,,3.560834614,,,0.004271319,,,1.21834361,,,0.001993117,,,0.004271319,,,0.000403438,0.003019503,0.006882475,0.000403438,0.00274625,1.46E-06,0.000403438,85.4784884,85.4784884,81.72708009,1,0,0,844.3531016,501.3531016,,82.7077239,6,0,221.3763248,221.3763248,84.68520227,3,73.83932741,-2156.160673,84.23930427,-26,,506.9021718,-265.0978282,91.67413187,-3,,0.259485816,0.259485816,81.87868902,0,,24.85682167,24.85682167,81.72708009,0,0,0.223706236,-7.649386909,0.267239466,4.924867754,0.003136266,40.91403965,0.000402148,0.015672487,76.23528001,-1553.76472,84.23930427,-18,,3156.887406,3070.887406,87.44830752,35,,1,0.002013455,0.002234001,0.002835176,0.001927619,0.002013455,0.336788301,0.002055513,0.001536526,0.002013455,0.818914511,0.010806856,0.133119521,-21.2917773,-0.003219125,0,-16.45681502,13.26408256,0,0.122673555,0.122673555,2.78E-05,11.79486972,81.72708009,0,0,-1769.02539,0,0,-1347.828868,1136.827998,0,1
AU,94.91999817,0,0,1,0,0,0.2108,0.7892,0.165075577,0.406276151,0.649780573,0,0,0,0,0,0,0,190,190,0,95,285,0,1,1,1,1,0.197686683,-7.047956417,0.171865765,0.835108178,0.229473547,0.632269665,0.197686683,-7.047956417,0.174709928,0.576314517,0.198523116,-9.413269269,0.197686683,-7.047956417,0.649780573,1.738074464,,,0.020323969,,,1.586657053,,,1.418364829,,,0.020323969,,,1.375165258,,,0.005497582,,,0.020323969,,,0.000912847,0.001660782,0.001203267,0.000912847,0.001710264,1.83E-06,0.000912847,193.4096276,193.4096276,88.37698299,2,,88.37698299,464.4098022,464.4098022,,91.27448252,5,,38.70333226,38.70333226,90.75684879,0,167.074045,-22.92595496,91.39226533,0,,315.6801717,125.6801717,90.74714436,1,,0.324738864,0.324738864,88.72920379,0,,56.24278943,56.24278943,88.37698299,1,,0.197774259,-7.458758356,0.182869031,4.932658497,0.016195262,15.28182874,0.000909549,0.003486114,172.4234168,77.42341683,88.43452565,1,,702.2030746,417.2030746,98.54364968,4,,1,,,,,,,,,,1.552302802,0.054484818,0,0,0.005189663,0,0.869266816,1.52069499,0.776151401,,,,0.006716914,176.753966,0,0,0,0,0,88.43452565,197.0872994,88.37698299,1
AVGO,355.1400146,1,1,0,1,1,0.2848,0.7152,0.345266508,0.029288703,1.029580491,0,0,2131,0,2131,0,0,1776,2486,0,1065,0,2131,1,1,1,1,0.292535813,-7.727085677,0.328423805,0.313785616,0.070511127,2.068406568,0.292535813,-7.727085677,0.326436475,0.223656871,0.293696589,-5.205161073,0.292535813,-7.727085677,1.029580491,2.117874382,,,0.003032084,,,1.265501878,,,4.721653447,,,0.003032084,,,1.182741453,,,0.020120417,,,0.003032084,,,0.000283011,0.002920825,0.009006965,0.000283011,0.002640812,1.46E-05,0.000283011,59.96294544,59.96294544,336.4062229,0,,0,816.7595292,-1314.240471,,377.4241843,-3,,289.7109884,289.7109884,348.7869408,1,51.79810317,-1724.201897,348.8379924,-5,,487.4405569,-1998.559443,377.4241843,-5,,2.586658895,2.586658895,331.9370887,0,,17.43699812,17.43699812,336.4062229,0,,0.290675546,-8.141685003,0.313150946,4.681371282,0.002221382,33.54747387,0.000281108,0.012744776,53.28969265,-1011.710307,348.8379924,-3,,2567.162705,2567.162705,363.2415422,7,,1,,,,,,,,,,0,-0.004615379,0.066848527,-4.66467602,-0.003908,0,-3,2.396979056,0,,,,0,0,0,0,-1744.189962,0,0,-1046.513977,726.4830845,0,1
AVY,169.8699951,0,0,1,0,0,0.2944,0.7056,0.284805091,0.421338912,0.489735282,0,0,0,0,0,0,0,0,0,340,0,170,0,1,1,1,1,0.292173301,-7.724490053,0.286589541,0.413272475,0.325676872,0.345906832,0.292173301,-7.724490053,0.287209326,0.289386412,0.292275868,-5.262650589,0.292173301,-7.724490053,0.489735282,1.578029173,0,0,0.029489163,0,0,1.207467605,0,0,1.170925709,0,0,0.029489163,0,0,1.141121261,0,0,0.090654597,0,0,0.029489163,0,0,0.000926357,0.000858716,0.000668489,0.000926357,0.001066155,2.06E-05,0.000926357,196.2720468,196.2720468,164.8899881,1,0,0,240.1255879,240.1255879,0,166.1221271,1,0,21.5021064,21.5021064,165.9855119,0,169.5467034,169.5467034,164.8899881,1,0,196.7906825,196.7906825,165.8774405,1,0,3.66159369,-336.3384063,169.0648262,-2,0,57.0751701,57.0751701,164.8899881,0,0,0.292239562,-8.153182241,0.289080087,4.830062536,0.024251135,9.055406965,0.000915632,0.001609923,173.5765685,173.5765685,165.0212615,1,0,324.2846247,154.2846247,171.0723901,1,0,1,0,0,0,0,0,0,0,0,0,0.93230854,0.002668658,0,0.93230854,0.001308508,-0.865484101,1,0.364523502,0,0,0,0,0,164.8899881,0,0,164.8899881,0,-169.0648262,165.0212615,0,0,1
AWK,130.25,0,0,1,0,0,0.1228,0.8772,0.145584726,0.308368201,0.440321924,130,0,0,0,0,0,0,0,0,0,0,391,130,1,1,1,1,0.127795225,-6.547526591,0.140999988,1.030701047,0.166852006,0.933302834,0.127795225,-6.547526591,0.139076694,0.734662887,0.127366767,-13.0328731,0.127795225,-6.547526591,0.440321924,1.528615815,,,0.062130044,,,1.548661496,,,1.485956756,,,0.062130044,,,1.365831601,,,0.003963355,,,0.062130044,,,0.001734925,0.000969729,0.0007446,0.001734925,0.001161384,7.96E-07,0.001734925,367.5875243,237.5875243,126.5700222,2,,126.5700222,271.1683012,271.1683012,,128.1477562,2,,23.95021692,23.95021692,128.0454176,0,317.5350439,317.5350439,126.5700222,3,,214.3680642,214.3680642,127.8832505,2,,0.141245974,0.141245974,127.0602065,0,,106.8930641,106.8930641,126.5700222,1,,0.127841619,-6.944676526,0.134490705,4.680239656,0.052493748,7.287195805,0.001739014,0.001193441,329.665234,329.665234,126.5906897,3,,240.3931675,-150.6068325,134.8868092,-1,,1,,,,,,,,,,1.339690764,0.03319827,0,2.009536146,0.016866549,0,2.26071244,-0.342260051,0.669845382,,,,0,126.5700222,0,0,253.1400444,0,0,253.1813793,0,126.5700222,1
AXON,413.3500061,0,0,1,0,0,0.0404,0.9596,0.045743835,0.114644351,0.81254953,0,0,0,0,0,0,0,0,0,0,0,0,0,1,1,1,1,0.041629814,-5.930573631,0.044719628,2.66892326,0.055152061,2.492228312,0.041629814,-5.930573631,0.044270595,1.888901801,0.04151984,-17.93889102,0.041629814,-5.930573631,0.81254953,1.900843421,0,0,0.022166043,0,0,5.552472114,0,0,4.956760967,0,0,0.022166043,0,0,3.364358381,0,0,9.91E-06,0,0,0.022166043,0,0,0.001386657,0.008315086,0.00606976,0.001386657,0.005454115,4.69E-09,0.001386657,293.7980874,293.7980874,374.24549,1,0,0,2325.173884,2325.173884,0,407.4122525,6,0,195.2351627,195.2351627,406.8843531,0,253.7931306,253.7931306,374.24549,1,0,1006.719386,1006.719386,403.9199454,2,0,0.000832445,0.000832445,391.026554,0,0,85.43537448,85.43537448,374.24549,0,0,0.041646984,-6.311051142,0.043209791,3.694044128,0.017360225,10.7260571,0.001408645,0.003082753,267.0370405,267.0370405,374.4608064,1,0,620.9546274,620.9546274,411.7131132,2,0,1,0,0,0,0,0,0,0,0,0,0.549557869,0.667795441,0,0.549557869,0.111498438,0,0.622333852,0.426436313,0,0,0,0,0,374.24549,407.4122525,0,374.24549,0,0,374.4608064,0,0,1
AXP,302.7799988,0,0,1,0,0,0.0376,0.9624,0.133651551,0.067364017,0.69074496,0,0,0,0,0,0,0,0,0,0,0,0,0,1,1,1,1,0.045587825,-5.958913384,0.091675601,1.539818294,0.061499297,2.298947406,0.045587825,-5.958913384,0.08113543,1.200119553,0.044880462,-17.73574852,0.045587825,-5.958913384,0.69074496,1.779038851,,,0.032297334,,,2.42795205,,,3.759786209,,,0.032297334,,,1.996422378,,,3.65E-05,,,0.032297334,,,0.00158125,0.002789639,0.003509271,0.00158125,0.002660212,1.33E-08,0.00158125,335.0275069,335.0275069,287.8426848,1,,0,780.075697,780.075697,,298.1820935,3,,112.8764844,112.8764844,299.5308731,0,289.4085546,289.4085546,287.8426848,1,,491.0214056,491.0214056,297.410924,2,,0.002365627,0.002365627,292.7839752,0,,97.42473399,97.42473399,287.8426848,0,,0.045585929,-6.340006723,0.06240658,3.956796766,0.025931204,9.770862671,0.001602681,0.002367054,303.8205174,303.8205174,287.9799155,1,,476.7924695,476.7924695,302.8605573,2,,1,,,,,,,,,,0.554822636,0.111142518,0,0.554822636,0.045008967,0,0.628057582,0.48925752,0,,,,0,287.8426848,0,0,287.8426848,0,0,287.9799155,0,0,1
AZN,156.8999939,0,0,1,0,0,0.1168,0.8832,0.063245823,0.010878661,0.580132192,0,314,314,0,628,0,0,0,157,1098,0,0,628,1,1,1,1,0.095470865,-6.316080944,0.068449097,1.957769807,0.024703489,4.111570641,0.095470865,-6.316080944,0.071412833,1.330997062,0.097270709,-14.68570075,0.095470865,-6.316080944,0.580132192,1.668426083,,,0.039435848,,,2.724117743,,,8.204097506,,,0.039435848,,,1.976468625,,,0.000543584,,,0.039435848,,,0.001522453,0.002420985,0.005885494,0.001522453,0.002177752,1.54E-07,0.001522453,322.5700127,322.5700127,151.3000086,2,,151.3000086,676.987721,48.98772105,,155.3085134,0,,189.308208,189.308208,157.4109987,1,278.6473325,278.6473325,151.3000086,2,,401.9690203,244.9690203,154.751709,2,,0.027336289,-1097.972664,154.5608325,-7,,93.80214171,93.80214171,151.3000086,1,,0.094969962,-6.703033684,0.079188967,4.162350082,0.032349598,8.420142415,0.001535673,0.001728418,291.1178887,291.1178887,151.5379184,2,,348.1528615,348.1528615,157.8486034,2,,1,,,,,,,,,,1.246652453,0,0.26414083,1.246652453,0.055361037,-7,1.404083143,0.541411194,0.623326226,,,,-0.885384448,151.3000086,0,0,151.3000086,0,-1081.925827,151.5379184,157.8486034,151.3000086,1
AZO,2792.030029,0,0,1,0,0,0.1428,0.8572,0.111376293,0.021338912,0.621747633,0,2792,0,0,2792,0,0,0,0,0,0,0,2792,1,1,1,1,0.13235152,-6.580150121,0.115311153,1.253343828,0.045905257,2.835707087,0.13235152,-6.580150121,0.117757959,0.863857451,0.133525611,-12.70357073,0.13235152,-6.580150121,0.621747633,1.710041524,,,0.029294172,,,1.959013616,,,4.578662443,,,0.029294172,,,1.589587856,,,0.001096436,,,0.029294172,,,0.001238895,0.001921379,0.003633787,0.001238895,0.001884012,3.43E-07,0.001238895,262.4911351,262.4911351,2694.132329,0,,0,537.2814102,-2254.71859,,2892.109282,-1,,116.881552,116.881552,2772.30567,0,226.7490831,226.7490831,2694.132329,0,,347.7506052,347.7506052,2739.699743,0,,0.060751758,0.060751758,2714.969345,0,,76.33143095,76.33143095,2694.132329,0,,0.131877935,-6.974347888,0.123102575,4.593595847,0.023709943,11.7581341,0.001245494,0.002572056,236.108478,236.108478,2697.702302,0,,518.085718,518.085718,2809.680628,0,,1,,,,,,,,,,0,-0.024544855,0,0,0,0,0,0,0,,,,0,0,0,0,0,0,0,0,0,0,1
B,40.22999954,0,0,1,0,0,0.196,0.804,0.130071599,0.4041841,0.468358652,80,0,40,0,40,0,0,0,0,0,0,282,120,1,1,1,1,0.174679342,-6.883221555,0.138516694,1.049358024,0.199849838,0.756794842,0.174679342,-6.883221555,0.142221156,0.718220492,0.17601452,-10.51444407,0.174679342,-6.883221555,0.468358652,1.556652543,,,0.047544693,,,1.591028237,,,1.397814935,,,0.047544693,,,1.3741559,,,0.009532598,,,0.047544693,,,0.001420022,0.001071403,0.000754621,0.001420022,0.001233066,2.06E-06,0.001420022,300.8674309,220.8674309,37.87809463,6,,75.75618925,299.5998207,259.5998207,,39.04822475,7,,24.27256311,24.27256311,38.81007683,1,259.8998784,259.8998784,37.87809463,7,,227.5989836,227.5989836,38.8287519,6,,0.364908375,0.364908375,38.11058549,0,,87.49111287,87.49111287,37.87809463,2,,0.174773832,-7.289679913,0.153154362,4.799802524,0.039717704,8.365311887,0.001417833,0.001435797,268.778952,268.778952,37.89413294,7,,289.2105648,7.210564832,40.98644148,0,,1,,,,,,,,,,4.441756779,0.120438529,0.008949038,5.182049575,0.048360063,0,5.81212551,0,1.480585593,,,,0.002026906,151.5123785,0,0,189.3904731,0,0,227.3647977,0,37.87809463,1
BA,193.5599976,0,0,1,0,0,0.2116,0.7884,0.350835322,0.183682008,0.320461443,0,0,0,0,0,0,0,0,0,0,0,581,0,1,1,1,1,0.234078848,-7.308527962,0.313595256,0.347224602,0.228531855,0.63585768,0.234078848,-7.308527962,0.300639646,0.265716132,0.232314831,-7.836196276,0.234078848,-7.308527962,0.320461443,1.408755334,0,0,0.081701692,0,0,1.126365585,0,0,1.243478391,0,0,0.081701692,0,0,1.095337642,0,0,0.068186003,0,0,0.081701692,0,0,0.001686393,0.000508729,0.000445818,0.001686393,0.00073135,9.94E-06,0.001686393,357.304819,357.304819,184.7579369,2,0,184.7579369,142.2575188,142.2575188,0,186.3433274,1,0,14.3398347,14.3398347,187.5855252,0,308.652481,308.652481,184.7579369,2,0,134.9923668,134.9923668,185.8602344,1,0,1.762243135,1.762243135,185.2128634,0,0,103.9028922,103.9028922,184.7579369,1,0,0.234001727,-7.725070092,0.271012815,4.911215457,0.070832858,5.382246311,0.001677492,0.000713979,318.0025409,318.0025409,184.9254209,2,0,143.8157552,-437.1842448,204.4538543,-2,0,1,0,0,0,0,0,0,0,0,0,1.669205655,0.001883827,0,1.669205655,0.001103204,0,1.864897123,-0.753751165,0.834602828,0,0,0,0,369.5158739,0,0,369.5158739,0,0,369.8508419,-204.4538543,184.7579369,1
BABA,105.8499985,0,0,1,0,0,0.1148,0.8852,0.128878282,0.234728033,0.22936392,0,0,0,0,0,0,0,106,318,529,0,106,0,1,1,1,1,0.118040165,-6.477679384,0.126182399,1.150450992,0.146528214,1.071698432,0.118040165,-6.477679384,0.125016358,0.815999864,0.117758237,-13.55268411,0.118040165,-6.477679384,0.22936392,1.317657811,,,0.167477668,,,1.37349495,,,1.343978441,,,0.167477668,,,1.252445794,,,0.023787711,,,0.167477668,,,0.002699174,0.000474759,0.000366334,0.002699174,0.000686076,2.66E-06,0.002699174,571.8879429,571.8879429,101.0090778,6,,202.0181557,132.758446,132.758446,,102.847033,1,,11.78319815,11.78319815,102.8260103,0,494.0169375,388.0169375,101.0090778,4,,126.6358084,-191.3641916,113.1949473,-2,,0.472586772,-528.5274132,103.5473721,-5,,166.3028544,166.3028544,101.0090778,2,,0.118077491,-6.872899444,0.122223545,4.586476639,0.150178754,3.543822924,0.002702056,0.000395611,512.229344,512.229344,101.0506704,5,,79.68739341,-26.31260659,113.1949473,0,,1,0.001874149,0.002089744,0.002737437,0.00179943,0.001874149,0.313725454,0.001900177,0.001397477,0.001874149,3.933780957,0.020680273,0,2.622520638,-0.020807993,-5,3.690370841,0,1.311260319,0.053802101,0.053802101,4.51E-07,0,404.0363113,0,0,303.0272335,0,-517.7368606,404.2026817,0,101.0090778,1
BAC,53.75,0,0,1,0,0,0.0064,0.9936,0.044152745,0.179079498,0.632122037,0,0,0,0,0,0,0,0,0,0,0,269,0,1,1,1,1,0.008093843,-5.690452728,0.021500557,4.07552635,0.016753028,4.932173135,0.008093843,-5.690452728,0.017706906,3.131141088,0.007935139,-20.01864702,0.008093843,-5.690452728,0.632122037,1.720415928,,,0.045618286,,,9.127048407,,,14.52730302,,,0.045618286,,,5.467661149,,,1.92E-05,,,0.045618286,,,0.001972942,0.009170982,0.00994158,0.001972942,0.006597487,6.14E-09,0.001972942,418.0174647,418.0174647,51.31953592,8,,102.6390718,2564.51081,2564.51081,,53.7110468,48,,319.7730875,319.7730875,54.08450781,6,361.0982017,361.0982017,51.31953592,7,,1217.762617,1217.762617,53.55193127,23,,0.001088551,0.001088551,52.22490755,0,,121.5579004,121.5579004,51.31953592,2,,0.008096589,-6.064418839,0.012149849,3.206477956,0.037240889,5.695783571,0.002005527,0.001265536,380.1881322,380.1881322,51.49462843,7,,254.9151625,-14.08483745,55.89787901,0,,1,,,,,,,,,,4.047656531,12.45743627,2.280593609,3.541699464,3.523328496,0,4.022503609,0,1.011914133,,,,0.302930454,205.2781437,644.5325617,108.1690156,205.2781437,214.2077251,0,205.9785137,0,51.31953592,1
BAESY,102,0,0,1,0,0,0.074,0.926,0.076372315,0.126359833,0.724938713,0,0,0,0,0,0,0,306,204,0,408,102,0,1,1,1,1,0.074619401,-6.166782371,0.075974058,1.801692497,0.087787458,1.728219435,0.074619401,-6.166782371,0.075768092,1.269298542,0.074553556,-15.98128118,0.074619401,-6.166782371,0.724938713,1.813232604,,,0.025478473,,,2.921822083,,,2.796819221,,,0.025478473,,,2.128406986,,,7.41E-05,,,0.025478473,,,0.001338468,0.003622783,0.002822392,0.001338468,0.003000541,2.91E-08,0.001338468,283.588226,283.588226,97.7241124,3,,97.7241124,1013.050341,1013.050341,,100.7291912,10,,90.78286367,90.78286367,100.6837586,1,244.9734929,-61.02650708,99.40681732,-1,,553.8391495,349.8391495,100.332528,3,,0.005167588,0.005167588,98.88211875,0,,82.46638534,82.46638534,97.7241124,1,,0.074640249,-6.553587938,0.075315314,4.116905131,0.02023961,11.58853726,0.001352734,0.002948773,256.4380856,-151.5619144,99.40681732,-2,,593.9673225,491.9673225,102.9697995,5,,1,,,,,,,,,,1.782618975,0.507202477,0.04666785,-0.594206325,0.075521193,0,-1.342172339,1.324133427,0.594206325,,,,0,195.4482248,100.7291912,0,-99.40681732,0,0,-99.40681732,102.9697995,97.7241124,1
BAH,67.34999847,0,0,1,0,0,0.0584,0.9416,0.018695306,0.248117155,0.472141089,0,0,0,0,0,0,0,0,67,0,0,0,0,1,1,1,1,0.038573686,-5.908691452,0.021309524,4.093075975,0.041307976,3.04230068,0.038573686,-5.908691452,0.022592645,2.796337714,0.039533855,-18.05936436,0.038573686,-5.908691452,0.472141089,1.56043498,,,0.072139133,,,6.179726275,,,3.871786982,,,0.072139133,,,3.470405121,,,0.000323673,,,0.072139133,,,0.002174027,0.00420205,0.002111117,0.002174027,0.003136542,7.05E-08,0.002174027,460.6223192,460.6223192,63.50295996,7,,127.0059199,1175.032615,1175.032615,,67.0757756,18,,67.90453567,67.90453567,66.69333698,1,397.9017748,397.9017748,63.50295996,6,,578.9422583,511.9422583,66.66606859,8,,0.012509093,0.012509093,64.59989312,0,,133.9472312,133.9472312,63.50295996,2,,0.038613473,-6.288751503,0.026873004,3.447217122,0.06091524,4.636174857,0.00219634,0.000800738,416.3604944,416.3604944,63.50871345,7,,161.2916407,161.2916407,66.92375341,2,,1,0.002642219,0.002914378,0.020252377,0.002498113,0.002642219,0.452579107,0.002705874,0.002079605,0.002642219,3.818569418,4.71185745,0.144618647,3.273059501,0.977438076,0,4.325605753,0.371353309,1.091019834,0.086627564,0.086627564,4.88E-06,0,254.0118398,335.378878,0,190.5088799,66.66606859,0,254.0348538,0,63.50295996,1
BALL,56.36999893,0,0,1,0,0,0.0276,0.9724,0.095863166,0.229288703,0.29829482,0,113,0,0,113,0,0,56,56,0,56,56,113,1,1,1,1,0.03343132,-5.871871597,0.066506344,2.002182062,0.060239952,2.335015725,0.03343132,-5.871871597,0.058952145,1.542458323,0.032903973,-18.46382948,0.03343132,-5.871871597,0.29829482,1.386588711,0,0,0.146724138,0,0,1.923999961,0,0,2.145112228,0,0,0.146724138,0,0,1.655573056,0,0,0.002393881,0,0,0.146724138,0,0,0.002855857,0.000815556,0.000720658,0.002855857,0.001054705,3.28E-07,0.002855857,605.085205,605.085205,54.16015969,11,0,162.4804791,228.056458,115.056458,0,55.68012883,2,0,23.18010917,23.18010917,55.75127828,0,522.6939011,466.6939011,54.16015969,9,0,194.6772157,138.6772157,55.54909943,2,0,0.058125935,0.058125935,54.76876275,0,0,175.9564929,175.9564929,54.16015969,3,0,0.033442554,-6.250739556,0.045557765,3.727764028,0.129634962,3.381795808,0.002876307,0.000430619,545.2619661,489.2619661,54.17058225,9,0,86.73904597,30.73904597,56.23200908,1,0,1,0,0,0,0,0,0,0,0,0,5.926056821,0.125272907,0,4.848591944,0.074349302,0,5.494464141,0.21712851,1.616197315,0,0,0,0,324.9609582,0,0,270.8007985,0,0,270.8529113,0,108.3203194,1
BAX,23.48999977,0,0,1,0,0,0.256,0.744,0.297931583,0.803556485,-0.032903789,0,0,0,0,0,0,0,23,0,0,23,1128,0,1,1,1,1,0.265397482,-7.532772508,0.289675004,0.405341924,0.359143816,0.269794129,0.265397482,-7.532772508,0.286128681,0.291351642,0.26456961,-6.416065176,0.265397482,-7.532772508,-0.032903789,1.055390102,0,0,0.666246701,0,0,1.022092678,0,0,1.014651016,0,0,0.666246701,0,0,1.015830904,0,0,0.707588163,0,0,0.666246701,0,0,0.004722385,0.000145372,0.000111328,0.004722385,0.000288426,3.31E-05,0.004722385,1000.556162,1000.556162,22.36177246,45,0,290.703042,40.65092988,40.65092988,0,22.57387888,2,0,3.580882861,3.580882861,22.49593563,0,864.3156354,841.3156354,22.36177246,38,0,53.2376616,53.2376616,22.54827914,2,0,5.869835549,5.869835549,22.34711614,0,0,290.9579538,290.9579538,22.36177246,13,0,0.265511,-7.956697912,0.277739034,4.884054532,0.651192964,1.301219162,0.004705286,8.19E-05,891.9820332,868.9820332,22.37276579,39,0,16.50119343,-1111.498807,24.83502717,-45,0,1,0,0,0,0,0,0,0,0,0,39.89718398,0.00513444,0,33.69095536,0.002652681,0,38.57894726,-16.77233578,11.52585315,0,0,0,0,894.4708985,0,0,760.3002638,0,0,872.5378658,-422.1954619,268.3412696,1
BBY,87.97000122,0,0,1,0,0,0.3728,0.6272,0.312251392,0.933054393,0.505006046,0,0,0,0,0,0,0,0,0,176,0,0,0,1,1,1,1,0.35642158,-8.184514158,0.321860833,0.328367521,0.438852615,0.111316745,0.35642158,-8.184514158,0.325727118,0.224761121,0.3574248,-2.792469578,0.35642158,-8.184514158,0.505006046,1.593299937,0,0,0.022094945,0,0,1.165273691,0,0,1.053220015,0,0,0.022094945,0,0,1.110372306,0,0,0.272326733,0,0,0.022094945,0,0,0.000719265,0.000861264,0.000625508,0.000719265,0.001067435,6.44E-05,0.000719265,152.3943382,152.3943382,84.16972567,2,0,84.16972567,240.8380614,240.8380614,0,84.76570933,3,0,20.11958717,20.11958717,83.27997344,0,131.6435942,131.6435942,84.16972567,2,0,197.026823,197.026823,84.46335306,2,0,11.42426737,-164.5757326,88.99569143,-2,0,44.31569814,44.31569814,84.16972567,1,0,0.3565976,-8.626284617,0.336846285,4.489726323,0.017985555,8.0958152,0.000706488,0.001475542,133.9291423,133.9291423,84.21819244,2,0,297.216406,297.216406,88.57701605,3,0,1,0.002320409,0.002563145,0.01460232,0.002199452,0.002320409,0.389182078,0.002373776,0.001813026,0.002320409,2,0.005054308,0,2,0.001578674,-0.243683948,2,0.94488949,1,0.070687183,0.070687183,1.76E-06,0,168.3394513,0,0,168.3394513,0,0,168.4363849,88.57701605,84.16972567,1
BCC,74.98999786,0,0,1,0,0,0.242,0.758,0.313842482,0.346025105,0.568494015,75,225,225,0,450,0,0,0,0,1125,0,525,525,1,1,1,1,0.256384493,-7.468238609,0.298059021,0.384320733,0.295308314,0.423001136,0.256384493,-7.468238609,0.291907292,0.280951075,0.255230525,-6.818691091,0.256384493,-7.468238609,0.568494015,1.656787906,,,0.023038933,,,1.214140152,,,1.238084123,,,0.023038933,,,1.152400069,,,0.031980602,,,0.023038933,,,0.00086669,0.001049233,0.000863054,0.00086669,0.001243714,8.82E-06,0.00086669,183.6299937,108.6299937,71.23915308,2,,71.23915308,293.4002496,-156.5997504,,79.72557986,-2,,27.76032591,27.76032591,72.30594662,0,158.626053,158.626053,71.23915308,2,,229.5644505,229.5644505,71.72357595,3,,1.564579076,-1123.435421,74.51066821,-15,,53.3989088,53.3989088,71.23915308,1,,0.256412128,-7.889811192,0.277118338,4.886712532,0.018621962,11.7894728,0.000858933,0.002376721,162.828077,162.828077,71.24701305,2,,478.7397043,-46.26029573,79.72557986,-1,,1,,,,,,,,,,1.742955872,-0.004615701,0,1.742955872,0.003700008,-10.89715973,1.94528502,-0.373124365,0.871477936,,,,0.053807281,142.4783062,0,0,142.4783062,0,-819.6173503,142.4940261,0,71.23915308,1
BDX,176.8000031,0,0,1,0,0,0.2236,0.7764,0.150755768,0.871966527,0.29440518,0,0,0,0,0,0,0,0,0,0,0,0,0,1,1,1,1,0.200377889,-7.067225726,0.160252141,0.901756525,0.250666417,0.556721433,0.200377889,-7.067225726,0.164365115,0.616713722,0.20180903,-9.255904755,0.200377889,-7.067225726,0.29440518,1.382699071,0,0,0.101261833,0,0,1.339374713,0,0,1.197694653,0,0,0.101261833,0,0,1.221205315,0,0,0.049823942,0,0,0.101261833,0,0,0.001950587,0.000561396,0.000397762,0.001950587,0.000771541,6.75E-06,0.001950587,413.2810094,413.2810094,170.8687026,2,0,170.8687026,156.9850278,156.9850278,0,173.531836,1,0,12.79409623,12.79409623,172.9603701,0,357.0066848,357.0066848,170.8687026,2,0,142.4108885,142.4108885,173.174595,1,0,1.196478474,1.196478474,171.0648229,0,0,120.180557,120.180557,170.8687026,1,0,0.200513776,-7.478896821,0.176548151,4.910312246,0.088616026,4.909268731,0.001943616,0.000620604,368.4516987,368.4516987,170.8927786,2,0,125.007376,125.007376,177.8609168,1,0,1,0,0,0,0,0,0,0,0,0,1.560802483,0.0127057,0,1.560802483,0.005942747,0,1.747934302,0.376736974,0.780401242,0,0,0,0,341.7374053,0,0,341.7374053,0,0,341.7855572,0,170.8687026,1
BEKE,16.43000031,0,0,1,0,0,0.392670157,0.607329843,0.4461738,0.573342736,0.182818556,0,0,0,0,0,0,0,0,0,0,0,131,0,1,1,1,1,0.404681508,-8.530060068,0.435681142,0.108400995,0.462236823,0.068266023,0.404681508,-8.530060068,0.431325686,0.081505402,0.403699292,-1.244172269,0.404681508,-8.530060068,0.182818556,1.271112447,,,0.129212481,,,1.02634565,,,1.016511334,,,0.129212481,,,1.019744934,,,0.741954361,,,0.129212481,,,0.001822939,0.00030722,0.000239089,0.001822939,0.00050218,7.21E-05,0.001822939,386.2355503,386.2355503,15.59915558,25,,109.194089,85.90895644,85.90895644,,15.55486622,6,,7.690358046,7.690358046,15.55355522,0,333.6438652,333.6438652,15.59915558,21,,92.69233596,92.69233596,15.55355522,6,,12.79523294,12.79523294,15.55355522,1,,112.3158397,112.3158397,15.59915558,7,,0.404750065,-8.980258199,0.420642586,3.451696792,0.115984789,2.288819159,0.001800058,0.000232863,341.2372656,341.2372656,15.60658686,22,,46.90530759,-84.09469241,17.43628854,-5,,1,,,,,,,,,,25,0.001101635,0,21,0.000622793,0.024186947,22,-0.930797714,7,,,,0.01606963,389.9788894,0,0,327.5822671,0,0,343.3449108,-17.43628854,109.194089,1
BEN,32.81000137,0,0,1,0,0,0.454,0.546,0.510739857,0.841422594,0.286577329,0,0,0,0,0,0,0,0,0,0,0,459,0,1,1,1,1,0.466985597,-8.97616357,0.49981604,0.000306184,0.566945584,-0.122148792,0.466985597,-8.97616357,0.495139921,0.005686695,0.465873389,0.566402321,0.466985597,-8.97616357,0.286577329,1.37487122,0,0,0.057403383,0,0,1.000097481,0,0,0.961859107,0,0,0.057403383,0,0,1.001812056,0,0,1.197600392,0,0,0.057403383,0,0,0.001082758,0.000409774,0.00031209,0.001082758,0.000622381,0.000158579,0.001082758,229.4095714,229.4095714,31.44775403,7,0,62.89550805,114.5864875,114.5864875,0,31.36456713,4,0,10.03843008,10.03843008,31.36456713,0,198.1720638,198.1720638,31.44775403,6,0,114.8788875,114.8788875,31.36456713,4,0,28.12397164,28.12397164,31.92242125,1,0,66.71143714,66.71143714,31.44775403,2,0,0.467115794,-9.438714915,0.483867819,2.296673881,0.049543217,2.077508322,0.001061567,0.000258808,201.2414512,201.2414512,31.448995,6,0,52.1312937,-406.8687063,34.3244226,-12,0,1,0,0,0,0,0,0,0,0,0,7,5.86E-09,0,6,2.02E-06,0.005012681,6,-0.989008297,2,0,0,0,0.008567937,220.1342782,0,0,188.6865242,0,0,188.69397,-34.3244226,62.89550805,1
BG,106.7200012,0,0,1,0,0,0.0952,0.9048,0.064041368,0.151882845,0.438469811,0,0,0,0,0,0,0,0,0,0,0,0,0,1,1,1,1,0.085198917,-6.242532763,0.068072834,1.966228049,0.09292139,1.645952763,0.085198917,-6.242532763,0.069845028,1.354575044,0.085833922,-15.3327909,0.085198917,-6.242532763,0.438469811,1.526763702,,,0.071252212,,,2.297932775,,,2.006687499,,,0.071252212,,,1.773914688,,,0.001521476,,,0.071252212,,,0.001980746,0.001431939,0.001000548,0.001980746,0.001502978,3.04E-07,0.001980746,419.6707904,419.6707904,102.1447665,4,,102.1447665,400.4175681,400.4175681,,105.1116651,4,,32.18283394,32.18283394,104.9095869,0,362.5264026,362.5264026,102.1447665,4,,277.419305,277.419305,104.7792925,3,,0.053964265,0.053964265,103.0449362,0,,122.0386812,122.0386812,102.1447665,1,,0.085236822,-6.631484399,0.075041912,4.113652271,0.06043938,5.701293388,0.001992284,0.000930797,377.6776591,377.6776591,102.1460491,4,,187.4892084,187.4892084,106.6628549,2,,1,,,,,,,,,,2.435575956,0.241628296,0,2.435575956,0.086009698,0,2.748536583,0.528816719,0.608893989,,,,0,204.289533,0,0,204.289533,0,0,306.4381474,106.6628549,102.1447665,1
BHP,86.06999969,0,0,1,0,0,0.3552,0.6448,0.420843278,0.451464435,0.67255912,0,0,1807,0,1807,0,86,86,86,947,86,86,1807,1,1,1,1,0.369324949,-8.276903565,0.407417803,0.158182448,0.406396839,0.173058568,0.369324949,-8.276903565,0.402037931,0.118033499,0.368209092,-2.416328714,0.369324949,-8.276903565,0.67255912,1.760853011,0,0,0.009250678,0,0,1.093626644,0,0,1.102870419,0,0,0.009250678,0,0,1.069063637,0,0,0.25483097,0,0,0.009250678,0,0,0.000436005,0.001205933,0.000986922,0.000436005,0.001381831,8.93E-05,0.000436005,92.3786957,92.3786957,82.30849286,1,0,-84.3132966,337.2189333,-1469.781067,0,90.66522185,-16,0,31.74455679,31.74455679,82.16398135,0,79.79996939,-6.200030607,84.3132966,0,0,255.0580569,169.0580569,82.06251006,2,0,15.844026,-931.155974,86.83105577,-11,0,26.8633759,-59.1366241,84.3132966,-1,0,0.369353837,-8.720056988,0.388773432,3.91267189,0.007199138,9.150269451,0.000426543,0.002158705,80.85977896,-5.140221039,84.3132966,0,0,434.8249258,348.8249258,86.69132451,4,0,0,0,0,0,0,0,0,0,0,0,1,-0.006255422,0,0,0.000435372,-1.003517015,0,0.956812583,-1,0,0,0,0,82.30849286,0,0,0,0,-86.83105577,0,86.69132451,-84.3132966,1
BIDU,84.31999969,1,1,0,1,1,0.0528,0.9472,0.122513922,0.022594142,0.061417109,0,0,169,0,169,0,0,0,0,0,0,506,169,1,1,1,1,0.061084936,-6.069874248,0.098682898,1.443896833,0.040904158,3.061835462,0.061084936,-6.069874248,0.091704513,1.082130207,0.060458731,-16.80587649,0.061084936,-6.069874248,0.061417109,1.149711,0,0,0.428779774,0,0,1.223161528,0,0,1.532895642,0,0,0.428779774,0,0,1.162960189,0,0,0.095885738,0,0,0.428779774,0,0,0.004172069,0.000245028,0.000238902,0.004172069,0.000425453,6.28E-06,0.004172069,883.9578609,883.9578609,79.21657991,11,0,237.6497397,68.51787348,-100.4821265,0,91.87544935,-1,0,7.684334411,7.684334411,83.81185369,0,763.5939187,763.5939187,79.21657991,10,0,78.53004385,78.53004385,81.85307969,1,0,1.113991645,1.113991645,80.16268226,0,0,257.0516083,257.0516083,79.21657991,3,0,0.060999155,-6.453310889,0.076914386,4.135810628,0.406445546,1.780669558,0.004175316,0.000139819,791.5153973,791.5153973,79.26495458,10,0,28.16355613,-477.8364439,91.87544935,-5,0,1,0,0,0,0,0,0,0,0,0,6.3324548,-0.032575595,0,5.756777091,0.018296965,0,6.507065848,-1.336322621,1.727033127,0,0,0,0,475.2994795,0,0,475.2994795,0,0,554.854682,-91.87544935,158.4331598,1
BIIB,219.8800049,0,0,1,0,0,0.5256,0.4744,0.396976929,0.817991632,0.112496059,0,0,0,0,0,0,0,0,0,0,0,0,0,1,1,1,1,0.487582645,-9.123640499,0.415413833,0.143887014,0.537598734,-0.06796621,0.487582645,-9.123640499,0.423287662,0.091372278,0.490045886,1.186842306,0.487582645,-9.123640499,0.112496059,1.20078995,0,0,0.188352442,0,0,1.026678047,0,0,0.987640581,0,0,0.188352442,0,0,1.016859815,0,0,1.242552794,0,0,0.188352442,0,0,0.002152579,0.000244736,0.000183953,0.002152579,0.000423102,9.66E-05,0.002152579,456.0780978,456.0780978,211.5132251,2,0,211.5132251,68.43631992,68.43631992,0,210.6737139,0,0,5.916894963,5.916894963,209.7709906,0,393.9763164,393.9763164,211.5132251,2,0,78.09603878,78.09603878,209.7709906,0,0,17.12881105,17.12881105,216.0495625,0,0,132.6257888,132.6257888,211.5132251,1,0,0.4877671,-9.590524726,0.445873396,3.029115768,0.172929604,1.740663718,0.002124006,0.000152903,402.6482672,402.6482672,211.5532173,2,0,30.79912735,30.79912735,218.246334,0,0,1,0,0,0,0,0,0,0,0,0,2,0,0,2,0,0,2,0,1,0,0,0,0,423.0264501,0,0,423.0264501,0,0,423.1064347,0,211.5132251,1
BKH,70.95999908,1,1,0,1,1,0.3536,0.6464,0.443118536,0.314644351,0.335703544,0,0,0,0,0,0,0,0,0,0,0,213,0,1,1,1,1,0.371740036,-8.294195831,0.423728502,0.129209153,0.361271784,0.265202442,0.371740036,-8.294195831,0.416363673,0.099961053,0.370393842,-2.341261082,0.371740036,-8.294195831,0.335703544,1.423997435,,,0.053304586,,,1.046730297,,,1.098274794,,,0.053304586,,,1.035964663,,,0.437114152,,,0.053304586,,,0.001144959,0.000493561,0.000411521,0.001144959,0.000714102,6.65E-05,0.001144959,242.5883741,242.5883741,69.12452612,4,,69.12452612,138.0161346,138.0161346,,68.94774478,2,,13.23667231,13.23667231,69.21570967,0,209.5563775,209.5563775,69.12452612,3,,131.8087686,131.8087686,68.89982741,2,,11.78570978,11.78570978,68.89858303,0,,70.54378321,70.54378321,69.12452612,1,,0.371667994,-8.737068593,0.398000895,3.787557179,0.045580546,3.814388281,0.001128278,0.000520245,213.887954,213.887954,69.14032443,3,,104.7922206,-108.2077794,72.87068114,-1,,1,,,,,,,,,,4,0.000521719,0,3,0.000312257,0,3,-0.224149834,1,,,,0,276.4981045,0,0,207.3735784,0,0,207.4209733,0,69.12452612,1
BKNG,159.0200043,0,0,1,0,0,0.0376,0.9624,0.060063644,0.038912134,0.471586978,318,0,0,0,0,0,159,477,636,0,159,159,318,1,1,1,1,0.04135607,-5.928613596,0.054234969,2.332664644,0.043348417,2.947152471,0.04135607,-5.928613596,0.052161665,1.686286288,0.041057612,-17.96690244,0.04135607,-5.928613596,0.471586978,1.559880869,,,0.071653187,,,2.821093989,,,3.707403794,,,0.071653187,,,2.116447176,,,0.000339426,,,0.071653187,,,0.002156546,0.001915545,0.002018544,0.002156546,0.001910828,7.39E-08,0.002156546,456.9184486,138.9184486,150.2098897,1,,0,535.6499903,535.6499903,,157.0927592,3,,64.92692154,64.92692154,157.5954337,0,394.702241,-82.29775897,157.7456555,-1,,352.7002789,-283.2997211,166.0160087,-2,,0.013099601,0.013099601,153.0501773,0,,132.8701596,-26.1298404,157.7456555,0,,0.041348971,-6.308860421,0.047398053,3.753884601,0.060508043,5.306925025,0.002178475,0.000915748,412.9739345,253.9739345,150.3193343,2,,184.4577653,25.45776529,158.5977836,0,,0,,,,,,,,,,0.549194675,0.255062078,0,-0.549194675,-0.088861295,0,1.243803744,0,0,,,,-3.585120998,150.2098897,0,0,-157.7456555,0,0,150.3193343,0,0,1
BKR,56,0,0,1,0,0,0.1504,0.8496,0.208432776,0.205020921,0.382870491,0,0,0,0,0,0,0,0,0,0,0,0,0,1,1,1,1,0.161383364,-6.788021026,0.194979752,0.721180372,0.184392625,0.833419191,0.161383364,-6.788021026,0.189878117,0.523339984,0.160502984,-11.29689582,0.161383364,-6.788021026,0.382870491,1.471164382,,,0.072763275,,,1.321033916,,,1.379532902,,,0.072763275,,,1.223894014,,,0.012762885,,,0.072763275,,,0.001763257,0.000709647,0.000590795,0.001763257,0.000929098,2.21E-06,0.001763257,373.5903023,373.5903023,53.11878473,7,,106.2375695,198.4408887,198.4408887,,54.53910863,4,,19.00303821,19.00303821,54.60318888,0,322.7204548,322.7204548,53.11878473,6,,171.4927687,171.4927687,54.22200132,3,,0.391197823,0.391197823,53.70103721,0,,108.6386493,108.6386493,53.11878473,2,,0.161392684,-7.191313757,0.177791584,4.914960703,0.062272413,6.668808056,0.001762399,0.000989357,334.0982999,334.0982999,53.12781108,6,,199.2849095,199.2849095,56.69905147,4,,1,,,,,,,,,,5.039696972,0.032506321,0,4.319740261,0.012838347,0,4.848280646,1.50980242,1.43991342,,,,0,265.5939236,0,0,212.4751389,0,0,265.6390554,113.3981029,53.11878473,1
BLDR,56.25,0,0,1,0,0,0.0776,0.9224,0.163086714,0.037238494,0.57294483,0,0,338,0,338,0,0,338,0,0,281,0,338,1,1,1,1,0.088707167,-6.267652185,0.135780458,1.070533894,0.063841665,2.23456466,0.088707167,-6.267652185,0.127391515,0.801274734,0.087867013,-15.21699449,0.088707167,-6.267652185,0.57294483,1.661238721,0,0,0.041534464,0,0,1.721789186,0,0,3.108634472,0,0,0.041534464,0,0,1.501850241,0,0,0.000442269,0,0,0.041534464,0,0,0.001578055,0.001503989,0.002190961,0.001578055,0.00163378,1.23E-07,0.001578055,334.3506219,334.3506219,53.08644973,6,0,106.1728995,420.5651837,82.56518366,0,54.24546742,2,0,70.4727301,70.4727301,55.13925724,1,288.8238375,-49.17616251,55.57438947,-1,0,301.5628375,301.5628375,54.04973111,6,0,0.021866654,0.021866654,53.38575023,0,0,97.22789839,97.22789839,53.08644973,2,0,0.088604291,-6.656239,0.109129378,4.473109063,0.034099784,9.683148227,0.001590284,0.001965655,301.4704489,20.47044893,53.11353427,0,0,395.939192,395.939192,56.80431785,7,0,1,0,0,0,0,0,0,0,0,0,3.682824742,0.035813838,0.078019988,-0.613804124,0.060191362,0,0,2.188452076,1.227608247,0,0,0,0.272873948,212.3457989,0,0,-55.57438947,0,0,0,113.6086357,53.08644973,1
BLFS,37.29999924,0,0,1,0,0,0.5476,0.4524,0.453062848,0.8,0.78804736,0,75,0,0,75,0,0,0,149,821,0,0,75,1,1,1,1,0.521495536,-9.366460186,0.467748835,0.053846968,0.57318778,-0.133896583,0.521495536,-9.366460186,0.473853634,0.030654142,0.523200467,1.961801017,0.521495536,-9.366460186,0.78804736,1.876341251,,,0.002754455,,,1.034467886,,,0.919188284,,,0.002754455,,,1.019478661,,,3.437030765,,,0.002754455,,,0.000164234,0.0014708,0.001067275,0.000164234,0.001590439,0.001547121,0.000164234,34.79705919,34.79705919,34.93929081,1,,0,411.2845157,336.2845157,,34.69783141,10,,34.32914772,34.32914772,34.69783141,1,30.0589247,30.0589247,34.93929081,1,,293.5628374,144.5628374,34.69783141,4,,274.3820029,-546.6179971,41.26720093,-13,,10.11885342,10.11885342,34.93929081,0,,0.521655812,-9.839644037,0.491079813,2.144602699,0.002045073,3.856073302,0.000157324,0.001071773,29.82389629,29.82389629,34.93981339,1,,215.885784,215.885784,36.57066752,6,,1,,,,,,,,,,1,0.000453046,0.00028013,1,5.87E-05,-0.781759719,1,0.431186319,0,,,,0.000340357,34.93929081,0,0,34.93929081,0,-41.26720093,34.93981339,0,0,1
BLK,1059.630005,0,0,1,0,0,0.2248,0.7752,0.210819411,0.305020921,0.616433232,0,0,1060,0,1060,0,0,0,1060,0,1060,0,1060,1,1,1,1,0.22134498,-7.217352192,0.213271831,0.644671718,0.242223364,0.585690095,0.22134498,-7.217352192,0.214217161,0.450584967,0.221554013,-8.32849474,0.22134498,-7.217352192,0.616433232,1.704727123,0,0,0.021284586,0,0,1.410396896,0,0,1.366715008,0,0,0.021284586,0,0,1.271686915,0,0,0.011766942,0,0,0.021284586,0,0,0.000889847,0.001366182,0.001070919,0.000889847,0.001493403,3.63E-06,0.000889847,188.536541,188.536541,1018.969183,0,0,0,382.0297726,-677.9702274,0,1098.462509,-1,0,34.44633223,34.44633223,1031.847194,0,162.8645013,162.8645013,1018.969183,0,0,275.6519439,-784.3480561,1098.462509,-1,0,0.644050428,0.644050428,1019.816797,0,0,54.82571424,54.82571424,1018.969183,0,0,0.221392324,-7.632377115,0.216891789,4.998035402,0.017057786,14.38199874,0.000884662,0.003120849,167.7054644,-892.2945356,1051.770531,-1,0,628.6282658,628.6282658,1067.436936,1,0,1,0,0,0,0,0,0,0,0,0,0,-0.006493775,0,0,-0.003172294,0,-0.910205944,0.390318092,0,0,0,0,0,0,0,0,0,0,0,-1051.770531,0,0,1
BMY,61.15000153,0,0,1,0,0,0.1508,0.8492,0.132458234,0.455857741,0.312070759,0,0,0,0,0,0,0,0,0,0,0,61,0,1,1,1,1,0.146071323,-6.678385281,0.135523693,1.072555447,0.186815831,0.820769289,0.146071323,-6.678385281,0.136704088,0.747461157,0.14634143,-12.02805878,0.146071323,-6.678385281,0.312070759,1.40036465,0,0,0.105522562,0,0,1.434999436,0,0,1.31834852,0,0,0.105522562,0,0,1.286203156,0,0,0.017418188,0,0,0.105522562,0,0,0.002130448,0.000632818,0.000461225,0.002130448,0.000843733,2.48E-06,0.002130448,451.3889174,451.3889174,58.63265881,8,0,117.2653176,176.9567998,176.9567998,0,59.99861754,3,0,14.83538967,14.83538967,59.82855145,0,389.9256373,389.9256373,58.63265881,7,0,155.7359618,155.7359618,59.81959284,3,0,0.439708374,0.439708374,59.11824853,0,0,131.2621928,131.2621928,58.63265881,2,0,0.146147494,-7.079244844,0.140142365,4.719386812,0.092198354,4.899688872,0.002130515,0.000640022,403.8820711,403.8820711,58.66068399,7,0,128.918708,67.91870795,61.58001396,1,0,1,0,0,0,0,0,0,0,0,0,5.575103744,0.053923837,0,4.878215776,0.026188977,0,5.481405514,0.348009561,1.393775936,0,0,0,0,351.7959528,0,0,293.163294,0,0,293.30342,0,58.63265881,1
BNDW,65.75,0,0,1,0,0,0.082382134,0.917617866,0.144406111,0.114435696,0.324261409,132,0,132,0,132,0,394,0,0,0,0,0,264,1,1,1,1,0.092021167,-6.291380756,0.127240114,1.141181601,0.108104888,1.438703601,0.092021167,-6.291380756,0.121273046,0.840120421,0.091228186,-15.02628119,0.092021167,-6.291380756,0.324261409,1.4125553,,,0.113830473,,,1.483144514,,,1.643665328,,,0.113830473,,,1.336665225,,,0.005571547,,,0.113830473,,,0.002373101,0.000677129,0.00059584,0.002373101,0.000899629,8.21E-07,0.002373101,502.8011119,370.8011119,65.3808735,6,,-262.3036419,189.347702,57.34770199,,65.58832159,1,,19.16530908,19.16530908,65.61046475,0,434.3373008,434.3373008,65.3808735,7,,166.0533961,166.0533961,65.56006525,3,,0.145529075,0.145529075,65.48580099,0,,146.2126648,-247.7873352,65.57591046,-4,,0.092020221,-6.681349848,0.108052806,4.463178007,0.099485789,4.671980972,0.002382296,0.000624082,451.6122264,451.6122264,65.38404477,7,,125.7080491,125.7080491,65.89388374,2,,0,,,,,,,,,,3.710762982,0.020348366,0,4.329223479,0.033084484,0,4.882547665,0.622498685,-2.473841988,,,,,261.523494,0,0,261.523494,0,0,326.9202239,65.89388374,-131.1518209,
BR,156.9299927,0,0,1,0,0,0.064,0.936,0.042959427,0.29665272,0.540231224,0,0,157,0,157,0,0,0,0,0,0,0,157,1,1,1,1,0.057275075,-6.042595268,0.045693075,2.630350193,0.07275148,2.017625201,0.057275075,-6.042595268,0.046876639,1.817047231,0.057687929,-16.96984712,0.057275075,-6.042595268,0.540231224,1.628525115,0,0,0.052506346,0,0,3.606563641,0,0,2.674988018,0,0,0.052506346,0,0,2.425719269,0,0,0.000254613,0,0,0.052506346,0,0,0.001853347,0.002909372,0.001737691,0.001853347,0.002487898,6.56E-08,0.001853347,392.6781678,392.6781678,150.1454955,3,0,150.1454955,813.556959,656.556959,0,155.7824512,4,0,55.89322656,55.89322656,155.2440983,0,339.209225,339.209225,150.1454955,2,0,459.2156769,459.2156769,155.2063442,3,0,0.011640936,0.011640936,152.6956457,0,0,114.1893285,114.1893285,150.1454955,1,0,0.057315498,-6.426231955,0.050388954,3.795758707,0.043547143,6.366792082,0.001871449,0.00122778,354.7709102,354.7709102,150.1673793,2,0,247.3099359,247.3099359,156.6793829,2,0,1,0,0,0,0,0,0,0,0,0,1.711544886,0.432421384,0,1.141029924,0.154765343,0,1.290514286,0.450243255,0.570514962,0,0,0,0,300.290991,0,0,150.1454955,0,0,150.1673793,0,150.1454955,1
BRO,59.90999985,0,0,1,0,0,0.0296,0.9704,0.030628481,0.151882845,0.642573202,0,0,0,0,0,0,0,0,0,0,0,0,0,1,1,1,1,0.029887841,-5.846499929,0.030469284,3.390330761,0.042076369,3.005784668,0.029887841,-5.846499929,0.030370063,2.387712727,0.029850751,-18.65127812,0.029887841,-5.846499929,0.642573202,1.730867093,,,0.040456767,,,6.423812013,,,5.201989126,,,0.040456767,,,3.705999184,,,3.60E-05,,,0.040456767,,,0.001789375,0.006613053,0.004338546,0.001789375,0.004552712,1.18E-08,0.001789375,379.1242048,379.1242048,57.18952934,7,,114.3790587,1849.229016,1849.229016,,59.63607071,31,,139.5502917,139.5502917,59.556004,2,327.5008346,327.5008346,57.18952934,6,,840.3386158,840.3386158,59.39767779,14,,0.002090925,0.002090925,58.0376236,0,,110.2478872,110.2478872,57.18952934,2,,0.029904481,-6.224730831,0.030177448,3.498865439,0.032875508,6.817932533,0.001815067,0.001538727,344.0825888,344.0825888,57.21769999,6,,309.9437032,309.9437032,59.72507147,5,,1,,,,,,,,,,3.73860828,5.567572231,0.282335671,3.204521383,1.247131389,0,3.63255693,0.956410887,1.068173794,,,,1.037316338,228.7581174,357.8164243,0,171.568588,59.39767779,0,228.8708,59.72507147,57.18952934,1
BROS,38.66999817,1,1,0,0,0,0.031897927,0.968102073,0.229495268,0.015734266,0.334891104,155,77,116,0,193,0,39,116,155,0,155,271,348,1,1,1,1,0.040227233,-5.920531014,0.108040488,1.331045074,0.029350919,3.745346665,0.040227233,-5.920531014,0.089171108,1.108470523,0.03951279,-18.06064389,0.040227233,-5.920531014,0.334891104,1.423184995,,,0.123768859,,,1.599549827,,,3.749876022,,,0.123768859,,,1.478719145,,,0.001706087,,,0.123768859,,,0.002652891,0.00075251,0.001401787,0.002652891,0.001017577,2.59E-07,0.002652891,562.0817385,407.0817385,36.1135814,11,,108.3407442,210.426866,17.42686603,,37.56500999,0,,45.08878385,45.08878385,38.3507267,1,485.545993,369.545993,36.1135814,10,,187.8240473,32.82404735,37.51762574,1,,0.045897267,0.045897267,36.71836332,0,,163.4512472,124.4512472,36.1135814,3,,0.040169593,-6.300190698,0.060770761,3.935555842,0.108249084,4.010223945,0.002673266,0.00054615,506.7715624,351.7715624,36.11721922,10,,110.0102473,-160.9897527,41.64254267,-4,,1,,,,,,,,,,6.024680662,0,0.219181588,5.47698242,0.019198545,0,6.201937942,-0.968037487,1.643094726,,,,0,216.6814884,0,0,180.567907,0,0,216.7033153,-41.64254267,72.22716279,1
BSX,42.59999847,0,0,1,0,0,0.098,0.902,0.08194113,0.040585774,0.355489127,0,0,0,0,0,0,0,426,341,383,256,383,0,1,1,1,1,0.093318791,-6.300671875,0.084304524,1.653593072,0.062612276,2.267929417,0.093318791,-6.300671875,0.085455638,1.149227624,0.093726927,-14.88508809,0.093318791,-6.300671875,0.355489127,1.443783018,,,0.098862293,,,1.835486882,,,2.300059745,,,0.098862293,,,1.525120023,,,0.004224738,,,0.098862293,,,0.002234785,0.000914607,0.000911991,0.002234785,0.001095124,6.78E-07,0.002234785,473.4953888,473.4953888,40.57569939,12,,121.7270982,255.7544689,255.7544689,,41.97906003,6,,29.33439112,29.33439112,42.15868504,1,409.0219856,-16.97801444,42.27687407,0,,202.1376603,-138.8623397,44.30036027,-3,,0.120265586,-382.8797344,42.27687407,-9,,137.6906712,137.6906712,40.57569939,3,,0.093238669,-6.690306777,0.088342,4.264962377,0.085680731,4.789274469,0.002244673,0.00067689,425.5230055,169.5230055,40.59925807,4,,136.3450226,-246.6549774,44.30036027,-6,,1,,,,,,,,,,7.44346239,0.256347192,0.080367248,0,-0.061908944,-9,2.797512798,-1.705303507,1.860865598,,,,0.033379702,284.0298958,0,0,0,0,-380.4918666,121.7977742,-88.60072053,81.15139879,1
BTG,5.199999809,0,0,1,0,0,0.4192,0.5808,0.334526651,0.755230126,0.432233125,5,5,0,0,5,0,0,10,99,10,10,0,10,1,1,1,1,0.395245705,-8.462498769,0.347306157,0.273550596,0.45379328,0.083708955,0.395245705,-8.462498769,0.352635536,0.184602761,0.396780026,-1.464791512,0.395245705,-8.462498769,0.432233125,1.520527016,,,0.028832002,,,1.121462112,,,1.035701343,,,0.028832002,,,1.080429966,,,0.541273203,,,0.028832002,,,0.000789452,0.000687479,0.000507813,0.000789452,0.000904384,0.00010652,0.000789452,167.2652809,162.2652809,4.857498523,33,,48.57498523,192.2418298,187.2418298,,4.882219415,38,,16.33392545,16.33392545,4.819718821,3,144.489638,134.489638,4.857498523,28,,166.9310105,67.93101054,4.857582515,14,,18.89134016,8.891340164,4.819718821,2,,48.64011211,48.64011211,4.857498523,10,,0.395407951,-8.911583386,0.367858819,4.171035736,0.023886033,5.742540486,0.000774227,0.00092768,146.7702912,136.7702912,4.857603761,28,,186.8612624,186.8612624,5.233575695,36,,1,,,,,,,,,,33,0.04443027,0.000328462,28,0.007454602,0.067050443,28,9.786115751,10,,,,0.002369347,160.2974513,0,0,136.0099586,0,0,136.0129053,52.33575695,48.57498523,1
BURL,275.3399963,1,1,0,1,1,0.5284,0.4716,0.854415274,0.231799163,0.506644557,0,1377,826,0,2203,0,0,0,826,0,0,551,2203,1,1,1,1,0.580813946,-9.791185932,0.767246483,-0.573235187,0.397009158,0.191516984,0.580813946,-9.791185932,0.738335184,-0.338625279,0.577198199,3.035708985,0.580813946,-9.791185932,0.506644557,1.594938448,,,0.010348955,,,0.76520896,,,1.093525477,,,0.010348955,,,0.853779614,,,4.125452221,,,0.010348955,,,0.000338177,0.000567904,0.000652188,0.000338177,0.000823266,0.000979794,0.000338177,71.65137744,71.65137744,262.9435294,0,,0,158.8046546,-2044.195345,,284.5767225,-7,,20.97775742,20.97775742,262.5312326,0,61.89498221,61.89498221,262.9435294,0,,151.9582295,-674.0417705,285.9753942,-2,,173.7665332,173.7665332,273.6920662,1,,20.83595001,20.83595001,262.9435294,0,,0.580122083,-10.26943545,0.668826606,-2.918374075,0.00827817,0.256045636,0.000326551,4.68E-05,61.90424656,61.90424656,263.0243512,0,,9.425004474,-541.5749955,278.5718804,-2,,1,,,,,,,,,,0,-0.03594047,0,0,-0.003583346,0.143992641,0,-0.266153351,0,,,,0,0,0,0,0,0,0,0,0,0,1
BX,111.75,0,0,1,0,0,0.0044,0.9956,0.050914877,0.071129707,0.718753276,0,0,0,0,0,0,0,0,559,0,335,0,0,1,1,1,1,0.005665956,-5.67306881,0.017620996,4.463627986,0.011815012,5.626253582,0.005665956,-5.67306881,0.013846858,3.45708375,0.005545808,-20.17004617,0.005665956,-5.67306881,0.718753276,1.807047167,0,0,0.034849328,0,0,14.02866035,0,0,27.91100699,0,0,0.034849328,0,0,7.733303292,0,0,6.56E-06,0,0,0.034849328,0,0,0.001807743,0.01715802,0.00994158,0.001807743,0.010792345,2.55E-09,0.001807743,383.0157796,383.0157796,104.5628445,4,0,104.5628445,4797.951484,4797.951484,0,111.8985768,43,0,319.7730875,319.7730875,112.8054565,3,330.8625139,330.8625139,104.5628445,3,0,1992.048699,1433.048699,111.1994627,13,0,0.000451627,0.000451627,106.5468965,0,0,111.3795425,111.3795425,104.5628445,1,0,0.005667573,-6.046562898,0.008899218,3.150989656,0.027939448,6.452205641,0.001841315,0.001627388,349.0584128,14.05841282,104.6199971,0,0,327.8025237,327.8025237,110.9371949,3,0,1,0,0,0,0,0,0,0,0,0,2.011481857,13.38642057,1.483815439,1.508611393,2.427633823,0,0,0.465409491,0.502870464,0,0,0,0,209.125689,1454.681499,112.8054565,209.125689,222.3989255,0,0,0,104.5628445,1
BXP,60.45000076,0,0,1,0,0,0.0768,0.9232,0.121320605,0.442259414,0.046615345,0,0,0,0,0,0,0,0,0,0,0,846,0,1,1,1,1,0.084448992,-6.237163229,0.110018321,1.309117206,0.130522555,1.203860764,0.084448992,-6.237163229,0.105814888,0.953544817,0.083793429,-15.44934146,0.084448992,-6.237163229,0.046615345,1.134909236,0,0,0.454149101,0,0,1.180186279,0,0,1.164569866,0,0,0.454149101,0,0,1.128256647,0,0,0.141542457,0,0,0.454149101,0,0,0.004211992,0.000224474,0.000172107,0.004211992,0.000397221,8.81E-06,0.004211992,892.4164797,892.4164797,57.56783205,16,0,287.8391602,62.77038192,62.77038192,0,59.34673241,1,0,5.535874476,5.535874476,59.19742194,0,770.9007713,770.9007713,57.56783205,13,0,73.31895409,73.31895409,59.03728954,1,0,1.562682608,1.562682608,58.31837267,0,0,259.5113426,259.5113426,57.56783205,5,0,0.084486685,-6.625970071,0.096409858,4.349851646,0.432343761,1.734094509,0.004210989,0.000131684,798.2779331,798.2779331,57.59317858,14,0,26.52490792,-819.4750921,62.81415717,-13,0,1,0,0,0,0,0,0,0,0,0,9.725551285,0.026777935,0,7.902010419,0.014206996,0,9.603886114,-3.843370648,3.039234777,0,0,0,0,575.6783205,0,0,460.5426564,0,0,575.9317858,-251.2566287,172.7034961,1
BYDDY,9.350000381,0,0,1,0,0,0.02,0.98,0.058074781,0.056066946,0.553660038,0,0,468,0,468,0,84,533,318,0,365,0,468,1,1,1,1,0.023817665,-5.803036863,0.043327728,2.725999184,0.035698418,3.337187278,0.023817665,-5.803036863,0.039183892,2.046091829,0.023480722,-19.04475885,0.023817665,-5.803036863,0.553660038,1.641953929,,,0.05626682,,,3.864326567,,,5.232387263,,,0.05626682,,,2.758343289,,,7.92E-05,,,0.05626682,,,0.002047374,0.003221433,0.003515389,0.002047374,0.002898681,2.11E-08,0.002047374,433.7877936,433.7877936,8.937678564,49,,44.68839282,900.8194985,432.8194985,,9.288792787,47,,113.0732557,113.0732557,9.342703725,12,374.721167,-158.278833,9.074602083,-17,,535.0379069,217.0379069,9.248879206,23,,0.003738038,0.003738038,9.028062335,0,,126.1438525,42.14385246,8.937678564,5,,0.023821578,-6.180014806,0.031387108,3.517553946,0.046673034,5.721946858,0.002074648,0.001127062,393.2914384,28.2914384,8.942327037,3,,227.0224473,227.0224473,9.399596542,24,,1,,,,,,,,,,25.7826032,5.457193169,2.088153549,-8.944984784,1.504520481,0,1.790277328,4.639944662,2.630877878,,,,-0.207359812,232.3796427,46.44396394,18.68540745,-81.67141875,18.49775841,0,17.88465407,46.99798271,26.81303569,1
BYND,8.25,0,0,1,0,0,0.076133909,0.923866091,0.076634512,0.010332951,-0.167401569,0,0,0,0,0,0,0,8,0,8,8,33,0,1,1,1,1,0.075370034,-6.172156979,0.075943154,1.80228656,0.023371663,4.229777677,0.075370034,-6.172156979,0.076329525,1.261725213,0.075740713,-15.91255411,0.075370034,-6.172156979,-0.088293891,1,,,1,,,1,,,1,,,1,,,1,,,1,,,1,,,0.005805939,0.000114635,8.80E-05,0.005805939,0.000242041,3.78E-05,0.005805939,1230.134172,1230.134172,7.298027069,169,,357.6033264,32.05566034,32.05566034,,7.900741137,4,,2.829306854,2.829306854,8.202921753,0,1062.633203,1054.633203,7.298027069,145,,44.67596577,44.67596577,7.829067312,6,,6.709922371,-1.290077629,8.119513618,0,,357.7183724,357.7183724,7.298027069,49,,0.075036521,-6.556500968,0.076061311,4.125750351,1,1,0.005789448,5.48E-05,1097.506756,1089.506756,7.321925769,149,,11.03425289,-21.96574711,9.930716293,-2,,1,,,,,,,,,,100.5959872,0.203014803,0,86.31016653,0.149245361,0,100.0807506,-0.531931749,29.16688386,,,,0.073463097,737.100734,0,0,627.6303279,0,0,732.1925769,-9.930716293,211.642785,1
BYRN,3.480000019,1,1,0,1,1,0.37254902,0.62745098,0.323046092,0.083472803,0.51027718,118,1075,675,0,1750,0,38,734,1065,828,640,177,1868,1,1,1,1,0.35699779,-8.188639877,0.32970851,0.31096948,0.163522042,0.954123901,0.35699779,-8.188639877,0.333934572,0.212145478,0.358871293,-2.741477657,0.35699779,-8.188639877,0.51027718,1.598571071,,,0.021464088,,,1.157056106,,,1.564535862,,,0.021464088,,,1.104640118,,,0.276358873,,,0.021464088,,,0.000707322,0.000866567,0.000941846,0.000707322,0.00107236,6.62E-05,0.000707322,149.8639708,31.86397084,3.169309539,10,,6.338619077,242.3207898,-1507.67921,,3.872011352,-389,,30.29469377,30.29469377,3.284671556,9,129.4577737,-604.5422263,3.451456739,-175,,197.9359549,-867.0640451,3.872011352,-224,,11.74507397,-816.254926,3.561380564,-229,,43.57987685,5.579876854,3.169309539,2,,0.356190145,-8.623289373,0.342677403,4.435678093,0.017504933,8.011048203,0.000697008,0.001472591,132.1319444,-507.8680556,3.451456739,-147,,296.6219734,119.6219734,3.509012958,34,,1,,,,,,,,,,10,-0.587766951,0.128018309,-175,-0.157519964,-26.89211315,-147,10.45247133,2,,,,-0.154030719,31.69309539,-3.872011352,0,-604.0049293,0,-96.15727524,-507.3641406,35.09012958,6.338619077,1
C,128.5,0,0,1,0,0,0.1432,0.8568,0.166666667,0.315062762,0.56148084,0,0,128,0,128,0,0,0,0,0,0,257,128,1,1,1,1,0.148420376,-6.695204735,0.162014835,0.89116296,0.188168361,0.813817541,0.148420376,-6.695204735,0.1600521,0.634748375,0.147973865,-11.94295779,0.148420376,-6.695204735,0.56148084,1.649774731,0,0,0.035018495,0,0,1.562286904,0,0,1.502948129,0,0,0.035018495,0,0,1.374073429,0,0,0.002531084,0,0,0.035018495,0,0,0.001296822,0.001327373,0.001029624,0.001296822,0.001464443,6.87E-07,0.001296822,274.7643078,274.7643078,121.8576384,2,0,121.8576384,371.1774076,243.1774076,0,125.1354879,2,0,33.11807597,33.11807597,124.9535878,0,237.3510817,237.3510817,121.8576384,2,0,270.3065252,270.3065252,124.5164673,2,0,0.121777864,0.121777864,122.6601481,0,0,79.90042324,79.90042324,121.8576384,1,0,0.148469097,-7.096311178,0.155349223,4.812031954,0.028647521,11.1238302,0.001298519,0.002218114,246.1604402,246.1604402,122.0056342,2,0,446.7916742,189.7916742,130.1746353,1,0,1,0,0,0,0,0,0,0,0,0,1.400805201,0.024817857,0,1.400805201,0.012590797,0,1.573676011,0.361807055,0.700402601,0,0,0,0.386787686,121.8576384,0,0,121.8576384,0,0,244.0112683,0,121.8576384,1
CAG,13.35999966,0,0,1,0,0,0.0328,0.9672,0.032617343,0.225523013,-0.102784302,0,0,0,0,0,0,0,0,0,0,0,1242,0,1,1,1,1,0.032807014,-5.867401502,0.032684424,3.254478973,0.0469527,2.792351757,0.032807014,-5.867401502,0.032673571,2.288205306,0.032787984,-18.47093687,0.032807014,-5.867401502,-0.088293891,1,0,0,1,0,0,1,0,0,1,0,0,1,0,0,1,0,0,1,0,0,1,0,0,0.005805939,0.000114635,8.80E-05,0.005805939,0.000242041,3.78E-05,0.005805939,1230.134172,1230.134172,12.77786354,96,0,357.7801791,32.05566034,32.05566034,0,13.27132516,2,0,2.829306854,2.829306854,13.2421795,0,1062.633203,1062.633203,12.77786354,83,0,44.67596577,44.67596577,13.22272385,3,0,6.709922371,6.709922371,12.97423406,1,0,357.7183724,357.7183724,12.77786354,28,0,0.032826871,-6.246213612,0.03271878,3.537992109,1,1,0.005789448,5.48E-05,1097.506756,1097.506756,12.79055635,86,0,11.03425289,-1230.965747,13.85073608,-89,0,1,0,0,0,0,0,0,0,0,0,51.63960058,0.330988543,0,44.646738,0.24543204,1,52.42665415,-17.40699291,15.06155017,0,0,0,1.114629603,664.4489041,0,0,575.0038593,0,12.97423406,665.1089304,-235.4625133,191.6679531,1
CAH,228.3000031,0,0,1,0,0,0.4052,0.5948,0.501193317,0.566945607,0.619606968,0,0,0,0,0,0,0,0,0,0,0,0,0,1,1,1,1,0.425185829,-8.676873052,0.48089656,0.031830622,0.484119583,0.028606396,0.425185829,-8.676873052,0.472846003,0.03184064,0.423586815,-0.631387906,0.425185829,-8.676873052,0.619606968,1.707900859,0,0,0.009615039,0,0,1.017183791,0,0,1.015429833,0,0,0.009615039,0,0,1.017189245,0,0,0.713223903,0,0,0.009615039,0,0,0.000404754,0.000992656,0.000801753,0.000404754,0.001201131,0.000221733,0.000404754,85.75729197,85.75729197,221.183177,0,0,0,277.5794107,277.5794107,0,220.6342009,1,0,25.78854646,25.78854646,220.6342009,0,74.08016776,74.08016776,221.183177,0,0,221.7044399,221.7044399,220.6342009,1,0,39.32427228,39.32427228,220.6342009,0,0,24.9378967,24.9378967,221.183177,0,0,0.425234421,-9.130840749,0.453272077,2.895541558,0.007540853,4.710915173,0.00039409,0.001027173,74.7077149,74.7077149,221.1951542,0,0,206.9019559,206.9019559,227.0931282,1,0,1,0,0,0,0,0,0,0,0,0,0,1.58E-05,0,0,1.58E-05,0,0,0.131002514,0,0,0,0,0,0,0,0,0,0,0,0,0,0,1
CARR,55.11999893,1,1,0,1,1,0.155828221,0.844171779,0.2986618,0.078947368,0.845291514,110,220,331,0,551,0,55,386,0,0,1433,0,661,1,1,1,1,0.175931356,-6.892186105,0.255858314,0.498928461,0.130807621,1.20128636,0.175931356,-6.892186105,0.242198261,0.380755922,0.174426151,-10.59368191,0.175931356,-6.892186105,0.845291514,1.933585405,0,0,0.010625037,0,0,1.389552085,0,0,2.20802709,0,0,0.010625037,0,0,1.285388899,0,0,0.00092546,0,0,0.010625037,0,0,0.000708047,0.002228079,0.002899931,0.000708047,0.002191884,4.69E-07,0.000708047,150.017646,40.01764603,52.70850567,1,0,0,623.0449179,72.04491788,0,53.42713783,1,0,93.27692526,93.27692526,54.11618193,2,129.5905238,-256.4094762,54.45970687,-5,0,404.5775356,404.5775356,53.309512,8,0,0.083154612,0.083154612,53.06170668,0,0,43.62456502,-11.37543498,54.45970687,0,0,0.175749586,-7.29685278,0.211611036,4.993959264,0.008136708,26.92073733,0.000708243,0.008085868,134.261816,-1298.738184,54.45970687,-24,0,1628.725158,1628.725158,55.87744199,29,0,0,0,0,0,0,0,0,0,0,0,0.742222333,0.003889525,0.045096529,-3.711111664,0.018121884,0,-19.96652268,11.30076945,0,0,0,0,0.000102888,52.70850567,0,0,-217.8388275,0,0,-1089.194137,614.6518619,0,1
CART,44.25,0,0,1,0,0,0.182910547,0.817089453,0.289646134,0.298904538,0.426260168,44,0,44,0,44,0,0,0,0,0,0,310,88,1,1,1,1,0.201031884,-7.07190839,0.262294928,0.479879771,0.246036692,0.572433082,0.201031884,-7.07190839,0.252357286,0.358204615,0.199541922,-9.364385573,0.201031884,-7.07190839,0.426260168,1.514554059,,,0.053093647,,,1.220436024,,,1.268238614,,,0.053093647,,,1.160322837,,,0.020499526,,,0.053093647,,,0.001432739,0.000736462,0.000611874,0.001432739,0.000960006,3.97E-06,0.001432739,303.5617423,259.5617423,41.55290458,6,,83.10580916,205.9392597,161.9392597,,42.17556444,4,,19.68106601,19.68106601,42.28885208,0,262.2273195,262.2273195,41.55290458,6,,177.1976639,177.1976639,42.0351973,4,,0.704472247,0.704472247,41.73776266,0,,88.27460846,88.27460846,41.55290458,2,,0.201053142,-7.482861752,0.229768693,4.99862234,0.04476658,7.964811913,0.001427748,0.001273674,270.6585239,270.6585239,41.58690049,7,,256.5543526,-53.44564745,47.02829433,-1,,1,,,,,,,,,,4.688614526,0.014392787,0,4.688614526,0.008019409,0,6.124258437,-0.39040977,1.562871509,,,,0.136263609,207.7645229,0,0,207.7645229,0,0,249.5214029,0,83.10580916,1
CASY,617.7600098,1,1,0,1,1,0.0768,0.9232,0.320604614,0.007949791,0.741257732,8649,1236,4942,618,6796,0,618,1853,3707,0,3707,618,15445,1,1,1,1,0.092374851,-6.293913168,0.198383923,0.706139821,0.020063639,4.554371233,0.092374851,-6.293913168,0.176331474,0.570317465,0.091657813,-15.00196925,0.092374851,-6.293913168,0.741257732,1.829551623,0,0,0.022326746,0,0,1.531976196,0,0,15.66083846,0,0,0.022326746,0,0,1.411301315,0,0,0.000115961,0,0,0.022326746,0,0,0.001212444,0.001968834,0.00994158,0.001212444,0.002043083,4.73E-08,0.001212444,256.8867904,-8392.11321,616.5832332,-14,0,-616.5832332,550.5512618,-6245.448738,0,638.0909448,-10,0,319.7730875,319.7730875,617.4298409,1,221.9078528,-1631.092147,616.5832332,-3,0,377.1117148,-3329.888285,638.0909448,-5,0,0.008381676,0.008381676,599.3713496,0,0,74.70170868,-543.2982913,616.5832332,-1,0,0.091661808,-6.678715116,0.131072702,4.655324289,0.017695983,16.64560199,0.001227099,0.004334651,232.6213972,-3474.378603,616.5832332,-6,0,873.1227904,255.1227904,619.5615598,0,0,0,0.005137752,0.005699878,0.013328277,0.00491151,0.005137752,0.389354323,0.005241944,0.003925788,0.005137752,-8.665418774,-0.077911476,0.324098396,-1.856875452,-0.025411095,0,-4.181740837,0,-0.618958484,-0.170559612,0.170559612,0.000144338,-0.708423825,-5549.249098,0,0,-1233.166466,0,0,-2466.332933,0,-616.5832332,1
CAT,845.4199829,1,1,0,1,1,0.6176,0.3824,0.758154336,0.189539749,0.947854759,0,0,3382,0,3382,0,0,0,845,1691,0,0,3382,1,1,1,1,0.643892317,-10.24283338,0.725930497,-0.446622408,0.354622275,0.279639144,0.643892317,-10.24283338,0.716103659,-0.295441649,0.64290782,4.02790677,0.643892317,-10.24283338,0.947854759,2.03614865,0,0,0.000686935,0,0,0.727911811,0,0,1.219987045,0,0,0.000686935,0,0,0.81052202,0,0,17.53298245,0,0,0.000686935,0,0,5.54E-05,0.001435296,0.001980467,5.54E-05,0.001610678,0.010886203,5.54E-05,11.7436526,11.7436526,808.6749363,0,0,0,401.3564309,-2980.643569,0,874.4831038,-3,0,63.70215753,63.70215753,810.0753127,0,10.14458053,10.14458053,808.6749363,0,0,297.298528,-547.701472,878.6802586,-1,0,1930.668539,239.6685386,849.9718562,0,0,3.415009832,3.415009832,808.6749363,0,0,0.642766295,-10.72993931,0.68686278,-3.573366998,0.00048584,0.078797129,5.23E-05,2.70E-05,9.914289275,9.914289275,808.6862351,0,0,5.447508955,5.447508955,803.9045774,0,0,1,0,0,0,0,0,0,0,0,0,0,-0.00935023,0,0,-0.00136384,0,0,0,0,0,0,0,0,0,0,0,0,0,0,0,0,0,1
CB,330.8900146,0,0,1,0,0,0.1228,0.8772,0.190533015,0.217573222,0.604560004,0,0,0,0,0,0,0,0,0,0,0,0,0,1,1,1,1,0.134512188,-6.595620716,0.173456789,0.826521762,0.168044214,0.926005039,0.134512188,-6.595620716,0.16718808,0.605304338,0.133546338,-12.70246762,0.134512188,-6.595620716,0.604560004,1.692853895,,,0.031053649,,,1.545108469,,,1.628181395,,,0.031053649,,,1.375258574,,,0.001247293,,,0.031053649,,,0.001265111,0.001455397,0.001239756,0.001265111,0.001581953,3.74E-07,0.001265111,268.0455923,268.0455923,322.7100831,1,,0,406.9773398,406.9773398,,325.8041576,1,,39.87701998,39.87701998,326.1110826,0,231.5472188,231.5472188,322.7100831,1,,291.9965504,291.9965504,325.3369927,1,,0.066417232,0.066417232,324.0561774,0,,77.94664614,77.94664614,322.7100831,0,,0.134532221,-6.993859812,0.152884538,4.798272507,0.025180678,12.50197286,0.001268951,0.002664395,240.5553331,240.5553331,322.9245306,1,,536.6853859,536.6853859,332.4651624,2,,1,,,,,,,,,,0.679722072,0.010674035,0,0.679722072,0.005724896,0,0.764282423,0.719481845,0,,,,0,322.7100831,0,0,322.7100831,0,0,322.9245306,332.4651624,0,1
CBRE,129.5800018,0,0,1,0,0,0.0712,0.9288,0.066825776,0.127615063,0.633378768,0,259,0,0,259,0,0,0,0,0,0,0,259,1,1,1,1,0.070142853,-6.134729845,0.067608066,1.976769747,0.082383484,1.823086218,0.070142853,-6.134729845,0.067893797,1.385017752,0.070198238,-16.2343854,0.070142853,-6.134729845,0.633378768,1.721672659,,,0.035686743,,,2.926981474,,,2.692515769,,,0.035686743,,,2.122246107,,,0.000147736,,,0.035686743,,,0.001547591,0.002949676,0.002197097,0.001547591,0.002566325,4.74E-08,0.001547591,327.895988,327.895988,123.2453535,3,,123.2453535,824.8272165,565.8272165,,127.5442823,4,,70.67009847,70.67009847,127.311596,1,283.2480975,283.2480975,123.2453535,2,,473.6917005,473.6917005,127.0633249,4,,0.00840711,0.00840711,124.2520171,0,,95.35091523,95.35091523,123.2453535,1,,0.070166559,-6.52070139,0.068735235,4.03695745,0.028935881,8.964425508,0.001562963,0.001995547,296.2912184,296.2912184,123.27378,2,,401.9602102,401.9602102,129.9044372,3,,1,,,,,,,,,,1.764136419,0.244226164,0.051931927,1.176090946,0.119892136,0,1.328735832,0.763923068,0.588045473,,,,0,246.4907069,0,0,123.2453535,0,0,123.27378,129.9044372,123.2453535,1
CCI,66.44000244,0,0,1,0,0,0.026,0.974,0.04494829,0.017991632,0.163738014,0,0,0,0,0,0,0,0,0,0,0,664,0,1,1,1,1,0.028936576,-5.839688777,0.039702424,2.886278034,0.025441354,4.048826029,0.028936576,-5.839688777,0.037927918,2.088853955,0.028710801,-18.72145505,0.028936576,-5.839688777,0.163738014,1.252031905,,,0.269126502,,,1.913133046,,,2.484435672,,,0.269126502,,,1.599205616,,,0.014876397,,,0.269126502,,,0.003590155,0.000539039,0.000549218,0.003590155,0.00075305,1.36E-06,0.003590155,760.6647525,760.6647525,63.8130859,12,0,191.4392577,150.733263,150.733263,,65.89724968,2,0,17.66570329,17.66570329,66.31723603,0,657.0889913,657.0889913,63.8130859,10,,138.9977217,138.9977217,65.69759888,2,,0.241725278,0.241725278,64.64087369,0,,221.1984379,221.1984379,63.8130859,3,0,0.028919957,-6.217493499,0.033883283,3.555748323,0.24721619,2.223800281,0.003605472,0.000217587,683.4900514,683.4900514,63.82023261,11,,43.82831421,-620.1716858,69.13952981,-9,,1,0.001087385,0.001204993,0.001679279,0.001040002,0.001087385,0.284022126,0.001111859,0.000834739,0.001087385,6.39411844,0.260331278,0,5.328432033,0.136353464,0,6.644210617,-1.77797055,1.59852961,-0.036472928,0.036472928,6.45E-08,0,382.8785154,0,0,319.0654295,0,0,446.7416283,-138.2790596,127.6261718,1
CCL,25.76000023,1,1,0,1,1,0.8392,0.1608,0.91646778,0.452719665,0.204184763,0,0,0,0,0,0,0,0,0,0,0,0,0,1,1,1,1,0.855356864,-11.75694068,0.90050641,-1.433474163,0.657822617,-0.307401763,0.855356864,-11.75694068,0.895260572,-0.962394946,0.854655015,4.875208901,0.855356864,-11.75694068,0.204184763,1.292478654,0,0,0.048978101,0,0,0.692273114,0,0,0.924162319,0,0,0.048978101,0,0,0.781208038,0,0,3.493109899,0,0,0.048978101,0,0,0.00073496,0.000221513,0.000232744,0.00073496,0.000404176,0.000362692,0.00073496,155.7196764,155.7196764,24.46712681,6,0,48.93425362,61.9422722,61.9422722,0,24.16521803,3,0,7.486247185,7.486247185,24.16521803,0,134.5161383,134.5161383,24.46712681,5,0,74.60262959,74.60262959,24.16521803,3,0,64.32348996,64.32348996,26.41808476,2,0,45.28269392,45.28269392,24.46712681,2,0,0.854797518,-12.28860203,0.879649151,-12.20024902,0.042732907,0.043712639,0.00071024,4.64E-06,134.6404144,134.6404144,24.46985168,6,0,0.935190908,0.935190908,24.47099672,0,0,1,0,0,0,0,0,0,0,0,0,6,0.096321008,0,5,0.043415814,0.742739432,6,0,2,0,0,0,0.001072824,146.8027609,0,0,122.3356341,0,26.41808476,146.8191101,0,48.93425362,1
CDNS,351.3500061,1,1,0,1,1,0.8956,0.1044,0.995624503,0.409205021,0.933862641,0,0,351,0,351,0,0,0,3162,0,0,0,351,1,1,1,1,0.915926889,-12.19062811,0.974444348,-3.734981965,0.644610764,-0.277960538,0.915926889,-12.19062811,0.967750366,-2.305907903,0.915155758,4.458454415,0.915926889,-12.19062811,0.933862641,2.022156532,0,0,0.000187036,0,0,0.072075447,0,0,0.822234247,0,0,0.000187036,0,0,0.197160224,0,0,23.09198222,0,0,0.000187036,0,0,1.47E-05,0.000138251,0.001297567,1.47E-05,0.000383881,0.013953976,1.47E-05,3.116946796,3.116946796,333.4809344,0,0,0,38.65956579,-312.3404342,0,352.5453154,-1,0,41.7365141,41.7365141,327.2114301,0,2.692528369,2.692528369,333.4809344,0,0,70.85658341,-3091.143417,355.5526103,-9,0,2474.738139,2474.738139,357.3398091,7,0,0.906396359,0.906396359,333.4809344,0,0,0.91509794,-12.73187646,0.947394744,-15.93775054,0.000127763,1.34E-05,1.34E-05,4.51E-09,2.534328668,2.534328668,333.8355545,0,0,0.000907736,0.000907736,336.0346431,0,0,1,0,0,0,0,0,0,0,0,0,0,-0.217970161,0,0,-0.747732833,2.174136099,0,0,0,0,0,0,-6.250224825,0,0,0,0,-355.5526103,714.6796182,0,0,0,1
CDW,133.2899933,0,0,1,0,0,0.18,0.82,0.055688146,0.565690377,0.53734756,0,0,267,0,267,0,0,0,133,0,0,0,267,1,1,1,1,0.116847451,-6.469139436,0.0636124,2.071916323,0.121772895,1.287434479,0.116847451,-6.469139436,0.067518605,1.391017025,0.119862236,-13.43822848,0.116847451,-6.469139436,0.53734756,1.62564145,,,0.043137143,,,2.736690307,,,1.869306679,,,0.043137143,,,1.965798684,,,0.00145949,,,0.043137143,,,0.001512682,0.002192057,0.001205523,0.001512682,0.002005636,3.74E-07,0.001512682,320.4996896,320.4996896,127.060041,3,,127.060041,612.9717557,345.9717557,,131.5565072,3,,38.7759229,38.7759229,130.4427309,0,276.8589146,276.8589146,127.060041,2,,370.1998294,237.1998294,130.7599703,2,,0.066264335,0.066264335,128.1252876,0,,93.20009957,93.20009957,127.060041,1,,0.11696543,-6.864724571,0.080601401,4.178621848,0.035593698,7.617153207,0.001518545,0.001462198,287.8707977,287.8707977,127.1520652,2,,294.5284374,294.5284374,133.3008727,2,,1,,,,,,,,,,1.961707736,0.201226746,0,1.307805158,0.060466511,0,1.472638858,0.545652517,0.653902579,,,,-1.129019801,254.120082,0,0,127.060041,0,0,127.1520652,133.3008727,127.060041,1
CEG,257.4899902,0,0,1,0,0,0.176520994,0.823479006,0.210838273,0.174077578,1.052384702,0,515,257,0,772,0,0,1802,1545,1030,1030,257,772,1,1,1,1,0.183775292,-6.948349469,0.203705741,0.683393325,0.185328641,0.828502798,0.183775292,-6.948349469,0.200930759,0.48865328,0.183230958,-10.15698431,0.183775292,-6.948349469,1.036381153,2.124675044,,,0.005319333,,,1.673668803,,,1.867079307,,,0.005319333,,,1.445215337,,,0.000473909,,,0.005319333,,,0.000502426,0.003912757,0.00360874,0.000502426,0.003257638,3.48E-07,0.000502426,106.4515604,106.4515604,236.9598975,0,,0,1094.136757,322.1367566,,246.1395264,1,,116.0759204,116.0759204,246.715013,0,91.95660533,-1710.043395,255.0920655,-7,,601.2940745,-943.7059255,276.8660333,-3,,0.061698679,-1029.938301,255.0920655,-4,,30.95571182,30.95571182,236.9598975,0,,0.183758426,-7.355726568,0.193967292,4.964161379,0.003913143,42.14372032,0.000501763,0.016143527,95.11934077,-934.8806592,255.0920655,-4,,3251.768368,2994.768368,261.9480971,11,,1,,,,,,,,,,0,0.007297288,0,-5.280576913,-0.011192908,-4,-3.381669584,4.235498128,0,,,,-0.470993301,0,0,0,-1275.460327,0,-1020.368262,-765.2761964,1047.792388,0,1
CELH,26.75,0,0,1,0,0,0.118,0.882,0.1849642,0.256903766,0.875498986,27,508,27,0,535,0,0,562,508,535,615,615,562,1,1,1,1,0.129507188,-6.559784417,0.167981248,0.856600522,0.170678653,0.910161011,0.129507188,-6.559784417,0.161737402,0.627612024,0.128547639,-12.96949888,0.129507188,-6.559784417,0.875498986,1.963792877,,,0.011949659,,,1.782649299,,,1.848265091,,,0.011949659,,,1.527391514,,,0.000158014,,,0.011949659,,,0.000843343,0.00304129,0.002586724,0.000843343,0.002726887,8.51E-08,0.000843343,178.683491,151.683491,25.17079433,6,,50.34158866,850.4454419,315.4454419,,25.6061693,12,,83.2025434,83.2025434,25.62743857,3,154.3530898,-407.6469102,26.4471178,-15,,503.3282691,-4.6717309,29.16497983,0,,0.015090916,-534.9849091,26.4471178,-20,,51.96048449,51.96048449,25.17079433,2,,0.129536594,-6.957136457,0.147587218,4.767054764,0.009138888,24.95761953,0.000847813,0.007802197,160.7201589,-454.2798411,26.4471178,-17,,1571.585869,956.5858692,27.44117587,35,,1,,,,,,,,,,4.034134837,0.137580835,0.038830925,-10.08533709,0,-20,-12.85671423,12.42763108,1.344711612,,,,0.036756313,100.6831773,0,0,-264.471178,0,-528.942356,-343.8125314,329.2941104,25.17079433,1
CF,115.0100021,0,0,1,0,0,0.0604,0.9396,0.064439141,0.277824268,0.658109286,0,0,0,0,0,0,0,0,0,0,0,0,0,1,1,1,1,0.061422795,-6.072293353,0.063737683,2.068803992,0.086029509,1.758090476,0.061422795,-6.072293353,0.063383443,1.460480277,0.061315244,-16.755314,0.061422795,-6.072293353,0.658109286,1.746403177,,,0.033855364,,,3.169199179,,,2.665090503,,,0.033855364,,,2.257601501,,,8.77E-05,,,0.033855364,,,0.001547751,0.003381316,0.002305675,0.001547751,0.002847756,2.98E-08,0.001547751,327.9299054,327.9299054,108.5252661,3,,108.5252661,945.5281391,945.5281391,,113.5311375,8,,74.1625264,74.1625264,113.2407703,1,283.2773965,283.2773965,108.5252661,3,,525.6382039,525.6382039,113.0118479,5,,0.005276241,0.005276241,110.3488713,0,,95.36077826,95.36077826,108.5252661,1,,0.06145537,-6.456664568,0.062603822,3.959343465,0.027324618,9.093546549,0.001565043,0.002100184,296.6855032,296.6855032,108.6784124,3,,423.0372122,423.0372122,115.0247935,4,,1,,,,,,,,,,1.728409995,0.534993745,0.048295033,1.728409995,0.166640831,0,1.954149251,0.979775042,0.576136665,,,,0,217.0505323,113.5311375,0,217.0505323,0,0,217.3568248,115.0247935,108.5252661,1
CFG,64.33000183,0,0,1,0,0,0.0668,0.9332,0.203261734,0.233054393,0.543690061,0,0,0,0,0,0,0,0,0,0,0,0,0,1,1,1,1,0.079926931,-6.204784819,0.148907024,0.974581418,0.125966318,1.246243322,0.079926931,-6.204784819,0.13396503,0.762677425,0.078760044,-15.73826662,0.079926931,-6.204784819,0.543690061,1.631983952,0,0,0.04787885,0,0,1.611791822,0,0,1.841177885,0,0,0.04787885,0,0,1.452892904,0,0,0.000448973,0,0,0.04787885,0,0,0.00170333,0.001311298,0.001206492,0.00170333,0.001499526,1.17E-07,0.00170333,360.8934116,360.8934116,61.15138243,6,0,122.3027649,366.6822832,366.6822832,0,62.9840168,6,0,38.80707639,38.80707639,63.15135166,1,311.7524337,311.7524337,61.15138243,5,0,276.782108,276.782108,62.82461201,4,0,0.020699218,0.020699218,61.931421,0,0,104.9464414,104.9464414,61.15138243,2,0,0.079944126,-6.592577263,0.106292693,4.446741787,0.039596254,8.828615634,0.001716564,0.001711868,325.4092871,325.4092871,61.22190213,5,0,344.8191876,344.8191876,64.66434901,5,0,1,0,0,0,0,0,0,0,0,0,3.609314498,0.089044588,0.024267538,3.007762082,0.036354803,0,3.395474607,1.544805665,1.203104833,0,0,0,0.013699647,244.6055297,0,0,183.4541473,0,0,183.6657064,129.328698,61.15138243,1
CHD,94.30999756,0,0,1,0,0,0.1356,0.8644,0.224343675,0.239330544,0.487021983,0,0,0,0,0,0,0,0,0,0,0,0,0,1,1,1,1,0.150131793,-6.707458654,0.200860326,0.695441959,0.188699552,0.811108216,0.150131793,-6.707458654,0.192452699,0.514989956,0.148927091,-11.89336351,0.150131793,-6.707458654,0.487021983,1.575315874,0,0,0.047442182,0,0,1.371695597,0,0,1.445727766,0,0,0.047442182,0,0,1.263695262,0,0,0.004494018,0,0,0.047442182,0,0,0.001480862,0.000968817,0.000819573,0.001480862,0.001174676,1.02E-06,0.001480862,313.7578081,313.7578081,91.57369234,3,0,91.57369234,270.9133692,270.9133692,0,92.51937145,3,0,26.36173172,26.36173172,92.56882641,0,271.03504,271.03504,91.57369234,3,0,216.8214176,216.8214176,92.37095897,2,0,0.180291089,0.180291089,91.79459475,0,0,91.2395859,91.2395859,91.57369234,1,0,0.150150935,-7.108674538,0.17360744,4.898826506,0.039534624,9.265521581,0.001482158,0.001639979,280.9729696,280.9729696,91.58464524,3,0,330.3387322,330.3387322,94.71460507,3,0,1,0,0,0,0,0,0,0,0,0,2.108906325,0.022670602,0,2.108906325,0.008287958,0,2.368746266,1.124929741,0.702968775,0,0,0,0,183.1473847,0,0,183.1473847,0,0,183.1692905,94.71460507,91.57369234,1
CHRW,157.7200012,1,1,0,1,1,0.7288,0.2712,0.873110581,0.117991632,0.497116577,0,1104,315,0,1419,0,0,0,158,946,0,158,1419,1,1,1,1,0.75179198,-11.01540576,0.836870393,-0.884555766,0.261821143,0.520468646,0.75179198,-11.01540576,0.829583905,-0.592619945,0.752726308,4.915088738,0.75179198,-11.01540576,0.497116577,1.585410468,0,0,0.006242488,0,0,0.665217225,0,0,1.271064211,0,0,0.006242488,0,0,0.76101291,0,0,9.631952258,0,0,0.006242488,0,0,0.000199515,0.000481999,0.000739677,0.000199515,0.000720911,0.002234283,0.000199515,42.27218901,42.27218901,152.8214016,0,0,0,134.7830381,-1284.216962,0,161.0711953,-8,0,23.79187122,23.79187122,153.9143621,0,36.516205,36.516205,152.8214016,0,0,133.0655388,-24.93446124,161.6448581,0,0,396.2501839,-549.7498161,163.4954312,-3,0,12.29259295,12.29259295,152.8214016,0,0,0.74891296,-11.51023406,0.79880327,-8.22052855,0.004969606,0.02263233,0.000191268,4.07E-06,36.25865498,36.25865498,152.8758645,0,0,0.820309873,-157.1796901,156.9037397,-1,0,1,0,0,0,0,0,0,0,0,0,0,-0.097804863,0,0,0,-1.132410811,0,-1,0,0,0,0,499.3011951,0,0,0,0,0,-163.4954312,0,-156.9037397,0,1
CHTR,109.2900009,0,0,1,0,0,0.0372,0.9628,0.023070804,0.00041841,-0.076130031,0,0,0,0,0,0,0,0,0,0,0,874,0,1,1,1,1,0.028387966,-5.835760678,0.023093962,3.934705419,0.001148477,8.066851342,0.028387966,-5.835760678,0.024982443,2.656957667,0.030248721,-18.62680302,0.028387966,-5.835760678,-0.076130031,1.01216386,0,0,0.931874512,0,0,1.048722185,0,0,1.102446789,0,0,0.931874512,0,0,1.032645421,0,0,0.798351029,0,0,0.931874512,0,0,0.00565801,0.000126178,0.000101901,0.00565801,0.000259053,3.17E-05,0.00565801,1198.791763,1198.791763,102.4567474,12,0,307.3702422,35.28366905,35.28366905,0,108.937371,0,0,3.277676422,3.277676422,110.0663748,0,1035.558526,1035.558526,102.4567474,10,0,47.81590119,47.81590119,108.0623181,0,0,5.617885225,5.617885225,104.5239056,0,0,348.6041182,348.6041182,102.4567474,3,0,0.027112618,-6.204207564,0.026543397,3.442017477,0.927732525,1.042493694,0.005644734,5.89E-05,1070.073249,1070.073249,102.5174513,10,0,11.86771689,-862.1322831,115.7448646,-7,0,1,0,0,0,0,0,0,0,0,0,6.385519254,0,0,5.321266045,0,0,6.014404922,-1.295818596,1.596379814,0,0,0,0,614.7404844,0,0,512.283737,0,0,615.1047079,-115.7448646,204.9134948,1
CHWY,18.17000008,0,0,1,0,0,0.075192097,0.924807903,0.139433551,0.175233645,0.151436338,18,18,0,0,18,0,127,0,0,0,0,73,36,1,1,1,1,0.084757852,-6.239374699,0.120986124,1.19782374,0.115894443,1.349071787,0.084757852,-6.239374699,0.114639187,0.885866117,0.083947629,-15.44052212,0.084757852,-6.239374699,0.151436338,1.239730229,,,0.26163551,,,1.293568778,,,1.33630342,,,0.26163551,,,1.209693637,,,0.036222586,,,0.26163551,,,0.003364979,0.000350354,0.000283687,0.003364979,0.00055322,3.19E-06,0.003364979,712.95552,694.95552,16.98509942,41,,84.92549712,97.9707297,79.9707297,,17.62355449,5,,9.124868492,9.124868492,17.65720223,1,615.8760767,615.8760767,16.98509942,36,,102.1131856,102.1131856,17.51887982,6,,0.566148166,0.566148166,17.13717793,0,,207.3247732,80.32477319,16.98509942,5,,0.084775117,-6.628090365,0.100934182,4.395177319,0.240668331,2.571517903,0.00337037,0.000245279,638.9215933,638.9215933,16.98929429,38,,49.40625854,-23.59374146,19.45511804,-1,,1,,,,,,,,,,24.93940097,0.112092321,0.028437417,21.8980106,0.073571135,0,26.08437675,-0.301837245,3.041390362,,,,-0.550715131,424.6274856,0,0,373.6721873,0,0,441.7216514,0,50.95529827,1
CI,270.5299988,0,0,1,0,0,0.2588,0.7412,0.270883055,0.222175732,0.433438896,0,0,0,0,0,0,0,0,0,0,0,0,0,1,1,1,1,0.261551921,-7.505237912,0.268568781,0.461915511,0.247868067,0.566168859,0.261551921,-7.505237912,0.267696685,0.326437716,0.261379133,-6.552828102,0.261551921,-7.505237912,0.433438896,1.521732787,0,0,0.042806226,0,0,1.214017464,0,0,1.268336009,0,0,0.042806226,0,0,1.146890962,0,0,0.063851017,0,0,0.042806226,0,0,0.001175525,0.000746581,0.0006239,0.001175525,0.000962272,1.26E-05,0.001175525,249.0646374,249.0646374,259.7281057,1,0,0,208.7687989,208.7687989,0,262.929587,1,0,20.06789438,20.06789438,263.2928991,0,215.1508017,215.1508017,259.7281057,1,0,177.6159007,177.6159007,262.3312061,1,0,2.235469142,2.235469142,259.7102679,0,0,72.42705611,72.42705611,259.7281057,0,0,0.261515557,-7.927327011,0.265309092,4.931411601,0.035854518,7.928402532,0.001165958,0.001283418,221.0309445,221.0309445,259.7652594,1,0,258.5171316,258.5171316,272.4187336,1,0,1,0,0,0,0,0,0,0,0,0,0.880134314,0.003333843,0,0.880134314,0.001665025,0,0.981914274,0.379981568,0,0,0,0,0,259.7281057,0,0,259.7281057,0,0,259.7652594,0,0,1
CICHY,24.29999924,0,0,1,0,0,0.4344,0.5656,0.326968974,0.74874477,0.603370129,0,0,0,0,0,0,0,0,0,73,0,0,0,1,1,1,1,0.402608837,-8.515219534,0.342342013,0.283898316,0.453910154,0.083494499,0.402608837,-8.515219534,0.348890525,0.189995044,0.404652489,-1.214079966,0.402608837,-8.515219534,0.603370129,1.69166402,,,0.011372481,,,1.160961966,,,1.044871714,,,0.011372481,,,1.105041402,,,0.528212179,,,0.011372481,,,0.000462105,0.001090483,0.000793313,0.000462105,0.00126848,0.000158157,0.000462105,97.90864826,97.90864826,23.36548988,4,0,23.36548988,304.9351463,304.9351463,,23.49040292,13,-1,25.51707469,25.51707469,23.19642174,1,84.57693709,84.57693709,23.36548988,4,,234.1357628,234.1357628,23.36878707,10,,28.04911136,-44.95088864,24.80432537,-2,,28.47146523,28.47146523,23.36548988,1,0,0.402778236,-8.965763094,0.367735014,4.172460945,0.008974076,8.966680951,0.000450933,0.001907496,85.48346524,85.48346524,23.36767277,4,,384.224346,384.224346,24.53575488,16,,1,0.000197297,0.000219799,2.31E-06,0.00019033,0.000197297,0.000922351,0.000200874,0.0001474,0.000197297,4,0.01637152,0.000108927,4,0.005640331,-0.046062193,4,4.352357585,1,0.02806837,0.02806837,1.74E-08,0,93.4619595,0,0,93.4619595,0,0,93.47069107,98.14301953,23.36548988,1
CIGI,89.77999878,0,0,1,0,0,0.1844,0.8156,0.208035004,0.116736402,0.396998373,0,0,0,0,0,0,0,0,0,0,0,180,0,1,1,1,1,0.189420387,-6.988768915,0.203183246,0.685586698,0.15773821,0.99190777,0.189420387,-6.988768915,0.201439479,0.487126587,0.18912139,-9.868295279,0.189420387,-6.988768915,0.396998373,1.485292264,0,0,0.062986315,0,0,1.311571485,0,0,1.480544883,0,0,0.062986315,0,0,1.212534638,0,0,0.020160869,0,0,0.062986315,0,0,0.001581291,0.000732028,0.000659392,0.001581291,0.000946895,3.62E-06,0.001581291,335.0362335,335.0362335,85.37551111,4,0,85.37551111,204.6992172,204.6992172,0,87.04207057,2,0,21.20950326,21.20950326,87.49112191,0,289.4160929,289.4160929,85.37551111,3,0,174.7776977,174.7776977,86.85286861,2,0,0.641637099,0.641637099,85.86539538,0,0,97.42727165,97.42727165,85.37551111,1,0,0.18933034,-7.39668626,0.196666669,4.970333878,0.053599549,7.144348015,0.001577725,0.001086374,299.0895469,299.0895469,85.52947581,3,0,218.8268225,38.82682251,90.35173659,0,0,1,0,0,0,0,0,0,0,0,0,3.052680684,0.01468841,0,2.289510513,0.007415385,0,2.564576608,0,0.763170171,0,0,0,0,256.1265333,0,0,170.7510222,0,0,256.5884274,0,85.37551111,0
CINF,161.9499969,0,0,1,0,0,0.0708,0.9292,0.172633254,0.106276151,0.505503186,0,0,0,0,0,0,0,0,0,0,0,0,0,1,1,1,1,0.082687609,-6.22455155,0.13724044,1.05915242,0.102420716,1.51071396,0.082687609,-6.22455155,0.126521106,0.806620564,0.08167205,-15.57086527,0.082687609,-6.22455155,0.505503186,1.593797077,0,0,0.054947153,0,0,1.638352807,0,0,2.022173424,0,0,0.054947153,0,0,1.456420025,0,0,0.0007046,0,0,0.054947153,0,0,0.001790781,0.001212434,0.001202506,0.001790781,0.001401395,1.67E-07,0.001790781,379.4220355,379.4220355,156.8215774,2,0,156.8215774,339.036686,339.036686,0,159.5402354,2,0,38.67887705,38.67887705,159.984589,0,327.7581113,327.7581113,156.8215774,2,0,258.6690916,258.6690916,159.2445906,2,0,0.029594693,0.029594693,158.4115104,0,0,110.3344953,110.3344953,156.8215774,1,0,0.082682928,-6.612710472,0.105082697,4.43529889,0.045853132,7.904073599,0.001803463,0.001441756,341.8827312,341.8827312,156.8328829,2,0,290.4108373,290.4108373,162.5185655,2,0,1,0,0,0,0,0,0,0,0,0,1.210782563,0.03505637,0,1.210782563,0.020332398,0,1.366498118,0.614746132,0.605391281,0,0,0,0,156.8215774,0,0,156.8215774,0,0,156.8328829,162.5185655,156.8215774,1
CL,84.26000214,0,0,1,0,0,0.0564,0.9436,0.08035004,0.186192469,0.286296065,0,84,0,0,84,0,0,0,0,0,0,337,84,1,1,1,1,0.060882017,-6.068421333,0.074729746,1.825898214,0.085910876,1.760139552,0.060882017,-6.068421333,0.072562012,1.314189962,0.06050323,-16.80324815,0.060882017,-6.068421333,0.286296065,1.374589956,0,0,0.145046419,0,0,1.787681465,0,0,1.750669054,0,0,0.145046419,0,0,1.519097986,0,0,0.004766965,0,0,0.145046419,0,0,0.002733834,0.000731875,0.000567555,0.002733834,0.000943176,6.31E-07,0.002733834,579.2315363,579.2315363,82.02904358,7,0,164.0580872,204.6565756,120.6565756,0,83.3635998,1,0,18.25551495,18.25551495,83.34530402,0,500.360592,500.360592,82.02904358,6,0,174.0911385,174.0911385,83.19482756,2,0,0.111855434,0.111855434,82.43586831,0,0,168.4383437,168.4383437,82.02904358,2,0,0.060904883,-6.452617885,0.067563722,4.022360367,0.128357532,3.595690209,0.002748016,0.0004477,520.9419826,520.9419826,82.03015927,6,0,90.17968017,-246.8203198,86.98199188,-3,0,1,0,0,0,0,0,0,0,0,0,4.027815036,0.052092255,0,3.452412888,0.053971727,0,3.903401023,-0.758408575,1.150804296,0,0,0,0,328.1161743,0,0,246.0871307,0,0,328.1206371,-86.98199188,82.02904358,1
CLPBY,6.190000057,0,0,1,0,0,0.0352,0.9648,0.076770088,0.311715481,0.108787555,340,735,0,0,735,0,161,0,0,0,0,266,1075,1,1,1,1,0.040601617,-5.923211641,0.063436858,2.076291937,0.068944264,2.10534334,0.040601617,-5.923211641,0.059108925,1.539411268,0.040127896,-18.02329571,0.040601617,-5.923211641,0.108787555,1.197081446,,,0.344553601,,,1.452805943,,,1.460418113,,,0.344553601,,,1.319059857,,,0.039079901,,,0.344553601,,,0.003892897,0.000342055,0.000268583,0.003892897,0.00054384,3.00E-06,0.003892897,824.8080683,484.8080683,5.955107986,81,,77.41640382,95.65006235,-639.3499376,,6.408111858,-100,,8.639019034,8.639019034,6.121165423,1,712.4982455,712.4982455,5.955107986,120,,100.3817853,100.3817853,6.103418658,16,,0.532206165,0.532206165,6.019732551,0,,239.8510719,78.85107191,5.955107986,13,,0.040618699,-6.303492121,0.050278244,3.794221462,0.321771722,1.978876166,0.003902227,0.000172446,739.7458623,739.7458623,5.955164723,124,,34.73564619,-231.2643538,6.408111858,-36,,1,,,,,,,,,,44.40373949,-6.735919073,0.069257353,65.78331777,0.592446763,0,76.98465003,-8.097815532,7.126526091,,,,-2.169324431,262.0247514,-44.85678301,0,393.0371271,6.103418658,0,458.5476837,-51.26489486,41.6857559,1
CLX,80.41000366,0,0,1,0,0,0.0372,0.9628,0.030230708,0.019246862,0.072095014,161,80,80,0,160,0,0,402,80,0,482,724,321,1,1,1,1,0.03517189,-5.884334252,0.031255428,3.340873018,0.026470197,3.96440312,0.03517189,-5.884334252,0.03172947,2.327995884,0.035332184,-18.31528502,0.03517189,-5.884334252,0.072095014,1.160388905,0,0,0.416726401,0,0,1.643736941,0,0,1.803493513,0,0,0.416726401,0,0,1.413828849,0,0,0.065579371,0,0,0.416726401,0,0,0.004195925,0.000341686,0.000291933,0.004195925,0.000531583,4.46E-06,0.004195925,889.0122834,728.0122834,77.50371655,9,0,232.5111497,95.54674945,-64.45325055,0,83.43788972,-1,0,9.390079368,9.390079368,80.18901013,0,767.9601067,365.9601067,77.50371655,5,0,98.11953735,18.11953735,79.66065244,0,0,0.790120485,0.790120485,78.22154465,0,0,258.5214152,258.5214152,77.50371655,3,0,0.035153732,-6.263318599,0.032976452,3.541930413,0.393883034,1.69364093,0.004202981,0.000136196,796.7598492,314.7598492,77.56254711,4,0,27.43384625,-696.5661538,83.43788972,-8,0,1,0,0,0,0,0,0,0,0,0,4.869195411,-0.174397383,0,2.705108561,0,0,2.451822492,-1.568158882,1.623065137,0,0,0,0,387.5185828,0,0,232.5111497,0,0,155.1250942,-166.8757794,155.0074331,1
CMCSA,21.56999969,0,0,1,0,0,0.016,0.984,0.036197295,0.007949791,0.095736781,0,0,65,0,65,0,22,43,65,0,65,108,65,1,1,1,1,0.018466045,-5.764718729,0.029427564,3.458106209,0.013567049,5.358969891,0.018466045,-5.764718729,0.027402297,2.529044445,0.018275876,-19.36867531,0.018466045,-5.764718729,0.095736781,1.184030672,0,0,0.377644541,0,0,1.793481424,0,0,2.472577174,0,0,0.377644541,0,0,1.532985929,0,0,0.037936459,0,0,0.377644541,0,0,0.004097126,0.000404146,0.000434742,0.004097126,0.000611855,2.79E-06,0.004097126,868.0791384,868.0791384,20.81213976,42,0,228.9335374,113.0125788,48.01257877,0,21.47103118,2,0,13.9835685,13.9835685,21.64555054,1,749.8773191,706.8773191,20.81213976,34,0,112.9360217,47.93602171,21.37695928,2,0,0.494823327,0.494823327,21.00826229,0,0,252.4341357,230.4341357,20.81213976,11,0,0.018445145,-6.140492107,0.02310962,3.387331651,0.354417671,1.772167029,0.004108762,0.000150125,778.8987146,713.8987146,20.82085566,34,0,30.23955235,-77.76044765,22.25523894,-3,0,1,0,0,0,0,0,0,0,0,0,21.8084882,0.37370308,0.448727473,17.65449045,0.199877056,0,20.03112301,-0.537844486,5.71174691,0,0,0,0,457.8670747,0,0,374.6185157,0,0,416.4171131,-22.25523894,124.8728386,1
CME,263.1400146,0,0,1,0,0,0.1452,0.8548,0.113762928,0.358158996,0.665624188,0,0,0,0,0,0,0,1053,526,0,1053,263,0,1,1,1,1,0.136214384,-6.607808612,0.118447119,1.222148706,0.165346351,0.942636189,0.136214384,-6.607808612,0.120393693,0.84595667,0.136777828,-12.53090475,0.136214384,-6.607808612,0.665624188,1.753918079,,,0.024413678,,,1.987081391,,,1.698290582,,,0.024413678,,,1.608500866,,,0.000875674,,,0.024413678,,,0.001133988,0.002156815,0.001495353,0.001133988,0.002054936,3.02E-07,0.001133988,240.2639072,240.2639072,253.4409411,1,,0,603.1170588,603.1170588,,259.5409671,2,,48.09835269,48.09835269,259.0301437,0,207.5484212,-845.4515788,261.8419025,-3,,379.2996126,-146.7003874,271.0586665,-1,,0.05360587,0.05360587,255.3893933,0,,69.86783701,69.86783701,253.4409411,0,,0.136284932,-7.006744167,0.126009324,4.616697263,0.019511436,13.38187873,0.001137435,0.003125026,215.6237906,-837.3762094,261.8419025,-3,,629.4697086,366.4697086,264.0819756,1,,1,,,,,,,,,,0.682236479,0.046676483,0,-2.046709437,-0.011181917,0,-2.301302992,0.333029588,0,,,,0,253.4409411,0,0,-523.6838049,0,0,-523.6838049,0,0,1
CMG,32.36000061,0,0,1,0,0,0.1768,0.8232,0.22991249,0.308368201,0.546523523,97,32,32,0,64,0,0,0,0,0,0,32,161,1,1,1,1,0.18745624,-6.974705425,0.218260114,0.625491124,0.228398751,0.636366564,0.18745624,-6.974705425,0.21367684,0.452063757,0.18658486,-9.992269879,0.18745624,-6.974705425,0.546523523,1.634817414,,,0.032442538,,,1.359950573,,,1.367239813,,,0.032442538,,,1.248825372,,,0.007361352,,,0.032442538,,,0.001161605,0.001114114,0.000902323,0.001161605,0.001295545,1.93E-06,0.001161605,246.1151631,149.1151631,30.91144109,5,,61.82288219,311.5432467,247.5432467,,31.27455047,8,,29.02342718,29.02342718,31.27502466,1,212.602942,212.602942,30.91144109,7,,239.1314958,239.1314958,31.17000576,8,,0.341708089,0.341708089,30.96320241,0,,71.56936013,71.56936013,30.91144109,2,,0.187493914,-7.383186513,0.20274703,4.982102104,0.026540963,11.57512328,0.001158829,0.002254486,219.6793578,219.6793578,30.91949152,7,,454.1179459,422.1179459,32.63999177,13,,1,,,,,,,,,,3.800509045,0.048904893,0.006327538,5.320712663,0.025545205,0,5.962189087,5.041834967,1.520203618,,,,0.057206079,123.6457644,0,0,154.5572055,0,0,185.5169491,163.1999589,61.82288219,1
CMI,528.3200073,1,1,0,1,1,0.1636,0.8364,0.30230708,0.016317992,0.730373323,1057,0,2113,528,2641,0,0,2113,1585,0,1057,528,3698,1,1,1,1,0.180720679,-6.926478132,0.257673586,0.493490254,0.040348496,3.089113911,0.180720679,-6.926478132,0.247575529,0.368657324,0.180540102,-10.28978635,0.180720679,-6.926478132,0.730373323,1.818667214,,,0.015879063,,,1.343339209,,,6.344645183,,,0.015879063,,,1.246694184,,,0.002124196,,,0.015879063,,,0.000843471,0.001685677,0.006481703,0.000843471,0.001773181,8.46E-07,0.000843471,178.7105003,-878.2894997,523.1179753,-2,,0,471.3712847,-2169.628715,,553.0052507,-4,,208.4854088,208.4854088,525.7844001,0,154.3764214,-1958.623579,523.1179753,-4,,327.2933975,-1257.706603,553.0052507,-2,,0.14997373,0.14997373,512.2083373,0,,51.9683387,51.9683387,509.4245506,0,,0.179416638,-7.323809647,0.217295315,4.998255129,0.012520358,19.8752661,0.000847168,0.005096592,160.5978098,-896.4021902,523.1179753,-2,,1026.59954,498.5995401,533.6772555,1,,1,,,,,,,,,,-1.499253104,-0.015220789,0,-2.998506207,-0.004247132,0,-1.676193367,0.390352411,0,,,,0,-523.1179753,0,0,-1569.353926,0,0,-1046.235951,0,0,1
CMS,63.74000168,1,1,0,0,0,0.048,0.952,0.219570406,0.015481172,0.456842388,382,319,1530,0,1849,0,0,382,637,0,446,0,2231,1,1,1,1,0.05895067,-6.054592691,0.132650643,1.09559357,0.03214376,3.554416288,0.05895067,-6.054592691,0.114961256,0.883550171,0.05808861,-16.94609759,0.05895067,-6.054592691,0.456842388,1.545136279,0,0,0.071760104,0,0,1.610759864,0,0,4.695335553,0,0,0.071760104,0,0,1.468796535,0,0,0.000627697,0,0,0.071760104,0,0,0.002085165,0.001052938,0.002458805,0.002085165,0.001289327,1.32E-07,0.002085165,441.7947238,59.79472383,62.11522842,1,0,124.2304568,294.4365039,-1554.563496,0,65.24018987,-24,0,79.08798735,79.08798735,63.53874889,1,381.6378351,-0.362164854,63.60638724,0,0,237.9837787,-399.0162213,65.24018987,-6,0,0.023336368,0.023336368,62.51926768,0,0,128.4722375,128.4722375,62.11522842,2,0,0.058816625,-6.437266893,0.084260782,4.220036863,0.060753366,6.272588795,0.002103563,0.001056173,398.7728044,-47.22719561,63.60638724,-1,0,212.743522,212.743522,63.74881709,3,0,1,0,0,0,0,0,0,0,0,0,0.572782698,-0.450121977,0.197404299,0,-0.07318696,0,-0.647475079,0.834783334,1.145565395,0,0,0,0.050713913,62.11522842,0,0,0,0,0,-63.60638724,63.74881709,62.11522842,1
CNC,62.99000168,0,0,1,0,0,0.3232,0.6768,0.301909308,0.945606695,0.380579798,0,0,0,0,0,0,0,0,0,126,0,0,0,1,1,1,1,0.318140854,-7.910420326,0.30576717,0.365631005,0.409533588,0.16695908,0.318140854,-7.910420326,0.307108375,0.254777704,0.318365948,-4.232659611,0.318140854,-7.910420326,0.380579798,1.468873689,0,0,0.047762032,0,0,1.150945324,0,0,1.066300396,0,0,0.047762032,0,0,1.102919754,0,0,0.196431737,0,0,0.047762032,0,0,0.001150751,0.000614434,0.000453742,0.001150751,0.000833409,3.37E-05,0.001150751,243.8155703,243.8155703,59.59903249,4,0,59.59903249,171.8162403,171.8162403,0,60.14283263,3,0,14.59472357,14.59472357,59.58111458,0,210.6164727,210.6164727,59.59903249,4,0,153.8303852,153.8303852,60.03172014,3,0,5.984064561,-120.0159354,63.17524331,-2,0,70.90064721,70.90064721,59.59903249,1,0,0.318296774,-8.344731415,0.311217492,4.695026734,0.040416584,6.081300507,0.001136544,0.000898576,215.4549079,215.4549079,59.64056991,4,0,180.9989985,180.9989985,63.55544105,3,0,1,0,0,0,0,0,0,0,0,0,3.910921859,0.006266533,0,3.910921859,0.003042735,-0.559856481,4,1.033278564,0.977730465,0,0,0,0.09252496,238.39613,0,0,238.39613,0,-63.17524331,238.5622797,63.55544105,59.59903249,1
CNP,37.79000092,1,1,0,1,1,0.2172,0.7828,0.369132856,0.051882845,0.445718284,151,76,113,0,189,0,0,0,0,0,38,0,340,1,1,1,1,0.239740414,-7.349065339,0.325916167,0.319318078,0.108715794,1.431313964,0.239740414,-7.349065339,0.31299386,0.245063976,0.238499769,-7.557432807,0.239740414,-7.349065339,0.445718284,1.534012175,0,0,0.043085581,0,0,1.146406124,0,0,1.844927761,0,0,0.043085581,0,0,1.110554679,0,0,0.03941044,0,0,0.043085581,0,0,0.001218921,0.000728041,0.000937931,0.001218921,0.000954224,8.03E-06,0.001218921,258.2589836,107.2589836,36.84866728,3,0,73.69733456,203.5842986,14.58429858,0,36.98475599,0,0,30.16876447,30.16876447,37.3458576,1,223.0932016,223.0932016,36.84866728,6,0,176.1304356,176.1304356,36.96599364,5,0,1.424119875,1.424119875,36.87684874,0,0,75.10073728,75.10073728,36.84866728,2,0,0.239095725,-7.762516586,0.280326263,4.872643289,0.036099468,8.04410049,0.001213353,0.001329437,230.0156143,192.0156143,36.86705774,5,0,267.7865879,267.7865879,37.93352966,7,0,1,0,0,0,0,0,0,0,0,0,2.531660689,0,0.032010307,5.063321378,0.004691903,0,4.707551856,2.596852631,1.687773793,0,0,0,0.000135366,110.5460018,0,0,184.2433364,0,0,184.3352887,113.800589,73.69733456,1
CNQ,48.43999863,0,0,1,0,0,0.4152,0.5848,0.376690533,0.570711297,0.593796774,0,0,2277,0,2277,0,0,0,0,678,0,0,2277,1,1,1,1,0.405346971,-8.534824847,0.383205057,0.202759795,0.443452875,0.102772592,0.405346971,-8.534824847,0.38579962,0.139099818,0.405974291,-1.172471107,0.405346971,-8.534824847,0.593796774,1.682090665,0,0,0.011814489,0,0,1.111202419,0,0,1.054899602,0,0,0.011814489,0,0,1.075017689,0,0,0.543498191,0,0,0.011814489,0,0,0.000470087,0.001020311,0.000782505,0.000470087,0.001213453,0.00015914,0.000470087,99.59983616,99.59983616,46.28613451,2,0,46.28613451,285.3128666,-1991.687133,0,50.3175539,-40,0,25.16944982,25.16944982,45.93807554,1,86.03784473,86.03784473,46.28613451,2,0,223.9788704,223.9788704,46.05397154,5,0,28.22346981,-649.7765302,49.43844004,-13,0,28.96325628,28.96325628,46.28613451,1,0,0.405442419,-8.985347765,0.393068684,3.855280182,0.009346835,7.425277998,0.000458834,0.001556625,86.98127249,86.98127249,46.35480126,2,0,313.5488405,313.5488405,48.54955229,6,0,1,0,0,0,0,0,0,0,0,0,2,-0.025694709,0.000165034,2,0.001511622,-0.279233601,2,1.39342362,1,0,0,0,-0.060037406,92.57226902,0,0,92.57226902,0,0,92.70960252,48.54955229,46.28613451,1
COF,194.7200012,0,0,1,0,0,0.0756,0.9244,0.153937947,0.310878661,0.501084399,195,0,0,0,0,0,0,0,0,0,0,0,195,1,1,1,1,0.086389105,-6.25105463,0.129947942,1.117993195,0.133264579,1.179457538,0.086389105,-6.25105463,0.121957705,0.835622084,0.085455794,-15.35436403,0.086389105,-6.25105463,0.501084399,1.58937829,,,0.055222657,,,1.67869086,,,1.727185678,,,0.055222657,,,1.47282096,,,0.000813361,,,0.055222657,,,0.001781361,0.001228562,0.001015464,0.001781361,0.001405574,1.91E-07,0.001781361,377.4262111,182.4262111,183.6924573,1,,183.6924573,343.5467047,343.5467047,,190.4106401,2,,32.66261215,32.66261215,190.62937,0,326.0340479,326.0340479,183.6924573,2,,259.4404858,259.4404858,189.607177,1,,0.033791685,0.033791685,185.9702226,0,,109.7541171,109.7541171,183.6924573,1,,0.086417594,-6.640164377,0.105261481,4.43699702,0.046112409,7.813485788,0.00179308,0.001415057,339.9145299,339.9145299,183.9337051,2,,285.0329005,285.0329005,196.3163778,1,,1,,,,,,,,,,0.610557562,0.03905965,0,1.221115125,0.010910379,0,1.377868217,0.307608477,0.610557562,,,,0,183.6924573,0,0,183.6924573,0,0,183.9337051,0,183.6924573,1
COIN,183,0,0,1,0,0,0.551065393,0.448934607,0.484363636,0.528377298,0.291713327,0,0,0,0,0,0,0,0,0,183,0,0,0,1,1,1,1,0.533204055,-9.450294353,0.495127991,0.008109549,0.520040261,-0.036115995,0.533204055,-9.450294353,0.499695456,0.000356317,0.534475095,2.205298476,0.533204055,-9.450294353,0.291713327,1.380007218,0,0,0.047651875,0,0,1.002615409,0,0,0.988434842,0,0,0.047651875,0,0,1.000114772,0,0,2.034605179,0,0,0.047651875,0,0,0.000911312,0.00041698,0.000325653,0.000911312,0.000628224,0.000273392,0.000911312,193.0844811,193.0844811,166.8816909,1,0,0,116.6015747,116.6015747,0,164.7435491,1,0,10.47470173,10.47470173,164.7435491,0,166.793172,166.793172,166.8816909,1,0,115.9574095,115.9574095,164.7435491,1,0,48.48604912,-134.5139509,202.0793284,-1,0,56.14823804,56.14823804,166.8816909,0,0,0.533222613,-9.924672748,0.512076897,1.678168639,0.040899999,1.716898053,0.000889903,0.000215952,168.6991222,168.6991222,167.1749143,1,0,43.49899889,43.49899889,176.6383232,0,0,1,0,0,0,0,0,0,0,0,0,1,1.03E-06,0,1,1.98E-09,-0.075989709,1,0,0,0,0,0,0,166.8816909,0,0,166.8816909,0,0,167.1749143,0,0,1
COO,56.90999985,0,0,1,0,0,0.1392,0.8608,0.450278441,0.080753138,0.231298792,455,285,114,0,399,0,57,683,171,0,569,683,854,1,1,1,1,0.166971223,-6.828030652,0.32044997,0.331546346,0.134627391,1.16762037,0.166971223,-6.828030652,0.287243619,0.289324203,0.164682946,-11.08415045,0.166971223,-6.828030652,0.231298792,1.319592683,0,0,0.150533333,0,0,1.096305034,0,0,1.382382029,0,0,0.150533333,0,0,1.083543067,0,0,0.046240875,0,0,0.150533333,0,0,0.0024393,0.000381178,0.000379075,0.0024393,0.000596138,5.21E-06,0.0024393,516.8270922,61.82709217,54.74250315,1,0,109.4850063,106.5899287,-292.4100713,0,59.03649223,-5,0,12.19303209,12.19303209,55.74674129,0,446.4534363,-236.5465637,56.60695649,-4,0,110.0349433,-60.96505672,59.03649223,-1,0,0.923979837,0.923979837,54.9534887,0,0,150.2913669,93.29136694,54.74250315,2,0,0.166802726,-7.231083515,0.224985133,4.9999529,0.134613629,4.001232814,0.002436657,0.000448368,461.9175247,-107.0824753,56.60695649,-2,0,90.31419223,-592.6858078,59.03649223,-10,0,1,0,0,0,0,0,0,0,0,0,0.72846879,-0.008587733,0,-2.913875161,-0.001307945,0,-1.634017775,-3.906176406,1.456937581,0,0,0,0,54.74250315,0,0,-169.8208695,0,0,-113.213913,-236.1459689,54.74250315,1
COP,126.75,0,0,1,0,0,0.2828,0.7172,0.261734288,0.525941423,0.557036246,0,127,127,0,254,0,0,0,0,0,0,0,254,1,1,1,1,0.277613879,-7.620243138,0.265433543,0.470821069,0.328103982,0.340110226,0.277613879,-7.620243138,0.266816058,0.32819379,0.277900127,-5.85344885,0.277613879,-7.620243138,0.557036246,1.645330137,0,0,0.022495682,0,0,1.264202059,0,0,1.184540393,0,0,0.022495682,0,0,1.177532518,0,0,0.054221786,0,0,0.022495682,0,0,0.000824795,0.001062578,0.000802566,0.000824795,0.001244992,1.46E-05,0.000824795,174.7534731,174.7534731,121.091728,1,0,0,297.1321767,43.13217665,0,122.608328,0,0,25.81472138,25.81472138,122.2878794,0,150.958202,150.958202,121.091728,1,0,229.8002633,229.8002633,122.3235481,2,0,2.581222549,2.581222549,120.8672945,0,0,50.81765014,50.81765014,121.091728,0,0,0.277713226,-8.046397692,0.270842384,4.91185665,0.018194576,11.53995179,0.000815619,0.002285125,154.6170247,154.6170247,121.1859623,1,0,460.2896192,460.2896192,128.166568,4,0,1,0,0,0,0,0,0,0,0,0,0.907314148,0,0,0.907314148,0.003365974,0,1,1.507895984,0,0,0,0,0,121.091728,0,0,121.091728,0,0,121.1859623,256.3331359,0,1
COR,309.0499878,0,0,1,0,0,0.2536,0.7464,0.303500398,0.523849372,0.73402615,0,0,0,0,0,0,0,0,0,0,0,0,0,1,1,1,1,0.264400651,-7.525635101,0.293334891,0.396072803,0.33197877,0.330954445,0.264400651,-7.525635101,0.289137211,0.285903773,0.263493132,-6.462118448,0.264400651,-7.525635101,0.73402615,1.822320041,0,0,0.010930348,0,0,1.268312685,0,0,1.219705233,0,0,0.010930348,0,0,1.187171798,0,0,0.020692484,0,0,0.010930348,0,0,0.000584931,0.001604359,0.001256347,0.000584931,0.001698584,8.30E-06,0.000584931,123.9322561,123.9322561,298.941577,0,0,0,448.6320473,448.6320473,0,301.1160293,1,0,40.41066608,40.41066608,300.674946,0,107.0570457,107.0570457,298.941577,0,0,313.5241872,313.5241872,300.2682222,1,0,1.47252294,1.47252294,298.8021958,0,0,36.03903213,36.03903213,298.941577,0,0,0.264479073,-7.949112117,0.279060498,4.878292982,0.008477454,18.68114138,0.000578363,0.004815254,109.6403108,109.6403108,298.9722699,0,0,969.9299679,969.9299679,310.1197358,3,0,1,0,0,0,0,0,0,0,0,0,0,0.002451151,0,0,0.001277203,0,0,1.115519176,0,0,0,0,0,0,0,0,0,0,0,0,310.1197358,0,1
COST,920.6500244,1,1,0,1,1,0.3808,0.6192,0.481304694,0.052719665,1.010100913,0,0,0,0,0,0,0,0,921,0,0,0,0,1,1,1,1,0.396345345,-8.470372303,0.455252621,0.074928172,0.121241438,1.292813925,0.396345345,-8.470372303,0.449905996,0.059055237,0.396869261,-1.461921883,0.396345345,-8.470372303,1.010100913,2.098394804,,,0.001877135,,,1.057105712,,,2.606995355,,,0.001877135,,,1.04474217,,,0.33839665,,,0.001877135,,,0.000169319,0.002351284,0.004788189,0.000169319,0.002269733,0.000236541,0.000169319,35.87440977,35.87440977,894.8340135,0,,0,657.4971027,657.4971027,,890.6191099,1,,154.0131624,154.0131624,908.7688372,0,30.98957806,30.98957806,894.8340135,0,,418.9468136,-502.0531864,949.1140377,-1,,41.95053491,41.95053491,890.6191099,0,,10.4321429,10.4321429,894.8340135,0,,0.39450382,-8.904937031,0.428319801,3.328504605,0.001360237,11.78699325,0.000165718,0.004372392,31.4151603,31.4151603,894.9240762,0,,880.7248918,880.7248918,916.6288915,1,,1,,,,,,,,,,0,8.77E-05,0,0,-5.45E-05,0,0,0.173108483,0,,,,0,0,0,0,0,0,0,0,0,0,1
CP,85.94000244,0,0,1,0,0,0.1424,0.8576,0.208830549,0.185355649,0.569564017,0,0,0,0,0,0,0,0,0,0,0,0,0,1,1,1,1,0.154383887,-6.737904072,0.192728079,0.731350046,0.174691382,0.886744006,0.154383887,-6.737904072,0.186758939,0.533691205,0.153422031,-11.6604809,0.154383887,-6.737904072,0.569564017,1.657857908,0,0,0.033167392,0,0,1.44732456,0,0,1.565605207,0,0,0.033167392,0,0,1.309695894,0,0,0.002754056,0,0,0.033167392,0,0,0.001250692,0.00125398,0.001094258,0.001250692,0.001416178,7.62E-07,0.001250692,264.990517,264.990517,83.28582715,3,0,83.28582715,350.6545088,350.6545088,0,84.34615088,4,0,35.19704958,35.19704958,84.43719523,0,228.9081372,228.9081372,83.28582715,3,0,261.3978622,261.3978622,84.18769586,3,0,0.135078749,0.135078749,83.64477447,0,0,77.05824179,77.05824179,83.28582715,1,0,0.154385612,-7.139804075,0.172809693,4.895591398,0.02706919,11.87993047,0.001251877,0.002398951,237.3185336,237.3185336,83.29915271,3,0,483.2173979,483.2173979,86.44513732,6,0,1,0,0,0,0,0,0,0,0,0,2.128094592,0.033429556,0,2.128094592,0.013351233,0,2.389537605,2.246888919,0.709364864,0,0,0,0.002244658,166.5716543,0,0,166.5716543,0,0,166.5983054,172.8902746,83.28582715,1
CPAY,394.6000061,0,0,1,0,0,0.286,0.714,0.329355609,0.728033473,0.415646779,0,0,0,0,0,0,0,0,0,0,0,0,0,1,1,1,1,0.295779331,-7.750309589,0.32087724,0.330581969,0.385396941,0.2148171,0.295779331,-7.750309589,0.317240224,0.238188692,0.294925577,-5.155560272,0.295779331,-7.750309589,0.415646779,1.50394067,0,0,0.042306508,0,0,1.144430108,0,0,1.091621764,0,0,0.042306508,0,0,1.102083117,0,0,0.121976572,0,0,0.042306508,0,0,0.001112316,0.000671437,0.000511696,0.001112316,0.000893031,2.30E-05,0.001112316,235.6721247,235.6721247,376.6936872,1,0,0,187.7560971,187.7560971,0,379.1489881,0,0,16.45879832,16.45879832,377.1717785,0,203.5818778,203.5818778,376.6936872,1,0,164.8354774,164.8354774,377.9700109,0,0,4.07735961,4.07735961,375.8346656,0,0,68.532564,68.532564,376.6936872,0,0,0.295890862,-8.180023315,0.308584171,4.713144133,0.035501664,6.844060696,0.0011,0.001074768,208.5272042,208.5272042,376.7390307,1,0,216.489114,216.489114,398.169407,1,0,1,0,0,0,0,0,0,0,0,0,0.938551543,0,0,0.938551543,0,0,1,0.347089494,0,0,0,0,0,376.6936872,0,0,376.6936872,0,0,376.7390307,0,0,1
CPB,19.62000084,0,0,1,0,0,0.1676,0.8324,0.085918854,0.205857741,-0.122284124,0,0,20,0,20,0,0,0,0,0,0,1275,20,1,1,1,1,0.136219651,-6.607846324,0.094192846,1.504102752,0.135082304,1.163710906,0.136219651,-6.607846324,0.098039273,1.02087915,0.138080836,-12.46196314,0.136219651,-6.607846324,-0.088293891,1,0,0,1,0,0,1,0,0,1,0,0,1,0,0,1,0,0,1,0,0,1,0,0,0.005805939,0.000114635,8.80E-05,0.005805939,0.000242041,3.78E-05,0.005805939,1230.134172,1230.134172,18.84782462,65,0,358.1086678,32.05566034,12.05566034,0,19.34235068,1,0,2.829306854,2.829306854,19.27503821,0,1062.633203,1062.633203,18.84782462,56,0,44.67596577,44.67596577,19.26151568,2,0,6.709922371,6.709922371,18.98804777,0,0,357.7183724,357.7183724,18.84782462,19,0,0.136284793,-7.006743141,0.109882134,4.479997926,1,1,0.005789448,5.48E-05,1097.506756,1097.506756,18.84850708,58,0,11.03425289,-1263.965747,20.31319523,-62,0,1,0,0,0,0,0,0,0,0,0,44.3458773,0.035348829,0,38.20567891,0.03256857,0,44.49184481,-19.44318199,12.96264106,0,0,0,0,829.3042834,0,0,716.2173356,0,0,829.3343117,-385.9507094,245.0217201,1
CPNG,13.77999973,0,0,1,0,0,0.075867052,0.924132948,0.253218884,0.144427002,-0.179527418,14,0,14,0,14,0,0,0,0,0,0,1185,28,1,1,1,1,0.091498935,-6.287641526,0.178471863,0.800236314,0.1252707,1.252926316,0.091498935,-6.287641526,0.159031602,0.639126991,0.090118209,-15.08916145,0.091498935,-6.287641526,-0.088293891,1,,,1,,,1,,,1,,,1,,,1,,,1,,,1,,,0.005805939,0.000114635,8.80E-05,0.005805939,0.000242041,3.78E-05,0.005805939,1230.134172,1216.134172,12.9999533,94,,363.9986924,32.05566034,18.05566034,,13.35178568,1,,2.829306854,2.829306854,13.46333765,0,1062.633203,1062.633203,12.9999533,82,,44.67596577,44.67596577,13.32210993,3,,6.709922371,6.709922371,13.18142375,1,,357.7183724,357.7183724,12.9999533,28,,0.091498676,-6.677515916,0.12384824,4.59958649,1,1,0.005789448,5.48E-05,1097.506756,1097.506756,13.00947269,84,,11.03425289,-1173.965747,14.6554013,-80,,1,,,,,,,,,,58.06620282,0.010005909,0,50.65349608,0.019147655,1,58.52334968,-26.44524485,17.29631573,,,,0.121254698,753.9972913,0,0,662.9976182,0,13.18142375,767.558889,-381.0404339,220.9992061,1
CPRT,27.21999931,0,0,1,0,0,0.0492,0.9508,0.029435163,0.139330544,0.638245093,109,0,54,0,54,0,0,408,218,0,191,0,163,1,1,1,1,0.04234954,-5.935726939,0.03174587,3.310723737,0.049844781,2.678970262,0.04234954,-5.935726939,0.03277922,2.283834685,0.042765646,-17.86347931,0.04234954,-5.935726939,0.638245093,1.726538984,,,0.039100807,,,6.098534716,,,4.319052593,,,0.039100807,,,3.480740635,,,5.80E-05,,,0.039100807,,,0.001713451,0.006215617,0.003565375,0.001713451,0.004244407,1.88E-08,0.001713451,363.0377068,254.0377068,26.10176314,10,,104.4070526,1738.092797,1684.092797,,27.05472671,62,,114.6810705,114.6810705,26.99221914,4,313.6047513,-94.3952487,27.00488395,-3,,783.4317759,565.4317759,26.97209037,21,,0.003335703,0.003335703,26.49194419,0,,105.5699944,105.5699944,26.10176314,4,,0.042377943,-6.316424495,0.035895831,3.58617967,0.031760933,7.088545703,0.001735577,0.001589498,329.0137109,138.0137109,26.11337936,5,,320.1704036,320.1704036,27.13629602,12,,1,,,,,,,,,,5.505133484,10.6183638,0.448555104,-1.651540045,1.711467473,0,3.116970188,2.411378367,2.202053393,,,,0.286217682,156.6105788,297.6019938,0,-54.0097679,53.94418074,0,78.34013809,54.27259203,52.20352628,1
CRDO,218.6399994,1,1,0,1,1,0.66580534,0.33419466,0.881702128,0.461465271,1.180503209,0,0,0,0,0,0,0,0,2624,0,0,0,0,1,1,1,1,0.707256102,-10.69652442,0.832508106,-0.85936289,0.617551813,-0.220824411,0.707256102,-10.69652442,0.814545943,-0.538100519,0.70429512,4.642753704,0.707256102,-10.69652442,1.036381153,2.124675044,,,0.000315579,,,0.523283399,,,0.846692714,,,0.000315579,,,0.66662827,,,33.07794677,,,0.000315579,,,2.98E-05,0.001223349,0.00163651,2.98E-05,0.001502637,0.024282203,2.98E-05,6.315422652,6.315422652,198.3107887,0,,0,342.0889483,342.0889483,,194.7833679,2,,52.63870457,52.63870457,194.7833679,0,5.455484412,5.455484412,198.3107887,0,,277.3563346,-2346.643665,237.6332357,-10,,4306.449549,4306.449549,229.0545395,19,,1.836501061,1.836501061,198.3107887,0,,0.706933402,-11.20163813,0.769725639,-6.917005075,0.000215669,0.005446481,2.77E-05,2.09E-06,5.242407276,5.242407276,198.3206765,0,,0.420245171,0.420245171,196.6286191,0,,1,,,,,,,,,,0,0.023078268,0,0,-0.045242526,6.399188705,0,0,0,,,,,0,0,0,0,0,1374.327237,0,0,0,
CRH,81.94000244,0,0,1,0,0,0.0336,0.9664,0.067621321,0.015481172,0.532837335,0,0,82,0,82,0,0,82,82,0,0,0,82,1,1,1,1,0.03817924,-5.905867176,0.057056456,2.247963862,0.026815636,3.936824709,0.03817924,-5.905867176,0.053768644,1.65001163,0.037838502,-18.16245706,0.03817924,-5.905867176,0.532837335,1.621131226,,,0.057655634,,,2.962536206,,,6.699113891,,,0.057655634,,,2.219230553,,,0.000154592,,,0.057655634,,,0.002001116,0.002346725,0.004271352,0.002001116,0.002245654,3.91E-08,0.002001116,423.9867317,423.9867317,77.88933416,5,,155.7786683,656.2221686,574.2221686,,80.82338138,7,,137.3889851,137.3889851,81.79456074,2,366.2546646,284.2546646,77.88933416,4,,414.5023487,332.5023487,80.55544909,4,,0.006942526,0.006942526,78.975831,0,,123.2937407,123.2937407,77.88933416,2,,0.038133028,-6.2852197,0.046486789,3.740984219,0.048000603,6.094337027,0.00202461,0.001161518,383.8057633,383.8057633,77.91542513,5,,233.962986,233.962986,81.85111518,3,,1,,,,,,,,,,2.724942742,0.552709229,0.4843309,2.179954194,0.170158649,0,3.086248959,0.656013887,1.089977097,,,,0.119906187,233.6680025,80.82338138,0,155.7786683,0,0,233.7462754,81.85111518,77.88933416,1
CRL,290.1900024,0,0,1,0,0,0.5784,0.4216,0.573587908,0.972803347,0.519734747,0,0,0,0,0,0,0,0,0,290,0,0,0,1,1,1,1,0.57765497,-9.768567352,0.574734099,-0.126514392,0.673463295,-0.343847787,0.57765497,-9.768567352,0.574884786,-0.089119544,0.577554369,3.042018117,0.57765497,-9.768567352,0.519734747,1.608028638,0,0,0.009656179,0,0,0.941674625,0,0,0.849310201,0,0,0.009656179,0,0,0.958550929,0,0,4.241792434,0,0,0.009656179,0,0,0.000325231,0.000722102,0.000523799,0.000325231,0.000946935,0.001040354,0.000325231,68.90832826,68.90832826,271.5297824,0,0,0,201.9235651,201.9235651,0,263.9417437,1,0,16.84809824,16.84809824,263.9417437,0,59.52543976,59.52543976,271.5297824,0,0,174.7850939,174.7850939,263.9417437,1,0,184.5067673,-105.4932327,313.3928841,0,0,20.03828167,20.03828167,271.5297824,0,0,0.577822136,-10.25252831,0.575897194,0.043927368,0.007673035,1.021085109,0.000313022,0.000190575,59.33964888,59.33964888,271.8598152,0,0,38.38727035,38.38727035,263.9417437,0,0,1,0,0,0,0,0,0,0,0,0,0,0.000250092,0,0,0.000124098,0,0,0,0,0,0,0,0,0,0,0,0,0,0,0,0,0,1
CRM,234.6900024,0,0,1,0,0,0.438,0.562,0.332537788,0.864853556,0.516638177,0,0,0,0,0,0,0,0,0,0,0,235,0,1,1,1,1,0.407042339,-8.546963849,0.34777124,0.272588987,0.472404442,0.049785794,0.407042339,-8.546963849,0.354215073,0.182345689,0.409014927,-1.077285915,0.407042339,-8.546963849,0.516638177,1.604932068,,,0.017537569,,,1.137640963,,,1.023832291,,,0.017537569,,,1.090094467,,,0.600709416,,,0.017537569,,,0.000586486,0.000865672,0.000626462,0.000586486,0.001070756,0.000146218,0.000586486,124.261762,124.261762,222.1586492,1,,0,242.0705876,242.0705876,,223.244304,1,,20.1502834,20.1502834,221.0457463,0,107.3416845,107.3416845,222.1586492,0,,197.639931,197.639931,222.1680833,1,,25.93183957,25.93183957,221.0457463,0,,36.13485119,36.13485119,222.1586492,0,,0.407231653,-8.998500605,0.372791483,4.113254544,0.0141644,6.999959359,0.000573278,0.001299988,108.6763265,108.6763265,222.2373668,0,,261.8547404,26.85474042,235.0724802,0,,1,,,,,,,,,,1,0.001161012,0,0,0.00051953,0,0,0,0,,,,0,222.1586492,0,0,0,0,0,0,0,0,1
CROX,118.0899963,0,0,1,0,0,0.2772,0.7228,0.278440732,0.369874477,0.756929334,0,0,0,0,0,0,0,0,0,0,0,0,0,1,1,1,1,0.277628245,-7.620345996,0.278303059,0.435126625,0.304730776,0.398100503,0.277628245,-7.620345996,0.278150431,0.306163403,0.277551117,-5.867997652,0.277628245,-7.620345996,0.756929334,1.845223225,,,0.009388911,,,1.305464196,,,1.276186675,,,0.009388911,,,1.206297535,,,0.027467909,,,0.009388911,,,0.000526213,0.001735972,0.001383593,0.000526213,0.001790971,1.16E-05,0.000526213,111.4913948,111.4913948,112.5747166,1,,0,485.4353409,485.4353409,,113.6867094,4,,44.50356457,44.50356457,113.5174224,0,96.31019173,96.31019173,112.5747166,1,,330.5769849,330.5769849,113.2122852,3,,2.05314191,2.05314191,112.3555548,0,,32.42127664,32.42127664,112.5747166,0,,0.277676742,-8.046129501,0.277934376,4.883211645,0.007233292,19.91467149,0.000519478,0.00530136,98.47755436,98.47755436,112.5768514,1,,1067.845711,1067.845711,120.5372885,9,,1,0.003426516,0.003803127,0.002158922,0.003286641,0.003426516,0.643255024,0.003499752,0.002608866,0.003426516,0.907338642,0.011833449,0,0.907338642,0.004393876,0,1,3.353309434,0,0.118117656,0.118117656,2.30E-05,0,112.5747166,0,0,112.5747166,0,0,112.5768514,361.6118656,0,1
CRWD,270.0400085,1,1,0,1,1,0.891995614,0.108004386,0.9390642,0.96907818,0.9913863,0,0,0,0,0,0,0,0,0,2430,0,0,0,1,1,1,1,0.903113,-12.09887939,0.930324174,-1.9306553,0.933433822,-2.163792045,0.903113,-12.09887939,0.926691527,-1.303480404,0.902249442,4.57192924,0.903113,-12.09887939,0.9913863,2.079680191,0,0,0.000142101,0,0,0.243253034,0,0,0.205079185,0,0,0.000142101,0,0,0.385032795,0,0,28.43529569,0,0,0.000142101,0,0,1.24E-05,0.00052201,0.000363079,1.24E-05,0.000814598,0.019187951,1.24E-05,2.627166304,2.627166304,254.2722337,0,0,0,145.9712107,145.9712107,0,249.6955038,1,0,11.678512,11.678512,249.6955038,0,2.269438738,2.269438738,254.2722337,0,0,150.3583916,150.3583916,249.6955038,1,0,3402.983859,972.9838585,272.8393982,4,0,0.763970041,0.763970041,254.2722337,0,0,0.903142204,-12.64398866,0.917462578,-14.24112959,9.53E-05,2.96E-05,1.12E-05,1.07E-08,2.122204376,2.122204376,254.4339149,0,0,0.002161556,0.002161556,254.8714343,0,0,1,0,0,0,0,0,0,0,0,0,0,0.058241092,0,0,0.026547831,1.306408561,0,0,0,0,0,0,1.18303956,0,0,0,0,0,272.8393982,0,0,0,1
CSCO,112.1999969,1,1,0,1,1,0.5916,0.4084,0.811058075,0.669456067,0.725208058,112,112,224,0,336,0,0,0,0,0,0,112,448,1,1,1,1,0.633322147,-10.16714991,0.760432737,-0.550269244,0.678869732,-0.356897868,0.633322147,-10.16714991,0.741358168,-0.344878015,0.630047835,3.860910184,0.633322147,-10.16714991,0.725208058,1.813501949,,,0.002352927,,,0.720684997,,,0.808603222,,,0.002352927,,,0.814409472,,,9.956687627,,,0.002352927,,,0.000123675,0.000894112,0.000816494,0.000123675,0.001148626,0.003919617,0.000123675,26.2036639,-85.7963361,111.7595905,-1,,0,250.0235018,-85.97649825,,114.9421744,-1,,26.26270339,26.26270339,108.2408457,0,22.63564734,22.63564734,109.0505286,0,,212.0131463,212.0131463,108.2408457,2,,695.1442925,695.1442925,112.215695,6,,7.619926521,7.619926521,109.0505286,0,,0.633289484,-10.66027432,0.695692357,-3.903506137,0.001754393,0.097920426,0.000117328,2.49E-05,22.24192996,22.24192996,109.0521434,0,,5.020809006,-106.979191,112.7183493,-1,,1,,,,,,,,,,-1,-0.004731191,0,0,0.003716901,1.397496323,0,-0.238083752,0,,,,0.052085245,-111.7595905,0,0,0,0,112.215695,0,0,0,1
CSGP,27.37999916,0,0,1,0,0,0.12,0.88,0.076770088,0.075313808,0.238766648,0,0,246,0,246,0,27,0,0,0,0,438,246,1,1,1,1,0.105471724,-6.387688091,0.0820522,1.691406139,0.086195402,1.755232268,0.105471724,-6.387688091,0.08447609,1.160422297,0.106443013,-14.17429563,0.105471724,-6.387688091,0.238766648,1.327060539,0,0,0.164063629,0,0,1.613831337,0,0,1.643242975,0,0,0.164063629,0,0,1.388689493,0,0,0.018118005,0,0,0.164063629,0,0,0.002714661,0.000573931,0.000461155,0.002714661,0.000776895,2.09E-06,0.002714661,575.1692992,575.1692992,26.10776786,22,0,130.5388393,160.4902688,-85.50973123,0,29.00859925,-3,0,14.8331658,14.8331658,26.92087148,1,496.8514886,496.8514886,26.10776786,19,0,143.3990511,143.3990511,26.82347843,5,0,0.37016098,0.37016098,26.37421376,0,0,167.2570605,140.2570605,26.10776786,5,0,0.105458076,-6.780132862,0.091488909,4.298693296,0.146819752,3.374967387,0.002719969,0.000383739,515.6251078,515.6251078,26.11077892,20,0,77.29593135,-360.7040686,29.00859925,-12,0,1,0,0,0,0,0,0,0,0,0,14.02587971,-0.134102565,0.04813813,12.11325975,0.105201555,0,14.36568801,-3.46476826,3.187699934,0,0,0,0,365.50875,0,0,313.2932143,0,0,365.5509049,-87.02579774,78.32330358,1
CSX,47.43000031,0,0,1,0,0,0.244,0.756,0.374303898,0.324267782,0.744778556,0,0,0,0,0,0,0,0,0,0,0,0,0,1,1,1,1,0.266648357,-7.541728903,0.341625565,0.285404677,0.305050715,0.397271613,0.266648357,-7.541728903,0.32969825,0.218613644,0.264818339,-6.405437402,0.266648357,-7.541728903,0.744778556,1.833072447,0,0,0.010355488,0,0,1.188810678,0,0,1.272195327,0,0,0.010355488,0,0,1.141654408,0,0,0.02061671,0,0,0.010355488,0,0,0.000566366,0.001539609,0.001342406,0.000566366,0.001662161,8.47E-06,0.000566366,119.9988795,119.9988795,46.0635986,3,0,46.0635986,430.525741,430.525741,0,46.17552978,9,0,43.1787762,43.1787762,46.37071341,1,103.6592565,103.6592565,46.0635986,2,0,306.801284,306.801284,46.11418695,7,0,1.501489769,1.501489769,46.03107774,0,0,34.89522107,34.89522107,46.0635986,1,0,0.266650396,-7.965073724,0.302194164,4.754801366,0.008012257,17.83885036,0.000560005,0.004668488,106.1602463,106.1602463,46.06547167,2,0,940.3671854,940.3671854,47.60726914,20,0,1,0,0,0,0,0,0,0,0,0,2.666141008,0.011454726,0.002466011,1.777427339,0.005227242,0,1.982574982,7.065042511,0.888713669,0,0,0,0.126717816,138.1907958,0,0,92.1271972,0,0,92.13094335,333.250884,46.0635986,1
CTAS,193.0200043,0,0,1,0,0,0.1164,0.8836,0.108591885,0.290376569,0.897659397,0,0,0,0,0,0,0,0,0,0,0,0,0,1,1,1,1,0.11452786,-6.452530931,0.109995972,1.309361559,0.143598023,1.094153093,0.11452786,-6.452530931,0.110493981,0.916608959,0.114616899,-13.72422913,0.11452786,-6.452530931,0.897659397,1.985953288,,,0.011949387,,,2.455552324,,,2.118476911,,,0.011949387,,,1.875517331,,,8.14E-05,,,0.011949387,,,0.000879086,0.004381667,0.00310449,0.000879086,0.003461525,4.58E-08,0.000879086,186.2564322,186.2564322,187.1910606,1,,0,1225.259296,1225.259296,,190.215698,6,,99.85660731,99.85660731,189.9889489,1,160.894863,160.894863,187.1910606,1,,638.9274247,638.9274247,189.9312268,3,,0.008124574,0.008124574,188.4914605,0,,54.1626672,54.1626672,187.1910606,0,,0.114579346,-6.847184234,0.111997514,4.499114185,0.009114884,21.907695,0.000885503,0.007049968,167.8649626,167.8649626,187.3048828,1,,1420.065226,1420.065226,193.7797301,7,,1,,,,,,,,,,0.650549303,0.160727596,0.018705797,0.650549303,0.039383062,0,0.732561436,2.213971861,0,,,,0,187.1910606,0,0,187.1910606,0,0,187.3048828,387.5594602,0,1
CTSH,58.50999832,0,0,1,0,0,0.3824,0.6176,0.221957041,0.942677824,0.246162098,0,0,0,0,0,0,0,117,59,59,0,0,0,1,1,1,1,0.325633379,-7.964067558,0.240199626,0.548185272,0.374065092,0.238121674,0.325633379,-7.964067558,0.248420696,0.366789374,0.329066017,-3.825985747,0.325633379,-7.964067558,0.246162098,1.334455989,,,0.100477414,,,1.171358807,,,1.071118842,,,0.100477414,,,1.111630027,,,0.331579526,,,0.100477414,,,0.001697088,0.00042594,0.000307524,0.001697088,0.000632213,3.90E-05,0.001697088,359.5708765,359.5708765,55.73651143,6,,111.4730229,119.1069214,119.1069214,,56.53785649,2,,9.891568354,9.891568354,55.85384365,0,310.6099813,193.6099813,55.73651143,3,,116.6937477,57.69374768,56.16255547,1,,6.924125248,-52.07587475,58.75792861,-1,,104.5618532,104.5618532,55.73651143,2,,0.325846021,-8.400226686,0.27332456,4.902288679,0.088596355,4.114126404,0.001679253,0.000474539,318.336323,318.336323,55.741789,6,,95.58577266,95.58577266,59.15342397,2,,1,,,,,,,,,,5.946222382,0.009390847,0,2.973111191,0.002102101,-0.228721358,6,0.751013572,1.982074127,,,,0,334.4190686,0,0,167.2095343,0,0,334.450734,59.15342397,111.4730229,1
CTVA,11.92000008,0,0,1,0,0,0.000544662,0.999455338,0.001081081,0.000579374,0.174490159,48,12,381,0,393,0,12,131,226,0,72,0,441,1,1,1,1,0.000619303,-5.636934271,0.000918407,7.529402166,0.000665293,8.228077085,0.000619303,-5.636934271,0.00086506,5.304422041,0.000613181,-20.48404503,0.000619303,-5.636934271,0.174490159,1.26278405,0,0,0.268419827,0,0,5.793585943,0,0,6.819358872,0,0,0.268419827,0,0,3.447404523,0,0,0.008401762,0,0,0.268419827,0,0,0.003695865,0.0016892,0.0015613,0.003695865,0.001664974,7.96E-07,0.003695865,783.062023,735.062023,11.43998625,64,0,217.3597387,472.356463,79.35646298,0,11.97365993,7,0,50.21955476,50.21955476,11.97365993,4,676.4365419,545.4365419,11.43998625,48,0,307.320473,81.32047299,11.97365993,7,0,0.141191231,0.141191231,11.63836089,0,0,227.7114795,215.7114795,11.43998625,19,0,0.000619165,-6.009451542,0.0007505,3.008175371,0.246075149,2.017509863,0.003717219,0.000201808,704.6738815,632.6738815,11.44814651,55,0,40.6498153,40.6498153,11.85535506,3,0,1,0,0,0,0,0,0,0,0,0,31.77502798,6.200676232,4,23.83127098,3.077472693,0,31.03504579,0.424177456,9.433211431,0,0,0,0.18647928,366.0795599,71.84195956,47.89463971,274.55967,35.92097978,0,354.8925417,0,102.9598762,1
CVCO,585.1300049,1,1,0,1,1,0.8164,0.1836,0.8424821,0.553138075,0.630950708,0,0,0,0,0,0,0,0,585,1170,0,0,0,1,1,1,1,0.821854648,-11.51706146,0.837159963,-0.886265245,0.704463456,-0.422386433,0.821854648,-11.51706146,0.835563379,-0.616420957,0.82171668,4.978993067,0.821854648,-11.51706146,0.630950708,1.719244599,,,0.001948057,,,0.618626334,,,0.7954201,,,0.001948057,,,0.71603282,,,14.85062122,,,0.001948057,,,8.40E-05,0.000619913,0.000645319,8.40E-05,0.000862252,0.00473872,8.40E-05,17.80583452,17.80583452,562.1030286,0,,0,173.3481231,173.3481231,,559.053615,0,,20.75683128,20.75683128,559.053615,0,15.38130668,15.38130668,562.1030286,0,,159.1542286,-425.8457714,605.9485392,-1,,840.4121254,-329.5878746,618.8713339,-1,,5.177869446,5.177869446,562.1030286,0,,0.821565006,-12.04430651,0.830323294,-9.709943695,0.001463932,0.005186621,7.86E-05,1.15E-06,14.90334219,14.90334219,562.1361924,0,,0.231719905,0.231719905,561.6308857,0,,1,,,,,,,,,,0,0,0,0,-0.005937106,-0.387349562,0,0,0,,,,0,0,0,0,0,0,0,0,0,0,1
CVNA,63.77000046,0,0,1,0,0,0.268137463,0.731862537,0.357233235,0.212728082,0.839887783,0,255,0,0,255,0,0,0,0,701,0,510,255,1,1,1,1,0.285266439,-7.675036231,0.336936905,0.295346244,0.264965361,0.510630609,0.285266439,-7.675036231,0.329432085,0.219023091,0.284002701,-5.600632513,0.285266439,-7.675036231,0.839887783,1.928181674,0,0,0.00647857,0,0,1.213996337,0,0,1.398315822,0,0,0.00647857,0,0,1.154659639,0,0,0.025292463,0,0,0.00647857,0,0,0.00042728,0.00192491,0.001815538,0.00042728,0.001952713,1.27E-05,0.00042728,90.53003957,90.53003957,57.34347664,2,0,0,538.2686112,283.2686112,0,58.30126837,5,0,58.39718622,58.39718622,59.16071089,1,78.20303515,78.20303515,57.34347664,1,0,360.4313035,360.4313035,57.94654479,6,0,2.247694501,-698.7523055,62.57771714,-11,0,26.32579368,26.32579368,57.34347664,0,0,0.285174376,-8.101245357,0.310938127,4.696975085,0.004897185,21.84403281,0.00042139,0.006513822,79.88299545,79.88299545,57.4389548,1,0,1312.070194,802.0701942,65.44270773,12,0,1,0,0,0,0,0,0,0,0,0,1.840818161,0.006814797,0.004074119,0.92040908,0.004497292,-5.391217657,1,4.136545302,0,0,0,0,0.083233576,114.6869533,0,0,57.34347664,0,-312.8885857,57.4389548,261.7708309,0,1
CVS,86.45999908,0,0,1,0,0,0.1468,0.8532,0.195704057,0.30041841,0.251213049,0,0,0,0,0,0,0,0,0,0,0,259,0,1,1,1,1,0.156433687,-6.752580843,0.18477969,0.768750766,0.198930842,0.761095724,0.156433687,-6.752580843,0.180499677,0.555285845,0.155636915,-11.54632234,0.156433687,-6.752580843,0.251213049,1.33950694,0,0,0.138929298,0,0,1.251955929,0,0,1.249157708,0,0,0.138929298,0,0,1.176225915,0,0,0.034217831,0,0,0.138929298,0,0,0.002379591,0.000462181,0.000364238,0.002379591,0.000676475,4.09E-06,0.002379591,504.1762053,504.1762053,81.93249636,6,0,163.8649927,129.2410821,129.2410821,0,84.47039182,2,0,11.71579307,11.71579307,84.46686392,0,435.5251549,435.5251549,81.93249636,5,0,124.8636566,124.8636566,84.06538401,1,0,0.72524665,0.72524665,83.30004887,0,0,146.6125368,146.6125368,81.93249636,2,0,0.156473722,-7.15515398,0.170394559,4.885486905,0.123506327,4.170498588,0.002377572,0.000485754,450.7167526,450.7167526,82.10524216,5,0,97.84480911,-161.1551909,90.7892018,-2,0,1,0,0,0,0,0,0,0,0,0,4.274751379,0.018468054,0,3.562292816,0.00481785,0,3.99970535,-0.745874447,1.424917126,0,0,0,0,327.7299855,0,0,327.7299855,0,0,328.4209687,-90.7892018,81.93249636,1
CVX,206.6900024,0,0,1,0,0,0.4804,0.5196,0.389419252,0.758158996,0.532267364,0,207,207,0,414,0,0,0,0,413,0,0,414,1,1,1,1,0.454914395,-8.889732561,0.403315855,0.165591096,0.508162722,-0.014695838,0.454914395,-8.889732561,0.40911223,0.10905475,0.456566313,0.315052031,0.454914395,-8.889732561,0.532267364,1.620561255,0,0,0.01368139,0,0,1.083225143,0,0,0.992930361,0,0,0.01368139,0,0,1.054059225,0,0,1.164274877,0,0,0.01368139,0,0,0.000474237,0.000856853,0.00063218,0.000474237,0.0010655,0.000294411,0.000474237,100.4790441,100.4790441,199.0180699,1,0,0,239.6044782,-174.3955218,0,213.4036928,-1,0,20.33420479,20.33420479,198.2604483,0,86.79733551,86.79733551,199.0180699,0,0,196.669674,196.669674,198.415078,1,0,52.21383672,-360.7861633,213.4036928,-2,0,29.21892663,29.21892663,199.0180699,0,0,0.45507404,-9.350194776,0.425563219,3.373280576,0.010954365,5.096363478,0.000461375,0.000970434,87.46297225,87.46297225,199.1489081,0,0,195.473081,195.473081,206.5860874,1,0,1,0,0,0,0,0,0,0,0,0,1,-0.000428444,0,0,0.000185827,-0.003101806,0,0.177797216,0,0,0,0,0,199.0180699,0,0,0,0,0,0,0,0,1
D,61.31000137,0,0,1,0,0,0.0872,0.9128,0.179395386,0.151882845,0.226538723,0,0,0,0,0,0,0,0,0,0,0,490,0,1,1,1,1,0.099714256,-6.346464047,0.150850467,0.961499158,0.12765295,1.230277318,0.099714256,-6.346464047,0.14150033,0.721938914,0.098655699,-14.60804868,0.099714256,-6.346464047,0.226538723,1.314832614,0,0,0.176032496,0,0,1.301049604,0,0,1.400372716,0,0,0.176032496,0,0,1.218476666,0,0,0.018345705,0,0,0.176032496,0,0,0.002814601,0.000445872,0.000378361,0.002814601,0.00066324,2.04E-06,0.002814601,596.343954,596.343954,59.59790875,10,0,178.7937262,124.6807268,124.6807268,0,60.45893702,2,0,12.17005698,12.17005698,60.5261514,0,515.1429008,515.1429008,59.59790875,9,0,122.4206652,122.4206652,60.37548755,2,0,0.361405965,0.361405965,60.0083458,0,0,173.4145701,173.4145701,59.59790875,3,0,0.09972029,-6.737953825,0.121844058,4.583384092,0.158145295,3.506138053,0.002820399,0.000389242,534.6634993,534.6634993,59.60675781,9,0,78.40449508,-411.5955049,63.0887109,-7,0,1,0,0,0,0,0,0,0,0,0,6.293375922,0.02889002,0,5.66403833,0.016287369,0,6.384378058,-2.29768544,1.888012777,0,0,0,0,357.5874525,0,0,357.5874525,0,0,357.6405469,-126.1774218,119.1958175,1
DAL,84.08999634,1,1,0,1,1,0.58,0.42,0.62052506,0.614644351,0.416235592,0,0,0,0,0,0,0,0,0,0,0,0,0,1,1,1,1,0.589402399,-9.852680117,0.612863002,-0.195372886,0.604839195,-0.195189535,0.589402399,-9.852680117,0.609734416,-0.133237603,0.588688008,3.234120996,0.589402399,-9.852680117,0.416235592,1.504529483,,,0.017870126,,,0.923295487,,,0.92336464,,,0.017870126,,,0.947029605,,,3.747445604,,,0.017870126,,,0.00047052,0.000542547,0.000433521,0.00047052,0.000768279,0.000707417,0.00047052,99.69143489,99.69143489,80.8605223,1,,0,151.7139977,151.7139977,,80.00208641,2,,13.94428249,13.94428249,80.00208641,0,86.11697094,86.11697094,80.8605223,1,,141.8088209,141.8088209,80.00208641,2,,125.4604551,125.4604551,83.70386817,1,,28.98989284,28.98989284,80.8605223,0,,0.589407374,-10.33769255,0.601743091,-0.710606461,0.014658383,0.748062552,0.000454914,0.000117592,86.23803809,86.23803809,80.86840979,1,,23.68638812,23.68638812,80.00208641,0,,1,,,,,,,,,,1,0.00119283,0,1,0.000554758,0.163430291,1,0,0,,,,0,80.8605223,0,0,80.8605223,0,0,80.86840979,0,0,1
DASH,189.1499939,0,0,1,0,0,0.291147994,0.708852006,0.356164384,0.399700599,0.281391718,378,189,378,0,567,0,189,0,0,0,0,189,945,1,1,1,1,0.304803051,-7.814920322,0.342536611,0.283489738,0.344657689,0.301786621,0.304803051,-7.814920322,0.33711384,0.207349815,0.303712934,-4.804431636,0.304803051,-7.814920322,0.281391718,1.369685609,,,0.085569424,,,1.093278031,,,1.099588926,,,0.085569424,,,1.067402749,,,0.220604446,,,0.085569424,,,0.001591617,0.000441232,0.000351293,0.001591617,0.000655751,2.88E-05,0.001591617,337.2241576,-40.7758424,187.1022815,0,,0,123.3830609,-443.6169391,,201.8404652,-2,,11.29941785,11.29941785,178.0593356,0,291.3060988,291.3060988,176.7154642,2,,121.0383702,121.0383702,177.4694382,1,,5.104125068,5.104125068,175.5628133,0,,98.06351172,-90.93648828,187.1022815,0,,0.3048361,-8.245780657,0.323886797,4.600106293,0.074722963,4.25079957,0.001576418,0.000524409,298.8418854,298.8418854,176.8457345,2,,105.6309288,-83.36907116,201.8404652,0,,0,,,,,,,,,,0,-0.002511451,0,1.908530614,0.00067178,0,2,0,0,,,,-0.01228391,0,0,0,353.4309284,0,0,353.691469,0,0,1
DASTY,23.20999908,0,0,1,0,0,0.2136,0.7864,0.253381066,0.438493724,0.27005457,0,139,0,0,139,0,0,0,0,0,0,0,139,1,1,1,1,0.222278761,-7.224038155,0.245340946,0.531526243,0.278354927,0.470425966,0.222278761,-7.224038155,0.242004529,0.38119889,0.221547783,-8.32878247,0.222278761,-7.224038155,0.27005457,1.358348461,,,0.109426385,,,1.176789923,,,1.154973234,,,0.109426385,,,1.123838019,,,0.078015104,,,0.109426385,,,0.001973705,0.000459402,0.000356625,0.001973705,0.000673638,9.85E-06,0.001973705,418.1790473,418.1790473,22.31762302,19,,111.5881151,128.4640057,-10.53599432,,24.35467984,0,,11.47090997,11.47090997,22.52198915,1,361.2377824,361.2377824,22.31762302,16,,124.3399009,124.3399009,22.47869189,6,,1.746955883,1.746955883,22.34082833,0,,121.604888,121.604888,22.31762302,5,,0.2223449,-7.639379593,0.233988893,4.995928576,0.096355607,4.618643379,0.001964521,0.000557697,372.4146104,372.4146104,22.31848656,17,,112.3361031,112.3361031,23.86869905,5,,1,,,,,,,,,,15.49293466,0,0.003457822,13.04668182,0.013623056,0,15.50190702,1.949945495,4.077088068,,,,-49.45125604,334.7643453,0,0,290.1290992,0,0,357.0957849,47.73739809,89.27049207,1
DD,129.9799957,1,1,0,1,1,0.286,0.714,0.366746221,0.208368201,0.327826243,0,0,0,0,0,0,0,0,0,0,0,520,0,1,1,1,1,0.301924827,-7.794311955,0.348814051,0.270437637,0.26951129,0.496682354,0.301924827,-7.794311955,0.342186761,0.199797294,0.300788376,-4.920606401,0.301924827,-7.794311955,0.327826243,1.416120134,0,0,0.066416916,0,0,1.098659596,0,0,1.188635651,0,0,0.066416916,0,0,1.071986684,0,0,0.180507766,0,0,0.066416916,0,0,0.001397616,0.000506676,0.000435364,0.001397616,0.000726895,2.69E-05,0.001397616,296.1200111,296.1200111,125.708291,2,0,125.708291,141.683531,141.683531,0,125.8803924,1,0,14.00358411,14.00358411,126.3403957,0,255.79889,255.79889,125.708291,2,0,134.1700616,134.1700616,125.8310182,1,0,4.761865915,4.761865915,125.4273706,0,0,86.11058112,86.11058112,125.708291,1,0,0.301807461,-8.223516827,0.325522386,4.586916323,0.057203922,4.932686384,0.001384076,0.000663207,262.3795351,262.3795351,125.7283971,2,0,133.5889263,-386.4110737,135.357282,-3,0,1,0,0,0,0,0,0,0,0,0,1.898478089,0.001142758,0,1.898478089,0.000623734,0,2,-0.986240688,0.949239044,0,0,0,0,251.416582,0,0,251.416582,0,0,251.4567941,-135.357282,125.708291,1
DDOG,277.2200012,1,1,0,1,1,0.903703704,0.096296296,0.921424534,0.956231003,0.769527234,0,0,0,0,0,0,0,0,277,832,0,0,0,1,1,1,1,0.908033449,-12.1341103,0.918247039,-1.696547397,0.927537453,-2.024044936,0.908033449,-12.1341103,0.916883653,-1.176290524,0.907684948,4.525763519,0.908033449,-12.1341103,0.769527234,1.857821125,,,0.000544349,,,0.349640827,,,0.285446042,,,0.000544349,,,0.482584385,,,16.4986353,,,0.000544349,,,3.13E-05,0.000477774,0.000318224,3.13E-05,0.000731066,0.007142293,3.13E-05,6.628875316,6.628875316,261.5312983,0,,0,133.601538,133.601538,,258.7851975,1,,10.23575904,10.23575904,258.7851975,0,5.726255858,5.726255858,261.5312983,0,,134.9400457,-142.0599543,286.4433937,0,,1266.685946,434.6859455,281.5151515,2,,1.927651912,1.927651912,261.5312983,0,,0.908060323,-12.68014224,0.913448533,-14.01905518,0.000388144,0.000169363,2.87E-05,4.59E-08,5.434255399,5.434255399,261.7018094,0,,0.009242316,0.009242316,262.1687206,0,,1,,,,,,,,,,0,0.044973017,0,0,0,0.640079232,0,0,0,,,,0,0,0,0,0,0,281.5151515,0,0,0,1
DE,687,0,0,1,0,0,0.5708,0.4292,0.542959427,0.777405858,0.888884138,0,0,687,0,687,0,0,0,0,0,0,0,687,1,1,1,1,0.564057097,-9.67120522,0.547941135,-0.080347995,0.618929538,-0.223644536,0.564057097,-9.67120522,0.54981064,-0.058716143,0.564442699,2.803069913,0.564057097,-9.67120522,0.888884138,1.977178029,,,0.001370505,,,0.946702045,,,0.858600189,,,0.001370505,,,0.960765354,,,6.758292857,,,0.001370505,,,9.92E-05,0.001659619,0.001235584,9.92E-05,0.001750125,0.003737952,9.92E-05,21.01493501,21.01493501,662.5176955,0,,0,464.0846375,-222.9153625,,714.2534065,0,,39.74282299,39.74282299,658.8816283,0,18.15344066,18.15344066,662.5176955,0,,323.0377087,323.0377087,658.8816283,0,,662.9259601,662.9259601,682.0978413,1,,6.111063751,6.111063751,662.5176955,0,,0.564175233,-10.15220855,0.555173206,0.610329911,0.000987374,1.515952495,9.42E-05,0.000482295,17.85602997,17.85602997,662.5841665,0,,97.14799884,97.14799884,671.2630638,0,,1,,,,,,,,,,0,0,0,0,0,0.122768765,0,0,0,,,,0,0,0,0,0,0,0,0,0,0,1
DECK,79.12000275,1,1,0,1,1,0.1516,0.8484,0.285998409,0.084518828,0.704648537,0,0,0,0,0,0,0,0,79,0,0,0,0,1,1,1,1,0.170832273,-6.855676158,0.246248067,0.528638159,0.134154529,1.17170615,0.170832273,-6.855676158,0.233397965,0.401403282,0.169374072,-10.84705329,0.170832273,-6.855676158,0.704648537,1.792942428,,,0.018265487,,,1.361585273,,,1.982007279,,,0.018265487,,,1.264102712,,,0.001776447,,,0.018265487,,,0.000920403,0.001613912,0.001909945,0.000920403,0.001723681,6.69E-07,0.000920403,195.0105642,195.0105642,75.20420243,3,,75.20420243,451.303308,451.303308,,76.22616475,6,,61.43378997,61.43378997,77.22681611,1,168.4569904,168.4569904,75.20420243,2,,318.156574,239.156574,76.03066456,3,,0.118584535,0.118584535,75.53053802,0,,56.70833573,56.70833573,75.20420243,1,,0.17068126,-7.259595008,0.204627653,4.98514309,0.014428163,18.3681116,0.000920731,0.004540095,174.5431033,174.5431033,75.24736524,2,,914.5050483,914.5050483,80.14844566,11,,1,,,,,,,,,,2.203138855,0.026199216,0.021451489,1.468759237,0.007552715,0,1.64692874,4.271377623,0.734379618,,,,1.104737014,150.4084049,0,0,75.20420243,0,0,150.4947305,320.5937826,75.20420243,1
DELL,562.5200195,0,0,1,0,0,0.5592,0.4408,0.766507558,0.971548117,1.068180684,0,0,0,0,0,0,0,0,0,0,0,0,0,1,1,1,1,0.598981323,-9.921266173,0.719043348,-0.428037341,0.733710246,-0.506533899,0.598981323,-9.921266173,0.700772651,-0.268142578,0.595728802,3.350486312,0.598981323,-9.921266173,1.036381153,2.124675044,0,0,0.000566036,0,0,0.724280147,0,0,0.682676959,0,0,0.000566036,0,0,0.817031763,0,0,12.49076671,0,0,0.000566036,0,0,5.35E-05,0.001693246,0.001319496,5.35E-05,0.001841659,0.009169352,5.35E-05,11.32761923,11.32761923,519.9915716,0,0,0,473.4876636,473.4876636,0,510.8184096,1,0,42.44188024,42.44188024,510.8184096,0,9.785196261,9.785196261,519.9915716,0,0,339.9329811,339.9329811,510.8184096,1,0,1626.184873,1626.184873,561.9360564,3,0,3.2940289,3.2940289,519.9915716,0,0,0.599089752,-10.40886868,0.657708888,-2.527593379,0.000391972,0.148846149,5.03E-05,5.70E-05,9.527923634,9.527923634,520.205677,0,0,11.4848237,11.4848237,510.8184096,0,0,1,0,0,0,0,0,0,0,0,0,0,0.002862749,0,0,0.001123444,0.526207431,0,0,0,0,0,0,0,0,0,0,0,0,561.9360564,0,0,0,1
DEO,84.75,0,0,1,0,0,0.174,0.826,0.131662689,0.485355649,0.088318991,85,0,0,0,0,0,0,339,339,339,0,678,85,1,1,1,1,0.161581739,-6.789441407,0.137779612,1.05499724,0.198607544,0.762615908,0.161581739,-6.789441407,0.140347619,0.727947519,0.162358172,-11.20230075,0.161581739,-6.789441407,0.088318991,1.176612882,,,0.331464727,,,1.187184593,,,1.132051817,,,0.331464727,,,1.125686747,,,0.161711603,,,0.331464727,,,0.003513434,0.000260879,0.00019398,0.003513434,0.000441008,1.16E-05,0.003513434,744.4093421,659.4093421,82.13168101,8,0,246.395043,72.95045563,72.95045563,0.004447608,83.25538129,1,0,6.239418458,6.239418458,83.07420584,0,643.0469955,304.0469955,82.13168101,4,-3,81.40114722,-257.5988528,88.90688892,-3,-3,2.057760498,-336.9422395,83.5153308,-4,-3,216.4714259,216.4714259,82.13168101,3,0,0.161672809,-7.193372988,0.147801615,4.768361824,0.310388897,2.17173363,0.003506572,0.000181014,664.7414932,664.7414932,82.16498189,8,0,36.46142335,-641.5385767,88.90688892,-7,0,1,0.017197609,0.019318012,0.000374174,0.016866028,0.017197609,0.348251753,0.017425227,0.012339124,0.017197609,5.762064327,0.017390925,0,2.881032164,-0.024839418,-4,6.468076869,-2.486889397,2.160774123,-0.085550379,0.085550379,4.58E-06,0,492.7900861,0,0,246.395043,0,-334.0613232,492.9898914,-177.8137778,164.263362,1
DG,118.9400024,0,0,1,0,0,0.2004,0.7996,0.099840891,0.40292887,0.374777906,0,0,0,0,0,0,0,0,0,0,0,238,0,1,1,1,1,0.1611583,-6.786409542,0.109791373,1.311602074,0.174786076,0.886201491,0.1611583,-6.786409542,0.114410505,0.887516706,0.163435632,-11.14748802,0.1611583,-6.786409542,0.374777906,1.463071797,0,0,0.075585709,0,0,1.647262283,0,0,1.401066198,0,0,0.075585709,0,0,1.401767593,0,0,0.014378159,0,0,0.075585709,0,0,0.001794638,0.000865579,0.000586599,0.001794638,0.00104689,2.43E-06,0.001794638,380.2391502,380.2391502,113.4751101,3,0,113.4751101,242.0445471,242.0445471,0,116.4491038,2,0,18.8680851,18.8680851,115.8504062,0,328.4639637,328.4639637,113.4751101,3,0,193.2346455,193.2346455,115.9472507,2,0,0.431245453,0.431245453,114.1589032,0,0,110.5721091,110.5721091,113.4751101,1,0,0.161267039,-7.190390131,0.128768783,4.638002673,0.064815008,5.841205353,0.001793235,0.000854329,339.943853,339.943853,113.5379576,3,0,172.0863573,-65.9136427,123.8494056,-1,0,1,0,0,0,0,0,0,0,0,0,2.158844741,0.053759375,0,2.158844741,0.024615185,0,2.423517668,-0.33611045,0.719614914,0,0,0,0,226.9502203,0,0,226.9502203,0,0,227.0759152,0,113.4751101,1
DGX,233.3300018,0,0,1,0,0,0.2724,0.7276,0.250994431,0.759832636,0.626405873,0,0,0,0,0,0,0,0,0,467,0,0,0,1,1,1,1,0.267185713,-7.545576426,0.254784301,0.502171131,0.34055039,0.311108369,0.267185713,-7.545576426,0.256154113,0.35009929,0.267445775,-6.293473482,0.267185713,-7.545576426,0.626405873,1.714699764,,,0.017096841,,,1.310999412,,,1.182654461,,,0.017096841,,,1.207783475,,,0.033584855,,,0.017096841,,,0.000730368,0.001299885,0.000949123,0.000730368,0.001443067,1.06E-05,0.000730368,154.7468792,154.7468792,226.7614446,1,,0,363.4910859,363.4910859,,228.4483594,2,,30.52875452,30.52875452,227.5677897,0,133.6758019,133.6758019,226.7614446,1,,266.3609424,266.3609424,227.8018671,1,,1.880908554,-465.1190914,232.8191444,-2,,44.99980817,44.99980817,226.7614446,0,,0.26731497,-7.969959079,0.260253225,4.947137809,0.013599737,14.40657501,0.000722433,0.003173596,136.9518363,136.9518363,226.8223933,1,,639.2531498,639.2531498,234.0466609,3,,1,,,,,,,,,,0.889620681,0.007880495,0,0.889620681,0.001915149,-1.237744015,0.992503871,1.147226836,0,,,,0,226.7614446,0,0,226.7614446,0,-232.8191444,226.8223933,234.0466609,0,1
DHI,135,0,0,1,0,0,0.1312,0.8688,0.157915672,0.128451883,0.628987968,0,0,0,0,0,0,0,0,0,0,0,405,0,1,1,1,1,0.136811457,-6.612083713,0.152327691,0.95173079,0.137667871,1.141877739,0.136811457,-6.612083713,0.150160104,0.679136984,0.136390407,-12.55142922,0.136811457,-6.612083713,0.628987968,1.717281859,0,0,0.028003209,0,0,1.673038614,0,0,1.854216216,0,0,0.028003209,0,0,1.443742044,0,0,0.001128243,0,0,0.028003209,0,0,0.001202963,0.001668873,0.001497285,0.001202963,0.001732694,3.58E-07,0.001202963,254.8780653,254.8780653,129.1329991,2,0,129.1329991,466.6721273,466.6721273,0,131.5758746,4,0,48.16049187,48.16049187,131.9139856,0,220.1726454,220.1726454,129.1329991,2,0,319.8202765,319.8202765,130.9833346,2,0,0.063562086,0.063562086,129.9902645,0,0,74.11757901,74.11757901,129.1329991,1,0,0.136797702,-7.010513587,0.144729669,4.749282769,0.022575631,13.04154607,0.001206684,0.002884075,228.7512222,228.7512222,129.1547089,2,0,580.9351896,175.9351896,136.5476238,1,0,1,0,0,0,0,0,0,0,0,0,1.366239095,0.056611969,0,1.366239095,0.014413345,0,1.535853148,0.352432606,0.683119547,0,0,0,0,129.1329991,0,0,129.1329991,0,0,258.3094179,0,129.1329991,1
DHR,214.0599976,0,0,1,0,0,0.4084,0.5916,0.279236277,0.806276151,0.582862433,0,0,0,0,0,0,0,0,0,0,0,0,0,1,1,1,1,0.367482738,-8.263713153,0.296222992,0.388860385,0.419254706,0.148252671,0.367482738,-8.263713153,0.303625886,0.260631258,0.370063033,-2.3526031,0.367482738,-8.263713153,0.582862433,1.671156324,0,0,0.014356575,0,0,1.221019237,0,0,1.079102944,0,0,0.014356575,0,0,1.143207911,0,0,0.298764735,0,0,0.014356575,0,0,0.000557612,0.00109227,0.000779339,0.000557612,0.001265745,8.53E-05,0.000557612,118.1440447,118.1440447,205.520329,1,0,0,305.4348287,305.4348287,0,207.2352936,1,0,25.06761083,25.06761083,204.6536178,0,102.0569849,102.0569849,205.520329,0,0,233.6309814,233.6309814,206.709672,1,0,15.12156445,15.12156445,203.6625473,0,0,34.35584211,34.35584211,205.520329,0,0,0.36767135,-8.707688858,0.325344132,4.588364212,0.011429749,10.55075586,0.000546243,0.002174931,103.5513063,103.5513063,205.6108501,1,0,438.093366,438.093366,216.1295923,2,0,1,0,0,0,0,0,0,0,0,0,1,0.002362694,0,0,0.001061385,0,1,0.657908942,0,0,0,0,0,205.520329,0,0,0,0,0,205.6108501,216.1295923,0,1
DIS,102.1900024,0,0,1,0,0,0.2512,0.7488,0.175019889,0.489121339,0.207499811,102,0,102,0,102,0,0,0,0,0,0,0,204,1,1,1,1,0.227385103,-7.260600079,0.185207352,0.766676005,0.259556302,0.527655413,0.227385103,-7.260600079,0.189627019,0.524163617,0.228892251,-7.991771824,0.227385103,-7.260600079,0.207499811,1.295793702,,,0.152377938,,,1.219771684,,,1.146516101,,,0.152377938,,,1.145479196,,,0.126077923,,,0.152377938,,,0.002308347,0.000394322,0.00029179,0.002308347,0.000597151,1.32E-05,0.002308347,489.0813064,387.0813064,98.90117552,4,,98.90117552,110.2654031,8.26540314,,100.1652619,0,,9.385496569,9.385496569,99.85294089,0,422.4856498,422.4856498,98.90117552,4,,110.2220787,110.2220787,99.98312364,1,,2.34516777,2.34516777,99.03872362,0,,142.2229972,142.2229972,98.90117552,1,,0.227498781,-7.677266287,0.202546963,4.981761943,0.136783024,3.63602523,0.00229746,0.00038875,435.5299988,435.5299988,98.94572498,4,,78.30529451,78.30529451,102.7604723,1,,1,,,,,,,,,,3.294769594,0,0,3.294769594,0.00429293,0,3.683776103,0.387780501,0.823692399,,,,0,296.7035265,0,0,296.7035265,0,0,395.7828999,0,98.90117552,1
DKNG,18.59000015,0,0,1,0,0,0.023411371,0.976588629,0.049778761,0.130047506,0.456775871,74,167,0,0,167,0,613,0,0,0,0,260,241,1,1,1,1,0.026911268,-5.825187374,0.041462581,2.806257029,0.043501676,2.940236414,0.026911268,-5.825187374,0.038738739,2.061053112,0.026606232,-18.85128846,0.026911268,-5.825187374,0.456775871,1.545069762,,,0.079312557,,,3.390290514,,,3.593784769,,,0.079312557,,,2.451500891,,,0.000274211,,,0.079312557,,,0.002304253,0.002215819,0.001881624,0.002304253,0.002151683,5.75E-08,0.002304253,488.2139943,414.2139943,17.05363223,24,,-476.3223355,619.6164838,452.6164838,,18.2826979,25,,60.52283981,60.52283981,18.31553585,3,421.7364351,421.7364351,17.05363223,25,,397.1571761,397.1571761,18.192316,22,,0.01019282,0.01019282,17.44724471,0,,141.9707861,-471.0292139,18.32008983,-26,,0.026921264,-6.202800903,0.033129068,3.544260508,0.067296519,4.673919892,0.002329705,0.000786903,441.6425782,441.6425782,17.06192617,26,,158.504845,-101.495155,19.93252996,-5,,0,,,,,,,,,,12.72480298,3.076202544,0.405233914,13.2550031,1.460229352,0,15.63036273,-0.981389261,-13.78520322,,,,-0.891415835,221.697219,54.84809371,0,221.697219,18.192316,0,272.9908187,-19.93252996,-256.4812576,1
DKS,136.0800018,1,1,0,1,1,0.3044,0.6956,0.598249801,0.048953975,0.489338369,272,0,953,0,953,0,0,953,408,0,544,0,1225,1,1,1,1,0.341866924,-8.080301363,0.504243412,-0.007063116,0.113028219,1.380930277,0.341866924,-8.080301363,0.479161523,0.02441283,0.34014802,-3.4144514,0.341866924,-8.080301363,0.489338369,1.57763226,,,0.025121967,,,0.996784927,,,1.876861278,,,0.025121967,,,1.011192597,,,0.210823439,,,0.025121967,,,0.000788434,0.000708172,0.001070408,0.000788434,0.000944059,4.80E-05,0.000788434,167.0495494,-104.9504506,134.4064138,-1,0,0,198.0283227,-754.9716773,,143.7507151,-5,0,34.42991236,34.42991236,132.9134585,0,144.3032815,-808.6967185,134.4064138,-6,,174.254154,-233.745846,143.7507151,-2,,8.506860788,8.506860788,128.0591384,0,,48.57737821,48.57737821,129.5363637,0,0,0.340371285,-8.50700335,0.415686715,3.528716706,0.02068065,4.99696489,0.000780017,0.000887813,147.8679781,-396.1320219,134.4064138,-3,,178.8309745,178.8309745,135.6241365,1,,1,0.010568014,0.01175343,0.005941756,0.01015078,0.010568014,1.783821436,0.010764745,0.007969515,0.010568014,-1,-3.90E-06,0,-6,-1.86E-05,0,-3,0.194560025,0,0.19605524,0.19605524,0.000289662,0,-134.4064138,0,0,-806.4384828,0,0,-403.2192414,0,0,1
DLTR,112.1600037,0,0,1,0,0,0.1892,0.8108,0.153937947,0.517991632,0.280669712,0,0,0,0,0,0,0,0,0,0,0,0,0,1,1,1,1,0.179434963,-6.917272281,0.159386593,0.907025268,0.22293942,0.657618538,0.179434963,-6.917272281,0.161606504,0.62816214,0.180037231,-10.31466882,0.179434963,-6.917272281,0.280669712,1.368963603,0,0,0.11390429,0,0,1.329569062,0,0,1.229401795,0,0,0.11390429,0,0,1.218081167,0,0,0.039188867,0,0,0.11390429,0,0,0.002114524,0.000535465,0.000391917,0.002114524,0.000747152,5.10E-06,0.002114524,448.0150775,448.0150775,105.7202828,4,0,105.7202828,149.7337242,149.7337242,0,108.597596,1,0,12.60609834,12.60609834,108.2663772,0,387.0111956,387.0111956,105.7202828,4,0,137.9091111,137.9091111,108.3030783,1,0,0.904833551,0.904833551,106.6837812,0,0,130.2810929,130.2810929,105.7202828,1,0,0.179529861,-7.324641962,0.168007297,4.875040441,0.100225482,4.622916356,0.002109863,0.00056954,399.9670995,399.9670995,105.8694146,4,0,114.7216934,114.7216934,113.2416291,1,0,1,0,0,0,0,0,0,0,0,0,2.990540988,0.012854607,0,2.990540988,0.006165432,0,3.353148742,0.371344052,0.747635247,0,0,0,0,317.1608484,0,0,317.1608484,0,0,317.6082439,0,105.7202828,1
DOCS,27.93000031,0,0,1,0,0,0.820747521,0.179252479,0.750188679,0.882597835,0.154631369,168,950,0,0,950,0,56,140,84,196,0,0,1118,1,1,1,1,0.802533242,-11.37871827,0.762040981,-0.5556048,0.816279192,-0.836971589,0.802533242,-11.37871827,0.766926817,-0.402186603,0.803790508,4.999003795,0.802533242,-11.37871827,0.154631369,1.24292526,,,0.084204789,,,0.886188065,,,0.833589444,,,0.084204789,,,0.91625315,,,2.965725732,,,0.084204789,,,0.001093351,0.000242503,0.000178842,0.001093351,0.000422229,0.000264027,0.001093351,231.6539529,63.65395287,26.22217884,2,,0,67.81177727,-882.1882227,,29.17188489,-30,,5.752502511,5.752502511,25.77833198,0,200.1108395,60.11083951,26.22217884,2,,77.93484449,-6.06515551,29.34999149,0,,46.82525684,-149.1747432,30.53265543,-5,,67.3640948,11.3640948,26.22217884,0,,0.802607485,-11.90494788,0.78022993,-7.380098795,0.075099497,0.200903019,0.001062895,1.93E-05,201.4932306,201.4932306,26.23975404,8,,3.885649695,3.885649695,25.85677932,0,,1,,,,,,,,,,2,-0.144701575,0,2,0,-1.952346792,8,0,0,,,,-0.001460786,52.44435767,0,0,52.44435767,0,-61.06531087,209.9180324,0,0,1
DOCU,69.01000214,0,0,1,0,0,0.678062678,0.321937322,0.604245283,0.848697395,0.405850143,0,0,0,0,0,0,0,69,69,69,0,0,0,1,1,1,1,0.658775999,-10.34940203,0.616461613,-0.202131129,0.700430287,-0.411620115,0.658775999,-10.34940203,0.621442593,-0.148727233,0.660052369,4.229965086,0.658775999,-10.34940203,0.405850143,1.494144034,,,0.015672644,,,0.922040196,,,0.847649975,,,0.015672644,,,0.942026438,,,5.466055514,,,0.015672644,,,0.000402215,0.000526999,0.000386829,0.000402215,0.000748706,0.0010041,0.000402215,85.21944537,85.21944537,64.7958198,1,0,0,147.3665221,147.3665221,,63.78329864,2,0,12.44244449,12.44244449,63.78329864,0,73.61555693,4.615556926,64.7958198,0,,138.1960692,69.19606921,63.78329864,1,,178.0772516,109.0772516,69.31295276,2,,24.78149294,24.78149294,64.7958198,0,-1,0.658904287,-10.8485713,0.635263882,-1.768798341,0.01282599,0.491512874,0.000386873,7.59E-05,73.33956655,73.33956655,64.93406347,1,,15.28735901,15.28735901,63.78329864,0,,1,0.004619565,0.005128263,8.65E-07,0.004483107,0.004619565,0.387955543,0.004747478,0.003497829,0.004619565,1,0.001276781,0,0,0.000345622,0.559143895,1,0,0,-0.082621552,0.082621552,3.85E-06,-2.880201539,64.7958198,0,0,0,0,69.31295276,64.93406347,0,0,1
DOV,189.6900024,1,1,0,1,1,0.264,0.736,0.359984089,0.060251046,0.629112647,0,0,0,0,0,0,0,0,0,0,190,379,0,1,1,1,1,0.28039831,-7.640179938,0.336075545,0.297188716,0.12488557,1.25665147,0.28039831,-7.640179938,0.329089948,0.219549947,0.279802048,-5.774336841,0.28039831,-7.640179938,0.629112647,1.717406538,0,0,0.016051926,0,0,1.17436105,0,0,1.973120648,0,0,0.016051926,0,0,1.126072569,0,0,0.044031506,0,0,0.016051926,0,0,0.000689745,0.001171777,0.001593775,0.000689745,0.001351736,1.40E-05,0.000689745,146.1398037,146.1398037,183.9632916,1,0,0,327.6677411,327.6677411,0,185.0867321,2,0,51.26411358,51.26411358,187.0908332,0,126.2407071,126.2407071,183.9632916,1,0,249.5032034,249.5032034,184.2695758,1,0,2.481322654,2.481322654,183.8058459,0,0,42.49690311,42.49690311,183.9632916,0,0,0.279652559,-8.060653929,0.308748368,4.712030659,0.012787014,12.78584116,0.000683679,0.002828057,129.6051492,-60.39485082,188.6603804,0,0,569.6515429,190.6515429,191.5063493,1,0,1,0,0,0,0,0,0,0,0,0,0.912067961,0.002760035,0,0.912067961,0.000753159,0,0,0.346925515,0,0,0,0,0,183.9632916,0,0,183.9632916,0,0,0,0,0,1
DOW,27.96999931,1,1,0,1,1,0.210945802,0.789054198,0.276898734,0.077878104,0.136673867,0,28,336,0,364,0,56,0,0,0,0,224,364,1,1,1,1,0.223142115,-7.230219858,0.261459992,0.482314404,0.137921091,1.139774137,0.223142115,-7.230219858,0.256363182,0.349657808,0.222475012,-8.285997329,0.223142115,-7.230219858,0.136673867,1.224967758,0,0,0.230589405,0,0,1.102817863,0,0,1.260207924,0,0,0.230589405,0,0,1.073528243,0,0,0.186122689,0,0,0.230589405,0,0,0.002837069,0.000284713,0.00025471,0.002837069,0.00047384,1.56E-05,0.002837069,601.1045322,601.1045322,26.53524938,23,0,106.1409975,79.61506904,-284.384931,0,29.89787356,-10,0,8.192818908,8.192818908,27.22259658,0,519.2552559,519.2552559,26.53524938,20,0,87.46125887,87.46125887,26.81172627,3,0,2.775099325,2.775099325,26.57245509,0,0,174.7989283,118.7989283,26.53524938,4,0,0.222831357,-7.642955585,0.242580967,4.986040883,0.2120641,2.750382825,0.002827097,0.000254354,535.9333242,535.9333242,26.55170802,20,0,51.23413229,-172.7658677,29.89787356,-6,0,1,0,0,0,0,0,0,0,0,0,18.78671596,-0.036347998,0,16.33627475,0.005730965,0,18.25461565,-2.330681595,3.26725495,0,0,0,-0.47830273,504.1697381,0,0,424.56399,0,0,477.9307444,-59.79574712,79.60574813,1
DPZ,297.6149902,0,0,1,0,0,0.196,0.804,0.174224344,0.154393305,0.412466389,298,0,595,0,595,0,0,298,595,0,595,0,893,1,1,1,1,0.190138541,-6.993910965,0.177725866,0.804073545,0.172544035,0.899170164,0.190138541,-6.993910965,0.179259373,0.559702253,0.190584816,-9.797003495,0.190138541,-6.993910965,0.412466389,1.50076028,,,0.058464774,,,1.386012904,,,1.440568402,,,0.058464774,,,1.255110165,,,0.018736019,,,0.058464774,,,0.00152515,0.000806315,0.000669428,0.00152515,0.001010676,3.50E-06,0.00152515,323.1414078,25.14140781,286.3858692,0,,0,225.4725206,-369.5274794,,311.714687,-1,,21.53229775,21.53229775,291.3649991,0,279.1409238,-18.85907624,296.3508194,0,,186.5503225,-408.4496775,311.714687,-1,,0.621101031,0.621101031,286.9733381,0,,93.96830125,93.96830125,286.3858692,0,,0.190114609,-7.402451501,0.183302901,4.934075132,0.049529501,7.411964547,0.001521349,0.001157609,288.4023968,-306.5976032,296.3508194,-1,,233.1754951,233.1754951,299.6482177,1,,1,,,,,,,,,,0,-0.010102098,0,0,-0.004894791,0,-0.856192004,0.380392147,0,,,,-24.23665952,0,0,0,0,0,0,-296.3508194,0,0,1
DRD,24.29999924,0,0,1,0,0,0.2276,0.7724,0.247812251,0.482845188,0.634590806,0,0,0,0,0,0,24,24,219,219,122,316,0,1,1,1,1,0.232426653,-7.296698076,0.244084181,0.535552508,0.289526184,0.438776454,0.232426653,-7.296698076,0.242403717,0.380286699,0.231987093,-7.851053219,0.232426653,-7.296698076,0.634590806,1.722884697,,,0.018884685,,,1.338220282,,,1.269590499,,,0.018884685,,,1.229830036,,,0.013968182,,,0.018884685,,,0.000821089,0.001352399,0.001038981,0.000821089,0.001490273,4.49E-06,0.000821089,173.9682906,173.9682906,22.39887103,8,,22.39887103,378.1755486,378.1755486,,23.04753886,16,,33.41905698,33.41905698,22.95255008,1,150.2799337,126.2799337,22.39887103,6,,275.0743324,56.07433241,22.93410596,2,,0.797080097,-218.2029199,23.44450584,-9,,50.58932203,26.58932203,22.39887103,1,,0.232505771,-7.714073175,0.238438358,4.99154546,0.015048814,15.11066683,0.000815212,0.00336986,154.5399079,32.5399079,22.40338325,1,,678.7861513,362.7861513,25.11226305,14,,1,,,,,,,,,,6.655225352,0.071704122,0.0030082,4.991419014,0.004519312,-8.667989528,0.929795702,5.45027133,0.831903169,,,,-0.00202445,156.7920972,0,0,111.9943551,0,-211.0005525,22.40338325,125.5613153,22.39887103,1
DRI,200.3300018,0,0,1,0,0,0.1796,0.8204,0.155131265,0.174895397,0.587623179,0,0,200,0,200,0,0,0,0,0,0,0,200,1,1,1,1,0.172970591,-6.870986727,0.159026493,0.909230455,0.169365994,0.918007702,0.172970591,-6.870986727,0.160681523,0.632069426,0.17343785,-10.6430864,0.172970591,-6.870986727,0.587623179,1.67591707,0,0,0.028784844,0,0,1.59917954,0,0,1.606443829,0,0,0.028784844,0,0,1.385935964,0,0,0.004104507,0,0,0.028784844,0,0,0.001129841,0.00144693,0.001173801,0.001129841,0.00154747,1.18E-06,0.001129841,239.3852473,239.3852473,193.0898156,1,0,0,404.6097112,204.6097112,0,196.1305895,1,0,37.7555626,37.7555626,196.1440866,0,206.7894038,206.7894038,193.0898156,1,0,285.6317057,285.6317057,195.7481871,1,0,0.210082444,0.210082444,193.6987428,0,0,69.61232603,69.61232603,193.0898156,0,0,0.172980069,-7.276493789,0.165196469,4.862156051,0.023346829,12.31262828,0.001128899,0.002556825,214.0055829,214.0055829,193.1316167,1,0,515.0177427,515.0177427,201.9204856,3,0,1,0,0,0,0,0,0,0,0,0,0.737663416,0.012917188,0,0.737663416,0.006242371,0,0.827302529,1.108151319,0,0,0,0,0,193.0898156,0,0,193.0898156,0,0,193.1316167,201.9204856,0,1
DTE,124.4499969,1,1,0,0,0,0.0904,0.9096,0.253381066,0.019246862,0.465354978,249,124,1618,124,1866,0,0,249,871,0,249,0,2115,1,1,1,1,0.106264442,-6.393364031,0.189469457,0.746392772,0.042959645,2.964837399,0.106264442,-6.393364031,0.17343288,0.581098516,0.105227405,-14.24168542,0.106264442,-6.393364031,0.465354978,1.553648869,0,0,0.059787642,0,0,1.389390745,0,0,3.692582059,0,0,0.059787642,0,0,1.291798782,0,0,0.001882836,0,0,0.059787642,0,0,0.001772964,0.000928417,0.001977746,0.001772964,0.001152554,4.03E-07,0.001772964,375.6470866,126.6470866,121.6038825,1,0,121.6038825,259.6163115,-1606.383689,0,127.4803243,-13,0,63.61462738,63.61462738,123.8531322,1,324.4971775,75.49717751,121.6038825,1,0,212.7382306,-658.2617694,127.4803243,-5,0,0.071529385,0.071529385,122.0402074,0,0,109.2367544,109.2367544,121.6038825,1,0,0.105901699,-6.783393976,0.139686482,4.716323812,0.050347519,7.988810379,0.001783082,0.001364358,338.0191147,89.01911474,121.6075423,1,0,274.8206777,274.8206777,124.9656301,2,0,1,0,0,0,0,0,0,0,0,0,0.638673494,-0.113161378,0.137347825,0.638673494,-0.026380897,0,0.718975529,0.695115947,0.638673494,0,0,0,0,121.6038825,0,0,121.6038825,0,0,121.6075423,124.9656301,121.6038825,1
DTST,3.319999933,1,1,0,1,1,0.8536,0.1464,0.86544586,0.461506276,0.479457716,0,0,0,0,0,0,0,0,0,20,0,0,0,1,1,1,1,0.855103278,-11.75512498,0.862373871,-1.056177465,0.658106718,-0.308047658,0.855103278,-11.75512498,0.86214196,-0.74119328,0.855475206,4.871517055,0.855103278,-11.75512498,0.479457716,1.567751607,,,0.005063974,,,0.621945835,,,0.870653397,,,0.005063974,,,0.716575262,,,8.939155182,,,0.005063974,,,0.000155276,0.000430896,0.000483922,0.000155276,0.000656671,0.001984171,0.000155276,32.89914382,32.89914382,3.058139304,11,,9.174417911,120.4929363,120.4929363,,2.998008083,40,,15.56546484,15.56546484,2.998008083,5,28.4194386,28.4194386,3.058139304,9,,121.2082509,121.2082509,2.998008083,40,,351.8928492,331.8928492,3.366069892,99,,9.566946801,9.566946801,3.058139304,3,,0.854585207,-12.28704132,0.859578903,-11.16347953,0.003986762,0.006607336,0.000146536,1.16E-06,27.77887551,27.77887551,3.058845608,9,,0.232659778,0.232659778,3.057966132,0,,1,,,,,,,,,,11,0.697194274,0.007413544,9,0.343354674,36.70994005,9,0,3,,,,0.408361509,33.63953234,2.998008083,0,27.52325373,0,124.544586,27.52961047,0,9.174417911,1
DUK,114.1299973,0,0,1,0,0,0.0464,0.9536,0.146778043,0.037656904,0.481592797,0,0,0,0,0,0,0,0,0,0,0,228,0,1,1,1,1,0.055604417,-6.030633185,0.105572922,1.359293854,0.053842025,2.535985392,0.055604417,-6.030633185,0.094763785,1.051766135,0.054825747,-17.13987029,0.055604417,-6.030633185,0.481592797,1.569886688,0,0,0.065885537,0,0,1.846046285,0,0,3.13847855,0,0,0.065885537,0,0,1.606969567,0,0,0.000439382,0,0,0.065885537,0,0,0.002030443,0.001285961,0.001754174,0.002030443,0.001478577,9.81E-08,0.002030443,430.200353,430.200353,111.4395601,4,0,111.4395601,359.5972889,359.5972889,0,112.829106,3,0,56.42340283,56.42340283,113.4364709,0,371.6222095,371.6222095,111.4395601,3,0,272.915418,272.915418,112.7480253,2,0,0.017389309,0.017389309,112.095731,0,0,125.1006383,125.1006383,111.4395601,1,0,0.055571623,-6.413412555,0.074572462,4.108052954,0.055439045,6.377307767,0.00204913,0.001118759,388.4540194,388.4540194,111.4694108,3,0,225.3500448,-2.649955158,116.8228079,0,0,1,0,0,0,0,0,0,0,0,0,2.273033538,0.08660999,0,1.704775154,0.034569125,0,1.928055966,0,0.568258385,0,0,0,0,222.8791201,0,0,222.8791201,0,0,222.9388217,0,111.4395601,1
DUOL,144.2700043,0,0,1,0,0,0.480590062,0.519409938,0.490015361,0.692699491,0.348205303,0,0,0,0,0,0,0,144,144,289,0,0,0,1,1,1,1,0.483117437,-9.091669163,0.488479418,0.019182495,0.542953014,-0.077746218,0.483117437,-9.091669163,0.48764532,0.014461598,0.482835062,1.006653039,0.483117437,-9.091669163,0.348205303,1.436499194,,,0.037139108,,,1.006972267,,,0.972232425,,,0.037139108,,,1.005251864,,,1.43996503,,,0.037139108,,,0.000823961,0.000491714,0.000377586,0.000823961,0.000711099,0.000226579,0.000823961,174.5769561,174.5769561,133.6575185,1,,0,137.4994905,137.4994905,,132.2035272,1,,12.14513195,12.14513195,132.2035272,0,150.8057204,6.805720411,133.6575185,0,,131.2545465,-12.74545348,157.9672316,0,,40.18374476,-248.8162552,157.9672316,-2,,50.76631966,50.76631966,133.6575185,0,,0.48321774,-9.557081929,0.485861557,2.255050333,0.031377586,2.263244972,0.00080512,0.000315727,152.6267043,152.6267043,133.6845583,1,,63.59639651,63.59639651,140.9229349,0,,1,,,,,,,,,,1,5.75E-06,0,0,0,-0.031667198,1,0,0,,,,-0.326770292,133.6575185,0,0,0,0,0,133.6845583,0,0,1
DVA,178.6900024,1,1,0,1,1,0.2976,0.7024,0.255369928,0.287447699,0.469859244,0,893,715,0,1608,0,0,0,179,715,0,0,1608,1,1,1,1,0.286099899,-7.681003883,0.2620535,0.480582675,0.279206685,0.467955273,0.286099899,-7.681003883,0.264899772,0.33204224,0.286910404,-5.481220723,0.286099899,-7.681003883,0.469859244,1.558153135,0,0,0.033155897,0,0,1.23755667,0,0,1.230645391,0,0,0.033155897,0,0,1.158656498,0,0,0.08795516,0,0,0.033155897,0,0,0.000993808,0.000836593,0.000667003,0.000993808,0.001042663,1.91E-05,0.000993808,210.5632853,210.5632853,171.8325309,1,0,0,233.939191,-1374.060809,0,185.7556478,-7,0,21.45430972,21.45430972,173.0696689,0,181.8919784,181.8919784,171.8325309,1,0,192.4544723,13.4544723,172.5545477,0,0,3.379717873,-711.6202821,177.6980867,-4,0,61.2310083,61.2310083,171.8325309,0,0,0.286114927,-8.108159441,0.272672767,4.904848849,0.027433821,8.804883464,0.000983213,0.001515006,186.3877935,186.3877935,171.8633578,1,0,305.1655662,305.1655662,179.2986056,2,0,1,0,0,0,0,0,0,0,0,0,0.921840948,-0.025261218,0,0.921840948,0,-1.877736288,1,0.751798195,0,0,0,0,0,171.8325309,0,0,171.8325309,0,-355.3961735,171.8633578,179.2986056,0,1
DVN,47.65000153,0,0,1,0,0,0.5108,0.4892,0.46141607,0.580753138,0.340424666,0,0,0,0,0,0,0,0,0,0,0,0,0,1,1,1,1,0.497976458,-9.19806124,0.469652145,0.050650994,0.515031699,-0.027075415,0.497976458,-9.19806124,0.473032519,0.031620972,0.498845984,1.401109587,0.497976458,-9.19806124,0.340424666,1.428718557,0,0,0.037565649,0,0,1.018235428,0,0,0.990386597,0,0,0.037565649,0,0,1.011345543,0,0,1.648531639,0,0,0.037565649,0,0,0.000816839,0.000486526,0.000376166,0.000816839,0.000703997,0.000253912,0.000816839,173.0679136,173.0679136,45.50968126,4,0,45.50968126,136.0487701,136.0487701,0,45.2056372,3,0,12.09946637,12.09946637,45.2056372,0,149.5021564,149.5021564,45.50968126,3,0,129.9436781,129.9436781,45.2056372,3,0,45.03130111,45.03130111,46.83942257,1,0,50.3274958,50.3274958,45.50968126,1,0,0.498042652,-9.666061341,0.482312954,2.328914308,0.031788924,2.295395643,0.000797666,0.000315755,151.2137856,151.2137856,45.51131405,3,0,63.60209154,63.60209154,47.20549511,1,0,1,0,0,0,0,0,0,0,0,0,4,0.000120259,0,3,4.69E-05,0.030673564,3,0.084747529,1,0,0,0,0.009010281,182.038725,0,0,136.5290438,0,0,136.5339422,0,45.50968126,1
DXCM,85.36000061,0,0,1,0,0,0.282,0.718,0.287987271,0.69874477,0.536242208,0,0,0,0,0,0,0,0,0,0,0,0,0,1,1,1,1,0.283743024,-7.664128423,0.287106132,0.411937106,0.360770241,0.266282313,0.283743024,-7.664128423,0.286508014,0.290660716,0.2835035,-5.621201434,0.283743024,-7.664128423,0.536242208,1.624536099,,,0.02426292,,,1.221257504,,,1.137924644,,,0.02426292,,,1.151465018,,,0.065380432,,,0.02426292,,,0.000848684,0.000975554,0.000731808,0.000848684,0.001172436,1.67E-05,0.000848684,179.8150402,179.8150402,81.3187151,2,,81.3187151,272.797363,272.797363,,82.16062831,3,,23.53878039,23.53878039,81.76449039,0,155.3305618,155.3305618,81.3187151,2,,216.4079839,216.4079839,81.91779174,3,,2.96049453,2.96049453,80.89986187,0,,52.28953473,52.28953473,81.3187151,1,,0.283860184,-8.091584601,0.28540124,4.848704153,0.01971812,10.51391239,0.000838891,0.002014723,159.0287945,159.0287945,81.36077579,2,,405.822912,405.822912,86.29610971,5,,1,,,,,,,,,,1.835589515,0.007954321,0,1.835589515,0.003960171,0,2,1.836713434,0.917794758,,,,0.004320847,162.6374302,0,0,162.6374302,0,0,162.7215516,172.5922194,81.3187151,1
EBAY,106.4000015,0,0,0,0,0,0.3628,0.6372,0.277247414,0.357740586,0.577719479,0,0,106,0,106,0,0,0,106,319,0,0,106,1,1,1,1,0.337516316,-8.049150574,0.289532952,0.405704673,0.328456634,0.33927199,0.337516316,-8.049150574,0.29488064,0.275700498,0.339233812,-3.448029019,0.337516316,-8.049150574,0.577719479,1.66601337,,,0.016431474,,,1.230087474,,,1.189075141,,,0.016431474,,,1.151110109,,,0.172046626,,,0.016431474,,,0.000630962,0.001086895,0.000847978,0.000630962,0.001262916,4.85E-05,0.000630962,133.6851695,133.6851695,102.167294,1,,0,303.9319324,197.9319324,,103.0458594,2,,27.27540003,27.27540003,102.8608825,0,115.4819556,115.4819556,102.167294,1,,233.1087823,127.1087823,102.7787362,1,,8.602928548,-310.3970715,107.1526273,-3,,38.8751425,38.8751425,102.167294,0,,0.337559786,-8.486335742,0.309939804,4.703886583,0.013145042,11.03444358,0.00062031,0.002256617,117.5922165,117.5922165,102.1834256,1,,454.5472458,454.5472458,106.9784992,4,,1,,,,,,,,,,1,0.005143634,0,1,0.001187668,-0.55729238,1,1.382909311,0,,,,0,102.167294,0,0,102.167294,0,-107.1526273,102.1834256,106.9784992,0,1
EC,16.60000038,0,0,1,0,0,0.2652,0.7348,0.290771679,0.618828452,0.584487526,0,100,199,0,299,0,17,0,0,0,0,0,299,1,1,1,1,0.271274871,-7.574855205,0.286028761,0.414725565,0.34492673,0.301180078,0.271274871,-7.574855205,0.283894193,0.295445604,0.270720546,-6.154697609,0.271274871,-7.574855205,0.584487526,1.672781417,0,0,0.020299271,0,0,1.237844087,0,0,1.167603624,0,0,0.020299271,0,0,1.1641639,0,0,0.042150169,0,0,0.020299271,0,0,0.000791268,0.001111635,0.000846622,0.000791268,0.001292662,1.21E-05,0.000791268,167.6500694,167.6500694,15.79355993,11,0,31.58711987,310.850016,11.850016,0,15.96791118,1,0,27.23178982,27.23178982,15.90193269,2,144.8220318,144.8220318,15.79355993,9,0,238.5993139,238.5993139,15.90891426,15,0,2.141547465,2.141547465,15.74706426,0,0,48.75200715,31.75200715,15.79355993,2,0,0.271374893,-7.999803975,0.278868185,4.87914015,0.016312865,12.30810375,0.000782734,0.002543563,148.3830359,148.3830359,15.79360488,9,0,512.3463099,512.3463099,16.78481886,31,0,1,0,0,0,0,0,0,0,0,0,9.861917894,0.002687458,0.00283467,8.068841913,0.02045815,0,8.999558948,11.53103542,1.793075981,0,0,0,0.001265768,157.9355993,0,0,126.3484795,0,0,142.1424439,201.4178263,31.58711987,1
ECL,273.7000122,0,0,1,0,0,0.2696,0.7304,0.30071599,0.429707113,0.493453034,0,0,0,0,0,0,0,0,0,0,0,0,0,1,1,1,1,0.276738837,-7.613977747,0.29474418,0.392542356,0.323102491,0.352108596,0.276738837,-7.613977747,0.292207402,0.28041807,0.27613875,-5.926972913,0.276738837,-7.613977747,0.493453034,1.581746925,0,0,0.030463186,0,0,1.197208266,0,0,1.175216416,0,0,0.030463186,0,0,1.137212469,0,0,0.066026823,0,0,0.030463186,0,0,0.000965325,0.000859474,0.000677444,0.000965325,0.001069932,1.52E-05,0.000965325,204.5284615,204.5284615,264.1003781,1,0,0,240.3375152,240.3375152,0,266.7610188,1,0,21.7901187,21.7901187,266.6994533,0,176.6788852,176.6788852,264.1003781,1,0,197.4878139,197.4878139,266.2927625,1,0,2.691671613,2.691671613,263.2632619,0,0,59.47610434,59.47610434,264.1003781,0,0,0.276799286,-8.039679232,0.286033399,4.845577887,0.025061231,9.2243089,0.000955415,0.001649941,181.1182621,181.1182621,264.2996642,1,0,332.3453632,332.3453632,274.4371203,1,0,1,0,0,0,0,0,0,0,0,0,0.905822768,0.002407648,0,0.905822768,0.001228661,0,1,0.366869142,0,0,0,0,0,264.1003781,0,0,264.1003781,0,0,264.2996642,0,0,1
ED,103.3899994,0,0,1,0,0,0.198,0.802,0.280031822,0.142259414,0.434172102,0,0,0,0,0,0,0,0,0,0,0,207,0,1,1,1,1,0.212987532,-7.157512028,0.260432179,0.485326062,0.189557454,0.806757064,0.212987532,-7.157512028,0.253361007,0.356045548,0.211883395,-8.778820874,0.212987532,-7.157512028,0.434172102,1.522465993,0,0,0.049364342,0,0,1.226295425,0,0,1.403691165,0,0,0.049364342,0,0,1.161435939,0,0,0.024971654,0,0,0.049364342,0,0,0.00135804,0.000755586,0.000691847,0.00135804,0.000975866,4.94E-06,0.00135804,287.7350448,287.7350448,100.9631427,3,0,100.9631427,211.2870046,211.2870046,0,101.3981817,2,0,22.25342084,22.25342084,101.6141368,0,248.5556609,248.5556609,100.9631427,2,0,180.1251689,180.1251689,101.252045,2,0,0.875933955,0.875933955,101.0780582,0,0,83.67226457,83.67226457,100.9631427,1,0,0.212892054,-7.569890776,0.236168263,4.9939796,0.041508267,8.159038716,0.001352489,0.001322395,256.3915549,256.3915549,100.9856851,3,0,266.3682885,59.3682885,103.7975005,1,0,1,0,0,0,0,0,0,0,0,0,2.401405239,0.007360668,0,1.600936826,0.003961514,0,2.686089673,0.389684879,0.800468413,0,0,0,0,201.9262854,0,0,201.9262854,0,0,302.9570553,0,100.9631427,1
EDIT,2.619999886,0,0,1,0,0,0.3964,0.6036,0.383054893,0.389121339,0.208816861,0,0,0,0,0,0,16,0,0,0,0,173,0,1,1,1,1,0.393063298,-8.44687252,0.385381605,0.198663009,0.38943853,0.206644793,0.393063298,-8.44687252,0.386350871,0.138373236,0.39330822,-1.576932273,0.393063298,-8.44687252,0.208816861,1.297110752,,,0.111095682,,,1.053038774,,,1.055227549,,,0.111095682,,,1.036652027,,,0.663502905,,,0.111095682,,,0.001689309,0.000341808,0.000269678,0.001689309,0.000542047,6.99E-05,0.001689309,357.9225483,357.9225483,2.357113829,152,,87.21321166,95.58072161,95.58072161,,2.357480028,41,,8.674253629,8.674253629,2.35795861,4,309.1860974,309.1860974,2.357113829,131,,100.050837,100.050837,2.349916005,43,,12.3912111,12.3912111,2.314842027,5,,104.0825256,88.08252559,2.357113829,37,,0.393064691,-8.894357851,0.388906774,3.91091242,0.098887547,2.765944012,0.001667904,0.0002965,316.1848156,316.1848156,2.357496536,134,,59.72363262,-113.2763674,2.969608982,-38,,1,,,,,,,,,,152,0.025283541,0.002668879,131,0.012864493,0.19427464,134,-9.081546349,37,,,,0.02480767,358.2813019,0,0,308.7819115,0,0,315.9045359,-26.72648084,87.21321166,1
EEM,67.66999817,1,1,0,1,1,0.5016,0.4984,0.503579952,0.647280335,0.49188326,0,68,0,0,68,0,0,0,135,0,0,0,68,1,1,1,1,0.502287317,-9.228927415,0.503362845,-0.00559731,0.545887993,-0.083124158,0.502287317,-9.228927415,0.503117609,-0.003647709,0.502162618,1.480256461,0.502287317,-9.228927415,0.49188326,1.580177151,,,0.014660838,,,0.9974423,,,0.962681774,,,0.014660838,,,0.99833243,,,1.968500418,,,0.014660838,,,0.000462872,0.000713224,0.000552675,0.000462872,0.000936511,0.000450722,0.000462872,98.07114299,98.07114299,66.13612034,1,,0,199.4409466,131.4409466,,65.71629522,2,,17.77691886,17.77691886,65.71629522,0,84.71730576,84.71730576,66.13612034,1,,172.8610179,37.86101795,65.71629522,1,,79.93562449,79.93562449,67.19843681,1,,28.51871808,28.51871808,66.13612034,0,,0.502366134,-9.697843687,0.502773604,1.889185745,0.011829937,2.373515777,0.000449159,0.000423461,85.14707417,85.14707417,66.14768097,1,,85.29725532,85.29725532,67.29974919,1,,1,6.73E-05,7.54E-05,0.000159939,6.55E-05,6.73E-05,0.004765298,6.82E-05,4.89E-05,6.73E-05,1,9.79E-07,0,1,2.08E-07,0.034236862,1,0.055765981,0,0.01415215,0.01415215,5.68E-10,1.41570552,66.13612034,0,0,66.13612034,0,0,66.14768097,0,0,1
EIX,53.88999939,1,1,0,0,1,0.1176,0.8824,0.148766905,0.030962343,0.196992342,108,0,54,0,54,0,0,0,0,0,54,431,162,1,1,1,1,0.123230569,-6.514843194,0.141402988,1.027721966,0.061080911,2.310813758,0.123230569,-6.514843194,0.139230223,0.73384655,0.123041761,-13.26593718,0.123230569,-6.514843194,0.196992342,1.285286233,0,0,0.194931952,0,0,1.29426005,0,0,1.785987298,0,0,0.194931952,0,0,1.202234449,0,0,0.035810861,0,0,0.194931952,0,0,0.002865331,0.000404992,0.000439614,0.002865331,0.00061181,3.64E-06,0.002865331,607.0925189,499.0925189,51.64081758,10,0,154.9224528,113.2490835,59.24908345,0,52.80090058,1,0,14.14027402,14.14027402,53.35346333,0,524.4278895,524.4278895,51.64081758,10,0,112.9277798,112.9277798,52.69269715,2,0,0.645112995,0.645112995,52.04785528,0,0,176.5402122,176.5402122,51.64081758,3,0,0.122963567,-6.90881748,0.132698119,4.667289233,0.176579341,3.226516218,0.002868276,0.000337794,543.7396473,489.7396473,51.65666958,9,0,68.04131727,-362.9586827,55.90611149,-6,0,1,0,0,0,0,0,0,0,0,0,6.631747162,0.016503319,0,6.631747162,0.016829086,0,6.712278606,-2.042211448,1.989524149,0,0,0,0,361.4857231,0,0,361.4857231,0,0,361.5966871,-111.812223,103.2816352,1
EL,91.97000122,0,0,1,0,0,0.2604,0.7396,0.166268894,0.553974895,0.23551712,0,0,0,0,0,0,0,0,0,0,0,92,0,1,1,1,1,0.229141964,-7.273179379,0.177919956,0.803072801,0.26181881,0.520476005,0.229141964,-7.273179379,0.183074324,0.546265814,0.231082453,-7.892106834,0.229141964,-7.273179379,0.23551712,1.323811011,0,0,0.129998317,0,0,1.252665563,0,0,1.157197546,0,0,0.129998317,0,0,1.165599555,0,0,0.109278891,0,0,0.129998317,0,0,0.002131574,0.000441141,0.000321505,0.002131574,0.000647372,1.25E-05,0.002131574,451.627501,451.627501,86.06079916,5,0,172.1215983,123.3575252,123.3575252,0,88.69470381,1,0,10.34127556,10.34127556,88.14875801,0,390.1317343,390.1317343,86.06079916,5,0,119.4917423,119.4917423,88.41085844,1,0,2.211194061,2.211194061,86.12636014,0,0,131.331572,131.331572,86.06079916,2,0,0.229272217,-7.690302991,0.19839951,4.973989044,0.115643501,4.036092721,0.002120919,0.000456015,402.0630496,402.0630496,86.12035248,5,0,91.85449159,-0.145508407,98.09104684,0,0,1,0,0,0,0,0,0,0,0,0,4.132745179,0.010076968,0,4.132745179,0.004662599,0,4.620371883,0,1.653098071,0,0,0,0,344.2431967,0,0,344.2431967,0,0,430.6017624,0,172.1215983,1
ELF,104.6800003,0,0,1,0,0,0.7388,0.2612,0.709228321,0.877405858,0.530518736,0,105,0,0,105,0,0,0,209,0,0,209,105,1,1,1,1,0.731609869,-10.87089982,0.714510036,-0.41612514,0.771676924,-0.636656073,0.731609869,-10.87089982,0.716541205,-0.29624816,0.732050872,4.821782456,0.731609869,-10.87089982,0.530518736,1.618812627,,,0.005319183,,,0.818366876,,,0.735891395,,,0.005319183,,,0.867013575,,,10.20235462,,,0.005319183,,,0.000183643,0.000644554,0.000466459,0.000183643,0.000873627,0.002568942,0.000183643,38.90942901,38.90942901,97.8540181,0,,0,180.2388051,75.23880514,,96.25228433,1,,15.00374823,15.00374823,96.25228433,0,33.61133453,33.61133453,97.8540181,0,,161.2538194,-47.7461806,112.3515294,0,,455.6019205,455.6019205,106.0937022,4,,11.31471504,11.31471504,97.8540181,0,,0.731705042,-11.38373693,0.722238818,-4.933646381,0.004154905,0.09287483,0.000174221,1.76E-05,33.02713385,33.02713385,97.95463385,0,,3.552340519,-205.4476595,104.3539532,-2,,1,,,,,,,,,,0,0.002705627,0,0,0,1.453099129,0,-0.760652082,0,,,,0,0,0,0,0,0,106.0937022,0,-104.3539532,0,1
ELV,386.4299927,0,0,1,0,0,0.1268,0.8732,0.111376293,0.539330544,0.569795062,0,0,0,0,0,0,0,0,0,0,0,0,0,1,1,1,1,0.122844544,-6.512079223,0.11396614,1.267133114,0.163981493,0.951211957,0.122844544,-6.512079223,0.114950253,0.883629128,0.123062682,-13.26480617,0.122844544,-6.512079223,0.569795062,1.658088953,0,0,0.037144665,0,0,1.897895728,0,0,1.617683626,0,0,0.037144665,0,0,1.563334354,0,0,0.001221644,0,0,0.037144665,0,0,0.001401391,0.001645278,0.001131304,0.001401391,0.001691136,3.38E-07,0.001401391,296.919997,296.919997,366.4520918,1,0,0,460.0743136,460.0743136,0,378.6743059,1,0,36.38863185,36.38863185,377.1596635,0,256.489946,256.489946,366.4520918,1,0,312.149492,312.149492,377.1586442,1,0,0.05995109,0.05995109,370.6563693,0,0,86.343214,86.343214,366.4520918,0,0,0.122916648,-6.908472572,0.1178454,4.550097627,0.030398024,9.982447781,0.001406632,0.002016512,266.6554899,266.6554899,366.5187866,1,0,406.1831434,406.1831434,388.9705601,1,0,1,0,0,0,0,0,0,0,0,0,0.662612122,0.025087911,0,0.662612122,0.012200007,0,0.74573427,0.323490444,0,0,0,0,0,366.4520918,0,0,366.4520918,0,0,366.5187866,0,0,1
EMBJ,75.20999908,0,0,1,0,0,0.4904,0.5096,0.441129674,0.720502092,0.547971097,0,301,0,0,301,0,0,0,150,301,0,0,301,1,1,1,1,0.477731914,-9.053108279,0.449416587,0.084843296,0.531479719,-0.056832552,0.477731914,-9.053108279,0.452711569,0.055701646,0.478530015,0.897092359,0.477731914,-9.053108279,0.547971097,1.636264988,,,0.011586703,,,1.042663204,,,0.972402691,,,0.011586703,,,1.027808014,,,1.55541565,,,0.011586703,,,0.000416223,0.000857213,0.00064408,0.000416223,0.001069058,0.000408531,0.000416223,88.18729959,88.18729959,71.33426899,1,,0,239.7050475,-61.29495247,,80.18975563,-1,,20.71696431,20.71696431,70.90230922,0,76.17929388,76.17929388,71.33426899,1,,197.3263964,47.32639636,70.90230922,1,,72.45304437,-228.5469556,80.18975563,-3,,25.64453374,25.64453374,71.33426899,0,,0.477861661,-9.517708855,0.461988344,2.732561427,0.009217292,3.840326961,0.000403911,0.000749691,76.56951909,76.56951909,71.37447752,1,,151.009134,151.009134,74.61257086,2,,1,,,,,,,,,,1,-0.000112475,0,1,4.85E-05,-0.037723814,1,0.233340374,0,,,,0,71.33426899,0,0,71.33426899,0,0,71.37447752,0,0,1
EME,786.6099854,1,1,0,1,1,0.63,0.37,0.768894193,0.221338912,0.944331984,0,0,0,0,0,0,0,0,2360,787,0,787,0,1,1,1,1,0.656550568,-10.33346772,0.737571172,-0.479490306,0.39452125,0.196463362,0.656550568,-10.33346772,0.727617379,-0.31722192,0.655380874,4.177239559,0.656550568,-10.33346772,0.944331984,2.032625875,,,0.00065569,,,0.711687666,,,1.14953448,,,0.00065569,,,0.798504604,,,19.35663074,,,0.00065569,,,5.26E-05,0.001393617,0.001852896,5.26E-05,0.001578682,0.011936891,5.26E-05,11.13787134,11.13787134,746.6473426,0,,0,389.7014512,389.7014512,,741.2656668,1,,59.59881127,59.59881127,745.1738511,0,9.621285353,9.621285353,746.6473426,0,,291.3927061,-2068.607294,816.7231189,-3,,2117.0081,1330.0081,792.7339718,2,,3.23885093,3.23885093,746.6473426,0,,0.655602465,-10.82429928,0.698843279,-4.022829565,0.000462907,0.05764178,4.95E-05,1.97E-05,9.379319259,9.379319259,746.7224163,0,,3.967200749,-783.0327993,790.4447762,-1,,1,,,,,,,,,,0,0.003592359,0,0,-0.004717019,0.545291573,0,-0.252861839,0,,,,0,0,0,0,0,0,792.7339718,0,0,0,1
EMR,161.6100006,1,1,0,1,1,0.7704,0.2296,0.873906126,0.70334728,0.607723258,0,0,0,0,0,0,0,0,0,0,0,0,0,1,1,1,1,0.793055552,-11.31085706,0.85315985,-0.988791857,0.773788114,-0.64478964,0.793055552,-11.31085706,0.845079368,-0.657220844,0.791419001,4.997820838,0.793055552,-11.31085706,0.607723258,1.696017149,,,0.002540665,,,0.593118196,,,0.71132121,,,0.002540665,,,0.706665134,,,14.01687599,,,0.002540665,,,0.000104223,0.000562869,0.000545787,0.000104223,0.000817379,0.004239577,0.000104223,22.08228953,22.08228953,156.7275111,0,,0,157.3969682,157.3969682,,155.1312336,1,,17.5553621,17.5553621,155.1312336,0,19.07545907,19.07545907,156.7275111,0,,150.8716395,150.8716395,155.1312336,1,,751.8890764,751.8890764,163.8110854,5,,6.421446416,6.421446416,156.7275111,0,,0.792954235,-11.83398587,0.82430055,-9.419208572,0.001927196,0.006901583,9.79E-05,1.48E-06,18.55265164,18.55265164,156.828369,0,,0.297702358,0.297702358,156.5618227,0,,1,,,,,,,,,,0,0.015276708,0,0,0.006749051,1.951422901,0,0,0,,,,0,0,0,0,0,0,327.6221708,0,0,0,1
ENPH,33.47000122,1,1,0,1,1,0.268,0.732,0.405330151,0.041004184,0.812218172,0,301,703,0,1004,0,33,602,435,0,368,335,1004,1,1,1,1,0.288803347,-7.700360844,0.367619483,0.232698581,0.093868286,1.63153421,0.288803347,-7.700360844,0.357752012,0.177327539,0.288316984,-5.423698853,0.288803347,-7.700360844,0.812218172,1.900512063,0,0,0.007121894,0,0,1.161161961,0,0,2.850932755,0,0,0.007121894,0,0,1.120602127,0,0,0.030724844,0,0,0.007121894,0,0,0.000445242,0.001737682,0.003488591,0.000445242,0.001815722,1.45E-05,0.000445242,94.33570297,94.33570297,30.49659301,3,0,0,485.9134497,-518.0865503,0,37.65572993,-14,0,112.2113043,112.2113043,32.29471755,3,81.49050116,-520.5094988,32.73935331,-16,0,335.145538,-99.854462,37.65572993,-3,0,2.579498151,2.579498151,30.4315484,0,0,27.43246622,-5.567533776,32.73935331,0,0,0.287544298,-8.11866689,0.328141729,4.56534721,0.005444302,18.75604451,0.000441446,0.005388209,83.68491414,-284.3150859,32.73935331,-9,0,1085.339537,750.3395369,33.92721522,22,0,0,0,0,0,0,0,0,0,0,0,2.77947924,-0.011845013,0.124776744,-14.82388928,-0.001473987,0,-9,7.164573333,0,0,0,0,6.223527735,91.48977904,0,0,-491.0902997,0,0,-294.6541798,237.4905065,0,1
ENSG,171.7799988,0,0,1,0,0,0.254,0.746,0.286793954,0.249372385,0.808995154,0,0,687,0,687,0,0,0,172,687,0,0,687,1,1,1,1,0.261240327,-7.503006864,0.280273283,0.429854641,0.261937029,0.520103199,0.261240327,-7.503006864,0.277699346,0.307017334,0.260704663,-6.581844182,0.261240327,-7.503006864,0.808995154,1.897289045,,,0.00818771,,,1.316912668,,,1.39526957,,,0.00818771,,,1.217283697,,,0.014769597,,,0.00818771,,,0.000508668,0.001957425,0.001695505,0.000508668,0.001962488,6.95E-06,0.000508668,107.774204,107.774204,165.5271352,1,,0,547.3609778,-139.6390222,,179.4416812,-1,,54.53628121,54.53628121,167.7904348,0,93.09915143,93.09915143,165.5271352,1,,362.2356853,190.2356853,166.8419569,1,,1.231724695,-685.7682753,171.3975731,-4,,31.34033158,31.34033158,165.5271352,0,,0.261222041,-7.925169346,0.271130528,4.910771239,0.006248056,23.21934624,0.000503095,0.006641266,95.3717759,95.3717759,165.7256629,1,,1337.741012,1337.741012,172.4426481,8,,1,,,,,,,,,,0.879611125,-0.00288711,0,0.879611125,0.001472807,-2.707542052,0.981379831,3.01445927,0,,,,-10.04972021,165.5271352,0,0,165.5271352,0,-514.1927192,165.7256629,517.3279444,0,1
EOG,141.3800049,0,0,1,0,0,0.3664,0.6336,0.365552904,0.444979079,0.380291904,0,0,0,0,0,0,0,0,0,0,0,0,0,1,1,1,1,0.366313057,-8.255338119,0.365784751,0.236297867,0.390582372,0.204344363,0.366313057,-8.255338119,0.365790777,0.166098678,0.366276623,-2.48304628,0.366313057,-8.255338119,0.380291904,1.468585795,0,0,0.041897649,0,0,1.095060097,0,0,1.081695283,0,0,0.041897649,0,0,1.065912995,0,0,0.385106862,0,0,0.041897649,0,0,0.001008726,0.000584142,0.000459924,0.001008726,0.000804978,6.61E-05,0.001008726,213.7239657,213.7239657,136.2611697,2,0,0,163.3453866,163.3453866,0,136.4584129,1,0,14.79354346,14.79354346,136.3750352,0,184.6222854,184.6222854,136.2611697,1,0,148.5825857,148.5825857,135.9897666,1,0,11.72278767,11.72278767,134.5337365,0,0,62.15012223,62.15012223,136.2611697,0,0,0.366359035,-8.698041902,0.365977623,4.192559315,0.035342942,5.008818692,0.000993069,0.000739732,188.2563198,188.2563198,136.3073552,1,0,149.0031081,149.0031081,141.8746488,1,0,1,0,0,0,0,0,0,0,0,0,2,0.000872448,0,1,0.000431075,0,1,0.274649275,0,0,0,0,0,272.5223394,0,0,136.2611697,0,0,136.3073552,0,0,1
EPAM,108.2900009,0,0,1,0,0,0.2984,0.7016,0.185759745,0.494142259,0.345608211,0,0,0,0,0,0,0,0,108,217,0,0,0,1,1,1,1,0.260287508,-7.496184587,0.199366587,0.701870738,0.282831653,0.457549164,0.260287508,-7.496184587,0.205445182,0.475305071,0.262660517,-6.49780245,0.260287508,-7.496184587,0.345608211,1.433902102,,,0.067096664,,,1.287823833,,,1.179275747,,,0.067096664,,,1.186846389,,,0.096153966,,,0.067096664,,,0.001478658,0.00062432,0.00045461,0.001478658,0.00083507,1.50E-05,0.001478658,313.2908677,313.2908677,100.3747059,3,,100.3747059,174.5804911,174.5804911,,103.9112255,2,,14.62262608,14.62262608,103.2214056,0,270.6316804,270.6316804,100.3747059,3,,154.137054,46.137054,103.4278934,0,,2.664239618,-214.3357604,106.9643982,-2,,91.10380138,91.10380138,100.3747059,1,,0.260417141,-7.919252447,0.223547841,4.999995039,0.057607968,6.061731989,0.001467213,0.000841683,278.1398194,278.1398194,100.3842545,3,,169.5389703,169.5389703,109.39467,2,,1,,,,,,,,,,2.63403672,0.015394454,0,2.63403672,0,-1.319419896,2.939744968,0.78124845,0.87801224,,,,0,301.1241178,0,0,301.1241178,0,-106.9643982,301.1527635,109.39467,100.3747059,1
EQT,50.16999817,0,0,1,0,0,0.2524,0.7476,0.374303898,0.266527197,0.30603678,0,0,0,0,0,0,0,0,0,0,0,151,0,1,1,1,1,0.274089546,-7.595008555,0.344397144,0.279595602,0.288084019,0.442773284,0.274089546,-7.595008555,0.333469072,0.212851804,0.272381659,-6.084632124,0.274089546,-7.595008555,0.30603678,1.394330671,,,0.08008306,,,1.097397679,,,1.158567418,,,0.08008306,,,1.073318257,,,0.132308374,,,0.08008306,,,0.001591202,0.00047565,0.000398212,0.001591202,0.000695138,1.85E-05,0.001591202,337.1361592,337.1361592,47.8079918,7,,95.6159836,133.0075376,133.0075376,,48.00821136,3,,12.8085823,12.8085823,48.44442371,0,291.2300827,291.2300827,47.8079918,6,,128.308405,128.308405,47.95950936,3,,3.283747381,3.283747381,47.65471066,0,,98.03792212,98.03792212,47.8079918,2,,0.274054051,-8.019498732,0.307816138,4.718323744,0.069543862,4.799151837,0.001578743,0.000619942,299.2826558,299.2826558,47.84920293,6,,124.8740489,-26.12595105,52.92562114,0,,1,,,,,,,,,,6.309204447,0.003664392,0,5.407889526,0.002123714,0,6,0,1.802629842,,,,0.004175388,286.8479508,0,0,239.039959,0,0,287.0952176,0,95.6159836,1
ERIE,221.0899963,0,0,1,0,0,0.0924,0.9076,0.031821798,0.317154812,0.483804771,0,0,663,0,663,0,0,884,0,0,663,0,663,1,1,1,1,0.063258508,-6.085437244,0.036091802,3.065012408,0.067810182,2.132847064,0.063258508,-6.085437244,0.038171674,2.080420386,0.064718031,-16.55501721,0.063258508,-6.085437244,0.483804771,1.572098662,0,0,0.063728621,0,0,4.001409689,0,0,2.624589341,0,0,0.063728621,0,0,2.563070651,0,0,0.000558822,0,0,0.063728621,0,0,0.001974233,0.00280314,0.001475442,0.001974233,0.00236814,1.25E-07,0.001974233,418.2908672,418.2908672,209.9927369,2,0,209.9927369,783.8508248,120.8508248,0,219.4432778,1,0,47.45790746,47.45790746,218.1450879,0,361.3343764,-522.6656236,220.3418441,-2,0,437.1108248,437.1108248,218.2379397,2,0,0.022239213,0.022239213,212.5069476,0,0,121.6374048,121.6374048,209.9927369,1,0,0.063319835,-6.470370442,0.045038481,3.72034443,0.053543027,5.382357281,0.001990537,0.000947654,377.3465069,-285.6534931,220.3418441,-1,0,190.8845907,190.8845907,220.6952565,1,0,1,0,0,0,0,0,0,0,0,0,1.157267077,0.146785954,0,-1.157267077,0.135254656,0,-0.654151463,0.216265042,0.578633538,0,0,0,0,209.9927369,0,0,-220.3418441,0,0,-220.3418441,0,209.9927369,1
ES,64.5,0,0,1,0,0,0.0744,0.9256,0.183770883,0.090794979,0.343551488,0,0,0,0,0,0,0,0,0,0,0,64,0,1,1,1,1,0.086993248,-6.255380356,0.145382319,0.999005239,0.100007659,1.54318599,0.086993248,-6.255380356,0.13388145,0.763149422,0.085926461,-15.32751309,0.086993248,-6.255380356,0.343551488,1.431845379,0,0,0.105879153,0,0,1.431334182,0,0,1.740110037,0,0,0.105879153,0,0,1.315140148,0,0,0.004078497,0,0,0.105879153,0,0,0.002320973,0.000689918,0.000666875,0.002320973,0.000921414,6.34E-07,0.002320973,491.756467,491.756467,62.29796572,8,0,124.5959314,192.9239549,192.9239549,0,63.50141479,3,0,21.45017628,21.45017628,63.77126081,0,424.7965477,424.7965477,62.29796572,7,0,170.0743477,170.0743477,63.38813311,3,0,0.112370753,0.112370753,62.92951005,0,0,143.0009238,143.0009238,62.29796572,2,0,0.086977081,-6.644277219,0.11088679,4.489121439,0.092083739,5.009987303,0.002331477,0.000693074,441.9785156,441.9785156,62.30216353,7,0,139.6049062,75.60490625,64.70687996,1,0,1,0,0,0,0,0,0,0,0,0,4.891222925,0.046781788,0,4.279820059,0.027299861,0,4.828514662,0.314878301,1.222805731,0,0,0,0,311.4898286,0,0,249.1918629,0,0,311.5108176,0,62.29796572,1
ETN,436.1099854,1,1,0,1,1,0.5384,0.4616,0.670644391,0.455230126,0.836758062,0,0,0,0,0,0,0,0,0,872,0,0,0,1,1,1,1,0.565259598,-9.679815247,0.642076428,-0.251915295,0.537744585,-0.068232125,0.565259598,-9.679815247,0.631270207,-0.162051401,0.563292998,2.781461808,0.565259598,-9.679815247,0.836758062,1.925051953,,,0.001764613,,,0.847899922,,,0.956295004,,,0.001764613,,,0.899302295,,,6.182524191,,,0.001764613,,,0.000115684,0.001335718,0.001233387,0.000115684,0.001513565,0.003078255,0.000115684,24.51049272,24.51049272,413.0236361,0,,0,373.5111616,373.5111616,,408.6819815,1,,39.67217428,39.67217428,408.6819815,0,21.17302647,21.17302647,413.0236361,0,,279.3735687,279.3735687,408.6819815,1,,545.9287114,-326.0712886,457.6665043,-1,,7.127558736,7.127558736,413.0236361,0,,0.565126965,-10.15920484,0.604162191,-0.783963627,0.001289113,0.598421876,0.000110187,0.000177701,20.888091,20.888091,413.3936866,0,,35.79406624,35.79406624,408.6819815,0,,1,,,,,,,,,,0,0.000991583,0,0,0.000410323,-0.120883278,0,0,0,,,,0,0,0,0,0,0,0,0,0,0,1
ETR,100.9100037,1,1,0,1,1,0.1676,0.8324,0.293953858,0.069456067,0.684283527,101,101,101,0,202,0,0,101,101,0,0,0,303,1,1,1,1,0.186577202,-6.968411422,0.258134426,0.492118051,0.122987415,1.275278071,0.186577202,-6.968411422,0.246587165,0.370853154,0.185248575,-10.05778871,0.186577202,-6.968411422,0.684283527,1.772577418,,,0.01851896,,,1.325388239,,,2.075108339,,,0.01851896,,,1.236505428,,,0.00315923,,,0.01851896,,,0.000894544,0.00150082,0.001908164,0.000894544,0.001629975,1.14E-06,0.000894544,189.5316891,88.53168914,98.46087375,1,,98.46087375,419.6790544,217.6790544,,98.86043587,2,,61.37651112,61.37651112,99.52312127,1,163.7241452,62.72414525,98.46087375,1,,300.860484,199.860484,98.84192299,2,,0.201620853,0.201620853,98.53651419,0,,55.11509956,55.11509956,98.46087375,1,,0.186327825,-7.374614476,0.219528311,4.999235535,0.014676835,17.49186076,0.000893637,0.004197911,169.4069916,169.4069916,98.4658409,2,,845.5794426,845.5794426,101.1891303,8,,1,,,,,,,,,,0.75873059,0.007568131,0.025411471,0.75873059,0.004297877,0,1.699529333,3.124044491,0.75873059,,,,0.093856554,98.46087375,0,0,98.46087375,0,0,196.9316818,303.5673908,98.46087375,1
EVRG,79.16999817,1,1,0,0,0,0.2304,0.7696,0.345266508,0.117573222,0.420098594,0,0,0,0,0,0,0,0,0,0,0,0,0,1,1,1,1,0.25015471,-7.423632736,0.316318562,0.34094846,0.186831816,0.820686678,0.25015471,-7.423632736,0.306371177,0.256010105,0.248779057,-7.100901134,0.25015471,-7.423632736,0.420098594,1.508392485,0,0,0.047290614,0,0,1.15044059,0,0,1.401213643,0,0,0.047290614,0,0,1.110967821,0,0,0.053999182,0,0,0.047290614,0,0,0.001257034,0.000682993,0.000664824,0.001257034,0.000908144,1.03E-05,0.001257034,266.3341978,266.3341978,77.53836314,3,0,77.53836314,190.9874709,190.9874709,0,77.78589741,2,0,21.38421364,21.38421364,77.95669651,0,230.068856,230.068856,77.53836314,3,0,167.6249255,167.6249255,77.69201305,2,0,1.826168426,1.826168426,77.53338277,0,0,77.44897909,77.44897909,77.53836314,1,0,0.249927833,-7.842144491,0.282068479,4.864657348,0.039816639,7.386032134,0.001248777,0.001168759,236.7309684,236.7309684,77.55580406,3,0,235.4215065,235.4215065,79.317306,3,0,1,0,0,0,0,0,0,0,0,0,2.58329639,0.003632683,0,2.58329639,0.002048162,0,2.882776416,1.109291771,0.861098797,0,0,0,0,232.6150894,0,0,232.6150894,0,0,232.6674122,79.317306,77.53836314,1
EW,85.15000153,0,0,1,0,0,0.1744,0.8256,0.18814638,0.279079498,0.401925804,0,0,0,0,0,0,0,0,0,0,0,426,0,1,1,1,1,0.177672888,-6.904655642,0.18560588,0.764749199,0.206797849,0.725217099,0.177672888,-6.904655642,0.184485817,0.54140319,0.177386664,-10.44615538,0.177672888,-6.904655642,0.401925804,1.490219695,,,0.063645301,,,1.356728747,,,1.335500574,,,0.063645301,,,1.241075678,,,0.015495317,,,0.063645301,,,0.001617542,0.000767332,0.000602926,0.001617542,0.000978735,2.82E-06,0.001617542,342.7168919,342.7168919,82.2447808,4,,82.2447808,214.5715807,214.5715807,,83.38557304,3,,19.39323929,19.39323929,83.342807,0,296.0509161,296.0509161,82.2447808,4,,180.6545998,180.6545998,83.15172788,2,,0.499620851,0.499620851,82.55604941,0,,99.66077813,99.66077813,82.2447808,1,,0.177714372,-7.311296119,0.181789294,4.929067657,0.054114763,7.144345431,0.001614724,0.001095699,306.1035162,306.1035162,82.32473365,4,,220.705128,-205.294872,88.96101539,-2,,1,,,,,,,,,,2.979641846,0.027414438,0,2.979641846,0.009159919,0,3.340940683,-0.759240874,0.744910462,,,,2.474694345,246.7343424,0,0,246.7343424,0,0,246.9742009,-88.96101539,82.2447808,1
EWT,116.3300018,1,1,0,1,1,0.764,0.236,0.88106603,0.990376569,0.93279594,0,0,233,0,233,0,0,0,0,0,0,0,233,1,1,1,1,0.789798676,-11.2875375,0.857689742,-1.021063754,0.872114808,-1.228104801,0.789798676,-11.2875375,0.848187954,-0.671409906,0.7877465,4.995112813,0.789798676,-11.2875375,0.93279594,2.021089831,0,0,0.000355378,0,0,0.487503348,0,0,0.421413881,0,0,0.000355378,0,0,0.62348612,0,0,33.60737799,0,0,0.000355378,0,0,2.79E-05,0.000933129,0.000663595,2.79E-05,0.001212063,0.020266077,2.79E-05,5.910800461,5.910800461,112.8125674,0,0,0,260.9338269,27.93382689,0,112.0261064,0,0,21.34469324,21.34469324,112.0261064,0,5.105957519,5.105957519,112.8125674,0,0,223.7222572,223.7222572,112.0261064,2,0,3594.189494,3594.189494,118.5892879,30,0,1.718838456,1.718838456,112.8125674,0,0,0.789878003,-11.81137219,0.82469361,-9.438094177,0.000245818,0.001305732,2.57E-05,4.40E-07,4.86554422,4.86554422,112.8420139,0,0,0.088556798,0.088556798,112.5795453,0,0,1,0,0,0,0,0,0,0,0,0,0,0,0,0,0.014087227,11.69585251,0,0,0,0,0,0,5.526239101,0,0,0,0,0,1423.071454,0,0,0,1
EWY,191.8800049,1,1,0,1,1,0.6784,0.3216,0.887828162,0.80251046,0.614278923,0,384,0,0,384,0,0,0,0,0,0,0,384,1,1,1,1,0.719810191,-10.78641295,0.841290635,-0.911178966,0.780640256,-0.671971821,0.719810191,-10.78641295,0.82342414,-0.569421038,0.716560349,4.729466051,0.719810191,-10.78641295,0.614278923,1.702572814,,,0.00321513,,,0.615774007,,,0.699364342,,,0.00321513,,,0.738590225,,,12.3881523,,,0.00321513,,,0.000133788,0.00059346,0.000545168,0.000133788,0.00086412,0.003804263,0.000133788,28.3462957,28.3462957,184.3307759,0,,0,165.9510342,-218.0489658,,196.9352223,-1,,17.53544875,17.53544875,182.0990354,0,24.48652811,24.48652811,184.3307759,0,,159.4991436,159.4991436,182.0990354,1,,674.686202,674.686202,197.3545643,3,,8.242995758,8.242995758,184.3307759,0,,0.719806775,-11.29627158,0.780198231,-7.37868804,0.002451135,0.019712567,0.000126463,4.26E-06,23.97366713,23.97366713,184.3414096,0,,0.858816887,0.858816887,184.0026043,0,,1,,,,,,,,,,0,-0.012972611,0,0,0.005066255,1.048492928,0,0,0,,,,101.6952661,0,0,0,0,0,197.3545643,0,0,0,1
EXC,40.72999954,0,0,1,0,0,0.0428,0.9572,0.189339698,0.034728033,0.499913008,0,0,0,0,0,0,0,0,0,0,0,0,0,1,1,1,1,0.052669958,-6.009622166,0.117053304,1.23585228,0.051391979,2.621848433,0.052669958,-6.009622166,0.10132415,0.991459342,0.051813212,-17.31953292,0.052669958,-6.009622166,0.499913008,1.588206899,0,0,0.062033226,0,0,1.771297341,0,0,3.363162939,0,0,0.062033226,0,0,1.581944343,0,0,0.000331423,0,0,0.062033226,0,0,0.001995602,0.001292518,0.001971335,0.001995602,0.001506423,7.74E-08,0.001995602,422.8185566,422.8185566,39.59309414,11,0,118.7792824,361.4310162,361.4310162,0,40.17595513,9,0,63.40842726,63.40842726,40.46254925,2,365.2455538,365.2455538,39.59309414,9,0,278.0551335,278.0551335,40.12612519,7,0,0.013729351,0.013729351,39.90351597,0,0,122.9540397,122.9540397,39.59309414,3,0,0.052635244,-6.391826941,0.074768601,4.110394533,0.051980054,6.695875289,0.002015127,0.001210347,382.0080124,382.0080124,39.6251432,10,0,243.7985882,243.7985882,40.75134273,6,0,1,0,0,0,0,0,0,0,0,0,6.207361632,0.214780902,0.214815288,5.078750426,0.107514709,0,6.383664319,1.583938427,1.692916809,0,0,0,0.005024469,237.5585648,0,0,197.9654707,0,0,237.7508592,81.50268545,79.18618827,1
EXE,85.51999664,0,0,1,0,0,0.066951567,0.933048433,0.174188999,0.175425039,0.631909313,0,0,0,0,0,0,0,0,0,0,0,0,0,1,1,1,1,0.078816571,-6.19683453,0.135416797,1.073398829,0.115038307,1.358457873,0.078816571,-6.19683453,0.123924135,0.822919557,0.077779499,-15.79478752,0.078816571,-6.19683453,0.631909313,1.720203204,,,0.034685763,,,1.790074187,,,2.089417217,,,0.034685763,,,1.562655286,,,0.000190138,,,0.034685763,,,0.001499436,0.001797801,0.001699009,0.001499436,0.001884869,6.08E-08,0.001499436,317.6932305,317.6932305,81.53734415,4,,81.53734415,502.724842,502.724842,,83.67623943,6,,54.64899815,54.64899815,83.85330628,1,274.4345964,274.4345964,81.53734415,3,,347.9086471,347.9086471,83.52459361,4,,0.010783708,0.010783708,82.79910687,0,,92.38399186,92.38399186,81.53734415,1,,0.078829526,-6.584383732,0.101546923,4.401189988,0.028109461,10.88507052,0.001513005,0.002417763,286.8205643,286.8205643,81.6046732,4,,487.0065994,487.0065994,85.85501027,6,,1,,,,,,,,,,2.400047387,0.108017348,0.028834497,1.80003554,0.042324787,0,2.70963182,1.815981873,0.600011847,,,,0.000541734,163.0746883,0,0,163.0746883,0,0,244.8140196,171.7100205,81.53734415,1
EXPD,192.4700012,0,0,1,0,0,0.66,0.34,0.703659507,0.946025105,0.697874214,0,0,0,0,0,0,0,0,0,0,0,0,0,1,1,1,1,0.670468489,-10.43312143,0.695653441,-0.369031985,0.756272196,-0.580424903,0.670468489,-10.43312143,0.69212952,-0.253507401,0.669562368,4.331906501,0.670468489,-10.43312143,0.697874214,1.786168105,0,0,0.002353227,0,0,0.807295632,0,0,0.714131197,0,0,0.002353227,0,0,0.863248485,0,0,12.33968233,0,0,0.002353227,0,0,0.00011693,0.000942519,0.000677568,0.00011693,0.001163972,0.00457593,0.00011693,24.7745605,24.7745605,186.3289977,0,0,0,263.559438,263.559438,0,184.760622,1,0,21.79413371,21.79413371,184.760622,0,21.40113751,21.40113751,186.3289977,0,0,214.8456681,214.8456681,184.760622,1,0,811.5413476,811.5413476,193.0263038,4,0,7.204348649,7.204348649,186.3289977,0,0,0.670593275,-10.93449823,0.683588883,-3.452540545,0.001759364,0.134967108,0.00011054,3.30E-05,20.95509669,20.95509669,186.3498719,0,0,6.654368259,6.654368259,184.760622,0,0,1,0,0,0,0,0,0,0,0,0,0,0.002127884,0,0,0.001004156,1.172838371,0,0,0,0,0,0,0,0,0,0,0,0,193.0263038,0,0,0,1
EXPE,265,0,0,1,0,0,0.1292,0.8708,0.150357995,0.332217573,0.420008956,0,0,0,0,0,0,0,0,0,0,0,0,0,1,1,1,1,0.133923985,-6.591409127,0.14617761,0.993413696,0.175123287,0.884273242,0.133923985,-6.591409127,0.144398451,0.707166352,0.133514053,-12.70418587,0.133923985,-6.591409127,0.420008956,1.508302847,0,0,0.066605323,0,0,1.504225584,0,0,1.43824426,0,0,0.066605323,0,0,1.337276144,0,0,0.005400678,0,0,0.066605323,0,0,0.001770049,0.000892815,0.000682228,0.001770049,0.001092943,1.03E-06,0.001770049,375.0294696,375.0294696,242.8342736,2,0,0,249.6608185,249.6608185,0,255.5876347,1,0,21.94399821,21.94399821,254.9027809,0,323.9636582,323.9636582,242.8342736,1,0,201.7352527,201.7352527,253.5021476,1,0,0.18259983,0.18259983,249.8043204,0,0,109.0571537,109.0571537,242.8342736,0,0,0.133974379,-6.989759059,0.140161665,4.719516119,0.0565468,6.956320647,0.001773056,0.001100593,336.118507,336.118507,242.9477898,1,0,221.6909315,221.6909315,268.5715313,1,0,1,0,0,0,0,0,0,0,0,0,1.357708571,0.015419856,0,0.678854286,0.007813816,0,0.763386433,0.348028631,0,0,0,0,0,242.8342736,0,0,242.8342736,0,0,242.9477898,0,0,1
F,12.10000038,0,0,1,0,0,0.0712,0.9288,0.058870326,0.090794979,0.32819522,0,0,36,0,36,0,0,0,0,0,0,0,36,1,1,1,1,0.067781857,-6.117824871,0.060778191,2.144737859,0.071848009,2.037824902,0.067781857,-6.117824871,0.061578583,1.492862493,0.068009408,-16.36215963,0.067781857,-6.117824871,0.32819522,1.416489111,0,0,0.11882392,0,0,2.110147246,0,0,2.033040858,0,0,0.11882392,0,0,1.681669219,0,0,0.003356022,0,0,0.11882392,0,0,0.002502832,0.000974166,0.000745442,0.002502832,0.001141189,5.00E-07,0.002502832,530.2878591,530.2878591,11.64101402,46,0,151.3331823,272.4091329,236.4091329,0,11.9652231,20,0,23.97730922,23.97730922,11.95608393,2,458.0813207,458.0813207,11.64101402,39,0,210.6404665,210.6404665,11.92616386,18,0,0.08862399,0.08862399,11.76038385,0,0,154.2057071,154.2057071,11.64101402,13,0,0.067798171,-6.503291134,0.063822517,3.975009702,0.103900174,3.990929883,0.002516607,0.000536948,477.0737286,477.0737286,11.65533621,41,0,108.1566034,108.1566034,12.1233679,9,0,1,0,0,0,0,0,0,0,0,0,26.9012177,1.437468901,0.129772823,22.80755414,0.626804556,0,27.09382216,2.221973737,7.602518046,0,0,0,0.131398625,314.3073785,11.9652231,0,267.7433225,11.92616386,0,314.6940777,24.2467358,93.12811216,1
FANG,184.7100067,0,0,1,0,0,0.118,0.882,0.175417661,0.277405858,0.450247681,0,0,0,0,0,0,0,0,0,0,0,0,0,1,1,1,1,0.128329307,-6.551350673,0.161447652,0.894551938,0.170887724,0.908919899,0.128329307,-6.551350673,0.156192166,0.651544797,0.127467443,-13.02746574,0.128329307,-6.551350673,0.450247681,1.538541572,,,0.059454096,,,1.4702085,,,1.47933764,,,0.059454096,,,1.324067266,,,0.003651244,,,0.059454096,,,0.001700451,0.000944755,0.000761217,0.001700451,0.001147656,7.53E-07,0.001700451,360.2834048,360.2834048,175.5358824,2,,175.5358824,264.1847282,264.1847282,,180.1047108,1,,24.48472469,24.48472469,180.1696958,0,311.2254883,311.2254883,175.5358824,2,,211.8340327,211.8340327,179.6920766,1,,0.133479469,0.133479469,177.330656,0,,104.7690537,104.7690537,175.5358824,1,,0.128363852,-6.94851551,0.144132563,4.745486667,0.050103559,7.725460616,0.001704583,0.001286527,323.1381913,323.1381913,175.5967764,2,,259.1433808,259.1433808,187.0303519,1,,1,,,,,,,,,,1.341256114,0.012503487,0,1.341256114,0.006632978,0,1.508808369,0.351869433,0.670628057,,,,0,175.5358824,0,0,175.5358824,0,0,351.1935528,0,175.5358824,1
FAST,50.75,0,0,1,0,0,0.6076,0.3924,0.581145585,0.554393305,0.81856316,0,0,0,0,0,0,0,0,0,0,0,0,0,1,1,1,1,0.600856241,-9.934690771,0.58566902,-0.145812169,0.579362389,-0.145614157,0.600856241,-9.934690771,0.587614142,-0.104936297,0.601378033,3.440985296,0.600856241,-9.934690771,0.81856316,1.906857051,,,0.001641066,,,0.910177729,,,0.910294064,,,0.001641066,,,0.934511075,,,9.216596779,,,0.001641066,,,0.000103869,0.001380369,0.001129223,0.000103869,0.001529214,0.004420594,0.000103869,22.00715646,22.00715646,49.46511694,0,,0,385.9968836,385.9968836,,49.21793007,8,,36.32169642,36.32169642,49.21793007,1,19.01055648,19.01055648,49.46511694,0,,282.2619737,282.2619737,49.21793007,6,,783.9925231,783.9925231,50.54922585,16,,6.399598002,6.399598002,49.46511694,0,,0.600829072,-10.42165459,0.592649455,-0.439037269,0.001198454,0.753233957,9.85E-05,0.000218257,18.6756663,18.6756663,49.47546924,0,,43.96325503,43.96325503,49.21793007,1,,1,,,,,,,,,,0,0.002657649,0.000331304,0,0.00103234,2.960094952,0,0.003011777,0,,,,0.101394406,0,0,0,0,0,151.6476775,0,0,0,1
FCX,72.04000092,0,0,1,0,0,0.4804,0.5196,0.471758154,0.559832636,0.659425825,0,0,0,0,0,0,0,0,0,0,0,288,0,1,1,1,1,0.478398231,-9.057879171,0.473372408,0.044413476,0.502740601,-0.004933194,0.478398231,-9.057879171,0.473944255,0.030547463,0.478498148,0.896275844,0.478398231,-9.057879171,0.659425825,1.747719716,,,0.006363849,,,1.025106565,,,0.997249529,,,0.006363849,,,1.01720128,,,1.649383343,,,0.006363849,,,0.000291746,0.00109702,0.00086543,0.000291746,0.001285972,0.000561449,0.000291746,61.81369035,61.81369035,67.92708215,1,,0,306.7632687,306.7632687,,67.40552145,5,,27.8367297,27.8367297,67.40552145,0,53.39684178,53.39684178,67.92708215,1,,237.3643855,237.3643855,67.40552145,4,,99.57293971,99.57293971,69.80227388,1,,17.97518775,17.97518775,67.92708215,0,,0.478450057,-9.522034212,0.475633121,2.465221702,0.004911061,3.960469818,0.000282158,0.000916464,53.48879809,53.48879809,67.93067583,1,,184.6020749,-103.3979251,77.15045413,-1,,1,,,,,,,,,,1,0.000154106,0,1,5.83E-05,0.012551725,1,-0.094958094,0,,,,0.002441486,67.92708215,0,0,67.92708215,0,0,67.93067583,0,0,1
FDS,266,0,0,1,0,0,0.246,0.754,0.108989658,0.656903766,0.360053399,0,0,266,0,266,0,0,0,0,0,0,0,266,1,1,1,1,0.188662307,-6.983340987,0.121179412,1.196004713,0.207848,0.720582878,0.188662307,-6.983340987,0.12693045,0.804099311,0.191844367,-9.73578084,0.188662307,-6.983340987,0.360053399,1.44834729,0,0,0.075261177,0,0,1.5574156,0,0,1.305936683,0,0,0.075261177,0,0,1.346969109,0,0,0.027150544,0,0,0.075261177,0,0,0.001721272,0.000785909,0.000524558,0.001721272,0.000976282,4.41E-06,0.001721272,364.6947214,364.6947214,250.9898706,1,0,0,219.7662333,-46.23376671,0,284.9657402,0,0,16.87253306,16.87253306,257.5548148,0,315.0361388,315.0361388,250.9898706,1,0,180.2019953,180.2019953,258.1930678,1,0,0.782553556,0.782553556,252.8432089,0,0,106.0518479,106.0518479,250.9898706,0,0,0.188813659,-7.392888088,0.145192638,4.752206464,0.064667497,5.814338833,0.001716289,0.000828488,325.3572827,325.3572827,251.4696533,1,0,166.8812235,166.8812235,268.2771225,1,0,1,0,0,0,0,0,0,0,0,0,0.761985177,0,0,0.761985177,0.010102745,0,0.853981161,0.352866661,0,0,0,0,0,250.9898706,0,0,250.9898706,0,0,251.4696533,0,0,1
FDX,290.3599854,0,0,1,0,0,0.1672,0.8328,0.213603819,0.206694561,0.436241546,0,0,0,0,0,0,0,0,0,0,0,0,0,1,1,1,1,0.176570876,-6.896765126,0.203499264,0.684259075,0.193940451,0.784987777,0.176570876,-6.896765126,0.199574904,0.492750952,0.175832732,-10.52350258,0.176570876,-6.896765126,0.436241546,1.524535437,,,0.054568688,,,1.334484435,,,1.392389429,,,0.054568688,,,1.230952201,,,0.011823656,,,0.054568688,,,0.001508781,0.000826728,0.00069011,0.001508781,0.001038444,2.35E-06,0.001508781,319.6732415,319.6732415,278.0690108,1,,0,231.180646,231.180646,,283.333116,1,,22.19752822,22.19752822,283.8182962,0,276.1449996,276.1449996,278.0690108,1,,191.6756889,191.6756889,282.6893461,1,,0.416962631,0.416962631,279.3529046,0,,92.9597716,92.9597716,278.0690108,0,,0.176576499,-7.3029315,0.190042914,4.954147987,0.045978967,8.077749753,0.001506549,0.001313818,285.5967116,285.5967116,278.1608788,1,,264.6405164,264.6405164,292.6045906,1,,1,,,,,,,,,,0.743208894,0.007315789,0,0.743208894,0.003793805,0,0.833325133,0.383493473,0,,,,0,278.0690108,0,0,278.0690108,0,0,278.1608788,0,0,1
FE,43.34000015,0,0,1,0,0,0.0372,0.9628,0.125696102,0.076150628,0.414674341,0,0,0,0,0,0,0,0,0,0,0,87,0,1,1,1,1,0.044916569,-5.954107126,0.088141855,1.59256002,0.062902689,2.259964178,0.044916569,-5.954107126,0.078429345,1.234116796,0.04423308,-17.77481117,0.044916569,-5.954107126,0.414674341,1.502968232,0,0,0.088393825,0,0,1.913388586,0,0,2.511309341,0,0,0.088393825,0,0,1.653395387,0,0,0.000715732,0,0,0.088393825,0,0,0.00231848,0.001119684,0.001174054,0.00231848,0.001337203,1.35E-07,0.00231848,491.2282333,491.2282333,42.31815029,12,0,126.9544509,313.1007163,313.1007163,0,42.89377875,7,0,37.76369215,37.76369215,42.99873893,1,424.3402409,424.3402409,42.31815029,10,0,246.8205624,246.8205624,42.85550248,6,0,0.02386426,0.02386426,42.57300561,0,0,142.8473154,142.8473154,42.31815029,3,0,0.044917752,-6.335094887,0.060930427,3.937638516,0.075684373,4.974670869,0.002338813,0.000779903,443.3692605,443.3692605,42.33075719,10,0,157.0947377,70.09473773,43.26725788,2,0,1,0,0,0,0,0,0,0,0,0,6.647135938,0.277402061,0.07980372,5.539279949,0.1427854,0,6.270848003,0.484531159,1.661783985,0,0,0,0.036563794,296.227052,0,0,253.9089017,0,0,253.9845432,0,84.63630058,1
FICO,661.25,0,0,1,0,0,0.0116,0.9884,0.066428003,0.00251046,0.619085306,661,0,9919,0,9919,0,0,1322,2645,0,661,0,10580,1,1,1,1,0.014385562,-5.735502061,0.035402076,3.101615797,0.005746834,6.797713089,0.014385562,-5.735502061,0.030109946,2.399480736,0.014180682,-19.62505756,0.014385562,-5.735502061,0.619085306,1.707379197,,,0.04650192,,,5.255310176,,,37.95880964,,,0.04650192,,,3.609701793,,,2.76E-05,,,0.04650192,,,0.001955329,0.00512232,0.00994158,0.001955329,0.004258602,8.56E-09,0.001955329,414.2856411,-246.7143589,654.117475,0,,0,1432.370455,-8486.629545,,707.4380501,-12,,319.7730875,319.7730875,668.6198698,0,357.8745211,-964.1254789,654.117475,-1,,786.0517327,-1858.948267,707.4380501,-3,,0.00151853,0.00151853,628.3151577,0,,120.4727001,120.4727001,604.3454424,0,,0.014333164,-6.110264523,0.021228252,3.35696926,0.038054177,6.024550097,0.001986241,0.001312564,376.5320418,-284.4679582,654.117475,0,,264.387883,264.387883,657.592105,0,,1,0.04624718,0.051740297,0.005092708,0.051540942,0.04624718,0.26596191,0.05052842,0.032111619,0.04624718,0,-1.803753854,0,-0.513999748,-0.269883178,0,0,0,0,-0.48426766,0.48426766,0.026633445,0,0,-1414.8761,0,-654.117475,0,0,0,0,0,1
FIS,32.43999863,0,0,1,0,0,0.0104,0.9896,0.014319809,0.033472803,-0.065237038,0,0,0,0,0,0,0,0,0,0,0,714,0,1,1,1,1,0.011155177,-5.712372186,0.013424788,4.9744595,0.015589666,5.080010932,0.011155177,-5.712372186,0.013074609,3.530490942,0.011091349,-19.81935499,0.011155177,-5.712372186,-0.065237038,1.023056853,0,0,0.877907653,0,0,1.120072153,0,0,1.122770348,0,0,0.877907653,0,0,1.083804737,0,0,0.636492022,0,0,0.877907653,0,0,0.005545763,0.00014066,0.000108436,0.005545763,0.000280642,2.63E-05,0.005545763,1175.009433,1175.009433,31.2979236,38,0,344.2771596,39.33323829,39.33323829,0,32.5870611,1,0,3.48786799,3.48786799,32.59282911,0,1015.014512,1015.014512,31.2979236,32,0,51.80088985,51.80088985,32.3107988,2,0,4.671593666,4.671593666,31.50130725,0,0,341.6883063,341.6883063,31.2979236,11,0,0.011159415,-6.086933974,0.012260916,3.208358931,0.870443847,1.075875486,0.005534405,6.25E-05,1049.15816,1049.15816,31.29909892,34,0,12.59079866,-701.4092013,33.79869099,-21,0,1,0,0,0,0,0,0,0,0,0,19.37477262,0.386644489,0,16.315598,0.389511447,0,19.68321902,-3.377576682,5.608486811,0,0,0,0,594.6605485,0,0,500.7667777,0,0,625.9819784,-101.396073,187.7875416,1
FISV,44.36000061,0,0,1,0,0,0.024,0.976,0.031424025,0.085355649,0.140884092,0,0,0,0,0,0,0,0,0,0,0,444,0,1,1,1,1,0.025495468,-5.815050102,0.029799461,3.433609236,0.035889305,3.326249146,0.025495468,-5.815050102,0.029147459,2.444025467,0.025368027,-18.92784039,0.025495468,-5.815050102,0.140884092,1.229177983,,,0.301221251,,,2.030963463,,,1.986465654,,,0.301221251,,,1.655849214,,,0.020127317,,,0.301221251,,,0.003753456,0.000531578,0.000407188,0.003753456,0.000738331,1.72E-06,0.003753456,795.2640041,795.2640041,42.19139421,19,,210.956971,148.6467927,148.6467927,,44.14037488,3,,13.09729711,13.09729711,44.1084979,0,686.9770428,686.9770428,42.19139421,16,,136.2809385,136.2809385,43.87569935,3,,0.304178528,0.304178528,42.8916885,0,,231.2597696,231.2597696,42.19139421,5,,0.025506112,-6.192397981,0.027620606,3.458978572,0.278656812,2.041623133,0.003767631,0.000190487,714.230494,714.230494,42.19617151,17,,38.3696073,-405.6303927,46.54672099,-9,,1,,,,,,,,,,10.03877103,0.552640893,0,8.453701922,0.279996585,0,10.1856012,-1.682512419,2.641781851,,,,0,421.9139421,44.14037488,0,337.5311536,0,0,421.9617151,-93.09344198,126.5741826,1
FITB,50.86999893,0,0,1,0,0,0.0956,0.9044,0.213206046,0.256066946,0.533414279,0,0,0,0,0,0,0,0,0,0,0,0,0,1,1,1,1,0.110522265,-6.42385047,0.174801419,0.819359735,0.159413349,0.98074448,0.110522265,-6.42385047,0.162570595,0.624126644,0.10923342,-14.02005073,0.110522265,-6.42385047,0.533414279,1.62170817,0,0,0.044788523,0,0,1.486083388,0,0,1.606680678,0,0,0.044788523,0,0,1.352226863,0,0,0.001138078,0,0,0.044788523,0,0,0.001556572,0.001178854,0.001025915,0.001556572,0.00136977,2.89E-07,0.001556572,329.7989002,329.7989002,48.51522609,7,0,97.03045219,329.6466739,329.6466739,0,49.80615019,7,0,32.99876688,32.99876688,49.8916446,1,284.8919,284.8919,48.51522609,6,0,252.8317961,252.8317961,49.53773378,5,0,0.051181277,0.051181277,49.12066917,0,0,95.9042749,95.9042749,48.51522609,2,0,0.11054479,-6.817525808,0.13761374,4.702187756,0.037025904,9.712501086,0.001563996,0.001852804,296.4870113,296.4870113,48.52925865,6,0,373.2076799,373.2076799,51.24205332,7,0,1,0,0,0,0,0,0,0,0,0,4.513452875,0.073428947,0.015029058,3.868673893,0.030432349,0,4.357374201,2.41834356,1.289557964,0,0,0,0.00275226,242.5761305,0,0,194.0609044,0,0,194.1170346,102.4841066,48.51522609,1
FIVN,34.36000061,0,0,1,0,0,0.522,0.478,0.394988067,0.987029289,0.40871411,0,0,0,0,0,0,0,0,0,206,0,0,0,1,1,1,1,0.484604116,-9.102313933,0.413269953,0.147701713,0.557364879,-0.104288376,0.484604116,-9.102313933,0.421021845,0.094173304,0.486993535,1.111075666,0.484604116,-9.102313933,0.40871411,1.497008001,,,0.025412947,,,1.061404447,,,0.958795884,,,0.025412947,,,1.038727033,,,1.565623234,,,0.025412947,,,0.000656825,0.00061132,0.000441,0.000656825,0.000830257,0.000289776,0.000656825,139.1648372,139.1648372,31.97497123,4,,31.97497123,170.9453694,170.9453694,,31.74328464,5,,14.18486188,14.18486188,31.52330502,0,120.2154855,120.2154855,31.97497123,4,,153.2485894,153.2485894,31.52330502,5,,51.39183791,-154.6081621,37.40096707,-4,,40.4686092,40.4686092,31.97497123,1,,0.484823116,-9.568883209,0.443358857,3.073515639,0.021052363,3.455843588,0.000640025,0.000536262,121.3296093,121.3296093,31.98931498,4,,108.0184402,108.0184402,33.99668529,3,,1,,,,,,,,,,4,0.001704359,0,4,0.00069286,-0.077155571,4,0.442804612,1,,,,0.308250937,127.8998849,0,0,127.8998849,0,0,127.9572599,0,31.97497123,1
FIX,1728.01001,1,1,0,1,1,0.6548,0.3452,0.789180589,0.19958159,1.180715915,0,0,3456,0,3456,0,0,0,0,1728,0,0,3456,1,1,1,1,0.68004665,-10.50170202,0.758582107,-0.544192369,0.373230854,0.239861549,0.68004665,-10.50170202,0.749428576,-0.362075813,0.679210752,4.427937432,0.68004665,-10.50170202,1.036381153,2.124675044,0,0,0.000365487,0,0,0.663574838,0,0,1.198132614,0,0,0.000365487,0,0,0.761193894,0,0,28.13395482,0,0,0.000365487,0,0,3.45E-05,0.001551327,0.002315782,3.45E-05,0.001715796,0.020652866,3.45E-05,7.314191597,7.314191597,1599.270221,0,0,0,433.8024464,-3022.197554,0,1805.821748,-2,0,74.48764781,74.48764781,1599.281975,0,6.318256186,6.318256186,1599.270221,0,0,316.7011629,316.7011629,1578.90572,0,0,3662.786505,1934.786505,1765.078269,1,0,2.126939299,2.126939299,1599.270221,0,0,0.67885596,-10.99523805,0.72152018,-4.905017065,0.000251965,0.024809878,3.23E-05,9.50E-06,6.124687859,6.124687859,1599.476626,0,0,1.914305959,1.914305959,1579.052892,0,0,1,0,0,0,0,0,0,0,0,0,0,-0.009254542,0,0,0,0.306353592,0,0,0,0,0,0,0,0,0,0,0,0,0,0,0,0,1
FN,463.6900024,1,1,0,1,1,0.7568,0.2432,0.958631663,0.09958159,0.720021424,0,0,6955,0,6955,0,0,0,3246,0,0,0,6955,1,1,1,1,0.787469466,-11.27086012,0.905793812,-1.503917358,0.231158269,0.625903554,0.787469466,-11.27086012,0.895357577,-0.963200154,0.788731062,4.995944666,0.787469466,-11.27086012,0.720021424,1.808315315,,,0.001259792,,,0.410280546,,,1.448867969,,,0.001259792,,,0.565188725,,,19.28978865,,,0.001259792,,,6.55E-05,0.000503212,0.001445927,6.55E-05,0.000790399,0.007508649,6.55E-05,13.88189654,13.88189654,423.1561841,0,,0,140.714732,-6814.285268,,478.7834424,-14,,46.50856293,46.50856293,438.3137079,0,11.99167092,11.99167092,423.1561841,0,,145.8916715,-3100.108328,483.9718748,-6,,1331.659092,1331.659092,473.8779304,3,,4.036803097,4.036803097,423.1561841,0,,0.783595661,-11.76519007,0.851894971,-10.77508082,0.000939984,0.001689858,6.21E-05,4.27E-07,11.77750353,11.77750353,423.2133313,0,,0.086008324,0.086008324,423.0387167,0,,1,,,,,,,,,,0,-0.494761623,0,0,-0.086976988,1.169974833,0,0,0,,,,31.32687602,0,0,0,0,0,473.8779304,0,0,0,1
FND,45.49000168,0,0,1,0,0,0.150551315,0.849448685,0.188026981,0.18905694,0.320231723,0,0,0,0,0,0,0,0,0,682,0,45,0,1,1,1,1,0.158265635,-6.765697771,0.180017767,0.792362842,0.17436309,0.888628381,0.158265635,-6.765697771,0.176877626,0.56831678,0.157657451,-11.44252306,0.158265635,-6.765697771,0.320231723,1.408525614,,,0.09851507,,,1.311824264,,,1.355802962,,,0.09851507,,,1.214913906,,,0.01984979,,,0.09851507,,,0.002032209,0.000592106,0.000485764,0.002032209,0.000810798,2.89E-06,0.002032209,430.5745579,430.5745579,42.8378926,10,,128.5136778,165.572478,165.572478,,43.56210757,4,,15.6247149,15.6247149,43.59263899,0,371.9454608,371.9454608,42.8378926,9,,149.6569874,149.6569874,43.37855266,3,,0.512681721,-681.4873183,44.96528522,-15,,125.2094556,125.2094556,42.8378926,3,,0.158273563,-7.168384791,0.169215282,4.880383466,0.085821685,5.321438192,0.002031102,0.000705615,385.036356,385.036356,42.84052306,9,,142.1311086,97.13110861,46.13050593,2,,1,,,,,,,,,,7.152291613,0.03923993,0,6.437062452,0.015139873,-15,7.226119759,0.744316962,2.145687484,,,,,299.8652482,0,0,257.0273556,0,-674.4792782,299.8836614,46.13050593,85.67578519,
FNV,239.3000031,0,0,1,0,0,0.1272,0.8728,0.081145585,0.441841004,0.596515855,0,0,0,0,0,0,0,0,0,0,0,0,0,1,1,1,1,0.111930296,-6.433932111,0.086854702,1.612576835,0.136715963,1.149840362,0.111930296,-6.433932111,0.089365804,1.106405961,0.112866171,-13.82017704,0.111930296,-6.433932111,0.596515855,1.684809746,,,0.034864794,,,2.319159823,,,1.821785873,,,0.034864794,,,1.780972562,,,0.000739651,,,0.034864794,,,0.001395555,0.002143269,0.001360346,0.001395555,0.002019954,2.18E-07,0.001395555,295.6834392,295.6834392,226.6576157,1,,0,599.3291784,599.3291784,,234.828814,3,,43.75583066,43.75583066,234.0210472,0,255.4217639,255.4217639,226.6576157,1,,372.8426944,372.8426944,234.0671915,2,,0.038654443,0.038654443,229.6414983,0,,85.98362767,85.98362767,226.6576157,0,,0.112006645,-6.828272046,0.096865963,4.354495222,0.028382396,9.694260021,0.001402567,0.00204078,265.8848495,265.8848495,226.7670833,1,,411.0715472,411.0715472,240.8765888,2,,1,,,,,,,,,,0.646804413,0.12189394,0,0.646804413,0.038254192,0,0.728520299,0.592550895,0,,,,-0.184550427,226.6576157,0,0,226.6576157,0,0,226.7670833,240.8765888,0,1
FOX,55.88999939,0,0,1,0,0,0.208797032,0.791202968,0.206733298,0.646595385,0.353140556,0,0,56,0,56,0,0,56,56,0,56,56,56,1,1,1,1,0.208551693,-7.125750976,0.207273747,0.668638158,0.27366523,0.484209537,0.208551693,-7.125750976,0.207303393,0.46993816,0.208476279,-8.939260386,0.208551693,-7.125750976,0.353140556,1.441434447,0,0,0.073869832,0,0,1.276957159,0,0,1.193685734,0,0,0.073869832,0,0,1.187473103,0,0,0.038061953,0,0,0.073869832,0,0,0.001659798,0.000632165,0.000470157,0.001659798,0.000848573,6.07E-06,0.001659798,351.6700519,351.6700519,53.39426844,7,0,106.7885369,176.7744261,120.7744261,0,54.36582801,2,0,15.12269283,15.12269283,54.27720136,0,303.7849708,247.7849708,53.39426844,5,0,156.6294923,100.6294923,54.29027176,2,0,1.076590655,1.076590655,53.58216882,0,0,102.2643232,102.2643232,53.39426844,2,0,0.20865211,-7.538722529,0.207751695,4.989569307,0.063516906,6.198950123,0.001652924,0.000872453,313.3451381,257.3451381,53.41080204,5,0,175.7369419,119.7369419,56.18818934,2,0,1,0,0,0,0,0,0,0,0,0,5.553660762,0.013971156,0,3.966900544,0.006901309,0,4.440026357,0.777993808,1.586760218,0,0,0,-0.205299484,320.3656107,0,0,213.5770738,0,0,213.6432082,56.18818934,106.7885369,1
FOXA,62.27999878,0,0,1,0,0,0.165254237,0.834745763,0.177181914,0.628233971,0.406146437,0,0,0,0,0,0,0,62,62,0,0,187,0,1,1,1,1,0.168230759,-6.837049055,0.175078256,0.81789578,0.230549454,0.628196325,0.168230759,-6.837049055,0.174046085,0.578794577,0.167928136,-10.91994555,0.168230759,-6.837049055,0.406146437,1.494440328,,,0.064132977,,,1.389009747,,,1.287083735,,,0.064132977,,,1.261790505,,,0.01243665,,,0.064132977,,,0.001647087,0.00079453,0.000587845,0.001647087,0.001003438,2.29E-06,0.001647087,348.9767942,348.9767942,59.46924019,6,,118.9384804,222.1768548,222.1768548,,60.70122715,4,,18.90814946,18.90814946,60.5674269,0,301.45844,239.45844,59.46924019,4,,185.2144338,123.2144338,60.56419936,2,,0.405486757,0.405486757,59.94988385,0,,101.4811341,101.4811341,59.46924019,2,,0.168314177,-7.24219435,0.171734257,4.891149595,0.054499463,7.135112577,0.001645219,0.001102299,311.884379,311.884379,59.48670183,5,,222.0345869,35.03458695,62.71068243,1,,1,,,,,,,,,,4.38236623,0.041809594,0,2.921577486,0.010468849,0,4.097607734,0.373802256,1.460788743,,,,0.067837815,237.8769608,0,0,178.4077206,0,0,237.9468073,0,59.46924019,1
FPS,40.34999847,1,1,0,1,1,0.736842105,0.263157895,0.837349398,0.654761905,1.017841724,0,0,81,161,242,0,0,0,202,4398,0,0,242,1,1,1,1,0.758768933,-11.06536144,0.817142922,-0.778170094,0.732620217,-0.503182706,0.758768933,-11.06536144,0.809312081,-0.520695038,0.757199395,4.930775703,0.758768933,-11.06536144,1.017841724,2.106135615,,,0.000263334,,,0.560109077,,,0.687428086,,,0.000263334,,,0.678519404,,,39.35850073,,,0.000263334,,,2.41E-05,0.001264321,0.001281784,2.41E-05,0.001490263,0.027913297,2.41E-05,5.101695837,5.101695837,36.58890814,0,,0,353.546183,111.546183,,36.05678543,3,,41.2288561,41.2288561,36.05678543,1,4.407024461,4.407024461,36.58890814,0,,275.0723276,73.07232759,36.05678543,2,,4950.424148,552.4241481,42.00542479,13,,1.483553886,1.483553886,36.58890814,0,,0.758654842,-11.58184761,0.789118337,-7.778849248,0.000179238,0.00304543,2.22E-05,1.14E-06,4.202699802,4.202699802,36.59824519,0,,0.229727348,0.229727348,36.23359077,0,,1,,,,,,,,,,0,0.028385095,0.003956138,0,0.008472604,4.938486523,0,0,0,,,,18.81577179,0,0,0,0,0,210.027124,0,0,0,1
FRT,106.6900024,0,0,1,0,0,0.0128,0.9872,0.126491647,0.110878661,0.166710618,320,0,0,0,0,0,0,320,107,0,320,533,320,1,1,1,1,0.016404959,-5.749961147,0.048876828,2.511326486,0.032308018,3.543775647,0.016404959,-5.749961147,0.038928471,2.054650592,0.016064795,-19.50693482,0.016404959,-5.749961147,0.166710618,1.255004509,0,0,0.270890289,0,0,1.769010945,0,0,2.236540479,0,0,0.270890289,0,0,1.594709552,0,0,0.011905094,0,0,0.270890289,0,0,0.003645541,0.000503183,0.000499248,0.003645541,0.000756224,1.10E-06,0.003645541,772.3995085,452.3995085,103.5735604,4,0,207.1471209,140.7067843,140.7067843,0,105.9079766,1,0,16.058408,16.058408,106.3618227,0,667.2258866,347.2258866,103.5735604,3,0,139.583593,32.58359297,105.8066461,0,0,0.195258372,0.195258372,104.4931016,0,0,224.6108606,224.6108606,103.5735604,2,0,0.016408976,-6.125524021,0.025466112,3.424962326,0.248740172,2.176989774,0.003663233,0.000214315,694.4397645,374.4397645,103.5818023,4,0,43.16912164,-489.8308784,109.4696489,-4,0,1,0,0,0,0,0,0,0,0,0,2.066378324,0.098543136,0,1.549783743,0,0,2.345127783,-0.733147934,1.033189162,0,0,0,0,207.1471209,0,0,207.1471209,0,0,207.1636045,-109.4696489,103.5735604,1
FSBW,44.33000183,1,1,0,1,1,0.6412,0.3588,0.586714399,0.609205021,0.571231857,0,0,0,0,0,0,0,0,0,1064,0,0,0,1,1,1,1,0.627008887,-10.12194633,0.595791777,-0.163974814,0.611486344,-0.208508821,0.627008887,-10.12194633,0.599625539,-0.120161262,0.628038263,3.833619134,0.627008887,-10.12194633,0.571231857,1.659525748,,,0.005933812,,,0.920297337,,,0.899769767,,,0.005933812,,,0.940949781,,,6.971638378,,,0.005933812,,,0.000224589,0.000800572,0.00063148,0.000224589,0.001020486,0.001935691,0.000224589,47.58488848,47.58488848,42.56686242,1,,0,223.8663697,223.8663697,,42.30104498,5,,20.31167914,20.31167914,42.30104498,0,41.10550182,41.10550182,42.56686242,1,,188.3610079,188.3610079,42.30104498,4,,343.2949139,-720.7050861,46.10122221,-16,,13.8375059,13.8375059,42.56686242,0,,0.627013581,-10.61413953,0.609876156,-0.959093689,0.00462444,0.615197751,0.000214754,0.000124552,40.71088998,40.71088998,42.57626766,1,,25.08824994,25.08824994,42.30104498,1,,1,,,,,,,,,,1,0.002100605,0,1,0.000902421,-3.674158916,1,0.014372823,0,,,,0.001780782,42.56686242,0,0,42.56686242,0,-184.4048889,42.57626766,0,0,1
FSKAX,210.7700043,0,0,1,0,0,0.255,0.745,,0.571548117,0.841002102,0,2051,7516,199,9766,0,0,0,0,0,0,0,9766,1,1,1,1,,,,,,,,,,,,,,,0.841002102,1.929295993,,,,,,,,,,,,,,,,,,,,,,,,,,,,,,,,,,0,,,,,,,0,,,,,0,,,,0,,,,,0,,,,,0,,,,,0,,,,,,,,,,,,,0,,,,,0,,0,,,,,,,,,,,,,,,,,,,,,,,,,,,,,,,,
FSLR,174.6100006,0,0,1,0,0,0.1256,0.8744,0.095067621,0.016736402,0.549340467,0,0,873,0,873,0,0,0,0,0,0,0,873,1,1,1,1,0.115238775,-6.457621153,0.098789283,1.442521576,0.036814648,3.274194824,0.115238775,-6.457621153,0.101120683,0.993238662,0.116394215,-13.62707488,0.115238775,-6.457621153,0.549340467,1.637634358,0,0,0.041368345,0,0,2.037100991,0,0,5.027915855,0,0,0.041368345,0,0,1.632181866,0,0,0.001204619,0,0,0.041368345,0,0,0.001490661,0.001680392,0.003341727,0.001490661,0.001701897,3.17E-07,0.001490661,315.8340524,315.8340524,164.5178316,2,0,164.5178316,469.8933192,-403.1066808,0,188.8986428,-2,0,107.4873888,107.4873888,172.8154119,1,272.8285729,272.8285729,164.5178316,2,0,314.135805,314.135805,168.4589346,2,0,0.056297543,0.056297543,166.1004255,0,0,91.84334988,91.84334988,164.5178316,1,0,0.114772452,-6.848603771,0.106246348,4.446305662,0.034112461,8.963425221,0.001499992,0.001753579,284.3537677,284.3537677,164.582689,2,0,353.2210633,353.2210633,176.2438184,2,0,1,0,0,0,0,0,0,0,0,0,1.303152217,-0.065027141,0.167505496,1.303152217,0.030828845,0,1.465730426,0.617801064,0.651576109,0,0,0,0,164.5178316,0,0,164.5178316,0,0,164.582689,176.2438184,164.5178316,1
FTNT,180.9499969,1,1,0,1,1,0.7704,0.2296,0.832935561,1,0.986118306,0,0,0,0,0,0,0,0,0,0,0,0,0,1,1,1,1,0.785034949,-11.25342874,0.821189103,-0.798500581,0.861446102,-1.13454359,0.785034949,-11.25342874,0.816207216,-0.543783528,0.783833867,4.99104061,0.785034949,-11.25342874,0.986118306,2.074412197,,,0.000271546,,,0.558417619,,,0.436987228,,,0.000271546,,,0.672477391,,,38.16243701,,,0.000271546,,,2.35E-05,0.001186239,0.000765653,2.35E-05,0.001412089,0.025496037,2.35E-05,4.973439452,4.973439452,173.1688869,0,,0,331.7118335,331.7118335,,171.3589083,2,,24.6273981,24.6273981,171.3589083,0,4.296232081,4.296232081,173.1688869,0,,260.6430882,260.6430882,171.3589083,2,,4521.723036,4521.723036,182.3619141,25,,1.446257414,1.446257414,173.1688869,0,,0.785135483,-11.77650945,0.80388809,-8.455424755,0.000185388,0.002091788,2.15E-05,7.53E-07,4.08400908,4.08400908,173.1989456,0,,0.151730083,0.151730083,172.928381,0,,1,,,,,,,,,,0,0.019925099,0,0,0.009240641,9.730658739,0,0,0,,,,0.603639649,0,0,0,0,0,1823.619141,0,0,0,1
FTV,57.47000122,1,1,0,1,1,0.578,0.422,0.750994431,0.225941423,0.365059743,0,0,0,0,0,0,0,0,0,0,0,0,0,1,1,1,1,0.610370272,-10.00281219,0.710916829,-0.406854743,0.390911183,0.203684076,0.610370272,-10.00281219,0.697537135,-0.262604311,0.608560344,3.552357374,0.610370272,-10.00281219,0.365059743,1.453353634,0,0,0.023759121,0,0,0.858891819,0,0,1.079126726,0,0,0.023759121,0,0,0.906484946,0,0,3.773991244,0,0,0.023759121,0,0,0.000550371,0.000439443,0.000439631,0.000550371,0.000663767,0.00062173,0.000550371,116.6098608,116.6098608,55.89884344,2,0,55.89884344,122.8827067,122.8827067,0,55.5129021,2,0,14.14082781,14.14082781,55.89459519,0,100.7317029,100.7317029,55.89884344,2,0,122.5179527,122.5179527,55.5129021,2,0,110.2638662,110.2638662,57.35067183,2,0,33.90970723,33.90970723,55.89884344,1,0,0.60959227,-10.48607374,0.661471781,-2.658749642,0.01983182,0.370079784,0.000533859,5.32E-05,101.203842,101.203842,55.91647065,2,0,10.71691808,10.71691808,55.5129021,0,0,1,0,0,0,0,0,0,0,0,0,2,0.005172837,0,2,0.002155032,0.394351341,2,0,1,0,0,0,0,111.7976869,0,0,111.7976869,0,0,111.8329413,0,55.89884344,1
FUVV,1.00E-04,0,0,1,0,0,0.567597518,0.432402482,0.803964758,0.74417521,0.574632399,0,0,0,0,0,0,0,0,0,0,0,0,0,0,0,0,0,0.611493119,-10.01085188,0.74819296,-0.511260011,0.691378785,-0.388091901,0.611493119,-10.01085188,0.727250406,-0.316509135,0.60798046,3.543518583,0.611493119,-10.01085188,0.574632399,1.66292629,0,0,0.006149972,0,0,0.771039217,0,0,0.820882463,0,0,0.006149972,0,0,0.85131773,0,0,6.062720927,0,0,0.006149972,0,0,0,0,0,0,0,0,0,0,0,1.00E-04,0,0,0,0,0,0,1.00E-04,0,0,0,0,1.00E-04,0,0,0,1.00E-04,0,0,0,0,1.00E-04,0,0,0,0,1.00E-04,0,0,0,0,1.00E-04,0,0,0.611510113,-10.500172,0.67785298,-3.24291845,0.004795076,0.192188269,0,0,0,0,1.00E-04,0,0,0,0,1.00E-04,0,0,0,0,0,0,0,0,0,0,0,0,0,0,0,0,0,0,0,0,0,0,0,0,0,0,0,0,0,0,0,0,0,0,0
FXI,33.18999863,0,0,1,0,0,0.0596,0.9404,0.113762928,0.268200837,0.174814909,0,0,0,0,0,0,0,133,232,0,133,199,0,1,1,1,1,0.067494949,-6.115770581,0.097924362,1.453769152,0.104482159,1.483896892,0.067494949,-6.115770581,0.092495805,1.074129329,0.066814182,-16.43209345,0.067494949,-6.115770581,0.174814909,1.2631088,,,0.239668843,,,1.404337357,,,1.414254696,,,0.239668843,,,1.285169755,,,0.021533565,,,0.239668843,,,0.003303136,0.000409876,0.000324137,0.003303136,0.000621164,2.04E-06,0.003303136,699.8524097,699.8524097,32.20268089,22,,193.2160854,114.6147892,114.6147892,,32.77380048,3,,10.4259299,10.4259299,32.77941265,0,604.5571487,471.5571487,32.20268089,15,,114.6543125,-117.3456875,34.46677466,-3,,0.362236897,0.362236897,32.46488786,0,,203.5144382,203.5144382,32.20268089,6,,0.067519343,-6.501241441,0.080943293,4.18253657,0.219032784,2.656315715,0.003312215,0.000265882,627.8972369,494.8972369,32.20478903,15,,53.5563284,-145.4436716,34.46677466,-4,,1,,,,,,,,,,12.85716087,0.099067723,0,8.766246046,-0.05408221,0,9.906126625,-1.09335076,3.506498418,,,,0,418.6348516,0,0,289.824128,0,0,322.0478903,-34.46677466,128.8107236,1
GD,330.0899963,0,0,1,0,0,0.0032,0.9968,0.045743835,0.086192469,0.541942134,0,0,1320,0,1320,0,0,0,0,0,0,330,1320,1,1,1,1,0.00414225,-5.662158922,0.013549501,4.957621071,0.008930552,6.128768034,0.00414225,-5.662158922,0.010475869,3.801855144,0.004052374,-20.26490903,0.00414225,-5.662158922,0.541942134,1.630236025,0,0,0.062835347,0,0,11.27865938,0,0,19.99097577,0,0,0.062835347,0,0,6.411292653,0,0,5.00E-05,0,0,0.062835347,0,0,0.002226572,0.009136665,0.00994158,0.002226572,0.00659611,1.29E-08,0.002226572,471.7552848,471.7552848,320.5164804,1,0,0,2554.914683,1234.914683,0,331.8999292,4,0,319.7730875,319.7730875,331.9599096,1,407.5188225,407.5188225,320.5164804,1,0,1217.508535,1217.508535,329.7565722,4,0,0.002294379,0.002294379,322.8154536,0,0,137.1846555,137.1846555,320.5164804,0,0,0.004143489,-6.035359205,0.006593741,3.111122767,0.052359088,4.574433502,0.002259877,0.000884533,428.405365,428.405365,320.6356608,1,0,178.1702054,-151.8297946,340.5406382,0,0,1,0,0,0,0,0,0,0,0,0,0.500938182,1.536125418,0.586903088,0.500938182,0.903381408,0,0.569149387,0,0,0,0,0,0,320.5164804,663.7998583,331.9599096,320.5164804,329.7565722,0,320.6356608,0,0,1
GDDY,97.20999908,0,0,1,0,0,0.4252,0.5748,0.316229117,0.666945607,0.468839575,0,680,0,0,680,0,0,0,97,0,0,0,680,1,1,1,1,0.392628273,-8.443757699,0.33163807,0.306762553,0.432754882,0.1227104,0.392628273,-8.443757699,0.338245782,0.205654139,0.394733909,-1.530765256,0.392628273,-8.443757699,0.468839575,1.557133466,0,0,0.023770987,0,0,1.14550863,0,0,1.055845518,0,0,0.023770987,0,0,1.095349224,0,0,0.507684949,0,0,0.023770987,0,0,0.000710783,0.000772343,0.000570729,0.000710783,0.000983785,0.000109714,0.000710783,150.5971884,150.5971884,92.42965373,2,0,0,215.9726579,-464.0273421,0,104.1375442,-4,0,18.35761978,18.35761978,91.67261926,0,130.0911529,130.0911529,92.42965373,1,0,181.5867391,84.5867391,92.48422538,1,0,19.45784442,19.45784442,91.55669709,0,0,43.79309376,43.79309376,92.42965373,0,0,0.392780996,-8.892272381,0.357255461,4.288654039,0.019488852,6.680654072,0.000696592,0.001147562,132.0531664,132.0531664,92.43323467,1,0,231.1517624,231.1517624,97.46576068,2,0,1,0,0,0,0,0,0,0,0,0,2,-0.005881454,0,1,0.000660838,0,1,0.574767296,0,0,0,0,-31.63174808,184.8593075,0,0,92.42965373,0,0,92.43323467,97.46576068,0,1
GDX,87.77999878,0,0,1,0,0,0.188,0.812,0.101829753,0.474895397,0.540365719,88,0,0,0,0,0,0,0,263,263,0,176,88,1,1,1,1,0.156114264,-6.750293738,0.111035324,1.298079309,0.177591799,0.870330705,0.156114264,-6.750293738,0.115238531,0.881564445,0.158005391,-11.4246816,0.156114264,-6.750293738,0.540365719,1.62865961,,,0.037160631,,,1.883530095,,,1.528841409,,,0.037160631,,,1.537241442,,,0.003801071,,,0.037160631,,,0.001312081,0.001519924,0.000993483,0.001312081,0.001577031,9.80E-07,0.001312081,277.9974283,189.9974283,82.24212149,2,,82.24212149,425.0210373,425.0210373,,85.69911597,5,,31.955589,31.955589,85.04731454,0,240.1439651,240.1439651,82.24212149,3,,291.0880969,28.08809694,85.18934164,0,,0.173841962,-262.826158,85.29324665,-3,,80.84060248,80.84060248,82.24212149,1,,0.156222268,-7.153305514,0.128131704,4.63313796,0.030529027,9.581624032,0.001312438,0.001848125,248.7990498,248.7990498,82.26099916,3,,372.2653222,196.2653222,90.09482617,2,,1,,,,,,,,,,1.423952048,0.131641398,0,2.135928073,0,-3,2.398583427,0.67081148,0.711976024,,,,0,82.24212149,0,0,164.484243,0,-255.8797399,164.5219983,90.09482617,82.24212149,1
GE,309.5599976,0,0,1,0,0,0.114,0.886,0.169451074,0.328033473,0.424774671,0,0,0,0,0,0,0,0,0,0,0,310,0,1,1,1,1,0.123995854,-6.520322712,0.155981326,0.928195989,0.171967571,0.902546933,0.123995854,-6.520322712,0.150891194,0.675700892,0.123154942,-13.25981904,0.123995854,-6.520322712,0.424774671,1.513068562,,,0.067183687,,,1.468737009,,,1.453218221,,,0.067183687,,,1.322910982,,,0.004121995,,,0.067183687,,,0.001806388,0.000882824,0.000698304,0.001806388,0.001091349,7.96E-07,0.001806388,382.7286834,382.7286834,296.1600096,1,,0,246.8670089,246.8670089,,302.1084483,1,,22.46110808,22.46110808,301.8871573,0,330.6145101,330.6145101,296.1600096,1,,201.441025,201.441025,301.4328624,1,,0.141107644,0.141107644,298.2688943,0,,111.296056,111.296056,296.1600096,0,,0.124036642,-6.916705762,0.139248657,4.713366484,0.057012611,7.04270558,0.001810994,0.001123369,343.3103853,343.3103853,296.2481625,1,,226.2786479,-83.72135213,325.6455674,0,,1,,,,,,,,,,0.664290754,0.013461684,0,0.664290754,0.007133933,0,0.747512791,0,0,,,,0,296.1600096,0,0,296.1600096,0,0,296.2481625,0,0,1
GEHC,64.29000092,0,0,1,0,0,0.150319829,0.849680171,0.212184874,0.328502415,0.226456929,64,0,64,0,64,0,0,0,0,0,0,64,128,1,1,1,1,0.161939602,-6.792003744,0.197724651,0.70902196,0.210685378,0.708235129,0.161939602,-6.792003744,0.192180381,0.515865072,0.160974999,-11.27280191,0.161939602,-6.792003744,0.226456929,1.31475082,,,0.155888773,,,1.214122804,,,1.213861414,,,0.155888773,,,1.151614661,,,0.045740544,,,0.155888773,,,0.002491947,0.000415979,0.000327884,0.002491947,0.00062673,5.08E-06,0.002491947,527.9816358,463.9816358,61.50237065,8,,123.0047413,116.3214986,52.32149864,,62.53455591,1,,10.54647445,10.54647445,62.53339661,0,456.0891238,456.0891238,61.50237065,7,,115.6817119,115.6817119,62.30317321,2,,0.900857116,0.900857116,61.79514557,0,,153.5350661,153.5350661,61.50237065,2,,0.161981822,-7.195644573,0.179277474,4.920353342,0.139586935,3.84372022,0.002488788,0.000426651,471.8000433,471.8000433,61.51648435,8,,85.93973176,21.93973176,64.8708689,0,,1,,,,,,,,,,5.766414357,0.007854877,0,5.045612562,0.008316149,0,6.472162602,0,1.441603589,,,,0,369.0142239,0,0,307.5118532,0,0,369.0989061,0,61.50237065,1
GEN,21.98999977,0,0,1,0,0,0.0316,0.9684,0.011933174,0.227615063,0.351634991,0,0,1561,0,1561,0,0,0,660,0,0,0,1561,1,1,1,1,0.022597795,-5.794302472,0.013444718,4.971760977,0.025773562,4.021184501,0.022597795,-5.794302472,0.014171578,3.427109803,0.023064938,-19.07055493,0.022597795,-5.794302472,0.351634991,1.439928882,0,0,0.12092723,0,0,6.126801609,0,0,4.332300244,0,0,0.12092723,0,0,3.488607739,0,0,0.000955759,0,0,0.12092723,0,0,0.002706653,0.003020455,0.001699066,0.002706653,0.002485272,1.52E-07,0.002706653,573.4725316,573.4725316,20.96185633,27,0,167.6948507,844.6194099,-716.3805901,0,22.99947643,-31,0,54.65084413,54.65084413,21.92894851,2,495.385761,495.385761,20.96185633,24,0,458.7309929,-201.2690071,22.99947643,-9,0,0.026922917,0.026922917,21.22828864,0,0,166.7636468,166.7636468,20.96185633,8,0,0.02262043,-6.171185041,0.016542643,3.280119961,0.105401824,3.306569193,0.002731154,0.00046412,517.7453226,517.7453226,20.97288145,25,0,93.48701161,93.48701161,21.87264129,4,0,1,0,0,0,0,0,0,0,0,0,14.16400642,-11.9729785,0.50531015,12.59022793,-1.6516521,0,14.87637688,0.672449185,4.196742642,0,0,0,0.138761512,293.4659887,-275.9937172,21.92894851,272.5041323,-45.99895287,0,314.5932218,21.87264129,83.84742534,1
GEV,988.7000122,1,1,0,1,1,0.548543689,0.451456311,0.536392405,0.094488189,1.791751944,0,0,1977,0,1977,0,0,989,989,0,0,0,1977,1,1,1,1,0.540787828,-9.504594926,0.535418622,-0.059173618,0.202231299,0.745787447,0.540787828,-9.504594926,0.53849846,-0.045244553,0.543044933,2.383578223,0.540787828,-9.504594926,1.036381153,2.124675044,,,0.000774849,,,0.956385356,,,1.754246628,,,0.000774849,,,0.966477608,,,6.027362549,,,0.000774849,,,7.32E-05,0.002235869,0.003390654,7.32E-05,0.002178522,0.004424629,7.32E-05,15.50643714,15.50643714,922.3023978,0,,0,625.2230843,-1351.776916,,1054.713399,-1,,109.0611369,109.0611369,947.2414954,0,13.39500628,-975.6049937,971.6702703,-1,,402.1111898,-586.8888102,1054.713399,-1,,784.7080989,784.7080989,975.9947938,1,,4.509213371,4.509213371,922.3023978,0,,0.538994583,-9.967103079,0.539924123,1.005156862,0.000546817,2.132948252,7.01E-05,0.000817045,13.29183193,13.29183193,923.4127108,0,,164.5762074,164.5762074,956.8309695,0,,1,,,,,,,,,,0,-5.47E-05,0,-1,-3.20E-05,0.08877258,0,0,0,,,,0,0,0,0,-971.6702703,0,0,0,0,0,1
GFI,35.61999893,0,0,1,0,0,0.07,0.93,0.060063644,0.19707113,0.691810316,36,0,0,0,0,0,36,321,285,0,249,0,36,1,1,1,1,0.067375102,-6.114912465,0.061681799,2.121006805,0.084893219,1.777894378,0.067375102,-6.114912465,0.06231954,1.47940754,0.067531054,-16.39013484,0.067375102,-6.114912465,0.691810316,1.780104207,,,0.029413597,,,3.397789376,,,2.787825048,,,0.029413597,,,2.34698791,,,7.86E-05,,,0.029413597,,,0.001443259,0.003913314,0.002608467,0.001443259,0.003132886,2.87E-08,0.001443259,305.7906419,269.7906419,32.93938422,8,,65.87876843,1094.292275,1094.292275,,34.98773432,31,,83.90190399,83.90190399,34.83295639,2,264.1527214,-56.8472786,34.09718726,-2,,578.2673412,293.2673412,34.69716116,8,,0.005097543,0.005097543,33.48623898,0,,88.92276405,52.92276405,32.93938422,2,,0.067409738,-6.500435726,0.064163378,3.979370175,0.023550254,9.922361847,0.001459112,0.002407472,276.6041744,27.60417444,32.9411185,1,,484.9338564,484.9338564,36.1198084,13,,1,,,,,,,,,,4.674019306,2.179043217,0.098778388,-1.168504827,0.273580834,0,0.66024476,3.216562982,1.168504827,,,,-0.029778864,164.6969211,69.97546864,0,-34.09718726,0,0,32.9411185,108.3594252,32.93938422,1
GGEI,1.00E-04,0,0,1,0,0,0.5602,0.4398,0.642402546,0.741004184,0.548824009,0,0,0,0,0,0,0,0,0,0,0,0,0,0,0,0,0,0.578421624,-9.774056668,0.626082605,-0.220467771,0.642326611,-0.272982396,0.578421624,-9.774056668,0.619415422,-0.146016768,0.57696452,3.031564096,0.578421624,-9.774056668,0.548824009,1.6371179,0,0,0.008082959,0,0,0.897020295,0,0,0.874097626,0,0,0.008082959,0,0,0.930552192,0,0,4.456532844,0,0,0.008082959,0,0,0,0,0,0,0,0,0,0,0,1.00E-04,0,0,0,0,0,0,1.00E-04,0,0,0,0,1.00E-04,0,0,0,1.00E-04,0,0,0,0,1.00E-04,0,0,0,0,1.00E-04,0,0,0,0,1.00E-04,0,0,0.578487551,-10.25741983,0.602945329,-0.747004779,0.006369304,0.691960412,0,0,0,0,1.00E-04,0,0,0,0,1.00E-04,0,0,0,0,0,0,0,0,0,0,0,0,0,0,0,0,0,0,0,0,0,0,0,0,0,0,0,0,0,0,0,0,0,0,0
GIL,41,0,0,1,0,0,0.03,0.97,0.029435163,0.030962343,0.335248099,0,0,0,0,0,0,0,369,246,0,369,369,0,1,1,1,1,0.029862645,-5.846319521,0.029536374,3.450903647,0.030145867,3.688998326,0.029862645,-5.846319521,0.029576712,2.423961753,0.029871953,-18.64997389,0.029862645,-5.846319521,0.335248099,1.42354199,,,0.1268669,,,3.382720108,,,3.679448369,,,0.1268669,,,2.353768233,,,0.001379267,,,0.1268669,,,0.002721821,0.001593003,0.001376875,0.002721821,0.001620942,2.09E-07,0.002721821,576.6862019,576.6862019,39.06866582,15,,156.2746633,445.4564897,445.4564897,,40.76630041,11,,44.28747503,44.28747503,40.85248257,1,498.1618426,129.1618426,39.06866582,3,,299.193197,53.19319698,40.61041749,1,,0.037141759,0.037141759,39.43654445,0,,167.69817,167.69817,39.06866582,4,,0.02986357,-6.224430088,0.029685839,3.491236921,0.111008799,3.431247068,0.002744246,0.000467602,520.227312,151.227312,39.06950734,4,,94.18844135,-274.8115586,43.36162514,-6,,1,,,,,,,,,,8.010809049,2.046813997,0.212636073,1.60216181,0.091806103,0,2.42147062,-1.142693929,2.136215746,,,,0.595712921,312.5493266,81.53260083,0,78.13733164,0,0,78.13901468,-43.36162514,78.13733164,1
GILD,144.7400055,0,0,1,0,0,0.29,0.71,0.157120127,0.710041841,0.508377757,0,145,0,0,145,0,0,0,0,0,0,0,145,1,1,1,1,0.240834068,-7.35689601,0.17131758,0.838095243,0.272838393,0.486672074,0.240834068,-7.35689601,0.177801515,0.564954006,0.243751958,-7.323112422,0.240834068,-7.35689601,0.508377757,1.596671648,0,0,0.031986289,0,0,1.48017832,0,0,1.255738947,0,0,0.031986289,0,0,1.302589206,0,0,0.032495948,0,0,0.031986289,0,0,0.00104944,0.001103305,0.000752276,0.00104944,0.001260081,7.75E-06,0.00104944,222.3502663,222.3502663,139.3757804,2,0,0,308.5207912,163.5207912,0,141.653301,1,0,24.19710624,24.19710624,140.5764328,0,192.0739875,192.0739875,139.3757804,1,0,232.5854457,232.5854457,140.9632929,2,0,1.374611046,1.374611046,139.3927402,0,0,64.65861786,64.65861786,139.3757804,0,0,0.240998879,-7.776506858,0.197685782,4.972512638,0.026284056,10.24453396,0.001041471,0.001877381,197.4319202,197.4319202,139.4045239,1,0,378.1583319,378.1583319,145.3916859,3,0,1,0,0,0,0,0,0,0,0,0,1.691372466,0.010975057,0,0.845686233,0.009974157,0,0.944907171,1.159025716,0,0,0,0,0,278.7515608,0,0,139.3757804,0,0,139.4045239,145.3916859,0,1
GIS,32.00999832,0,0,1,0,0,0.032,0.968,0.008353222,0.082845188,-0.023776864,0,0,32,0,32,0,0,0,32,0,0,960,32,1,1,1,1,0.018981467,-5.768409199,0.009636955,5.545841334,0.01887458,4.683322787,0.018981467,-5.768409199,0.010280363,3.823947654,0.019553685,-19.28895192,0.018981467,-5.768409199,-0.023776864,1.064517027,0,0,0.697224469,0,0,1.414438539,0,0,1.340184062,0,0,0.697224469,0,0,1.270077344,0,0,0.299401907,0,0,0.697224469,0,0,0.00510199,0.000208227,0.000152329,0.00510199,0.000369927,1.45E-05,0.00510199,1080.984925,1080.984925,30.87960172,35,0,308.7960172,58.22726768,26.22726768,0,32.06609264,1,0,4.899708149,4.899708149,32.00293355,0,933.7928323,933.7928323,30.87960172,30,0,68.28106541,36.28106541,31.93142253,1,0,2.569300332,2.569300332,31.18568414,0,0,314.3463344,314.3463344,30.87960172,10,0,0.019001684,-6.144583277,0.012480166,3.212069153,0.681017875,1.222407678,0.005098078,7.87E-05,966.4436288,966.4436288,30.88398333,31,0,15.85009061,-944.1499094,32.94797303,-29,0,1,0,0,0,0,0,0,0,0,0,18.19701662,0.480568064,0,15.59744282,0.228477745,0,18.28801583,-4.675066549,5.199147607,0,0,0,0,555.8328309,0,0,494.0736274,0,0,555.9117,-164.7398652,154.3980086,1
GL,165.6799927,0,0,1,0,0,0.0344,0.9656,0.10938743,0.29665272,0.509577262,0,0,0,0,0,0,0,0,0,0,0,0,0,1,1,1,1,0.041345532,-5.928538146,0.078758452,1.749596249,0.073951043,1.991367642,0.041345532,-5.928538146,0.070491045,1.344767061,0.040720673,-17.98733199,0.041345532,-5.928538146,0.509577262,1.597871152,,,0.062129082,,,2.270470655,,,2.542883519,,,0.062129082,,,1.878089347,,,0.000218186,,,0.062129082,,,0.00204407,0.001697472,0.001528063,0.00204407,0.001820845,5.22E-08,0.00204407,433.0876614,433.0876614,159.9335208,3,,159.9335208,474.6693475,474.6693475,,163.9273373,3,,49.15047498,49.15047498,164.0848285,0,374.1163681,374.1163681,159.9335208,2,,336.0910788,336.0910788,163.5937635,2,,0.009256798,0.009256798,161.9799458,0,,125.9402567,125.9402567,159.9335208,1,,0.041360107,-6.308942284,0.055438774,3.864834519,0.051983655,6.118644282,0.002066152,0.001123459,391.6809045,391.6809045,159.9801895,2,,226.2967667,226.2967667,165.6069826,1,,1,,,,,,,,,,1.647542088,0.143488455,0,1.098361392,0.056512451,0,1.243836023,0.233389779,0.549180696,,,,0,319.8670416,0,0,159.9335208,0,0,159.9801895,0,159.9335208,1
GLD,380.1400146,0,0,1,0,0,0.1276,0.8724,0.03221957,0.057322176,0.759826691,0,0,0,0,0,0,380,760,760,0,1140,0,0,1,1,1,1,0.074157585,-6.163475728,0.037212135,3.007307927,0.053389539,2.551438716,0.074157585,-6.163475728,0.039750352,2.027353967,0.076517827,-15.8676264,0.074157585,-6.163475728,0.759826691,1.848120582,,,0.022699393,,,6.340743083,,,4.792322361,,,0.022699393,,,3.473415511,,,5.86E-05,,,0.022699393,,,0.001279624,0.00848485,0.005229183,0.001279624,0.005180937,2.48E-08,0.001279624,271.1204379,271.1204379,366.4856826,1,,-373.5776342,2372.645362,2372.645362,,379.6204783,6,,168.1978037,168.1978037,378.976113,0,234.2033787,-525.7966213,373.5776342,-1,,956.2962333,196.2962333,378.2691127,1,,0.004404512,0.004404512,370.1912914,0,,78.84079964,-301.1592004,373.5776342,-1,,0.074181718,-6.55021723,0.048389424,3.767843588,0.017900228,10.11574946,0.00129387,0.002703776,245.2791795,-894.7208205,373.5776342,-2,,544.6178765,544.6178765,381.879157,1,,0,,,,,,,,,,0.593569266,0.847865715,0,-0.593569266,0.064221314,0,-1.340792055,0.221822583,-0.593569266,,,,-0.135123836,366.4856826,379.6204783,0,-373.5776342,0,0,-373.5776342,0,-373.5776342,1
GLOB,35.09999847,0,0,1,0,0,0.3212,0.6788,0.207637232,0.308368201,0.206293663,176,211,0,0,211,0,70,140,70,281,140,176,386,1,1,1,1,0.283544263,-7.662705281,0.221741394,0.61248467,0.26964538,0.49627573,0.283544263,-7.662705281,0.228085624,0.414417517,0.285982696,-5.519245791,0.283544263,-7.662705281,0.206293663,1.294587554,0,0,0.138283358,0,0,1.171328689,0,0,1.136705879,0,0,0.138283358,0,0,1.112933532,0,0,0.24050222,0,0,0.138283358,0,0,0.002087623,0.000377253,0.000288191,0.002087623,0.000578587,2.51E-05,0.002087623,442.3153664,266.3153664,32.35166447,8,0,64.70332894,105.492443,-105.507557,0,38.03946845,-3,0,9.269728424,9.269728424,33.02563773,0,382.0875845,242.0875845,32.35166447,7,0,106.7955413,36.79554126,32.93659979,1,0,4.457204296,-276.5427957,34.42129963,-8,0,128.6236384,58.62363843,32.35166447,2,0,0.283602768,-8.089692309,0.246641164,4.979313614,0.123848643,3.61690868,0.002072262,0.000385777,392.8390827,252.8390827,32.40377695,8,0,77.70662593,-98.29337407,38.03946845,-3,0,1,0,0,0,0,0,0,0,0,0,7.339631527,-0.017584569,0,6.422177586,0.002683467,-3.807759263,8,-1.162198315,1.834907882,0,0,0,0,226.4616513,0,0,194.1099868,0,-137.6851985,259.2302156,-38.03946845,64.70332894,0
GLW,164.1900024,1,1,0,1,1,0.5876,0.4124,0.920047733,0.137238494,0.777271006,0,493,5418,0,5911,0,0,0,164,164,0,328,5911,1,1,1,1,0.639842284,-10.21383474,0.83022827,-0.846599156,0.286931244,0.44598649,0.639842284,-10.21383474,0.803292581,-0.501557499,0.637238357,3.955915179,0.639842284,-10.21383474,0.777271006,1.865564897,,,0.001713909,,,0.589837224,,,1.320619673,,,0.001713909,,,0.731430444,,,11.78427364,,,0.001713909,,,0.000100036,0.000819522,0.001497593,0.000100036,0.001121774,0.00518562,0.000100036,21.1951471,21.1951471,151.9930764,0,,0,229.1654593,-5681.834541,,169.5363847,-34,,48.17040473,48.17040473,156.3595125,0,18.30911421,18.30911421,151.9930764,0,,207.0567442,43.05674416,149.3760188,0,,919.6699683,755.6699683,164.8306188,5,,6.163468747,6.163468747,151.9930764,0,,0.63811504,-10.69574747,0.732070808,-5.32948543,0.001269056,0.036034635,9.53E-05,9.87E-06,18.07398663,18.07398663,152.8816115,0,,1.987665766,-326.0123342,162.1904845,-2,,1,,,,,,,,,,0,-0.380762882,0,0,0,1.222598821,0,-0.887606717,0,,,,803.3972812,0,0,0,0,0,164.8306188,0,-162.1904845,0,1
GM,78.26999664,0,0,1,0,0,0.1608,0.8392,0.102227526,0.282426778,0.476846224,0,0,78,0,78,0,0,0,0,0,0,0,78,1,1,1,1,0.14126922,-6.644001741,0.109440023,1.315464843,0.155811611,1.004978401,0.14126922,-6.644001741,0.112644271,0.900440993,0.142488728,-12.22975043,0.14126922,-6.644001741,0.476846224,1.565140115,0,0,0.050978617,0,0,1.802718537,0,0,1.568634587,0,0,0.050978617,0,0,1.496868665,0,0,0.004175059,0,0,0.050978617,0,0,0.001553536,0.001240656,0.000865932,0.001553536,0.00136498,9.21E-07,0.001553536,329.1557647,329.1557647,74.78151684,4,0,74.78151684,346.9285937,268.9285937,0,76.752837,4,0,27.85287634,27.85287634,76.48572058,0,284.336337,284.336337,74.78151684,4,0,251.9476334,251.9476334,76.46424931,3,0,0.163277978,0.163277978,75.00847718,0,0,95.71725353,95.71725353,74.78151684,1,0,0.141341108,-7.043912621,0.122156349,4.585929877,0.04261712,7.80202677,0.001555723,0.00135804,294.9187088,294.9187088,74.78900519,4,0,273.5482059,273.5482059,79.77556072,3,0,1,0,0,0,0,0,0,0,0,0,2.758922446,0.108152985,0,2.758922446,0.038005968,0,3.101044063,0.985816539,0.689730611,0,0,0,0,224.3445505,0,0,224.3445505,0,0,224.3670156,79.77556072,74.78151684,1
GMED,75.59999847,1,1,0,1,1,0.3192,0.6808,0.443516309,0.138493724,0.515557512,76,0,76,0,76,0,0,378,378,983,378,302,152,1,1,1,1,0.341616998,-8.078511866,0.413595804,0.147121077,0.232555718,0.620673697,0.341616998,-8.078511866,0.403407209,0.116286861,0.340198264,-3.412607932,0.341616998,-8.078511866,0.515557512,1.603851403,,,0.022007928,,,1.071973298,,,1.340725835,,,0.022007928,,,1.05647176,,,0.199459749,,,0.022007928,,,0.00073415,0.000813508,0.0008181,0.00073415,0.001035662,4.84E-05,0.00073415,155.5480578,79.54805783,72.11080536,1,,72.11080536,227.4837469,151.4837469,,71.96437957,2,,26.31436875,26.31436875,73.706542,0,134.3678882,-243.6321118,74.9667607,-3,,191.1623276,-186.8376724,78.94985496,-2,,8.587625416,-974.4123746,76.00851878,-13,,45.23278789,45.23278789,72.11080536,1,,0.341232054,-8.51333095,0.377293533,4.05881854,0.017921315,6.803368078,0.000723326,0.001261284,137.1210809,-240.8789191,74.9667607,-3,,254.058639,-47.94136103,78.94985496,-1,,1,,,,,,,,,,1,0.000676394,0,-3,-0.000422582,-2.365571994,-3,-0.257406374,1,,,,0.003686496,72.11080536,0,0,-224.9002821,0,-152.0170376,-224.9002821,0,72.11080536,1
GNRC,216.8000031,1,1,0,1,1,0.7272,0.2728,0.823786794,0.281589958,0.618198302,0,0,2385,0,2385,0,0,0,0,0,0,0,2385,1,1,1,1,0.746260039,-10.97579651,0.802815392,-0.71139374,0.477258396,0.040998518,0.746260039,-10.97579651,0.796441595,-0.480829626,0.74564296,4.886973353,0.746260039,-10.97579651,0.618198302,1.706492193,0,0,0.00283446,0,0,0.683726559,0,0,1.022153059,0,0,0.00283446,0,0,0.773387901,0,0,13.62346429,0,0,0.00283446,0,0,0.000118955,0.00066504,0.000804335,0.000118955,0.000911014,0.004221638,0.000118955,25.20368833,25.20368833,204.6510049,0,0,0,185.9672654,-2199.032735,0,224.4730443,-10,0,25.87162085,25.87162085,202.283566,0,21.77183324,21.77183324,204.6510049,0,0,168.1546812,168.1546812,202.283566,1,0,748.7076767,748.7076767,220.2839384,3,0,7.329137402,7.329137402,204.6510049,0,0,0.745364107,-11.48414609,0.776644171,-7.221024173,0.002160132,0.021084786,0.000112508,4.59E-06,21.32810138,21.32810138,204.8198065,0,0,0.924067535,0.924067535,203.173291,0,0,1,0,0,0,0,0,0,0,0,0,0,-0.079075165,0,0,0.003612455,1.119492589,0,0,0,0,0,0,0,0,0,0,0,0,220.2839384,0,0,0,1
GOOG,340.3500061,1,1,0,1,1,0.3564,0.6436,0.328560064,0.20292887,0.890458281,0,0,9189,0,9189,0,0,0,4425,4084,0,0,9189,1,1,1,1,0.348743434,-8.129537864,0.332954711,0.303907385,0.275065615,0.48006122,0.348743434,-8.129537864,0.335113716,0.210361089,0.349458814,-3.076286479,0.348743434,-8.129537864,0.890458281,1.978752172,,,0.003894708,,,1.230482769,,,1.387669424,,,0.003894708,,,1.154381129,,,0.122522297,,,0.003894708,,,0.000282697,0.002163982,0.002003477,0.000282697,0.002107776,6.80E-05,0.000282697,59.89651637,59.89651637,328.8549919,0,,0,605.1210685,-8583.878931,,358.9897935,-24,,64.44226994,64.44226994,331.551581,0,51.74071941,51.74071941,328.8549919,0,,389.0527398,-4035.94726,358.9897935,-11,,12.05599788,-4071.944002,342.7944154,-12,,17.4176808,17.4176808,328.8549919,0,,0.34857559,-8.56731402,0.340280586,4.458223277,0.002888829,20.95941028,0.000276488,0.006681871,52.41382266,52.41382266,328.9331414,0,,1345.920135,1345.920135,343.8916343,4,,1,,,,,,,,,,0,-0.034634887,0,0,-0.007605776,-1.774413469,0,1.242234674,0,,,,14.05837448,0,0,0,0,0,-685.5888307,0,343.8916343,0,1
GPC,127.2399979,0,0,1,0,0,0.252,0.748,0.23309467,0.859414226,0.332753224,0,0,0,0,0,0,0,0,0,0,0,0,0,1,1,1,1,0.247451415,-7.40427688,0.236479018,0.560560647,0.325005574,0.347518649,0.247451415,-7.40427688,0.237672908,0.391236787,0.247662018,-7.150102546,0.247451415,-7.40427688,0.332753224,1.421047115,0,0,0.074138634,0,0,1.217716825,0,0,1.129885127,0,0,0.074138634,0,0,1.147376763,0,0,0.081065066,0,0,0.074138634,0,0,0.001580288,0.000569441,0.000419781,0.001580288,0.000786058,1.22E-05,0.001580288,334.8237827,334.8237827,123.3815309,3,0,123.3815309,159.2346404,159.2346404,0,124.167805,1,0,13.50234188,13.50234188,124.0295207,0,289.2325705,289.2325705,123.3815309,2,0,145.0903205,145.0903205,124.0530249,1,0,2.167955339,2.167955339,123.3804331,0,0,97.36549177,97.36549177,123.3815309,1,0,0.247581957,-7.824899722,0.241305922,4.987881376,0.063951976,5.770228097,0.001569597,0.000782801,297.5488782,297.5488782,123.3862316,2,0,157.6785477,157.6785477,128.048567,1,0,1,0,0,0,0,0,0,0,0,0,2.569842943,0.004909816,0,1.713228628,0.00239166,0,1.913407989,0.38873376,0.856614314,0,0,0,0,370.1445926,0,0,246.7630617,0,0,246.7724633,0,123.3815309,1
GPN,78.37999725,0,0,1,0,0,0.0384,0.9616,0.023866348,0.461087866,0.19670671,0,0,0,0,0,0,78,0,0,0,0,0,0,1,1,1,1,0.033505119,-5.872400002,0.025630485,3.729221275,0.044079592,2.914434945,0.033505119,-5.872400002,0.026406359,2.580201695,0.033799716,-18.40897798,0.033505119,-5.872400002,0.19670671,1.285000601,0,0,0.229338031,0,0,2.547561156,0,0,2.076785644,0,0,0.229338031,0,0,1.909820536,0,0,0.009890107,0,0,0.229338031,0,0,0.003368299,0.000796458,0.000510727,0.003368299,0.000971257,1.00E-06,0.003368299,713.6588905,713.6588905,73.94166328,10,0,147.8833266,222.7160793,222.7160793,0,78.0660445,3,0,16.42764772,16.42764772,77.63935433,0,616.4836729,616.4836729,73.94166328,8,0,179.2744425,179.2744425,77.57471703,2,0,0.178009095,0.178009095,75.31857177,0,0,207.5293107,129.5293107,73.94166328,2,0,0.033532584,-6.251401376,0.028744834,3.476581008,0.208545858,2.391174396,0.003384433,0.000250196,641.5875259,641.5875259,74.00415974,9,0,50.39657364,50.39657364,78.10208491,1,0,1,0,0,0,0,0,0,0,0,0,5.388294029,0.651894906,0,4.310635224,0.208045025,0,5.495627695,0.188853367,1.077658806,0,0,0,-8.491344456,369.7083164,78.0660445,0,295.7666531,0,0,370.0207987,0,73.94166328,1
GRAB,3.079999924,0,0,1,0,0,0.351928375,0.648071625,0.535470668,0.330104322,-0.088340854,6,0,12,0,12,0,0,0,0,0,0,31,18,1,1,1,1,0.383807564,-8.380600537,0.489461731,0.017545741,0.385510615,0.214586286,0.383807564,-8.380600537,0.472906553,0.031769325,0.381320661,-1.971548204,0.383807564,-8.380600537,-0.088293891,1,,,1,,,1,,,1,,,1,,,1,,,1,,,1,,,0.005805939,0.000114635,8.80E-05,0.005805939,0.000242041,3.78E-05,0.005805939,1230.134172,1224.134172,2.911161486,420,,358.0728627,32.05566034,20.05566034,,2.885535526,7,,2.829306854,2.829306854,2.914667303,1,1062.633203,1062.633203,2.911161486,365,,44.67596577,44.67596577,2.885535526,15,,6.709922371,6.709922371,2.885535526,2,,357.7183724,357.7183724,2.911161486,123,,0.383719094,-8.825657433,0.43415129,3.23177878,1,1,0.005789448,5.48E-05,1097.506756,1097.506756,2.912961481,377,,11.03425289,-19.96574711,3.351135276,-6,,1,,,,,,,,,,420,3.37E-05,0.000719489,365,0.000236552,0.121468823,377,-0.979161945,123,,,,0.073054474,1222.687824,0,0,1062.573942,0,0,1098.186478,-3.351135276,358.0728627,1
GRMN,281.1600037,0,0,1,0,0,0.26,0.74,0.249403341,0.465271967,0.847930455,0,0,0,0,0,0,0,0,0,281,0,0,0,1,1,1,1,0.257553528,-7.476609017,0.25137892,0.512579245,0.303328833,0.401745121,0.257553528,-7.476609017,0.252047192,0.358874062,0.257654934,-6.713499589,0.257553528,-7.476609017,0.847930455,1.936224346,0.72443888,2.41709699,0.007153929,3.92920494,3.25230161,1.403096444,3.59141749,3.00582414,1.304016369,3.60877433,3.01854252,0.007153929,5.70824391,4.5211473,1.26759626,4.53625852,3.69028426,0.011844676,7.00150821,5.42054178,0.007153929,4.53625852,3.69028426,0.000479147,0.002262107,0.001722245,0.000479147,0.00217029,6.03E-06,0.000479147,101.519329,101.519329,270.2581372,0,0,0,632.5602734,632.5602734,0.015900026,273.60312,2,0,55.39637778,55.39637778,272.9271507,0,87.69597026,87.69597026,270.2581372,0,-3,400.5917135,400.5917135,272.8031053,1,-3,1.069997027,-279.930003,279.2105871,-1,-4,29.52143756,29.52143756,270.2581372,0,0,0.257638072,-7.898823231,0.254113387,4.963486111,0.005412374,26.56443081,0.000473758,0.008006981,89.81034127,89.81034127,270.3454583,0,-3,1612.835085,1612.835085,283.3482828,6,-3,1,0.173855119,0.193103948,0.103083674,0.166807576,0.173855119,5.211874698,0.177376068,0.131903324,0.173855119,0,0.008210546,0,0,0.002012353,-0.704235574,0,2.309643222,0,0.95518868,0.95518868,0.795144087,0,0,0,0,0,0,-279.2105871,0,566.6965657,0,1
GS,902.5599976,0,0,1,0,0,0.0452,0.9548,0.064439141,0.066945607,0.792204605,0,0,0,0,0,0,0,0,0,0,0,0,0,1,1,1,1,0.048762188,-5.981642143,0.059885291,2.16868136,0.057329204,2.422584502,0.048762188,-5.981642143,0.05816988,1.557832804,0.048473908,-17.51953186,0.048762188,-5.981642143,0.792204605,1.880498496,0,0,0.022876897,0,0,3.933785925,0,0,4.617952868,0,0,0.022876897,0,0,2.674677731,0,0,1.57E-05,0,0,0.022876897,0,0,0.001375249,0.005642779,0.00541081,0.001375249,0.004200067,7.11E-09,0.001375249,291.3810939,291.3810939,855.4186515,0,0,0,1577.908024,1577.908024,0,889.9222958,2,0,174.0398934,174.0398934,891.3053303,0,251.7052465,251.7052465,855.4186515,0,0,775.2473831,775.2473831,886.2251246,1,0,0.001261304,0.001261304,866.6364713,0,0,84.73252189,84.73252189,855.4186515,0,0,0.048766675,-6.363388703,0.05414713,3.84736046,0.017976053,11.35604379,0.001395503,0.003174425,264.545684,264.545684,855.578655,0,0,639.420121,639.420121,903.0903903,1,0,1,0,0,0,0,0,0,0,0,0,0,0.146974339,0,0,0.037919423,0,0,0.231284102,0,0,0,0,0,0,0,0,0,0,0,0,0,0,1
GSK,47.02999878,0,0,1,0,0,0.0836,0.9164,0.049721559,0.045188285,0.357648993,141,94,0,0,94,0,0,0,94,0,0,94,235,1,1,1,1,0.071641844,-6.14546277,0.053597656,2.352637715,0.054948644,2.498928762,0.071641844,-6.14546277,0.055405382,1.614555383,0.072428063,-16.10461215,0.071641844,-6.14546277,0.357648993,1.445942884,,,0.10370439,,,2.381099852,,,2.513079837,,,0.10370439,,,1.813731027,,,0.002635288,,,0.10370439,,,0.002357246,0.001193599,0.001002581,0.002357246,0.00130814,4.25E-07,0.002357246,499.4419333,358.4419333,45.31795139,8,,135.9538542,333.7698011,239.7698011,,46.69071358,5,,32.24823905,32.24823905,46.75754516,1,431.435524,431.435524,45.31795139,10,,241.4561866,147.4561866,46.48135133,3,,0.075461293,0.075461293,45.75508744,0,,145.2358284,145.2358284,45.31795139,3,,0.071625196,-6.531423977,0.060704058,3.934685173,0.089946655,4.267212881,0.002370956,0.000605436,449.462509,449.462509,45.32359544,10,,121.9521005,27.9521005,47.20608779,1,,1,,,,,,,,,,4.720839082,0.432414392,0.097572577,5.901048852,0.122193238,0,6.665546745,0.241902303,1.770314656,,,,0.001291776,226.589757,0,0,271.9077084,0,0,317.2651681,0,90.63590279,1
GWW,1280.300049,1,1,0,1,1,0.3996,0.6004,0.502386635,0.388702929,0.803079514,0,0,0,0,0,0,0,0,0,0,0,0,0,1,1,1,1,0.420454261,-8.642994552,0.480135594,0.033101512,0.423328054,0.140496041,0.420454261,-8.642994552,0.471616225,0.033289513,0.418877048,-0.773648261,0.420454261,-8.642994552,0.803079514,1.891373405,,,0.004053363,,,1.021319788,,,1.093669528,,,0.004053363,,,1.021442163,,,0.610761623,,,0.004053363,,,0.000248925,0.001499214,0.001312099,0.000248925,0.001631599,0.000283693,0.000248925,52.74100006,52.74100006,1241.879174,0,,0,419.23001,419.23001,,1234.907977,0,,42.20394063,42.20394063,1236.119192,0,45.55953252,45.55953252,1241.879174,0,,301.1601972,301.1601972,1234.907977,0,,50.31299231,50.31299231,1234.907977,0,,15.33688368,15.33688368,1241.879174,0,,0.420402004,-9.09531717,0.45053415,2.945481943,0.003038246,6.534953092,0.00024152,0.001854144,45.78498484,45.78498484,1242.875883,0,,373.477574,373.477574,1272.37981,0,,1,,,,,,,,,,0,0,0,0,0,0,0,0,0,,,,0,0,0,0,0,0,0,0,0,0,1
HAL,31.85000038,0,0,1,0,0,0.1132,0.8868,0.167064439,0.172803347,0.20255413,0,0,223,0,223,0,0,0,0,0,0,127,223,1,1,1,1,0.122893617,-6.512430584,0.153973589,0.941020489,0.146328196,1.073208721,0.122893617,-6.512430584,0.14909993,0.684166655,0.122105082,-13.31660965,0.122893617,-6.512430584,0.20255413,1.290848021,0,0,0.189641561,0,0,1.271556767,0,0,1.315201025,0,0,0.189641561,0,0,1.190849985,0,0,0.033382541,0,0,0.189641561,0,0,0.002832473,0.000404821,0.000329514,0.002832473,0.000613814,3.45E-06,0.002832473,600.1307582,600.1307582,30.17463383,20,0,181.047803,113.2014029,-109.7985971,0,33.57604246,-3,0,10.59888438,10.59888438,31.02507281,0,518.4140756,518.4140756,30.17463383,17,0,113.2977089,113.2977089,30.90806094,4,0,0.611673092,0.611673092,30.59768069,0,0,174.5157585,174.5157585,30.17463383,6,0,0.122905354,-6.908389549,0.137785826,4.703374463,0.171408173,3.322669741,0.002834137,0.000351758,537.2678852,537.2678852,30.21186683,18,0,70.85418621,-56.14581379,33.57604246,-2,0,1,0,0,0,0,0,0,0,0,0,13.25367253,-0.041508729,0,11.26562165,0.029255251,0,13.42289423,-0.691304104,3.97610176,0,0,0,0.615871416,392.2702398,0,0,331.9209721,0,0,392.7542688,-33.57604246,120.6985353,1
HBAN,15.32999992,0,0,1,0,0,0.088,0.912,0.177406523,0.118410042,0.42467516,0,0,0,0,0,0,0,0,0,0,0,0,0,1,1,1,1,0.100316142,-6.35077361,0.150060297,0.966786101,0.117914838,1.327345358,0.100316142,-6.35077361,0.141082714,0.724106862,0.099289139,-14.57258484,0.100316142,-6.35077361,0.42467516,1.512969051,,,0.072100803,,,1.492303602,,,1.732593076,,,0.072100803,,,1.349634492,,,0.002395584,,,0.072100803,,,0.001938124,0.000896754,0.000832326,0.001938124,0.001113178,4.62E-07,0.001938124,410.6402925,410.6402925,14.58778858,28,,116.7023087,250.7621135,250.7621135,,15.00770374,17,,26.77193779,26.77193779,15.06884316,2,354.7255406,354.7255406,14.58778858,24,,205.4702249,205.4702249,14.97846433,14,,0.081986465,0.081986465,14.81982752,0,,119.4126465,119.4126465,14.58778858,8,,0.100309121,-6.742282379,0.12200298,4.584680589,0.061310529,6.675185099,0.00194699,0.001064566,369.0911748,369.0911748,14.59316843,25,,214.4339971,214.4339971,15.41931746,14,,1,,,,,,,,,,17.64539238,0.248273144,0.055057678,15.12462204,0.114697351,0,17.75717643,4.597971023,5.041540681,,,,0.384763888,262.5801945,0,0,218.8168288,0,0,262.6770318,77.09658731,72.93894292,1
HCA,426.6900024,1,1,1,1,1,0.4288,0.5712,0.378281623,0.289121339,0.7196563,0,427,427,0,854,0,0,0,0,427,0,0,854,1,1,1,1,0.414981942,-8.603812203,0.386269495,0.196997304,0.353064971,0.283058653,0.414981942,-8.603812203,0.389869559,0.133755243,0.416082921,-0.858884647,0.414981942,-8.603812203,0.7196563,1.807950191,,,0.00612655,,,1.123737929,,,1.182493748,,,0.00612655,,,1.082430542,,,0.601321174,,,0.00612655,,,0.000318391,0.001377159,0.001179117,0.000318391,0.001512841,0.000233881,0.000318391,67.45921447,67.45921447,408.9459486,0,,0,385.0993624,-468.9006376,,447.8160584,-1,,37.9265551,37.9265551,410.0249825,0,58.27364426,58.27364426,408.9459486,0,,279.2398404,279.2398404,405.3400296,1,,41.47887795,-385.521122,436.8615546,-1,,19.61688485,19.61688485,408.9459486,0,,0.414871065,-9.054658687,0.399198359,3.770821485,0.004690989,9.328337162,0.000309789,0.002355847,58.7268254,58.7268254,408.9927466,0,,474.5350208,474.5350208,425.4314669,1,,1,,,,,,,,,,0,-0.000606374,0,0,0.000279539,-0.011526294,0,0.222173354,0,,,,,0,0,0,0,0,0,0,0,0,
HD,282.8500061,0,0,1,0,0,0.0148,0.9852,0.045743835,0.045188285,0.538915065,283,283,283,0,566,0,0,283,0,0,0,283,849,1,1,1,1,0.017733023,-5.759470215,0.033298007,3.218702418,0.02724771,3.902853222,0.017733023,-5.759470215,0.029908282,2.408682362,0.017472594,-19.41885953,0.017733023,-5.759470215,0.538915065,1.627208956,,,0.060561757,,,4.792621636,,,6.687014507,,,0.060561757,,,3.230723639,,,7.83E-05,,,0.060561757,,,0.002131296,0.003853665,0.004329557,0.002131296,0.003305614,2.01E-08,0.002131296,451.5687077,168.5687077,272.8840094,1,,0,1077.612494,511.6124941,,281.158381,2,,139.2611422,139.2611422,281.8946582,0,390.0809465,107.0809465,272.8840094,0,,610.1495598,610.1495598,280.1294255,2,,0.00357057,0.00357057,275.1309686,0,,131.3144752,131.3144752,272.8840094,0,,0.017736178,-6.13528042,0.023654854,3.396077959,0.05043545,5.224900427,0.002160284,0.001005476,409.5254501,409.5254501,272.962184,2,,202.531576,-80.46842396,293.7779889,0,,1,,,,,,,,,,0.518304643,0.323751414,0,0,0.18130471,0,1.176302057,0,0,,,,0,272.8840094,0,0,0,0,0,272.962184,0,0,1
HDB,22.34000015,0,0,1,0,0,0.314,0.686,0.19928401,0.118619247,0.251222365,45,22,179,0,201,0,0,0,0,0,134,715,246,1,1,1,1,0.27478144,-7.59996259,0.213016836,0.64567007,0.177385662,0.871483504,0.27478144,-7.59996259,0.219540985,0.436303948,0.277560026,-5.867626136,0.27478144,-7.59996259,0.251222365,1.339516256,,,0.108442629,,,1.207720718,,,1.290128823,,,0.108442629,,,1.136025052,,,0.179935421,,,0.108442629,,,0.001857461,0.000445863,0.000376195,0.001857461,0.000653368,2.15E-05,0.001857461,393.5498219,348.5498219,21.66008248,16,,108.3004124,124.6780915,-76.32190846,,23.21316662,-3,,12.10040432,12.10040432,21.98387427,1,339.9621904,339.9621904,21.66008248,16,,120.5985696,120.5985696,21.82957523,6,,3.813834127,3.813834127,21.63402994,0,,114.4428022,114.4428022,21.66008248,5,,0.274569118,-8.023285047,0.238002174,4.992045161,0.095820868,4.302591265,0.001844663,0.000501149,349.6930586,215.6930586,21.66621149,10,,100.9456707,-614.0543293,23.21316662,-26,,1,,,,,,,,,,14.43985784,-0.019541711,0.01186693,14.43985784,0.017846356,0,10,-10.12395917,4.512455575,,,,3.439850117,303.2411547,0,0,303.2411547,0,0,216.6621149,-232.1316662,108.3004124,1
HEINY,39.25,0,0,1,0,0,0.0728,0.9272,0.097056484,0.276569038,0.13279538,0,0,0,0,0,0,0,0,0,0,0,236,0,1,1,1,1,0.077612455,-6.18821294,0.091669924,1.539900527,0.110647701,1.408364462,0.077612455,-6.18821294,0.089523867,1.104734889,0.077202258,-15.82809701,0.077612455,-6.18821294,0.13279538,1.221089271,0,0,0.290528353,0,0,1.360136172,0,0,1.324866067,0,0,0.290528353,0,0,1.24690365,0,0,0.042359761,0,0,0.290528353,0,0,0.003532823,0.000346717,0.00026432,0.003532823,0.000545222,3.52E-06,0.003532823,748.5173373,748.5173373,38.14190117,20,0,228.851407,96.95350776,96.95350776,0,38.78098737,3,0,8.501908584,8.501908584,38.74318825,0,646.5956264,646.5956264,38.14190117,17,0,100.6369039,100.6369039,38.69301515,3,0,0.623754076,0.623754076,38.3077945,0,0,217.6660154,217.6660154,38.14190117,6,0,0.077645476,-6.57567966,0.084518513,4.222913349,0.268891322,2.324485373,0.003538256,0.000213215,670.7477722,670.7477722,38.14714967,18,0,42.94759068,-193.0524093,40.40714831,-5,0,1,0,0,0,0,0,0,0,0,0,11.96686856,0.111154389,0,10.17183828,0.057208086,0,12.16112709,-1.393202902,3.590060568,0,0,0,0,457.702814,0,0,381.4190117,0,0,457.765796,-40.40714831,152.5676047,1
HESAY,146.4700012,0,0,1,0,0,0.0256,0.9744,0.046937152,0.027615063,0.626356028,0,0,0,0,0,0,0,585,878,0,293,0,0,1,1,1,1,0.02877869,-5.838558296,0.040819897,2.834974428,0.03093784,3.634480405,0.02877869,-5.838558296,0.038748698,2.06071607,0.028520317,-18.73319167,0.02877869,-5.838558296,0.626356028,1.714649919,,,0.042929211,,,4.611916653,,,7.097511955,,,0.042929211,,,3.037869687,,,4.10E-05,,,0.042929211,,,0.001833716,0.004572287,0.005695332,0.001833716,0.003629352,1.30E-08,0.001833716,388.518941,388.518941,139.3625958,3,,139.3625958,1278.563218,1278.563218,,145.6427498,9,,183.1916119,183.1916119,146.5641999,1,335.6163384,-249.3836616,142.8129598,-2,,669.9049999,-208.0950001,152.8363938,-1,,0.002297845,0.002297845,142.1562206,0,,112.979841,112.979841,139.3625958,1,,0.028773282,-6.216415271,0.034192009,3.560437541,0.035016124,6.819728901,0.001859874,0.001502192,352.5766266,59.57662656,139.3985968,0,,302.5844894,302.5844894,146.9206864,2,,1,,,,,,,,,,1.597910764,1.130214376,0.206397622,-1.065273843,-0.066352355,0,0,0.396147359,0.532636921,,,,0,278.7251915,145.6427498,0,-142.8129598,0,0,0,0,139.3625958,1
HGBL,1.289999962,0,0,1,0,0,0.4648,0.5352,0.557279236,0.555020921,0.540269346,0,0,0,0,0,0,0,0,0,0,0,0,0,0,0,0,0,0.484454774,-9.101244626,0.538136355,-0.063752555,0.522959365,-0.041392336,0.484454774,-9.101244626,0.5305467,-0.035840023,0.482919703,1.008792235,0.484454774,-9.101244626,0.540269346,1.628563237,0,0,0.011811751,0,0,0.969386381,0,0,0.980015426,0,0,0.011811751,0,0,0.98267276,0,0,1.63556144,0,0,0.011811751,0,0,0,0,0,0,0,0,0,0,0,1.289999962,0,0,0,0,0,0,1.284266634,0,0,0,0,1.284266634,0,0,0,1.289999962,0,0,0,0,1.284266634,0,0,0,0,1.300846337,0,0,0,0,1.289999962,0,0,0.484472309,-9.566304392,0.511798233,1.684589876,0.00941483,2.27407053,0,0,0,0,1.289999962,0,0,0,0,1.309787945,0,0,0,0,0,0,0,0,0,0,0,0,0,0,0,0,0,0,0,0,0,0,0,0,0,0,0,0,0,0,0,0,0,0,0
HHH,71.04000092,1,1,0,1,1,0.7588,0.2412,0.84884646,0.663179916,0.065887962,0,0,0,0,0,0,0,0,0,71,0,0,0,1,1,1,1,0.778638198,-11.20762736,0.830931947,-0.850510142,0.746158232,-0.546177854,0.778638198,-11.20762736,0.82400029,-0.571537486,0.777240504,4.981407557,0.778638198,-11.20762736,0.065887962,1.154181853,,,0.200471899,,,0.885187201,,,0.924670896,,,0.200471899,,,0.921314564,,,2.04274134,,,0.200471899,,,0.001978833,0.000180099,0.000146422,0.001978833,0.000340946,0.000135876,0.001978833,419.2655549,419.2655549,68.80856574,6,,137.6171315,50.36155072,50.36155072,,68.20300827,1,,4.709682504,4.709682504,68.20300827,0,362.1763459,362.1763459,68.80856574,5,,62.93173252,62.93173252,68.20300827,1,,24.09759978,-46.90240022,74.03184699,-1,,121.9208403,121.9208403,68.80856574,2,,0.778516294,-11.72785113,0.805968176,-8.552111644,0.186061691,0.293375426,0.001942104,2.33E-05,368.1649475,368.1649475,68.81817869,5,,4.686814894,4.686814894,68.61121226,0,,1,,,,,,,,,,6,0.011302617,0,5,0.005103986,-0.387725332,5,0,2,,,,0,412.8513945,0,0,344.0428287,0,0,344.0908935,0,137.6171315,1
HIG,126.0500031,0,0,1,0,0,0.074,0.926,0.132856006,0.070292887,0.594748739,0,0,0,0,0,0,0,126,252,0,252,378,0,1,1,1,1,0.082904842,-6.226106961,0.11620617,1.244306456,0.08449337,1.784958648,0.082904842,-6.226106961,0.110553496,0.916154873,0.082190762,-15.54111744,0.082904842,-6.226106961,0.594748739,1.68304263,,,0.039111784,,,1.911312117,,,2.53262234,,,0.039111784,,,1.61115804,,,0.000306358,,,0.039111784,,,0.001559483,0.001758953,0.001883016,0.001559483,0.001821684,8.99E-08,0.001559483,330.4157494,330.4157494,122.4778819,3,,122.4778819,491.8615813,491.8615813,,124.4895721,4,,60.56761363,60.56761363,124.7794341,0,285.4247561,159.4247561,122.4778819,1,,336.2459969,84.24599688,124.1815131,1,,0.015944408,0.015944408,123.351123,0,,96.08365232,96.08365232,122.4778819,1,,0.082881611,-6.614171011,0.097986636,4.36583406,0.031957164,9.707195141,0.001572423,0.002037977,298.0845134,46.08451345,122.5351438,0,,410.5068046,32.50680457,126.5291035,0,,1,,,,,,,,,,1.81708162,0.09676866,0,0.605693873,0.013114684,0,0,0,0.605693873,,,,0,244.9557638,0,0,122.4778819,0,0,0,0,122.4778819,1
HII,268.5400085,1,1,0,1,1,0.2228,0.7772,0.251392204,0.037656904,0.400805844,0,537,0,0,537,0,0,537,537,0,269,537,537,1,1,1,1,0.227011559,-7.257925465,0.244081042,0.535562601,0.082277681,1.825036798,0.227011559,-7.257925465,0.2429944,0.378940821,0.227452789,-8.057483464,0.227011559,-7.257925465,0.400805844,1.489099735,0,0,0.055581728,0,0,1.237688947,0,0,2.06819876,0,0,0.055581728,0,0,1.162861204,0,0,0.040426808,0,0,0.055581728,0,0,0.001408681,0.000697904,0.000930836,0.001408681,0.000915014,7.33E-06,0.001408681,298.4645506,298.4645506,257.4672886,1,0,0,195.1570791,-341.8429209,0,285.6589322,-1,0,29.94055517,29.94055517,263.9650738,0,257.8241858,-279.1758142,267.5850351,-1,0,168.8930856,-368.1069144,285.6589322,-1,0,1.29964504,1.29964504,257.7226451,0,0,86.79236434,86.79236434,257.4672886,0,0,0.226200597,-7.667723207,0.236853234,4.99328856,0.047213725,7.302278023,0.001404458,0.00111775,266.2433055,-2.756694482,267.5850351,0,0,225.1467656,-311.8532344,285.6589322,-1,0,1,0,0,0,0,0,0,0,0,0,0.823085657,-0.004481677,0,-0.823085657,-0.00224369,0,0,-0.389577041,0,0,0,0,0,257.4672886,0,0,-267.5850351,0,0,0,0,0,1
HLT,319.3599854,1,1,0,1,1,0.5148,0.4852,0.568019093,0.146443515,0.826904596,0,0,0,0,0,0,0,0,0,0,0,319,0,1,1,1,1,0.524293697,-9.386495298,0.555771511,-0.093702109,0.276429448,0.4760479,0.524293697,-9.386495298,0.552964793,-0.062495647,0.524480203,1.98995103,0.524293697,-9.386495298,0.826904596,1.915198487,,,0.00224389,,,0.940927091,,,1.362533792,,,0.00224389,,,0.960202576,,,3.644111211,,,0.00224389,,,0.000144336,0.001452143,0.001720748,0.000144336,0.001591694,0.001778119,0.000144336,30.58127075,30.58127075,310.3453389,0,,0,406.0673529,406.0673529,,309.0072344,1,,55.34824734,55.34824734,312.4967901,0,26.41717824,26.41717824,310.3453389,0,,293.7944769,293.7944769,309.0072344,1,,315.3495101,315.3495101,316.6033295,1,,8.892918063,8.892918063,310.3453389,0,,0.523325159,-9.851915573,0.541881779,0.95551034,0.001658264,1.860622183,0.000138781,0.000545242,26.30877054,26.30877054,310.3563286,0,,109.827287,-209.172713,330.4858695,-1,,1,,,,,,,,,,0,0.000137189,0,0,6.10E-05,0.061873517,0,-0.014265625,0,,,,0,0,0,0,0,0,0,0,0,0,1
HMC,31.35000038,0,0,1,0,0,0.2772,0.7228,0.180190931,0.882426778,0.257929795,0,0,0,0,0,0,0,0,94,314,0,0,0,1,1,1,1,0.245442798,-7.389894978,0.192417726,0.732765957,0.297969917,0.415869047,0.245442798,-7.389894978,0.197775487,0.498254664,0.247399034,-7.161700541,0.245442798,-7.389894978,0.257929795,1.346223686,,,0.111131519,,,1.243405284,,,1.131607607,,,0.111131519,,,1.159666898,,,0.118932646,,,0.111131519,,,0.001939034,0.000468303,0.000336798,0.001939034,0.000676903,1.45E-05,0.001939034,410.8331722,410.8331722,30.16063566,14,,120.6425427,130.9530033,130.9530033,,30.67735646,4,,10.83319455,10.83319455,30.48414101,0,354.8921569,354.8921569,30.16063566,12,,124.9425625,30.94256252,30.54973338,1,,2.570880893,-311.4291191,30.54024298,-10,,119.4687352,119.4687352,30.16063566,4,,0.245604182,-7.810360906,0.213716684,4.99585201,0.098072637,4.416218575,0.001927176,0.000521057,365.3351176,365.3351176,30.16475909,12,,104.9557707,104.9557707,32.18374967,3,,1,,,,,,,,,,11.94605733,0.033559122,0,10.23947771,0.003879027,-8.014055411,11.43782578,1.169931436,3.413159237,,,,0.652486362,361.927628,0,0,301.6063566,0,-244.3219439,331.81235,32.18374967,90.48190699,1
HMY,17.37999916,0,0,1,0,0,0.1404,0.8596,0.100238663,0.29958159,0.586235627,0,0,0,0,0,0,87,626,556,0,226,365,0,1,1,1,1,0.128072692,-6.549513279,0.105732187,1.357439715,0.149250244,1.05146173,0.128072692,-6.549513279,0.108094977,0.935235609,0.128851898,-12.95318816,0.128072692,-6.549513279,0.586235627,1.674529518,,,0.034167333,,,2.013357925,,,1.719549645,,,0.034167333,,,1.619543159,,,0.001258561,,,0.034167333,,,0.001337006,0.00181565,0.001252186,0.001337006,0.001803876,3.62E-07,0.001337006,283.2782542,283.2782542,15.88957468,18,,0,507.715987,507.715987,,16.82038105,30,,40.2768299,40.2768299,16.70122341,2,244.7057283,-381.2942717,16.55701195,-23,,332.9589467,-223.0410533,18.90356496,-12,,0.064207778,0.064207778,16.2767602,0,,82.3762467,-4.623753302,16.55701195,0,,0.12813897,-6.946862381,0.114983262,4.525486562,0.027838606,10.30917451,0.001341517,0.002136219,254.311539,28.31153896,15.90054149,2,,430.2956865,65.29568653,18.07880896,4,,0,,,,,,,,,,12.06453493,0.863738709,0.034549118,-15.41579463,-0.163999808,0,1.508090529,1.280001789,0,,,,-0.162931975,190.6748961,16.82038105,0,-248.3551793,0,0,31.80108297,18.07880896,0,1
HON,213.9900055,1,1,0,1,1,0.4868,0.5132,0.690930788,0.122175732,0.483521636,0,856,428,0,1284,0,0,428,214,0,214,214,1284,1,1,1,1,0.521313331,-9.36515558,0.639328875,-0.246419865,0.247901249,0.56605596,0.521313331,-9.36515558,0.623650813,-0.151694122,0.519738759,1.884998199,0.521313331,-9.36515558,0.483521636,1.571815526,,,0.014476671,,,0.894546149,,,1.291737542,,,0.014476671,,,0.933699305,,,2.345398343,,,0.014476671,,,0.00044817,0.000626212,0.000725628,0.00044817,0.000862228,0.000525924,0.00044817,94.9561394,94.9561394,207.5002841,0,,0,175.1096893,-1108.890311,,220.4189485,-5,,23.33999662,23.33999662,209.6314494,0,82.026456,-345.973544,213.2353957,-2,,159.1499135,-54.85008653,221.4298952,0,,93.272725,93.272725,212.1721927,0,,27.6128868,27.6128868,207.5002841,0,,0.520063164,-9.827936322,0.580312141,-0.081176028,0.011742967,0.963955311,0.000436238,0.000169642,82.69775253,-131.3022475,213.2353957,-1,,34.17066073,-179.8293393,221.6568565,-1,,1,,,,,,,,,,0,-0.004743965,0,-2,0,0,-1,-0.000102962,0,,,,0,0,0,0,-426.4707915,0,0,-213.2353957,0,0,1
HOOD,112.7399979,0,0,1,0,0,0.477855478,0.522144522,0.405073021,0.633814783,0.667796523,0,0,0,0,0,0,0,0,0,338,0,0,0,1,1,1,1,0.458088619,-8.912460319,0.416601761,0.141778776,0.492306018,0.013851628,0.458088619,-8.912460319,0.42138116,0.093728509,0.459395177,0.392182386,0.458088619,-8.912460319,0.667796523,1.756090414,0,0,0.006614328,0,0,1.083107483,0,0,1.00783021,0,0,0.006614328,0,0,1.05419515,0,0,1.247116358,0,0,0.006614328,0,0,0.000308639,0.001181462,0.000891914,0.000308639,0.001351729,0.000432574,0.000308639,65.39290285,65.39290285,100.7207307,1,0,0,330.3758702,330.3758702,0,100.4891328,3,0,28.6886162,28.6886162,100.0837586,0,56.48869154,56.48869154,100.7207307,1,0,249.5018657,249.5018657,100.0837586,2,0,76.71706146,-261.2829385,126.1491269,-2,0,19.01600923,19.01600923,100.7207307,0,0,0.45820272,-9.373194018,0.434760077,3.221524117,0.005102873,6.134987,0.000298994,0.001437267,56.68026086,56.68026086,100.8287383,1,0,289.5067495,289.5067495,111.5763057,3,0,1,0,0,0,0,0,0,0,0,0,1,0.000942245,0,1,0.000274532,-0.004806469,1,0.486478952,0,0,0,0,0.478790976,100.7207307,0,0,100.7207307,0,0,100.8287383,0,0,1
HPE,69.33000183,1,1,0,1,1,0.93,0.07,0.994828958,0.99832636,0.698521088,0,69,0,0,69,0,0,0,0,1040,0,0,69,1,1,1,1,0.945064567,-12.3992568,0.982588926,-4.486710549,0.974134887,-4.013631784,0.945064567,-12.3992568,0.977573367,-2.806554029,0.943912305,4.157698172,0.945064567,-12.3992568,0.698521088,1.786814979,0,0,0.00074886,0,0,0.073959143,0,0,0.097329696,0,0,0.00074886,0,0,0.196121419,0,0,11.17045408,0,0,0.00074886,0,0,3.73E-05,8.65E-05,9.25E-05,3.73E-05,0.000264726,0.004148251,3.73E-05,7.894501833,7.894501833,65.90829356,0,0,0,24.18059674,-44.81940326,0,69.23278469,-1,0,2.97475851,2.97475851,64.4365179,0,6.819548597,6.819548597,65.90829356,0,0,48.86314516,48.86314516,64.4365179,1,0,735.6924181,-304.3075819,75.21376611,-4,0,2.295691324,2.295691324,65.90829356,0,0,0.945080781,-12.95228333,0.964794167,-16.95692971,0.000543243,5.32E-05,3.42E-05,1.30E-08,6.479987004,6.479987004,65.99091932,0,0,0.002622943,0.002622943,66.24089487,0,0,1,0,0,0,0,0,0,0,0,0,0,-0.31454018,0,0,0.123074149,-1.080403381,0,0,0,0,0,0,-0.163722313,0,0,0,0,0,-75.21376611,0,0,0,1
HPQ,32.11999893,0,0,1,0,0,0.5064,0.4936,0.440334129,0.968619247,0.475717066,0,0,32,0,32,0,0,0,0,578,0,128,32,1,1,1,1,0.489023998,-9.133960728,0.451159949,0.081876131,0.576062193,-0.1393388,0.489023998,-9.133960728,0.455472084,0.052409777,0.490094325,1.188038662,0.489023998,-9.133960728,0.475717066,1.564010957,0,0,0.016819821,0,0,1.037298148,0,0,0.939582373,0,0,0.016819821,0,0,1.023717351,0,0,1.701235285,0,0,0.016819821,0,0,0.000511205,0.000711825,0.000517144,0.000511205,0.000931525,0.00037408,0.000511205,108.3115446,108.3115446,30.66621191,4,0,30.66621191,199.0497952,167.0497952,0,30.33582863,6,0,16.63405206,16.63405206,30.33582863,1,93.56332519,93.56332519,30.66621191,3,0,171.9406688,171.9406688,30.33582863,6,0,66.34314143,-511.6568586,34.1648629,-15,0,31.49658821,31.49658821,30.66621191,1,0,0.489216916,-9.601182472,0.467772695,2.621048355,0.013647978,3.229325971,0.000496739,0.000561059,94.16688086,94.16688086,30.67405942,3,0,113.0132717,-14.98672833,34.1648629,0,0,1,0,0,0,0,0,0,0,0,0,4,0.000628472,0.000303364,3,0.000257511,-0.330805281,3,0,1,0,0,0,-1.989426015,122.6648476,0,0,91.99863573,0,0,92.02217825,0,30.66621191,1
HRL,20.25,0,0,1,0,0,0.1296,0.8704,0.230708035,0.050209205,-0.03484432,20,0,0,0,0,0,20,0,0,0,628,1053,20,1,1,1,1,0.144553058,-6.667514354,0.201684794,0.691924456,0.091286913,1.671377324,0.144553058,-6.667514354,0.192438058,0.51503696,0.143519426,-12.17567636,0.144553058,-6.667514354,-0.03484432,1.053449571,,,0.706679502,,,1.036685459,,,1.090928053,,,0.706679502,,,1.027180857,,,0.530471789,,,0.706679502,,,0.004974973,0.000146366,0.000118797,0.004974973,0.000290064,2.46E-05,0.004974973,1054.073097,1034.073097,19.70179619,52,,295.5269429,40.92883191,40.92883191,,19.8620036,2,,3.82113638,3.82113638,19.99677725,0,910.5454481,910.5454481,19.70179619,46,,53.53994498,53.53994498,19.84250336,3,,4.368804748,4.368804748,19.78429871,0,,306.5204765,286.5204765,19.70179619,15,,0.144339779,-7.065956153,0.170767071,4.887075866,0.692169137,1.289778444,0.004963674,8.08E-05,940.9645335,312.9645335,19.70311356,16,,16.2786113,-1036.721389,20.90771804,-50,,1,,,,,,,,,,36.12029498,0.014961233,0,31.95256863,0.012434206,0,12.48193409,-18.65899259,10.41931586,,,,0,709.264663,0,0,630.4574782,0,0,236.4373627,-397.2466428,197.0179619,1
HSIC,84.87999725,0,0,1,0,0,0.2368,0.7632,0.292760541,0.735146444,0.244568802,0,0,0,0,0,0,0,0,0,0,0,0,0,1,1,1,1,0.248644127,-7.412816815,0.281094691,0.427670951,0.339352856,0.313848583,0.248644127,-7.412816815,0.276286631,0.309703512,0.24762938,-7.151541651,0.248644127,-7.412816815,0.244568802,1.332862693,0,0,0.118847103,0,0,1.1307513,0,0,1.094368855,0,0,0.118847103,0,0,1.093066238,0,0,0.128112624,0,0,0.118847103,0,0,0.001998501,0.000409213,0.000312664,0.001998501,0.00061946,1.50E-05,0.001998501,423.432677,423.432677,81.71828359,5,0,163.4365672,114.4295678,114.4295678,0,82.33750098,1,0,10.05689618,10.05689618,82.23010285,0,365.7760527,365.7760527,81.71828359,4,0,114.3398339,114.3398339,82.2782355,1,0,2.662732514,2.662732514,81.70586301,0,0,123.1326236,123.1326236,81.71828359,2,0,0.248744862,-7.833448357,0.264914336,4.932713084,0.105317349,4.126013413,0.001986404,0.000474445,376.5629235,376.5629235,81.76614468,5,0,95.5668523,95.5668523,85.30618277,1,0,1,0,0,0,0,0,0,0,0,0,4.292957276,0.002857851,0,3.434365821,0.001498692,0,4.793977591,0.380182162,1.717182911,0,0,0,0,326.8731343,0,0,245.1548508,0,0,408.8307234,0,163.4365672,1
HSY,160.1900024,0,0,1,0,0,0.0396,0.9604,0.062450278,0.051882845,0.447980854,0,1442,320,0,1762,0,641,0,320,0,0,0,1762,1,1,1,1,0.043479704,-5.943819029,0.056597925,2.261331014,0.0496263,2.687227737,0.043479704,-5.943819029,0.054484715,1.634320038,0.043165586,-17.83929631,0.043479704,-5.943819029,0.447980854,1.536274745,0,0,0.07792246,0,0,2.640388831,0,0,3.170183321,0,0,0.07792246,0,0,2.017204115,0,0,0.000471548,0,0,0.07792246,0,0,0.002216538,0.001686732,0.001621438,0.002216538,0.001740826,9.66E-08,0.002216538,469.629265,469.629265,154.1222487,3,0,-478.1363501,471.666084,-1290.333916,0,165.8880461,-8,0,52.15391113,52.15391113,158.7427173,0,405.6822917,405.6822917,154.1222487,3,0,321.3213146,1.321314607,157.9648355,0,0,0.017138789,0.017138789,155.4855324,0,0,136.566417,-504.433583,159.3787834,-3,0,0.043479267,-6.324520439,0.049648102,3.785453084,0.066171912,5.080064654,0.002237645,0.000842774,424.1908202,424.1908202,154.1307711,3,0,169.7588562,169.7588562,159.7662195,1,0,0,0,0,0,0,0,0,0,0,0,1.656046155,-0.639202244,0,1.656046155,0,0,1.874979318,0.22390086,-1.656046155,0,0,0,-2.985038601,308.2444975,-165.8880461,0,308.2444975,0,0,308.2615422,0,-318.7575667,1
HUBB,475.519989,1,1,0,1,1,0.6208,0.3792,0.774065235,0.161087866,0.72960342,0,0,0,0,0,0,0,0,0,476,0,0,0,1,1,1,1,0.648556843,-10.27623185,0.738023748,-0.480807766,0.318560454,0.363189175,0.648556843,-10.27623185,0.727571987,-0.317133683,0.647732783,4.087149369,0.648556843,-10.27623185,0.72960342,1.817897311,,,0.002150826,,,0.750234518,,,1.242432425,,,0.002150826,,,0.827335799,,,11.50531978,,,0.002150826,,,0.00011407,0.000939832,0.00126707,0.00011407,0.001175251,0.004572612,0.00011407,24.16850571,24.16850571,455.6606596,0,,0,262.808089,262.808089,,446.9462392,1,,40.75558701,40.75558701,457.9140728,0,20.87760604,20.87760604,455.6606596,0,,216.9275178,216.9275178,446.9462392,0,,810.952869,334.952869,477.2017287,1,,7.028110203,7.028110203,455.6606596,0,,0.647133155,-10.76204053,0.695482109,-3.895572442,0.001608808,0.097460538,0.000108668,2.50E-05,20.6001872,20.6001872,455.8243348,0,,5.028545121,5.028545121,446.9462392,0,,1,,,,,,,,,,0,0.003612127,0,0,0,0.261012343,0,0,0,,,,0,0,0,0,0,0,0,0,0,0,1
HUM,388.3599854,0,0,1,0,0,0.4544,0.5456,0.425218775,0.958995816,0.428013179,0,0,0,0,0,0,0,0,0,388,0,388,0,1,1,1,1,0.447382512,-8.835803521,0.430456439,0.117457449,0.543910417,-0.079499136,0.447382512,-8.835803521,0.432337118,0.080271119,0.447730681,0.070021636,0.447382512,-8.835803521,0.428013179,1.51630707,0,0,0.025269705,0,0,1.050110011,0,0,0.96744788,0,0,0.025269705,0,0,1.033979641,0,0,1.029577428,0,0,0.025269705,0,0,0.000684832,0.00063662,0.000468974,0.000684832,0.00085841,0.000200412,0.000684832,145.0988654,145.0988654,361.7990989,0,0,0,178.020064,178.020064,0,357.5694428,0,0,15.08464119,15.08464119,357.4068487,0,125.3415079,125.3415079,361.7990989,0,0,158.4450365,158.4450365,357.4068487,0,0,35.54314914,-352.4568509,412.28273,-1,0,42.19420218,42.19420218,361.7990989,0,0,0.447560406,-9.294961303,0.437954771,3.167225286,0.020873263,3.737607255,0.000668888,0.000599477,126.8011429,126.8011429,362.1409453,0,0,120.7519133,-267.2480867,412.28273,-1,0,1,0,0,0,0,0,0,0,0,0,0,0,0,0,0,-7.66E-05,0,-0.156739313,0,0,0,0,0,0,0,0,0,0,0,0,0,0,1
HWM,231.2700043,1,1,0,0,0,0.166599435,0.833400565,0.258842444,0.075559308,0.916817568,0,463,0,0,463,0,0,463,231,0,694,0,463,1,1,1,1,0.181929685,-6.935134739,0.234889703,0.565932295,0.126924982,1.237127547,0.181929685,-6.935134739,0.226837253,0.417539761,0.180879875,-10.27298555,0.181929685,-6.935134739,0.916817568,2.005111459,0,0,0.008028394,0,0,1.482483762,0,0,2.364742651,0,0,0.008028394,0,0,1.337072156,0,0,0.000787291,0,0,0.008028394,0,0,0.000611992,0.002748921,0.003604503,0.000611992,0.002538906,4.60E-07,0.000611992,129.6659711,129.6659711,221.5049395,1,0,0,768.6893903,305.6893903,0.031202326,224.6737306,1,0,115.9396176,115.9396176,226.9517828,1,112.0100305,-350.9899695,230.2610495,-2,0,468.6306991,237.6306991,224.2679407,1,0,0.081608936,0.081608936,222.0183538,0,0,37.70637479,37.70637479,221.5049395,0,0,0.181727215,-7.34079493,0.207235709,4.988892075,0.006054288,32.16151233,0.000611844,0.010609309,115.9873635,-578.0126365,230.2610495,-3,0,2137.018447,2137.018447,233.7407196,9,-1,1,0.002298758,0.002561019,0.000810467,0.002211577,0.002298758,0.409377664,0.002336746,0.001719086,0.002298758,0.751501466,0.005004365,0.023913821,-1.503002933,0.002724054,0,-2.525965791,3.500021832,0,0.119824469,0.119824469,2.47E-05,0,221.5049395,0,0,-460.5220989,0,0,-690.7831484,934.9628785,0,1
IBIT,47.72999954,1,1,0,1,1,0.847761194,0.152238806,0.728070175,0.757142857,0.68346657,0,0,95,0,95,0,0,0,48,716,0,0,95,1,1,1,1,0.815064732,-11.46844499,0.746957704,-0.507471048,0.773858244,-0.64506172,0.815064732,-11.46844499,0.755077053,-0.374578647,0.817413262,4.986141882,0.815064732,-11.46844499,0.68346657,1.771760461,,,0.001416383,,,0.748068989,,,0.691454233,,,0.001416383,,,0.807147283,,,17.32138451,,,0.001416383,,,6.83E-05,0.000845524,0.000634625,6.83E-05,0.001062539,0.006221823,6.83E-05,14.47121872,14.47121872,45.7833627,0,-10,0,236.4366551,141.4366551,,45.3481344,3,-12,20.41286741,20.41286741,45.3481344,0,12.50074817,12.50074817,45.7833627,0,,196.1232673,148.1232673,45.3481344,3,,1103.440589,387.4405887,49.4015743,8,,4.208175763,4.208175763,45.7833627,0,0,0.815060603,-11.996492,0.777091929,-7.240831806,0.001047156,0.01589795,6.36E-05,3.81E-06,12.06388854,12.06388854,45.79903029,0,,0.767613962,0.767613962,45.4813388,0,,1,0.00076959,0.000852877,0.00121265,0.00073602,0.00076959,0.075067838,0.000786805,0.000590613,0.00076959,0,0.012071572,0,0,0.006576992,3.107701359,0,0,0,0.054017156,0.054017156,4.60E-07,0.008246832,0,0,0,0,0,148.2047229,0,0,0,1
IBKR,88.30000305,0,0,1,0,0,0.3064,0.6936,0.328957836,0.510878661,0.870003467,0,0,0,0,0,0,0,0,0,0,0,0,0,1,1,1,1,0.311818757,-7.865153485,0.32482577,0.321738697,0.366570476,0.25388005,0.311818757,-7.865153485,0.322978072,0.229066334,0.311335629,-4.504844512,0.311818757,-7.865153485,0.870003467,1.958297358,0,0,0.005062088,0,0,1.241391172,0,0,1.18604772,0,0,0.005062088,0,0,1.166432387,0,0,0.048431968,0,0,0.005062088,0,0,0.000353569,0.002094263,0.00164096,0.000353569,0.002065251,2.58E-05,0.000353569,74.91248834,74.91248834,83.16672725,1,0,0,585.6252732,585.6252732,0,84.03932562,7,0,52.78185273,52.78185273,83.84840897,1,64.71204461,64.71204461,83.16672725,1,0,381.2035868,381.2035868,83.82877568,5,0,4.574702619,4.574702619,82.50587235,0,0,21.78426875,21.78426875,83.16672725,0,0,0.311897799,-8.29769191,0.318564373,4.641546863,0.003785132,22.63436821,0.000347125,0.007024919,65.80446015,65.80446015,83.1817148,1,0,1415.01978,1415.01978,89.42268767,16,0,1,0,0,0,0,0,0,0,0,0,0.96657249,0.011322039,0.001007111,0.96657249,0.004099327,0,1,5.38598932,0,0,0,0,0.037554993,83.16672725,0,0,83.16672725,0,0,83.1817148,447.1134383,0,1
IBM,222.6399994,0,0,1,0,0,0.2156,0.7844,0.102227526,0.014644351,0.430007793,0,891,668,0,1559,0,0,0,0,0,0,0,1559,1,1,1,1,0.166564968,-6.825121826,0.111921213,1.288592079,0.034623484,3.400107679,0.166564968,-6.825121826,0.117636906,0.864694643,0.170573581,-10.78671076,0.166564968,-6.825121826,0.430007793,1.518301684,,,0.057837439,,,1.712760257,,,4.136537623,,,0.057837439,,,1.434892464,,,0.011059689,,,0.057837439,,,0.001575092,0.001043822,0.002016038,0.001575092,0.001195893,2.16E-06,0.001575092,333.7228184,333.7228184,211.3204367,2,,0,291.8871373,-1267.112863,,233.916463,-5,,64.84628969,64.84628969,221.6634203,0,288.2815188,288.2815188,211.3204367,1,,220.7376549,220.7376549,217.1835346,1,,0.383783497,0.383783497,214.9597522,0,,97.04533551,97.04533551,211.3204367,0,,0.165397729,-7.220755242,0.13286084,4.668475413,0.049029531,7.025313473,0.001579673,0.001130624,299.458954,299.458954,211.7083279,1,,227.7400549,227.7400549,224.7479605,1,,1,,,,,,,,,,1.455696498,-0.129724183,0,0.727848249,0.011682763,0,0.81467666,0.340541604,0,,,,-15.16479495,211.3204367,0,0,211.3204367,0,0,211.7083279,0,0,1
IBN,27.44000053,0,0,1,0,0,0.0432,0.9568,0.142004773,0.262761506,0.615229173,55,0,82,0,82,0,0,0,0,0,0,27,137,1,1,1,1,0.052072599,-6.00534502,0.100835075,1.416512049,0.09017796,1.689026378,0.052072599,-6.00534502,0.089932134,1.100439308,0.051274724,-17.3517239,0.052072599,-6.00534502,0.615229173,1.703523064,,,0.040801425,,,2.126705013,,,2.458968156,,,0.040801425,,,1.797150519,,,9.68E-05,,,0.040801425,,,0.001701335,0.002054219,0.001921203,0.001701335,0.002106069,2.98E-08,0.001701335,360.4706961,305.4706961,26.7086486,11,,106.8345944,574.427736,492.427736,,27.15348892,18,,61.79592383,61.79592383,27.19651395,2,311.3872771,311.3872771,26.7086486,12,,388.737778,388.737778,27.11149562,14,,0.005281556,0.005281556,26.91320171,0,,104.8235174,104.8235174,26.7086486,4,,0.052088555,-6.387808178,0.070259112,4.05578069,0.03328076,8.675546125,0.001721022,0.001879137,326.2544692,326.2544692,26.70912764,12,,378.5119417,351.5119417,27.55160533,13,,1,,,,,,,,,,6.198529013,0.564329921,0.089150316,6.762031651,0.264898959,0,7.650767497,3.341275642,2.25401055,,,,0.076936368,160.2518916,27.15348892,0,186.9605402,0,0,213.6730211,82.654816,53.4172972,1
ICE,150.1499939,0,0,1,0,0,0.12,0.88,0.083134447,0.482845188,0.630229082,0,0,450,0,450,0,0,0,450,450,0,150,450,1,1,1,1,0.108476446,-6.409202202,0.088060637,1.593809921,0.136924559,1.148088031,0.108476446,-6.409202202,0.090177108,1.097876047,0.109187851,-14.02256462,0.108476446,-6.409202202,0.630229082,1.718522973,0,0,0.031105835,0,0,2.370243242,0,0,1.861997243,0,0,0.031105835,0,0,1.812055175,0,0,0.000504103,0,0,0.031105835,0,0,0.001339824,0.002371185,0.001508028,0.001339824,0.002179379,1.61E-07,0.001339824,283.8754159,283.8754159,144.6969043,2,0,144.6969043,663.0620437,213.0620437,0,148.253374,1,0,48.50605864,48.50605864,147.8292277,0,245.2215776,245.2215776,144.6969043,2,0,402.2692344,-47.7307656,155.1194301,0,0,0.028480609,-449.9715194,149.6195216,-3,0,82.54989906,82.54989906,144.6969043,1,0,0.108549323,-6.802856926,0.096421421,4.349969568,0.025134593,10.54189246,0.001347457,0.002335639,255.4377551,255.4377551,144.7681369,2,0,470.4645512,320.4645512,150.3405651,2,0,1,0,0,0,0,0,0,0,0,0,1.283683527,0.039691095,0,1.283683527,0,-3,1.446214448,0.591319851,0.641841764,0,0,0,-139.2730482,144.6969043,0,0,144.6969043,0,-448.8585649,144.7681369,150.3405651,144.6969043,1
IDXX,518.3900146,0,0,1,0,0,0.2776,0.7224,0.314240255,0.249372385,0.625506028,0,0,0,0,0,0,0,0,0,0,0,518,0,1,1,1,1,0.285622481,-7.677585529,0.306900391,0.362931718,0.276893065,0.474689559,0.285622481,-7.677585529,0.304048852,0.259915982,0.285046998,-5.557668128,0.285622481,-7.677585529,0.625506028,1.713799919,0,0,0.015986419,0,0,1.215938326,0,0,1.291392992,0,0,0.015986419,0,0,1.150296965,0,0,0.050087264,0,0,0.015986419,0,0,0.000681606,0.001203101,0.001034162,0.000681606,0.001372247,1.58E-05,0.000681606,144.4153841,144.4153841,498.0290454,0,0,0,336.4268947,336.4268947,0,502.6244767,1,0,33.2640374,33.2640374,504.3780014,0,124.7510927,124.7510927,498.0290454,0,0,253.2890624,253.2890624,500.5389698,1,0,2.799332415,2.799332415,495.8007273,0,0,41.99544841,41.99544841,498.0290454,0,0,0.285582573,-8.104246049,0.296695001,4.788035871,0.012703683,13.18892616,0.000673379,0.00290143,127.6526709,127.6526709,498.1945114,0,0,584.4310027,66.43100267,521.1676566,0,0,1,0,0,0,0,0,0,0,0,0,0,0.002058116,0,0,0.001055567,0,0,0,0,0,0,0,0,0,0,0,0,0,0,0,0,0,1
IEFA,97.01000214,0,0,1,0,0,0.1776,0.8224,0.19769292,0.328451883,0.596794196,194,485,291,0,776,0,0,873,776,0,776,97,970,1,1,1,1,0.18224923,-6.93742271,0.193867431,0.72618169,0.22082878,0.66604011,0.18224923,-6.93742271,0.192213774,0.515757659,0.181847347,-10.22519745,0.18224923,-6.93742271,0.596794196,1.685088087,,,0.026780777,,,1.460727443,,,1.415597369,,,0.026780777,,,1.308827303,,,0.004816583,,,0.026780777,,,0.001072627,0.001350835,0.001057757,0.001072627,0.00148518,1.42E-06,0.001072627,227.2629236,33.26292363,94.9903442,0,,94.9903442,377.7382567,-398.2617433,,99.7199358,-4,,34.02299116,34.02299116,95.6825134,0,196.3177139,-676.6822861,96.10728093,-7,,274.1341724,-501.8658276,99.7199358,-5,,0.251880114,0.251880114,95.06395118,0,,66.08720008,66.08720008,94.9903442,1,,0.18230062,-7.345010091,0.18823533,4.949121339,0.021649838,13.2306989,0.001070592,0.002786439,202.9523523,-573.0476477,96.10728093,-6,,561.2685197,464.2685197,98.15753743,5,,1,,,,,,,,,,0,-0.03295874,0,-5.263981828,-0.020781716,0,-5.05773499,1.913578283,0.751997404,,,,0,0,0,0,-480.5364047,0,0,-480.5364047,196.3150749,94.9903442,1
IEX,232.9900055,1,1,0,1,1,0.7016,0.2984,0.719172633,0.694142259,0.555897029,0,0,0,0,0,0,0,0,0,0,0,0,0,1,1,1,1,0.705771055,-10.68589133,0.71593523,-0.419843643,0.704467024,-0.422396038,0.705771055,-10.68589133,0.714630599,-0.292738145,0.705471926,4.651595411,0.705771055,-10.68589133,0.555897029,1.64419092,0,0,0.00492445,0,0,0.811584647,0,0,0.810555257,0,0,0.00492445,0,0,0.864534921,0,0,10.10467791,0,0,0.00492445,0,0,0.000180091,0.00068026,0.000547621,0.000180091,0.00091219,0.00270495,0.000180091,38.15672661,38.15672661,227.2392899,0,0,0,190.2232007,190.2232007,0,225.9572658,1,0,17.61436071,17.61436071,225.9572658,0,32.9611237,32.9611237,227.2392899,0,0,168.3718539,168.3718539,225.9572658,1,0,479.7229122,479.7229122,234.5097752,2,0,11.09583202,11.09583202,227.2392899,0,0,0.705757339,-11.19299277,0.711198576,-4.498380092,0.003826908,0.106798393,0.000171063,2.11E-05,32.42850918,32.42850918,227.3287908,0,0,4.252218875,4.252218875,225.9572658,0,0,1,0,0,0,0,0,0,0,0,0,0,0.002754198,0,0,0.001338994,0.676166871,0,0,0,0,0,0,0,0,0,0,0,0,234.5097752,0,0,0,1
IFF,82.41999817,0,0,1,0,0,0.2176,0.7824,0.198488465,0.675732218,0.058124999,0,0,0,0,0,0,0,0,0,0,0,0,0,1,1,1,1,0.212891174,-7.156822094,0.201833472,0.691292449,0.275273476,0.47944786,0.212891174,-7.156822094,0.203056824,0.482311256,0.213132229,-8.720246431,0.212891174,-7.156822094,0.058124999,1.14641889,0,0,0.376088731,0,0,1.099065558,0,0,1.067706863,0,0,0.376088731,0,0,1.068124699,0,0,0.303746658,0,0,0.376088731,0,0,0.003620749,0.000217657,0.000164457,0.003620749,0.000387455,1.97E-05,0.003620749,767.146688,767.146688,78.5418992,10,0,235.6256976,60.86407178,60.86407178,0,80.60851769,1,0,5.289806101,5.289806101,80.18223644,0,662.6883153,662.6883153,78.5418992,8,0,71.51638987,71.51638987,80.19511789,1,0,3.489306237,3.489306237,79.02041552,0,0,223.0833602,223.0833602,78.5418992,3,0,0.213000364,-7.570686975,0.206701197,4.988168067,0.355410454,1.977035743,0.003608263,0.000154093,684.019012,684.019012,78.60421969,9,0,31.03879086,31.03879086,83.27589058,0,0,1,0,0,0,0,0,0,0,0,0,8.003141014,0.007466957,0,6.402512811,0.003634752,0,8.059964242,0,2.400942304,0,0,0,0,628.3351936,0,0,471.2513952,0,0,628.8337575,0,157.0837984,1
IHS,8.319999695,0,0,1,0,0,0.177615572,0.822384428,0.448275862,0.434550312,-0.015470597,0,0,0,0,0,0,0,0,0,8,0,765,0,1,1,1,1,0.208374092,-7.124479338,0.352294476,0.263304444,0.298298964,0.414992821,0.208374092,-7.124479338,0.323453176,0.228319323,0.205696414,-9.070850869,0.208374092,-7.124479338,-0.015470597,1.072823294,,,0.6060417,,,1.018681008,,,1.029601061,,,0.6060417,,,1.016178909,,,0.528546619,,,0.6060417,,,0.004564181,0.000154703,0.000120817,0.004564181,0.000302866,2.64E-05,0.004564181,967.0365574,967.0365574,7.925348396,122,,277.3871939,43.25997296,43.25997296,,7.98102635,5,,3.8861059,3.8861059,8.029279476,0,835.3602213,835.3602213,7.925348396,105,,55.90299267,55.90299267,7.97262368,7,,4.676556525,-3.323443475,8.293808184,0,,281.2105795,281.2105795,7.925348396,35,,0.208404955,-7.536905662,0.266734391,4.926608723,0.588724185,1.413840669,0.004550249,9.29E-05,862.5915977,862.5915977,7.936768253,109,,18.70369944,-746.2963006,8.862375037,-84,,1,,,,,,,,,,96.75782988,0.005416346,0,83.27518145,0.005701687,0,96.7459253,-31.85630898,27.75839382,,,,0.001523172,768.7587944,0,0,657.8039169,0,0,769.8665205,-283.5960012,221.9097551,1
IMPUY,11.68999958,0,0,1,0,0,0.2076,0.7924,0.162291169,0.369874477,0.508714353,0,0,0,0,0,0,0,0,0,562,0,0,0,1,1,1,1,0.19457446,-7.025672589,0.169001965,0.850878749,0.222179183,0.660638387,0.19457446,-7.025672589,0.171822652,0.587209085,0.195410542,-9.563128998,0.19457446,-7.025672589,0.508714353,1.597008244,,,0.037293271,,,1.489325894,,,1.362424714,,,0.037293271,,,1.316387683,,,0.011369659,,,0.037293271,,,0.001224512,0.001111061,0.000816893,0.001224512,0.001274224,2.71E-06,0.001224512,259.4436696,259.4436696,10.7203444,24,,75.04241083,310.689379,310.689379,,11.06412107,28,,26.27555587,26.27555587,10.98327849,2,224.1165751,224.1165751,10.7203444,21,,235.1959959,235.1959959,10.95865787,21,,0.481346982,-561.518653,11.02045563,-51,,75.44523948,75.44523948,10.7203444,7,,0.194655346,-7.435830916,0.179899268,4.922557555,0.030778138,10.01823435,0.001220601,0.001836909,231.3894876,231.3894876,10.73341301,22,,370.0061156,370.0061156,12.34121881,30,,1,,,,,,,,,,18.51002825,0.316747657,0.013638846,16.19627472,0.113142261,-51,19.00648111,11.35854979,5.398758239,,,,0.174900902,203.6865437,0,0,171.5255105,0,-562.0432373,203.9348473,135.7534069,53.60172202,1
INCY,115.3000031,0,0,1,0,0,0.0844,0.9156,0.053301512,0.667782427,0.226944951,0,0,0,0,0,0,0,0,0,0,0,0,0,1,1,1,1,0.074036328,-6.162607513,0.05712945,2.245849672,0.096103832,1.598360669,0.074036328,-6.162607513,0.058808518,1.545259708,0.074663413,-15.97491658,0.074036328,-6.162607513,0.226944951,1.315238842,0,0,0.184765634,0,0,1.850403753,0,0,1.549573975,0,0,0.184765634,0,0,1.527189937,0,0,0.012557727,0,0,0.184765634,0,0,0.002957615,0.000634922,0.000419203,0.002957615,0.000832039,1.40E-06,0.002957615,626.6451774,626.6451774,109.8160966,6,0,219.6321932,177.545119,177.545119,0,113.873927,2,0,13.4837699,13.4837699,113.3464716,0,541.3181643,541.3181643,109.8160966,5,0,153.5775732,153.5775732,113.4204995,1,0,0.247685067,0.247685067,111.2869408,0,0,182.2260515,182.2260515,109.8160966,2,0,0.074094569,-6.549576585,0.063851269,3.975377868,0.166176684,2.972270677,0.002967398,0.000330237,562.5301514,562.5301514,109.8233788,5,0,66.51912512,66.51912512,115.2042518,1,0,1,0,0,0,0,0,0,0,0,0,3.560412315,0.157620023,0,2.967010262,0.037309806,0,3.351324487,0.246931706,1.186804105,0,0,0,0,439.2643863,0,0,329.4482897,0,0,329.4701364,0,109.8160966,1
INDL,39.24000168,0,0,1,0,0,0.0604,0.9396,0.158711217,0.176987448,0.201558187,0,0,0,0,0,0,0,0,0,0,0,550,0,1,1,1,1,0.071187383,-6.142208783,0.122952082,1.179531676,0.106631175,1.456800201,0.071187383,-6.142208783,0.112389999,0.902327678,0.070241533,-16.23186188,0.071187383,-6.142208783,0.201558187,1.289852078,,,0.209430923,,,1.350160266,,,1.448887147,,,0.209430923,,,1.258181278,,,0.01605948,,,0.209430923,,,0.003119123,0.00042852,0.000361861,0.003119123,0.000647039,1.65E-06,0.003119123,660.8646823,660.8646823,37.7993957,17,,188.9969785,119.8285272,119.8285272,,38.48671486,3,,11.63933676,11.63933676,38.58279677,0,570.8781773,570.8781773,37.7993957,15,,119.4303709,119.4303709,38.41422667,3,,0.293367813,0.293367813,38.10947134,0,,192.1769543,192.1769543,37.7993957,5,,0.071201333,-6.528308122,0.091906509,4.303109909,0.189828503,2.989959961,0.003128765,0.000315906,593.1204737,593.1204737,37.80023666,16,,63.63245014,-486.3675499,41.03045529,-12,,1,,,,,,,,,,10.02116232,0.065216952,0,8.842202048,0.038165402,0,10.65470173,-3.471891542,2.947400683,,,,0.000793237,377.993957,0,0,340.1945613,0,0,415.8026033,-123.0913659,113.3981871,1
INFY,11.03999996,0,0,1,0,0,0.3572,0.6428,0.340095465,0.139748954,0.354372615,88,673,0,0,673,0,33,221,254,0,0,55,761,1,1,1,1,0.351897315,-8.152119964,0.342420039,0.283734465,0.227754277,0.638836624,0.351897315,-8.152119964,0.344088792,0.196996021,0.352634219,-2.962542752,0.351897315,-8.152119964,0.354372615,1.442666506,1.35679433,3.049452439,0.05040343,3.363689956,2.588466491,1.109585737,3.185751161,2.475642072,1.263807818,3.3088259,2.55374927,0.05040343,3.589245042,2.730576817,1.074867814,3.044083673,2.385326256,0.337647914,4.50662151,3.299835445,0.05040343,3.044083673,2.385326256,0.001136113,0.000551188,0.000499522,0.001136113,0.000770051,5.40E-05,0.001136113,240.7141752,152.7141752,10.58611103,14,-23,31.75833308,154.1304887,-518.8695113,0.03420169,11.54816953,-45,-20,16.06724739,16.06724739,10.73682996,1,207.9373785,-13.06262145,10.84654144,-1,-29,142.1357963,-111.8642037,11.54816953,-10,-69,9.582606617,9.582606617,10.50838521,1,-5,69.99877326,36.99877326,10.58611103,3,-4,0.351526041,-8.589003079,0.347163304,4.392247343,0.042946045,5.001453289,0.001121533,0.000705468,212.6091784,212.6091784,10.58794015,20,3,142.1015173,87.10151726,11.14643322,8,0,1,0.000161974,0.000187314,0.151684795,0.000106418,0.000161974,0.002623003,0.000124756,0.000118904,0.000161974,14,-0.056605251,0.006376754,-1,-0.006063661,0.137135306,20,2.41147959,3,0.015799492,0.015799492,9.84E-10,-1.923580306,148.2055544,0,0,-10.84654144,0,0,211.7588029,22.29286644,31.75833308,1
INTC,119.3300018,1,1,0,1,1,0.7916,0.2084,0.873508353,0.948953975,0.526441756,0,0,0,0,0,0,0,0,0,119,0,0,0,1,1,1,1,0.810285907,-11.43422812,0.857727354,-1.02133845,0.869018188,-1.199717595,0.810285907,-11.43422812,0.851228348,-0.68573546,0.808810553,4.99599156,0.810285907,-11.43422812,0.526441756,1.614735647,0,0,0.004173695,0,0,0.612996515,0,0,0.562777919,0,0,0.004173695,0,0,0.719941931,0,0,10.95652923,0,0,0.004173695,0,0,0.000142757,0.000477956,0.000353058,0.000142757,0.000720037,0.002731603,0.000142757,30.24666112,30.24666112,111.0868669,0,0,0,133.6523396,133.6523396,0,109.1057969,1,0,11.35619851,11.35619851,109.1057969,0,26.12813066,26.12813066,111.0868669,0,0,132.9042748,132.9042748,109.1057969,1,0,484.4498496,365.4498496,123.6395335,3,0,8.795614845,8.795614845,111.0868669,0,0,0.810345409,-11.96183014,0.834969735,-9.936223736,0.003241351,0.008555741,0.000134513,1.61E-06,25.499646,25.499646,111.0879699,0,0,0.325123158,0.325123158,110.9178988,0,0,1,0,0,0,0,0,0,0,0,0,0,0.016298941,0,0,0.007347393,1.169996797,0,0,0,0,0,0,69.93779893,0,0,0,0,0,123.6395335,0,0,0,1
INTU,281.0799866,0,0,1,0,0,0.0876,0.9124,0.064439141,0.094142259,0.470132496,0,0,1124,0,1124,0,562,562,281,0,562,0,1124,1,1,1,1,0.080581683,-6.209472908,0.067663536,1.975506092,0.080272433,1.862731431,0.080581683,-6.209472908,0.069071679,1.366491278,0.081049187,-15.60661452,0.080581683,-6.209472908,0.470132496,1.558426387,0,0,0.063609163,0,0,2.402442188,0,0,2.285192627,0,0,0.063609163,0,0,1.833598051,0,0,0.000983602,0,0,0.063609163,0,0,0.001907846,0.0016252,0.001239453,0.001907846,0.001650893,2.13E-07,0.001907846,404.2252199,404.2252199,265.6835804,2,0,-555.6242173,454.4598609,-669.5401391,0,298.7068324,-2,0,39.86728555,39.86728555,276.4960795,0,349.1839751,-212.8160249,277.8121087,-1,0,304.7213845,23.72138445,275.5096359,0,0,0.037821443,0.037821443,269.4863553,0,0,117.5471677,-444.4528323,277.8121087,-2,0,0.080598127,-6.597384894,0.073085915,4.090206004,0.053551836,6.139409927,0.001920651,0.001056851,364.0982331,-197.9017669,277.8121087,-1,0,212.8801077,212.8801077,281.1206923,1,0,0,0,0,0,0,0,0,0,0,0,1.204923556,-0.12195701,0,-0.602461778,0,0,-0.680085741,0.261402893,-1.204923556,0,0,0,-12.55667033,265.6835804,0,0,-277.8121087,0,0,-277.8121087,0,-277.8121087,1
IONQ,43.77000046,1,1,0,1,1,0.741958042,0.258041958,0.662049861,0.510606061,0.724730574,0,0,175,0,175,0,0,0,175,1094,0,0,175,1,1,1,1,0.720260489,-10.78963713,0.674794047,-0.320893674,0.618447939,-0.222657749,0.720260489,-10.78963713,0.680537035,-0.23463248,0.72200162,4.764080749,0.720260489,-10.78963713,0.724730574,1.813024465,,,0.001628989,,,0.826189933,,,0.875919958,,,0.001628989,,,0.869701276,,,17.02377706,,,0.001628989,,,8.55E-05,0.001023927,0.000883513,8.55E-05,0.001225652,0.006694755,8.55E-05,18.12376883,18.12376883,39.39396282,0,,0,286.3239573,111.3239573,,38.57802718,3,,28.41839182,28.41839182,38.57802718,1,15.65594954,15.65594954,39.39396282,0,,226.2306624,51.23066236,38.57802718,1,,1187.315119,93.31511911,44.8819784,2,,5.270323544,5.270323544,39.39396282,0,,0.720077917,-11.29826477,0.695348743,-3.890541751,0.001203613,0.098780167,8.04E-05,2.51E-05,15.24271908,15.24271908,39.42438438,0,,5.061450859,5.061450859,38.57802718,0,,1,,,,,,,,,,0,0.004826848,0.000774632,0,0.000860194,0.709264543,0,0,0,,,,1.156583812,0,0,0,0,0,44.8819784,0,0,0,1
IOT,41.11999893,1,1,0,1,1,0.705882353,0.294117647,0.689368771,0.77037037,0.484354629,0,0,0,0,0,0,0,0,0,288,0,0,0,1,1,1,1,0.701910118,-10.65824663,0.692354148,-0.361162601,0.721743673,-0.470712612,0.701910118,-10.65824663,0.693503758,-0.255800777,0.70215805,4.626413965,0.701910118,-10.65824663,0.484354629,1.57264852,0,0,0.008021418,0,0,0.84914918,0,0,0.808058853,0,0,0.008021418,0,0,0.890638502,0,0,8.122683033,0,0,0.008021418,0,0,0.000248815,0.000595694,0.000454911,0.000248815,0.000823755,0.001825205,0.000248815,52.71778062,52.71778062,38.6453009,1,0,0,166.5758491,166.5758491,0,38.21833362,4,0,14.63231,14.63231,38.21833362,0,45.53947475,45.53947475,38.6453009,1,0,152.048496,152.048496,38.21833362,4,0,323.7001959,35.70019595,41.54370895,1,0,15.33013155,15.33013155,38.6453009,0,0,0.701959325,-11.16507319,0.696700655,-3.941603338,0.006376656,0.167863375,0.000237402,2.96E-05,45.00437041,45.00437041,38.66278536,1,0,5.958627495,5.958627495,38.21833362,0,0,1,0,0,0,0,0,0,0,0,0,1,0.008152402,0,1,0.004089627,0.334432909,1,0,0,0,0,0,0.000165401,38.6453009,0,0,38.6453009,0,0,38.66278536,0,0,1
IP,31.96999931,0,0,1,0,0,0.0264,0.9736,0.031821798,0.123849372,0.190292229,0,0,0,0,0,0,0,0,0,0,0,352,0,1,1,1,1,0.027580313,-5.829977801,0.030722117,3.374269811,0.039649273,3.124112671,0.027580313,-5.829977801,0.030256407,2.392840801,0.027476296,-18.7975702,0.027580313,-5.829977801,0.190292229,1.27858612,0,0,0.238652811,0,0,2.291583929,0,0,2.154946537,0,0,0.238652811,0,0,1.800478186,0,0,0.009856792,0,0,0.238652811,0,0,0.003440783,0.000702229,0.000519186,0.003440783,0.000902183,9.81E-07,0.003440783,729.0165475,729.0165475,29.9231722,24,0,209.4622054,196.3663951,196.3663951,0,31.72470639,6,0,16.69973164,16.69973164,31.68849238,1,629.7501576,629.7501576,29.9231722,21,0,166.5246876,166.5246876,31.5846329,5,0,0.173950196,0.173950196,30.69059817,0,0,211.9952593,211.9952593,29.9231722,7,0,0.027593932,-6.207745756,0.029162462,3.483094203,0.217494053,2.353697216,0.003457786,0.000243114,655.493204,655.493204,29.92970927,22,0,48.97016872,-303.0298313,33.78261528,-9,0,1,0,0,0,0,0,0,0,0,0,12.74574043,1.067409071,0.15250125,11.15252288,0.447319305,0,13.24678691,-1.706054798,3.717507627,0,0,0,0,389.0012386,31.72470639,0,329.1548942,0,0,389.0862205,-67.56523057,119.6926888,1
IPM,1.779999971,0,0,1,0,0,0.2104,0.7896,0.499602228,0.522175732,0.620946188,0,0,0,0,0,0,0,0,0,0,0,0,0,0,0,0,0,0.24510039,-7.387443305,0.401073857,0.169663339,0.349847071,0.290172619,0.24510039,-7.387443305,0.370606566,0.159482442,0.242093437,-7.396867046,0.24510039,-7.387443305,0.620946188,1.709240079,0,0,0.01906253,0,0,1.095211879,0,0,1.1682965,0,0,0.01906253,0,0,1.089251086,0,0,0.018966477,0,0,0.01906253,0,0,0,0,0,0,0,0,0,0,0,1.770180786,0,0,0,0,0,0,1.770197966,0,0,0,0,1.770964447,0,0,0,1.770180786,0,0,0,0,1.770217328,0,0,0,0,1.770244995,0,0,0,0,1.770180786,0,0,0.245141027,-7.806956205,0.309568788,4.706434844,0.015223575,12.46443133,0,0,0,0,1.770265578,0,0,0,0,1.958415565,0,0,0,0,0,0,0,0,0,0,0,0,0,0,0,0,0,0,0,0,0,0,0,0,0,0,0,0,0,0,0,0,0,0,0
IQV,258.2099915,0,0,1,0,0,0.2832,0.7168,0.159904535,0.954811715,0.523675962,0,0,0,0,0,0,0,0,0,516,0,0,0,1,1,1,1,0.238821412,-7.342485193,0.173593322,0.825790614,0.283445043,0.455805437,0.238821412,-7.342485193,0.179779647,0.557843968,0.241470991,-7.424604085,0.238821412,-7.342485193,0.523675962,1.611969853,0,0,0.030025132,0,0,1.48331502,0,0,1.243123881,0,0,0.030025132,0,0,1.305187196,0,0,0.028870679,0,0,0.030025132,0,0,0.001020484,0.001148641,0.000774411,0.001020484,0.00129875,7.15E-06,0.001020484,216.2151303,216.2151303,243.0850497,1,0,0,321.1982278,321.1982278,0,250.0405386,1,0,24.90908727,24.90908727,247.9100106,0,186.7742411,186.7742411,243.0850497,1,0,239.7230777,239.7230777,249.0509939,1,0,1.267953191,-514.7320468,255.5498729,-2,0,62.8745435,62.8745435,243.0850497,0,0,0.238996021,-7.761783652,0.198649032,4.974495587,0.024577657,10.75216847,0.001012787,0.0020195,191.9942787,191.9942787,243.1370656,1,0,406.7850514,406.7850514,260.1935836,2,0,1,0,0,0,0,0,0,0,0,0,0.842376388,0.010655158,0,0.842376388,0.004862342,-1.722648307,0.941332585,0.773300198,0,0,0,0,0,243.0850497,0,0,243.0850497,0,-511.0997459,243.1370656,260.1935836,0,1
IR,76.06999969,1,1,0,1,1,0.423945462,0.576054538,0.514612452,0.241394725,0.595903231,0,0,0,0,0,0,0,0,0,0,76,0,0,1,1,1,1,0.442238323,-8.798970613,0.494996058,0.008329187,0.349932328,0.289983287,0.442238323,-8.798970613,0.487983496,0.014065404,0.441087986,-0.1183068,0.442238323,-8.798970613,0.595903231,1.684197122,0,0,0.010185336,0,0,1.004351353,0,0,1.16318867,0,0,0.010185336,0,0,1.007359086,0,0,0.940191192,0,0,0.010185336,0,0,0.000407146,0.000926829,0.000867271,0.000407146,0.001141303,0.000276653,0.000407146,86.26421297,86.26421297,73.55638374,1,0,0,259.1722346,259.1722346,0,73.08032361,4,0,27.89595223,27.89595223,73.86998481,0,74.51806396,74.51806396,73.55638374,1,0,210.6614441,210.6614441,73.08032361,3,0,49.0644775,49.0644775,73.08032361,1,0,25.08530741,25.08530741,73.55638374,0,0,0.44195363,-9.253745331,0.469396548,2.589261859,0.008035586,3.856475309,0.0003965,0.000811082,75.16451662,-0.835483385,75.56908865,0,0,163.3750371,163.3750371,75.377466,2,0,1,0,0,0,0,0,0,0,0,0,1,4.34E-06,0,1,9.27E-06,0.000218695,0,0.209508655,0,0,0,0,0,73.55638374,0,0,73.55638374,0,0,0,0,0,1
IT,184.8000031,0,0,1,0,0,0.4128,0.5872,0.321797932,0.820083682,0.387954596,0,0,370,0,370,0,0,0,0,0,0,0,370,1,1,1,1,0.38662065,-8.400742518,0.335261704,0.298934238,0.451148786,0.088567177,0.38662065,-8.400742518,0.340904535,0.201694979,0.388287155,-1.740820504,0.38662065,-8.400742518,0.387954596,1.476248487,0,0,0.037925812,0,0,1.123485718,0,0,1.035099208,0,0,0.037925812,0,0,1.081729353,0,0,0.507602479,0,0,0.037925812,0,0,0.000930858,0.000611914,0.000449603,0.000930858,0.000829608,8.89E-05,0.000930858,197.2256823,197.2256823,174.5092955,1,0,0,171.1115418,-198.8884582,0,196.6022385,-1,0,14.46158305,14.46158305,173.4031377,0,170.3704874,170.3704874,174.5092955,1,0,153.128781,153.128781,174.6006918,1,0,15.77127521,15.77127521,173.4031377,0,0,57.35248372,57.35248372,174.5092955,0,0,0.386796672,-8.848281015,0.357114169,4.290160605,0.031858807,5.317668673,0.000914527,0.000795963,173.3671057,173.3671057,174.5421033,1,0,160.329722,160.329722,185.4165155,1,0,1,0,0,0,0,0,0,0,0,0,1,-0.001396276,0,1,0.000635639,0,1,0.287585594,0,0,0,0,-1.753108869,174.5092955,0,0,174.5092955,0,0,174.5421033,0,0,1
ITW,262.9200134,0,0,1,0,0,0.1812,0.8188,0.219570406,0.233472803,0.547994439,0,0,0,0,0,0,0,0,0,0,0,0,0,1,1,1,1,0.189306174,-6.987951134,0.211576906,0.65134123,0.209677905,0.712590863,0.189306174,-6.987951134,0.208399574,0.466805856,0.188664903,-9.890568405,0.189306174,-6.987951134,0.547994439,1.63628833,0,0,0.032030074,0,0,1.378147579,0,0,1.420347342,0,0,0.032030074,0,0,1.258435678,0,0,0.007670165,0,0,0.032030074,0,0,0.00115066,0.001133091,0.000940835,0.00115066,0.001308996,2.01E-06,0.00115066,243.7962654,243.7962654,255.5540734,1,0,0,316.849952,316.849952,0,257.7515821,1,0,30.26216044,30.26216044,257.9299804,0,210.5997966,210.5997966,255.5540734,1,0,241.6142536,241.6142536,257.4299392,1,0,0.357305125,0.357305125,256.1664879,0,0,70.89503345,70.89503345,255.5540734,0,0,0.189320752,-7.396615783,0.20060657,4.978296681,0.026191537,11.6053354,0.001147807,0.002265622,217.5900491,217.5900491,255.601319,1,0,456.3611861,456.3611861,264.4608037,2,0,1,0,0,0,0,0,0,0,0,0,0.762991579,0.006628834,0,0.762991579,0.003404808,0,0.854842579,0.774482433,0,0,0,0,0,255.5540734,0,0,255.5540734,0,0,255.601319,264.4608037,0,1
IVV,773.0999756,0,0,1,0,0,0.4084,0.5916,0.39061257,0.69832636,0.88807847,0,0,773,0,773,0,0,0,773,0,0,0,773,1,1,1,1,0.404241669,-8.526910777,0.393893805,0.182820125,0.470848693,0.052606536,0.404241669,-8.526910777,0.395032781,0.127038858,0.404430473,-1.221082474,0.404241669,-8.526910777,0.88807847,1.976372361,,,0.003000222,,,1.132637055,,,1.036488842,,,0.003000222,,,1.090402481,,,0.435231007,,,0.003000222,,,0.000216803,0.001982338,0.001489087,0.000216803,0.001983876,0.000240337,0.000216803,45.93521737,45.93521737,756.118736,0,,0,554.3275315,-218.6724685,,790.2225753,0,,47.89681632,47.89681632,751.3993052,0,39.68045784,39.68045784,756.118736,0,,366.1833779,-406.8166221,790.2225753,-1,,42.62372035,42.62372035,751.3993052,0,,13.35778777,13.35778777,756.118736,0,,0.40436751,-8.977446004,0.398489898,3.780736753,0.002207263,13.14019891,0.000210213,0.004176113,39.85014135,39.85014135,756.3359992,0,,841.1886644,841.1886644,773.9666616,1,,1,,,,,,,,,,0,0,0,0,-0.00025217,0,0,0.223343287,0,,,,-4.187955468,0,0,0,0,0,0,0,0,0,1
IVZ,30.65999985,0,0,1,0,0,0.3652,0.6348,0.424821002,0.760251046,0.30542001,0,0,0,0,0,0,0,0,0,0,0,337,0,1,1,1,1,0.378451328,-8.342249357,0.412993373,0.148194788,0.474075075,0.046759184,0.378451328,-8.342249357,0.408018003,0.110436373,0.377324111,-2.105665048,0.378451328,-8.342249357,0.30542001,1.393713901,0,0,0.06270001,0,0,1.050426769,0,0,1.015643846,0,0,0.06270001,0,0,1.037342122,0,0,0.497071225,0,0,0.06270001,0,0,0.001243773,0.000454486,0.000348455,0.001243773,0.000670958,6.94E-05,0.001243773,263.5245769,263.5245769,29.00885223,9,0,87.02655669,127.0893648,127.0893648,0,28.85753616,4,0,11.20813577,11.20813577,28.79147569,0,227.6418065,227.6418065,29.00885223,8,0,123.8453397,123.8453397,28.80438079,4,0,12.31529848,12.31529848,28.79147569,0,0,76.63195192,76.63195192,29.00885223,3,0,0.378568477,-8.78779473,0.396067623,3.814334375,0.054079382,3.547532964,0.001225447,0.000457738,232.3082506,232.3082506,29.01799589,8,0,92.20155897,-244.798441,32.32871483,-8,0,1,0,0,0,0,0,0,0,0,0,9,0.001372606,0,8,0.000762262,0,8,-1.818643341,3,0,0,0,0.097298835,261.0796701,0,0,232.0708178,0,0,232.1439671,-64.65742966,87.02655669,1
IX,37.11999893,0,0,1,0,0,0.0704,0.9296,0.08194113,0.605439331,0.521596693,0,0,148,0,148,0,0,0,0,74,37,0,148,1,1,1,1,0.073014407,-6.155290454,0.079690877,1.732758954,0.109830575,1.417994526,0.073014407,-6.155290454,0.078698697,1.230654853,0.072774325,-16.08449577,0.073014407,-6.155290454,0.521596693,1.609890584,0,0,0.053346796,0,0,2.282066233,0,0,1.96442796,0,0,0.053346796,0,0,1.796780164,0,0,0.000471829,0,0,0.053346796,0,0,0.001804491,0.001758071,0.001217292,0.001804491,0.001781099,1.16E-07,0.001804491,382.3268772,382.3268772,35.67075685,11,0,107.0122705,491.6150959,343.6150959,0,36.68195127,9,0,39.15445975,39.15445975,36.62569239,1,330.2674157,330.2674157,35.67075685,9,0,328.7549019,328.7549019,36.61017298,9,0,0.020616992,-73.97938301,36.45654852,-2,0,111.1792123,111.1792123,35.67075685,3,0,0.073056451,-6.541945274,0.07639503,4.129692816,0.044376141,7.145052819,0.00181896,0.001337539,344.8205733,307.8205733,35.72578973,9,0,269.4187047,269.4187047,37.43183415,7,0,1,0,0,0,0,0,0,0,0,0,6.511931349,0.422220036,0.03141732,5.327943831,0.212978161,-2,6.01833487,1.865320927,1.775981277,0,0,0,0.026374294,249.6952979,0,0,178.3537842,0,-72.91309704,214.3547384,74.8636683,71.3415137,1
J,138.0599976,0,0,1,0,0,0.2064,0.7936,0.179793158,0.653974895,0.59041006,0,0,0,0,0,0,0,0,0,0,0,0,0,1,1,1,1,0.199487134,-7.060847832,0.184202971,0.771560374,0.256432954,0.537708593,0.199487134,-7.060847832,0.185911084,0.536550781,0.199885271,-9.347929957,0.199487134,-7.060847832,0.59041006,1.678703951,,,0.025792416,,,1.49135526,,,1.321205928,,,0.025792416,,,1.320413743,,,0.007887834,,,0.025792416,,,0.001018629,0.001358372,0.000971981,0.001018629,0.001481582,2.29E-06,0.001018629,215.82224,215.82224,133.5355648,2,,0,379.8457424,379.8457424,,135.2823732,3,,31.26399173,31.26399173,134.9979686,0,186.4348486,186.4348486,133.5355648,1,,273.4700914,273.4700914,135.0700097,2,,0.406373972,0.406373972,133.937651,0,,62.76029248,62.76029248,133.5355648,0,,0.19959388,-7.472134571,0.190882115,4.956392845,0.02084314,13.03347077,0.001014744,0.002718144,192.3651731,192.3651731,133.6825671,1,,547.5120831,547.5120831,138.841877,4,,1,,,,,,,,,,1.557986628,0.027904941,0,0.778993314,0.008996461,0,0.872387423,1.535364377,0,,,,0,267.0711297,0,0,133.5355648,0,0,133.6825671,277.683754,0,1
JBHT,234.1999969,0,0,1,0,0,0.1744,0.8256,0.223945903,0.135983264,0.529475839,0,0,0,0,0,0,0,0,0,0,0,234,0,1,1,1,1,0.184193587,-6.951344503,0.212960463,0.645891021,0.169505058,0.91717195,0.184193587,-6.951344503,0.208870139,0.465468784,0.183482517,-10.14459871,0.184193587,-6.951344503,0.529475839,1.61776973,,,0.03529783,,,1.364386532,,,1.554578087,,,0.03529783,,,1.250962251,,,0.007596681,,,0.03529783,,,0.001215744,0.001071838,0.000982799,0.001215744,0.001258101,1.91E-06,0.001215744,257.5859144,257.5859144,224.5158924,1,,0,299.7214938,299.7214938,,228.1255168,1,,31.61193528,31.61193528,228.882693,0,222.5117808,222.5117808,224.5158924,1,,232.220003,232.220003,226.93611,1,,0.338382349,0.338382349,224.9749788,0,,74.90501129,74.90501129,224.5158924,0,,0.184134189,-7.358488835,0.198648826,4.974495172,0.029019422,10.94599236,0.001213607,0.002075048,230.0636878,230.0636878,224.5442261,1,,417.9741416,183.9741416,235.9376851,1,,1,,,,,,,,,,0.7550186,0.006518363,0,0.7550186,0.003385331,0,0.846052468,0.386650035,0,,,,0,224.5158924,0,0,224.5158924,0,0,224.5442261,0,0,1
JBL,304.4100037,1,1,0,1,1,0.2928,0.7072,0.332140016,0.122175732,0.909024282,0,304,2435,0,2739,0,0,0,2131,0,0,913,2739,1,1,1,1,0.300669536,-7.785323941,0.323678561,0.324295372,0.200913786,0.751852794,0.300669536,-7.785323941,0.321017252,0.232162666,0.300368742,-4.937332041,0.300669536,-7.785323941,0.909024282,1.997318173,,,0.004580583,,,1.251508069,,,1.682256082,,,0.004580583,,,1.174228549,,,0.032854295,,,0.004580583,,,0.000344174,0.002284753,0.002523593,0.000344174,0.002204128,1.89E-05,0.000344174,72.92200767,72.92200767,284.4732605,0,,0,638.8925779,-2100.107422,,323.2545962,-6,,81.17193487,81.17193487,294.2954708,0,62.99259733,62.99259733,284.4732605,0,,406.8373884,-1724.162612,323.2545962,-5,,3.353818393,3.353818393,283.3032859,0,,21.20544449,21.20544449,284.4732605,0,,0.300348505,-8.212791893,0.312973837,4.682634595,0.003407919,25.52023701,0.000338934,0.00833433,64.25173657,64.25173657,284.581841,0,,1678.772567,765.7725669,310.7729031,2,,1,,,,,,,,,,0,-0.009859452,0,0,-0.004210899,0,0,0.685220836,0,,,,0,0,0,0,0,0,0,0,310.7729031,0,1
JCI,156.2400055,1,1,0,1,1,0.8892,0.1108,0.959029435,0.574058577,0.693513999,0,0,0,0,0,0,0,0,0,0,0,0,0,1,1,1,1,0.904264685,-12.10712557,0.944980499,-2.308514385,0.759151199,-0.590541465,0.904264685,-12.10712557,0.940104779,-1.524298492,0.903487941,4.561618142,0.904264685,-12.10712557,0.693513999,1.78180789,,,0.000917901,,,0.263562765,,,0.710978143,,,0.000917901,,,0.414584578,,,13.94220713,,,0.000917901,,,4.52E-05,0.000304715,0.000667851,4.52E-05,0.00055498,0.00512071,4.52E-05,9.576559937,9.576559937,150.7915933,0,,0,85.20854595,85.20854595,,148.691027,1,,21.48156411,21.48156411,148.691027,0,8.272569602,8.272569602,150.7915933,0,,102.4379938,102.4379938,148.691027,1,,908.1581687,908.1581687,157.7417547,6,,2.78482747,2.78482747,150.7915933,0,,0.903876982,-12.64939008,0.926102683,-14.72351116,0.000671062,0.00020251,4.17E-05,4.93E-08,7.912864753,7.912864753,150.8122873,0,,0.009921713,0.009921713,151.5259433,0,,1,,,,,,,,,,0,0.083269354,0,0,0.036304467,1.950783757,0,0,0,,,,0,0,0,0,0,0,315.4835095,0,0,0,1
JD,25.78000069,0,0,1,0,0,0.0408,0.9592,0.181384248,0.247698745,0.259386325,0,0,103,0,103,0,26,0,0,0,0,335,103,1,1,1,1,0.050347216,-5.992991104,0.112268542,1.284904333,0.089949349,1.692705897,0.050347216,-5.992991104,0.096868633,1.031733505,0.049473919,-17.45954525,0.050347216,-5.992991104,0.259386325,1.347680216,,,0.167258094,,,1.467258752,,,1.657114167,,,0.167258094,,,1.360501729,,,0.005463519,,,0.167258094,,,0.00293004,0.000555009,0.000495396,0.00293004,0.000796678,6.69E-07,0.00293004,620.8026005,620.8026005,24.3993222,25,,146.3959332,155.1988273,52.19882726,,25.22856189,2,,15.93450509,15.93450509,25.31976495,1,536.2711407,536.2711407,24.3993222,22,,147.0505864,147.0505864,25.16656142,6,,0.118604531,0.118604531,24.89451775,0,,180.5270522,154.5270522,24.3993222,6,,0.050360626,-6.375106,0.071446964,4.070324437,0.149234789,3.368686021,0.002945602,0.000398572,558.398236,558.398236,24.43525931,23,,80.2838626,-254.7161374,27.64395494,-9,,1,,,,,,,,,,14.02966499,0.051593098,0.044769582,12.34610519,0.09979444,0,14.60571031,-2.329810456,3.367119597,,,,0,341.5905108,0,0,292.7918664,0,0,366.5288897,-55.28790989,73.19796661,1
JKHY,142.5399933,0,0,1,0,0,0.0336,0.9664,0.011535402,0.264435146,0.384464826,0,0,570,0,570,0,0,143,143,0,143,0,570,1,1,1,1,0.022973107,-5.796989746,0.013087174,5.020615488,0.025702386,4.027075615,0.022973107,-5.796989746,0.013842099,3.457526862,0.023502933,-19.04338126,0.022973107,-5.796989746,0.384464826,1.472758717,,,0.106009022,,,6.984319935,,,4.754213431,,,0.106009022,,,3.813462942,,,0.000628356,,,0.106009022,,,0.002579213,0.003768207,0.002045087,0.002579213,0.002904225,1.09E-07,0.002579213,546.4710787,546.4710787,137.1151539,4,,137.1151539,1053.715558,483.7155582,,143.3140069,3,,65.78067031,65.78067031,142.2221973,0,472.0609554,329.0609554,137.1151539,2,,536.0611583,393.0611583,142.0034616,3,,0.019342132,0.019342132,138.7907714,0,,158.9117263,158.9117263,137.1151539,1,,0.022997241,-6.173955015,0.016338504,3.276731921,0.091614255,3.555676057,0.002604385,0.000528982,493.7137301,350.7137301,137.2543721,3,,106.5521815,106.5521815,141.9375621,1,,1,,,,,,,,,,2.100318132,1.181558432,0,1.050159066,0.560366813,0,1.78676815,0.167765189,0.525079533,,,,0,274.2303078,143.3140069,0,137.1151539,142.0034616,0,274.5087443,0,137.1151539,1
JMIA,6.920000076,0,0,1,1,1,0.627882038,0.372117962,0.60777009,0.617663818,0.332594242,0,0,0,0,0,0,0,0,0,111,0,7,0,1,1,1,1,0.622861172,-10.09224828,0.611282393,-0.192420787,0.617662896,-0.221051473,0.622861172,-10.09224828,0.612743934,-0.137181981,0.623229363,3.767000129,0.622861172,-10.09224828,0.332594242,1.420888133,,,0.028862088,,,0.934639877,,,0.925286897,,,0.028862088,,,0.952953112,,,3.755719198,,,0.028862088,,,0.00061495,0.00043687,0.00034361,0.00061495,0.000652643,0.000566092,0.00061495,130.2925619,130.2925619,6.338209155,21,,38.02925493,122.1634087,122.1634087,,6.21311739,20,,11.0522831,11.0522831,6.21311739,2,112.5513017,112.5513017,6.338209155,18,,120.4647688,120.4647688,6.21311739,19,,100.3964853,-10.60351465,7.710797663,-1,,37.88858502,37.88858502,6.338209155,6,,0.622863803,-10.5836341,0.616598157,-1.168463315,0.024286335,0.663344861,0.000595795,9.00E-05,112.9448922,112.9448922,6.341525434,18,,18.12147742,11.12147742,6.21311739,2,,1,,,,,,,,,,21,0.01157055,0.001526992,18,0.00558686,-0.221723281,18,0.042665829,6,,,,0.015891893,133.1023923,0,0,114.0877648,0,0,114.1474578,0,38.02925493,1
JNJ,256.0299988,0,0,1,0,0,0.0528,0.9472,0.027844073,0.515481172,0.647623689,0,0,256,0,256,0,0,0,768,0,0,256,256,1,1,1,1,0.043426288,-5.943436565,0.030452673,3.391391134,0.054397791,2.517245785,0.043426288,-5.943436565,0.031642276,2.331738785,0.043970971,-17.79063617,0.043426288,-5.943436565,0.647623689,1.73591758,,,0.037702833,,,6.491377572,,,4.008239106,,,0.037702833,,,3.618422671,,,5.48E-05,,,0.037702833,,,0.001685651,0.006760968,0.003383113,0.001685651,0.004483641,1.82E-08,0.001685651,357.147505,357.147505,249.7977962,1,,0,1890.590768,1634.590768,,254.9818004,6,,108.8185634,108.8185634,254.2506021,0,308.5165877,308.5165877,249.7977962,1,,827.5894802,59.58948022,254.2201547,0,,0.003220071,0.003220071,251.186833,0,,103.8571459,103.8571459,249.7977962,0,,0.043464302,-6.324410427,0.035324962,3.577580589,0.030557629,7.193407505,0.001707423,0.001635721,323.6765432,323.6765432,249.8241403,1,,329.4809797,73.4809797,255.3593261,0,,1,,,,,,,,,,0.551944347,1.078268796,0,0.551944347,0,0,0.624971363,0,0,,,,0,249.7977962,254.9818004,0,249.7977962,0,0,249.8241403,0,0,1
JPM,332.3800049,0,0,1,0,0,0.0492,0.9508,0.096658711,0.282008368,0.822594605,0,0,0,0,0,0,0,0,0,0,0,0,0,1,1,1,1,0.055951824,-6.033120654,0.082499823,1.683767813,0.089669299,1.697232791,0.055951824,-6.033120654,0.07769775,1.243609868,0.055366435,-17.10770141,0.055951824,-6.033120654,0.822594605,1.910888496,,,0.020103572,,,2.97532919,,,3.001385989,,,0.020103572,,,2.237417606,,,1.54E-05,,,0.020103572,,,0.001282407,0.004550653,0.003755608,0.001282407,0.003684229,7.47E-09,0.001282407,271.710141,271.710141,319.2883333,1,,0,1272.513414,1272.513414,,327.9189914,4,,120.7999683,120.7999683,327.9825034,0,234.712785,234.712785,319.2883333,1,,680.0341708,680.0341708,327.3909175,2,,0.001324525,0.001324525,322.9984248,0,,79.01228308,79.01228308,319.2883333,0,,0.055973818,-6.416369134,0.067577305,4.022530243,0.015685205,13.52937342,0.001300605,0.003941699,246.5558431,246.5558431,319.4588383,1,,793.9710616,793.9710616,332.6335901,2,,1,,,,,,,,,,0.568727263,0.177192128,0,0.568727263,0.048330172,0,0.643278014,0.505648424,0,,,,0,319.2883333,0,0,319.2883333,0,0,319.4588383,332.6335901,0,1
JPXN,104.8209991,1,1,0,1,1,0.6072,0.3928,0.68973747,0.70334728,0.592144867,105,0,314,0,314,0,0,0,104,0,0,0,419,1,1,1,1,0.62552254,-10.11130394,0.673390609,-0.317783896,0.665138873,-0.324219622,0.62552254,-10.11130394,0.666789455,-0.213244547,0.624098664,3.779179779,0.62552254,-10.11130394,0.592144867,1.680438758,,,0.005256331,,,0.847938392,,,0.845110584,,,0.005256331,,,0.895220133,,,7.110708421,,,0.005256331,,,0.000208385,0.000775526,0.000624367,0.000208385,0.001007566,0.002074029,0.000208385,44.15166339,-60.84833661,103.470239,-1,,0,216.8628737,-97.13712634,,106.6575548,-1,,20.08290898,20.08290898,102.2902466,0,38.13976113,38.13976113,102.7598945,0,,185.976398,81.97639798,102.2902466,1,,367.8291196,367.8291196,105.3515416,3,,12.839137,12.839137,102.7598945,0,,0.625547522,-10.60336239,0.650268846,-2.271603472,0.004071566,0.307559422,0.000199067,6.43E-05,37.73711531,37.73711531,102.769781,0,,12.95448951,12.95448951,102.2902466,0,,1,,,,,,,,,,-1,-0.001577916,0,0,0.000710519,0.669478116,0,0,0,,,,0.268344796,-103.470239,0,0,0,0,105.3515416,0,0,0,1
KB,123.8799973,0,0,1,0,0,0.3272,0.6728,0.296738266,0.617991632,0.605300973,0,0,0,0,0,0,0,0,0,0,0,0,0,1,1,1,1,0.319516877,-7.920272788,0.301957522,0.374795155,0.377764661,0.230447077,0.319516877,-7.920272788,0.303961809,0.26006308,0.319964594,-4.171318423,0.319516877,-7.920272788,0.605300973,1.693594864,0,0,0.015408704,0,0,1.218306896,0,0,1.129089808,0,0,0.015408704,0,0,1.146845489,0,0,0.111061261,0,0,0.015408704,0,0,0.000628761,0.001149581,0.000861274,0.000628761,0.001320921,3.34E-05,0.000628761,133.2188096,133.2188096,117.943945,1,0,0,321.4610448,321.4610448,0,119.237814,3,0,27.70305114,27.70305114,118.1359134,0,115.0790975,115.0790975,117.943945,1,0,243.8153205,243.8153205,118.8015877,2,0,5.924104461,5.924104461,116.8557447,0,0,38.73952682,38.73952682,117.943945,0,0,0.319635761,-8.354574446,0.309732217,4.705313718,0.01225727,11.92945522,0.000618803,0.002545254,117.3066227,117.3066227,117.9761397,1,0,512.6869857,512.6869857,127.5279333,4,0,1,0,0,0,0,0,0,0,0,0,0.980167516,0.006584597,0,0.980167516,0.002113525,0,1,1.383748574,0,0,0,0,0,117.943945,0,0,117.943945,0,0,117.9761397,127.5279333,0,1
KD,11.56000042,0,0,1,0,0,0.279543602,0.720456398,0.199033038,0.350940018,-0.119494355,58,0,370,0,370,0,0,23,35,23,12,1295,428,1,1,1,1,0.254642013,-7.455762274,0.209954804,0.657799175,0.264144743,0.513182928,0.254642013,-7.455762274,0.214727711,0.449192739,0.256266189,-6.773697619,0.254642013,-7.455762274,-0.088293891,1,,,1,,,1,,,1,,,1,,,1,,,1,,,1,,,0.005805939,0.000114635,8.80E-05,0.005805939,0.000242041,3.78E-05,0.005805939,1230.134172,1172.134172,10.63843394,110,,361.7067538,32.05566034,-337.9443397,,12.53944246,-27,,2.829306854,2.829306854,11.04141472,0,1062.633203,1039.633203,10.63843394,98,,44.67596577,9.67596577,11.02437297,1,,6.709922371,-16.29007763,11.30899326,-1,,357.7183724,357.7183724,10.63843394,34,,0.254720405,-7.877375166,0.228495277,4.999155339,1,1,0.005789448,5.48E-05,1097.506756,1085.506756,10.66936664,102,,11.03425289,-1283.965747,12.53944246,-102,,1,,,,,,,,,,95.54254717,-0.182545209,0,85.11972385,0.003152721,-0.716921554,98.89703171,-39.83028935,29.53133276,,,,0.168137301,1021.289658,0,0,904.2668846,0,-11.30899326,1056.267298,-501.5776986,319.1530181,1
KDP,30.37000084,0,0,1,0,0,0.228,0.772,0.131264916,0.59958159,0.52077152,61,182,30,0,212,0,30,0,0,0,0,0,273,1,1,1,1,0.19359781,-7.018679679,0.142186193,1.021970291,0.224008519,0.653397263,0.19359781,-7.018679679,0.14711277,0.693746995,0.195670947,-9.550561707,0.19359781,-7.018679679,0.52077152,1.609065411,,,0.035491583,,,1.625968709,,,1.364503612,,,0.035491583,,,1.390944761,,,0.010644007,,,0.035491583,,,0.001198251,0.001250056,0.000843763,0.001198251,0.001376714,2.62E-06,0.001198251,253.879583,192.879583,29.37136608,7,,29.37136608,349.5572238,137.5572238,,29.82455772,5,,27.13981656,27.13981656,29.70955695,1,219.3101212,219.3101212,29.37136608,7,,254.113594,254.113594,29.72380126,9,,0.464161894,0.464161894,29.4265724,0,,73.82722411,43.82722411,29.37136608,1,,0.193727929,-7.429013376,0.162065585,4.84706046,0.029198546,10.02940593,0.001194317,0.001875002,226.4068793,226.4068793,29.37622656,8,,377.6790439,377.6790439,30.48131078,12,,1,,,,,,,,,,5.388016423,0.081595568,0.00667075,5.388016423,0.067680688,0,6.898779967,4.405124082,0.769716632,,,,1.162403924,146.8568304,0,0,146.8568304,0,0,205.6335859,121.9252431,29.37136608,1
KEY,20.07999992,0,0,1,0,0,0.0456,0.9544,0.160302307,0.146861925,0.433549495,0,0,0,0,0,0,0,0,0,0,0,0,0,1,1,1,1,0.055266943,-6.028216841,0.110570736,1.303102022,0.086936851,1.742558674,0.055266943,-6.028216841,0.097923015,1.021948169,0.054400517,-17.16518634,0.055266943,-6.028216841,0.433549495,1.521843386,,,0.079548928,,,1.728409581,,,2.078693019,,,0.079548928,,,1.535934331,,,0.000740603,,,0.079548928,,,0.002185125,0.001063224,0.001022824,0.002185125,0.001288967,1.46E-07,0.002185125,462.9736513,462.9736513,19.05073572,24,,133.3551501,297.3128001,297.3128001,,19.72682702,15,,32.89934487,32.89934487,19.77405413,2,399.9329383,399.9329383,19.05073572,21,,237.9171864,237.9171864,19.69664261,12,,0.025936459,0.025936459,19.4267976,0,,134.6309897,134.6309897,19.05073572,7,,0.055276437,-6.411242613,0.075489807,4.118978062,0.067730134,5.638685457,0.002203184,0.000912939,417.658055,417.658055,19.05182932,22,,183.8920528,183.8920528,20.12747797,9,,1,,,,,,,,,,13.62727435,0.3979863,0.09489096,11.92386506,0.195820886,0,14.12951094,2.385840976,3.974621687,,,,0.191972982,266.7103001,0,0,228.6088287,0,0,266.7256105,40.25495595,76.20294289,1
KEYS,384.6400146,1,1,0,1,1,0.9472,0.0528,0.991249006,0.729707113,0.928581758,0,0,0,0,0,0,0,0,0,2692,0,0,0,1,1,1,1,0.956995325,-12.48468223,0.982644875,-4.492902238,0.867854917,-1.189324575,0.956995325,-12.48468223,0.979585291,-2.936455018,0.956468343,4.005629423,0.956995325,-12.48468223,0.928581758,2.016875649,0,0,0.000157101,0,0,0.042766774,0,0,0.434147828,0,0,0.000157101,0,0,0.127445194,0,0,16.61237236,0,0,0.000157101,0,0,1.22E-05,8.12E-05,0.000677822,1.22E-05,0.000246228,0.009935729,1.22E-05,2.592855759,2.592855759,369.5881217,0,0,0,22.70034123,22.70034123,0,366.0109902,0,0,21.80228868,21.80228868,366.0109902,0,2.239800082,2.239800082,369.5881217,0,0,45.44873766,45.44873766,366.0109902,0,0,1762.10195,-929.8980503,400.4840057,-2,0,0.753992664,0.753992664,369.5881217,0,0,0.956771676,-13.03822427,0.970835477,-17.31646672,0.000106543,5.30E-06,1.10E-05,1.77E-09,2.090816928,2.090816928,369.6140637,0,0,0.000357324,0.000357324,371.8567157,0,0,1,0,0,0,0,0,0,0,0,0,0,0,0,0,0,-0.501408346,0,0,0,0,0,0,-19.40761796,0,0,0,0,0,-400.4840057,0,0,0,1
KHC,22.19000053,0,0,1,0,0,0.0292,0.9708,0.014717582,0.216736402,-0.196894297,0,0,0,0,0,0,0,0,0,0,0,1331,0,1,1,1,1,0.023601545,-5.801489425,0.016169842,4.628148273,0.02889963,3.778088282,0.023601545,-5.801489425,0.016838122,3.199099685,0.023923132,-19.017326,0.023601545,-5.801489425,-0.088293891,1,,,1,,,1,,,1,,,1,,,1,,,1,,,1,,,0.005805939,0.000114635,8.80E-05,0.005805939,0.000242041,3.78E-05,0.005805939,1230.134172,1230.134172,21.37283006,58,,363.338111,32.05566034,32.05566034,,22.19895639,1,,2.829306854,2.829306854,22.13529663,0,1062.633203,1062.633203,21.37283006,50,,44.67596577,44.67596577,22.09845644,2,,6.709922371,6.709922371,21.65477806,0,,357.7183724,357.7183724,21.37283006,17,,0.02362222,-6.178549299,0.018921579,3.319356707,1,1,0.005789448,5.48E-05,1097.506756,1097.506756,21.38484123,51,,11.03425289,-1319.965747,22.92378839,-58,,1,,,,,,,,,,30.50190959,0.334683694,0,26.29474965,0.319819962,0,30.42028193,-9.98517936,8.940214879,,,,0,662.5577317,0,0,555.6935815,0,0,641.5452369,-229.2378839,192.3554705,1
KKR,90.29000092,0,0,1,0,0,0.0164,0.9836,0.050119332,0.107949791,0.730113704,0,0,0,0,0,0,0,813,722,0,722,0,0,1,1,1,1,0.019636708,-5.773100795,0.036666874,3.035127364,0.03402185,3.436337863,0.019636708,-5.773100795,0.03296298,2.276271239,0.01934681,-19.30185015,0.019636708,-5.773100795,0.730113704,1.818407595,,,0.031679354,,,6.140390321,,,7.805250198,,,0.031679354,,,3.900566558,,,9.72E-06,,,0.031679354,,,0.001681868,0.007700815,0.007969195,0.001681868,0.005545457,3.87E-09,0.001681868,356.3461198,356.3461198,83.95549124,4,,83.95549124,2153.403149,2153.403149,,89.40895667,24,,256.3308932,256.3308932,89.70502242,3,307.8243229,-505.1756771,89.33788519,-6,,1023.579136,301.579136,89.01700542,3,,0.000685575,0.000685575,85.62482106,0,,103.6241061,103.6241061,83.95549124,1,,0.019643152,-6.149298778,0.026132488,3.43552308,0.025297698,7.801448341,0.00171072,0.00199978,324.3015517,-397.6984483,89.33788519,-4,,402.812876,402.812876,89.91483415,4,,1,,,,,,,,,,2.0830433,3.454499294,0.553519589,-3.12456495,0.242878629,0,-2.363367216,0.737676177,0.520760825,,,,0.426668342,167.9109825,268.22687,89.70502242,-268.0136556,0,0,-178.6757704,89.91483415,83.95549124,1
KLAC,206.8899994,1,1,0,1,1,0.8476,0.1524,0.981304694,0.151464435,1.034460026,0,4758,6207,0,10965,0,0,0,6620,5379,0,0,10965,1,1,1,1,0.868982514,-11.8545017,0.948149439,-2.409089928,0.327651081,0.341188225,0.868982514,-11.8545017,0.941808348,-1.55740102,0.870100224,4.796651464,0.868982514,-11.8545017,1.034460026,2.122753917,,,0.000133281,,,0.163105777,,,1.292808836,,,0.000133281,,,0.309660742,,,36.98483532,,,0.000133281,,,1.25E-05,0.000379936,0.002489525,1.25E-05,0.000696135,0.027053742,1.25E-05,2.658326456,2.658326456,195.8710355,0,,0,106.2428163,-10858.75718,,210.0137011,-52,,80.07610351,80.07610351,196.5781543,0,2.296355975,2.296355975,195.8710355,0,,128.4923512,-6491.507649,212.0491632,-31,,4797.982078,-581.0179224,225.0418501,-3,,0.773031296,0.773031296,195.8710355,0,,0.866049235,-12.37131453,0.913368855,-14.0146601,9.03E-05,2.62E-05,1.15E-05,1.00E-08,2.187508834,2.187508834,195.9978163,0,,0.002018298,0.002018298,196.4959423,0,,1,,,,,,,,,,0,-4.715517855,0,0,-1.174850563,-1.078493685,0,0,0,,,,988.5247692,0,-1050.068506,0,0,-212.0491632,-225.0418501,0,0,0,1
KLAR,12.51000023,0,0,1,0,0,0.098814229,0.901185771,0.292134831,0.370629371,-1.331225185,0,0,0,0,0,0,0,13,13,0,13,1176,0,1,1,1,1,0.117908545,-6.476736972,0.216481272,0.632255857,0.187753602,0.815941163,0.117908545,-6.476736972,0.195361471,0.505758609,0.116212729,-13.63698393,0.117908545,-6.476736972,-0.088293891,1,,,1,,,1,,,1,,,1,,,1,,,1,,,1,,,0.005805939,0.000114635,8.80E-05,0.005805939,0.000242041,3.78E-05,0.005805939,1230.134172,1230.134172,11.50220049,107,,356.5682152,32.05566034,32.05566034,,11.77853902,3,,2.829306854,2.829306854,11.8694531,0,1062.633203,1049.633203,11.50220049,91,,44.67596577,31.67596577,11.75343504,3,,6.709922371,6.709922371,11.63518119,1,,357.7183724,357.7183724,11.50220049,31,,0.117936477,-6.871862834,0.155920083,4.815149546,1,1,0.005789448,5.48E-05,1097.506756,1084.506756,11.50891927,94,,11.03425289,-1164.965747,13.66544247,-85,,1,,,,,,,,,,70.13201615,0.018738163,0,59.6449857,0.011990239,1,69.35804512,-30.79346153,20.3186215,,,,0.004182821,805.1540342,0,0,690.1320293,0,11.63518119,794.1154293,-423.6287166,230.0440098,1
KMB,94.36000061,0,0,1,0,0,0.0232,0.9768,0.023468576,0.10334728,0.144142236,0,0,0,0,0,0,0,0,0,0,0,377,0,1,1,1,1,0.023297957,-5.799315701,0.023442451,3.905170211,0.032171913,3.552588152,0.023297957,-5.799315701,0.023406528,2.747288925,0.023278847,-19.05728188,0.023297957,-5.799315701,0.144142236,1.232436127,,,0.297596947,,,2.261780791,,,2.101109106,,,0.297596947,,,1.775644774,,,0.018632746,,,0.297596947,,,0.003744804,0.000598294,0.000435388,0.003744804,0.000797977,1.60E-06,0.003744804,793.4309744,793.4309744,91.56104776,9,,274.6831433,167.3029834,167.3029834,,94.12225255,2,,14.00434435,14.00434435,93.98800355,0,685.3936072,685.3936072,91.56104776,7,,147.2903892,147.2903892,93.80478836,2,,0.284539961,0.284539961,92.25399596,0,,230.7267315,230.7267315,91.56104776,3,,0.023310618,-6.176258687,0.023360736,3.391362847,0.275052413,2.031491847,0.003759584,0.000190841,712.7050109,712.7050109,91.57225265,8,,38.44091857,-338.5590814,97.13707582,-3,,1,,,,,,,,,,4.729508803,0.476573574,0,3.678506847,0.235862389,0,4.768271421,-0.539125405,1.576502934,,,,0,457.8052388,0,0,366.244191,0,0,457.8612632,-97.13707582,183.1220955,1
KMI,31.06999969,1,1,0,1,1,0.4032,0.5968,0.440334129,0.187866109,0.435662249,0,0,0,0,0,0,0,0,0,0,0,0,0,1,1,1,1,0.410739459,-8.573435601,0.43249549,0.113916079,0.292276491,0.431223791,0.410739459,-8.573435601,0.430093268,0.083011479,0.410499553,-1.031079345,0.410739459,-8.573435601,0.435662249,1.52395614,,,0.02699587,,,1.049164304,,,1.199228887,,,0.02699587,,,1.035592306,,,0.647650742,,,0.02699587,,,0.000745365,0.000648982,0.000593448,0.000745365,0.000872653,0.000128589,0.000745365,157.9243916,157.9243916,30.14035051,5,,60.28070102,181.4767859,181.4767859,,29.978153,6,,19.08838793,19.08838793,30.37590669,1,136.4206489,136.4206489,30.14035051,5,,161.0741861,161.0741861,29.95227725,5,,22.80534927,22.80534927,29.95227725,1,,45.92381677,45.92381677,30.14035051,2,,0.4103849,-9.021680442,0.422546442,3.421586301,0.022350172,4.227232068,0.000731183,0.000686871,138.6105847,138.6105847,30.1454484,5,,138.3553866,138.3553866,30.96691132,4,,1,,,,,,,,,,5,0.001216582,0.002905531,5,0.000538352,0.016611322,5,0.731703301,2,,,,0.401473657,150.7017526,0,0,150.7017526,0,0,150.727242,30.96691132,60.28070102,1
KNSL,329.7200012,0,0,1,0,0,0.0748,0.9252,0.117740652,0.230543933,0.902004877,0,0,989,0,989,0,659,659,659,0,659,659,989,1,1,1,1,0.082175139,-6.22088221,0.10684096,1.344650689,0.116394538,1.343639079,0.082175139,-6.22088221,0.102812459,0.978609969,0.081551988,-15.57775379,0.082175139,-6.22088221,0.902004877,1.990298768,,,0.013818618,,,2.523136019,,,2.521379833,,,0.013818618,,,1.961211373,,,2.21E-05,,,0.013818618,,,0.001024858,0.004541808,0.003728179,0.001024858,0.003643186,1.25E-08,0.001024858,217.1418498,217.1418498,314.4085516,1,,-655.5017751,1270.040021,281.0400206,,322.9066596,1,,119.9176892,119.9176892,322.9037212,0,187.574774,-471.425226,327.7508875,-1,,672.458474,13.45847405,322.1520391,0,,0.002220525,0.002220525,318.7365956,0,,63.14403003,-595.85597,327.7508875,-2,,0.082202283,-6.609177201,0.093739413,4.322330004,0.01057782,19.58950336,0.0010369,0.006339625,196.5653325,-462.4346675,327.7508875,-1,,1276.981922,617.9819223,330.363871,2,,0,0.000203494,0.000237834,0.005254094,0.000212746,0.000203494,0.165806136,0.000199591,0.000117421,0.000203494,0.604677742,0.028251336,0,-0.604677742,0,0,-0.682519114,0.583829271,-1.209355483,-0.035612653,0.035612653,5.73E-08,-10.17422095,314.4085516,0,0,-327.7508875,0,0,-327.7508875,330.363871,-327.7508875,1
KO,85.65000153,0,0,1,0,0,0.0944,0.9056,0.097852029,0.505439331,0.648950865,0,0,0,0,0,0,0,86,86,942,86,86,0,1,1,1,1,0.095359113,-6.315280787,0.097312857,1.461813991,0.134846766,1.165732497,0.095359113,-6.315280787,0.096982343,1.030670339,0.095237232,-14.79998943,0.095359113,-6.315280787,0.648950865,1.737244756,0,0,0.030564013,0,0,2.2419823,0,0,1.903766908,0,0,0.030564013,0,0,1.766923016,0,0,0.000281877,0,0,0.030564013,0,0,0.001370353,0.002342244,0.001611898,0.001370353,0.00219438,9.37E-08,0.001370353,290.3437225,290.3437225,83.86322661,3,0,83.86322661,654.9690916,654.9690916,0,84.83125845,8,0,51.8470396,51.8470396,84.73693913,1,250.8091286,164.8091286,83.86322661,2,0,405.0382522,319.0382522,84.72440424,4,0,0.016619049,-941.983381,85.30882616,-11,0,84.4308582,84.4308582,83.86322661,1,0,0.095412701,-6.706288306,0.096334373,4.349081528,0.024627647,11.04523818,0.001380412,0.002516553,261.6849818,175.6849818,83.87536601,2,0,506.9058759,420.9058759,85.78943042,5,0,1,0,0,0,0,0,0,0,0,0,1.86950491,0.267112518,0.021233316,1.246336607,0.066392584,-11,1.405446964,1.477696104,0.623168303,0,0,0,0.222296374,167.7264532,0,0,83.86322661,0,-938.3970878,83.87536601,85.78943042,83.86322661,1
KOS,2.50999999,0,0,1,0,0,0.2336,0.7664,0.200875099,0.445606695,0.284615315,0,0,0,0,0,0,0,3,3,0,3,43,0,1,1,1,1,0.224905315,-7.242844547,0.20617827,0.673127584,0.264334061,0.512593151,0.224905315,-7.242844547,0.208306474,0.467070926,0.225445621,-8.149387646,0.224905315,-7.242844547,0.284615315,1.372909206,,,0.100712115,,,1.237800073,,,1.176397933,,,0.100712115,,,1.159547359,,,0.075562005,,,0.100712115,,,0.001889645,0.00050428,0.000379472,0.001889645,0.000717335,9.95E-06,0.001889645,400.3688934,400.3688934,2.270367341,176,,115.7887344,141.0133213,141.0133213,,2.342729556,60,,12.20578609,12.20578609,2.329061494,5,345.8527445,342.8527445,2.270367341,151,,132.4055217,129.4055217,2.328923941,56,,1.764524764,1.764524764,2.283427853,1,,116.4257625,116.4257625,2.270367341,51,,0.224994897,-7.658859986,0.214372081,4.996368757,0.088271518,4.872022381,0.001880332,0.000604705,356.4548155,353.4548155,2.274912101,155,,121.8048119,78.80481185,2.560145911,31,,1,,,,,,,,,,144.2616921,0.424781948,0.02052748,123.7699745,0.190885844,1,142.0626738,12.09179255,41.80310397,,,,0.006769288,326.9328971,0,0,281.5255503,0,2.283427853,323.0375184,30.72175093,95.35542832,1
KR,59.02999878,1,1,0,1,1,0.4688,0.5312,0.405330151,0.194560669,0.459409804,0,0,0,0,0,0,0,0,0,0,0,0,0,1,1,1,1,0.450511681,-8.858208688,0.41481434,0.144952422,0.302321226,0.404377282,0.450511681,-8.858208688,0.419549366,0.095998515,0.452195844,0.194630449,0.450511681,-8.858208688,0.459409804,1.547703695,,,0.020878809,,,1.065358337,,,1.193178571,,,0.020878809,,,1.042820954,,,1.08872708,,,0.020878809,,,0.000610424,0.000701056,0.000629099,0.000610424,0.000919912,0.000229725,0.000610424,129.3337238,129.3337238,57.06711739,2,,57.06711739,196.0385138,196.0385138,,56.80708074,3,,20.23510935,20.23510935,57.44175092,0,111.7230236,111.7230236,57.06711739,2,,169.7971368,169.7971368,56.65770343,3,,40.74169764,40.74169764,57.13261464,1,,37.60975854,37.60975854,57.06711739,1,,0.450114692,-9.313738113,0.431060371,3.283386114,0.017111864,4.195834522,0.000596549,0.000709525,113.0879448,113.0879448,57.12800322,2,,142.9185628,142.9185628,58.74810296,2,,1,,,,,,,,,,2,0.0009849,0,2,0.000431987,0.000591891,2,0.336894512,1,,,,0.016432284,114.1342348,0,0,114.1342348,0,0,114.2560064,0,57.06711739,1
KRMD,2.960000038,0,0,1,0,0,0.0412,0.9588,0.151551313,0.121757322,0.623844529,47,160,18,0,178,0,6,240,201,0,160,456,225,1,1,1,1,0.050116891,-5.991341953,0.102461558,1.396408076,0.077685213,1.913498015,0.050116891,-5.991341953,0.090297039,1.096625012,0.049316579,-17.46897813,0.050116891,-5.991341953,0.623844529,1.71213842,,,0.039883086,,,2.118924917,,,2.798183359,,,0.039883086,,,1.803451923,,,8.32E-05,,,0.039883086,,,0.001694384,0.002088433,0.002231922,0.001694384,0.002145259,2.61E-08,0.001694384,358.997942,311.997942,2.748571771,114,,98.94858374,583.9952643,405.9952643,,2.847041731,143,,71.7902721,71.7902721,2.870483934,25,310.1150603,70.1150603,2.748571771,26,,395.9713525,194.9713525,2.839033451,69,,0.0046343,0.0046343,2.796485747,0,,104.395246,98.39524602,2.748571771,36,,0.050123964,-6.373366269,0.068999312,4.040232683,0.03247665,8.78114981,0.001714628,0.001926934,325.0423616,165.0423616,2.75248937,60,,388.1397201,-67.86027986,3.213893158,-21,,1,,,,,,,,,,63.94006777,4.356931853,1.430263537,14.58282247,1.296538482,0,38.08106025,-5.35614192,20.19160035,,,,5.71E-05,175.9085933,11.38816692,2.870483934,41.22857656,2.839033451,0,104.5945961,-16.06946579,54.97143541,1
KRYS,322.2799988,0,0,1,0,0,0.043863536,0.956136464,0.182738882,0.307405682,0.829939507,0,0,322,0,322,0,0,0,0,0,0,967,322,1,1,1,1,0.053886693,-6.018334107,0.116730736,1.239060109,0.097335512,1.580585319,0.053886693,-6.018334107,0.101430431,0.990532098,0.052971963,-17.25034099,0.053886693,-6.018334107,0.829939507,1.918233398,0,0,0.019833738,0,0,2.241464676,0,0,2.799947419,0,0,0.019833738,0,0,1.906439224,0,0,1.32E-05,0,0,0.019833738,0,0,0.001283286,0.003481261,0.003559093,0.001283286,0.003175087,6.47E-09,0.001283286,271.8964882,271.8964882,301.9292361,1,0,0,973.4761609,651.4761609,0,312.869821,2,0,114.4790099,114.4790099,314.5180193,0,234.8737582,234.8737582,301.9292361,1,0,586.0569387,586.0569387,311.8653032,2,0,0.001147519,0.001147519,307.8530751,0,0,79.06647213,79.06647213,301.9292361,0,0,0.05390249,-6.401142595,0.075707614,4.121562143,0.015456369,14.65534002,0.001302,0.004312225,246.8204246,246.8204246,302.08266,1,0,868.6055485,-98.39445146,341.3142994,0,0,1,0,0,0,0,0,0,0,0,0,0.565942897,0.047977186,0,0.565942897,0.030661057,0,0.640228539,0,0,0,0,0,0,301.9292361,0,0,301.9292361,0,0,302.08266,0,0,1
KSA,36.22000122,0,0,1,0,0,0.028,0.972,0.106205251,0.115899582,0.521185954,362,326,0,0,326,0,0,362,362,0,290,471,688,1,1,1,1,0.034150237,-5.877019108,0.070841887,1.905517821,0.056754738,2.440601392,0.034150237,-5.877019108,0.062207667,1.481424471,0.033594544,-18.42153618,0.034150237,-5.877019108,0.521185954,1.609479845,,,0.060996528,,,2.47652653,,,3.194751061,,,0.060996528,,,2.023899861,,,0.000155788,,,0.060996528,,,0.002061301,0.001905934,0.001977613,0.002061301,0.002004722,3.83E-08,0.002061301,436.7384832,74.73848319,35.41047135,2,-2,141.6418854,532.9623966,206.9623966,,36.01006885,6,-2,63.61035206,63.61035206,36.06936187,2,377.2700765,15.27007648,35.41047135,0,,370.0310713,8.031071342,35.97757496,0,,0.006800475,0.006800475,35.6503492,0,,127.0019018,127.0019018,35.41047135,4,0,0.034157745,-6.255997001,0.047257536,3.751899702,0.050930257,5.962981,0.002085422,0.001115523,395.3338398,105.3338398,35.42028099,3,,224.698275,-246.301725,37.11740326,-7,,1,0.004750346,0.005250558,0.003810854,0.004543162,0.004750346,0.889862496,0.004878505,0.003687633,0.004750346,1.0793548,0.340406078,0.186141724,0,0,0,1.834570241,-1.539644681,2.1587096,0.102423642,0.102423642,1.13E-05,0.064479472,35.41047135,0,0,0,0,0,70.84056197,-74.23480653,70.82094271,1
KTEC,11.47000027,0,0,1,0,0,0.015885023,0.984114977,0.14745509,0.140264026,-0.121489214,11,0,34,0,34,0,0,0,0,11,0,1308,45,1,1,1,1,0.020317645,-5.777976373,0.059441228,2.180776738,0.039960576,3.108436846,0.020317645,-5.777976373,0.047604784,1.79789719,0.019900009,-19.26736704,0.020317645,-5.777976373,-0.088293891,1,,,1,,,1,,,1,,,1,,,1,,,1,,,1,,,0.005805939,0.000114635,8.80E-05,0.005805939,0.000242041,3.78E-05,0.005805939,1230.134172,1219.134172,11.04639177,110,,353.4845366,32.05566034,-1.944339665,,12.00680468,0,,2.829306854,2.829306854,11.45315762,0,1062.633203,1062.633203,11.04639177,96,,44.67596577,44.67596577,11.33564882,4,,6.709922371,-4.290077629,11.2401908,0,,357.7183724,357.7183724,11.04639177,32,,0.020322732,-6.154294434,0.0313785,3.51742138,1,1,0.005789448,5.48E-05,1097.506756,1097.506756,11.05053622,99,,11.03425289,-1296.965747,12.00680468,-108,,1,,,,,,,,,,57.38048759,0,0,50.07751644,0.202027144,0,58.58841653,-20.87817722,16.69250548,,,,0.087488638,629.6443308,0,0,552.3195884,0,0,651.9816372,-252.1428983,187.7886601,1
KVUE,17.20000076,0,0,1,0,0,0.09252669,0.90747331,0.168028005,0.305593452,-0.176884967,0,0,0,0,0,0,0,0,0,0,0,1273,0,1,1,1,1,0.104000813,-6.377156222,0.146709274,0.989702241,0.152269542,1.029681862,0.104000813,-6.377156222,0.139271744,0.73362602,0.103020935,-14.36430774,0.104000813,-6.377156222,-0.088293891,1,,,1,,,1,,,1,,,1,,,1,,,1,,,1,,,0.005805939,0.000114635,8.80E-05,0.005805939,0.000242041,3.78E-05,0.005805939,1230.134172,1230.134172,16.53327227,74,,363.73199,32.05566034,32.05566034,,16.89933943,2,,2.829306854,2.829306854,16.90556833,0,1062.633203,1062.633203,16.53327227,64,,44.67596577,44.67596577,16.86596552,3,,6.709922371,6.709922371,16.76584822,0,,357.7183724,357.7183724,16.53327227,22,,0.104032987,-6.769656893,0.123177066,4.594196309,1,1,0.005789448,5.48E-05,1097.506756,1097.506756,16.53874586,66,,11.03425289,-1261.965747,17.87414031,-71,,1,,,,,,,,,,47.02251546,0.030609704,0,40.66812148,0.02522846,0,47.2603874,-23.41517845,13.97966676,,,,0,777.0637967,0,0,677.8641631,0,0,777.3210556,-411.1052271,231.4658118,1
L,106.0299988,0,0,1,0,0,0.1216,0.8784,0.2716786,0.105020921,0.519203745,0,0,0,0,0,0,0,0,0,0,0,0,0,1,1,1,1,0.14037799,-6.637620446,0.222215846,0.610735313,0.13852515,1.134780389,0.14037799,-6.637620446,0.206895457,0.47111017,0.138839798,-12.42186944,0.14037799,-6.637620446,0.519203745,1.607497636,,,0.042820553,,,1.336297926,,,1.713702248,,,0.042820553,,,1.250603164,,,0.002749333,,,0.042820553,,,0.001440482,0.001023356,0.001055469,0.001440482,0.001234241,6.73E-07,0.001440482,305.2022885,305.2022885,103.489082,3,,103.489082,286.1643601,286.1643601,,104.3742729,3,,33.94937821,33.94937821,104.7242869,0,263.6444809,263.6444809,103.489082,3,,227.8158956,227.8158956,104.1503894,2,,0.119433411,0.119433411,103.9034953,0,,88.75167308,88.75167308,103.489082,1,,0.140316944,-7.036383884,0.175010458,4.90439267,0.035436192,10.25751666,0.001443661,0.001912829,273.6750689,273.6750689,103.5063259,3,,385.2985322,385.2985322,106.5877191,4,,1,,,,,,,,,,2.065218993,0.017484264,0,2.065218993,0.006935775,0,2.320813976,1.503316716,0.688406331,,,,0,206.9781639,0,0,206.9781639,0,0,207.0126517,213.1754381,103.489082,1
LDOS,117.7399979,0,0,1,0,0,0.0616,0.9384,0.027844073,0.150209205,0.559655455,0,0,0,0,0,0,0,118,118,0,235,118,0,1,1,1,1,0.047636843,-5.973584562,0.030902344,3.362911223,0.052126096,2.595548154,0.047636843,-5.973584562,0.032341693,2.302041141,0.048418201,-17.52287589,0.047636843,-5.973584562,0.559655455,1.647949346,,,0.050590331,,,5.364916118,,,3.656690732,,,0.050590331,,,3.158011355,,,0.00015795,,,0.050590331,,,0.001865825,0.004538072,0.002493742,0.001865825,0.003354692,4.27E-08,0.001865825,395.3219364,395.3219364,112.237025,4,,112.237025,1268.99538,1268.99538,,116.7905862,11,,80.21177041,80.21177041,116.4955102,1,341.4930053,223.4930053,112.237025,2,,619.2082114,501.2082114,116.3991266,4,,0.007566405,0.007566405,113.7254047,0,,114.9581264,114.9581264,112.237025,1,,0.047673659,-6.355353832,0.036895487,3.601174833,0.041806616,6.043002346,0.001886383,0.001201549,357.6020096,122.6020096,112.2785794,1,,242.0263834,124.0263834,117.0547561,1,,1,,,,,,,,,,2.230232033,1.943763919,0.105263597,1.115116016,0.331212088,0,0.631101911,0.20263219,0.557558008,,,,0,224.47405,233.5811725,0,112.237025,0,0,112.2785794,0,112.237025,1
LEN,79.80999756,0,0,1,0,0,0.2836,0.7164,0.278440732,0.275313808,0.39979601,0,0,0,0,0,0,0,0,0,0,0,479,0,1,1,1,1,0.282314904,-7.653902946,0.279345257,0.43233183,0.278953522,0.468688592,0.282314904,-7.653902946,0.279728254,0.30319069,0.282413306,-5.666190781,0.282314904,-7.653902946,0.39979601,1.488089901,,,0.047721391,,,1.187498541,,,1.204784363,,,0.047721391,,,1.12807911,,,0.105159907,,,0.047721391,,,0.001206433,0.000667788,0.000540732,0.001206433,0.000885864,1.90E-05,0.001206433,255.6132687,255.6132687,75.95776577,3,,75.95776577,186.7355988,186.7355988,,76.77733538,2,,17.39277857,17.39277857,76.82323157,0,220.80774,220.80774,75.95776577,3,,163.5125961,163.5125961,76.53887095,2,,3.371678886,3.371678886,75.81889651,0,,74.33137339,74.33137339,75.95776577,1,,0.282311449,-8.080199693,0.280719277,4.870863008,0.040283003,6.931911906,0.001194954,0.001059202,226.5276617,226.5276617,75.97941242,3,,213.3536441,-265.6463559,85.18877541,-3,,1,,,,,,,,,,2.746042045,0.005840963,0,2.746042045,0.002872644,0,3,-1.11212374,0.915347348,,,,0,227.8732973,0,0,227.8732973,0,0,227.9382373,-85.18877541,75.95776577,1
LEU,139.2700043,0,0,1,0,0,0.1036,0.8964,0.165871122,0.1041841,0.844787119,0,696,0,0,696,0,975,418,557,0,557,0,696,1,1,1,1,0.113985929,-6.448650651,0.149678782,0.96935444,0.118142407,1.324934669,0.113985929,-6.448650651,0.143931828,0.709513265,0.113162721,-13.80390749,0.113985929,-6.448650651,0.844787119,1.93308101,,,0.014258486,,,1.894426505,,,2.39476345,,,0.014258486,,,1.596240078,,,0.000111849,,,0.014258486,,,0.000949262,0.003034452,0.003141821,0.000949262,0.002719855,5.66E-08,0.000949262,201.1249548,201.1249548,123.2199721,2,,-947.848553,848.5334294,152.5334294,,130.125766,1,,101.0573478,101.0573478,131.5692355,1,173.7388163,-244.2611837,135.4069361,-2,,502.0303193,-54.96968073,158.3162921,0,,0.010039534,0.010039534,125.6167042,0,,58.48637745,-916.5136226,135.4069361,-7,,0.113963788,-6.842659202,0.130722887,4.652721608,0.01099736,21.47048296,0.000956217,0.006444498,181.2702285,-375.7297715,135.4069361,-3,,1298.106314,1298.106314,142.68248,9,,0,,,,,,,,,,1.299534226,0.014682,0.027428936,-1.299534226,0,0,-2.194780545,3.044224458,-4.548369789,,,,-3.703718009,123.2199721,0,0,-135.4069361,0,0,-270.8138723,428.0474401,-677.0346807,1
LFMD,2.74000001,0,0,1,0,0,0.0572,0.9428,0.162291169,0.174058577,0.619974611,27,25,11,0,36,0,0,16,0,0,16,321,63,1,1,1,1,0.06796421,-6.119130542,0.122175134,1.186705552,0.103457504,1.497123056,0.06796421,-6.119130542,0.110761141,0.914573595,0.067014281,-16.4203775,0.06796421,-6.119130542,0.619974611,1.708268502,,,0.037753625,,,1.887885516,,,2.229282716,,,0.037753625,,,1.631885558,,,0.000151824,,,0.037753625,,,0.00159054,0.001843949,0.001761728,0.00159054,0.001928213,4.72E-08,0.00159054,336.9959256,309.9959256,2.454576458,126,,98.18305832,515.6291614,479.6291614,,2.609215126,184,,56.66636395,56.66636395,2.627644223,22,291.108944,275.108944,2.454576458,112,,355.9091088,355.9091088,2.603213952,137,,0.008378053,0.008378053,2.54130973,0,,97.99714273,97.99714273,2.454576458,40,,0.067977265,-6.504607669,0.089146033,4.273655957,0.030712388,9.859727312,0.00160647,0.002151019,304.538904,288.538904,2.460343602,117,,433.2768147,112.2768147,2.746464248,41,,1,,,,,,,,,,73.71739973,4.048776445,0.770473497,65.52657754,1.790514782,0,77.3478242,11.70046164,23.40234912,,,,0.411461871,181.6386579,10.4368605,2.627644223,162.0020462,5.206427905,0,189.4464574,32.95757098,56.45525853,1
LGIH,48.13999939,0,0,1,0,0,0.244,0.756,0.240652347,0.388284519,0.308482547,0,0,0,0,0,0,0,241,385,0,144,48,0,1,1,1,1,0.243344937,-7.374874084,0.241357688,0.544389019,0.279614144,0.466776839,0.243344937,-7.374874084,0.241524849,0.382297843,0.243332716,-7.341735386,0.243344937,-7.374874084,0.308482547,1.396776438,,,0.085056476,,,1.199514469,,,1.168804502,,,0.085056476,,,1.13627042,,,0.086003614,,,0.085056476,,,0.001701018,0.000523569,0.000404628,0.001701018,0.000739738,1.21E-05,0.001701018,360.4035312,360.4035312,44.8071157,8,,89.6142314,146.4073726,146.4073726,,45.890917,3,,13.01494146,13.01494146,45.61566521,0,311.3292577,70.32925769,44.8071157,2,,136.540626,-248.459374,52.83701507,-5,,2.149285141,2.149285141,44.81524677,0,,104.803986,104.803986,44.8071157,2,,0.243410116,-7.794232102,0.242202474,4.986600801,0.073934519,5.292854039,0.001690552,0.000686816,320.4782649,176.4782649,44.82077007,4,,138.3444823,90.34448229,48.65982368,2,,1,,,,,,,,,,6.79859597,0.013891847,0,1.699648992,-0.011418097,0,3.796878379,0.777068361,1.699648992,,,,0.062429842,313.6498099,0,0,89.6142314,0,0,179.2830803,48.65982368,89.6142314,1
LH,308.4899902,0,0,1,0,0,0.2156,0.7844,0.219968178,0.611297071,0.51713426,0,0,0,0,0,0,0,0,0,0,0,0,0,1,1,1,1,0.216903698,-7.185552165,0.219347241,0.621396859,0.28223426,0.459252126,0.216903698,-7.185552165,0.218895984,0.438006774,0.216715388,-8.552877019,0.216903698,-7.185552165,0.51713426,1.605428151,0,0,0.033320848,0,0,1.342003113,0,0,1.242848081,0,0,0.033320848,0,0,1.230410972,0,0,0.017442412,0,0,0.033320848,0,0,0.00111558,0.001022442,0.000761437,0.00111558,0.00120969,4.25E-06,0.00111558,236.3637749,236.3637749,298.007634,1,0,0,285.9086779,285.9086779,0,302.2651053,1,0,24.49179866,24.49179866,301.2400709,0,204.1793496,204.1793496,298.007634,1,0,223.2842878,223.2842878,301.3986416,1,0,0.753882331,0.753882331,298.9195881,0,0,68.73369326,68.73369326,298.007634,0,0,0.217001176,-7.600097345,0.218094762,4.998651971,0.027383525,10.65803708,0.001109706,0.001980922,210.3671072,210.3671072,298.2765209,1,0,399.0143623,399.0143623,310.5731856,1,0,1,0,0,0,0,0,0,0,0,0,0.806752499,0.006033345,0,0.806752499,0.002997655,0,0.902523119,0.390414399,0,0,0,0,0,298.007634,0,0,298.007634,0,0,298.2765209,0,0,1
LHX,236.6000061,1,1,0,1,1,0.018,0.982,0.099840891,0.00125523,0.570613732,237,237,0,0,237,0,0,237,710,0,0,0,474,1,1,1,1,0.021801634,-5.788601881,0.052277534,2.395057747,0.003291203,7.42157411,0.021801634,-5.788601881,0.045800263,1.846080649,0.021700971,-19.1552754,0.021801634,-5.788601881,0.570613732,1.658907623,,,0.05339945,,,3.361142073,,,42.79832478,,,0.05339945,,,2.545713438,,,6.16E-05,,,0.05339945,,,0.002018335,0.002919521,0.00994158,0.002018335,0.002757852,1.71E-08,0.002018335,427.6349781,190.6349781,227.5969979,1,,227.5969979,816.3948036,579.3948036,,234.5148525,2,,319.7730875,319.7730875,238.1735214,1,369.4061483,132.4061483,227.5969979,1,,509.0436511,-200.9563489,246.0494505,-1,,0.003026503,0.003026503,230.0802881,0,,124.3546369,124.3546369,227.5969979,1,,0.021546075,-6.163287354,0.032342836,3.532236581,0.044174597,5.976735361,0.002048278,0.001208874,388.292466,388.292466,227.6072747,2,,243.5017679,243.5017679,235.9251653,1,,1,,,,,,,,,,0.523561121,0.179259425,0.860621285,0.523561121,-0.053250215,0,1.187065969,0.194948364,0.523561121,,,,0,227.5969979,0,238.1735214,227.5969979,0,0,227.6072747,0,227.5969979,1
LI,10.68999958,0,0,1,0,0,0.104681404,0.895318596,0.169458763,0.089635854,0.225800297,0,0,0,0,0,0,0,0,0,0,0,96,0,1,1,1,1,0.115345937,-6.458388445,0.152429467,0.951063249,0.111809174,1.394865312,0.115345937,-6.458388445,0.146460484,0.696936165,0.114513862,-13.72986921,0.115345937,-6.458388445,0.225800297,1.314094188,,,0.171342074,,,1.296645626,,,1.46375362,,,0.171342074,,,1.209692796,,,0.023511143,,,0.171342074,,,0.002733915,0.000443366,0.000394576,0.002733915,0.000657364,2.61E-06,0.002733915,579.248637,579.248637,10.0696378,58,0,171.1838426,123.9797143,123.9797143,,10.32353414,12,0,12.69160834,12.69160834,10.38336318,1,500.3753642,500.3753642,10.0696378,50,,121.3361557,121.3361557,10.27339479,12,,0.462141144,0.462141144,10.15683478,0,,168.4433165,168.4433165,10.0696378,17,0,0.115307557,-6.85253738,0.132699699,4.667300763,0.153853547,3.578207553,0.00273753,0.000396668,518.9540677,518.9540677,10.07158392,52,,79.90019798,-16.09980202,11.50063062,-1,,1,0.01097107,0.012146204,0.007789039,0.010505198,0.01097107,1.808820983,0.011243211,0.008452069,0.01097107,37.80039555,0.169597744,0.030400769,32.58654789,0.091072503,0,38.15278069,-0.340370256,11.07942628,0.128378172,0.128378172,3.49E-05,0.003417909,382.6462364,0,0,332.2980474,0,0,382.7201888,0,110.7660158,1
LII,356.2999878,1,1,0,1,1,0.0932,0.9068,0.137231504,0.005020921,0.460627023,356,713,356,0,1069,0,0,713,1069,0,713,356,1425,1,1,1,1,0.097646978,-6.33166213,0.122858293,1.180393894,0.013074657,5.431517247,0.097646978,-6.33166213,0.121529496,0.838430843,0.098503992,-14.61654693,0.097646978,-6.33166213,0.460627023,1.548920914,,,0.062632397,,,1.676136406,,,10.76829924,,,0.062632397,,,1.443199532,,,0.001668894,,,0.062632397,,,0.001836491,0.001106452,0.005695876,0.001836491,0.001276068,3.53E-07,0.001836491,389.106737,33.10673705,339.0956214,0,,0,309.4005573,-759.5994427,,374.883224,-2,,183.209111,183.209111,361.1901077,1,336.1240974,-376.8759026,352.5241616,-1,,235.5363371,-833.4636629,374.883224,-2,,0.062645836,0.062645836,342.0111144,0,,113.1507699,113.1507699,339.0956214,0,,0.096381921,-6.713413136,0.111581506,4.495383087,0.052997475,7.149147362,0.001853564,0.001211391,351.380444,-361.619556,352.5241616,-1,,244.0088914,-111.9911086,374.883224,0,,1,,,,,,,,,,0,-0.043541555,0.460959056,-0.626405396,-0.021967696,0,-0.704217437,0,0,,,,0,0,0,0,-352.5241616,0,0,-352.5241616,0,0,1
LIN,479.480011,1,1,0,1,1,0.5776,0.4224,0.687350835,0.086610879,0.788247274,0,0,2397,0,2397,0,0,0,0,0,0,479,2397,1,1,1,1,0.594431535,-9.888689235,0.659305877,-0.287368059,0.195132438,0.779196722,0.594431535,-9.888689235,0.654222859,-0.194522956,0.595469066,3.346264037,0.594431535,-9.888689235,0.788247274,1.876541165,,,0.001980828,,,0.834537035,,,1.633050941,,,0.001980828,,,0.884760194,,,8.217285291,,,0.001980828,,,0.000118153,0.001187046,0.001896974,0.000118153,0.001380707,0.003700423,0.000118153,25.03369011,25.03369011,468.697053,0,,0,331.9373204,-2065.06268,,488.8921095,-4,,61.0165962,61.0165962,472.8901833,0,21.62498279,21.62498279,468.697053,0,,254.8505121,254.8505121,466.149812,1,,656.2701215,656.2701215,477.5624234,1,,7.279702561,7.279702561,468.697053,0,,0.591951614,-10.35639551,0.630692551,-1.619196048,0.001475691,0.360893991,0.000113572,0.000100336,21.5298547,21.5298547,468.7632582,0,,20.21053558,-458.7894644,484.5428479,-1,,1,,,,,,,,,,0,-0.005161275,0,0,0.000591237,0.174960672,0,-0.04096556,0,,,,0,0,0,0,0,0,0,0,0,0,1
LIXTX,17.06999969,0,0,1,0,0,0.0926,0.9074,,0.171129707,0.759617281,0,0,0,0,0,0,0,0,0,0,0,8911,0,1,1,1,1,,,,,,,,,,,,,,,0.759617281,1.847911172,,,,,,,,,,,,,,,,,,,,,,,,,,,,,,,,,,0,,,,,,,0,,,,,0,,,,0,,,,,0,,,,,0,,,,,0,,,,,,,,,,,,,0,,,,,0,,0,,,,,,,,,,,,,,,,,,,,,,,,,,,,,,,,
LLY,1142.849976,0,0,1,0,0,0.1944,0.8056,0.194112967,0.510460251,1.072048145,0,0,0,0,0,0,0,0,0,0,0,0,0,1,1,1,1,0.19455189,-7.025510985,0.194313047,0.72417284,0.248984179,0.562382974,0.19455189,-7.025510985,0.19422931,0.509326639,0.194461234,-9.608989187,0.19455189,-7.025510985,1.036381153,2.124675044,,,0.005018834,,,1.725902872,,,1.527790267,,,0.005018834,,,1.467907865,,,0.000716225,,,0.005018834,,,0.000474043,0.004034872,0.002952953,0.000474043,0.003308789,5.26E-07,0.000474043,100.4379049,100.4379049,1086.761303,0,,0,1128.284023,1128.284023,,1107.623194,1,,94.98239343,94.98239343,1103.941867,0,86.76179804,86.76179804,1086.761303,0,,610.7354926,610.7354926,1103.745298,1,,0.093246076,0.093246076,1089.073777,0,,29.20696351,29.20696351,1086.761303,0,,0.194637001,-7.435696059,0.194327439,4.965018605,0.003684277,42.17095485,0.000472417,0.016153959,89.55615017,89.55615017,1087.437172,0,,3253.869758,3253.869758,1160.582727,3,,1,,,,,,,,,,0,0.008194161,0,0,0.004053338,0,0,1.155534832,0,,,,0,0,0,0,0,0,0,0,1160.582727,0,1
LMT,505.4100037,0,0,1,0,0,0.0524,0.9476,0.067621321,0.054393305,0.537302744,0,0,0,0,0,0,0,0,0,0,0,505,0,1,1,1,1,0.055431741,-6.02939681,0.064264901,2.05580165,0.057306292,2.423298279,0.055431741,-6.02939681,0.062982697,1.467556337,0.055198712,-17.11767782,0.055431741,-6.02939681,0.537302744,1.625596635,,,0.053422001,,,2.715191374,,,3.245988185,,,0.053422001,,,2.040201955,,,0.000244315,,,0.053422001,,,0.001873148,0.002174596,0.002093114,0.001873148,0.002081377,6.25E-08,0.001873148,396.8734746,396.8734746,487.7090352,1,,0,608.0892869,608.0892869,,499.9346133,1,,67.32547593,67.32547593,500.8475725,0,342.8332787,342.8332787,487.7090352,1,,384.1801164,384.1801164,498.0929742,1,,0.011091308,0.011091308,491.736658,0,,115.4093079,115.4093079,487.7090352,0,,0.055426908,-6.412348745,0.059846635,3.923461552,0.044351916,6.728226062,0.001891985,0.001291466,358.6639051,358.6639051,487.7107276,1,,260.138253,-244.861747,521.1126564,0,,1,,,,,,,,,,0.568025404,0.066036257,0,0.568025404,0.0336519,0,0.642472132,0,0,,,,0,487.7090352,0,0,487.7090352,0,0,487.7107276,0,0,1
LNT,64.33000183,1,1,0,1,1,0.1196,0.8804,0.278440732,0.021338912,0.506947905,129,0,193,0,193,0,0,0,0,0,64,0,322,1,1,1,1,0.137465564,-6.616767184,0.222343301,0.610266303,0.048817627,2.718218047,0.137465564,-6.616767184,0.207683249,0.468849931,0.136464533,-12.54750129,0.137465564,-6.616767184,0.506947905,1.595241796,,,0.045492954,,,1.329775082,,,3.5589895,,,0.045492954,,,1.244787446,,,0.002851241,,,0.045492954,,,0.00148764,0.00098765,0.002124266,0.00148764,0.001200975,6.78E-07,0.00148764,315.193937,186.193937,62.85164757,3,,62.85164757,276.179745,83.17974502,,63.23126034,1,,68.32749359,68.32749359,63.9101044,1,272.2756187,272.2756187,62.85164757,4,,221.6757529,221.6757529,63.18476,4,,0.120185908,0.120185908,62.98978873,0,,91.65720675,91.65720675,62.85164757,1,,0.136911866,-7.011352818,0.173830626,4.89972248,0.037836566,9.858109983,0.001493713,0.001802394,283.1635319,219.1635319,62.86016335,3,,363.0538045,363.0538045,64.53491605,6,,1,,,,,,,,,,2.052262873,0.00581914,0.115448584,2.736350498,0.013738766,0,2.304331328,2.250682536,0.684087624,,,,0.355102071,125.7032951,0,0,188.5549427,0,0,125.7203267,129.0698321,62.85164757,1
LOW,180.8000031,0,0,1,0,0,0.0124,0.9876,0.030230708,0.010878661,0.526438835,0,0,0,0,0,0,0,0,0,0,0,362,0,1,1,1,1,0.014467031,-5.736085392,0.0240069,3.858243283,0.014429377,5.236424843,0.014467031,-5.736085392,0.022150452,2.823713362,0.014295747,-19.61783551,0.014467031,-5.736085392,0.526438835,1.614732726,,,0.064020184,,,6.35188936,,,12.29428849,,,0.064020184,,,3.869159013,,,8.27E-05,,,0.064020184,,,0.00218973,0.004952559,0.007712756,0.00218973,0.003869649,2.06E-08,0.00218973,463.9494943,463.9494943,173.9738245,3,,173.9738245,1384.899768,1384.899768,,180.1729872,8,,248.0824862,248.0824862,182.5571572,1,400.7759058,400.7759058,173.9738245,2,,714.259022,714.259022,179.5864022,4,,0.003656693,0.003656693,175.6995619,0,,134.9147611,134.9147611,173.9738245,1,,0.014460584,-6.111201199,0.018394125,3.310696255,0.053487842,4.886051429,0.002219678,0.000921775,420.7847461,420.7847461,174.1365774,2,,185.6719539,-176.3280461,188.2035125,-1,,1,,,,,,,,,,1.54231292,1.860755153,0.428439768,1.028208613,0.498334822,0,1.167086878,-0.171261089,0.514104307,,,,0,347.947649,360.3459744,0,173.9738245,0,0,174.1365774,0,173.9738245,1
LPLA,316.4400024,0,0,1,0,0,0.14,0.86,0.270485282,0.20209205,0.846918245,316,633,0,0,633,0,0,633,633,0,633,0,949,1,1,1,1,0.158664647,-6.768554737,0.231772112,0.576622761,0.19038284,0.802599167,0.158664647,-6.768554737,0.218812925,0.438226589,0.157109445,-11.47064305,0.158664647,-6.768554737,0.846918245,1.935212136,,,0.01146204,,,1.463302872,,,1.698744714,,,0.01146204,,,1.335525199,,,0.00051409,,,0.01146204,,,0.000766206,0.002354243,0.002238767,0.000766206,0.002283056,2.61E-07,0.000766206,162.3400015,-153.6599985,313.02223,0,,0,658.3244672,25.32446725,,303.7080962,0,,72.0104199,72.0104199,305.8562015,0,140.2350082,-492.7649918,313.02223,-2,,421.4059716,-211.5940284,331.4125605,-1,,0.046345183,0.046345183,297.3991347,0,,47.20785945,47.20785945,293.4693215,0,,0.158661858,-7.171239181,0.190951909,4.956577006,0.008786194,26.37498861,0.000767425,0.007939159,145.4808423,-487.5191577,313.02223,-2,,1599.173768,1599.173768,318.7477098,5,,1,,,,,,,,,,0,0,0,-1.431666664,-0.003000665,0,-1.607083481,1.919348095,0,,,,0,0,0,0,-313.02223,0,0,-626.04446,637.4954195,0,1
LRCX,347.4899902,1,1,0,1,1,0.8548,0.1452,0.980906921,0.453974895,1.036474531,0,0,7992,0,7992,0,0,0,2432,0,0,0,7992,1,1,1,1,0.880850235,-11.93947577,0.954369181,-2.632785099,0.672105592,-0.34060885,0.880850235,-11.93947577,0.945196452,-1.627423843,0.879435348,4.739918065,0.880850235,-11.93947577,1.036381153,2.124675044,,,0.00012368,,,0.137502039,,,0.77360857,,,0.00012368,,,0.293329914,,,35.59096083,,,0.00012368,,,1.17E-05,0.000321457,0.001495251,1.17E-05,0.00066119,0.026126982,1.17E-05,2.475105667,2.475105667,325.9199827,0,,0,89.88996801,-7902.110032,,352.6198187,-22,,48.095079,48.095079,321.2018067,0,2.138083407,2.138083407,325.9199827,0,,122.0423936,-2309.957606,357.0639381,-6,,4633.621253,4633.621253,356.9863156,13,,0.719751382,0.719751382,325.9199827,0,,0.880229918,-12.47555815,0.91955335,-14.35731079,8.26E-05,2.00E-05,1.06E-05,7.66E-09,2.007179755,2.007179755,325.9679409,0,,0.00154293,0.00154293,327.5312057,0,,1,,,,,,,,,,0,-2.382722849,0,0,-0.248297659,4.563573476,0,0,0,,,,1932.045144,0,-705.2396375,0,0,0,1784.931578,0,0,0,1
LULU,94.45999908,0,0,1,0,0,0.0996,0.9004,0.082338902,0.044769874,0.31870834,0,0,378,0,378,0,0,0,0,0,0,189,378,1,1,1,1,0.094575431,-6.309669546,0.08488051,1.644166573,0.066302812,2.17045047,0.094575431,-6.309669546,0.086090925,1.142070382,0.094995996,-14.81356968,0.094575431,-6.309669546,0.31870834,1.407002231,,,0.115960186,,,1.753159099,,,2.098294721,,,0.115960186,,,1.476940783,,,0.0063566,,,0.115960186,,,0.002382512,0.000787889,0.00074846,0.002382512,0.000982514,9.22E-07,0.002382512,504.7952043,504.7952043,88.87372152,6,,177.747443,220.3197838,-157.6802162,,99.5392861,-2,,24.07438283,24.07438283,92.529096,0,436.059868,436.059868,88.87372152,5,,181.3522985,181.3522985,91.64936389,2,,0.163481082,0.163481082,89.97493641,0,,146.7925394,146.7925394,88.87372152,2,,0.094507045,-6.699630739,0.08918856,4.274114339,0.10150319,4.303569999,0.002391567,0.000569056,453.3698271,453.3698271,89.07152194,5,,114.6241581,-74.37584193,99.5392861,-1,,1,,,,,,,,,,3.732368417,-0.084477616,0,3.110307014,0.040760149,0,3.506644691,-0.285438334,1.244122806,,,,0,355.4948861,0,0,266.6211646,0,0,356.2860878,0,88.87372152,1
LUV,42.47000122,1,1,0,1,1,0.6812,0.3188,0.721957041,0.390794979,0.23899576,42,0,42,0,42,0,0,0,0,0,0,0,84,1,1,1,1,0.689705666,-10.57086154,0.713577776,-0.413705644,0.546940095,-0.085055139,0.689705666,-10.57086154,0.710966059,-0.286089574,0.689424178,4.521477992,0.689705666,-10.57086154,0.23899576,1.327289651,,,0.050135636,,,0.889464035,,,0.97620524,,,0.050135636,,,0.922190816,,,3.597383541,,,0.050135636,,,0.000830094,0.000316541,0.000274154,0.000830094,0.000516178,0.000414697,0.000830094,175.8763283,133.8763283,40.86051124,3,,40.86051124,88.51541679,46.51541679,,40.46186651,1,,8.818213103,8.818213103,40.46186651,0,151.9281638,151.9281638,40.86051124,4,,95.27608601,95.27608601,40.46186651,2,,73.54649903,73.54649903,43.18185133,2,,51.14417218,51.14417218,40.86051124,1,,0.689321315,-11.07216992,0.702751341,-4.171928846,0.043501355,0.306899241,0.000806474,3.49E-05,152.8834699,152.8834699,40.86863249,4,,7.031959343,7.031959343,40.46186651,0,,1,,,,,,,,,,3,0.002674256,0,4,0.002557726,0.638867601,4,0,1,,,,0.438706631,122.5815337,0,0,163.442045,0,43.18185133,163.47453,0,40.86051124,1
LVMUY,85.26999664,0,0,1,0,0,0.0024,0.9976,0.020684169,0.017991632,0.511613741,0,0,1960,0,1960,0,0,596,596,0,596,256,1960,1,1,1,1,0.00306167,-5.654421866,0.008756809,5.69769198,0.00589183,6.764117215,0.00306167,-5.654421866,0.007061107,4.228104276,0.002999506,-20.33189446,0.00306167,-5.654421866,0.511613741,1.599907632,,,0.070139276,,,14.55023249,,,24.01717349,,,0.070139276,,,7.293476069,,,7.09E-05,,,0.070139276,,,0.002318512,0.010933764,0.00994158,0.002318512,0.007097886,1.70E-08,0.002318512,491.2351471,491.2351471,81.01315731,6,,162.0263146,3057.443187,1097.443187,,87.16397011,13,,319.7730875,319.7730875,87.16397011,4,424.3462133,-171.6537867,83.3631181,-2,,1310.126198,714.1261983,86.09992104,8,,0.003021165,0.003021165,82.60832463,0,,142.849326,142.849326,81.01315731,2,,0.003062395,-6.027411971,0.004698124,3.078024735,0.058862119,4.248241348,0.002351826,0.000782598,445.8360947,-150.1639053,83.3631181,-2,,157.6376127,-98.36238726,89.35585845,-1,,1,,,,,,,,,,2.997420622,6.594187824,2.859580106,-0.999140207,2.234608221,0,-1.135302971,-0.148034942,0.999140207,,,,7.062940436,243.0394719,610.1477908,261.4919103,-83.3631181,172.1998421,0,-83.3631181,0,81.01315731,1
LVS,36.22999954,0,0,1,0,0,0.0008,0.9992,0.020684169,0.022175732,0.129675524,0,0,109,0,109,0,0,0,0,0,0,507,109,1,1,1,1,0.001045841,-5.639988325,0.003800081,6.734465741,0.002299789,7.706890403,0.001045841,-5.639988325,0.002835696,4.907507318,0.001022208,-20.45793337,0.001045841,-5.639988325,0.129675524,1.217969415,,,0.328860567,,,3.773247429,,,4.570778914,,,0.328860567,,,2.631850248,,,0.017703396,,,0.328860567,,,0.003961257,0.000952056,0.000902387,0.003961257,0.00114212,1.46E-06,0.003961257,839.2920329,839.2920329,34.2660733,24,,239.8625131,266.2264366,157.2264366,,36.63834056,4,,29.02548168,29.02548168,36.63834056,1,725.010004,725.010004,34.2660733,21,,210.8122721,210.8122721,36.63834056,6,,0.258074258,0.258074258,35.0022743,0,,244.0629541,244.0629541,34.2660733,7,,0.001046137,-6.012590261,0.001709322,3.025255423,0.305564938,1.815816386,0.003978772,0.000165461,754.2565201,754.2565201,34.28506092,22,,33.32856972,-473.6714303,37.88251384,-13,,1,,,,,,,,,,11.92855062,2.834564301,0.928064995,10.43748179,2.257840132,0,12.42698932,-1.859034607,3.479160596,,,,0,411.1928796,109.9150217,36.63834056,342.660733,73.27668112,0,411.420731,-75.76502768,102.7982199,1
LW,43.59999847,0,0,1,0,0,0.110841424,0.889158576,0.150442478,0.243861135,0.334186012,0,0,0,0,0,0,0,0,0,0,0,0,0,1,1,1,1,0.11853227,-6.481202905,0.141473857,1.027199463,0.153619571,1.020161132,0.11853227,-6.481202905,0.137978061,0.740546103,0.117893568,-13.54531156,0.11853227,-6.481202905,0.334186012,1.422479903,,,0.101877181,,,1.436180124,,,1.432622352,,,0.101877181,,,1.298188394,,,0.008451667,,,0.101877181,,,0.002179658,0.000674315,0.000534459,0.002179658,0.000892035,1.28E-06,0.002179658,461.8154591,461.8154591,41.74887463,11,,125.2466239,188.5607265,188.5607265,,42.51708687,4,,17.19099228,17.19099228,42.51577084,0,398.9324511,398.9324511,41.74887463,10,,164.6516113,164.6516113,42.38439215,4,,0.226924355,0.226924355,41.95709416,0,,134.2941918,134.2941918,41.74887463,3,,0.118564948,-6.876482786,0.129770932,4.64558934,0.088630022,5.140312391,0.00218431,0.000699161,414.0799629,414.0799629,41.7536805,10,,140.831115,140.831115,43.83951198,3,,1,,,,,,,,,,7.219779719,0.065946171,0,6.563436108,0.034275533,0,7.388439923,1.011632827,1.969030832,,,,0,292.2421224,0,0,292.2421224,0,0,292.2757635,43.83951198,83.49774925,1
LYB,58.58000183,0,0,1,0,0,0.1732,0.8268,0.15592681,0.182008368,0.251098204,0,0,996,0,996,0,59,0,0,0,0,0,996,1,1,1,1,0.168680359,-6.840268235,0.15878574,0.910709142,0.170043628,0.913945252,0.168680359,-6.840268235,0.159975341,0.635076202,0.168994915,-10.8661511,0.168680359,-6.840268235,0.251098204,1.339392095,0,0,0.135493068,0,0,1.304896395,0,0,1.306130944,0,0,0.135493068,0,0,1.203915706,0,0,0.041783173,0,0,0.135493068,0,0,0.002319999,0.000481559,0.000380717,0.002319999,0.000692225,4.99E-06,0.002319999,491.5500719,491.5500719,55.19609589,9,0,110.3921918,134.6599943,-861.3400057,0,61.67977591,-14,0,12.24583684,12.24583684,56.86053486,0,424.6182564,424.6182564,55.19609589,8,0,127.770658,127.770658,56.65713462,2,0,0.88529527,0.88529527,55.85221855,0,0,142.9409049,83.94090488,55.19609589,2,0,0.168694712,-7.244991699,0.163213319,4.852685319,0.120380056,4.128984805,0.002316573,0.000480813,439.1531194,439.1531194,55.279032,8,0,96.84941461,96.84941461,59.31004481,2,0,1,0,0,0,0,0,0,0,0,0,6.579741028,-0.181429312,0,5.848658691,0.012603806,0,6.561238091,0.735892338,1.462164673,0,0,0,-0.127825928,386.3726712,0,0,331.1765753,0,0,386.953224,59.31004481,55.19609589,1
LYV,168.7700043,0,0,1,0,0,0.16,0.84,0.27486078,0.251046025,0.664386423,0,0,0,0,0,0,0,0,0,0,0,0,0,1,1,1,1,0.178189428,-6.908354122,0.243574396,0.537194054,0.217240909,0.680631247,0.178189428,-6.908354122,0.232572655,0.403396883,0.176685541,-10.48102996,0.178189428,-6.908354122,0.664386423,1.752680314,,,0.020721223,,,1.351809973,,,1.465114878,,,0.020721223,,,1.25403285,,,0.002790902,,,0.020721223,,,0.000959966,0.001463141,0.001286312,0.000959966,0.001598741,9.61E-07,0.000959966,203.3929831,203.3929831,161.8397239,1,,0,409.1427982,409.1427982,,164.1673421,2,,41.37450736,41.37450736,164.7432835,0,175.698019,175.698019,161.8397239,1,,295.0952458,295.0952458,163.7761452,2,,0.170375794,0.170375794,162.2126538,0,,59.14591151,59.14591151,161.8397239,0,,0.178200256,-7.314867903,0.208119383,4.990038902,0.016494793,16.44697366,0.000958791,0.003833817,181.7582216,181.7582216,161.8774601,1,,772.2403858,772.2403858,170.390878,5,,1,,,,,,,,,,0.745708698,0.009018045,0,0.745708698,0.005085283,0,0.836051444,1.945350644,0,,,,0,161.8397239,0,0,161.8397239,0,0,161.8774601,340.7817559,0,1
MA,552.2600098,0,0,1,0,0,0.0868,0.9132,0.133253779,0.359414226,0.784888668,0,0,0,0,0,0,0,0,0,0,0,0,0,1,1,1,1,0.094966764,-6.312471527,0.121704871,1.19108252,0.140361995,1.11980324,0.094966764,-6.312471527,0.117373309,0.866522342,0.094271797,-14.85436617,0.094966764,-6.312471527,0.784888668,1.873182559,,,0.019025928,,,2.111861334,,,2.019463859,,,0.019025928,,,1.722648821,,,8.93E-05,,,0.019025928,,,0.001127365,0.002982459,0.002328671,0.001127365,0.002674047,3.99E-08,0.001127365,238.860621,238.860621,536.8176932,0,,0,833.9943875,833.9943875,,544.3729724,2,,74.90219916,74.90219916,544.2715385,0,206.3362131,206.3362131,536.8176932,0,,493.5749779,493.5749779,543.319391,1,,0.007084158,0.007084158,538.7810679,0,,69.45976667,69.45976667,536.8176932,0,,0.095004886,-6.703290416,0.107586602,4.458848652,0.014887315,16.42076687,0.00113735,0.004544255,215.607626,215.607626,536.9175795,0,,915.3429614,915.3429614,554.8495173,2,,1,4.36E-05,4.77E-05,0.009681683,3.72E-05,4.36E-05,0.012596595,4.30E-05,3.72E-05,4.36E-05,0,0.044333674,0,0,0.011732203,0,0,0.621291603,0,0.014287791,0.014287791,5.95E-10,0,0,0,0,0,0,0,0,554.8495173,0,1
MAR,358.9599915,1,1,0,1,1,0.6732,0.3268,0.728719173,0.209205021,0.700395116,0,0,0,0,0,0,0,0,0,718,0,0,0,1,1,1,1,0.683040535,-10.52313854,0.71596713,-0.419927149,0.381975046,0.221791932,0.683040535,-10.52313854,0.713181457,-0.290095984,0.683332396,4.466690194,0.683040535,-10.52313854,0.700395116,1.788689007,,,0.002200599,,,0.783346244,,,1.137653978,,,0.002200599,,,0.844774231,,,13.42749142,,,0.002200599,,,0.000109918,0.000919733,0.001085667,0.000109918,0.001143828,0.005007033,0.000109918,23.2889596,23.2889596,348.6405328,0,,0,257.1878093,257.1878093,,347.1830231,1,,34.9207109,34.9207109,348.509177,0,20.11782316,20.11782316,348.6405328,0,,211.1275989,211.1275989,347.1830231,1,,887.9974376,169.9974376,363.0787559,0,,6.772341516,6.772341516,348.6405328,0,,0.681934017,-11.01786515,0.701627187,-4.128915253,0.001650461,0.090636903,0.000104301,2.23E-05,19.77228508,19.77228508,348.7520044,0,,4.485022698,4.485022698,347.1830231,0,,1,,,,,,,,,,0,0.002755294,0,0,0.001314932,0,0,0,0,,,,0,0,0,0,0,0,0,0,0,0,1
MAS,68.36000061,0,0,1,0,0,0.288,0.712,0.348448687,0.295188285,0.43573728,0,0,0,0,0,0,0,0,0,0,0,0,0,1,1,1,1,0.300671603,-7.785338747,0.335775336,0.297832069,0.307890324,0.389960577,0.300671603,-7.785338747,0.330842069,0.216858242,0.299710216,-4.963607748,0.300671603,-7.785338747,0.43573728,1.524031171,,,0.037612387,,,1.133708589,,,1.178583583,,,0.037612387,,,1.095679975,,,0.123506641,,,0.037612387,,,0.00103868,0.000701416,0.000583349,0.00103868,0.000923422,2.45E-05,0.00103868,220.0705413,220.0705413,65.7266563,3,,65.7266563,196.1392711,196.1392711,,65.9798683,3,,18.76355923,18.76355923,66.16611122,0,190.1046808,190.1046808,65.7266563,3,,170.4449599,170.4449599,65.86453714,3,,4.349810174,4.349810174,65.17798297,0,,63.99568246,63.99568246,65.7266563,1,,0.300650804,-8.215014125,0.318546379,4.641683118,0.031383613,7.06967522,0.001026919,0.001148877,194.6732869,194.6732869,65.75234998,3,,231.4166614,231.4166614,68.89602257,3,,1,,,,,,,,,,2.841164034,0.004157997,0,2.841164034,0.002204414,0,3,1.009932289,0.947054678,,,,0,197.1799689,0,0,197.1799689,0,0,197.2570499,68.89602257,65.7266563,1
MCD,231.8899994,0,0,1,0,0,0.0084,0.9916,0.021877486,0.00376569,0.56242604,232,0,2783,0,2783,0,0,232,464,0,232,232,3015,1,1,1,1,0.009850308,-5.703029187,0.016923085,4.541288078,0.006785332,6.564147842,0.009850308,-5.703029187,0.015537382,3.306459292,0.009737664,-19.90473287,0.009850308,-5.703029187,0.56242604,1.650719931,,,0.057359093,,,9.739072373,,,26.84357445,,,0.057359093,,,5.244791394,,,4.65E-05,,,0.057359093,,,0.002128657,0.008293635,0.00994158,0.002128657,0.005599216,1.26E-08,0.002128657,451.0095732,219.0095732,226.1807077,1,,226.1807077,2319.175283,-463.8247167,,238.1284674,-2,,319.7730875,319.7730875,233.2165875,1,389.5979464,157.5979464,226.1807077,1,,1033.502006,569.5020056,231.1072351,2,,0.00224135,0.00224135,227.7403146,0,,131.1518809,131.1518809,226.1807077,1,,0.009836889,-6.077211952,0.012719218,3.216110095,0.047550232,5.0125833,0.002160411,0.001000998,409.5494387,177.5494387,226.1848908,1,,201.6295896,-30.37041039,238.1284674,0,,1,,,,,,,,,,0.508195967,-0.644478044,0.673250576,0.508195967,0.341646033,0,0.577070392,0,0.508195967,,,,0,226.1807077,-238.1284674,233.2165875,226.1807077,0,0,226.1848908,0,226.1807077,1
MCHP,81.31999969,1,1,0,1,1,0.824,0.176,0.925616547,0.279497908,0.484359254,81,0,0,0,0,0,0,0,0,0,0,0,81,1,1,1,1,0.843446694,-11.67166267,0.903127349,-1.467653556,0.497625687,0.004273836,0.843446694,-11.67166267,0.896855301,-0.975780798,0.843114788,4.921448116,0.843446694,-11.67166267,0.484359254,1.572653145,,,0.005069517,,,0.5145303,,,1.001936913,,,0.005069517,,,0.642879157,,,9.283651951,,,0.005069517,,,0.000157252,0.000360957,0.000564065,0.000157252,0.000594607,0.002086104,0.000157252,33.31787153,-47.68212847,79.62927536,-1,,0,100.935539,100.935539,,76.43233453,1,,18.14326794,18.14326794,76.43233453,0,28.78115033,28.78115033,76.95784429,0,,109.7523403,109.7523403,76.43233453,1,,369.9707005,369.9707005,84.16807092,4,,9.688711236,9.688711236,76.95784429,0,,0.842217913,-12.1961281,0.875921341,-12.00524455,0.003997969,0.004358865,0.000148846,7.68E-07,28.21670608,28.21670608,76.99161231,0,,0.154727304,0.154727304,76.98776883,0,,1,,,,,,,,,,-1,0.033656359,0,0,0.014877315,1.513790722,0,0,0,,,,14.21324689,-79.62927536,0,0,0,0,168.3361418,0,0,0,1
MCK,902.2800293,1,1,0,1,1,0.6164,0.3836,0.672633254,0.690794979,0.757744801,0,0,902,0,902,0,0,0,902,902,0,0,902,1,1,1,1,0.629291943,-10.13829324,0.661860992,-0.292783365,0.659380064,-0.310949548,0.629291943,-10.13829324,0.657450868,-0.199262344,0.628293284,3.83710035,0.629291943,-10.13829324,0.757744801,1.846038692,,,0.001998815,,,0.835697538,,,0.826442311,,,0.001998815,,,0.885010114,,,10.50975676,,,0.001998815,,,0.000112209,0.001113255,0.000897622,0.000112209,0.001315681,0.004437208,0.000112209,23.77436947,23.77436947,870.3825586,0,,0,311.3029878,-590.6970122,,931.712692,-1,,28.87219971,28.87219971,864.0995138,0,20.53713729,20.53713729,870.3825586,0,,242.8480199,-659.1519801,935.0262095,-1,,786.9390233,-115.0609767,944.2041755,0,,6.913496874,6.913496874,870.3825586,0,,0.629314863,-10.63105649,0.646311756,-2.137255644,0.001477675,0.269758631,0.000106316,7.19E-05,20.15436086,20.15436086,870.8117914,0,,14.48124539,14.48124539,864.0995138,0,,1,,,,,,,,,,0,-0.001339408,0,0,-0.000620398,0,0,0,0,,,,0,0,0,0,0,0,0,0,0,0,1
MCO,441.3599854,0,0,1,0,0,0.0268,0.9732,0.050517104,0.10292887,0.675441496,0,0,0,0,0,0,0,0,0,0,0,0,0,1,1,1,1,0.030292582,-5.849397919,0.043640673,2.712963534,0.045725614,2.843272482,0.030292582,-5.849397919,0.041274822,1.978532048,0.029992544,-18.6425564,0.030292582,-5.849397919,0.675441496,1.763735387,,,0.036183687,,,4.661920953,,,5.019695651,,,0.036183687,,,3.073098186,,,2.55E-05,,,0.036183687,,,0.001715774,0.005174413,0.004522181,0.001715774,0.003991453,8.98E-09,0.001715774,363.5298365,363.5298365,420.6102606,1,,0,1446.937529,1446.937529,,437.9678496,3,,145.4569562,145.4569562,438.2984887,0,314.0298703,314.0298703,420.6102606,1,,736.7414841,736.7414841,436.757352,2,,0.00159316,0.00159316,428.9590089,0,,105.7131038,105.7131038,420.6102606,0,,0.030302698,-6.227658164,0.036216108,3.590992641,0.029194218,7.672565923,0.0017414,0.001817746,330.1175834,330.1175834,420.7828962,1,,366.1460143,366.1460143,440.3262484,1,,1,,,,,,,,,,0.5346165,0.345008022,0,0.5346165,0.122330908,0,0.605995722,0.20148794,0,,,,0,420.6102606,0,0,420.6102606,0,0,420.7828962,0,0,1
MDB,357.9599915,0,0,1,0,0,0.24686941,0.75313059,0.519111111,0.474129821,0.736084466,0,0,0,0,0,0,0,0,0,0,0,0,0,1,1,1,1,0.283156279,-7.659927274,0.433585571,0.11202652,0.37362298,0.239043305,0.283156279,-7.659927274,0.40577834,0.113272335,0.280068968,-5.763257238,0.283156279,-7.659927274,0.736084466,1.824378357,0,0,0.009997209,0,0,1.069674874,0,0,1.154563361,0,0,0.009997209,0,0,1.070476397,0,0,0.031269979,0,0,0.009997209,0,0,0.000537234,0.001359216,0.001194765,0.000537234,0.001536746,1.26E-05,0.000537234,113.8265701,113.8265701,329.9892384,0,0,0,380.081983,380.081983,0,326.9625414,1,0,38.42987397,38.42987397,332.0356717,0,98.32739837,98.32739837,329.9892384,0,0,283.6522199,283.6522199,328.1072557,1,0,2.235147342,2.235147342,329.2303839,0,0,33.1003368,33.1003368,329.9892384,0,0,0.283184054,-8.086614303,0.347792002,4.386031908,0.007735073,13.97199217,0.000530169,0.00361193,100.5042595,100.5042595,330.1058913,0,0,727.5461028,727.5461028,361.4725043,2,0,1,0,0,0,0,0,0,0,0,0,0,0.000196093,0,0,0.000200478,0,0,0.601164872,0,0,0,0,0,0,0,0,0,0,0,0,361.4725043,0,0
MDLZ,58.18999863,0,0,1,0,0,0.072,0.928,0.089101034,0.210041841,0.355664772,0,0,0,0,0,0,0,0,0,0,0,0,0,1,1,1,1,0.075613277,-6.173898621,0.085530387,1.633646044,0.102144524,1.514370438,0.075613277,-6.173898621,0.08406249,1.165208086,0.075304852,-15.93777394,0.075613277,-6.173898621,0.355664772,1.443958663,,,0.103496362,,,1.822451601,,,1.744315391,,,0.103496362,,,1.534314881,,,0.002864523,,,0.103496362,,,0.002340592,0.000908554,0.000691979,0.002340592,0.001102123,4.60E-07,0.002340592,495.9132257,495.9132257,56.48189181,9,,169.4456754,254.0617753,254.0617753,,57.49725928,4,,22.25766406,22.25766406,57.4825245,0,428.3873022,428.3873022,56.48189181,8,,203.4295965,203.4295965,57.4174505,4,,0.081583403,0.081583403,56.84844626,0,,144.2096935,144.2096935,56.48189181,3,,0.075642728,-6.560957256,0.080585842,4.178443465,0.089777609,4.641844064,0.002353179,0.000656259,446.0926642,446.0926642,56.50273354,8,,132.189345,132.189345,58.22038034,2,,1,,,,,,,,,,5.360206526,0.166799962,0,4.764628023,0.084856868,0,5.380770014,0.545605931,1.786735509,,,,0.009398901,282.4094591,0,0,282.4094591,0,0,282.5136677,58.22038034,112.9637836,1
MDT,86.37999725,0,0,1,0,0,0.1528,0.8472,0.182179793,0.587029289,0.23059702,0,0,0,0,0,0,0,0,0,0,0,0,0,1,1,1,1,0.159249196,-6.772740166,0.17627126,0.811627775,0.222902477,0.657764938,0.159249196,-6.772740166,0.173762599,0.579858126,0.158682623,-11.38998265,0.159249196,-6.772740166,0.23059702,1.318890911,,,0.153411008,,,1.251886228,,,1.199690399,,,0.153411008,,,1.17409731,,,0.042738866,,,0.153411008,,,0.002481042,0.000434347,0.000328261,0.002481042,0.000644942,4.81E-06,0.002481042,525.6710664,525.6710664,83.7788675,6,,167.557735,121.4577689,121.4577689,,84.90266252,1,,10.55858264,10.55858264,84.80793689,0,454.0931726,454.0931726,83.7788675,5,,119.043175,119.043175,84.78883517,1,,0.852217396,0.852217396,84.15288985,0,,152.8631612,152.8631612,83.7788675,2,,0.159322855,-7.176098241,0.167848833,4.874330879,0.137204799,3.854231818,0.002478136,0.000431303,469.7806084,469.7806084,83.82026439,6,,86.87679877,86.87679877,86.79592637,1,,1,,,,,,,,,,4.300313377,0.010292807,0,3.583594481,0.005253679,0,4.827786184,0.371235961,1.433437792,,,,0,335.11547,0,0,335.11547,0,0,419.101322,0,83.7788675,1
MDXG,4.590000153,0,0,1,0,0,0.4528,0.5472,0.41964996,0.681589958,0.316049898,0,0,0,0,0,0,0,0,0,32,0,0,0,1,1,1,1,0.444552496,-8.815540327,0.425419603,0.126245295,0.49957355,0.000767611,0.444552496,-8.815540327,0.427637943,0.086019129,0.445043454,-0.005739343,0.444552496,-8.815540327,0.316049898,1.404343789,,,0.050112026,,,1.043801286,,,1.000260692,,,0.050112026,,,1.02964031,,,0.998052989,,,0.050112026,,,0.001022418,0.000465559,0.000354036,0.001022418,0.000681129,0.000143659,0.001022418,216.6249052,216.6249052,4.339535628,50,,65.09303443,130.1858491,130.1858491,,4.329051015,30,,11.38765625,11.38765625,4.327639483,3,187.128219,187.128219,4.339535628,43,,125.7226678,125.7226678,4.327639483,29,,25.47794088,-6.522059119,4.839642862,-1,,62.99370447,62.99370447,4.339535628,15,,0.444672327,-9.273730744,0.433958941,3.235012622,0.042891481,2.99970421,0.001002762,0.000394716,190.0937397,190.0937397,4.342289048,44,,79.50712814,79.50712814,4.538349522,18,,1,,,,,,,,,,50,0.007470879,2.76E-08,43,0.003352804,-5.15E-07,44,2.943367499,15,,,,0.033199844,216.9767814,0,0,186.600032,0,0,191.0607181,13.61504857,65.09303443,1
MDY,669.6599731,0,0,1,0,0,0.2532,0.7468,0.369928401,0.227615063,0.578125604,0,0,0,0,0,0,0,0,0,0,0,0,0,1,1,1,1,0.274135236,-7.5953357,0.341519406,0.285628163,0.269908036,0.49548002,0.274135236,-7.5953357,0.33118856,0.216327811,0.272522995,-6.078680789,0.274135236,-7.5953357,0.578125604,1.666419495,0,0,0.020676332,0,0,1.157038614,0,0,1.287922433,0,0,0.020676332,0,0,1.116806982,0,0,0.044858403,0,0,0.020676332,0,0,0.000794679,0.001023347,0.000919388,0.000794679,0.001226166,1.27E-05,0.000794679,168.3728246,168.3728246,650.9773814,0,0,0,286.1618372,286.1618372,0,655.0914823,0,0,29.57233001,29.57233001,657.683123,0,145.4463732,145.4463732,650.9773814,0,0,226.3254097,226.3254097,653.2021822,0,0,2.245228227,2.245228227,650.7379254,0,0,48.96218163,48.96218163,650.9773814,0,0,0.274066712,-8.019591807,0.306651995,4.726084754,0.016648693,11.17304574,0.000786433,0.0022864,149.0842844,149.0842844,651.1255896,0,0,460.5463557,460.5463557,674.6360634,1,0,1,0,0,0,0,0,0,0,0,0,0,0,0,0,0,0,0,0.34899808,0,0,0,0,0,0,0,0,0,0,0,0,0,0,1
MELI,1696.560059,0,0,1,0,0,0.0468,0.9532,0.138424821,0.252301255,0.697876894,0,0,0,0,0,0,0,0,0,0,0,0,0,1,1,1,1,0.055855897,-6.032433805,0.10258083,1.394953255,0.094077584,1.628377211,0.055855897,-6.032433805,0.092553433,1.073550732,0.055048019,-17.12664311,0.055855897,-6.032433805,0.697876894,1.786170785,0,0,0.030219779,0,0,2.24605705,0,0,2.571731605,0,0,0.030219779,0,0,1.864026582,0,0,4.85E-05,0,0,0.030219779,0,0,0.001501606,0.00262229,0.002440076,0.001501606,0.002513395,1.80E-08,0.001501606,318.1529246,318.1529246,1586.840576,0,0,0,733.2791897,733.2791897,0,1659.601844,0,0,78.48558835,78.48558835,1662.709701,0,274.8316964,274.8316964,1586.840576,0,0,463.9218279,463.9218279,1654.189285,0,0,0.003187236,0.003187236,1617.149698,0,0,92.51766918,92.51766918,1586.840576,0,0,0.055872938,-6.415627557,0.073863268,4.099560676,0.024196691,10.78384281,0.001520276,0.002639569,288.1990835,288.1990835,1587.443067,0,0,531.6846477,531.6846477,1696.454882,0,0,1,0,0,0,0,0,0,0,0,0,0,0,0,0,0,0,0,0,0,0,0,0,0,0,0,0,0,0,0,0,0,0,1
MET,94.43000031,0,0,1,0,0,0.1636,0.8364,0.197295147,0.858995816,0.554079749,0,0,0,0,0,0,0,0,0,0,0,0,0,1,1,1,1,0.170939401,-6.856443208,0.190463941,0.741760301,0.248764546,0.563126093,0.170939401,-6.856443208,0.187564869,0.530991423,0.170290161,-10.80095813,0.170939401,-6.856443208,0.554079749,1.64237364,,,0.033314147,,,1.444869257,,,1.322324019,,,0.033314147,,,1.301408881,,,0.004706481,,,0.033314147,,,0.001213345,0.001205724,0.000889337,0.001213345,0.001368657,1.25E-06,0.001213345,257.0777428,257.0777428,89.9763147,3,,89.9763147,337.1604421,337.1604421,,92.38879667,4,,28.60572764,28.60572764,92.2040388,0,222.0728042,222.0728042,89.9763147,2,,252.6263574,252.6263574,92.21580363,3,,0.222471535,0.222471535,90.5528249,0,,74.75723691,74.75723691,89.9763147,1,,0.171026648,-7.262133994,0.180766891,4.925581522,0.027240414,11.51661199,0.001212128,0.002269943,229.7832825,229.7832825,90.00621795,3,,457.23153,457.23153,95.14935056,5,,1,,,,,,,,,,2.203631881,0.034388021,0,1.469087921,0.013216495,0,2.472121413,1.895418229,0.73454396,,,,0,179.9526294,0,0,89.9763147,0,0,180.0124359,190.2987011,89.9763147,1
META,728.0800171,1,1,0,1,1,0.7076,0.2924,0.703261734,0.623849372,0.641565148,0,0,0,0,0,0,0,0,0,728,0,0,0,1,1,1,1,0.706368022,-10.69016568,0.703922506,-0.38922163,0.674144648,-0.345478921,0.706368022,-10.69016568,0.704322687,-0.274304933,0.706519809,4.659375227,0.706368022,-10.69016568,0.641565148,1.729859039,,,0.002855131,,,0.807906461,,,0.827508217,,,0.002855131,,,0.860423942,,,12.85231112,,,0.002855131,,,0.000126009,0.000829771,0.000688509,0.000126009,0.001055184,0.004201611,0.000126009,26.69807587,26.69807587,700.935356,0,,0,232.0313574,232.0313574,,691.6832619,0,,22.14605116,22.14605116,691.6832619,0,23.0627378,23.0627378,700.935356,0,,194.7656492,194.7656492,691.6832619,0,,745.155805,17.155805,741.4770133,0,,7.763699656,7.763699656,700.935356,0,,0.706303425,-11.19700711,0.705128186,-4.263207098,0.00216268,0.096674299,0.000119117,2.18E-05,22.58096913,22.58096913,701.0047289,0,,4.388218211,4.388218211,691.6832619,0,,1,,,,,,,,,,0,0,0,0,0,0,0,0,0,,,,0,0,0,0,0,0,0,0,0,0,1
MFG,10.89000034,0,0,1,0,0,0.4428,0.5572,0.362370724,0.841841004,0.610506681,33,0,109,0,109,0,0,11,109,131,0,0,142,1,1,1,1,0.420516598,-8.643440895,0.374804376,0.218760156,0.490147964,0.017738831,0.420516598,-8.643440895,0.379924831,0.146897529,0.42193097,-0.681201058,0.420516598,-8.643440895,0.610506681,1.698800572,,,0.010251273,,,1.122912683,,,1.009444526,,,0.010251273,,,1.080954341,,,0.696990333,,,0.010251273,,,0.000423088,0.001072659,0.000779758,0.000423088,0.001256394,0.000212178,0.000423088,89.64174354,56.64174354,10.40372958,5,,31.21118873,299.9510947,190.9510947,,10.4223679,18,,25.08108632,25.08108632,10.34827828,2,77.43569377,66.43569377,10.40372958,6,,231.9049011,122.9049011,10.3786009,12,,37.62977091,-93.37022909,11.21233911,-8,,26.06748055,26.06748055,10.40372958,3,,0.420692664,-9.097453845,0.394538008,3.835308764,0.008059167,7.632506067,0.000412029,0.001641411,78.10838945,78.10838945,10.40890107,8,,330.6272,330.6272,10.97136943,30,,1,,,,,,,,,,5,0.013459502,9.83E-06,6,0.004046041,-0.05800436,8,6.895121867,3,,,,0.253842073,52.01864789,0,0,62.42237746,0,0,83.27120852,76.79958601,31.21118873,1
MGM,30.47999954,0,0,1,0,0,0.0008,0.9992,0.017501989,0.010460251,0.276456846,518,0,823,0,823,0,0,488,427,0,457,0,1341,1,1,1,1,0.001043412,-5.639970932,0.003697914,6.759785245,0.002195007,7.738324167,0.001043412,-5.639970932,0.002783759,4.917208845,0.00102009,-20.45806856,0.001043412,-5.639970932,0.276456846,1.364750737,,,0.173102405,,,8.183358129,,,11.09395768,,,0.173102405,,,4.614083668,,,0.001726114,,,0.173102405,,,0.003177031,0.003255337,0.003492197,0.003177031,0.002804495,2.22E-07,0.003177031,673.1339465,155.1339465,28.96352185,5,,202.7446529,910.3003052,87.30030518,,30.71234945,3,,112.3272794,112.3272794,30.71234945,4,581.4767996,93.47679962,28.96352185,3,,517.6531269,90.65312687,30.71234945,3,,0.0393739,0.0393739,29.42334164,0,,195.74481,195.74481,28.96352185,7,,0.001043673,-6.012572142,0.001695141,3.025003341,0.154163679,2.561750307,0.003204468,0.000313106,607.4716456,150.4716456,28.97572759,5,,63.06840937,63.06840937,30.2386323,2,,1,,,,,,,,,,2.485099384,2.141938901,3.742603807,1.49105963,1.133387945,0,2.824298732,0.285957663,3.479139137,,,,0.005913118,57.9270437,61.4246989,122.8493978,28.96352185,30.71234945,0,86.92718278,0,86.89056554,1
MIY,11.17000008,0,0,1,0,0,0.0208,0.9792,0.008353222,0.047698745,0.218879377,0,0,0,0,0,0,11,0,101,0,0,112,0,1,1,1,1,0.015287766,-5.741961934,0.009364504,5.591983285,0.016242901,4.995941322,0.015287766,-5.741961934,0.009848602,3.873649025,0.015582994,-19.53711384,0.015287766,-5.741961934,0.218879377,1.307173268,,,0.21479266,,,4.472322093,,,3.812357592,,,0.21479266,,,2.822499171,,,0.005335632,,,0.21479266,,,0.003360876,0.001497263,0.001005664,0.003360876,0.001509991,5.79E-07,0.003360876,712.0862005,712.0862005,10.91931219,65,,196.5476193,418.6843863,418.6843863,,11.20215587,37,,32.34741857,32.34741857,11.20166722,3,615.1251279,615.1251279,10.91931219,56,,278.7138942,177.7138942,11.16999992,16,,0.102721817,0.102721817,11.02639373,0,,207.0719784,196.0719784,10.91931219,18,,0.015300292,-6.117373976,0.011409173,3.19390898,0.194243533,2.352651054,0.003381981,0.000257277,641.1227909,641.1227909,10.91957511,59,,51.82286636,-60.17713364,11.47835643,-5,,1,,,,,,,,,,33.48528508,18.07812893,1.169973267,28.848861,3.751289192,0,34.49864996,-0.796957389,9.272848177,,,,0.002991678,360.3373021,201.6388056,11.20166722,316.6600534,44.67999969,0,371.2655539,-11.47835643,98.27380967,1
MKC,44.66999817,0,0,1,0,0,0.0196,0.9804,0.017104216,0.071548117,0.1700561,0,0,134,0,134,0,0,0,0,0,0,491,134,1,1,1,1,0.018954151,-5.768213618,0.017519482,4.474761016,0.024827848,4.100862661,0.018954151,-5.768213618,0.017679187,3.133265389,0.018990722,-19.32405949,0.018954151,-5.768213618,0.1700561,1.258349991,,,0.265658622,,,2.79632496,,,2.566090927,,,0.265658622,,,2.054491884,,,0.011787748,,,0.265658622,,,0.003610535,0.000803913,0.000579097,0.003610535,0.000981966,1.10E-06,0.003610535,764.9825806,764.9825806,42.69153299,18,,213.457665,224.8008606,90.80086059,,44.60881266,2,,18.62679089,18.62679089,44.55630553,0,660.8188832,660.8188832,42.69153299,15,,181.2510344,181.2510344,44.37380779,4,,0.195369632,0.195369632,43.45315382,0,,222.454046,222.454046,42.69153299,5,,0.01896482,-6.144312286,0.018146098,3.306616124,0.243662515,2.137987121,0.003627937,0.000211926,687.7487135,687.7487135,42.69599912,16,,42.6879816,-448.3120184,46.30211982,-10,,1,,,,,,,,,,9.357831096,0.625733942,0,7.79819258,0.6135845,0,9.438143366,-1.708392218,2.599397527,,,,0,384.2237969,44.60881266,0,341.5322639,44.37380779,0,384.2639921,-92.60423965,128.074599,1
MLM,482.269989,1,1,0,1,1,0.1256,0.8744,0.209228321,0.033472803,0.503119921,0,0,0,0,0,0,0,0,0,0,0,482,0,1,1,1,1,0.138315675,-6.622854067,0.18589596,0.763350703,0.067976864,2.128763071,0.138315675,-6.622854067,0.178748259,0.561535947,0.13758112,-12.48838689,0.138315675,-6.622854067,0.503119921,1.591413812,,,0.046091392,,,1.425710305,,,2.688737847,,,0.046091392,,,1.298100977,,,0.003020329,,,0.046091392,,,0.001493866,0.001048773,0.001589106,0.001493866,0.001243535,7.11E-07,0.001493866,316.5131973,316.5131973,463.5965584,1,,0,293.2717907,293.2717907,,470.1414579,1,,51.11393495,51.11393495,475.9521931,0,273.4152422,273.4152422,463.5965584,1,,229.5313838,229.5313838,468.8055662,0,,0.126115423,0.126115423,466.1160768,0,,92.04084267,92.04084267,463.5965584,0,,0.137991796,-7.019291489,0.160804164,4.840756885,0.038337646,9.479447842,0.001498622,0.00172245,284.0940722,284.0940722,463.6435213,1,,346.9506294,-135.0493706,502.7385945,0,,1,,,,,,,,,,0.685346812,0.009104755,0,0.685346812,0,0,0.769850828,0,0,,,,0,463.5965584,0,0,463.5965584,0,0,463.6435213,0,0,1
MMM,161.8899994,0,0,1,0,0,0.1392,0.8608,0.131662689,0.432217573,0.292045714,0,0,0,0,0,0,0,0,0,0,0,486,0,1,1,1,1,0.137461817,-6.616740353,0.133065021,1.092222593,0.178941591,0.862832908,0.137461817,-6.616740353,0.13352735,0.765154246,0.13752551,-12.4913286,0.137461817,-6.616740353,0.292045714,1.380339605,,,0.118508451,,,1.421987623,,,1.32064011,,,0.118508451,,,1.279707877,,,0.017839781,,,0.118508451,,,0.002268422,0.000591964,0.000435532,0.002268422,0.000804424,2.40E-06,0.002268422,480.6221714,480.6221714,155.894346,3,,155.894346,165.5329008,165.5329008,,158.8373838,1,,14.00899325,14.00899325,158.4747861,0,415.1783512,415.1783512,155.894346,3,,148.4804206,148.4804206,158.4404668,1,,0.425537382,0.425537382,157.0151477,0,,139.7631127,139.7631127,155.894346,1,,0.137530425,-7.015899906,0.134994596,4.683833695,0.10420117,4.525545178,0.002269457,0.00056958,430.2214299,430.2214299,155.9039347,3,,114.7296256,-371.2703744,169.7569869,-2,,1,,,,,,,,,,2.05224623,0.018639847,0,2.05224623,0.009147828,0,2.307321164,-0.685571815,0.684082077,,,,0,311.788692,0,0,311.788692,0,0,311.8078694,-169.7569869,155.894346,1
MMYT,44.61999893,0,0,1,0,0,0.0188,0.9812,0.078361177,0.247280335,0.390611645,223,45,0,0,45,0,223,45,714,0,89,89,268,1,1,1,1,0.023100248,-5.797900087,0.050055025,2.469849016,0.044033276,2.91648675,0.023100248,-5.797900087,0.043484671,1.911651464,0.022706539,-19.0928019,0.023100248,-5.797900087,0.390611645,1.478905536,,,0.103443293,,,2.628616414,,,3.130610419,,,0.103443293,,,2.112841317,,,0.000569326,,,0.103443293,,,0.002555885,0.001442032,0.001369867,0.002555885,0.001629046,1.00E-07,0.002555885,541.528558,318.528558,41.11745485,8,,-43.97442953,403.2400154,358.2400154,,43.87726962,8,,44.0620664,44.0620664,44.00696413,1,467.7914321,422.7914321,41.11745485,10,,300.6889468,-413.3110532,48.08101693,-9,,0.01781464,0.01781464,42.02898952,0,,157.4744599,-65.52554006,43.97442953,-1,,0.023108354,-6.174771821,0.032454804,3.533951943,0.08925994,3.986220605,0.002581273,0.000599444,489.3323766,400.3323766,41.12612998,10,,120.7451076,31.7451076,44.36218316,1,,0,,,,,,,,,,4.201955678,0.76251927,0.132904609,5.252444597,-0.513901592,0,5.95746985,0.195137755,-0.52524446,,,,-0.057846899,164.4698194,43.87726962,0,205.5872743,-48.08101693,0,246.7567799,0,-43.97442953,1
MNST,42.93999863,0,0,1,0,0,0.2192,0.7808,0.279236277,0.287447699,0.611569019,215,172,816,0,988,0,215,515,515,0,472,0,1203,1,1,1,1,0.231373239,-7.289155528,0.266211729,0.468597476,0.258980277,0.529496944,0.231373239,-7.289155528,0.261127601,0.33972922,0.230407097,-7.922797937,0.231373239,-7.289155528,0.611569019,1.69986291,,,0.020915934,,,1.282246053,,,1.32435207,,,0.020915934,,,1.197507753,,,0.014944357,,,0.020915934,,,0.000865236,0.001227929,0.001025638,0.000865236,0.001394443,4.56E-06,0.000865236,183.3220154,-31.67798463,42.75979646,-1,,-171.0391858,343.3698065,-644.6301935,,44.47992296,-14,,32.98986114,32.98986114,42.00275736,1,158.3600104,-356.6399896,42.75979646,-8,,257.3859246,-257.6140754,44.47992296,-6,,0.808817218,0.808817218,41.63482607,0,,53.30934987,-161.6906501,42.75979646,-4,,0.231388843,-7.705862523,0.248806354,4.975186983,0.016767263,14.00722888,0.00085944,0.003017193,162.9242421,-309.0757579,42.75979646,-7,,607.7490719,607.7490719,43.17710747,14,,0,,,,,,,,,,-0.830184192,-0.048033911,0.004380735,-6.64147354,-0.010820245,0,-6.494722197,5.414606206,-3.32073677,,,,0.069401573,-42.75979646,0,0,-299.3185752,0,0,-256.5587788,215.8855374,-128.2793894,1
MO,67.34999847,0,0,1,0,0,0.2672,0.7328,0.23786794,0.327615063,0.442582153,67,67,67,0,134,0,0,67,67,135,0,135,201,1,1,1,1,0.259521863,-7.490702488,0.242713028,0.539978803,0.274236118,0.482515029,0.259521863,-7.490702488,0.244694593,0.375092624,0.260032989,-6.610776154,0.259521863,-7.490702488,0.442582153,1.530876044,,,0.041178382,,,1.258530353,,,1.228107384,,,0.041178382,,,1.173193478,,,0.059896698,,,0.041178382,,,0.001156174,0.000792729,0.000619133,0.001156174,0.001001955,1.21E-05,0.001156174,244.9645818,177.9645818,65.49691194,3,,65.49691194,221.6733426,87.67334259,,66.0859401,1,,19.91455035,19.91455035,65.99522019,0,211.6090294,144.6090294,65.49691194,2,,184.9407079,117.9407079,65.88403531,2,,2.147043718,-132.8529563,67.0610607,-2,,71.23477545,71.23477545,65.49691194,1,,0.259569567,-7.913021847,0.250183065,4.972368067,0.034400561,8.309786861,0.001146565,0.001366112,217.3545367,217.3545367,65.50687245,3,,275.1740941,140.1740941,67.85166108,2,,1,,,,,,,,,,2.630185489,0.004555892,0,1.753456993,0.004396702,-1.365698792,2.935121004,0.772638881,0.876728496,,,,0.001928463,196.4907358,0,0,130.9938239,0,-67.0610607,196.5206173,67.85166108,65.49691194,1
MOH,189.5399933,0,0,1,0,0,0.2568,0.7432,0.240652347,0.336820084,0.502960291,0,0,0,0,0,0,0,0,190,0,0,0,0,1,1,1,1,0.252794155,-7.442531431,0.243475049,0.537514527,0.273965547,0.483317555,0.252794155,-7.442531431,0.244572169,0.375368453,0.253041309,-6.914081909,0.252794155,-7.442531431,0.502960291,1.591254181,,,0.031517154,,,1.283624338,,,1.251711579,,,0.031517154,,,1.190492506,,,0.040286188,,,0.031517154,,,0.001021122,0.000943874,0.000739486,0.001021122,0.001140111,9.48E-06,0.001021122,216.3504287,216.3504287,177.3652289,1,,0,263.9384378,263.9384378,,181.6510173,1,,23.78573132,23.78573132,181.3036029,0,186.8911166,186.8911166,177.3652289,1,,210.4414436,20.44144356,181.2552445,0,,1.681506903,1.681506903,177.1942224,0,,62.91388776,62.91388776,177.3652289,0,,0.252843848,-7.863580409,0.247658173,4.977422006,0.025918196,10.09585059,0.001012727,0.001833977,191.9828435,191.9828435,177.5459192,1,,369.4155097,369.4155097,190.4057689,2,,1,,,,,,,,,,0.865488658,0.004514404,0,0.865488658,0,0,0.966185888,0.774210307,0,,,,27.13781607,177.3652289,0,0,177.3652289,0,0,177.5459192,190.4057689,0,1
MOS,21.06999969,0,0,1,0,0,0.0672,0.9328,0.029435163,0.348117155,0.232093735,0,0,0,0,0,0,0,0,0,0,0,0,0,1,1,1,1,0.051302967,-5.999834377,0.032763665,3.249815216,0.059599589,2.353765813,0.051302967,-5.999834377,0.034332539,2.22139792,0.052176886,-17.29780545,0.051302967,-5.999834377,0.232093735,1.320387626,,,0.188717127,,,2.467501325,,,1.923547593,,,0.188717127,,,1.854069203,,,0.008168266,,,0.188717127,,,0.003064869,0.000860003,0.000528777,0.003064869,0.001021882,9.22E-07,0.003064869,649.369551,649.369551,19.81963809,33,,198.1963809,240.4853395,240.4853395,,20.87717511,12,,17.00822196,17.00822196,20.76492045,1,560.9482782,560.9482782,19.81963809,28,,188.6187229,188.6187229,20.77245016,9,,0.163604592,0.163604592,20.12044721,0,,188.8342135,188.8342135,19.81963809,10,,0.051349441,-6.382374878,0.039333242,3.637406768,0.169682919,2.748148869,0.003079063,0.00030843,583.6985581,583.6985581,19.82065363,29,,62.12657456,62.12657456,20.99777872,3,,1,,,,,,,,,,18.56147522,1.980243551,0.086565836,15.74913049,0.693929351,0,18.45791505,0.620190375,5.624689461,,,,0.00164855,376.5731238,41.75435023,0,317.1142095,20.77245016,0,356.7717654,20.99777872,118.9178286,1
MP,46.97000122,0,0,1,0,0,0.23514377,0.76485623,0.298923369,0.297594502,0.691122741,94,658,0,0,658,0,0,0,0,705,0,0,752,1,1,1,1,0.248085105,-7.408814161,0.285098285,0.417144694,0.274473247,0.481812556,0.248085105,-7.408814161,0.279710467,0.30322408,0.247062833,-7.176535561,0.248085105,-7.408814161,0.691122741,1.779416632,,,0.013987479,,,1.271750719,,,1.320039455,,,0.013987479,,,1.190940896,,,0.015990925,,,0.013987479,,,0.000685353,0.001462443,0.001233158,0.000685353,0.001587915,5.84E-06,0.000685353,145.2093268,51.20932683,42.30282265,1,,42.30282265,408.9475208,-249.0524792,,53.69799027,-5,,39.66480387,39.66480387,43.97142513,1,125.4369284,125.4369284,42.30282265,3,,293.0969097,293.0969097,43.40996048,7,,1.036116475,-703.9638835,46.11628802,-15,,42.22632395,42.22632395,42.30282265,1,,0.248096949,-7.82868548,0.266623743,4.926987393,0.010981332,17.10467414,0.000679295,0.004145988,128.7740914,128.7740914,42.31831359,3,,835.1207182,835.1207182,48.42330297,17,,1,,,,,,,,,,0.857664489,-0.013594507,0.00362724,2.572993466,0.010056467,-12.07093656,2.872889829,6.448101267,0.857664489,,,,4.323488878,42.30282265,0,0,126.9084679,0,-553.3954563,126.9549408,290.5398178,42.30282265,1
MPC,422.3299866,1,1,0,1,1,0.8732,0.1268,0.863564041,0.991213389,0.861153276,0,0,0,0,0,0,0,0,0,0,0,0,0,1,1,1,1,0.871032215,-11.86917776,0.865408921,-1.079949012,0.908303623,-1.664943117,0.871032215,-11.86917776,0.866024671,-0.762619298,0.87112068,4.790789119,0.871032215,-11.86917776,0.861153276,1.949447167,0,0,0.000362234,0,0,0.486306859,0,0,0.3290894,0,0,0.000362234,0,0,0.601046287,0,0,24.48525968,0,0,0.000362234,0,0,2.49E-05,0.000805679,0.000446935,2.49E-05,0.001050018,0.012810426,2.49E-05,5.271485968,5.271485968,407.9522343,0,0,0,225.2946674,225.2946674,0,403.2010169,1,0,14.37576522,14.37576522,403.2010169,0,4.553695154,4.553695154,407.9522343,0,0,193.8120336,193.8120336,403.2010169,0,0,2271.929506,2271.929506,425.4833509,5,0,1.532928215,1.532928215,407.9522343,0,0,0.871109767,-12.40851501,0.867921765,-11.59053342,0.000252714,0.000436286,2.27E-05,1.34E-07,4.312384498,4.312384498,408.0791513,0,0,0.026958076,0.026958076,407.8175572,0,0,1,0,0,0,0,0,0,0,0,0,0,0.018223279,0,0,0,1.793098467,0,0,0,0,0,0,0,0,0,0,0,0,850.9667017,0,0,0,1
MPWR,1439.72998,1,1,0,1,1,0.8748,0.1252,0.969769292,0.30083682,0.861226195,0,0,0,0,0,0,0,0,0,1440,0,0,0,1,1,1,1,0.892884402,-12.02564161,0.94875062,-2.429114087,0.531663217,-0.057165831,0.892884402,-12.02564161,0.943080823,-1.583021939,0.892694917,4.647350375,0.892884402,-12.02564161,0.861226195,1.949520086,0,0,0.000326162,0,0,0.197575234,0,0,0.96255608,0,0,0.000326162,0,0,0.347566626,0,0,22.25336395,0,0,0.000326162,0,0,2.24E-05,0.000327378,0.001307444,2.24E-05,0.00060726,0.011644436,2.24E-05,4.747196015,4.747196015,1349.516108,0,0,0,91.54571422,91.54571422,0,1325.168976,0,0,42.05423342,42.05423342,1325.168976,0,4.100795036,4.100795036,1349.516108,0,0,112.0879654,112.0879654,1325.168976,0,0,2065.141094,625.1410938,1467.245057,0,0,1.380466676,1.380466676,1349.516108,0,0,0.891618265,-12.55927503,0.923519857,-14.57868484,0.000228412,5.93E-05,2.06E-05,1.82E-08,3.898281277,3.898281277,1349.539295,0,0,0.003666018,0.003666018,1355.608174,0,0,1,0,0,0,0,0,0,0,0,0,0,0,0,0,0,0,0,0,0,0,0,0,0,0,0,0,0,0,0,0,0,0,1
MRK,144.3000031,0,0,1,0,0,0.33,0.67,0.196897375,0.833891213,0.627331051,0,0,0,0,0,0,0,0,144,433,0,0,0,1,1,1,1,0.283764133,-7.66427957,0.212413315,0.648040068,0.328800559,0.338455463,0.283764133,-7.66427957,0.21936423,0.436769852,0.286577675,-5.494850736,0.283764133,-7.66427957,0.627331051,1.715624942,,,0.015970612,,,1.418780062,,,1.20044295,,,0.015970612,,,1.265868567,,,0.051509125,,,0.015970612,,,0.00068362,0.001409792,0.000965532,0.00068362,0.001514885,1.63E-05,0.00068362,144.8420319,144.8420319,139.0403814,1,,0,394.2245198,394.2245198,,141.0235931,3,,31.05655067,31.05655067,140.3060389,0,125.1196461,125.1196461,139.0403814,1,,279.6170865,135.6170865,140.4849377,1,,2.890880741,-430.1091193,143.6616744,-3,,42.11951597,42.11951597,139.0403814,0,,0.283947452,-8.092226115,0.240320424,4.989214805,0.012676557,14.77690451,0.000674888,0.00325971,127.9386027,127.9386027,139.0988211,1,,656.598918,656.598918,145.109541,5,,1,,,,,,,,,,0.917830958,0.019685434,0,0.917830958,0.002980748,-1.415314903,1,1.944708154,0,,,,-4.243288381,139.0403814,0,0,139.0403814,0,-143.6616744,139.0988211,290.2190821,0,1
MRNA,190.0099945,1,1,0,1,1,0.875961046,0.124038954,0.892111959,0.992395437,0.68045781,0,0,0,0,0,0,0,0,0,0,0,0,0,1,1,1,1,0.880017395,-11.93351255,0.889291886,-1.301613392,0.919617172,-1.860619673,0.880017395,-11.93351255,0.887998353,-0.905222117,0.879653451,4.73850922,0.880017395,-11.93351255,0.68045781,1.768751701,,,0.001107807,,,0.476029081,,,0.346087687,,,0.001107807,,,0.596769297,,,14.91323114,,,0.001107807,,,5.31E-05,0.000534398,0.000315438,5.31E-05,0.000781651,0.005321111,5.31E-05,11.24751627,11.24751627,173.1193548,0,,0,149.4353554,149.4353554,,170.8903007,1,,10.14612875,10.14612875,170.8903007,0,9.716000508,9.716000508,173.1193548,0,,144.2770512,144.2770512,170.8903007,1,,943.6992572,943.6992572,192.6366774,5,,3.270735263,3.270735263,173.1193548,0,,0.880082784,-12.47447655,0.884889201,-12.47623957,0.00081374,0.000812922,4.91E-05,1.94E-07,9.309520341,9.309520341,173.1829738,0,,0.039079196,0.039079196,173.2377788,0,,1,,,,,,,,,,0,0.026471835,0,0,0.012803548,1.754177314,0,0,0,,,,5.352071512,0,0,0,0,0,385.2733547,0,0,0,1
MS,190.3099976,0,0,1,0,0,0.0248,0.9752,0.090294352,0.226359833,0.816216248,0,0,0,0,0,0,0,0,0,0,0,0,0,1,1,1,1,0.030157952,-5.848433951,0.061368355,2.129182697,0.055104264,2.493799667,0.030157952,-5.848433951,0.054115353,1.642378594,0.029671809,-18.66228718,0.030157952,-5.848433951,0.816216248,1.904510139,,,0.023104997,,,3.941937537,,,4.985669357,,,0.023104997,,,2.880779946,,,6.01E-06,,,0.023104997,,,0.001455742,0.005948928,0.006153589,0.001455742,0.004696889,2.87E-09,0.001455742,308.4354779,308.4354779,180.1241441,2,,0,1663.517622,1663.517622,,187.90366,9,,197.9315431,197.9315431,188.5224726,1,266.4374238,266.4374238,180.1241441,1,,866.950648,866.950648,187.2818819,5,,0.000508441,0.000508441,183.0338531,0,,89.69187237,89.69187237,180.1241441,0,,0.030168171,-6.226669241,0.041437477,3.668299352,0.01810848,10.62499803,0.001481045,0.003068933,280.7620545,280.7620545,180.3981486,2,,618.1708554,618.1708554,190.2268602,3,,1,,,,,,,,,,1.068880615,0.637512041,0.09717245,0.534440308,0.210734957,0,1.211606557,0.630769694,0,,,,0.714451095,180.1241441,187.90366,0,180.1241441,0,0,180.3981486,190.2268602,0,1
MSCI,535.9500122,0,0,1,0,0,0.0984,0.9016,0.139618138,0.066108787,0.784671581,0,0,536,0,536,0,0,536,536,536,536,536,536,1,1,1,1,0.105891199,-6.390691577,0.129725961,1.119865472,0.09127248,1.671604918,0.105891199,-6.390691577,0.126182216,0.808717587,0.105346159,-14.23509682,0.105891199,-6.390691577,0.784671581,1.872965472,,,0.018127849,,,2.019280637,,,2.854710721,,,0.018127849,,,1.66111469,,,0.000131981,,,0.018127849,,,0.001073689,0.00285039,0.003290241,0.001073689,0.002577643,5.90E-08,0.001073689,227.4881117,227.4881117,517.0133707,0,,0,797.0636861,261.0636861,,526.9016556,0,,105.8313217,105.8313217,528.9838227,0,196.5122393,-339.4877607,532.3261804,-1,,475.7808612,-60.21913881,558.3388921,0,,0.010461819,-535.9895382,532.3261804,-1,,66.15268393,66.15268393,517.0133707,0,,0.105835836,-6.782909811,0.117535646,4.547465725,0.014172783,17.35081159,0.001082246,0.004800198,205.1615483,-330.8384517,532.3261804,-1,,966.8972113,430.8972113,538.9930831,1,,1,,,,,,,,,,0,0,0,-0.638139669,0,-1,-0.718872899,0.323116321,0,,,,0,0,0,0,-532.3261804,0,-532.3261804,-532.3261804,0,0,1
MSFT,517.5300293,0,0,1,0,0,0.726,0.274,0.758154336,0.971548117,0.975827058,0,0,0,0,0,0,0,0,0,0,0,0,0,1,1,1,1,0.733894817,-10.88726028,0.752401524,-0.524366359,0.809691911,-0.802974592,0.733894817,-10.88726028,0.749804527,-0.362895665,0.733192787,4.827828034,0.733894817,-10.88726028,0.975827058,2.064120949,,,0.000374452,,,0.683854139,,,0.558824809,,,0.000374452,,,0.768747969,,,33.07403181,,,0.000374452,,,3.18E-05,0.001424081,0.000959364,3.18E-05,0.001590644,0.021668291,3.18E-05,6.733103796,6.733103796,501.7407433,0,,0,398.2204041,398.2204041,,499.4050936,1,,30.85814463,30.85814463,499.4050936,0,5.816292088,5.816292088,501.7407433,0,,293.6007846,293.6007846,499.4050936,1,,3842.872221,3842.872221,522.0326331,7,,1.957961161,1.957961161,501.7407433,0,,0.734011808,-11.4006942,0.743563197,-5.801975372,0.000258108,0.014925004,2.94E-05,5.31E-06,5.570919691,5.570919691,501.7996934,0,,1.0687949,1.0687949,499.4803469,0,,1,,,,,,,,,,0,0.004296251,0,0,0.002057707,2.549304136,0,0,0,,,,-0.233264101,0,0,0,0,0,1566.097899,0,0,0,1
MSI,447.4100037,0,0,1,0,0,0.102,0.898,0.099840891,0.332217573,0.890694121,0,0,0,0,0,0,0,0,0,0,0,0,0,1,1,1,1,0.101596396,-6.359940356,0.100307144,1.423145565,0.134019624,1.172875961,0.101596396,-6.359940356,0.100404612,0.999544985,0.101579209,-14.44464057,0.101596396,-6.359940356,0.890694121,1.978988012,,,0.013020845,,,2.641689521,,,2.226850494,,,0.013020845,,,1.97837346,,,5.22E-05,,,0.013020845,,,0.000945535,0.004648009,0.003216633,0.000945535,0.003613572,2.90E-08,0.000945535,200.3352797,200.3352797,432.5757277,0,,0,1299.737347,1299.737347,,441.3744516,3,,103.4637183,103.4637183,440.7072972,0,173.0566671,173.0566671,432.5757277,0,,666.9922529,666.9922529,440.4178622,2,,0.005142529,0.005142529,435.9420975,0,,58.2567429,58.2567429,432.5757277,0,,0.10164688,-6.752116376,0.100844835,4.394298073,0.009962797,20.07518804,0.000953999,0.00640195,180.8498226,180.8498226,432.6140026,0,,1289.53587,1289.53587,448.2880024,3,,1,,,,,,,,,,0,0.094937967,0,0,0.031221568,0,0,0.905149479,0,,,,0,0,0,0,0,0,0,0,448.2880024,0,1
MTB,219.1399994,0,0,1,0,0,0.0572,0.9428,0.171439936,0.250627615,0.446938995,0,0,0,0,0,0,0,0,0,0,0,0,0,1,1,1,1,0.0683499,-6.121892118,0.126371585,1.148784099,0.111895399,1.393871894,0.0683499,-6.121892118,0.113864486,0.891478722,0.067356638,-16.4003397,0.0683499,-6.121892118,0.446938995,1.535232886,,,0.072487185,,,1.63634184,,,1.817619925,,,0.072487185,,,1.465447943,,,0.000884461,,,0.072487185,,,0.002056758,0.001042493,0.000927067,0.002056758,0.001262129,1.81E-07,0.002056758,435.7759823,435.7759823,209.9944884,2,,209.9944884,291.5157311,291.5157311,,215.2274018,1,,29.8193115,29.8193115,215.8622907,0,376.4386343,376.4386343,209.9944884,2,,232.9634157,232.9634157,214.8751102,1,,0.032060731,0.032060731,213.3907472,0,,126.7220102,126.7220102,209.9944884,1,,0.068368143,-6.507481059,0.09062432,4.289504922,0.061443295,6.289200276,0.002071958,0.001041543,392.7814927,392.7814927,210.1177041,2,,209.7965213,209.7965213,219.65299,1,,1,,,,,,,,,,1.171173847,0.020620389,0,1.171173847,0.012417724,0,1.323353429,0.287497695,0.585586923,,,,0,209.9944884,0,0,209.9944884,0,0,210.1177041,0,209.9944884,1
MTCH,40.31999969,0,0,1,0,0,0.3092,0.6908,0.270883055,0.591631799,0.429019162,0,0,0,0,0,0,0,0,0,363,0,0,0,1,1,1,1,0.299192439,-7.774747786,0.277209695,0.4380734,0.352872325,0.283482707,0.299192439,-7.774747786,0.279716114,0.303213479,0.29980464,-4.959838003,0.299192439,-7.774747786,0.429019162,1.517313053,0,0,0.039100835,0,0,1.200395133,0,0,1.125464203,0,0,0.039100835,0,0,1.1347611,0,0,0.12644346,0,0,0.039100835,0,0,0.001062272,0.000729663,0.000547058,0.001062272,0.00094393,2.47E-05,0.001062272,225.0691235,225.0691235,38.69686542,6,0,77.39373083,204.0378812,204.0378812,0,39.1444591,5,0,17.59624636,17.59624636,38.98548,0,194.4226321,194.4226321,38.69686542,5,0,174.230399,174.230399,39.01832553,4,0,4.376497129,-358.6235029,40.07517379,-9,0,65.44925128,65.44925128,38.69686542,2,0,0.299309549,-8.205154428,0.286871896,4.841381881,0.032677594,7.527558924,0.001050018,0.001209419,199.0521428,199.0521428,38.7319631,5,0,243.6115361,243.6115361,40.55854077,6,0,1,0,0,0,0,0,0,0,0,0,5.666878419,0.014992836,0,4.722398682,0.005746151,-3.459374018,5,2.197404236,1.888959473,0,0,0,0.021207792,232.1811925,0,0,193.4843271,0,-120.2255214,193.6598155,81.11708155,77.39373083,1
MTD,1486.189941,1,1,0,1,1,0.6856,0.3144,0.731105807,0.883263598,0.573948522,0,0,0,0,0,0,0,0,0,0,0,0,0,1,1,1,1,0.69640592,-10.61883603,0.722684903,-0.437788662,0.761343619,-0.598361472,0.69640592,-10.61883603,0.719064604,-0.300931101,0.695506429,4.573218244,0.69640592,-10.61883603,0.573948522,1.662242413,,,0.004534013,,,0.800539032,,,0.737810783,,,0.004534013,,,0.858195442,,,10.21606085,,,0.004534013,,,0.00017265,0.000700966,0.000521297,0.00017265,0.000935255,0.002854828,0.00017265,36.58029151,36.58029151,1433.907227,0,,0,196.0132238,196.0132238,,1422.218687,0,,16.76763933,16.76763933,1422.218687,0,31.59934356,31.59934356,1433.907227,0,,172.62913,172.62913,1422.218687,0,,506.3038174,506.3038174,1500.142451,0,,10.63741065,10.63741065,1433.907227,0,,0.69649629,-11.12491388,0.710142136,-4.457240683,0.003505857,0.103827434,0.000163906,2.11E-05,31.07174357,31.07174357,1435.595603,0,,4.252075713,4.252075713,1422.218687,0,,1,,,,,,,,,,0,0,0,0,0,0,0,0,0,,,,0,0,0,0,0,0,0,0,0,0,1
MTDR,53.5,0,0,1,0,0,0.3204,0.6796,0.312251392,0.373221757,0.488588623,0,0,0,0,0,0,0,0,0,0,0,0,0,1,1,1,1,0.318466115,-7.91274923,0.313741109,0.34688685,0.334377605,0.325344981,0.318466115,-7.91274923,0.314294239,0.242946972,0.31857595,-4.224590024,0.318466115,-7.91274923,0.488588623,1.576882514,,,0.027218454,,,1.171153954,,,1.159719665,,,0.027218454,,,1.117004056,,,0.146008753,,,0.027218454,,,0.000852729,0.000830472,0.000660121,0.000852729,0.001041379,3.32E-05,0.000852729,180.672085,180.672085,50.15792737,4,,50.15792737,232.2276166,232.2276166,,50.67569171,5,,21.23295093,21.23295093,50.593072,0,156.0709073,156.0709073,50.15792737,3,,192.217426,192.217426,50.34290831,4,,5.880537189,5.880537189,49.68955829,0,,52.53876014,52.53876014,50.15792737,1,,0.318501655,-8.346237516,0.315876335,4.661614721,0.022341882,8.357267483,0.000841029,0.001483019,159.4340686,159.4340686,50.17228166,3,,298.7225344,298.7225344,54.29380081,6,,1,,,,,,,,,,3.913225023,0.009400819,0,2.934918767,0.003688952,0,3,2.037248607,0.978306256,,,,3.802109089,200.6317095,0,0,150.4737821,0,0,150.516845,108.5876016,50.15792737,1
MTSI,321.6000061,1,1,0,1,1,0.8972,0.1028,0.990453461,0.39707113,0.652226706,0,0,322,0,322,0,0,0,0,643,0,0,322,1,1,1,1,0.916006025,-12.19119474,0.970626756,-3.461712792,0.633363753,-0.253740477,0.916006025,-12.19119474,0.964542263,-2.17820096,0.915392467,4.456248781,0.916006025,-12.19119474,0.652226706,1.740520597,0,0,0.00116368,0,0,0.146837793,0,0,0.868820287,0,0,0.00116368,0,0,0.299055922,0,0,11.81751723,0,0,0.00116368,0,0,5.25E-05,0.000154565,0.000741324,5.25E-05,0.000373482,0.003957864,5.25E-05,11.13175283,11.13175283,302.7447634,0,0,0,43.22150882,-278.7784912,0,324.679975,-1,0,23.8448497,23.8448497,294.9374965,0,9.615999967,9.615999967,302.7447634,0,0,68.93714643,68.93714643,294.9374965,0,0,701.9273968,58.92739683,328.2701342,0,0,3.23707169,3.23707169,302.7447634,0,0,0.915134607,-12.73214601,0.945547339,-15.83096021,0.000862259,0.000154817,4.87E-05,3.54E-08,9.233293136,9.233293136,302.898454,0,0,0.007139723,0.007139723,303.5295965,0,0,1,0,0,0,0,0,0,0,0,0,0,-0.187241491,0,0,0,0,0,0,0,0,0,0,56.77856865,0,0,0,0,0,0,0,0,0,1
MU,1074.890015,1,1,0,1,1,0.678,0.322,0.691726333,0.937238494,1.059664435,0,0,0,0,0,0,0,0,0,4300,0,0,0,1,1,1,1,0.681629444,-10.51303498,0.689454284,-0.354329243,0.757160283,-0.583527413,0.681629444,-10.51303498,0.688263196,-0.247120338,0.681239768,4.447184603,0.681629444,-10.51303498,1.036381153,2.124675044,,,0.000362378,,,0.765650711,,,0.644192767,,,0.000362378,,,0.830078877,,,28.54501272,,,0.000362378,,,3.42E-05,0.001789963,0.001245113,3.42E-05,0.001871068,0.02095462,3.42E-05,7.251989053,7.251989053,995.6010761,0,,0,500.5330711,500.5330711,,971.5102787,1,,40.04932626,40.04932626,971.5102787,0,6.264523439,6.264523439,995.6010761,0,,345.3613433,345.3613433,971.5102787,0,,3716.302526,-583.6974741,1184.463483,0,,2.108851034,2.108851034,995.6010761,0,,0.681756472,-11.01656,0.685655392,-3.528707345,0.000247949,0.069997172,3.18E-05,2.68E-05,6.027059012,6.027059012,995.7080561,0,,5.400913518,5.400913518,971.5102787,0,,1,,,,,,,,,,0,0.001961706,0,0,0,0,0,0,0,,,,0,0,0,0,0,0,0,0,0,0,1
MUSA,515.0200195,1,1,0,1,1,0.2948,0.7052,0.326968974,0.113389121,0.790822409,0,1030,2060,0,3090,0,0,2060,2060,2060,1545,515,3090,1,1,1,1,0.301102476,-7.788423837,0.319982436,0.332603294,0.191931076,0.794873683,0.301102476,-7.788423837,0.317964963,0.237026003,0.300960877,-4.913735026,0.301102476,-7.788423837,0.790822409,1.8791163,,,0.007350769,,,1.233439606,,,1.651043648,,,0.007350769,,,1.161272498,,,0.045067587,,,0.007350769,,,0.000440692,0.001764097,0.001928689,0.000440692,0.001819589,2.04E-05,0.000440692,93.37167701,93.37167701,489.178525,0,,0,493.3001076,-2596.699892,,538.4378839,-5,,62.03668911,62.03668911,501.6301787,0,80.65774161,-1979.342258,512.8063233,-4,,335.85938,-1724.14062,538.4378839,-3,,3.618778971,-2056.381221,512.8063233,-4,,27.15213112,27.15213112,489.178525,0,,0.300741701,-8.215682317,0.311373511,4.693935909,0.005614147,19.31616565,0.000434518,0.005389331,82.37159633,-1462.628404,512.8063233,-3,,1085.565579,570.5655785,518.5153656,1,,1,,,,,,,,,,0,-0.008642574,0,-3.791221616,-0.0026335,-1.509049494,-3,0.344266161,0,,,,0,0,0,0,-2051.225293,0,-1025.612647,-1538.41897,0,0,1
NB,3.470000029,0,0,1,0,0,0.149885584,0.850114416,0.343468468,0.162303665,0.196000454,0,0,0,0,0,0,0,0,0,0,0,62,0,1,1,1,1,0.173662913,-6.875943825,0.278731155,0.433976974,0.189479019,0.807153626,0.173662913,-6.875943825,0.258739264,0.344674929,0.171677732,-10.73126712,0.173662913,-6.875943825,0.196000454,1.284294345,0,0,0.178989897,0,0,1.114699795,0,0,1.223795923,0,0,0.178989897,0,0,1.09006891,0,0,0.06821682,0,0,0.178989897,0,0,0.00262349,0.000347729,0.000300281,0.00262349,0.000553463,6.91E-06,0.00262349,555.8523458,555.8523458,3.104738123,179,0,161.4463824,97.23656198,97.23656198,0,3.178166163,31,0,9.65859136,9.65859136,3.237935297,3,480.1648242,480.1648242,3.104738123,155,0,102.1581052,102.1581052,3.164165268,32,0,1.225161054,1.225161054,3.129107615,0,0,161.6397633,161.6397633,3.104738123,52,0,0.173619237,-7.281192371,0.217712001,4.998468349,0.16173066,3.492660845,0.002618757,0.000364929,496.4382982,496.4382982,3.113049576,159,0,73.50722119,11.50722119,3.561137414,3,0,1,0,0,0,0,0,0,0,0,0,132.2323441,0.091225257,0.030538921,114.5028678,0.059400404,0,131.7110346,1.171157149,38.41386534,0,0,0,0.06174684,409.8254322,0,0,357.0448841,0,0,410.922544,3.561137414,117.9800487,1
NCLH,15.14000034,1,1,0,1,1,0.4268,0.5732,0.631264916,0.146861925,0.165111911,0,0,0,0,0,0,0,0,0,0,0,560,0,1,1,1,1,0.461452441,-8.936545622,0.579294076,-0.134524167,0.271520941,0.490616345,0.461452441,-8.936545622,0.562366793,-0.073832708,0.459373218,0.391586133,0.461452441,-8.936545622,0.165111911,1.253405802,0,0,0.132861466,0,0,0.970072729,0,0,1.117185761,0,0,0.132861466,0,0,0.983462091,0,0,1.092474604,0,0,0.132861466,0,0,0.001779585,0.000274527,0.000248082,0.001779585,0.000464609,0.000100526,0.001779585,377.0498021,377.0498021,14.24908961,26,0,113.9927169,76.76688499,76.76688499,0,14.05328895,5,0,7.979605425,7.979605425,14.46058478,1,325.7088925,325.7088925,14.24908961,23,0,85.75733781,85.75733781,14.05328895,6,0,17.82829777,17.82829777,14.44186305,1,0,109.6446588,109.6446588,14.24908961,8,0,0.460705918,-9.391595277,0.518993788,1.516792119,0.119884337,1.408590382,0.001756328,0.000138214,332.9473667,332.9473667,14.2526878,23,0,27.84023547,-532.1597645,16.34829749,-33,0,1,0,0,0,0,0,0,0,0,0,26,0.001413809,0.003761006,23,0.000511056,0.002395933,23,-1.186276952,8,0,0,0,0.016252167,370.4763298,0,0,327.729061,0,0,327.8118194,-16.34829749,113.9927169,1
NCPL,1.399999976,1,1,0,1,1,0.937629079,0.062370921,0.976734858,0.914225941,0.320075865,0,0,0,0,0,0,0,0,0,0,0,0,0,0,0,0,0,0.946783543,-12.41156485,0.969425266,-3.383614068,0.941235685,-2.378651978,0.946783543,-12.41156485,0.966502901,-2.254560959,0.946129776,4.131758947,0.946783543,-12.41156485,0.320075865,1.408369756,0,0,0.014262418,0,0,0.31390636,0,0,0.442848064,0,0,0.014262418,0,0,0.462071472,0,0,4.115868737,0,0,0.014262418,0,0,0,0,0,0,0,0,0,0,0,1.373518047,0,0,0,0,0,0,1.352275964,0,0,0,0,1.352275964,0,0,0,1.373518047,0,0,0,0,1.352275964,0,0,0,0,1.691431917,0,0,0,0,1.373518047,0,0,0.946747896,-12.96453846,0.958827544,-16.60470346,0.011802031,0.003393153,0,0,0,0,1.374045163,0,0,0,0,1.378774462,0,0,0,0,0,0,0,0,0,0,0,0,0,0,0,0,0,0,0,0,0,0,0,0,0,0,0,0,0,0,0,0,0,0,0
NDAQ,90.33000183,0,0,1,0,0,0.1064,0.8936,0.089498807,0.374895397,0.755287221,0,0,2349,0,2349,0,0,0,1084,0,542,452,2349,1,1,1,1,0.101865977,-6.361870581,0.092203716,1.53220179,0.131881326,1.191668423,0.101865977,-6.361870581,0.0932767,1.066335496,0.102135336,-14.41363351,0.101865977,-6.361870581,0.755287221,1.843581112,0,0,0.020412263,0,0,2.552984481,0,0,2.072914141,0,0,0.020412263,0,0,1.919928639,0,0,0.000148198,0,0,0.020412263,0,0,0.001140266,0.00338282,0.002239186,0.001140266,0.002842983,6.22E-08,0.001140266,241.5940221,241.5940221,86.32606293,3,0,86.32606293,945.9486557,-1403.051344,0,93.68338571,-15,0,72.02389278,72.02389278,88.95391842,1,208.6974212,208.6974212,86.32606293,2,0,524.7571832,-559.2428168,93.68338571,-6,0,0.011038589,0.011038589,87.46005348,0,0,70.25462939,70.25462939,86.32606293,1,0,0.101924076,-6.754154075,0.096389656,4.349645581,0.016057437,14.30660647,0.001148995,0.003799732,217.8151648,-324.1848352,89.73913358,-4,0,765.3747538,313.3747538,90.7711782,3,0,1,0,0,0,0,0,0,0,0,0,1.897190498,-0.55022867,0.02218865,1.264793665,-0.106600443,0,-2.851162329,0.886847657,0.632396833,0,0,0,-29.71837387,172.6521259,-93.68338571,0,86.32606293,0,0,-269.2174007,90.7711782,86.32606293,1
NDSN,333.5400085,1,1,0,1,1,0.8792,0.1208,0.865552904,0.838075314,0.609987906,0,0,0,0,0,0,0,0,0,667,0,0,0,1,1,1,1,0.875769974,-11.90310059,0.867926044,-1.10031257,0.859854835,-1.121555141,0.875769974,-11.90310059,0.868958236,-0.779465972,0.876046138,4.761321768,0.875769974,-11.90310059,0.609987906,1.698281797,0,0,0.001828819,0,0,0.558363956,0,0,0.552117328,0,0,0.001828819,0,0,0.661782415,0,0,12.44945821,0,0,0.001828819,0,0,7.54E-05,0.000532724,0.000425956,7.54E-05,0.000768495,0.003785315,7.54E-05,15.97395066,15.97395066,325.4805047,0,0,0,148.9673636,148.9673636,0,323.8362225,0,0,13.7009734,13.7009734,323.8362225,0,13.79886092,13.79886092,325.4805047,0,0,141.8486005,141.8486005,323.8362225,0,0,671.3257897,4.32578973,336.2964531,0,0,4.645164536,4.645164536,325.4805047,0,0,0.87574643,-12.44259958,0.871574634,-11.77926901,0.001374297,0.00195278,7.02E-05,4.20E-07,13.30279878,13.30279878,325.5756602,0,0,0.084524446,0.084524446,325.4197661,0,0,1,0,0,0,0,0,0,0,0,0,0,0,0,0,0,0,0,0,0,0,0,0,0,0,0,0,0,0,0,0,0,0,1
NEE,76.83000183,0,0,1,0,0,0.0436,0.9564,0.173826571,0.030125523,0.595302751,77,0,0,0,0,0,0,0,0,0,77,0,77,1,1,1,1,0.053234651,-6.013665423,0.112886923,1.278382557,0.047544168,2.768425604,0.053234651,-6.013665423,0.098871248,1.013285488,0.052413585,-17.28366971,0.053234651,-6.013665423,0.595302751,1.683596642,0,0,0.043599354,0,0,1.946340313,0,0,4.229832915,0,0,0.043599354,0,0,1.69528896,0,0,0.000122964,0,0,0.043599354,0,0,0.001740533,0.001793549,0.003149146,0.001740533,0.001918677,3.61E-08,0.001740533,368.7756095,291.7756095,74.14997781,4,0,74.14997781,501.5358093,501.5358093,0,75.72268509,7,0,101.2929623,101.2929623,76.31015359,1,318.5613536,318.5613536,74.14997781,4,0,354.148925,354.148925,75.48523116,5,0,0.006407931,0.006407931,74.83581122,0,0,107.2385548,107.2385548,74.14997781,1,0,0.053190788,-6.395910801,0.074367253,4.105599808,0.035727416,8.488733472,0.001760315,0.001783681,333.7031588,256.7031588,74.15607871,3,0,359.2844066,359.2844066,76.78008902,5,0,1,0,0,0,0,0,0,0,0,0,2.260260738,0.178747402,0.119752818,2.260260738,0.080214647,0,1.917547264,1.316871077,0.565065185,0,0,0,0.01725126,148.2999556,0,0,148.2999556,0,0,148.3121574,76.78008902,74.14997781,1
NEM,115.5599976,0,0,1,0,0,0.2176,0.7824,0.118138425,0.552301255,0.559265022,0,0,0,0,0,0,0,0,0,0,0,0,0,1,1,1,1,0.180851617,-6.92741566,0.128786587,1.127844607,0.205954047,0.728966367,0.180851617,-6.92741566,0.133646168,0.764480598,0.183032426,-10.16676268,0.180851617,-6.92741566,0.559265022,1.647558913,,,0.0314668,,,1.756155222,,,1.439029714,,,0.0314668,,,1.464774266,,,0.00624352,,,0.0314668,,,0.001159512,0.001484088,0.000980418,0.001159512,0.001554909,1.68E-06,0.001159512,245.671694,245.671694,108.6224017,2,,108.6224017,415.0001752,415.0001752,,112.4815517,4,,31.53535475,31.53535475,111.4341458,0,212.2198578,212.2198578,108.6224017,2,,287.0047131,287.0047131,111.8366497,3,,0.298809535,0.298809535,109.3920929,0,,71.44040099,71.44040099,108.6224017,1,,0.180976733,-7.335278059,0.14854702,4.772877521,0.02566914,10.83815382,0.001157106,0.002153667,219.3528366,219.3528366,108.6266893,2,,433.8101317,433.8101317,118.118467,4,,1,,,,,,,,,,1.499658991,0.079502091,0,1.499658991,0.027395184,0,1.681447006,1.423772489,0.749829496,,,,0,108.6224017,0,0,108.6224017,0,0,217.2533787,118.118467,108.6224017,1
NET,349.0700073,1,1,1,1,1,0.715179079,0.284820921,0.646926114,0.863553669,0.962116715,0,349,0,0,349,0,0,0,0,3142,0,0,349,1,1,1,1,0.69754033,-10.62695851,0.658361913,-0.28537832,0.734975277,-0.510446394,0.69754033,-10.62695851,0.663009839,-0.207535459,0.698712711,4.599302054,0.69754033,-10.62695851,0.962116715,2.050410606,,,0.000485378,,,0.814718138,,,0.693141605,,,0.000485378,,,0.861552939,,,27.18004766,,,0.000485378,,,4.02E-05,0.001651957,0.001157878,4.02E-05,0.001747839,0.017345984,4.02E-05,8.515045042,8.515045042,327.0480792,0,,0,461.9418525,112.9418525,,320.9415481,0,,37.24341203,37.24341203,320.9415481,0,7.355595666,7.355595666,327.0480792,0,,322.6156711,322.6156711,320.9415481,1,,3076.310934,-65.68906605,384.6052144,0,,2.476142947,2.476142947,327.0480792,0,,0.697657223,-11.13344801,0.675854703,-3.170508395,0.000337393,0.102637485,3.74E-05,3.59E-05,7.08541348,7.08541348,327.454698,0,,7.224646269,7.224646269,320.9415481,0,,1,,,,,,,,,,0,0,0,0,0.000672984,0,0,0,0,,,,,0,0,0,0,0,0,0,0,0,
NFLX,67.05999756,0,0,1,0,0,0.046,0.954,0.042163882,0.047698745,0.665300937,67,0,134,0,134,0,67,1140,1207,0,805,335,201,1,1,1,1,0.04500919,-5.954770302,0.04280819,2.747907985,0.045243906,2.863750918,0.04500919,-5.954770302,0.043075378,1.923708483,0.045078569,-17.72380157,0.04500919,-5.954770302,0.665300937,1.753594828,,,0.035274211,,,4.680531259,,,4.995197114,,,0.035274211,,,2.946108783,,,4.75E-05,,,0.035274211,,,0.00163733,0.005076591,0.004394972,0.00163733,0.00376174,1.64E-08,0.00163733,346.9096359,279.9096359,63.80214809,4,,63.80214809,1419.583133,1285.583133,,66.36388663,19,,141.3652388,141.3652388,66.38317349,2,299.6727559,-840.3272441,66.49751816,-13,,694.3410822,-512.6589178,70.93927797,-7,,0.002905367,0.002905367,64.67262549,0,,100.8800122,33.88001225,63.80214809,1,,0.045012222,-6.335789346,0.043798832,3.702544948,0.028478402,8.001271995,0.001658914,0.001867622,314.4807222,-490.5192778,66.49751816,-7,,376.1925562,41.19255615,66.86857779,1,,1,,,,,,,,,,2.216205584,2.241702619,0.256283416,-7.202668149,-0.404759067,0,-4.390556038,0.214200611,0.554051396,,,,0,127.6042962,132.7277733,0,-465.4826271,0,0,-265.9900727,0,63.80214809,1
NFTY,50.72999954,0,0,1,0,0,0.0508,0.9492,0.057677009,0.117573222,0.400204331,406,0,254,0,254,0,0,304,405,0,152,152,660,1,1,1,1,0.052370077,-6.007474986,0.056348849,2.268655123,0.066840823,2.156888744,0.052370077,-6.007474986,0.055775262,1.60674161,0.052232787,-17.29446663,0.052370077,-6.007474986,0.400204331,1.488498222,,,0.091668218,,,2.465507692,,,2.358299221,,,0.091668218,,,1.894793622,,,0.001028987,,,0.091668218,,,0.002319797,0.001387997,0.001059645,0.002319797,0.001489163,1.86E-07,0.002319797,491.5074198,85.50741977,49.68324924,2,,149.0497477,388.1299164,134.1299164,,50.4223924,3,,34.08372655,34.08372655,50.41197015,1,424.581412,120.581412,49.68324924,2,,274.8693814,-130.1306186,52.11278803,-2,,0.033027432,0.033027432,49.92149783,0,,142.9285018,142.9285018,49.68324924,3,,0.05238859,-6.390013765,0.054407358,3.8508917,0.078729203,4.626313644,0.002338056,0.000707405,443.2257958,291.2257958,49.69393161,6,,142.4917092,-9.508290817,52.11278803,0,,1,,,,,,,,,,1.127804866,0.241256066,0.072690142,1.127804866,-0.080675581,0,3.828025868,0,1.691707299,,,,0.060239709,49.68324924,0,0,49.68324924,0,0,198.7757264,0,99.36649848,1
NI,39.43000031,1,1,0,1,1,0.0784,0.9216,0.18814638,0.015481172,0.476334873,394,631,39,0,670,0,39,118,118,0,118,0,1064,1,1,1,1,0.090538948,-6.28076792,0.148848009,0.974982866,0.034782934,3.390629578,0.090538948,-6.28076792,0.138491845,0.737785643,0.089809059,-15.10669232,0.090538948,-6.28076792,0.476334873,1.564628764,0,0,0.060110132,0,0,1.547204416,0,0,4.562225399,0,0,0.060110132,0,0,1.39134193,0,0,0.001156347,0,0,0.060110132,0,0,0.001829599,0.001063416,0.002515108,0.001829599,0.001267524,2.55E-07,0.001829599,387.6464964,-6.353503553,39.34286496,0,0,76.77746664,297.3665233,-372.6334767,0,40.38308931,-9,0,80.8990014,80.8990014,39.25401227,2,334.8626901,216.8626901,38.38873332,6,0,233.959277,115.959277,38.82701844,3,0,0.045164241,0.045164241,38.55159927,0,0,112.7261375,73.72613747,38.38873332,2,0,0.090211418,-6.668053152,0.115202044,4.527390972,0.050542306,7.588850719,0.001842553,0.001319821,349.2930494,231.2930494,38.39052399,6,0,265.8497221,265.8497221,39.49304671,7,0,1,0,0,0,0,0,0,0,0,0,0,-0.133676942,0.359261529,3.698254281,0.025515359,0,4.168399953,2.241888799,1.232751427,0,0,0,0.34335527,0,0,0,153.5549333,0,0,153.5620959,78.98609342,38.38873332,1
NICE,113.9000015,1,1,0,1,1,0.6616,0.3384,0.720763723,0.789539749,0.329316019,0,0,0,0,0,0,0,0,0,114,0,0,0,1,1,1,1,0.675252484,-10.46737531,0.709498163,-0.403234967,0.722253591,-0.472197163,0.675252484,-10.46737531,0.704824775,-0.275183913,0.674169861,4.378694187,0.675252484,-10.46737531,0.329316019,1.41760991,,,0.025917835,,,0.868734407,,,0.848077101,,,0.025917835,,,0.908435345,,,4.609147637,,,0.025917835,,,0.000547517,0.000402329,0.000311969,0.000547517,0.000617914,0.000688442,0.000547517,116.0053049,116.0053049,108.2368945,1,,0,112.5045974,112.5045974,,105.6644638,1,,10.03455287,10.03455287,105.6644638,0,100.2094662,100.2094662,108.2368945,1,,114.054474,114.054474,105.6644638,1,,122.0952403,8.095240302,115.2318397,0,,33.73390465,33.73390465,108.2368945,0,,0.675303966,-10.96912699,0.693124206,-3.8068394,0.021754789,0.264879183,0.000528647,3.57E-05,100.2157661,100.2157661,108.2924666,1,,7.193052698,7.193052698,105.6644638,0,,1,,,,,,,,,,1,0.002540601,0,1,0.001183222,0,1,0,0,,,,0,108.2368945,0,0,108.2368945,0,0,108.2924666,0,0,1
NIO,3.369999886,0,0,0,0,0,0.015912481,0.984087519,0.231111111,0.119410836,0.302511354,0,0,0,0,0,0,0,0,0,0,20,502,0,1,1,1,1,0.020600378,-5.780000763,0.067601755,1.976913612,0.040585177,3.077437796,0.020600378,-5.780000763,0.052227588,1.684768472,0.020154809,-19.25149251,0.020600378,-5.780000763,0.302511354,1.390805245,,,0.148566387,,,1.919663633,,,2.759898987,,,0.148566387,,,1.743293772,,,0.001745458,,,0.148566387,,,0.002924395,0.000823663,0.000938812,0.002924395,0.001120618,2.42E-07,0.002924395,619.6065807,619.6065807,3.101570106,200,,179.8910661,230.3235841,230.3235841,,3.286176316,70,,30.1970939,30.1970939,3.336130254,9,535.2379767,535.2379767,3.101570106,173,,206.8434505,206.8434505,3.278449083,63,,0.042890949,0.042890949,3.181916346,0,,180.1792541,180.1792541,3.101570106,58,,0.020604723,-6.156367377,0.032824927,3.539615114,0.131219961,3.214457073,0.002948039,0.000412531,558.8603686,538.8603686,3.102157002,174,,83.09558596,-418.904414,3.635379047,-115,,1,,,,,,,,,,104.4012776,4.274579999,1.331806414,90.3071051,2.794094105,0,103.0429612,-22.51282254,30.27637049,,,,0.049419519,322.563291,13.14470526,3.336130254,279.1413095,9.835347249,0,319.5221712,-83.61371808,93.04710318,1
NKE,33.86999893,0,0,1,0,0,0.0404,0.9596,0.110182975,0.09958159,0.072483043,34,34,0,0,34,0,34,34,34,34,0,440,68,1,1,1,1,0.047798789,-5.974744111,0.08417934,1.655654669,0.06908154,2.102058617,0.047798789,-5.974744111,0.07665149,1.257419259,0.047150634,-17.59903277,0.047798789,-5.974744111,0.072483043,1.160776934,,,0.410338881,,,1.279975341,,,1.368061778,,,0.410338881,,,1.20619174,,,0.072524423,,,0.410338881,,,0.004136726,0.000266427,0.000221753,0.004136726,0.000453963,4.93E-06,0.004136726,876.4695327,842.4695327,32.31400198,26,,226.1980138,74.50169579,40.50169579,,33.31283588,1,,7.132728886,7.132728886,33.4326519,0,757.1252371,723.1252371,32.31400198,22,,83.79245828,49.79245828,33.2111388,1,,0.874946925,-33.12505307,33.44599084,-1,,254.8740307,220.8740307,32.31400198,7,,0.047805246,-6.356321143,0.062196684,3.954083259,0.387646642,1.803109188,0.004142123,0.000145125,785.2230621,785.2230621,32.33542913,24,,29.23224094,-410.7677591,35.43117747,-12,,1,,,,,,,,,,14.50213667,0.042831131,0,12.27103872,0.024704737,-1,15.15105693,-2.931520204,3.904421411,,,,-0.04609901,484.7100297,0,0,387.7680237,0,-33.44599084,485.0314369,-106.2935324,129.2560079,1
NLR,102.7399979,0,0,1,0,0,0.0488,0.9512,0.03858393,0.006694561,0.542886148,308,0,308,0,308,0,0,411,308,0,308,411,616,1,1,1,1,0.045360302,-5.957284301,0.039840391,2.879847359,0.014711338,5.19754726,0.045360302,-5.957284301,0.04066962,1.997640143,0.045771124,-17.68206136,0.045360302,-5.957284301,0.542886148,1.631180039,,,0.054208299,,,4.092352459,,,12.72004534,,,0.054208299,,,2.657677763,,,0.000174795,,,0.054208299,,,0.001924992,0.003322838,0.008318404,0.001924992,0.002738981,4.54E-08,0.001924992,407.8580476,99.8580476,97.45681027,1,,97.45681027,929.1757219,621.1757219,,101.5434085,6,,267.5632697,267.5632697,104.3906081,3,352.3221395,-58.67786047,101.4581657,-1,,505.5605097,197.5605097,100.9130815,2,,0.008043029,0.008043029,98.24301437,0,,118.6035802,118.6035802,97.45681027,1,,0.04517956,-6.337019462,0.042403821,3.682367701,0.045016459,6.060523322,0.00194759,0.001173642,369.2050137,61.20501369,97.46947212,1,,236.4050279,-174.5949721,108.6087117,-2,,1,,,,,,,,,,0.554519316,0.777517576,1.266304571,-0.554519316,0.124705192,0,0.62746587,-0.423744746,0.554519316,,,,0.994722691,97.45681027,101.5434085,104.3906081,-101.4581657,0,0,97.46947212,0,97.45681027,1
NMAD,4.119999886,1,1,0,1,1,0.8088,0.1912,0.841623558,0.438912134,0.612573004,0,0,0,0,0,0,0,4,4,0,8,363,0,1,1,1,1,0.815251448,-11.46978189,0.834622416,-0.871443998,0.62870433,-0.243911014,0.815251448,-11.46978189,0.832787394,-0.605206531,0.815237522,4.989192332,0.815251448,-11.46978189,0.612573004,1.700866895,,,0.002260797,,,0.629482596,,,0.878490292,,,0.002260797,,,0.725098173,,,14.15333001,,,0.002260797,,,9.37E-05,0.000604243,0.000681991,9.37E-05,0.000845821,0.004329219,9.37E-05,19.85857496,19.85857496,3.571822826,6,,7.143645652,168.9664338,168.9664338,,3.449060142,49,,21.93640037,21.93640037,3.449060142,6,17.15453614,13.15453614,3.571822826,4,,156.1214353,152.1214353,3.449060142,44,,767.787087,767.787087,4.187327698,183,,5.774798616,5.774798616,3.571822826,2,,0.814748434,-11.99419721,0.826106869,-9.50610012,0.001711176,0.006415415,8.79E-05,1.38E-06,16.66756578,8.667565781,3.574725629,2,,0.278778074,-362.7212219,4.018688512,-90,,1,,,,,,,,,,6,0.581426835,0.00557743,4,0.251814025,71.17567725,2,-90,2,,,,,21.43093696,3.449060142,0,14.2872913,0,297.3002666,7.149451257,-361.6819661,7.143645652,
NMR,9.729999542,0,0,1,0,0,0.1924,0.8076,0.136833731,0.615899582,0.435614315,0,0,0,0,0,0,0,29,68,88,0,0,0,1,1,1,1,0.175342297,-6.887968382,0.14442906,1.005771057,0.216909871,0.681995432,0.175342297,-6.887968382,0.147675893,0.691011572,0.176403466,-10.49507176,0.175342297,-6.887968382,0.435614315,1.523908206,,,0.054926954,,,1.52761767,,,1.332837094,,,0.054926954,,,1.33790924,,,0.012018055,,,0.054926954,,,0.001516376,0.00094482,0.00065948,0.001516376,0.001127299,2.39E-06,0.001516376,321.2823323,321.2823323,9.315787679,34,,93.15787679,264.202906,264.202906,,9.531306577,28,,21.21232312,21.21232312,9.487996631,2,277.5349888,248.5349888,9.315787679,27,,208.0766448,140.0766448,9.501308405,15,,0.423132411,-87.57686759,9.52856545,-9,,93.4276891,93.4276891,9.315787679,10,,0.175450983,-7.294657722,0.157197809,4.82203301,0.046278377,7.624886965,0.001513796,0.001238845,286.9706639,286.9706639,9.316263792,31,,249.5388319,249.5388319,9.926762242,25,,1,,,,,,,,,,25.2046826,0.442564246,0.01453493,20.01548324,0.111913358,-9,25.77457765,9.082813419,7.413141942,,,,0.123829145,232.894692,0,0,186.3157536,0,-85.75708905,242.2228586,89.34086018,65.21051375,1
NOC,478,0,0,1,0,0,0.0136,0.9864,0.039379475,0.005020921,0.502013107,0,0,1912,0,1912,0,0,0,0,0,0,478,1912,1,1,1,1,0.016108439,-5.747838036,0.029228271,3.471374384,0.009748223,5.977519742,0.016108439,-5.747838036,0.026562755,2.572034859,0.015916818,-19.51620185,0.016108439,-5.747838036,0.502013107,1.590306998,0,0,0.069489633,0,0,5.005135949,0,0,16.00871511,0,0,0.069489633,0,0,3.297737466,0,0,0.000116911,0,0,0.069489633,0,0,0.002246434,0.003671616,0.009434567,0.002246434,0.003152615,2.75E-08,0.002246434,475.9635753,475.9635753,460.2181222,1,0,0,1026.705686,-885.2943144,0,492.0407289,-2,0,303.4649271,303.4649271,479.9479526,1,411.1540919,411.1540919,460.2181222,1,0,581.9089436,581.9089436,474.551635,1,0,0.004868349,0.004868349,467.3587971,0,0,138.4084105,138.4084105,460.2181222,0,0,0.016079516,-6.123102133,0.021268993,3.357629763,0.058386366,4.74786653,0.002275811,0.000861157,431.4258588,431.4258588,460.2562572,1,0,173.4616105,-304.5383895,492.0407289,-1,0,1,0,0,0,0,0,0,0,0,0,0.516213158,-0.376576254,0.558292848,0.516213158,0.103365052,0,0.585818433,-0.176151213,0,0,0,0,0,460.2181222,0,479.9479526,460.2181222,0,0,460.2562572,0,0,1
NOK,10.60000038,1,1,0,1,1,0.5436,0.4564,0.636833731,0.115481172,0.403583005,11,11,0,0,11,0,0,0,0,0,0,0,22,1,1,1,1,0.559665375,-9.639760051,0.614563183,-0.198559338,0.239655783,0.594784121,0.559665375,-9.639760051,0.609367866,-0.132758866,0.559877679,2.716648824,0.559665375,-9.639760051,0.403583005,1.491876896,0,0,0.021147337,0,0,0.923642042,0,0,1.268626044,0,0,0.021147337,0,0,0.948277411,0,0,2.96463696,0,0,0.021147337,0,0,0.000539674,0.000524717,0.00057535,0.000539674,0.000750294,0.000541352,0.000539674,114.3434588,103.3434588,10.04175178,10,0,30.12525534,146.7283747,135.7283747,0,9.965630764,14,0,18.5062714,18.5062714,10.20932181,2,98.77390501,98.77390501,10.04175178,10,0,138.4890259,138.4890259,9.965630764,14,0,96.00877986,96.00877986,10.5522424,9,0,33.25064608,33.25064608,10.04175178,3,0,0.55812406,-10.10772577,0.589750009,-0.353840168,0.017536971,0.868013121,0.00052568,0.000133506,99.6531994,99.6531994,10.05115463,10,0,26.89192842,26.89192842,9.965630764,3,0,1,0,0,0,0,0,0,0,0,0,10,0.008624396,0.011055255,10,0.00385545,1.03783793,10,0.005868884,3,0,0,0,0,100.4175178,0,0,100.4175178,0,10.5522424,100.5115463,0,30.12525534,1
NOW,134.3800049,0,0,1,0,0,0.3864,0.6136,0.336117741,0.850627615,0.72234738,0,0,134,0,134,0,0,0,134,269,0,403,134,1,1,1,1,0.373225372,-8.304830983,0.344386349,0.279618134,0.452138746,0.086747213,0.373225372,-8.304830983,0.347650464,0.19179352,0.374019923,-2.217512422,0.373225372,-8.304830983,0.72234738,1.810641271,,,0.007223462,,,1.180577817,,,1.052849374,,,0.007223462,,,1.120599918,,,0.268073211,,,0.007223462,,,0.000377469,0.001455453,0.001056265,0.000377469,0.0015731,0.000104878,0.000377469,79.9763177,79.9763177,126.4207755,1,,0,406.9929064,272.9929064,,127.802809,2,,33.97497906,33.97497906,125.4906963,0,69.08635867,69.08635867,126.4207755,1,,290.3625049,156.3625049,126.8690732,1,,18.60011729,-250.3998827,136.255939,-2,,23.25681121,23.25681121,126.4207755,0,,0.373389991,-8.749727162,0.357022233,4.291140041,0.005546726,12.77600288,0.000368548,0.003238955,69.86570702,69.86570702,126.595065,1,,652.4181706,249.4181706,135.1840628,2,,1,,,,,,,,,,1,0.002443322,0,1,0.000574762,-0.153667542,1,0.575433839,0,,,,-0.401121305,126.4207755,0,0,126.4207755,0,0,126.595065,135.1840628,0,1
NRG,95.23000336,0,0,1,0,0,0.0368,0.9632,0.031424025,0.00125523,0.790036608,381,1143,95,0,1238,0,0,1143,1619,0,571,0,1619,1,1,1,1,0.03364928,-5.87343221,0.031311861,3.337376693,0.003314338,7.41516658,0.03364928,-5.87343221,0.03233805,2.302193942,0.034452779,-18.36902764,0.03364928,-5.87343221,0.790036608,1.878330498,0,0,0.024661453,0,0,8.197479253,0,0,107.1679839,0,0,0.024661453,0,0,4.268509608,0,0,9.36E-06,0,0,0.024661453,0,0,0.001476212,0.011704643,0.00994158,0.001476212,0.006680018,4.23E-09,0.001476212,312.7726193,-68.22738072,94.44379322,-1,0,89.70211004,3273.006492,2035.006492,0,94.75884369,21,0,319.7730875,319.7730875,97.14838986,3,270.1839992,-872.8160008,94.44379322,-9,0,1232.996256,-386.0037439,101.6370988,-4,0,0.000749993,0.000749993,91.19324013,0,0,90.9530967,90.9530967,89.70211004,1,0,0.033048867,-6.247845526,0.033009025,3.542427884,0.019476673,9.328624303,0.001504845,0.002599937,285.2737566,-285.7262434,94.44379322,-3,0,523.7016747,523.7016747,95.08510273,6,0,1,0,0,0,0,0,0,0,0,0,-0.539018843,3.654683548,2.577407598,-4.851169583,-0.331256059,0,-1.829792518,1.176449561,0.539018843,0,0,0,0.161291184,-94.44379322,379.0353747,291.4451696,-472.2189661,0,0,-188.8875864,95.08510273,89.70211004,1
NSC,317.4400024,0,0,1,0,0,0.2848,0.7152,0.358790772,0.278242678,0.643395079,0,0,0,0,0,0,0,0,0,0,0,0,0,1,1,1,1,0.299790155,-7.779027486,0.342750095,0.283041788,0.302387129,0.404204798,0.299790155,-7.779027486,0.336609657,0.208107063,0.29865503,-5.005782824,0.299790155,-7.779027486,0.643395079,1.73168897,0,0,0.013961631,0,0,1.168145511,0,0,1.248506115,0,0,0.013961631,0,0,1.1210559,0,0,0.064013492,0,0,0.013961631,0,0,0.000618599,0.001204845,0.001043304,0.000618599,0.001379122,2.10E-05,0.000618599,131.0658539,131.0658539,307.8242219,0,0,0,336.9145017,336.9145017,0,309.4868537,1,0,33.55809333,33.55809333,310.407024,0,113.2192985,113.2192985,307.8242219,0,0,254.5579808,254.5579808,308.8705078,1,0,3.7268695,3.7268695,306.7139366,0,0,38.11345542,38.11345542,307.8242219,0,0,0.299753625,-8.208418874,0.321428227,4.61953044,0.011029079,12.63627064,0.000610108,0.002855354,115.6583351,115.6583351,307.9904626,0,0,575.1499668,575.1499668,319.9360836,2,0,1,0,0,0,0,0,0,0,0,0,0,0.00125176,0,0,0.000676696,0,0,0.666876921,0,0,0,0,0,0,0,0,0,0,0,0,319.9360836,0,1
NSIT,160.6600037,0,0,1,0,0,0.6236,0.3764,0.634447096,0.988284519,0.630493008,0,0,0,0,0,0,0,0,161,0,0,0,0,1,1,1,1,0.626625462,-10.11920097,0.632759487,-0.233440656,0.722138153,-0.471860769,0.626625462,-10.11920097,0.631746489,-0.16270525,0.626251645,3.809084605,0.626625462,-10.11920097,0.630493008,1.718786899,,,0.004166208,,,0.881230691,,,0.774475975,,,0.004166208,,,0.915647133,,,7.8701069,,,0.004166208,,,0.000179553,0.000882123,0.000627642,0.000179553,0.00110176,0.002508661,0.000179553,38.0429085,38.0429085,152.9411076,0,,0,246.6707774,246.6707774,,150.8093778,2,,20.18823466,20.18823466,150.8093778,0,32.86280361,32.86280361,152.9411076,0,,203.3625655,42.36256555,150.8093778,0,,444.9111724,444.9111724,160.3744427,3,,11.06273415,11.06273415,152.9411076,0,,0.626784027,-10.61245206,0.629716649,-1.587475035,0.003189462,0.42324408,0.000171094,9.38E-05,32.43432082,32.43432082,153.2524692,0,,18.89606309,18.89606309,150.8093778,0,,1,,,,,,,,,,0,0.001702954,0,0,0,0.680115259,0,0,0,,,,0,0,0,0,0,0,160.3744427,0,0,0,1
NTAP,226.2700043,1,1,0,1,1,0.9628,0.0372,0.996022275,1,0.766225238,0,0,0,0,0,0,0,0,0,905,0,0,0,1,1,1,1,0.970723974,-12.58298073,0.989920965,-5.472554505,0.986434641,-5.3592155,0.970723974,-12.58298073,0.9873957,-3.576724855,0.970120885,3.825968149,0.970723974,-12.58298073,0.766225238,1.854519129,0,0,0.000421551,0,0,0.034047835,0,0,0.036516619,0,0,0.000421551,0,0,0.109802033,0,0,10.62293385,0,0,0.000421551,0,0,2.41E-05,4.62E-05,4.04E-05,2.41E-05,0.000165465,0.004566612,2.41E-05,5.09980904,5.09980904,216.2105633,0,0,0,12.91777525,12.91777525,0,214.0235759,0,0,1.299927164,1.299927164,213.9886698,0,4.40539458,4.40539458,216.2105633,0,0,30.54150524,30.54150524,213.8885283,0,0,809.8887828,-95.11121722,238.680715,0,0,1.483005213,1.483005213,216.2105633,0,0,0.970733927,-13.14086217,0.980908248,-17.92242093,0.000298682,1.56E-05,2.19E-05,4.20E-09,4.15127267,4.15127267,216.377386,0,0,0.000846473,0.000846473,218.1130628,0,0,1,0,0,0,0,0,0,0,0,0,0,0,0,0,0,0,0,0,0,0,0,0,0,0,0,0,0,0,0,0,0,0,1
NTDOY,12.46500015,0,0,1,0,0,0.16,0.84,0.125696102,0.49623431,0.367528301,174,0,411,0,411,0,858,12,0,0,12,0,585,1,1,1,1,0.150237235,-6.708213625,0.130831105,1.110593712,0.188766666,0.81076673,0.150237235,-6.708213625,0.132950532,0.768438003,0.150841307,-11.79399044,0.150237235,-6.708213625,0.367528301,1.455822192,,,0.080507148,,,1.517564266,,,1.355947303,,,0.080507148,,,1.334561658,,,0.011920703,,,0.080507148,,,0.001876667,0.000781735,0.000556263,0.001876667,0.000982146,1.98E-06,0.001876667,397.6190521,223.6190521,11.89683854,19,,-741.7418017,218.5990492,-192.4009508,,13.11486766,-15,,17.8923357,17.8923357,12.16869147,1,343.4773348,331.4773348,11.89683854,28,,181.2842453,181.2842453,12.16951022,15,,0.350618104,0.350618104,11.97733688,0,,115.626119,-742.373881,12.15970167,-61,,0.150323141,-7.109940444,0.139089047,4.712284576,0.06923241,5.869659284,0.001876737,0.000847556,355.7733924,343.7733924,11.89822833,29,,170.7220065,170.7220065,12.82392823,13,,0,,,,,,,,,,13.3594136,-0.289082436,0.01027098,19.68755689,0.138397726,0,22.90603657,4.510517766,-42.89074894,,,,-50.13201902,154.658901,0,0,237.9367708,0,0,273.6592515,64.11964117,-522.8671717,1
NTES,117.2099991,0,0,1,0,0,0.2944,0.7056,0.279634049,0.280334728,0.460481173,0,0,0,0,0,0,0,0,0,234,0,117,0,1,1,1,1,0.290648655,-7.713573433,0.282164812,0.42483847,0.284489221,0.452848259,0.290648655,-7.713573433,0.283231727,0.29666734,0.290927029,-5.317380832,0.290648655,-7.713573433,0.460481173,1.548775064,,,0.0342382,,,1.204243633,,,1.219090347,,,0.0342382,,,1.138579441,,,0.097669643,,,0.0342382,,,0.001003574,0.000794646,0.000644587,0.001003574,0.001006444,2.07E-05,0.001003574,212.6323239,212.6323239,112.1263844,2,,112.1263844,222.2094198,222.2094198,,113.3367579,2,,20.73328747,20.73328747,113.3969358,0,183.6792868,183.6792868,112.1263844,2,,185.769232,185.769232,112.6720952,2,,3.664900994,-230.335099,114.5365612,-2,,61.83267693,61.83267693,112.1263844,1,,0.290645798,-8.141466323,0.286042119,4.845534543,0.028393326,8.329042938,0.00099266,0.001410977,188.1787466,188.1787466,112.1544268,2,,284.2110523,167.2110523,120.9060916,1,,1,,,,,,,,,,1.859350472,0.005640241,0,1.859350472,0.00275036,-0.883579341,2,0.366862578,0.929675236,,,,0,224.2527687,0,0,224.2527687,0,-114.5365612,224.3088535,0,112.1263844,1
NTRS,171.3999939,0,0,1,0,0,0.0916,0.9084,0.165075577,0.439748954,0.546237222,0,0,0,0,0,0,0,0,0,0,0,0,0,1,1,1,1,0.102860484,-6.368991355,0.144471159,1.005470779,0.159167898,0.982368694,0.102860484,-6.368991355,0.137231026,0.74458873,0.101892212,-14.42718591,0.102860484,-6.368991355,0.546237222,1.634531113,0,0,0.043742198,0,0,1.638930807,0,0,1.620431926,0,0,0.043742198,0,0,1.441750682,0,0,0.000834328,0,0,0.043742198,0,0,0.001565174,0.001341723,0.001068652,0.001565174,0.001494913,2.18E-07,0.001565174,331.6214635,331.6214635,163.6942805,2,0,163.6942805,375.1902178,375.1902178,0,167.8824461,2,0,34.3734346,34.3734346,167.8633717,0,286.4662944,286.4662944,163.6942805,2,0,275.9306961,275.9306961,167.2400437,2,0,0.038702152,0.038702152,165.2691706,0,0,96.43426942,96.43426942,163.6942805,1,0,0.102900204,-6.761329693,0.121575548,4.581188962,0.036072669,9.497177056,0.001573867,0.001848928,298.3583478,298.3583478,163.7111511,2,0,372.4271021,372.4271021,172.6216135,2,0,1,0,0,0,0,0,0,0,0,0,1.26762659,0.031592859,0,1.26762659,0.017325387,0,1.42861185,0.655852885,0.633813295,0,0,0,0,163.6942805,0,0,163.6942805,0,0,163.7111511,172.6216135,163.6942805,1
NUE,240.3899994,0,0,1,0,0,0.2276,0.7724,0.245027844,0.664435146,0.681721436,0,721,721,0,1442,0,0,0,0,0,0,0,1442,1,1,1,1,0.231883037,-7.292805733,0.241905263,0.542603012,0.306010133,0.394792281,0.231883037,-7.292805733,0.240420995,0.384838609,0.231464677,-7.874753089,0.231883037,-7.292805733,0.681721436,1.770015327,0,0,0.015543604,0,0,1.363179611,0,0,1.252850977,0,0,0.015543604,0,0,1.245750683,0,0,0.01114916,0,0,0.015543604,0,0,0.000746813,0.001534706,0.001145246,0.000746813,0.001635145,3.99E-06,0.000746813,158.231146,158.231146,228.98688,1,0,0,429.1547208,-1012.845279,0,253.3345959,-4,0,36.83708687,36.83708687,231.4312571,0,136.6856342,136.6856342,228.98688,1,0,301.8146126,301.8146126,231.5973366,1,0,0.707496735,0.707496735,229.7165337,0,0,46.01301981,46.01301981,228.98688,0,0,0.231984431,-7.710240754,0.237028995,4.993105192,0.012247217,17.3051505,0.000741283,0.004137628,140.5251936,140.5251936,229.2899664,1,0,833.4367129,833.4367129,243.5678727,3,0,1,0,0,0,0,0,0,0,0,0,0.831015867,-0.018401127,0,0.831015867,0.002314074,0,0.92887207,1.168645287,0,0,0,0,0,228.98688,0,0,228.98688,0,0,229.2899664,243.5678727,0,1
NVCR,14.93999958,0,0,1,0,0,0.1192,0.8808,0.175019889,0.476987448,0.425127941,0,0,0,0,0,0,0,0,0,0,0,120,0,1,1,1,1,0.129393445,-6.558970009,0.161617011,0.893538056,0.188920271,0.809985871,0.129393445,-6.558970009,0.156497275,0.650193562,0.128527174,-12.97059623,0.129393445,-6.558970009,0.425127941,1.513421832,0,0,0.066015785,0,0,1.448108503,0,0,1.398830371,0,0,0.066015785,0,0,1.309208541,0,0,0.004632459,0,0,0.066015785,0,0,0.00177652,0.000871239,0.000672813,0.00177652,0.001080792,8.95E-07,0.00177652,376.4005173,376.4005173,13.87166222,27,0,110.9732977,243.6271977,243.6271977,0,14.25642396,17,0,21.64118724,21.64118724,14.2115455,2,325.1480175,325.1480175,13.87166222,23,0,199.4923873,199.4923873,14.18437358,14,0,0.158728039,0.158728039,13.99317576,0,0,109.4558492,109.4558492,13.87166222,8,0,0.129446154,-6.956471624,0.144800922,4.749733856,0.055990379,7.157511908,0.00178023,0.001142369,337.4785421,337.4785421,13.87757538,24,0,230.1059085,110.1059085,15.10690587,7,0,1,0,0,0,0,0,0,0,0,0,18.14909944,0.212077724,0.02050241,15.46034397,0.092476927,0,18.14718654,2.467496906,5.377510947,0,0,0,0,249.6899199,0,0,208.0749332,0,0,249.7963568,30.21381173,69.35831108,0
NVDA,233.9499969,1,1,0,1,1,0.7208,0.2792,0.610580748,0.483263598,1.238309991,0,468,0,0,468,0,0,0,0,0,0,1170,468,1,1,1,1,0.689951163,-10.57261932,0.627529969,-0.223262013,0.584759704,-0.155943025,0.689951163,-10.57261932,0.635113436,-0.16734995,0.692315279,4.546440931,0.689951163,-10.57261932,1.036381153,2.124675044,,,0.000346466,,,0.845138748,,,0.889121301,,,0.000346466,,,0.881510752,,,30.76210812,,,0.000346466,,,3.27E-05,0.001975793,0.001718517,3.27E-05,0.001987,0.022582168,3.27E-05,6.933549674,6.933549674,223.310073,0,,0,552.4972247,84.4972247,,221.52869,0,,55.27648069,55.27648069,221.52869,0,5.989444293,5.989444293,223.310073,0,,366.7600101,366.7600101,221.52869,2,,4004.948298,4004.948298,237.9361708,17,,2.016250065,2.016250065,223.310073,0,,0.689779828,-11.0755405,0.655203375,-2.440891524,0.000237169,0.158896551,3.04E-05,6.09E-05,5.765029968,5.765029968,223.325535,0,,12.26030293,-1157.739697,237.6277876,-5,,1,,,,,,,,,,0,0,0,0,0.000875188,5.49050199,0,-0.465464956,0,,,,2.032039023,0,0,0,0,0,1189.680854,0,0,0,1
NVO,37.31999969,0,0,1,0,0,0.026,0.974,0.031424025,0.086610879,0.420451652,37,149,299,0,448,0,224,411,672,0,597,0,485,1,1,1,1,0.027173229,-5.827063035,0.030317281,3.40005843,0.037356236,3.244453598,0.027173229,-5.827063035,0.029853783,2.411180862,0.02707155,-18.82255193,0.027173229,-5.827063035,0.420451652,1.508745543,,,0.091031837,,,4.048599689,,,3.797618415,,,0.091031837,,,2.695724349,,,0.000434501,,,0.091031837,,,0.002421818,0.002405822,0.001803559,0.002421818,0.002205106,8.29E-08,0.002421818,513.1229849,476.1229849,34.51543569,14,,-72.1945539,672.7476386,224.7476386,,37.12650037,6,,58.01188501,58.01188501,37.09127486,2,443.253698,32.25369802,34.51543569,1,,407.0179346,-264.9820654,39.56787909,-7,,0.014707696,0.014707696,35.66479738,0,,149.2142265,-74.78577349,36.09727695,-2,,0.027184879,-6.204738762,0.028757733,3.476782391,0.07793533,4.178389914,0.002446654,0.000661584,463.812716,-133.187284,36.09727695,-4,,133.261964,133.261964,37.25741938,4,,0,,,,,,,,,,7.427582667,1.083787249,0.328952473,0.530541619,-0.635883626,0,-2.406173944,0.755500987,-1.061083238,,,,-0.195234886,241.6080498,37.12650037,0,34.51543569,-39.56787909,0,-72.1945539,37.25741938,-36.09727695,1
NVR,5993.850098,0,0,1,0,0,0.0928,0.9072,0.106603023,0.231799163,0.563746738,0,0,0,0,0,0,0,0,0,0,0,0,0,1,1,1,1,0.095919854,-6.319295749,0.103909519,1.378921715,0.124488261,1.260513367,0.095919854,-6.319295749,0.102752869,0.979118902,0.09564747,-14.77690597,0.095919854,-6.319295749,0.563746738,1.652040629,0,0,0.041904684,0,0,1.998174951,0,0,1.882860032,0,0,0.041904684,0,0,1.634813487,0,0,0.000600245,0,0,0.041904684,0,0,0.001559737,0.001707067,0.001297169,0.001559737,0.001749426,1.64E-07,0.001559737,330.4696271,330.4696271,5795.624084,0,0,0,477.3524484,477.3524484,0,5891.150908,0,0,41.72372329,41.72372329,5885.530971,0,285.4712976,285.4712976,5795.624084,0,0,322.9086826,322.9086826,5865.383073,0,0,0.029035914,0.029035914,5810.353295,0,0,96.09931975,96.09931975,5795.624084,0,0,0.095955581,-6.710279074,0.099998804,4.385940776,0.034436587,9.041198056,0.001569753,0.00180923,297.5784564,297.5784564,5795.672287,0,0,364.4307361,364.4307361,6013.646109,0,0,1,0,0,0,0,0,0,0,0,0,0,0,0,0,0,0,0,0,0,0,0,0,0,0,0,0,0,0,0,0,0,0,1
NWN,47.38000107,0,0,1,0,0,0.1832,0.8168,0.313842482,0.169456067,0.195437389,0,0,0,0,0,0,0,0,0,0,0,711,0,1,1,1,1,0.203752383,-7.091387437,0.278098347,0.435677198,0.204807221,0.734099201,0.203752383,-7.091387437,0.265766467,0.330297027,0.202119974,-9.241058194,0.203752383,-7.091387437,0.195437389,1.28373128,0,0,0.170124931,0,0,1.114961066,0,0,1.201242717,0,0,0.170124931,0,0,1.085997138,0,0,0.099445311,0,0,0.170124931,0,0,0.002489511,0.000347201,0.000294217,0.002489511,0.00055068,1.01E-05,0.002489511,527.4654578,527.4654578,46.16702177,11,0,138.5010653,97.08885932,97.08885932,0,46.42612083,2,0,9.463564061,9.463564061,46.61607897,0,455.6432311,455.6432311,46.16702177,10,0,101.6444483,101.6444483,46.31816792,2,0,1.782939619,1.782939619,46.2019316,0,0,153.3849635,153.3849635,46.16702177,3,0,0.203694089,-7.502275619,0.237921269,4.992136174,0.153531406,3.479506056,0.002481517,0.000363144,470.4216647,470.4216647,46.17012796,10,0,73.1475359,-637.8524641,48.79365336,-13,0,1,0,0,0,0,0,0,0,0,0,8.643211463,0.005931707,0,7.857464966,0.003409254,0,8.794396791,-5.062164164,2.35723949,0,0,0,0,415.503196,0,0,369.3361742,0,0,415.5311517,-243.9682668,92.33404355,1
NWS,31.64999962,0,0,1,0,0,0.2008,0.7992,0.179793158,0.379497908,0.439888896,0,32,0,0,32,0,0,0,0,0,0,0,32,1,1,1,1,0.195428167,-7.031785216,0.183341091,0.775784499,0.23064458,0.627837506,0.195428167,-7.031785216,0.184722216,0.540594378,0.195748661,-9.546812219,0.195428167,-7.031785216,0.439888896,1.528182787,0,0,0.050689595,0,0,1.389569733,0,0,1.305065062,0,0,0.050689595,0,0,1.257662564,0,0,0.017446687,0,0,0.050689595,0,0,0.001413977,0.000869124,0.000653197,0.001413977,0.00106851,3.50E-06,0.001413977,299.5866948,299.5866948,30.4602814,10,0,91.38084419,243.0359188,211.0359188,0,30.95694239,7,0,21.01023743,21.01023743,30.87641153,1,258.7935335,258.7935335,30.4602814,8,0,197.2253521,197.2253521,30.85616042,6,0,0.621071869,0.621071869,30.63475225,0,0,87.11867966,87.11867966,30.4602814,3,0,0.195501981,-7.442054611,0.188680138,4.950382535,0.042594873,8.160902833,0.001409442,0.001335553,267.1881052,267.1881052,30.46284988,9,0,269.0186236,269.0186236,31.89502914,8,0,1,0,0,0,0,0,0,0,0,0,7.72593802,0.065826424,0.006159061,6.180750416,0.027397714,0,7.788399867,3.063285906,2.317781406,0,0,0,0.014032804,243.6822512,0,0,182.7616884,0,0,243.7027991,95.68508742,60.92056279,1
NXE,9,0,0,1,0,0,0.1272,0.8728,0.19769292,0.09790795,0.602190507,0,0,0,0,0,0,0,72,0,783,81,378,0,1,1,1,1,0.139165855,-6.628941441,0.179667363,0.794138323,0.128337669,1.223889823,0.139165855,-6.628941441,0.17330675,0.581573976,0.138252556,-12.45288765,0.139165855,-6.628941441,0.602190507,1.690484398,0,0,0.030798341,0,0,1.517303312,0,0,1.901343335,0,0,0.030798341,0,0,1.357079721,0,0,0.001447447,0,0,0.030798341,0,0,0.001248222,0.001421219,0.001439461,0.001248222,0.001554581,4.32E-07,0.001248222,264.4672745,264.4672745,8.324832781,32,0,74.92349503,397.4200851,397.4200851,0,8.591324949,46,0,46.3005748,46.3005748,8.654167985,5,228.4561419,156.4561419,8.324832781,19,0,286.9442817,286.9442817,8.556663796,34,0,0.076651594,-782.9233484,8.838745263,-89,0,76.90608484,76.90608484,8.324832781,9,0,0.139107679,-7.027494456,0.158376935,4.828269406,0.024983472,12.61535108,0.001251785,0.002678857,237.3011772,156.3011772,8.327080858,19,0,539.598449,161.598449,9.168524371,18,0,1,0,0,0,0,0,0,0,0,0,21.97143231,0.453283767,0.11702393,13.04553794,0.179683779,-89,14.66137326,6.55655216,6.179465338,0,0,0,0,183.1463212,0,0,108.2228262,0,-786.6483284,124.9062129,64.1796706,49.94899668,0
NXPI,243.6600037,1,1,0,1,1,0.742,0.258,0.841288783,0.254811715,0.447018232,0,0,244,0,244,0,0,0,0,487,0,244,244,1,1,1,1,0.761120749,-11.08220068,0.819359097,-0.789218569,0.452338523,0.086380129,0.761120749,-11.08220068,0.813057707,-0.533075422,0.760685105,4.941890288,0.761120749,-11.08220068,0.447018232,1.535312123,,,0.008640344,,,0.712935308,,,1.037728378,,,0.008640344,,,0.795688583,,,8.320770817,,,0.008640344,,,0.000245209,0.000454296,0.0005294,0.000245209,0.000685398,0.001701042,0.000245209,51.95364812,51.95364812,233.0081777,0,,0,127.0362789,-116.9637211,,251.6315337,0,,17.02825438,17.02825438,230.5792918,0,44.87939019,44.87939019,233.0081777,0,,126.5105732,126.5105732,230.5792918,1,,301.6798952,-185.3201048,259.1992076,-1,,15.1079247,15.1079247,233.0081777,0,,0.760026325,-11.59192952,0.792611959,-7.937309941,0.006944184,0.033273558,0.000234218,5.51E-06,44.40070555,44.40070555,233.1231126,0,,1.1100945,-242.8899055,240.6415345,-1,,1,0.008342772,0.009197002,0.020608213,0.007946121,0.008342772,0.387237561,0.008586709,0.006562288,0.008342772,0,0,0,0,0.004440147,-0.381598119,0,-0.984388892,0,-0.152051038,0.152051038,8.13E-05,0,0,0,0,0,0,0,0,-240.6415345,0,1
NYT,62.70000076,0,0,1,0,0,0.136,0.864,0.093078759,0.043514644,0.710798932,0,1317,314,0,1631,0,0,0,125,0,0,0,1631,1,1,1,1,0.121883783,-6.505200076,0.098497029,1.44630507,0.071469119,2.046407166,0.121883783,-6.505200076,0.101118372,0.993258905,0.122964203,-13.27013023,0.121883783,-6.505200076,0.710798932,1.799092823,,,0.02191924,,,2.338219472,,,3.326162443,,,0.02191924,,,1.791984425,,,0.000412483,,,0.02191924,,,0.001118605,0.002809769,0.003250548,0.001118605,0.002468381,1.57E-07,0.001118605,237.0045835,237.0045835,60.33585206,4,,60.33585206,785.7046769,-845.2953231,,64.82033943,-13,,104.5546009,104.5546009,62.02942911,2,204.7329026,204.7329026,60.33585206,3,,455.6132009,330.6132009,61.59914504,5,,0.02790832,0.02790832,60.95394826,0,,68.920038,68.920038,60.33585206,1,,0.121744596,-6.899856701,0.108248217,4.464987506,0.017384688,13.76610279,0.001125128,0.003432808,213.2906486,213.2906486,60.35573027,4,,691.4657799,691.4657799,62.8446775,11,,1,,,,,,,,,,2.644851752,-0.424896541,0.130868196,1.983638814,0.077075254,0,2.975501406,3.426519496,0.661212938,,,,0.115397462,181.0075562,0,0,120.6717041,0,0,181.0671908,188.5340325,60.33585206,1
O,54.13000107,0,0,1,0,0,0.01,0.99,0.07398568,0.042677824,0.257196128,0,0,595,0,595,0,0,0,162,0,0,433,595,1,1,1,1,0.012678865,-5.723281943,0.034496534,3.150978017,0.022255623,4.334084284,0.012678865,-5.723281943,0.028232181,2.487906871,0.012429412,-19.73510645,0.012678865,-5.723281943,0.257196128,1.345490019,0,0,0.182970331,0,0,2.547414175,0,0,3.618919022,0,0,0.182970331,0,0,2.092389987,0,0,0.00286108,0,0,0.182970331,0,0,0.003186051,0.00095734,0.001074688,0.003186051,0.001219368,3.48E-07,0.003186051,675.0449651,675.0449651,52.73100866,13,0,210.9240347,267.7041424,-327.2958576,0,55.45029865,-6,0,34.5675729,34.5675729,54.10794701,1,583.1276048,583.1276048,52.73100866,11,0,225.070615,63.07061495,53.8274627,1,0,0.061713375,0.061713375,53.24865967,0,0,196.300527,196.300527,52.73100866,4,0,0.012680852,-6.098118212,0.019175924,3.323524923,0.163708638,2.68125111,0.003209756,0.000315908,608.473981,608.473981,52.77210815,12,0,63.6329824,-369.3670176,55.45029865,-7,0,1,0,0,0,0,0,0,0,0,0,6.653553602,-0.930812106,0.293504478,5.629929971,0.096713759,0,6.972571074,-1.208136334,2.047247262,0,0,0,0,369.1170607,-55.45029865,0,316.386052,0,0,369.404757,-55.45029865,105.4620173,1
ODFL,180.4799957,1,1,0,1,1,0.2532,0.7468,0.428798727,0.046443515,0.799566771,0,1263,541,0,1804,0,0,361,0,0,722,0,1804,1,1,1,1,0.278604905,-7.627338983,0.378080382,0.212483944,0.103449789,1.497223405,0.278604905,-7.627338983,0.363816076,0.168835088,0.277484072,-5.870793578,0.278604905,-7.627338983,0.799566771,1.887860662,0,0,0.007853871,0,0,1.144561625,0,0,2.589337427,0,0,0.007853871,0,0,1.113251807,0,0,0.023979353,0,0,0.007853871,0,0,0.000479014,0.001667673,0.003082896,0.000479014,0.00176849,1.11E-05,0.000479014,101.4912398,101.4912398,171.5004064,1,0,0,466.336734,-1337.663266,0,191.8364713,-7,0,99.16203773,99.16203773,176.8267129,1,87.67170577,-273.3282942,178.8280426,-2,0,326.4275046,326.4275046,171.7176609,2,0,1.960961498,1.960961498,170.872716,0,0,29.51326931,29.51326931,171.5004064,0,0,0.277586757,-8.045468008,0.325923887,4.58364576,0.006021334,18.40553442,0.000475012,0.005197157,90.04805338,-631.9519466,178.8280426,-4,0,1046.856085,1046.856085,182.0453999,6,0,1,0,0,0,0,0,0,0,0,0,0.909004687,-0.004938219,0.035026218,-1.818009374,0.00089079,0,-4,1.969669543,0,0,0,0,0,171.5004064,0,0,-357.6560852,0,0,-715.3121704,364.0907997,0,1
OKE,87.87999725,0,0,1,0,0,0.1088,0.8912,0.11575179,0.223430962,0.498987158,0,0,0,0,0,0,0,0,0,0,0,0,0,1,1,1,1,0.110515072,-6.423798966,0.11451202,1.261506167,0.136242341,1.153834719,0.110515072,-6.423798966,0.113928309,0.891014076,0.11035091,-13.95845411,0.110515072,-6.423798966,0.498987158,1.587281049,0,0,0.051409115,0,0,1.791125618,0,0,1.704203124,0,0,0.051409115,0,0,1.509334114,0,0,0.001581913,0,0,0.051409115,0,0,0.00165026,0.001303941,0.000996542,0.00165026,0.001434799,3.69E-07,0.00165026,349.6491721,349.6491721,83.65431279,4,0,83.65431279,364.62526,364.62526,0,86.22665705,4,0,32.05399145,32.05399145,86.15856132,0,302.0392637,302.0392637,83.65431279,4,0,264.8349308,264.8349308,85.97506418,3,0,0.065381211,0.065381211,84.48694598,0,0,101.676659,101.676659,83.65431279,1,0,0.110552419,-6.817581891,0.112578053,4.504297798,0.042857425,8.013174679,0.00165749,0.001446284,314.2106128,314.2106128,83.67669035,4,0,291.3230749,291.3230749,88.35648913,3,0,1,0,0,0,0,0,0,0,0,0,2.579074572,0.099462363,0,2.579074572,0.037214348,0,2.904963927,0.951032749,0.644768643,0,0,0,0.423082575,250.9629384,0,0,250.9629384,0,0,251.030071,88.35648913,83.65431279,1
OKLO,35.86999893,1,1,0,1,1,0.139016897,0.860983103,0.185410334,0.081375839,0.716019734,36,502,0,0,502,0,36,466,395,574,287,36,538,1,1,1,1,0.147798982,-6.690755488,0.174711516,0.819835929,0.118754206,1.318489627,0.147798982,-6.690755488,0.17088894,0.590793247,0.147197857,-11.98338554,0.147798982,-6.690755488,0.716019734,1.804313625,,,0.019278751,,,1.622309869,,,2.177432751,,,0.019278751,,,1.417187835,,,0.000848231,,,0.019278751,,,0.000994461,0.001972215,0.002153365,0.000994461,0.001968936,3.27E-07,0.000994461,210.7015933,174.7015933,31.2631575,6,,31.2631575,551.4967591,49.49675911,,32.99520359,2,,69.26345008,69.26345008,33.5780011,2,182.0114537,-283.9885463,34.72479782,-8,,363.425713,-31.57428704,44.9944816,-1,,0.058048879,-573.9419511,34.72479782,-17,,61.27122774,25.27122774,31.2631575,1,,0.14770172,-7.090670111,0.161231288,4.842905568,0.015225654,17.42990222,0.000997203,0.004379063,189.0400203,-97.95997969,34.72479782,-3,,882.0685475,846.0685475,37.25459346,23,,1,,,,,,,,,,4.196832094,0.021004092,0.054325465,-5.595776126,-0.005453698,-17,-2.356762623,8.428685777,0.699472016,,,,-1.487556289,125.05263,0,0,-208.3487869,0,-590.3215629,-69.44959563,298.0367477,31.2631575,1
OMC,74.15000153,0,0,1,0,0,0.1048,0.8952,0.101829753,0.259832636,0.221531859,0,0,0,0,0,0,0,0,0,0,0,519,0,1,1,1,1,0.104176975,-6.378417558,0.10242565,1.396846577,0.13137936,1.196149514,0.104176975,-6.378417558,0.102588715,0.980523242,0.104181054,-14.29978673,0.104176975,-6.378417558,0.221531859,1.30982575,0,0,0.178798224,0,0,1.457905283,0,0,1.381035682,0,0,0.178798224,0,0,1.302958504,0,0,0.021080048,0,0,0.178798224,0,0,0.002818737,0.000492058,0.000367345,0.002818737,0.000701258,2.31E-06,0.002818737,597.2204315,597.2204315,71.3357962,8,0,142.6715924,137.5958537,137.5958537,0,72.9624624,2,0,11.8157257,11.8157257,72.8506032,0,515.900033,515.900033,71.3357962,7,0,129.4380786,129.4380786,72.71536619,2,0,0.409084096,0.409084096,71.94108509,0,0,173.6694465,173.6694465,71.3357962,2,0,0.10422198,-6.771046197,0.103180806,4.417076029,0.16082065,3.294132375,0.002823483,0.000362123,535.2481892,535.2481892,71.3376274,8,0,72.94187487,-446.0581251,77.76953321,-6,0,1,0,0,0,0,0,0,0,0,0,5.085526318,0.060974386,0,4.449835528,0.030044557,0,5.730883325,-1.829115061,1.271381579,0,0,0,0,356.678981,0,0,285.3431848,0,0,428.0257644,-155.5390664,71.3357962,1
ON,84.88999939,1,1,0,1,1,0.862,0.138,0.972951472,0.154393305,0.634591983,0,0,2547,0,2547,0,0,0,1188,1104,0,0,2547,1,1,1,1,0.878909147,-11.92557739,0.945016751,-2.309619885,0.332883956,0.328832554,0.878909147,-11.92557739,0.94048525,-1.531576255,0.880375651,4.733816971,0.878909147,-11.92557739,0.634591983,1.722885873,0,0,0.001522316,0,0,0.284667093,0,0,1.195883384,0,0,0.001522316,0,0,0.434665468,0,0,13.13394148,0,0,0.001522316,0,0,6.62E-05,0.000287684,0.000978665,6.62E-05,0.000526716,0.004225976,6.62E-05,14.0238145,14.0238145,79.46558303,0,0,0,80.44596966,-2466.55403,0,86.71969052,-28,0,31.47897443,31.47897443,79.65229136,0,12.11426465,12.11426465,79.46558303,0,0,97.22120271,-1090.778797,87.5139343,-12,0,749.4770079,-354.5229921,92.67819158,-4,0,4.078072305,4.078072305,79.46558303,0,0,0.875976136,-12.44428818,0.916765939,-14.20249607,0.001148037,0.000441131,6.22E-05,9.84E-08,11.78950286,11.78950286,79.46707062,0,0,0.019816089,0.019816089,79.6350294,0,0,1,0,0,0,0,0,0,0,0,0,0,-2.333775506,0,0,-0.439823592,-1.400563945,0,0,0,0,0,0,-25.87418531,0,-173.439381,0,0,0,-92.67819158,0,0,0,1
ONON,30.85000038,1,1,0,1,1,0.77830941,0.22169059,0.762618297,0.361013986,0.237560766,0,0,31,0,31,0,0,31,0,0,31,0,31,1,1,1,1,0.772806595,-11.1658725,0.76432229,-0.563262448,0.549345256,-0.089476028,0.772806595,-11.1658725,0.766220543,-0.400485188,0.773790301,4.974980641,0.772806595,-11.1658725,0.237560766,1.325854657,,,0.042877178,,,0.853105318,,,0.975078435,,,0.042877178,,,0.8931866,,,4.068317347,,,0.042877178,,,0.00070708,0.000302291,0.000272625,0.00070708,0.000498345,0.000466993,0.00070708,149.8125926,149.8125926,29.3991003,5,,29.3991003,84.53052109,53.53052109,,29.23165512,2,,8.769056511,8.769056511,29.23165512,0,129.4133914,98.41339144,29.3991003,3,,91.98442826,91.98442826,29.23165512,3,,82.82119784,82.82119784,31.21298953,3,,43.56493627,43.56493627,29.3991003,1,,0.772189771,-11.68134423,0.768928667,-6.882229924,0.037075158,0.143534045,0.000684289,1.63E-05,129.7208202,98.72082019,29.40563007,3,,3.27961659,3.27961659,29.26550977,0,,1,,,,,,,,,,5,0.009914518,0,3,0.007518206,1.160176518,3,0,1,,,,0.002717393,146.9955015,0,0,88.1973009,0,31.21298953,88.21689021,0,29.3991003,1
OPEN,2.440000057,1,1,0,1,1,0.062539885,0.937460115,0.299810247,0.196293754,0.293014254,12,12,2,0,14,0,0,0,0,0,0,127,26,1,1,1,1,0.077526471,-6.187597286,0.178579873,0.799682786,0.124352738,1.261835088,0.077526471,-6.187597286,0.152890671,0.666435342,0.07616037,-15.88828624,0.077526471,-6.187597286,0.293014254,1.381308145,,,0.135499731,,,1.294756071,,,1.503223537,,,0.135499731,,,1.240208193,,,0.005902326,,,0.135499731,,,0.002600401,0.000540514,0.000497174,0.002600401,0.000781215,7.96E-07,0.002600401,550.9603609,538.9603609,2.037400098,265,,160.9546077,151.1455152,137.1455152,,2.240951914,61,,15.99171228,15.99171228,2.272479148,7,475.9389555,475.9389555,2.037400098,234,,144.1965608,144.1965608,2.234037799,65,,0.141178997,0.141178997,2.185703708,0,,160.2171926,160.2171926,2.037400098,79,,0.077536035,-6.57487515,0.111254502,4.492440526,0.119565807,4.268222536,0.002611611,0.000538167,495.0836693,495.0836693,2.044303629,242,,108.4021432,-18.59785677,3.064181196,-6,,1,,,,,,,,,,158.5294601,0.609516344,0.174149914,139.9845044,0.451075691,0,163.4595929,-1.892064551,47.25972584,,,,0.619982678,323.9466156,2.240951914,0,285.2360137,0,0,333.2214915,-6.128362393,95.7578046,1
OPXS,10.44999981,1,1,0,1,1,0.3244,0.6756,0.447891806,0.116527197,0.755153884,21,0,0,0,0,0,10,21,178,73,21,146,21,1,1,1,1,0.346443229,-8.113068165,0.417979385,0.139338682,0.2100961,0.71077904,0.346443229,-8.113068165,0.40812635,0.110299455,0.345176802,-3.230946392,0.346443229,-8.113068165,0.755153884,1.843447775,0,0,0.006997113,0,0,1.088961814,0,0,1.544560174,0,0,0.006997113,0,0,1.069790992,0,0,0.138599288,0,0,0.006997113,0,0,0.000390767,0.001442506,0.001667957,0.000390767,0.001583781,5.82E-05,0.000390767,82.79377408,61.79377408,9.523222522,6,0,9.523222522,403.3725711,403.3725711,0,9.423004507,43,0,53.6501971,53.6501971,9.861682291,5,71.52017667,50.52017667,9.523222522,5,0,292.3339373,114.3339373,9.406672888,12,0,10.32070306,-62.67929694,10.63289301,-6,0,24.07611688,14.07611688,9.523222522,1,0,0.345929927,-8.547865487,0.382141707,3.998384169,0.005363192,11.53703312,0.000383651,0.003063581,72.72874402,51.72874402,9.544146853,5,0,617.092939,471.092939,10.43518195,45,0,1,0,0,0,0,0,0,0,0,0,6,0.013044633,0.039469285,5,0.002281119,-0.978657618,5,11.24091278,1,0,0,0,0,57.13933513,0,0,47.61611261,0,-10.63289301,47.72073427,114.7870015,9.523222522,0
ORCL,142.3000031,1,1,0,1,1,0.3488,0.6512,0.330151154,0.060669456,0.57651384,142,142,427,0,569,0,0,427,285,0,996,0,711,1,1,1,1,0.341141858,-8.075109818,0.331500154,0.307062347,0.129021933,1.21755983,0.341141858,-8.075109818,0.334136105,0.211840015,0.342739746,-3.319624205,0.341141858,-8.075109818,0.57651384,1.664807731,,,0.016310254,,,1.169425542,,,1.86004742,,,0.016310254,,,1.114022008,,,0.184142667,,,0.016310254,,,0.000624631,0.001030306,0.001322545,0.000624631,0.001219609,5.18E-05,0.000624631,132.3438629,-9.656137124,138.6848647,0,,0,288.1077908,-280.8922092,,154.274704,-2,,42.53993401,42.53993401,138.0833911,0,114.3232877,-312.6767123,138.6848647,-2,,225.1151047,-59.88489526,154.274704,0,,9.181580758,9.181580758,132.6941167,0,,38.48509561,38.48509561,133.2149191,0,,0.340038102,-8.504554092,0.33712802,4.487177484,0.013103798,9.84690919,0.000616526,0.00201,116.8749515,-879.1250485,138.6848647,-6,,404.8714538,404.8714538,144.7153371,3,,1,,,,,,,,,,0,-0.002946478,0,-2,0,0,-6,0.943816958,0,,,,43.95042264,0,0,0,-277.3697295,0,0,-832.1091884,144.7153371,0,1
ORLY,84.90000153,0,0,1,0,0,0.1788,0.8212,0.239459029,0.071548117,0.706115248,85,255,0,0,255,0,0,85,85,0,594,0,340,1,1,1,1,0.189953167,-6.992583673,0.225151571,0.600031438,0.123293823,1.272240866,0.189953167,-6.992583673,0.220341261,0.43420141,0.189296054,-9.859777413,0.189953167,-6.992583673,0.706115248,1.794409139,,,0.016766131,,,1.420237143,,,2.104017142,,,0.016766131,,,1.289000428,,,0.003136106,,,0.016766131,,,0.000847411,0.00168895,0.002034327,0.000847411,0.001761891,1.18E-06,0.000847411,179.5453253,94.54532532,82.23129726,1,,82.23129726,472.2863622,217.2863622,,83.11153595,3,,65.43458651,65.43458651,83.6031286,1,155.0975726,70.09757263,82.23129726,1,,325.2094063,240.2094063,82.88151982,3,,0.210021569,0.210021569,82.67362321,0,,52.21110267,52.21110267,82.23129726,1,,0.189715754,-7.399519482,0.20764724,4.989433929,0.013216094,18.48946777,0.000846222,0.004579745,160.4185302,-433.5814698,84.62632878,-5,,922.4917412,922.4917412,85.52119648,11,,1,,,,,,,,,,0.764003538,0.016876768,0.025290575,0.764003538,0.008837384,0,-4.277569419,4.278733755,0.764003538,,,,0.325787387,82.23129726,0,0,82.23129726,0,0,-338.5053151,342.0847859,82.23129726,1
OTGLY,16.30999947,1,1,0,1,1,0.630257009,0.369742991,0.596755504,0.390761548,0.289444584,0,0,0,0,0,0,0,0,16,0,0,16,0,1,1,1,1,0.621094761,-10.0796006,0.602084432,-0.175428473,0.510086681,-0.01816157,0.621094761,-10.0796006,0.604780563,-0.126797343,0.621998814,3.749655732,0.621094761,-10.0796006,0.289444584,1.377738475,0,0,0.039559826,0,0,0.94533597,0,0,0.994197147,0,0,0.039559826,0,0,0.960183019,0,0,3.325274787,0,0,0.039559826,0,0,0.000751964,0.000390579,0.000325349,0.000751964,0.000600209,0.000443937,0.000751964,159.3224773,159.3224773,15.36469253,10,0,46.09407759,109.2187557,109.2187557,0,15.28510229,7,0,10.4649315,10.4649315,15.28510229,1,137.6283646,137.6283646,15.36469253,9,0,110.7865172,94.78651717,15.28510229,6,0,78.73220673,78.73220673,16.37407501,5,0,46.33037482,46.33037482,15.36469253,3,0,0.620847087,-10.56880902,0.611030642,-0.994795268,0.033819938,0.727038717,0.000730895,9.11E-05,138.5559207,138.5559207,15.36862433,9,0,18.34206376,2.342063756,15.28510229,0,0,1,0,0,0,0,0,0,0,0,0,10,0.003366032,5.15E-06,9,0.001507272,1.098431102,9,0,3,0,0,0,0.002814005,153.6469253,0,0,138.2822328,0,16.37407501,138.3176189,0,46.09407759,1
OTIS,64.05000305,0,0,1,0,0,0.036196319,0.963803681,0.041970803,0.020394737,0.39960068,0,0,0,0,0,0,0,0,0,0,0,0,0,1,1,1,1,0.037391438,-5.900226436,0.040755257,2.837894144,0.029414921,3.740747962,0.037391438,-5.900226436,0.040326157,2.008643253,0.037321811,-18.19392227,0.037391438,-5.900226436,0.39960068,1.487894571,0,0,0.09589262,0,0,3.088456723,0,0,4.421289502,0,0,0.09589262,0,0,2.22144673,0,0,0.000724829,0,0,0.09589262,0,0,0.002423062,0.001735876,0.0019833,0.002423062,0.001743792,1.31E-07,0.002423062,513.3865486,513.3865486,62.1081705,8,0,124.216341,485.4085894,485.4085894,0,63.68699828,8,0,63.79326903,63.79326903,63.90600068,1,443.4813737,443.4813737,62.1081705,7,0,321.8687099,321.8687099,63.54819189,5,0,0.023227755,0.023227755,62.5285516,0,0,149.2908699,149.2908699,62.1081705,2,0,0.037367813,-6.279594528,0.039151548,3.634722673,0.082473953,4.238887982,0.002445186,0.000647486,463.5343001,463.5343001,62.14375703,7,0,130.4222969,130.4222969,63.94827756,2,0,1,0,0,0,0,0,0,0,0,0,4.351583999,1.006705396,0.218643677,3.807636,0.315206853,0,4.313018001,0.412850278,1.087896,0,0,0,0.018083864,248.432682,63.68699828,0,248.432682,0,0,248.5750281,0,62.1081705,1
OXY,58.08000183,0,0,1,0,0,0.5184,0.4816,0.552505967,0.648117155,0.266632458,0,58,116,0,174,0,0,0,0,0,0,58,174,1,1,1,1,0.52648081,-9.402155245,0.546181928,-0.077360814,0.570254261,-0.128364006,0.52648081,-9.402155245,0.543480369,-0.051162537,0.525815744,2.019188843,0.52648081,-9.402155245,0.266632458,1.354926349,0,0,0.057505346,0,0,0.976775808,0,0,0.96176014,0,0,0.057505346,0,0,0.984579658,0,0,1.846556865,0,0,0.057505346,0,0,0.001027576,0.00037749,0.00029391,0.001027576,0.000585774,0.000230847,0.001027576,217.717759,217.717759,55.84292983,4,0,55.84292983,105.558763,-68.44123702,0,61.39462729,-1,0,9.453685452,9.453685452,54.66878249,0,188.0722646,188.0722646,55.84292983,3,0,108.121975,108.121975,54.66878249,2,0,40.9406963,40.9406963,57.38352421,1,0,63.31150224,63.31150224,55.84292983,1,0,0.526540341,-9.875550702,0.536789935,1.084002125,0.049803508,1.389942667,0.001004932,0.000166745,190.505084,190.505084,55.88085991,3,0,33.5872647,-24.4127353,61.39462729,0,0,1,0,0,0,0,0,0,0,0,0,4,-9.35E-05,0,3,8.18E-05,0.063705056,3,0,1,0,0,0,0,223.3717193,0,0,167.5287895,0,0,167.6425797,0,55.84292983,1
P,140.1399994,1,1,0,1,1,0.9776,0.0224,0.99840891,0.99665272,0.70559664,0,0,0,0,0,0,0,0,0,140,0,0,0,1,1,1,1,0.982604483,-12.66804636,0.994622129,-6.366066721,0.990984833,-6.112765723,0.982604483,-12.66804636,0.993055397,-4.244323058,0.982227351,3.654178544,0.982604483,-12.66804636,0.70559664,1.793890531,0,0,0.000609398,0,0,0.024228031,0,0,0.028093438,0,0,0.000609398,0,0,0.083715919,0,0,8.460882596,0,0,0.000609398,0,0,3.08E-05,2.88E-05,2.71E-05,3.08E-05,0.000114331,0.00319127,3.08E-05,6.518954148,6.518954148,131.7168369,0,0,0,8.047489195,8.047489195,0,129.5200631,0,0,0.872666467,0.872666467,129.4365018,0,5.631302083,5.631302083,131.7168369,0,0,21.10310654,21.10310654,128.5861476,0,0,565.9718075,425.9718075,140.1226805,3,0,1.895687252,1.895687252,131.7168369,0,0,0.982607887,-13.22814884,0.989005542,-18.41542021,0.000439288,2.12E-05,2.81E-05,5.25E-09,5.325801428,5.325801428,131.78856,0,0,0.001056709,0.001056709,132.313049,0,0,1,0,0,0,0,0,0,0,0,0,0,0,0,0,0,0.625922851,0,0,0,0,0,0,0,0,0,0,0,0,140.1226805,0,0,0,0
PAAS,45.50999832,0,0,1,0,0,0.1976,0.8024,0.129673827,0.141631799,0.466566058,91,0,91,0,91,0,0,0,91,0,0,137,182,1,1,1,1,0.175201025,-6.886956861,0.138179442,1.051932377,0.150932353,1.039243418,0.175201025,-6.886956861,0.14204325,0.719135473,0.176694525,-10.48058283,0.175201025,-6.886956861,0.466566058,1.554859949,,,0.047844327,,,1.590912376,,,1.582027024,,,0.047844327,,,1.373573796,,,0.009794081,,,0.047844327,,,0.00142289,0.001066397,0.000850045,0.00142289,0.001228345,2.10E-06,0.00142289,301.4751455,210.4751455,42.18692665,5,,84.37385331,298.2001013,207.2001013,,43.93762992,5,,27.34186813,27.34186813,43.92399036,1,260.4248436,260.4248436,42.18692665,6,,226.7277343,135.7277343,43.5738251,3,,0.373221966,0.373221966,42.63486145,0,,87.66783397,87.66783397,42.18692665,2,,0.175196906,-7.292789976,0.153204335,4.800085254,0.03999777,8.320213513,0.001421085,0.001423816,269.3952746,269.3952746,42.21356761,6,,286.7973159,149.7973159,46.78694246,3,,1,,,,,,,,,,3.705482407,0.086450135,0.01687542,4.446578889,0.024241679,0,4.986073653,1.080038365,1.482192963,,,,0.01757289,168.7477066,0,0,168.7477066,0,0,211.0678381,46.78694246,42.18692665,1
PAC,200.8999939,1,1,0,1,1,0.2104,0.7896,0.195306285,0.064853556,0.497760448,0,201,0,0,201,0,0,0,201,0,0,0,201,1,1,1,1,0.205692703,-7.105280322,0.197346587,0.710681321,0.115523767,1.35312227,0.205692703,-7.105280322,0.198772095,0.495197108,0.20632666,-9.040962724,0.205692703,-7.105280322,0.497760448,1.586054339,,,0.037729758,,,1.387913197,,,1.866615342,,,0.037729758,,,1.256599623,,,0.01545012,,,0.037729758,,,0.001207685,0.001007282,0.001088059,0.001207685,0.001191814,3.59E-06,0.001207685,255.8784299,255.8784299,192.2397612,1,,0,281.6693555,80.66935546,,194.9727483,0,,34.99765439,34.99765439,196.6896416,0,221.0367956,221.0367956,192.2397612,1,,219.9847753,18.98477527,194.4020379,0,,0.636620919,0.636620919,192.8472091,0,,74.40848126,74.40848126,192.2397612,0,,0.205382688,-7.514688675,0.201470874,4.979877406,0.031237202,9.94396054,0.00120425,0.001791191,228.2899134,228.2899134,192.3834992,1,,360.7971918,360.7971918,202.0616088,2,,1,,,,,,,,,,0.788828257,0,0,0.788828257,0,0,0.882352279,0.774974343,0,,,,0,192.2397612,0,0,192.2397612,0,0,192.3834992,202.0616088,0,1
PANW,403.2399902,1,1,0,1,1,0.7368,0.2632,0.932378679,0.99707113,0.890830994,0,0,0,0,0,0,0,0,0,0,0,0,0,1,1,1,1,0.776711446,-11.19383162,0.890208566,-1.311601404,0.877446923,-1.279603757,0.776711446,-11.19383162,0.873671215,-0.807809544,0.773531962,4.974461093,0.776711446,-11.19383162,0.890830994,1.979124885,0,0,0.000480097,0,0,0.408456052,0,0,0.417476256,0,0,0.000480097,0,0,0.576110937,0,0,29.83969613,0,0,0.000480097,0,0,3.49E-05,0.00071887,0.000603206,3.49E-05,0.001052503,0.016568111,3.49E-05,7.388535514,7.388535514,381.6743199,0,0,0,201.0200304,201.0200304,0,377.0549746,1,0,19.40224346,19.40224346,377.0549746,0,6.382477079,6.382477079,381.6743199,0,0,194.2708167,194.2708167,377.0549746,1,0,2938.355139,2938.355139,406.461227,7,0,2.148558229,2.148558229,381.6743199,0,0,0.776779445,-11.71508337,0.833592911,-9.868992798,0.00033635,0.001186064,3.22E-05,3.78E-07,6.107339156,6.107339156,382.0402585,0,0,0.076200786,0.076200786,380.9018755,0,0,1,0,0,0,0,0,0,0,0,0,0,0.02687966,0,0,0.010196192,2.706513159,0,0,0,0,0,0,0,0,0,0,0,0,1219.383681,0,0,0,1
PATH,13.11999989,0,0,1,0,0,0.343657817,0.656342183,0.273722628,0.575441413,-0.151285893,0,13,0,0,13,0,0,13,13,13,13,918,13,1,1,1,1,0.323819999,-7.951083578,0.284247273,0.419366131,0.365791181,0.255535569,0.323819999,-7.951083578,0.288653095,0.286775519,0.325099461,-3.975672914,0.323819999,-7.951083578,-0.088293891,1,0,0,1,0,0,1,0,0,1,0,0,1,0,0,1,0,0,1,0,0,1,0,0,0.005805939,0.000114635,8.80E-05,0.005805939,0.000242041,3.78E-05,0.005805939,1230.134172,1230.134172,12.24809376,100,0,355.1947191,32.05566034,19.05566034,0,12.36170059,2,0,2.829306854,2.829306854,12.28908794,0,1062.633203,1049.633203,12.24809376,86,0,44.67596577,31.67596577,12.3117255,3,0,6.709922371,-6.290077629,13.19594928,0,0,357.7183724,357.7183724,12.24809376,29,0,0.323944126,-8.386245665,0.30121256,4.760911126,1,1,0.005789448,5.48E-05,1097.506756,1084.506756,12.25002814,89,0,11.03425289,-906.9657471,14.21710315,-64,0,1,0,0,0,0,0,0,0,0,0,98.78082822,0.005495873,0,84.95151227,0.003855009,0,89,-22.66627475,28.64644018,0,0,0,0.008356538,1212.561282,0,0,1041.08797,0,0,1090.252505,-326.9933726,355.1947191,1
PAYC,220.9900055,0,0,1,0,0,0.4648,0.5352,0.382259348,0.960669456,0.566866317,0,0,0,0,0,0,0,0,221,221,0,0,0,1,1,1,1,0.442055826,-8.797663919,0.395095641,0.1806052,0.524310873,-0.043837326,0.442055826,-8.797663919,0.400350868,0.120191487,0.443485781,-0.049919265,0.442055826,-8.797663919,0.566866317,1.655160208,0,0,0.011877332,0,0,1.095276195,0,0,0.978152655,0,0,0.011877332,0,0,1.062435832,0,0,0.975159523,0,0,0.011877332,0,0,0.000445185,0.000942798,0.000679117,0.000445185,0.001143289,0.000267963,0.000445185,94.32357374,94.32357374,209.4240933,0,0,0,263.6376087,263.6376087,0,209.0528271,1,0,21.84393325,21.84393325,207.5742486,0,81.48002352,81.48002352,209.4240933,0,0,211.0280199,-9.971980055,233.8529123,0,0,47.52332545,-173.4766745,233.8529123,-1,0,27.42893909,27.42893909,209.4240933,0,0,0.442252462,-9.255942071,0.415383662,3.533362759,0.009428211,5.932547666,0.00043312,0.001192953,82.1066759,82.1066759,209.5701351,0,0,240.2949548,240.2949548,220.1672462,1,0,1,0,0,0,0,0,0,0,0,0,0,0.00050966,0,0,0,-3.89E-05,0,0.195072694,0,0,0,0,0,0,0,0,0,0,0,0,0,0,1
PAYX,98.94000244,0,0,1,0,0,0.0152,0.9848,0.006762132,0.184518828,0.462509024,297,0,3265,0,3265,0,0,297,1187,0,396,0,3562,1,1,1,1,0.011682183,-5.716145602,0.007517032,5.926115447,0.014114437,5.280533979,0.011682183,-5.716145602,0.00787143,4.11861071,0.01187598,-19.76993488,0.011682183,-5.716145602,0.462509024,1.550802915,0,0,0.081423671,0,0,13.46667755,0,0,10.14473358,0,0,0.081423671,0,0,6.092962271,0,0,0.000170887,0,0,0.081423671,0,0,0.002398237,0.008932921,0.005392824,0.002398237,0.005406764,3.63E-08,0.002398237,508.1269471,211.1269471,94.4738305,2,0,188.947661,2497.94102,-767.0589804,0,102.8214353,-7,0,173.4613783,173.4613783,99.62352413,2,438.9379447,141.9379447,94.4738305,2,0,997.9792249,-189.0207751,102.9435928,-2,0,0.006445357,0.006445357,96.2266972,0,0,147.7613976,147.7613976,94.4738305,2,0,0.011693386,-6.090859252,0.008999616,3.152716105,0.069079076,3.98814453,0.0024281,0.000677894,460.2954264,64.29542639,94.53578704,1,0,136.5473454,136.5473454,98.4485095,1,0,1,0,0,0,0,0,0,0,0,0,1.021072517,-3.841123594,0.871376222,1.021072517,-0.530092318,0,0.5796651,0.155306544,1.021072517,0,0,0,0,94.4738305,-411.2857413,99.62352413,94.4738305,-102.9435928,0,94.53578704,0,94.4738305,1
PCAR,109.6800003,0,0,1,0,0,0.004,0.996,0.055290374,0.026359833,0.66262102,0,0,0,0,0,0,0,0,0,0,0,0,0,1,1,1,1,0.005172515,-5.669535727,0.016787471,4.556688378,0.010005923,5.931372164,0.005172515,-5.669535727,0.013017026,3.536088081,0.005061251,-20.20080567,0.005172515,-5.669535727,0.66262102,1.750914911,0,0,0.041763814,0,0,12.83757477,0,0,27.72652828,0,0,0.041763814,0,0,7.247806878,0,0,1.22E-05,0,0,0.041763814,0,0,0.001927617,0.013838928,0.00994158,0.001927617,0.009212551,4.18E-09,0.001927617,408.4142482,408.4142482,105.8050815,4,0,105.8050815,3869.823374,3869.823374,0,109.9004134,35,0,319.7730875,319.7730875,110.7679738,3,352.8026052,352.8026052,105.8050815,3,0,1700.450612,1700.450612,109.168914,16,0,0.000740954,0.000740954,106.5020118,0,0,118.7653213,118.7653213,105.8050815,1,0,0.005173529,-6.04293113,0.008218412,3.139261228,0.033881772,5.80326646,0.001961301,0.001349237,371.8041765,371.8041765,105.8081576,4,0,271.7750202,271.7750202,108.906659,2,0,1,0,0,0,0,0,0,0,0,0,2.00897721,11.35498928,1.649117613,1.506732908,3.12597973,0,2.28231354,0.307967533,0.502244303,0,0,0,0,211.6101631,1208.904548,221.5359477,211.6101631,327.5067419,0,211.6163151,0,105.8050815,1
PCG,12.31999969,0,0,1,0,0,0.0992,0.9008,0.089896579,0.0958159,0.049433011,0,0,0,0,0,0,0,0,0,0,0,456,0,1,1,1,1,0.09676352,-6.325336482,0.091436502,1.543288662,0.094845054,1.616892337,0.09676352,-6.325336482,0.092085645,1.078263419,0.0969384,-14.70435505,0.09676352,-6.325336482,0.049433011,1.137726902,0,0,0.442120468,0,0,1.220345635,0,0,1.231990778,0,0,0.442120468,0,0,1.149274458,0,0,0.14996743,0,0,0.442120468,0,0,0.004138237,0.000234427,0.000183932,0.004138237,0.000407602,9.43E-06,0.004138237,876.789716,876.789716,11.69495438,75,0,257.2889963,65.55347629,65.55347629,0,12.12178724,5,0,5.916207815,5.916207815,12.13009999,0,757.4018227,757.4018227,11.69495438,65,0,75.23513413,75.23513413,12.08095234,6,0,1.671931496,1.671931496,11.90110455,0,0,254.9671388,254.9671388,11.69495438,22,0,0.096765869,-6.716235579,0.093830946,4.323282789,0.420373574,1.746900781,0.004136346,0.000133508,784.1279254,784.1279254,11.70665842,67,0,26.89233479,-429.1076652,12.85606562,-33,0,1,0,0,0,0,0,0,0,0,0,46.88658001,0.186073429,0,40.63503601,0.108998625,0,47.22224944,-9.63743038,13.7533968,0,0,0,0.003348088,549.6628556,0,0,479.4931294,0,0,550.2129457,-128.5606562,163.7293613,1
PCTY,144.4700012,0,0,1,0,0,0.3996,0.6004,0.388623707,0.722594142,0.496797765,0,0,0,0,0,0,0,144,144,578,0,289,0,1,1,1,1,0.397204262,-8.476522236,0.390765628,0.188610096,0.469840861,0.054435069,0.397204262,-8.476522236,0.391412053,0.13174143,0.397260338,-1.449353158,0.397204262,-8.476522236,0.496797765,1.585091656,,,0.020148123,,,1.090767717,,,1.025392116,,,0.020148123,,,1.062564862,,,0.512921085,,,0.020148123,,,0.00064347,0.000789707,0.00059622,0.00064347,0.001005973,0.000118886,0.00064347,136.3353097,136.3353097,136.7743222,1,,0,220.8282227,220.8282227,,136.6476472,2,,19.17754379,19.17754379,136.0288816,0,117.77124,-26.22875999,143.1319923,0,,185.6822598,41.68225976,136.2416853,0,,21.08443791,-556.9155621,147.3569824,-4,,39.64579328,39.64579328,136.7743222,0,,0.397334007,-8.925742015,0.393582517,3.848315674,0.016381973,5.886706803,0.00062998,0.001058704,119.4254667,119.4254667,136.9499945,1,,213.253259,-75.74674104,152.5396229,0,,1,,,,,,,,,,1,0.00111168,0,0,0,-0.131289036,1,0,0,,,,0,136.7743222,0,0,0,0,0,136.9499945,0,0,1
PDD,75.37999725,0,0,1,0,0,0.073874755,0.926125245,0.234693878,0.183040331,0.51999587,151,151,0,0,151,0,0,0,0,0,0,302,302,1,1,1,1,0.088726423,-6.267790064,0.168905427,0.851417605,0.130214361,1.206653995,0.088726423,-6.267790064,0.151281081,0.673879096,0.0874106,-15.24296106,0.088726423,-6.267790064,0.51999587,1.608289761,,,0.050880563,,,1.498656824,,,1.774231574,,,0.050880563,,,1.377414295,,,0.00071515,,,0.050880563,,,0.001714744,0.001149958,0.001094958,0.001714744,0.001361377,1.76E-07,0.001714744,363.3116231,212.3116231,70.82250095,3,,70.82250095,321.5662609,170.5662609,,73.05110802,2,,35.21956383,35.21956383,73.65794681,0,313.8413698,313.8413698,70.82250095,4,,251.2826958,251.2826958,72.78074781,3,,0.031127011,0.031127011,71.75912903,0,,105.6496482,105.6496482,70.82250095,1,,0.088736088,-6.657207855,0.118985487,4.559718536,0.042285355,8.728972202,0.001726186,0.001629856,327.233401,327.233401,70.88744297,5,,328.2996237,26.29962372,76.64666334,0,,1,0.002459894,0.002708192,0.006493586,0.002338928,0.002459894,0.417088562,0.002535057,0.001947018,0.002459894,1.841493389,0.022653498,0,2.455324518,0.021286549,0,3.462376283,0,0.61383113,0.08693275,0.08693275,4.96E-06,0.014685837,141.6450019,0,0,141.6450019,0,0,212.6623289,0,70.82250095,1
PEG,68.06999969,0,0,0,0,0,0.0696,0.9304,0.19928401,0.027615063,0.495509918,68,136,0,0,136,0,0,0,0,0,0,0,204,1,1,1,1,0.082378947,-6.2223415,0.148634643,0.976436371,0.052347964,2.587697923,0.082378947,-6.2223415,0.135189674,0.75581428,0.081391958,-15.58693733,0.082378947,-6.2223415,0.495509918,1.583803809,0,0,0.057199179,0,0,1.566735535,0,0,3.286751382,0,0,0.057199179,0,0,1.415588928,0,0,0.000771378,0,0,0.057199179,0,0,0.001821281,0.001130621,0.001904742,0.001821281,0.001336974,1.78E-07,0.001821281,385.8842636,317.8842636,66.18201235,5,0,132.3640247,316.159077,180.159077,0,67.00820927,3,0,61.26643026,61.26643026,67.5868156,1,333.3404114,333.3404114,66.18201235,5,0,246.7782793,246.7782793,66.91417588,4,0,0.031607455,0.031607455,66.55326694,0,0,112.2136868,112.2136868,66.18201235,2,0,0.082244213,-6.609485436,0.108505038,4.467361002,0.047871454,7.80078253,0.00183479,0.001400004,347.8214447,347.8214447,66.20432466,5,0,282.0008797,282.0008797,68.27515138,4,0,1,0,0,0,0,0,0,0,0,0,3.024807324,0.044691937,0.104627821,3.024807324,0.035703452,0,3.412913885,1.247332145,1.20992293,0,0,0,0.192755772,198.546037,0,0,198.546037,0,0,198.612974,68.27515138,66.18201235,1
PEP,125.8899994,0,0,1,0,0,0.008,0.992,0.035003978,0.013807531,0.33166213,0,0,0,0,0,0,0,0,0,0,0,378,0,1,1,1,1,0.009852078,-5.703041863,0.02180515,4.047847925,0.013291324,5.399356618,0.009852078,-5.703041863,0.018866453,3.044748738,0.009686134,-19.90798586,0.009852078,-5.703041863,0.33166213,1.419956021,,,0.1353848,,,4.134144116,,,6.640280947,,,0.1353848,,,2.908297233,,,0.000930066,,,0.1353848,,,0.002877577,0.001927319,0.002459275,0.002877577,0.001987922,1.40E-07,0.002877577,609.6870896,609.6870896,122.4399403,5,,122.4399403,538.9421977,538.9421977,,125.5697119,4,,79.10311211,79.10311211,126.2389633,1,526.6691711,526.6691711,122.4399403,4,,366.9302122,366.9302122,125.2356038,3,,0.024798051,0.024798051,123.3607191,0,,177.2947036,177.2947036,122.4399403,1,,0.009851172,-6.077316954,0.013953216,3.236896875,0.118734576,3.110986505,0.002904961,0.000421207,550.6940194,550.6940194,122.4891651,4,,84.84316833,-293.1568317,129.1676339,-2,,1,,,,,,,,,,2.540991132,1.024067051,0.455516436,2.032792906,0.434554447,0,2.308361335,-0.327421918,0.508198226,,,,0,367.3198209,125.5697119,0,244.8798806,0,0,244.9783302,0,122.4399403,1
PFE,27.79999924,0,0,1,0,0,0.3956,0.6044,0.338902148,0.789539749,0.251299398,0,0,56,0,56,0,28,0,0,56,0,0,56,1,1,1,1,0.380501233,-8.356926877,0.34806518,0.271981913,0.451123869,0.088613004,0.380501233,-8.356926877,0.351741196,0.185885213,0.381436059,-1.967694634,0.380501233,-8.356926877,0.251299398,1.339593289,0,0,0.086875283,0,0,1.08276535,0,0,1.026245949,0,0,0.086875283,0,0,1.055850418,0,0,0.562543333,0,0,0.086875283,0,0,0.001488361,0.000399824,0.000299319,0.001488361,0.00060736,6.72E-05,0.001488361,315.3467423,315.3467423,26.93772561,12,0,53.87545121,111.8041443,55.80414433,0,27.10205519,2,0,9.627658029,9.627658029,26.86230664,0,272.4076173,272.4076173,26.93772561,10,0,112.1064479,112.1064479,26.97754243,4,0,11.92612591,-44.07387409,28.0976261,-2,0,91.70164197,63.70164197,26.93772561,2,0,0.380659394,-8.803165273,0.362237226,4.234513764,0.076249328,3.448805955,0.001468235,0.000401763,278.3335687,278.3335687,26.96632978,10,0,80.9265113,80.9265113,27.82306883,3,0,1,0,0,0,0,0,0,0,0,0,12,0.002311693,0,10,0.002159582,-0.120994443,10,0.840520632,2,0,0,0,0,323.2527073,0,0,269.3772561,0,0,269.6632978,27.82306883,53.87545121,1
PFG,111.9599991,0,0,1,0,0,0.2032,0.7968,0.171837709,0.658995816,0.521278672,0,0,0,0,0,0,0,0,0,0,0,0,0,1,1,1,1,0.194819204,-7.027424985,0.176879464,0.808457494,0.249800348,0.559629513,0.194819204,-7.027424985,0.178877146,0.561072785,0.19531783,-9.567604649,0.194819204,-7.027424985,0.521278672,1.609572563,0,0,0.035266068,0,0,1.469321054,0,0,1.305212819,0,0,0.035266068,0,0,1.306109745,0,0,0.010526284,0,0,0.035266068,0,0,0.001192027,0.00113105,0.000808143,0.001192027,0.001293954,2.59E-06,0.001192027,252.5608213,252.5608213,107.7278878,2,0,107.7278878,316.2790178,316.2790178,0,109.8195473,3,0,25.99409368,25.99409368,109.311762,0,218.1709284,218.1709284,107.7278878,2,0,238.8377206,238.8377206,109.4549893,2,0,0.459597821,0.459597821,107.9762152,0,0,73.44373319,73.44373319,107.7278878,1,0,0.194926676,-7.437825491,0.184664946,4.938424527,0.029008343,10.49118394,0.001188075,0.001962927,225.2235945,225.2235945,107.7667131,2,0,395.3897238,395.3897238,112.8745781,4,0,1,0,0,0,0,0,0,0,0,0,1.543271935,0.030637665,0,1.543271935,0.009837583,0,1.728789001,1.5242523,0.771635968,0,0,0,0,215.4557756,0,0,215.4557756,0,0,215.5334262,225.7491561,107.7278878,1
PG,144.9100037,0,0,1,0,0,0.3048,0.6952,0.280827367,0.30083682,0.494837689,0,0,0,0,0,0,0,0,0,0,0,0,0,1,1,1,1,0.298606829,-7.770554756,0.284855765,0.417776883,0.29528833,0.423054989,0.298606829,-7.770554756,0.286541367,0.290600023,0.299050055,-4.989983474,0.298606829,-7.770554756,0.494837689,1.58313158,,,0.028160615,,,1.211584184,,,1.214525583,,,0.028160615,,,1.142824779,,,0.101021406,,,0.028160615,,,0.000895255,0.000872845,0.000702619,0.000895255,0.001078002,2.33E-05,0.000895255,189.6823969,189.6823969,141.7028643,1,,0,244.076456,244.076456,,142.2116157,2,,22.59989747,22.59989747,142.2495893,0,163.8543319,163.8543319,141.7028643,1,,198.9772934,198.9772934,141.9710549,1,,4.132476507,4.132476507,140.9528499,0,,55.15892481,55.15892481,141.7028643,0,,0.298616123,-8.20005698,0.291065468,4.819552302,0.02311794,9.153404931,0.000884506,0.00164096,167.6760416,167.6760416,141.714456,1,,330.5363002,330.5363002,145.5039433,2,,1,,,,,,,,,,0.943461269,0.005454298,0,0.943461269,0.001319506,0,1,0.725877637,0,,,,0,141.7028643,0,0,141.7028643,0,0,141.714456,145.5039433,0,1
PGR,210.3099976,0,0,1,0,0,0.264,0.736,0.361177407,0.246443515,1.003899911,0,0,3996,0,3996,0,0,2734,2103,0,2524,0,3996,1,1,1,1,0.28240216,-7.654527704,0.338695827,0.291599534,0.281304195,0.461912743,0.28240216,-7.654527704,0.33032977,0.217643629,0.28099581,-5.724829127,0.28240216,-7.654527704,1.003899911,2.092193802,2.112863873,3.805521981,0.003515149,0.81336936,0.848602495,1.240187552,0.782864767,0.823366656,1.406339284,0.778452908,0.81970396,0.003515149,0.966750844,0.973370013,1.174294329,0.891652843,0.912698455,0.014608608,1.023633043,1.01884704,0.003515149,0.891652843,0.912698455,0.000313614,0.002726036,0.002551829,0.000313614,0.002528931,1.01E-05,0.000313614,66.44709603,66.44709603,203.6775718,0,1,0,762.2902099,-3233.70979,0.003744401,217.6297596,-15,0,82.08012244,82.08012244,205.0721596,0,57.39934072,-2676.600659,209.6294445,-13,-1,466.7895357,-1636.210464,217.6297596,-8,-2,1.790040252,1.790040252,203.4539708,0,1,19.32256463,19.32256463,203.6775718,0,0,0.282347923,-8.080467817,0.31009456,4.702820413,0.002566768,32.19090691,0.000308928,0.011850381,58.56362256,-2465.436377,209.6294445,-12,-3,2387.005927,2387.005927,211.642971,11,-2,1,0.00136067,0.001516223,0.001165832,0.001334476,0.00136067,0.311184322,0.001397563,0.001008871,0.00136067,0,-0.019928974,0,-11.90145823,-0.005921094,0,-12,3.801276847,0,-0.09342154,0.09342154,7.12E-06,-0.005650855,0,0,0,-2515.553334,0,0,-2515.553334,846.571884,0,1
PH,972.5499878,1,1,0,0,1,0.4104,0.5896,0.4566428,0.333472803,0.855356833,0,0,0,0,0,0,0,0,0,0,0,0,0,1,1,1,1,0.420556697,-8.643728005,0.447426345,0.088236461,0.391159173,0.203186376,0.420556697,-8.643728005,0.443916538,0.066243915,0.419868703,-0.74354746,0.420556697,-8.643728005,0.855356833,1.943650724,0,0,0.00320083,0,0,1.060392508,0,0,1.144572458,0,0,0.00320083,0,0,1.045007004,0,0,0.610096667,0,0,0.00320083,0,0,0.00021744,0.001735978,0.001535577,0.00021744,0.001809584,0.000315478,0.00021744,46.07018584,46.07018584,942.6377784,0,0,0,485.4370216,485.4370216,0,940.4019708,1,0,49.39216502,49.39216502,942.775485,0,39.79704836,39.79704836,942.6377784,0,0,334.0126011,334.0126011,940.4019708,0,0,55.94998822,55.94998822,940.4019708,0,0,13.39703609,13.39703609,942.6377784,0,0,0.420465686,-9.095785306,0.434654162,3.223310319,0.002370231,8.517381522,0.000210762,0.002592775,39.95425242,39.95425242,942.7834863,0,0,522.2591844,522.2591844,968.7305709,1,0,1,0,0,0,0,0,0,0,0,0,0,0.000121651,0,0,0,0,0,0.162339522,0,0,0,0,0,0,0,0,0,0,0,0,0,0,1
PHM,115.7300034,0,0,1,0,0,0.1144,0.8856,0.182975338,0.172384937,0.693955367,0,0,347,0,347,0,0,0,0,0,0,0,347,1,1,1,1,0.125931474,-6.534181948,0.165254722,0.872153422,0.150576484,1.041810474,0.125931474,-6.534181948,0.158857461,0.639878561,0.124987193,-13.16091741,0.125931474,-6.534181948,0.693955367,1.782249258,0,0,0.022915352,0,0,1.655323902,0,0,1.825835102,0,0,0.022915352,0,0,1.447402525,0,0,0.000497766,0,0,0.022915352,0,0,0.001129427,0.001915684,0.001716824,0.001129427,0.001938972,1.83E-07,0.001129427,239.2975867,239.2975867,110.7813717,2,0,110.7813717,535.6886595,188.6886595,0,112.6567376,2,0,55.22201107,55.22201107,112.9002671,0,206.7136795,206.7136795,110.7813717,2,0,357.8950874,357.8950874,112.3991425,3,0,0.03245475,0.03245475,111.3850913,0,0,69.58683465,69.58683465,110.7813717,1,0,0.125939344,-6.930692708,0.144329175,4.746739781,0.018222789,15.53394955,0.001134639,0.00378075,215.0937694,215.0937694,110.7969612,2,0,761.5511587,761.5511587,116.9735795,7,0,1,0,0,0,0,0,0,0,0,0,1.334235429,0.023770362,0,1.334235429,0.019192714,0,1.501078169,2.464387028,0.667117714,0,0,0,0,110.7813717,0,0,110.7813717,0,0,221.5939224,233.9471591,110.7813717,1
PINS,19.26000023,0,0,1,0,0,0.369693713,0.630306287,0.517333333,0.370645346,0.249252421,0,0,0,0,0,0,77,0,58,0,0,77,0,1,1,1,1,0.397204653,-8.476525038,0.482641619,0.028917434,0.407587536,0.170739391,0.397204653,-8.476525038,0.469758423,0.035480044,0.395071789,-1.519847754,0.397204653,-8.476525038,0.249252421,1.337546312,0,0,0.084984565,0,0,1.00844572,0,0,1.05091089,0,0,0.084984565,0,0,1.010372327,0,0,0.642731835,0,0,0.084984565,0,0,0.001447752,0.000370109,0.000304597,0.001447752,0.000578574,7.64E-05,0.001447752,306.7426335,306.7426335,17.92264623,17,0,17.92264623,103.4948827,103.4948827,0,17.69649267,6,0,9.797429342,9.797429342,17.9054503,1,264.9750852,264.9750852,17.92264623,15,0,106.7931021,48.79310209,17.69649267,3,0,13.54440449,13.54440449,17.69649267,1,0,89.19959961,12.19959961,17.92264623,1,0,0.397146867,-8.924366333,0.438922237,3.150620611,0.074605998,2.50006441,0.00142759,0.000290094,270.6284103,270.6284103,17.93585947,15,0,58.43315339,-18.56684661,20.53591712,-1,0,1,0,0,0,0,0,0,0,0,0,17,7.84E-05,0.000455499,15,5.90E-05,0.036092769,15,-0.15510016,1,0,0,0,0,304.6849859,0,0,268.8396934,0,0,269.037892,0,17.92264623,0
PKG,228.5399933,0,0,1,0,0,0.118,0.882,0.138424821,0.326778243,0.621288647,0,0,0,0,0,0,0,0,0,0,0,0,0,1,1,1,1,0.122531626,-6.509838696,0.134363021,1.081769277,0.162602382,0.959991121,0.122531626,-6.509838696,0.13263863,0.770222962,0.1221379,-13.31483306,0.122531626,-6.509838696,0.621288647,1.709582538,0,0,0.03047356,0,0,1.78621333,0,0,1.673294573,0,0,0.03047356,0,0,1.511392567,0,0,0.000792698,0,0,0.03047356,0,0,0.001287494,0.001750018,0.001326524,0.001287494,0.001789911,2.47E-07,0.001287494,272.7879124,272.7879124,219.1305169,1,0,0,489.3631206,489.3631206,0,224.3048144,2,0,42.66794776,42.66794776,224.1076624,0,235.6438018,235.6438018,219.1305169,1,0,330.3812939,330.3812939,223.7353909,1,0,0.043875714,0.043875714,221.3737613,0,0,79.32569492,79.32569492,219.1305169,0,0,0.122579891,-6.905997034,0.128540902,4.636266309,0.024641199,12.01545996,0.001292986,0.002626525,245.1115031,245.1115031,219.3158758,1,0,529.0573419,529.0573419,230.3414384,2,0,1,0,0,0,0,0,0,0,0,0,0.662156248,0.036569524,0,0.662156248,0.009269428,0,0.745199922,0.671717665,0,0,0,0,0,219.1305169,0,0,219.1305169,0,0,219.3158758,230.3414384,0,1
PLTR,188.75,0,0,1,0,0,0.730434783,0.269565217,0.643472498,0.740072202,1.054535452,0,0,189,0,189,0,0,0,189,1510,0,0,189,1,1,1,1,0.707256078,-10.69652424,0.657573432,-0.283720756,0.703034401,-0.418550897,0.707256078,-10.69652424,0.663508167,-0.208284203,0.708881563,4.676587532,0.707256078,-10.69652424,1.036381153,2.124675044,,,0.000315579,,,0.807495889,,,0.729476698,,,0.000315579,,,0.854732345,,,33.93220662,,,0.000315579,,,2.98E-05,0.00188779,0.001409952,2.98E-05,0.001926639,0.024909307,2.98E-05,6.315423479,6.315423479,174.9286204,0,,0,527.88875,338.88875,,170.2681255,2,,45.35140996,45.35140996,170.2681255,0,5.455485126,5.455485126,174.9286204,0,,355.6186273,166.6186273,170.2681255,1,,4417.666455,2907.666455,193.74681,15,,1.836501302,1.836501302,174.9286204,0,,0.707306869,-11.20438353,0.679676286,-3.309266933,0.000215223,0.0825851,2.76E-05,3.16E-05,5.231572044,5.231572044,174.9625819,0,,6.372185764,6.372185764,170.2681255,0,,1,,,,,,,,,,0,0.002515546,0,0,0.000677849,5.125891627,0,0,0,,,,0.01625517,0,0,0,0,0,968.7340498,0,0,0,1
PM,187.4600067,0,0,1,0,0,0.2704,0.7296,0.235481305,0.623012552,0.586547714,0,0,0,0,0,0,0,0,0,0,0,0,0,1,1,1,1,0.261270154,-7.50322043,0.241235596,0.544788027,0.31924334,0.361511671,0.261270154,-7.50322043,0.243499281,0.377794111,0.261816635,-6.534025967,0.261270154,-7.50322043,0.586547714,1.674841605,0,0,0.020867751,0,0,1.324397073,0,0,1.204950264,0,0,0.020867751,0,0,1.215111022,0,0,0.034399313,0,0,0.020867751,0,0,0.000817142,0.001195235,0.000878122,0.000817142,0.001354159,9.90E-06,0.000817142,173.1320008,173.1320008,181.2269175,1,0,0,334.2272657,334.2272657,0,183.2778535,2,0,28.24499547,28.24499547,182.6061911,0,149.5575171,149.5575171,181.2269175,1,0,249.9503553,249.9503553,182.895675,1,0,1.756230562,1.756230562,181.1067359,0,0,50.34613211,50.34613211,181.2269175,0,0,0.261388875,-7.92639576,0.250012325,4.972725904,0.016776273,12.99451342,0.000809053,0.002693958,153.3722382,153.3722382,181.2701535,1,0,542.6402289,542.6402289,188.8581642,3,0,1,0,0,0,0,0,0,0,0,0,0.8796612,0.009274812,0,0.8796612,0.002230131,0,0.98168359,1.159125137,0,0,0,0,0,181.2269175,0,0,181.2269175,0,0,181.2701535,188.8581642,0,1
PNC,221.0299988,0,0,1,0,0,0.018,0.982,0.116945107,0.181171548,0.565196425,0,0,0,0,0,0,0,0,0,0,0,0,0,1,1,1,1,0.022698108,-5.795020722,0.058997382,2.192993465,0.044173281,2.910293037,0.022698108,-5.795020722,0.048892185,1.764966027,0.022260039,-19.12053183,0.022698108,-5.795020722,0.565196425,1.653490316,0,0,0.054244771,0,0,3.012682773,0,0,4.321284086,0,0,0.054244771,0,0,2.429246037,0,0,6.67E-05,0,0,0.054244771,0,0,0.002025614,0.002582822,0.002987811,0.002025614,0.002606314,1.83E-08,0.002025614,429.177287,429.177287,212.1348174,2,0,212.1348174,722.242693,722.242693,0,218.6008586,3,0,96.10360055,96.10360055,219.3741664,0,370.738449,370.738449,212.1348174,2,0,481.0729248,481.0729248,218.3837706,2,0,0.003237057,0.003237057,215.219273,0,0,124.8031345,124.8031345,212.1348174,1,0,0.022704627,-6.171803981,0.033850057,3.555243198,0.044881544,5.976831349,0.002053265,0.001198731,389.2377916,389.2377916,212.2197597,2,0,241.4588276,241.4588276,220.4712879,1,0,1,0,0,0,0,0,0,0,0,0,1.049445786,0.225432203,0,1.049445786,0.097347034,0,1.190348887,0.197496159,0.524722893,0,0,0,0,212.1348174,0,0,212.1348174,0,0,212.2197597,0,212.1348174,1
PNR,53.02999878,1,1,0,1,1,0.0188,0.9812,0.052108194,0.00460251,0.27376282,0,212,0,0,212,0,53,318,159,0,265,371,212,1,1,1,1,0.022103212,-5.790761209,0.039194757,2.910181037,0.009955607,5.940327064,0.022103212,-5.790761209,0.035877041,2.162517408,0.021876882,-19.14434065,0.022103212,-5.790761209,0.27376282,1.362056711,0,0,0.167073549,0,0,2.457719403,0,0,6.268495533,0,0,0.167073549,0,0,1.950740205,0,0,0.002697252,0,0,0.167073549,0,0,0.003044037,0.000969981,0.001957299,0.003044037,0.001178767,3.44E-07,0.003044037,644.9558694,644.9558694,50.98340502,13,0,152.950215,271.2389047,59.2389047,0,52.63875833,1,0,62.95694601,62.95694601,53.50617397,1,557.1355846,239.1355846,50.98340502,5,0,217.5764685,58.5764685,52.51861732,1,0,0.061049725,0.061049725,51.67005818,0,0,187.5507315,134.5507315,50.98340502,3,0,0.022038934,-6.166910408,0.028970207,3.48009759,0.148740859,2.930976648,0.003066739,0.000356411,581.3622345,316.3622345,51.02007948,6,0,71.79146551,-299.2085345,55.06537527,-5,0,1,0,0,0,0,0,0,0,0,0,6.811373437,0.132330526,0.551366963,2.619759014,0.073070024,0,3.565385998,-0.946178065,1.571855409,0,0,0,0,356.8838351,0,53.50617397,152.950215,0,0,204.0803179,-55.06537527,101.96681,1
PNW,95.91999817,1,1,0,1,1,0.5056,0.4944,0.719570406,0.187866109,0.398168464,0,0,0,0,0,0,0,0,0,0,0,0,0,1,1,1,1,0.54310078,-9.521155898,0.666794111,-0.303364102,0.336123519,0.321289796,0.54310078,-9.521155898,0.649315884,-0.187405265,0.540840907,2.338288731,0.54310078,-9.521155898,0.398168464,1.486462355,0,0,0.022955975,0,0,0.886695863,0,0,1.135824667,0,0,0.022955975,0,0,0.928404956,0,0,2.526652754,0,0,0.022955975,0,0,0.000577999,0.000496453,0.0005075,0.000577999,0.000726704,0.000454821,0.000577999,122.4636148,122.4636148,93.83019731,1,0,0,138.8248535,138.8248535,0,93.55874212,1,0,16.32384264,16.32384264,94.11142569,0,105.7883816,105.7883816,93.83019731,1,0,134.1349422,134.1349422,93.55874212,1,0,80.66246606,80.66246606,95.21595341,1,0,35.61195679,35.61195679,93.83019731,0,0,0.542323329,-9.991573021,0.604153499,-0.78369921,0.019050728,0.73296479,0.000562584,0.000111682,106.6491645,106.6491645,93.86486056,1,0,22.49591458,22.49591458,93.55874212,0,0,1,0,0,0,0,0,0,0,0,0,1,0.001437965,0,1,0.000548761,0.085431159,1,0,0,0,0,0,0,93.83019731,0,0,93.83019731,0,0,93.86486056,0,0,1
PODD,131.6900024,0,0,1,0,0,0.102,0.898,0.203261734,0.073640167,0.487355851,132,0,263,0,263,0,0,132,132,0,132,0,395,1,1,1,1,0.115934005,-6.462599066,0.172307817,0.83271018,0.104513687,1.483493112,0.115934005,-6.462599066,0.162344108,0.625071314,0.114829579,-13.71258999,0.115934005,-6.462599066,0.487355851,1.575649742,0,0,0.052953813,0,0,1.460248229,0,0,1.963044204,0,0,0.052953813,0,0,1.328698312,0,0,0.001960272,0,0,0.052953813,0,0,0.001654199,0.001032236,0.001113803,0.001654199,0.001235875,4.44E-07,0.001654199,350.4836422,218.4836422,124.5275515,2,0,124.5275515,288.6473711,25.6473711,0,128.1249583,0,0,35.825712,35.825712,129.1344402,0,302.7601084,170.7601084,124.5275515,1,0,228.1175547,96.1175547,127.6816854,1,0,0.078707829,0.078707829,126.2615406,0,0,101.9193198,101.9193198,124.5275515,1,0,0.115866722,-6.856647863,0.140699653,4.723108557,0.044267856,8.562952152,0.001661054,0.001516455,314.8862642,182.8862642,124.710176,1,0,305.457402,305.457402,132.6774666,2,0,1,0,0,0,0,0,0,0,0,0,1.305162084,0,0,0.652581042,0.006104909,0,0.734587811,0.697117326,0.652581042,0,0,0,0,124.5275515,0,0,124.5275515,0,0,124.710176,132.6774666,124.5275515,1
POOL,161.4199982,0,0,1,0,0,0.0348,0.9652,0.119331742,0.035564854,0.36621965,484,161,0,0,161,0,323,484,484,0,161,323,645,1,1,1,1,0.04202626,-5.933412224,0.083034386,1.674727098,0.045558057,2.850363777,0.04202626,-5.933412224,0.073844605,1.295886867,0.041402054,-17.94602735,0.04202626,-5.933412224,0.36621965,1.454513541,,,0.108275052,,,1.872870964,,,2.909409375,,,0.108275052,,,1.625039117,,,0.001201884,,,0.108275052,,,0.002515565,0.000961297,0.001189163,0.002515565,0.001192737,1.99E-07,0.002515565,532.9857758,48.98577576,154.4225419,0,,-160.1809287,268.8105917,107.8105917,,158.2585032,1,,38.24967394,38.24967394,159.5396576,0,460.411876,-23.58812396,160.1809287,0,,220.1551303,-263.8448697,168.4997634,-2,,0.035225577,0.035225577,155.7298758,0,,154.9902511,-168.0097489,160.1809287,-1,,0.042009747,-6.313717851,0.057190585,3.888320711,0.093895747,4.292386992,0.002535914,0.000618367,480.7336358,319.7336358,154.4298371,2,,124.5568306,-198.4431694,168.4997634,-1,,0,,,,,,,,,,0,0.043823607,0,0,-0.052478837,0,1.245719784,-0.236234968,-0.550084072,,,,-32.47089106,0,0,0,0,0,0,154.4298371,0,-160.1809287,1
POWW,2.289999962,1,1,0,1,1,0.727310402,0.272689598,0.658014009,0.570560139,0.3954062,0,0,0,0,0,0,0,0,0,0,0,0,0,1,1,1,1,0.70883648,-10.70784008,0.66928656,-0.308775095,0.642809018,-0.274031164,0.70883648,-10.70784008,0.674244463,-0.224716828,0.710270566,4.686502102,0.70883648,-10.70784008,0.3954062,1.483700091,,,0.014630296,,,0.885304322,,,0.897523487,,,0.014630296,,,0.915157077,,,6.35351364,,,0.014630296,,,0.000365843,0.000491999,0.000397977,0.000365843,0.0007124,0.001135351,0.000365843,77.51303349,77.51303349,2.142693279,36,,23.56962607,137.5793176,137.5793176,,2.115821396,65,,12.80103189,12.80103189,2.115821396,6,66.95848705,66.95848705,2.142693279,31,,131.4947242,131.4947242,2.115821396,62,,201.3544919,201.3544919,2.30245215,87,,22.54049746,22.54049746,2.142693279,11,,0.708737762,-11.21490216,0.68718005,-3.585121746,0.011977605,0.243054288,0.000351015,3.69E-05,66.54193631,66.54193631,2.143298652,31,,7.424020471,7.424020471,2.115821396,4,,1,,,,,,,,,,36,0.096831779,0.007039976,31,0.048919601,29.85636359,31,0.803318621,11,,,,0.096121717,77.13695804,0,0,66.42349164,0,69.07356449,66.4422582,2.115821396,23.56962607,1
PPG,105.1500015,0,0,1,0,0,0.1944,0.8056,0.288782816,0.148117155,0.213160943,0,0,0,0,0,0,0,0,0,0,0,526,0,1,1,1,1,0.211015128,-7.143389417,0.265434184,0.470819234,0.193346431,0.787893984,0.211015128,-7.143389417,0.257085877,0.348135541,0.209761946,-8.878609828,0.211015128,-7.143389417,0.213160943,1.301454834,0,0,0.152260893,0,0,1.132075578,0,0,1.230716435,0,0,0.152260893,0,0,1.09606633,0,0,0.096389263,0,0,0.152260893,0,0,0.00234409,0.000372411,0.000318868,0.00234409,0.000578815,1.03E-05,0.00234409,496.6545288,496.6545288,100.8433223,5,0,100.8433223,104.1384195,104.1384195,0,102.2298484,1,0,10.25645705,10.25645705,102.8715718,0,429.027666,429.027666,100.8433223,4,0,106.8375478,106.8375478,101.5635469,1,0,1.823951244,1.823951244,101.1882624,0,0,144.4252617,144.4252617,100.8433223,1,0,0.210928739,-7.555458251,0.237189611,4.992935461,0.136595284,3.726808829,0.002335789,0.000402964,442.7960388,442.7960388,100.9316406,4,0,81.16844565,-444.8315544,109.5333666,-4,0,1,0,0,0,0,0,0,0,0,0,3.986563465,0.003463605,0,3.189250772,0.001893724,0,3.567809337,-1.558087783,0.797312693,0,0,0,0,403.373289,0,0,302.5299668,0,0,403.7265624,-219.0667333,100.8433223,1
PPL,32.79999924,1,1,0,1,1,0.1708,0.8292,0.27008751,0.073640167,0.291127119,0,0,0,0,0,0,0,0,0,0,0,525,0,1,1,1,1,0.187031092,-6.971661325,0.243934752,0.536033179,0.12655745,1.240609532,0.187031092,-6.971661325,0.23523154,0.397010256,0.185927237,-10.02449565,0.187031092,-6.971661325,0.291127119,1.37942101,0,0,0.106189351,0,0,1.188179731,0,0,1.490421912,0,0,0.106189351,0,0,1.136216461,0,0,0.039774953,0,0,0.106189351,0,0,0.002027614,0.000493316,0.000490185,0.002027614,0.000712819,5.34E-06,0.002027614,429.6011275,429.6011275,31.97922028,13,0,127.9168811,137.9475239,137.9475239,0,32.17695436,4,0,15.76689981,15.76689981,32.35838097,0,371.1045774,371.1045774,31.97922028,12,0,131.5719736,131.5719736,32.14040412,4,0,0.94628128,0.94628128,32.01688148,0,0,124.9263858,124.9263858,31.97922028,4,0,0.186804783,-7.37812064,0.214094062,4.99615375,0.093175104,4.988234631,0.002023769,0.000626735,383.6462314,383.6462314,31.9867049,12,0,126.2424551,-398.7575449,33.61065531,-12,0,1,0,0,0,0,0,0,0,0,0,9.872700019,0.017958223,0,9.113261556,0.009851071,0,10.20687453,-4.680291054,3.037753852,0,0,0,0.015035125,319.7922028,0,0,287.8129826,0,0,319.867049,-168.0532766,95.93766085,1
PRI,275.4200134,0,0,1,0,0,0.0508,0.9492,0.135640414,0.115481172,0.732872697,0,0,0,0,0,0,0,0,0,0,0,0,0,1,1,1,1,0.059963693,-6.061846036,0.104438081,1.372632258,0.084739194,1.780609643,0.059963693,-6.061846036,0.095320723,1.046399523,0.059163843,-16.88242899,0.059963693,-6.061846036,0.732872697,1.821166588,,,0.026411944,,,2.277006973,,,2.907911199,,,0.026411944,,,1.872534269,,,4.02E-05,,,0.026411944,,,0.00141011,0.002873025,0.002987503,0.00141011,0.00267417,1.61E-08,0.00141011,298.7672726,298.7672726,265.3420542,1,,0,803.3931667,803.3931667,,271.5539741,3,,96.09368647,96.09368647,272.2468162,0,258.0856877,258.0856877,265.3420542,1,,493.5976387,493.5976387,271.0587416,2,,0.002856489,0.002856489,267.776618,0,,86.88039475,86.88039475,265.3420542,0,,0.059970335,-6.445747931,0.077685462,4.144853788,0.020982229,11.99806836,0.001427763,0.003087575,270.661301,270.661301,265.4360789,1,,621.9259363,621.9259363,275.8303348,2,,1,,,,,,,,,,0.574155896,0.088318093,0,0.574155896,0.034217249,0,0.649182287,0.536869154,0,,,,0,265.3420542,0,0,265.3420542,0,0,265.4360789,275.8303348,0,1
PROP,0.3759,1,1,0,1,1,0.0756,0.9244,0.177008751,0.041841004,0.440218673,0,0,0,0,0,0,0,0,0,0,0,0,0,0,0,0,0,0.08765679,-6.260131379,0.142315102,1.021028382,0.068634254,2.112796238,0.08765679,-6.260131379,0.132011292,0.773833172,0.086707531,-15.28299326,0.08765679,-6.260131379,0.440218673,1.528512564,0,0,0.070218536,0,0,1.542211339,0,0,2.450884679,0,0,0.070218536,0,0,1.388652162,0,0,0.001526926,0,0,0.070218536,0,0,0,0,0,0,0,0,0,0,0,0.372209809,0,0,0,0,0,0,0.379488398,0,0,0,0,0.384517712,0,0,0,0.372209809,0,0,0,0,0.378007817,0,0,0,0,0.375408463,0,0,0,0,0.372209809,0,0,0.087571097,-6.648643894,0.11053332,4.485920699,0.059547146,6.708357191,0,0,0,0,0.372237486,0,0,0,0,0.416456432,0,0,0,0,0,0,0,0,0,0,0,0,0,0,0,0,0,0,0,0,0,0,0,0,0,0,0,0,0,0,0,0,0,0,0
PROSY,7.829999924,0,0,1,0,0,0.071601942,0.928398058,0.083032491,0.156697009,0.265556063,0,0,8,0,8,0,0,0,0,0,0,102,8,1,1,1,1,0.074153358,-6.163445458,0.080774303,1.713560737,0.093855501,1.631727396,0.074153358,-6.163445458,0.079819292,1.216439473,0.073934811,-16.01714631,0.074153358,-6.163445458,0.265556063,1.353849954,,,0.15455113,,,1.680560309,,,1.639408739,,,0.15455113,,,1.445598177,,,0.007809361,,,0.15455113,,,0.002753597,0.000647417,0.000499367,0.002753597,0.000858034,9.73E-07,0.002753597,583.4187396,583.4187396,7.525759281,78,,173.0924635,181.0391654,173.0391654,,7.731161404,22,,16.062254,16.062254,7.723795117,2,503.9776457,503.9776457,7.525759281,67,,158.3757692,158.3757692,7.700617118,21,,0.172603616,0.172603616,7.590365936,0,,169.6559666,169.6559666,7.525759281,23,,0.074177664,-6.550187429,0.077530779,4.143043483,0.137463798,3.508346228,0.002764688,0.000420018,524.10249,524.10249,7.532390216,70,,84.60371971,-17.39628029,8.177097226,-2,,1,,,,,,,,,,46.29794801,1.009349825,0.083204197,39.76875022,0.485534763,0,46.92729492,-0.536400291,13.65195903,,,,0.049152103,346.1849269,7.731161404,0,301.0303712,0,0,354.0223402,-8.177097226,105.3606299,1
PRU,112.5999985,0,0,1,0,0,0.0532,0.9468,0.103420843,0.552301255,0.407106571,0,0,0,0,0,0,0,0,0,0,0,0,0,1,1,1,1,0.060420662,-6.065117982,0.0885644,1.586085345,0.101779867,1.519221588,0.060420662,-6.065117982,0.083487398,1.171921763,0.059791557,-16.8453024,0.060420662,-6.065117982,0.407106571,1.495400462,0,0,0.087111417,0,0,1.893129516,0,0,1.842872896,0,0,0.087111417,0,0,1.602515098,0,0,0.001138038,0,0,0.087111417,0,0,0.002242552,0.001085678,0.000843907,0.002242552,0.001276825,2.10E-07,0.002242552,475.1410853,475.1410853,107.8696652,4,0,107.8696652,303.5916721,303.5916721,0,111.0840522,3,0,27.14446135,27.14446135,111.0581186,0,410.4435961,410.4435961,107.8696652,4,0,235.6761271,235.6761271,110.760911,2,0,0.037198696,0.037198696,108.8680734,0,0,138.1692335,138.1692335,107.8696652,1,0,0.060448341,-6.449261796,0.072778904,4.086498112,0.07463509,5.177811518,0.002259025,0.000801244,428.2437299,428.2437299,107.932894,4,0,161.3934398,161.3934398,112.8287371,1,0,1,0,0,0,0,0,0,0,0,0,2.299103508,0.117921878,0,2.299103508,0.042918769,0,2.599561107,0.260929169,0.574775877,0,0,0,0,215.7393305,0,0,215.7393305,0,0,323.7986819,0,107.8696652,1
PRYMY,73.36000061,1,1,0,1,1,0.5552,0.4448,0.708996815,0.230962343,0.717931353,0,0,0,0,0,0,0,0,220,220,0,220,0,1,1,1,1,0.584456863,-9.817269585,0.673902313,-0.318916,0.388749954,0.208032235,0.584456863,-9.817269585,0.662056296,-0.206106063,0.582798803,3.133742459,0.584456863,-9.817269585,0.717931353,1.806225244,,,0.003014401,,,0.828154432,,,1.130880808,,,0.003014401,,,0.885274089,,,6.377596363,,,0.003014401,,,0.000156103,0.001011048,0.001123247,0.000156103,0.001233796,0.002471241,0.000156103,33.07439821,33.07439821,70.46751363,0,,0,282.7225573,282.7225573,,69.61822647,4,,36.12947969,36.12947969,70.38531019,1,28.57082951,28.57082951,70.46751363,0,,227.7338793,7.733879251,69.61822647,0,,438.2746026,218.2746026,73.50881944,3,,9.617910114,9.617910114,70.46751363,0,,0.583784923,-10.29636135,0.630105855,-1.600116764,0.002270825,0.38827101,0.000149376,9.78E-05,28.31729622,28.31729622,70.4759585,0,,19.702855,-200.297145,74.6833613,-3,,1,,,,,,,,,,0,0.006356713,0.00067621,0,0,0.460328522,0,-0.120017515,0,,,,23.37322922,0,0,0,0,0,0,0,0,0,1
PSKY,9.5,0,0,1,0,0,0.276,0.724,0.143198091,0.617573222,-0.05397519,0,0,0,0,0,0,0,0,0,0,10,0,0,1,1,1,1,0.225482659,-7.24697839,0.156837186,0.922807443,0.250248492,0.558122984,0.225482659,-7.24697839,0.1631195,0.621845686,0.228446889,-8.012084958,0.225482659,-7.24697839,-0.05397519,1.034318701,0,0,0.783069029,0,0,1.031628112,0,0,1.01901117,0,0,0.783069029,0,0,1.021204597,0,0,0.763111305,0,0,0.783069029,0,0,0.005151216,0.000135354,0.000102933,0.005151216,0.000273145,3.30E-05,0.005151216,1091.414815,1091.414815,8.969783391,122,0,313.9424187,37.84949222,37.84949222,0,9.193919081,4,0,3.310868572,3.310868572,9.136163739,0,942.802539,942.802539,8.969783391,105,0,50.41698317,50.41698317,9.154848843,6,0,5.847481962,5.847481962,8.983739367,1,0,317.3793073,317.3793073,8.969783391,35,0,0.225636699,-7.663577939,0.182522455,4.931516068,0.772138204,1.18105003,0.005135338,7.06E-05,973.5069566,963.5069566,8.973736101,107,0,14.21771415,14.21771415,9.565662908,1,0,1,0,0,0,0,0,0,0,0,0,100.1137638,0.053223349,0,86.16348526,0.03625238,1,98.18993236,0.379997668,28.72116175,0,0,0,0.547266803,896.9783391,0,0,771.4013717,0,8.983739367,879.4261379,0,260.1237184,1
PTC,144.0299988,1,1,0,1,1,0.5724,0.4276,0.779634049,0.620083682,0.515017193,0,0,0,0,0,0,0,0,432,288,0,0,0,1,1,1,1,0.611961744,-10.01420729,0.732024843,-0.463590915,0.64534432,-0.279565959,0.611961744,-10.01420729,0.714097004,-0.291763265,0.608876677,3.557167689,0.611961744,-10.01420729,0.515017193,1.603311084,,,0.008849308,,,0.803444002,,,0.87636294,,,0.008849308,,,0.871331348,,,5.361455134,,,0.008849308,,,0.000294831,0.000608903,0.000534011,0.000294831,0.000853317,0.001299851,0.000294831,62.46735935,62.46735935,138.4213861,0,,0,170.2693735,170.2693735,,137.1208369,1,,17.17659259,17.17659259,137.1208369,0,53.96150407,53.96150407,138.4213861,0,,157.505048,-274.494952,150.0860416,-2,,230.5285365,-57.47146347,151.3198528,0,,18.16527223,18.16527223,138.4213861,0,,0.611913567,-10.50313782,0.67101033,-2.996292434,0.00702538,0.243056216,0.00028316,4.50E-05,53.67878685,53.67878685,138.4280117,0,,9.068575828,9.068575828,137.1208369,0,,1,,,,,,,,,,0,0.003358071,0,0,-0.002660181,0,0,0,0,,,,0,0,0,0,0,0,0,0,0,0,1
PTON,4.920000076,0,0,1,0,0,0.373142857,0.626857143,0.48185941,0.43902439,0.120664222,25,0,0,30,30,0,30,0,0,0,0,364,55,1,1,1,1,0.394872174,-8.459824255,0.457952653,0.070357171,0.426950879,0.13363459,0.394872174,-8.459824255,0.448735244,0.060457176,0.393170449,-1.581402249,0.394872174,-8.459824255,0.120664222,1.208958113,,,0.200823844,,,1.013440422,,,1.025682614,,,0.200823844,,,1.011538348,,,0.740755113,,,0.200823844,,,0.002353423,0.000248223,0.000196423,0.002353423,0.000429421,5.91E-05,0.002353423,498.6318895,473.6318895,4.542108215,104,,113.5527054,69.41133181,39.41133181,,4.498834751,9,,6.317993679,6.317993679,4.501163086,1,430.7357797,430.7357797,4.542108215,95,,79.26250307,79.26250307,4.498834751,18,,10.48750538,10.48750538,4.498834751,2,,145.0002707,115.0002707,4.542108215,25,,0.394871017,-8.907636337,0.426350855,3.360548805,0.184463532,1.892112875,0.002329695,0.00016914,441.6407935,441.6407935,4.543722365,97,,34.06973042,-329.9302696,5.4136385,-61,,1,,,,,,,,,,104,0.000696112,0.000279034,95,0.001027988,0.078151033,97,-10.76391538,25,,,,-0.030583732,472.3792543,0,0,431.5002804,0,0,440.7410694,-59.5500235,113.5527054,1
PWR,676.5599976,1,1,0,1,1,0.7016,0.2984,0.862370724,0.247698745,1.10508197,0,0,677,0,677,0,0,0,4059,3383,0,1353,677,1,1,1,1,0.732259259,-10.87554952,0.82600244,-0.823631094,0.441231768,0.106892646,0.732259259,-10.87554952,0.814379305,-0.537534787,0.730866813,4.815403592,0.732259259,-10.87554952,1.036381153,2.124675044,,,0.000275749,,,0.537565893,,,1.083889884,,,0.000275749,,,0.666912545,,,37.674332,,,0.000275749,,,2.60E-05,0.001256739,0.002094971,2.60E-05,0.001503277,0.027656365,2.60E-05,5.518344926,5.518344926,641.0919583,0,,0,351.4259222,-325.5740778,,694.9458253,0,,67.38520179,67.38520179,635.5417326,0,4.766940612,4.766940612,641.0919583,0,,277.4746095,-3781.52539,700.6547792,-5,,4904.85734,1521.85734,686.9646929,2,,1.604713868,1.604713868,641.0919583,0,,0.731205562,-11.38006521,0.781047066,-7.416493239,0.000188534,0.003737982,2.42E-05,1.43E-06,4.582821171,4.582821171,642.0702985,0,,0.288419084,-1352.711581,668.4840578,-2,,1,,,,,,,,,,0,0,0,0,-0.022573722,0.724628492,0,-1.718886624,0,,,,44.24218762,0,0,0,0,0,686.9646929,0,-1336.968116,0,1
PYPL,52.79999924,0,0,1,0,0,0.2828,0.7172,0.306284805,0.562761506,0.269215806,0,0,0,0,0,0,0,106,106,106,211,0,0,1,1,1,1,0.288431098,-7.697695508,0.301972047,0.374759948,0.354057103,0.280878412,0.288431098,-7.697695508,0.30002503,0.266770365,0.287918774,-5.439967525,0.288431098,-7.697695508,0.269215806,1.357509697,0,0,0.095101039,0,0,1.121364331,0,0,1.089643986,0,0,0.095101039,0,0,1.084955392,0,0,0.189619377,0,0,0.095101039,0,0,0.001711404,0.000436684,0.000335602,0.001711404,0.000649143,2.39E-05,0.001711404,362.6040439,362.6040439,50.54460833,7,0,101.0892167,122.1113325,122.1113325,0,50.89627852,2,0,10.7947039,10.7947039,50.7824009,0,313.230138,207.230138,50.54460833,4,0,119.8186452,13.81864524,50.78422245,0,0,4.235750851,-101.7642491,52.19256776,-2,0,105.4438868,105.4438868,50.54460833,2,0,0.288523388,-8.125864276,0.29542429,4.795371383,0.083435117,4.330636164,0.001696781,0.000522087,321.6591731,110.6591731,50.56842405,2,0,105.163332,105.163332,53.2442801,2,0,1,0,0,0,0,0,0,0,0,0,6.480962701,0.004388907,0,3.703407258,0,-0.924788958,2,0.718612084,1.851703629,0,0,0,0,303.26765,0,0,202.1784333,0,-52.19256776,101.1368481,53.2442801,101.0892167,1
Q,131.4799957,1,1,0,1,1,0.742081448,0.257918552,0.804255319,0.260504202,0.908283201,0,1578,1315,0,2893,0,0,0,394,1052,0,0,2893,1,1,1,1,0.753656158,-11.02875346,0.790379185,-0.659138112,0.454977225,0.081537441,0.753656158,-11.02875346,0.786961801,-0.45381882,0.753738785,4.918779611,0.753656158,-11.02875346,0.908283201,1.996577092,0,0,0.000487774,0,0,0.633971884,0,0,1.057997298,0,0,0.000487774,0,0,0.730675464,0,0,29.99446131,0,0,0.000487774,0,0,3.66E-05,0.001155662,0.001584715,3.66E-05,0.001370034,0.017239434,3.66E-05,7.754612896,7.754612896,122.1141655,0,0,0,323.1613001,-2569.8387,0,138.006918,-19,0,50.97269008,50.97269008,121.5248961,0,6.698707609,6.698707609,122.1141655,0,0,252.8806149,-141.1193851,139.0289893,-1,0,3057.414166,2005.414166,133.0282803,15,0,2.25501215,2.25501215,122.1141655,0,0,0.752632192,-11.53757451,0.774129715,-7.110089191,0.000343105,0.007327219,3.41E-05,2.39E-06,6.458922669,6.458922669,122.1359453,0,0,0.481537807,0.481537807,121.6943894,0,0,1,0,0,0,0,0,0,0,0,0,0,-0.128981218,0,0,-0.003217993,5.670560827,0,0,0,0,0,0,6.191099621,0,0,0,0,0,798.1696819,0,0,0,1
QBTS,15.77000046,0,0,1,0,0,0.219529086,0.780470914,0.294238683,0.237631184,0.623738656,0,0,0,0,0,0,0,0,0,16,0,16,0,1,1,1,1,0.233979153,-7.307814132,0.277288007,0.437861831,0.246367499,0.571296712,0.233979153,-7.307814132,0.270871363,0.320170813,0.232855078,-7.811724617,0.233979153,-7.307814132,0.623738656,1.712032547,,,0.019657921,,,1.26545294,,,1.359579624,,,0.019657921,,,1.187855827,,,0.014992306,,,0.019657921,,,0.000834952,0.001246934,0.00108417,0.000834952,0.00141273,4.71E-06,0.000834952,176.9055232,176.9055232,14.02078359,13,,56.08313435,348.6842297,348.6842297,,14.27641957,24,,34.87257103,34.87257103,14.33539521,2,152.8172186,152.8172186,14.02078359,11,,260.7614648,260.7614648,14.2150497,18,,0.834511568,-15.16548843,15.42662849,-1,,51.44345818,51.44345818,14.02078359,4,,0.233962089,-7.724778716,0.255379251,4.960362337,0.015709825,14.39806775,0.000829201,0.003159006,157.1917289,157.1917289,14.02544997,11,,636.3141886,620.3141886,16.38117602,38,,1,,,,,,,,,,10.84771744,0.071896119,0.010199373,9.178837833,0.028830755,-0.953485023,10.25616044,14.60933424,3.337759212,,,,0.003091731,154.2286195,0,0,126.1870523,0,-15.42662849,140.2544997,245.7176403,42.06235076,1
QCOM,184.8699951,1,1,0,1,1,0.538,0.462,0.42124105,0.587447699,0.520537957,0,0,0,0,0,0,0,0,0,185,0,0,0,1,1,1,1,0.504165465,-9.242375144,0.43840243,0.103706156,0.507765465,-0.013980367,0.504165465,-9.242375144,0.445786549,0.063994998,0.506448949,1.581240282,0.504165465,-9.242375144,0.520537957,1.608831848,0,0,0.01234102,0,0,1.050549272,0,0,0.993374266,0,0,0.01234102,0,0,1.030897886,0,0,2.121011222,0,0,0.01234102,0,0,0.000416428,0.000807201,0.000613904,0.000416428,0.001019912,0.000521228,0.000416428,88.23078108,88.23078108,174.7405681,1,0,0,225.7201261,225.7201261,0,173.2214512,1,0,19.74634144,19.74634144,173.2214512,0,76.21685472,76.21685472,174.7405681,0,0,188.2552067,188.2552067,173.2214512,1,0,92.43985129,-92.56014871,203.3586579,0,0,25.65717799,25.65717799,174.7405681,0,0,0.504256473,-9.711739759,0.466557942,2.644688881,0.009872389,3.516870955,0.000403572,0.000657234,76.50529802,76.50529802,174.834249,0,0,132.3858028,132.3858028,183.2328961,1,0,1,0,0,0,0,0,0,0,0,0,1,0.000168046,0,0,6.40E-05,0,0,0.109287176,0,0,0,0,-73.42384415,174.7405681,0,0,0,0,0,0,0,0,1
QLYS,193,0,0,1,0,0,0.7728,0.2272,0.945107399,0.99958159,0.603436128,0,0,0,0,0,0,0,0,193,193,0,0,0,1,1,1,1,0.808927761,-11.42450366,0.908940329,-1.548786316,0.897890421,-1.514834166,0.808927761,-11.42450366,0.894612755,-0.957047178,0.806068353,4.997886845,0.808927761,-11.42450366,0.603436128,1.691730019,,,0.002462811,,,0.442959465,,,0.450937461,,,0.002462811,,,0.604611506,,,13.84116926,,,0.002462811,,,0.000100087,0.000416133,0.000342426,0.000100087,0.000694115,0.004144946,0.000100087,21.20603977,21.20603977,184.4653441,0,,0,116.3647034,116.3647034,,182.5609398,1,,11.0142187,11.0142187,182.5609398,0,18.31852368,18.31852368,184.4653441,0,,128.1196607,-64.8803393,198.4225423,0,,735.1063025,542.1063025,194.5787883,3,,6.166636293,6.166636293,184.4653441,0,,0.808988878,-11.95185814,0.859546619,-11.16183776,0.001866464,0.002827521,9.38E-05,6.02E-07,17.78204152,17.78204152,184.5931602,0,,0.121172116,0.121172116,184.3258443,0,,1,,,,,,,,,,0,0.037480298,0,0,0,1.170884668,0,0,0,,,,0,0,0,0,0,0,194.5787883,0,0,0,1
QSR,69.91000366,0,0,1,0,0,0.0528,0.9472,0.048130469,0.094560669,0.421875376,489,70,70,0,140,0,0,140,140,0,140,280,629,1,1,1,1,0.051626463,-6.002150641,0.048933769,2.509291409,0.060371189,2.331207604,0.051626463,-6.002150641,0.049242063,1.756214349,0.051695038,-17.3265954,0.051626463,-6.002150641,0.421875376,1.510169267,1.37402803,3.066686138,0.084228916,1.194422818,1.136624409,2.813374004,1.167757568,1.118115682,2.614242707,1.191012582,1.134261034,0.084228916,1.202643589,1.142317188,2.062563731,1.119420641,1.084388809,0.000790852,1.330977791,1.230424342,0.084228916,1.119420641,1.084388809,0.002248668,0.001678128,0.001246363,0.002248668,0.001691898,1.52E-07,0.002248668,476.4369624,-12.56303758,69.74181765,0,0,135.915574,469.2602149,329.2602149,0.002054528,69.31766193,5,0,40.08953616,40.08953616,69.27348739,1,411.5630204,271.5630204,67.95778701,4,0,312.2901655,172.2901655,69.14716041,2,0,0.026869576,0.026869576,68.45038198,0,0,138.5460697,138.5460697,67.95778701,2,0,0.051644531,-6.384544113,0.050128086,3.792134901,0.071945392,4.774076039,0.002267384,0.000757744,429.8283208,289.8283208,67.96985218,4,0,152.6313351,-127.3686649,72.50012757,-2,-2,1,0.026469195,0.029468596,0.012228852,0.025446085,0.026469195,3.027422263,0.026927166,0.019861617,0.026469195,0,0.491917451,0.084914514,2.25161327,0.096384026,0,2.547650221,-0.449383972,1.125806635,0.25092714,0.25092714,0.000994806,0.00133305,0,0,0,135.915574,0,0,203.9095565,0,67.95778701,1
QTUM,156.0599976,1,1,0,1,1,0.724206349,0.275793651,0.792610837,0.743441763,0.9958843,0,468,780,0,1248,0,0,0,312,780,0,0,1248,1,1,1,1,0.739734357,-10.92907197,0.779387293,-0.616668455,0.752047525,-0.56588171,0.739734357,-10.92907197,0.774076887,-0.419842,0.738572975,4.854908463,0.739734357,-10.92907197,0.9958843,2.084178191,,,0.000326842,,,0.635803539,,,0.659964543,,,0.000326842,,,0.73467922,,,35.35081971,,,0.000326842,,,2.87E-05,0.00137625,0.001178819,2.87E-05,0.001564306,0.024058161,2.87E-05,6.091164787,6.091164787,151.1314781,0,,0,384.845127,-863.154873,,160.166543,-5,,37.91696155,37.91696155,149.6968275,0,5.261762573,5.261762573,151.1314781,0,,288.7392968,-23.26070318,161.1847706,0,,4266.715783,3486.715783,158.310195,22,,1.771287721,1.771287721,151.1314781,0,,0.739716773,-11.44263197,0.760493152,-6.517269044,0.000224154,0.008344797,2.66E-05,3.04E-06,5.034250407,5.034250407,151.1601469,0,,0.612680258,0.612680258,150.5395645,0,,1,,,,,,,,,,0,-0.029709374,0,0,0,8.102234314,0,0,0,,,,80.85333301,0,0,0,0,0,1266.48156,0,0,0,1
QXO,12.06000042,1,1,0,1,1,0.342,0.658,0.539992041,0.141422594,0.508718191,133,482,0,0,482,0,36,0,0,0,0,145,615,1,1,1,1,0.374330585,-8.312744423,0.487810049,0.020298005,0.246933991,0.56935571,0.374330585,-8.312744423,0.470528754,0.034571486,0.372160905,-2.280824447,0.374330585,-8.312744423,0.508718191,1.597012082,,,0.02041507,,,1.009547484,,,1.305433296,,,0.02041507,,,1.016315775,,,0.343787184,,,0.02041507,,,0.000670328,0.000753146,0.00078273,0.000670328,0.00098377,8.21E-05,0.000670328,142.0258338,9.025833837,11.15814418,1,,0,210.6044745,-271.3955255,,13.09955154,-21,,25.17667449,25.17667449,11.40515843,2,122.6869151,122.6869151,11.15814418,11,,181.5841223,181.5841223,11.05783496,16,,14.55474571,14.55474571,11.05783496,1,,41.30057621,5.30057621,11.15814418,0,,0.373849557,-8.753105479,0.428368041,3.327715627,0.016611998,4.748450119,0.000658806,0.000870665,124.8899325,124.8899325,11.1620951,11,,175.3768599,30.37685991,11.93033688,3,,1,,,,,,,,,,1,-0.00013519,0.010130185,11,0.000298797,0.081283752,11,0.519079279,0,,,,-0.904948949,11.15814418,0,0,122.739586,0,0,122.7830461,11.93033688,0,1
RACE,388.3299866,0,0,1,0,0,0.0876,0.9124,0.089896579,0.372803347,0.855621616,0,0,777,0,777,0,0,388,1165,0,388,388,777,1,1,1,1,0.088271539,-6.26453305,0.089560825,1.571001288,0.121616147,1.289017261,0.088271539,-6.26453305,0.089328151,1.106804706,0.088177592,-15.1993343,0.088271539,-6.26453305,0.855621616,1.943915507,,,0.015544293,,,2.84127024,,,2.355646569,,,0.015544293,,,2.086937714,,,4.10E-05,,,0.015544293,,,0.001056495,0.004654005,0.003162139,0.001056495,0.003615299,2.12E-08,0.001056495,223.8449678,223.8449678,371.3223269,1,,0,1301.41403,524.41403,,383.0857772,1,,101.7108909,101.7108909,381.9965838,0,193.3651633,-194.6348367,381.1207284,-1,,667.3110309,-497.6889691,403.8957839,-1,,0.003757769,0.003757769,375.3154469,0,,65.09327142,65.09327142,371.3223269,0,,0.088318414,-6.654137493,0.088903971,4.271044113,0.011997783,17.09833581,0.001067448,0.005206733,202.3562322,-185.6437678,381.1207284,0,,1048.785081,660.7850813,391.8781851,2,,1,,,,,,,,,,0.613193349,0.038563204,0,-0.613193349,-0.019140885,0,0,0.570056807,0,,,,-0.798085171,371.3223269,0,0,-381.1207284,0,0,0,391.8781851,0,1
RBGLY,13.18000031,0,0,1,0,0,0.2352,0.7648,0.19451074,0.481799163,0.101537082,0,0,197,0,197,0,0,0,0,0,0,697,197,1,1,1,1,0.224037747,-7.236632674,0.200870781,0.69539722,0.265503841,0.508961614,0.224037747,-7.236632674,0.203468664,0.481094308,0.22473885,-8.181825961,0.224037747,-7.236632674,0.101537082,1.189830973,,,0.284276415,,,1.128475791,,,1.092494111,,,0.284276415,,,1.087215246,,,0.241208528,,,0.284276415,,,0.003140449,0.000259313,0.000195976,0.003140449,0.00044026,1.81E-05,0.003140449,665.3832206,665.3832206,12.80033105,52,,192.0049657,72.51261035,-124.4873897,,13.72984489,-9,,6.303601688,6.303601688,12.91628047,0,574.7814497,574.7814497,12.80033105,45,,81.26318107,81.26318107,12.91663396,6,,3.207281973,3.207281973,12.81472707,0,,193.4909281,193.4909281,12.80033105,15,,0.224136213,-7.652547715,0.210895681,4.993235519,0.264451095,2.381857256,0.003127986,0.000204335,592.9728029,592.9728029,12.80476131,46,,41.15887541,-655.8411246,13.72984489,-48,,1,,,,,,,,,,42.54969263,-0.068003057,0,36.82184939,0.0216986,0,42.09106844,-18.69930071,12.2739498,,,,0.003964286,550.4142351,0,0,473.6122488,0,0,537.7999751,-260.867053,153.6039726,1
RBLX,44.11999893,0,0,1,0,0,0.470036101,0.529963899,0.43459614,0.37254902,0.237226676,88,0,0,0,0,0,0,44,44,132,0,0,88,1,1,1,1,0.460697225,-8.931138204,0.440441945,0.100196948,0.419990771,0.14684763,0.460697225,-8.931138204,0.443028344,0.06731357,0.461440341,0.447546084,0.460697225,-8.931138204,0.237226676,1.325520567,,,0.08071412,,,1.028638442,,,1.042250622,,,0.08071412,,,1.019150379,,,1.134419245,,,0.08071412,,,0.001329801,0.000364122,0.000291105,0.001329801,0.000568201,0.000130088,0.001329801,281.7517131,193.7517131,41.09753042,5,,82.19506084,101.8206225,101.8206225,,40.3609409,3,,9.363468309,9.363468309,40.6456008,0,243.3870484,199.3870484,41.09753042,5,,104.8784647,60.87846469,40.3609409,2,,23.07116925,-108.9288307,47.28238816,-2,,81.93233431,81.93233431,41.09753042,2,,0.460631694,-9.391049646,0.449685377,2.960841966,0.070902668,2.303387463,0.001307282,0.000261115,247.8217204,247.8217204,41.13150112,6,,52.59599759,52.59599759,43.68243848,1,,1,,,,,,,,,,5,0.000470598,0,5,0.000141597,-0.006259297,6,0.136977893,2,,,,-0.612782661,205.4876521,0,0,205.4876521,0,0,246.7890067,0,82.19506084,1
RCAT,6.400000095,0,0,1,0,0,0.052,0.948,0.326522436,0.227615063,0.918471696,0,0,0,0,0,0,0,0,0,0,0,301,0,1,1,1,1,0.065445843,-6.101098778,0.167940744,0.856828691,0.114281221,1.366849453,0.065445843,-6.101098778,0.139714939,0.731278501,0.06420071,-16.58540835,0.065445843,-6.101098778,0.918471696,2.006765587,0,0,0.014270464,0,0,1.816300925,0,0,2.590999764,0,0,0.014270464,0,0,1.664214467,0,0,9.62E-06,0,0,0.014270464,0,0,0.001091141,0.003379037,0.003962754,0.001091141,0.003167827,5.64E-09,0.001091141,231.1856668,231.1856668,5.572289449,41,0,66.86747339,944.8907724,944.8907724,0,5.888771388,160,0,127.462863,127.462863,5.998319592,21,199.7063175,199.7063175,5.572289449,36,0,584.7167814,584.7167814,5.8620659,100,0,0.000999957,0.000999957,5.741473339,0,0,67.22791898,67.22791898,5.572289449,12,0,0.065457318,-6.48608329,0.097232938,4.358219297,0.01091394,20.81357657,0.001106703,0.006880525,209.7979439,209.7979439,5.580144067,38,0,1385.934607,1084.934607,6.493086362,167,0,1,0,0,0,0,0,0,0,0,0,23.84624466,1.835388512,0.61302853,20.93816604,0.835575385,0,24.97863289,49.56266561,6.979388682,0,0,0,0,133.7349468,11.77754278,5.998319592,117.0180784,5.8620659,0,139.5036017,324.6543181,39.00602614,0
RCL,277.7399902,1,1,0,1,1,0.7204,0.2796,0.92442323,0.357322176,0.53645242,0,0,0,0,0,0,0,0,0,0,0,278,0,1,1,1,1,0.759666828,-11.07179046,0.878238511,-1.190554148,0.558726918,-0.106815922,0.759666828,-11.07179046,0.86209785,-0.740955329,0.757209776,4.930810249,0.759666828,-11.07179046,0.53645242,1.624746311,0,0,0.004636886,0,0,0.561110477,0,0,0.94947765,0,0,0.004636886,0,0,0.697938758,0,0,10.94822205,0,0,0.004636886,0,0,0.00016227,0.000448454,0.000610941,0.00016227,0.000710922,0.002796726,0.00016227,34.38091025,34.38091025,264.7880287,0,0,0,125.4024811,125.4024811,0,261.8173024,0,0,19.65104236,19.65104236,261.8173024,0,29.6994406,29.6994406,264.7880287,0,0,131.221872,131.221872,261.8173024,1,0,495.9994454,495.9994454,283.3196356,2,0,9.997838884,9.997838884,264.7880287,0,0,0.759008898,-11.58445031,0.81979718,-9.203714076,0.003615473,0.011481271,0.000153899,2.20E-06,29.17470041,29.17470041,264.8295017,0,0,0.443309671,-277.5566903,273.9931248,-1,0,1,0,0,0,0,0,0,0,0,0,0,0,0,0,0.008578356,0.759777803,0,-1,0,0,0,0,0,0,0,0,0,0,283.3196356,0,-273.9931248,0,1
RDY,12.25,1,1,0,1,1,0.4698,0.5302,0.383452665,0.145606695,0.263416913,0,49,74,0,123,0,12,0,0,0,74,0,123,1,1,1,1,0.443732997,-8.80967263,0.395653605,0.179578672,0.252216108,0.551552701,0.443732997,-8.80967263,0.401921131,0.118182687,0.446148361,0.025481225,0.443732997,-8.80967263,0.263416913,1.351710804,,,0.070300223,,,1.055611071,,,1.180835239,,,0.070300223,,,1.036258718,,,1.007708865,,,0.070300223,,,0.001245211,0.000404097,0.00035736,0.001245211,0.000612198,0.000124806,0.001245211,263.8293824,263.8293824,11.85677443,22,,59.28387213,112.9990229,-10.00097713,,12.67623435,-1,,11.49457388,11.49457388,11.97240833,1,227.9051082,227.9051082,11.85677443,19,,112.9993502,112.9993502,11.79171683,10,,22.13437079,22.13437079,11.78236546,2,,76.72058822,64.72058822,11.85677443,5,,0.443121776,-9.26233249,0.417211862,3.505223483,0.061335352,2.875920768,0.001225592,0.000342902,232.3356565,158.3356565,11.85858201,13,,69.07034643,69.07034643,12.24104519,6,,1,,,,,,,,,,22,-0.000503883,0.004753287,19,0.002182367,2.03E-05,13,1.151867968,5,,,,6.713248488,260.8490374,0,0,225.2787141,0,0,154.1615662,12.24104519,59.28387213,1
REGN,735.2000122,0,0,1,0,0,0.1108,0.8892,0.078361177,0.458577406,0.351115688,0,0,0,0,0,0,0,0,0,0,0,0,0,1,1,1,1,0.100813036,-6.35433142,0.082778266,1.679047732,0.128176425,1.225389183,0.100813036,-6.35433142,0.084663611,1.158264113,0.101429815,-14.45297424,0.100813036,-6.35433142,0.351115688,1.439409579,0,0,0.0988198,0,0,1.843313225,0,0,1.562562649,0,0,0.0988198,0,0,1.524822531,0,0,0.00517327,0,0,0.0988198,0,0,0.002208883,0.000907425,0.000611909,0.002208883,0.001085119,8.21E-07,0.002208883,468.0073709,468.0073709,699.5458071,1,0,0,253.7462339,253.7462339,0,723.4228241,0,0,19.68219289,19.68219289,720.4821139,0,404.2812425,404.2812425,699.5458071,1,0,200.2909868,200.2909868,720.4951581,0,0,0.145519888,0.145519888,707.4446214,0,0,136.0947763,136.0947763,699.5458071,0,0,0.100880351,-6.74648155,0.090210414,4.285084986,0.085666681,4.762484207,0.002216491,0.000667854,420.1806733,420.1806733,699.7299758,1,0,134.5249791,134.5249791,736.4223445,0,0,1,0,0,0,0,0,0,0,0,0,0.630898872,0,0,0.630898872,0,0,0.711172083,0,0,0,0,0,0,699.5458071,0,0,699.5458071,0,0,699.7299758,0,0,1
RF,27.10000038,0,0,1,0,0,0.0316,0.9684,0.155131265,0.126778243,0.564982993,0,0,0,0,0,0,0,0,0,0,0,0,0,1,1,1,1,0.039236428,-5.913436748,0.091302223,1.545243707,0.066284226,2.170921778,0.039236428,-5.913436748,0.077953987,1.240269904,0.038537286,-18.11993688,0.039236428,-5.913436748,0.564982993,1.653276884,0,0,0.051147822,0,0,2.174688982,0,0,2.978593271,0,0,0.051147822,0,0,1.865552469,0,0,0.000110558,0,0,0.051147822,0,0,0.001909055,0.001863434,0.002058362,0.001909055,0.002000768,3.02E-08,0.001909055,404.4813509,404.4813509,25.84655158,16,0,129.2327579,521.0778367,521.0778367,0,26.69212788,20,0,66.20765244,66.20765244,26.7699877,2,349.40523,349.40523,25.84655158,14,0,369.3013418,369.3013418,26.65666231,14,0,0.005363857,0.005363857,26.24673694,0,0,117.6216496,117.6216496,25.84655158,5,0,0.039243543,-6.293383206,0.056491529,3.878978046,0.042253969,7.030039475,0.001932032,0.001409496,366.2555995,366.2555995,25.85419071,14,0,283.9129288,283.9129288,27.07289016,10,0,1,0,0,0,0,0,0,0,0,0,8.742183543,0.74618066,0.147278168,7.6494106,0.336496439,0,8.66395954,2.351011044,2.731932357,0,0,0,0.014366998,232.6189642,26.69212788,0,206.7724126,0,0,232.6877164,54.14578032,77.53965474,1
RGC,6.820000172,1,1,0,1,1,0.919753086,0.080246914,0.853435115,0.107082631,0.992052867,7,0,0,0,0,0,0,0,375,3083,0,0,7,1,1,1,1,0.890521337,-12.00872183,0.857101403,-1.016781632,0.247378101,0.567838401,0.890521337,-12.00872183,0.867072264,-0.768568236,0.89694454,4.614706617,0.890521337,-12.00872183,0.992052867,2.080346758,,,0.000151216,,,0.474816096,,,1.51582716,,,0.000151216,,,0.5694964,,,29.38346853,,,0.000151216,,,1.32E-05,0.00102024,0.002687198,1.32E-05,0.001206004,0.019852791,1.32E-05,2.798988701,-4.201011299,6.697711196,-1,,0,285.2930669,285.2930669,,4.713762883,61,,86.43432217,86.43432217,5.841041339,15,2.417864974,2.417864974,5.434109557,0,,222.6040269,-152.3959731,8.202852542,-19,,3520.893114,437.8931145,7.22369306,61,,0.813935346,0.813935346,5.434109557,0,,0.885966762,-12.51773026,0.877304066,-12.07744622,0.000104151,0.000143791,1.22E-05,5.22E-08,2.32149024,2.32149024,5.460514705,0,,0.01050724,0.01050724,5.433718519,0,,1,,,,,,,,,,-1,0.985383408,0.07557198,0,-0.175363211,20.2972898,0,0,0,,,,0.294973237,-6.697711196,4.713762883,0,0,0,144.4738612,0,0,0,1
RGTI,15.25,0,0,1,0,0,0.375645756,0.624354244,0.439006574,0.404016064,0.660869631,15,0,15,168,183,0,0,0,0,0,0,0,198,1,1,1,1,0.389332463,-8.420159365,0.426112775,0.125032413,0.404561536,0.176642672,0.389332463,-8.420159365,0.421010387,0.094187492,0.388287777,-1.740800071,0.389332463,-8.420159365,0.660869631,1.749163522,,,0.009022549,,,1.072412018,,,1.103809717,,,0.009022549,,,1.05407518,,,0.377816397,,,0.009022549,,,0.000414898,0.001151442,0.000961153,0.000414898,0.001335851,0.000129027,0.000414898,87.90657396,72.90657396,13.41159896,5,,26.82319791,321.9814689,138.9814689,,13.34529057,10,,30.91569062,30.91569062,13.36789406,2,75.9367932,75.9367932,13.41159896,6,,246.5710605,246.5710605,13.30117513,19,,22.88293278,22.88293278,13.30117513,2,,25.56289978,25.56289978,13.41159896,2,,0.389324421,-8.866862748,0.408228447,3.640923226,0.007028393,7.658203207,0.00040518,0.001775911,76.80998459,76.80998459,13.42340406,6,,357.7192097,357.7192097,15.12926373,24,,1,0.00129194,0.001442365,0.00057747,0.001244199,0.00129194,0.187367549,0.001309282,0.000956679,0.00129194,5,0.002442673,0.000975082,6,0.002633662,0.094699528,6,4.971120726,2,0.071160215,0.071160215,1.82E-06,0.035484481,67.05799478,0,0,80.46959374,0,0,80.54042434,75.64631864,26.82319791,1
RHHBY,52.22999954,0,0,1,0,0,0.1452,0.8548,0.083929992,0.253974895,0.488403653,0,0,0,0,0,0,0,52,0,0,0,0,0,1,1,1,1,0.123430623,-6.516275602,0.090858839,1.551730491,0.134008384,1.172973509,0.123430623,-6.516275602,0.093997203,1.059232446,0.12475711,-13.17332212,0.123430623,-6.516275602,0.488403653,1.576697544,0,0,0.051453744,0,0,2.026992809,0,0,1.705900216,0,0,0.051453744,0,0,1.619800438,0,0,0.002483114,0,0,0.051453744,0,0,0.001611298,0.001436678,0.000970545,0.001611298,0.001509609,5.64E-07,0.001611298,341.3941201,341.3941201,50.1684336,7,0,100.3368672,401.7429355,401.7429355,0,51.58476287,8,0,31.21778459,31.21778459,51.36858517,1,294.9082592,242.9082592,50.1684336,5,0,278.6433437,278.6433437,51.35146879,5,0,0.099961873,0.099961873,50.57090669,0,0,99.27612107,99.27612107,50.1684336,2,0,0.123499155,-6.91275464,0.1034819,4.419980226,0.042955017,7.482452671,0.001616203,0.001327379,306.3838405,306.3838405,50.17306014,6,0,267.37216,267.37216,52.95582092,5,0,1,0,0,0,0,0,0,0,0,0,4.644264595,0.300983439,0.02149792,3.317331853,0.08765417,0,4.479954067,1.526267593,1.326932741,0,0,0,0,250.842168,0,0,150.5053008,0,0,200.6922406,105.9116418,50.1684336,1
RIO,94.20999908,0,0,1,0,0,0.136,0.864,0.220365951,0.228033473,0.74345535,0,0,0,0,0,0,0,1225,754,0,1131,0,0,1,1,1,1,0.150052493,-6.706890854,0.198375731,0.706175543,0.185465483,0.827787238,0.150052493,-6.706890854,0.190450096,0.521470025,0.148892927,-11.89513969,0.150052493,-6.706890854,0.74345535,1.831749241,,,0.017257834,,,1.533308541,,,1.650430105,,,0.017257834,,,1.371124055,,,0.000746744,,,0.017257834,,,0.000941352,0.001980034,0.001736366,0.000941352,0.001991987,3.06E-07,0.000941352,199.4491562,199.4491562,90.62863645,2,,90.62863645,553.6830512,553.6830512,,91.97862367,6,,55.85060371,55.85060371,92.17509737,1,172.2912025,-1052.708798,92.4877213,-11,,367.6805859,-386.3194141,98.39496696,-4,,0.05423017,0.05423017,91.04715567,0,,57.99906154,57.99906154,90.62863645,1,,0.150069092,-7.108072901,0.172561071,4.894572753,0.01353721,19.34714384,0.000943359,0.005053787,178.8327864,-952.1672136,92.4877213,-10,,1017.97739,1017.97739,96.13914878,11,,1,,,,,,,,,,1.405699529,0.046751615,0.010706746,-7.731347409,-0.016995687,0,-7.894484432,4.117582294,0.702849764,,,,0.061134451,90.62863645,0,0,-739.9017704,0,0,-739.9017704,384.5565951,90.62863645,1
RIVN,14.30000019,0,0,1,0,0,0.140856672,0.859143328,0.330618893,0.365942029,-0.140721127,0,29,0,0,29,0,0,0,0,0,0,1101,29,1,1,1,1,0.163866706,-6.805802002,0.266475735,0.467845095,0.236100779,0.607607424,0.163866706,-6.805802002,0.246523571,0.370994864,0.161872414,-11.22704268,0.163866706,-6.805802002,-0.088293891,1,0,0,1,0,0,1,0,0,1,0,0,1,0,0,1,0,0,1,0,0,1,0,0,0.005805939,0.000114635,8.80E-05,0.005805939,0.000242041,3.78E-05,0.005805939,1230.134172,1230.134172,13.36375167,92,0,360.8212951,32.05566034,3.055660335,0,13.61395242,0,0,2.829306854,2.829306854,13.6265384,0,1062.633203,1062.633203,13.36375167,80,0,44.67596577,44.67596577,13.60530117,3,0,6.709922371,6.709922371,13.49610297,0,0,357.7183724,357.7183724,13.36375167,27,0,0.163896708,-7.20972109,0.206427977,4.987789157,1,1,0.005789448,5.48E-05,1097.506756,1097.506756,13.3888526,82,0,11.03425289,-1089.965747,15.44574997,-71,0,1,0,0,0,0,0,0,0,0,0,66.58347752,0,0,57.89867611,0.006451743,0,66.59947519,-27.59907638,19.54080319,0,0,0,2.10E-06,895.371362,0,0,775.097597,0,0,897.0531243,-432.4809991,267.2750334,1
RJF,158.2100067,0,0,1,0,0,0.0628,0.9372,0.130867144,0.254811715,0.65940128,0,0,0,0,0,0,0,0,0,0,0,0,0,1,1,1,1,0.071986081,-6.147927538,0.109681671,1.312806077,0.111183571,1.402109037,0.071986081,-6.147927538,0.102697375,0.979593265,0.071190231,-16.17660344,0.071986081,-6.147927538,0.65940128,1.747695171,0,0,0.032310117,0,0,2.081183751,0,0,2.187576906,0,0,0.032310117,0,0,1.727896613,0,0,0.000119599,0,0,0.032310117,0,0,0.001481156,0.002227059,0.001898306,0.001481156,0.00218436,4.07E-08,0.001481156,313.820106,313.820106,151.1820394,2,0,151.1820394,622.7595052,622.7595052,0,155.3292747,4,0,61.05942291,61.05942291,155.5087385,0,271.0888551,271.0888551,151.1820394,2,0,403.1887015,403.1887015,154.8542213,3,0,0.007219788,0.007219788,152.8187496,0,0,91.25770188,91.25770188,151.1820394,1,0,0.072009258,-6.534247256,0.0882014,4.263436833,0.026041695,10.80779597,0.001496103,0.002500864,283.6166093,283.6166093,151.249272,2,0,503.7456017,503.7456017,158.393036,3,0,1,0,0,0,0,0,0,0,0,0,1.181156657,0.107716237,0,1.181156657,0.044981389,0,1.3342621,0.852041889,0.590578328,0,0,0,0,151.1820394,0,0,151.1820394,0,0,151.249272,158.393036,151.1820394,1
RKLB,73.91999817,1,1,0,1,1,0.708791209,0.291208791,0.763945578,0.190936107,0.822424519,0,0,665,0,665,0,0,0,222,2439,0,0,665,1,1,1,1,0.717784177,-10.77190649,0.750719106,-0.51908984,0.365525693,0.256100318,0.717784177,-10.77190649,0.748382577,-0.359803765,0.718427214,4.741609046,0.717784177,-10.77190649,0.822424519,1.91071841,,,0.000935353,,,0.714551699,,,1.180360211,,,0.000935353,,,0.792180911,,,21.5439216,,,0.000935353,,,5.96E-05,0.00109249,0.001476436,5.96E-05,0.001304096,0.010415781,5.96E-05,12.6376149,12.6376149,67.39041227,0,,0,305.4965659,-359.5034341,,81.42264935,-4,,47.48987586,47.48987586,67.40488994,1,10.91681664,10.91681664,67.39041227,0,,240.7097026,18.70970263,65.96264472,0,,1847.239062,-591.7609376,83.65679001,-7,,3.674970694,3.674970694,67.39041227,0,,0.716372738,-11.27102763,0.73675574,-5.520822713,0.000677056,0.028026117,5.61E-05,8.16E-06,10.63874863,10.63874863,67.39939242,0,,1.64433448,1.64433448,66.20386884,0,,1,,,,,,,,,,0,-0.016840891,0.001024803,0,0,-2.459062413,0,0,0,,,,,0,0,0,0,0,-167.31358,0,0,0,
RKT,11.69999981,0,0,1,0,0,0.174168297,0.825831703,0.265675501,0.236823612,0.191891677,0,0,0,0,0,0,0,0,0,0,0,573,0,1,1,1,1,0.190155171,-6.994030043,0.242831981,0.539593404,0.219075537,0.67312616,0.190155171,-6.994030043,0.234469213,0.398830695,0.188861885,-9.880955149,0.190155171,-6.994030043,0.191891677,1.280185568,0,0,0.17771739,0,0,1.142572491,0,0,1.180886651,0,0,0.17771739,0,0,1.103528963,0,0,0.087104586,0,0,0.17771739,0,0,0.002574128,0.000351883,0.00028597,0.002574128,0.000555006,8.71E-06,0.002574128,545.3938534,545.3938534,10.7470251,51,0,161.2053765,98.39827206,98.39827206,0,11.07030695,9,0,9.198293552,9.198293552,11.12452934,1,471.1304103,471.1304103,10.7470251,44,0,102.4429544,102.4429544,11.00544369,9,0,1.54478042,1.54478042,10.84972989,0,0,158.5984732,158.5984732,10.7470251,15,0,0.190159483,-7.402781378,0.215167203,4.996949536,0.16065046,3.435875371,0.002567228,0.00035604,486.6699631,486.6699631,10.75831788,45,0,71.71658116,-501.2834188,12.74987173,-39,0,1,0,0,0,0,0,0,0,0,0,38.98030107,0.040944521,0.007079669,33.63006367,0.022368645,0,38.53207415,-15.2157919,11.46479443,0,0,0,0,419.1339789,0,0,365.3988534,0,0,419.5743975,-191.2480759,118.2172761,0
RL,363.3699951,1,1,0,1,1,0.6936,0.3064,0.786396181,0.352301255,0.574729878,0,0,0,0,0,0,0,0,0,0,0,0,0,1,1,1,1,0.71273945,-10.73578574,0.76688741,-0.572000899,0.531212629,-0.056347514,0.71273945,-10.73578574,0.760296864,-0.386499847,0.711783306,4.697124305,0.71273945,-10.73578574,0.574729878,1.663023769,0,0,0.004250906,0,0,0.747559706,0,0,0.971746357,0,0,0.004250906,0,0,0.821528776,0,0,10.90404182,0,0,0.004250906,0,0,0.000162152,0.000655808,0.000687908,0.000162152,0.000896542,0.003052721,0.000162152,34.35589466,34.35589466,349.1644826,0,0,0,183.3856446,183.3856446,0,348.0280789,1,0,22.12669982,22.12669982,348.0280789,0,29.67783125,29.67783125,349.1644826,0,0,165.4836036,165.4836036,348.0280789,0,0,541.400111,541.400111,368.9110689,1,0,9.990564443,9.990564443,349.1644826,0,0,0.712198404,-11.24034169,0.741438153,-5.713811548,0.003288712,0.054679917,0.000154052,1.11E-05,29.20358573,29.20358573,349.304142,0,0,2.242040371,2.242040371,348.5291205,0,0,1,0,0,0,0,0,0,0,0,0,0,0.005112266,0,0,0,0.344734011,0,0,0,0,0,0,0,0,0,0,0,0,0,0,0,0,1
RLI,55.93999863,0,0,1,0,0,0.0408,0.9592,0.074781225,0.430125523,0.463966751,0,0,0,0,0,0,0,224,336,0,224,280,0,1,1,1,1,0.045942867,-5.961455521,0.065148079,2.034358707,0.076657652,1.934364769,0.045942867,-5.961455521,0.061771345,1.48934018,0.045496311,-17.69861972,0.045942867,-5.961455521,0.463966751,1.552260642,0,0,0.072706419,0,0,2.446192275,0,0,2.340966955,0,0,0.072706419,0,0,1.924913952,0,0,0.000417051,0,0,0.072706419,0,0,0.002148941,0.001628757,0.001249234,0.002148941,0.001712886,8.90E-08,0.002148941,455.3071715,455.3071715,53.83623741,8,0,107.6724748,455.4543631,455.4543631,0,55.25241436,8,0,40.18189216,40.18189216,55.23315903,1,393.3103631,169.3103631,53.83623741,3,0,316.164053,-19.83594696,57.94949511,0,0,0.015788237,0.015788237,54.55125604,0,0,132.4016063,132.4016063,53.83623741,2,0,0.045964564,-6.342790106,0.05452966,3.852549441,0.061482474,5.441275812,0.002169445,0.000927139,411.2621223,187.2621223,53.87553281,3,0,186.7523758,-93.24762421,57.94949511,-2,0,1,0,0,0,0,0,0,0,0,0,4.442368992,0.517326918,0.05846511,1.665888372,0,0,1.885827484,-0.463816787,1.110592248,0,0,0,0,215.3449496,55.25241436,0,107.6724748,0,0,107.7510656,0,53.83623741,0
RMD,218.8899994,0,0,1,0,0,0.168,0.832,0.176213206,0.444351464,0.581013142,0,438,0,0,438,0,0,219,219,657,0,0,438,1,1,1,1,0.170118948,-6.850568682,0.174815774,0.819283737,0.219813844,0.670132013,0.170118948,-6.850568682,0.174096013,0.578607538,0.169892833,-10.82094237,0.170118948,-6.850568682,0.581013142,1.669307033,,,0.029888238,,,1.521669404,,,1.409706321,,,0.029888238,,,1.345120329,,,0.003907944,,,0.029888238,,,0.001156116,0.001355201,0.001013493,0.001156116,0.001484426,1.11E-06,0.001156116,244.9523543,244.9523543,210.2424376,1,,0,378.9592082,-59.0407918,,228.1188929,0,,32.59922032,32.59922032,213.6258425,0,211.5984668,-7.401533223,217.026433,0,,273.994969,54.99496897,213.4654506,0,,0.19693533,-656.8030647,217.026433,-3,,71.23121971,71.23121971,210.2424376,0,,0.170190599,-7.255988111,0.172520929,4.894407821,0.02428174,12.27956636,0.001155187,0.002524085,218.9889286,218.9889286,210.2950511,1,,508.4230061,508.4230061,220.3250317,2,,1,,,,,,,,,,0.733285801,0,0,0,0,-3,0.822646304,0.748600872,0,,,,0,210.2424376,0,0,0,0,-651.079299,210.2950511,220.3250317,0,1
ROK,454.3500061,1,1,0,1,1,0.8624,0.1376,0.92283214,0.526778243,0.637655276,0,0,0,0,0,0,0,0,0,0,0,454,0,1,1,1,1,0.875283508,-11.89961744,0.91057973,-1.573113542,0.715713739,-0.45342196,0.875283508,-11.89961744,0.906498449,-1.064109818,0.874709635,4.769509482,0.875283508,-11.89961744,0.637655276,1.725949167,,,0.001511672,,,0.423767886,,,0.78077572,,,0.001511672,,,0.559469193,,,13.50539518,,,0.001511672,,,6.62E-05,0.000431314,0.000643628,6.62E-05,0.000681526,0.004375977,6.62E-05,14.01762008,14.01762008,440.7499598,0,,0,120.6095787,120.6095787,,434.4525853,0,,20.70242185,20.70242185,434.4525853,0,12.1089137,12.1089137,440.7499598,0,,125.7958558,125.7958558,434.4525853,0,,776.079608,776.079608,459.0198645,2,,4.076270992,4.076270992,440.7499598,0,,0.874856974,-12.4360611,0.894359671,-12.98061657,0.00112799,0.000837974,6.16E-05,1.88E-07,11.66852873,11.66852873,440.8496544,0,,0.037815644,-453.9621844,450.080013,-1,,1,,,,,,,,,,0,0,0,0,0,0.710881897,0,-1,0,,,,0,0,0,0,0,0,459.0198645,0,-450.080013,0,1
ROKU,152.3899994,0,0,1,0,0,0.334073745,0.665926255,0.446799117,0.674451191,0.639857656,0,0,0,0,0,0,0,0,0,0,0,0,0,1,1,1,1,0.356214313,-8.183030103,0.421547561,0.133041892,0.451733774,0.087491532,0.356214313,-8.183030103,0.411672724,0.105831588,0.354384949,-2.900176205,0.356214313,-8.183030103,0.639857656,1.728151547,,,0.011372627,,,1.075494851,,,1.049026351,,,0.011372627,,,1.059604177,,,0.204630727,,,0.011372627,,,0.000500089,0.001100245,0.000869291,0.000500089,0.001295655,6.66E-05,0.000500089,105.9564386,105.9564386,143.3236099,1,,0,307.6648929,307.6648929,,142.2815692,2,,27.96095042,27.96095042,141.963882,0,91.52890168,91.52890168,143.3236099,1,,239.1517895,239.1517895,142.024793,2,,11.81813816,11.81813816,141.963882,0,,30.81173226,30.81173226,143.3236099,0,,0.356303305,-8.624121228,0.388365701,3.91804315,0.008934403,8.528169813,0.000490098,0.001916925,92.90794121,92.90794121,143.3834193,1,,386.1234578,386.1234578,152.4995989,3,,1,,,,,,,,,,1,0.00055313,0,1,0.00035001,0,1,0.719581037,0,,,,-0.040330021,143.3236099,0,0,143.3236099,0,0,143.3834193,152.4995989,0,1
ROL,30.15999985,1,1,0,1,1,0.028,0.972,0.050517104,0.00125523,0.51034902,452,0,4162,0,4162,0,1086,995,1267,0,784,332,4614,1,1,1,1,0.030073727,-5.847830889,0.042371285,2.766595754,0.003326741,7.411735986,0.030073727,-5.847830889,0.041478777,1.972171629,0.030369931,-18.61935112,0.030073727,-5.847830889,0.51034902,1.59864291,0,0,0.064342197,0,0,3.661827997,0,0,32.37069867,0,0,0.064342197,0,0,2.522509792,0,0,0.000160798,0,0,0.064342197,0,0,0.002120669,0.002742986,0.00994158,0.002120669,0.002449122,3.85E-08,0.002120669,449.3170688,-2.682931162,30.01233452,0,0,-960.3947046,767.0298829,-3394.970117,0,31.0270223,-109,0,319.7730875,319.7730875,30.2989009,11,388.1359016,-606.8640984,30.01233452,-20,0,452.0583818,-814.9416182,31.0270223,-26,0,0.006835008,0.006835008,29.52084599,0,0,130.6597071,-955.3402929,30.01233452,-32,0,0.02958983,-6.222417802,0.036414087,3.593963662,0.053972589,5.398528086,0.002149467,0.000992473,407.4748927,-376.5251073,30.01233452,-13,0,199.9123879,-132.0876121,31.0270223,-4,0,0,0,0,0,0,0,0,0,0,0,0,-13.03580742,9.441752087,-10.68660191,-1.580093505,0,-7.864691921,-0.807285925,-17.09856306,0,0,0,-236.288744,0,-403.35129,272.6901081,-330.1356797,-62.05404461,0,-240.0986761,-31.0270223,-510.2096868,1
ROP,354.3200073,0,0,1,0,0,0.0724,0.9276,0.052505967,0.192887029,0.425896604,0,0,0,0,0,0,0,354,354,0,0,354,0,1,1,1,1,0.066373393,-6.107740129,0.055270568,2.300885407,0.080393296,1.860419647,0.066373393,-6.107740129,0.056448829,1.592694357,0.066751097,-16.43578779,0.066373393,-6.107740129,0.425896604,1.514190495,,,0.079342199,,,2.597614615,,,2.163771377,,,0.079342199,,,1.93629931,,,0.001092927,,,0.079342199,,,0.002139158,0.001566005,0.001042906,0.002139158,0.00160088,2.12E-07,0.002139158,453.2343566,453.2343566,340.1381064,1,,0,437.9068011,437.9068011,,350.7458966,1,,33.545289,33.545289,350.0911953,0,391.5197926,37.51979264,340.1381064,0,,295.490096,-58.50990399,367.4424169,0,,0.037523305,0.037523305,344.3965131,0,,131.7988395,131.7988395,340.1381064,0,,0.06641128,-6.49309596,0.059886628,3.923986356,0.067619292,5.093612298,0.002154467,0.000814028,408.4226639,408.4226639,340.1706242,1,,163.968595,-190.031405,367.4424169,-1,,1,,,,,,,,,,0.582882648,0.082719901,0,0,0,0,0.658754612,-0.240588577,0,,,,0,340.1381064,0,0,0,0,0,340.1706242,0,0,1
ROST,228.5399933,0,0,1,0,0,0.212,0.788,0.207637232,0.231380753,0.590814802,0,0,1143,0,1143,0,0,0,0,0,0,0,1143,1,1,1,1,0.21095685,-7.142972141,0.208430425,0.663936353,0.216978318,0.681713115,0.21095685,-7.142972141,0.208732795,0.46585857,0.211020529,-8.819365018,0.21095685,-7.142972141,0.590814802,1.679108693,0,0,0.024675635,0,0,1.410710843,0,0,1.423767832,0,0,0.024675635,0,0,1.273077646,0,0,0.010350178,0,0,0.024675635,0,0,0.000975394,0.001286158,0.00104847,0.000975394,0.001429488,3.01E-06,0.000975394,206.6617001,206.6617001,221.7308523,1,0,0,359.6524726,-783.3475274,0,238.0228043,-3,0,33.72425379,33.72425379,224.0640469,0,178.5216517,178.5216517,221.7308523,1,0,263.8546123,263.8546123,223.492522,1,0,0.533737752,0.533737752,221.9115544,0,0,60.09644205,60.09644205,221.7308523,0,0,0.21097136,-7.555771564,0.209578898,4.991796255,0.019923055,13.29069098,0.000970911,0.002773513,184.0558303,184.0558303,221.7545396,1,0,558.6648897,558.6648897,230.7521324,2,0,1,0,0,0,0,0,0,0,0,0,0.797219547,-0.020663038,0,0.797219547,0.003391003,0,0.892026311,0.778688433,0,0,0,0,-30.33850875,221.7308523,0,0,221.7308523,0,0,221.7545396,230.7521324,0,1
RSG,209.5599976,0,0,1,0,0,0.058,0.942,0.052108194,0.177405858,0.919887668,0,0,629,0,629,0,0,210,419,0,210,0,629,1,1,1,1,0.056519173,-6.037182929,0.053119149,2.367848077,0.072714153,2.018452444,0.056519173,-6.037182929,0.053498128,1.656014065,0.05659944,-17.0344298,0.056519173,-6.037182929,0.919887668,2.008181559,0,0,0.014856724,0,0,5.211844401,0,0,4.085012638,0,0,0.014856724,0,0,3.172824023,0,0,6.95E-06,0,0,0.014856724,0,0,0.001138937,0.00972349,0.006265838,0.001138937,0.006052087,4.09E-09,0.001138937,241.312391,241.312391,204.5969336,1,0,0,2719.010414,2090.010414,0,208.1082193,10,0,201.5420412,201.5420412,207.8905528,1,208.4541383,-1.545861664,208.7471991,0,0,1117.092826,698.0928256,207.6569996,3,0,0.000724671,0.000724671,205.6870256,0,0,70.17273213,70.17273213,204.5969336,0,0,0.0565483,-6.420592206,0.054613608,3.853686633,0.011371705,14.68614379,0.00115647,0.004863772,219.2322345,9.232234496,204.6989764,0,0,979.702793,979.702793,209.2658059,5,0,1,0,0,0,0,0,0,0,0,0,0.569493402,0.87604758,0.063658598,0,0.128549184,0,0,1.160226614,0,0,0,0,0.200204699,204.5969336,208.1082193,0,0,0,0,0,209.2658059,0,1
RTX,184.6799927,0,0,1,0,0,0.016,0.984,0.059665871,0.110878661,0.599457393,185,0,0,0,0,0,185,185,185,0,185,0,185,1,1,1,1,0.019492602,-5.772068982,0.04011712,2.867031797,0.034760863,3.39193847,0.019492602,-5.772068982,0.035285554,2.184705276,0.01917582,-19.31251359,0.019492602,-5.772068982,0.599457393,1.687751284,,,0.048748355,,,4.484360776,,,5.902231857,,,0.048748355,,,3.137631695,,,4.07E-05,,,0.048748355,,,0.00196392,0.004173282,0.004438891,0.00196392,0.003577086,1.21E-08,0.00196392,416.1057718,231.1057718,177.9993301,1,,0,1166.987943,1166.987943,,183.5070598,6,,142.7778869,142.7778869,183.8809094,1,359.446814,174.446814,177.9993301,1,,660.2577286,475.2577286,183.1140588,3,,0.002144154,0.002144154,180.4482412,0,,121.0019873,-63.99801272,183.9281571,0,,0.019498564,-6.148235892,0.026894095,3.447549545,0.04003631,6.076550798,0.001992703,0.001284972,377.7570877,192.7570877,178.2153337,1,,258.8302161,258.8302161,184.2292557,1,,0,,,,,,,,,,0.520574693,0.770612937,0.179769478,0.520574693,0.223731429,0,0.590637572,0.185712467,0,,,,-80.1637587,177.9993301,183.5070598,0,177.9993301,0,0,178.2153337,0,0,1
RVLV,20.75,0,0,1,0,0,0.280240832,0.719759168,0.393807713,0.414676762,0.224551063,42,0,21,0,21,0,0,0,0,0,0,581,62,1,1,1,1,0.301522373,-7.791430346,0.367227526,0.233466099,0.353867614,0.281294349,0.301522373,-7.791430346,0.357161183,0.178162396,0.299802122,-4.959938542,0.301522373,-7.791430346,0.224551063,1.312844954,,,0.11993563,,,1.065611333,,,1.079574884,,,0.11993563,,,1.049690313,,,0.259220059,,,0.11993563,,,0.001906955,0.000362983,0.000289882,0.001906955,0.000568813,2.86E-05,0.001906955,404.0363738,362.0363738,19.18191431,19,,115.0914859,101.5022172,80.5022172,,19.27322865,4,,9.324121532,9.324121532,19.34404957,0,349.0208431,349.0208431,19.18191431,18,,104.9912996,104.9912996,19.23060139,5,,5.076263579,5.076263579,18.93664656,0,,117.4922519,117.4922519,19.18191431,6,,0.301551488,-8.22163514,0.333465232,4.519819204,0.106682266,3.422184133,0.001890801,0.000378441,358.4394298,358.4394298,19.20454373,19,,76.22891345,-504.7710866,22.32011006,-23,,1,,,,,,,,,,18.02220859,0.003406651,0,17.0736713,0.002479831,0,19,-7.34158765,5.691223766,,,,0.169631521,345.2744576,0,0,326.0925433,0,0,364.8863308,-156.2407704,115.0914859,1
SAIA,351.1199951,1,1,0,1,1,0.48,0.52,0.569610183,0.143096234,0.771089486,0,0,4916,0,4916,0,0,2458,2809,0,2107,351,4916,1,1,1,1,0.496814395,-9.189740753,0.54925716,-0.082585619,0.26895587,0.498369529,0.496814395,-9.189740753,0.54333519,-0.050989764,0.496352799,1.341033785,0.496814395,-9.189740753,0.771089486,1.859383377,,,0.003346334,,,0.950066487,,,1.362213794,,,0.003346334,,,0.968868734,,,2.297380099,,,0.003346334,,,0.000192931,0.001302612,0.001523883,0.000192931,0.001471395,0.000997835,0.000192931,40.87738632,40.87738632,330.7893343,0,,0,364.2536158,-4551.746384,,377.4097872,-12,,49.0160145,49.0160145,335.4306499,0,35.31132533,-2422.688675,345.9814781,-7,,271.5897635,-2537.410236,377.4097872,-7,,176.9661522,176.9661522,341.2360352,1,,11.88698959,11.88698959,330.7893343,0,,0.495924125,-9.650487837,0.524737183,1.379885658,0.002514538,2.353414054,0.000186353,0.00063897,35.32698135,-2071.673019,345.9814781,-6,,128.7068643,-222.2931357,377.4097872,-1,,1,,,,,,,,,,0,-0.001278822,0,-7,-0.00028437,0.028099556,-6,-0.029751319,0,,,,0,0,0,0,-2421.870346,0,0,-2075.888868,0,0,1
SAIC,125.2600021,0,0,1,0,0,0.1992,0.8008,0.125696102,0.881589958,0.396724038,0,0,0,0,0,0,0,0,0,0,0,0,0,1,1,1,1,0.174662245,-6.883099137,0.134725663,1.078877095,0.217948829,0.677724237,0.174662245,-6.883099137,0.138699823,0.736672789,0.176156931,-10.50734956,0.174662245,-6.883099137,0.396724038,1.485017929,,,0.065758774,,,1.532065717,,,1.307334533,,,0.065758774,,,1.338166237,,,0.015687547,,,0.065758774,,,0.001649766,0.00085446,0.000581809,0.001649766,0.001044432,2.81E-06,0.001649766,349.5444181,349.5444181,120.0303124,3,,120.0303124,238.9354789,238.9354789,,122.703741,2,,18.71400507,18.71400507,121.7273279,0,301.9487735,301.9487735,120.0303124,3,,192.7810757,192.7810757,122.0309971,2,,0.498906979,0.498906979,120.4160908,0,,101.646197,101.646197,120.0303124,1,,0.17478892,-7.289790833,0.150609222,4.785138833,0.055990178,6.633763924,0.001646843,0.001008254,312.1923037,312.1923037,120.0365184,3,,203.0911205,203.0911205,125.7992442,2,,1,0.000804005,0.000901893,2.16E-05,0.00078187,0.000804005,0.260932398,0.000812672,0.000581105,0.000804005,2.220799394,0.036374243,0,2.220799394,0.016958962,0,2.490986737,0.715548552,0.740266465,-0.038967708,0.038967708,8.99E-08,0,240.0606248,0,0,240.0606248,0,0,240.0730368,125.7992442,120.0303124,1
SAN,13.35999966,0,0,1,0,0,0.0572,0.9428,0.048926014,0.460251046,0.585826836,0,0,0,0,0,0,0,0,0,0,0,13,0,1,1,1,1,0.05503027,-6.026522235,0.05028172,2.462017704,0.076901053,1.929384639,0.05503027,-6.026522235,0.050803468,1.718145414,0.055151281,-17.12049947,0.05503027,-6.026522235,0.585826836,1.674120727,,,0.044806811,,,3.556042952,,,2.70253149,,,0.044806811,,,2.423808022,,,0.000147455,,,0.044806811,,,0.001751756,0.003203715,0.00196603,0.001751756,0.002697729,4.24E-08,0.001751756,371.1536572,371.1536572,12.77191933,29,,102.1753547,895.8650748,895.8650748,,13.30276345,67,,63.23777569,63.23777569,13.21757546,5,320.615595,320.615595,12.77191933,25,,497.9462033,497.9462033,13.21222242,38,,0.007515446,0.007515446,12.93238989,0,,107.9300821,107.9300821,12.77191933,8,,0.055067265,-6.409704971,0.052340966,3.822701896,0.036778398,7.169190538,0.001770539,0.001484631,335.6414129,335.6414129,12.77500621,26,,299.047091,286.047091,13.5040207,21,,1,,,,,,,,,,16.45703339,6.345665448,0.290822272,14.18709775,1.752764051,0,16.69050411,4.79490696,4.539871281,,,,0.067089863,204.3507093,79.81658071,0,178.8068707,26.42444483,0,217.1751055,67.5201035,63.85959667,1
SAP,208.5700073,0,0,1,0,0,0.3812,0.6188,0.30548926,0.858995816,0.488852805,0,0,0,0,0,0,0,0,209,209,0,209,0,1,1,1,1,0.359921431,-8.209573436,0.316996355,0.339396229,0.431917452,0.124281635,0.359921431,-8.209573436,0.321747034,0.231007748,0.361258505,-2.657689525,0.359921431,-8.209573436,0.488852805,1.577146696,,,0.023744036,,,1.167231613,,,1.058258747,,,0.023744036,,,1.110989581,,,0.297932182,,,0.023744036,,,0.00074434,0.000828246,0.000602783,0.00074434,0.001036285,6.77E-05,0.00074434,157.707163,157.707163,199.9247713,1,,0,231.6050384,231.6050384,,200.686296,1,,19.38864637,19.38864637,198.7256454,0,136.2329993,136.2329993,199.9247713,1,,191.2772892,-17.7227108,217.1459215,0,,12.0072016,-196.9927984,210.2783883,-1,,45.86064753,45.86064753,199.9247713,0,,0.360095189,-8.651995746,0.335395077,4.502754745,0.019409373,7.779819022,0.000731142,0.001381147,138.6027813,138.6027813,199.9900763,1,,278.2024379,69.20243786,211.8867086,0,,1,,,,,,,,,,1,0.001799841,0,1,0,-0.110364275,1,0,0,,,,0,199.9247713,0,0,199.9247713,0,0,199.9900763,0,0,1
SBAC,158.4900055,0,0,1,0,0,0.0032,0.9968,0.007955449,0.006276151,0.299352877,0,0,634,0,634,0,0,0,317,0,0,475,634,1,1,1,1,0.003746918,-5.659328309,0.006284,6.172038603,0.005053249,6.963109757,0.003746918,-5.659328309,0.005779788,4.413531528,0.003699657,-20.28733965,0.003746918,-5.659328309,0.299352877,1.387646768,,,0.15660183,,,7.553548802,,,9.788221663,,,0.15660183,,,4.245731608,,,0.00129879,,,0.15660183,,,0.003056735,0.003211627,0.003298686,0.003056735,0.002710916,1.78E-07,0.003056735,647.6462531,647.6462531,152.093342,4,,152.093342,898.0773849,264.0773849,,159.5200118,2,,106.102949,106.102949,159.5200118,1,559.4596328,559.4596328,152.093342,4,,500.3802573,183.3802573,158.8089066,1,,0.03163078,0.03163078,153.729312,0,,188.333085,188.333085,152.093342,1,,0.003747172,-6.032445837,0.004781192,3.079481151,0.138583035,2.742491427,0.0030845,0.000349902,584.7292349,584.7292349,152.1401217,4,,70.48025111,-404.5197489,164.4228653,-2,,1,,,,,,,,,,2.001749807,1.190439391,0.757576523,2.001749807,0.304363446,0,2.274400174,-0.29635013,0.500437452,,,,0,304.186684,159.5200118,159.5200118,304.186684,0,0,304.2802434,0,152.093342,1
SBSW,9.960000038,0,0,1,0,0,0.1892,0.8108,0.140811456,0.50125523,0.326152057,0,0,0,0,0,0,0,0,0,0,0,30,0,1,1,1,1,0.1748213,-6.884237993,0.14769516,0.982875528,0.212596726,0.700056338,0.1748213,-6.884237993,0.150604867,0.677043502,0.175723006,-10.5289715,0.1748213,-6.884237993,0.326152057,1.414445948,,,0.091902576,,,1.406072273,,,1.274732131,,,0.091902576,,,1.264600979,,,0.025970514,,,0.091902576,,,0.001925463,0.000645386,0.00046464,0.001925463,0.000854505,3.85E-06,0.001925463,407.9578854,407.9578854,9.012259553,45,,117.1593742,180.4713979,180.4713979,,9.486043016,19,,14.94524518,14.94524518,9.407904206,2,352.4083829,352.4083829,9.012259553,39,,157.7242986,157.7242986,9.416582691,17,,0.681930785,0.681930785,9.141574473,0,,118.6326127,118.6326127,9.012259553,13,,0.1749189,-7.290746323,0.159062298,4.83184318,0.079820249,5.340841101,0.001921921,0.000715895,364.338862,364.338862,9.02433344,40,,144.2018391,114.2018391,10.45938376,11,,1,,,,,,,,,,33.32301521,0.286794403,0.015314965,28.87994652,0.121759287,0,33.22186372,4.012715526,9.626648839,,,,0.007451804,297.4045652,0,0,261.355527,0,0,297.8030035,41.83753506,90.12259553,1
SBUX,94.70999908,0,0,1,0,0,0.098,0.902,0.178599841,0.179497908,0.411514909,95,0,0,0,0,0,0,0,0,0,0,0,95,1,1,1,1,0.110156024,-6.421228147,0.155708206,0.929925327,0.141349872,1.111875106,0.110156024,-6.421228147,0.147814319,0.690341657,0.109137428,-14.0253465,0.110156024,-6.421228147,0.411514909,1.4998088,,,0.074068464,,,1.457807699,,,1.569386571,,,0.074068464,,,1.322893593,,,0.003396531,,,0.074068464,,,0.001927668,0.000845933,0.000727396,0.001927668,0.00106326,6.33E-07,0.001927668,408.4249679,313.4249679,90.31089975,3,,90.31089975,236.5508933,236.5508933,,92.74224379,3,,23.39683773,23.39683773,92.99695893,0,352.8118653,352.8118653,90.31089975,4,,196.2562748,196.2562748,92.58206108,2,,0.112314723,0.112314723,91.53987504,0,,118.7684385,118.7684385,90.31089975,1,,0.110168763,-6.814761594,0.130620515,4.65195809,0.06314767,6.590397608,0.001934595,0.001027612,366.7415244,366.7415244,90.33872539,4,,206.9904889,206.9904889,95.51237312,2,,1,,,,,,,,,,1.932758012,0.040535677,0,2.577010682,0.014892863,0,2.902560974,0.676272315,0.644252671,,,,0,180.6217995,0,0,270.9326992,0,0,271.0161762,95.51237312,90.31089975,1
SCCO,205.5399933,1,1,0,1,1,0.5984,0.4016,0.607398568,0.562761506,0.847160899,0,822,0,0,822,0,0,0,411,411,0,0,822,1,1,1,1,0.600488917,-9.932060693,0.605710949,-0.182091129,0.587997054,-0.162179828,0.600488917,-9.932060693,0.605076947,-0.127180878,0.60036214,3.424899275,0.600488917,-9.932060693,0.847160899,1.93545479,,,0.001417926,,,0.886705402,,,0.898441031,,,0.001417926,,,0.919446963,,,9.598491737,,,0.001417926,,,9.48E-05,0.001427297,0.00118466,9.48E-05,0.001572361,0.004881483,9.48E-05,20.09179271,20.09179271,194.647901,0,,0,399.119539,-422.880461,,217.2622952,-2,,38.10483247,38.10483247,191.7858131,0,17.35599784,17.35599784,194.647901,0,,290.2261286,-120.7738714,218.4208004,-1,,865.7311419,454.7311419,205.4170545,2,,5.842617456,5.842617456,194.647901,0,,0.60045774,-10.41892489,0.603312327,-0.758138881,0.001028085,0.60614794,8.98E-05,0.000182516,17.03169969,17.03169969,194.6763425,0,,36.76398118,36.76398118,191.7858131,0,,1,,,,,,,,,,0,-0.001036162,0,0,-0.000252734,0.36656047,0,0,0,,,,0,0,0,0,0,0,0,0,0,0,1
SCHW,96.69999695,0,0,1,0,0,0.0268,0.9732,0.066030231,0.316317992,0.544254185,0,0,0,0,0,0,0,0,0,0,0,193,0,1,1,1,1,0.031376781,-5.857160889,0.052375976,2.391844505,0.055420952,2.483423121,0.031376781,-5.857160889,0.048183062,1.782961218,0.030971262,-18.58239915,0.031376781,-5.857160889,0.544254185,1.632548076,0,0,0.056651278,0,0,3.22955231,0,0,3.377818384,0,0,0.056651278,0,0,2.396248124,0,0,0.000110774,0,0,0.056651278,0,0,0.002017997,0.002631087,0.002216564,0.002017997,0.002475691,2.88E-08,0.002017997,427.5633489,427.5633489,92.36871727,5,0,92.36871727,735.7390965,735.7390965,0,95.75551478,8,0,71.2962787,71.2962787,95.79482853,1,369.3442725,369.3442725,92.36871727,4,0,456.962555,456.962555,95.45149985,5,0,0.00511403,0.00511403,93.94042036,0,0,124.3338074,124.3338074,92.36871727,1,0,0.03138998,-6.235650882,0.039940794,3.646362692,0.047058932,5.972918182,0.002042983,0.001159182,387.2887471,387.2887471,92.46456685,4,0,233.4923908,40.49239078,96.46578018,0,0,1,0,0,0,0,0,0,0,0,0,2.680182319,0.715115017,0.096365475,2.144145855,0.248355524,0,2.43020887,0,0.536036464,0,0,0,0,277.1061518,95.75551478,0,184.7374345,0,0,184.9291337,0,92.36871727,1
SCNX,0.158800006,0,0,1,0,0,0.0196,0.9804,0.29816879,0.147698745,0.552849149,0,0,0,0,0,0,0,0,0,0,0,0,0,0,0,0,0,0.025399168,-5.814360582,0.084182105,1.655609077,0.05014412,2.667734904,0.025399168,-5.814360582,0.064825818,1.435530759,0.024847536,-18.96005634,0.025399168,-5.814360582,0.552849149,1.64114304,0,0,0.056112685,0,0,2.270901992,0,0,3.749329896,0,0,0.056112685,0,0,2.036335467,0,0,8.33E-05,0,0,0.056112685,0,0,0,0,0,0,0,0,0,0,0,0.154787405,0,0,0,0,0,0,0.161350708,0,0,0,0,0.164145204,0,0,0,0.154787405,0,0,0,0,0.161162435,0,0,0,0,0.157711826,0,0,0,0,0.154787405,0,0,0.025404494,-6.191650975,0.040575939,3.655693803,0.046546643,6.116591688,0,0,0,0,0.154794032,0,0,0,0,0.169142849,0,0,0,0,0,0,0,0,0,0,0,0,0,0,0,0,0,0,0,0,0,0,0,0,0,0,0,0,0,0,0,0,0,0,0
SE,95.19000244,0,0,1,0,0,0.03310962,0.96689038,0.125389062,0.301647059,0.626046288,0,0,0,0,0,0,2951,0,0,0,0,0,0,1,1,1,1,0.040389186,-5.921690609,0.083732047,1.663058841,0.07411919,1.987737072,0.040389186,-5.921690609,0.073516992,1.300517351,0.039727217,-18.04762082,0.040389186,-5.921690609,0.626046288,1.714340179,0,0,0.041091308,0,0,2.450852033,0,0,2.919599585,0,0,0.041091308,0,0,2.015798953,0,0,5.96E-05,0,0,0.041091308,0,0,0.001754037,0.002428037,0.002341071,0.001754037,0.002406993,1.88E-08,0.001754037,371.6369391,371.6369391,89.17747052,4,0,-2819.104445,678.9595987,678.9595987,0,92.76986849,7,0,75.30105504,75.30105504,93.14562719,1,321.0330709,321.0330709,89.17747052,4,0,444.2822717,444.2822717,92.53398949,5,0,0.003334048,0.003334048,90.56295937,0,0,108.0706186,-2842.929381,93.97014816,-30,0,0.040402656,-6.301903966,0.055868697,3.870621151,0.03347674,8.055654191,0.00177679,0.001773604,336.8263814,336.8263814,89.22895374,4,0,357.2546465,357.2546465,95.1357322,4,0,0,0,0,0,0,0,0,0,0,0,2.191651229,0.302505515,0.061735917,2.191651229,0.132136358,0,2.4821246,0.936356756,-16.43738422,0,0,0,0,178.354941,0,0,178.354941,0,0,178.4579075,95.1357322,-1503.522371,0
SERV,4.614999771,1,1,0,1,1,0.614896989,0.385103011,0.702325581,0.218809981,0.432504269,0,111,0,0,111,0,0,0,0,0,0,60,111,1,1,1,1,0.631880636,-10.15682854,0.683098084,-0.339612275,0.383790535,0.218084944,0.631880636,-10.15682854,0.677391628,-0.229648482,0.631392112,3.878985849,0.631880636,-10.15682854,0.432504269,1.52079816,,,0.014149145,,,0.867293831,,,1.095738875,,,0.014149145,,,0.908212633,,,5.084556483,,,0.014149145,,,0.000387675,0.000532048,0.000537643,0.000387675,0.000760629,0.00100132,0.000387675,82.13869487,82.13869487,4.106684856,20,,24.64010913,148.7782239,37.77822393,,3.88513309,10,,17.29340821,17.29340821,4.080124473,4,70.95429619,70.95429619,4.106684856,17,,140.3968049,140.3968049,3.88513309,36,,177.5840784,177.5840784,4.614999771,38,,23.88562232,23.88562232,4.106684856,6,,0.631014823,-10.64355306,0.659407183,-2.586647497,0.011537494,0.338099873,0.000374243,5.46E-05,70.94534731,70.94534731,4.121042624,17,,11.00677435,-48.99322565,4.808552491,-10,,1,,,,,,,,,,20,0.018021328,0.002972565,17,0.029665364,8.933877912,17,-1.045428949,6,,,,0.787057319,82.13369711,0,0,69.81364255,0,41.53499794,70.05772461,-4.808552491,24.64010913,1
SHG,78.02999878,0,0,1,0,0,0.3168,0.6832,0.272871917,0.737238494,0.460908676,0,0,156,0,156,0,0,0,0,312,0,0,156,1,1,1,1,0.305197133,-7.817741996,0.280031125,0.430500004,0.372894507,0.240564015,0.305197133,-7.817741996,0.282869363,0.297337185,0.305898584,-4.718055898,0.305197133,-7.817741996,0.460908676,1.549202567,0,0,0.032642475,0,0,1.207373346,0,0,1.111048951,0,0,0.032642475,0,0,1.139006597,0,0,0.126782365,0,0,0.032642475,0,0,0.000957778,0.000797592,0.000588126,0.000957778,0.001007645,2.69E-05,0.000957778,202.9294368,202.9294368,74.83151936,3,0,74.83151936,223.0330647,67.03306474,0,75.69513283,1,0,18.91720187,18.91720187,75.09323798,0,175.2975914,175.2975914,74.83151936,2,0,185.9908513,185.9908513,75.35695852,2,0,4.762479632,-307.2375204,76.80332861,-4,0,59.011114,59.011114,74.83151936,1,0,0.305338094,-8.249470866,0.291026365,4.819762351,0.027021402,8.246627607,0.000945768,0.00139801,179.2895049,179.2895049,74.8736572,2,0,281.5992988,281.5992988,80.10973805,4,0,1,0,0,0,0,0,0,0,0,0,2.864863589,0.002895785,0,1.90990906,0.002762794,-1.391253216,2,1.45188182,0.95495453,0,0,0,0,224.4945581,0,0,149.6630387,0,-76.80332861,149.7473144,80.10973805,74.83151936,1
SHOP,151.3899994,1,1,0,1,1,0.6996,0.3004,0.798727128,0.671548117,0.89600712,0,0,0,0,0,0,0,0,303,1060,0,0,0,1,1,1,1,0.721267533,-10.79684766,0.778818193,-0.614555005,0.717694518,-0.459048851,0.721267533,-10.79684766,0.771009263,-0.412169279,0.719671534,4.749547855,0.721267533,-10.79684766,0.89600712,1.984301011,0,0,0.000612035,0,0,0.656302092,0,0,0.730102095,0,0,0.000612035,0,0,0.753937438,0,0,25.91202283,0,0,0.000612035,0,0,4.49E-05,0.001167206,0.001066272,4.49E-05,0.00138807,0.014535953,4.49E-05,9.510522548,9.510522548,142.8872963,0,0,0,326.3896194,326.3896194,0,141.198628,2,0,34.29688015,34.29688015,141.198628,0,8.21552418,8.21552418,142.8872963,0,0,256.2096388,-46.79036124,159.6886602,0,0,2577.951698,1517.951698,154.2728053,10,0,2.765624046,2.765624046,142.8872963,0,0,0.721201277,-11.3065227,0.751094266,-6.11733304,0.000431612,0.015115951,4.18E-05,4.85E-06,7.921665311,7.921665311,142.9187797,0,0,0.977719385,0.977719385,141.3900765,0,0,1,0,0,0,0,0,0,0,0,0,0,0.011802433,0,0,0,3.524719504,0,0,0,0,0,0,0,0,0,0,0,0,617.091221,0,0,0,0
SHW,319.5100098,0,0,1,0,0,0.1684,0.8316,0.172235481,0.217573222,0.633749897,0,0,0,0,0,0,0,0,0,0,0,320,0,1,1,1,1,0.169385842,-6.845319567,0.171581068,0.836657643,0.184523632,0.832728774,0.169385842,-6.845319567,0.171260661,0.589362717,0.169288534,-10.85136076,0.169385842,-6.845319567,0.633749897,1.722043788,0,0,0.024221559,0,0,1.575753121,0,0,1.572391868,0,0,0.024221559,0,0,1.377576245,0,0,0.00274536,0,0,0.024221559,0,0,0.00105123,0.001589341,0.001284208,0.00105123,0.001666897,8.82E-07,0.00105123,222.7294891,222.7294891,306.8467037,1,0,0,444.4323969,444.4323969,0,313.0180578,1,0,41.30684466,41.30684466,312.9963187,0,192.4015735,192.4015735,306.8467037,1,0,307.6754455,307.6754455,311.4038404,1,0,0.156360523,0.156360523,309.0855153,0,0,64.76889444,64.76889444,306.8467037,0,0,0.169411151,-7.250258311,0.170526317,4.886050192,0.019436526,14.23389513,0.001050789,0.003170332,199.1982386,199.1982386,306.9541577,1,0,638.595622,318.595622,322.4005008,1,0,1,0,0,0,0,0,0,0,0,0,0.7321625,0.010937438,0,0.7321625,0.005427319,0,0.821347587,0.373023226,0,0,0,0,0,306.8467037,0,0,306.8467037,0,0,306.9541577,0,0,1
SJM,117.1900024,0,0,1,0,0,0.1512,0.8488,0.088703262,0.865690377,0.194284946,0,0,0,0,0,0,0,0,0,0,0,234,0,1,1,1,1,0.129290269,-6.558231257,0.095895231,1.480766602,0.161812624,0.965071088,0.129290269,-6.558231257,0.099109587,1.011128225,0.130601851,-12.85952059,0.129290269,-6.558231257,0.194284946,1.282578837,0,0,0.195505814,0,0,1.44559714,0,0,1.271477885,0,0,0.195505814,0,0,1.286135878,0,0,0.040746535,0,0,0.195505814,0,0,0.002851426,0.000448547,0.000310275,0.002851426,0.000650433,4.10E-06,0.002851426,604.146285,604.146285,113.7035539,5,0,227.4071078,125.428541,125.428541,0,115.4898564,1,0,9.98006909,9.98006909,115.1169339,0,521.882829,521.882829,113.7035539,5,0,120.0568446,120.0568446,115.2572348,1,0,0.727961117,0.727961117,114.2938491,0,0,175.6834585,175.6834585,113.7035539,2,0,0.129392093,-6.956074215,0.108871591,4.470739491,0.177075791,3.042395839,0.002851517,0.000316789,540.5625578,540.5625578,113.7124315,5,0,63.81036222,-170.1896378,121.5156692,-1,0,1,0,0,0,0,0,0,0,0,0,3.360187283,0.034260465,0,3.360187283,0.015974692,0,3.780231912,-0.312304869,1.344074913,0,0,0,0,341.1106618,0,0,341.1106618,0,0,454.849726,0,113.7035539,1
SLB,48.74000168,0,0,1,0,0,0.1012,0.8988,0.099840891,0.328451883,0.156298158,0,0,146,0,146,0,0,0,0,0,0,244,146,1,1,1,1,0.10099497,-6.355634083,0.100167514,1.424909051,0.13335396,1.178675363,0.10099497,-6.355634083,0.100207022,1.001297365,0.100963731,-14.47898558,0.10099497,-6.355634083,0.156298158,1.244592049,0,0,0.248910386,0,0,1.36585584,0,0,1.294213751,0,0,0.248910386,0,0,1.244945406,0,0,0.042082847,0,0,0.248910386,0,0,0.00324803,0.000375772,0.000279197,0.00324803,0.000575978,3.77E-06,0.00324803,688.1767783,688.1767783,46.45427428,15,0,185.8170971,105.07822,-40.92177998,0,51.1632732,-1,0,8.980424222,8.980424222,47.69288021,0,594.4713273,594.4713273,46.45427428,13,0,106.3138306,106.3138306,47.63537731,2,0,0.667950749,0.667950749,46.84618985,0,0,200.1192087,200.1192087,46.45427428,4,0,0.101044786,-6.747690325,0.100493799,4.390837408,0.228447853,2.613654659,0.003251119,0.000251829,616.3151718,616.3151718,46.50820663,13,0,50.72562107,-193.2743789,51.1632732,-4,0,1,0,0,0,0,0,0,0,0,0,9.467363576,-0.031724466,0,8.205048433,0.031331138,0,9.248550334,-1.204965822,2.524630287,0,0,0,0,418.0884685,0,0,371.6341942,0,0,418.5738597,-51.1632732,139.3628228,1
SLV,54.74000168,0,0,1,0,0,0.1872,0.8128,0.082338902,0.035146444,0.511962782,0,0,0,0,0,0,0,55,164,55,55,0,0,1,1,1,1,0.142139154,-6.650230556,0.09133296,1.544795809,0.063544869,2.242535253,0.142139154,-6.650230556,0.095894992,1.040916069,0.144984921,-12.09893753,0.142139154,-6.650230556,0.511962782,1.600256673,,,0.043862337,,,2.067432364,,,2.870136034,,,0.043862337,,,1.631339246,,,0.003384716,,,0.043862337,,,0.001451077,0.001554927,0.001735296,0.001451077,0.001588617,8.14E-07,0.001451077,307.44721,307.44721,50.79055365,6,,101.5811073,434.8092905,434.8092905,,53.90729221,8,,55.81617668,55.81617668,54.32687913,1,265.5837232,210.5837232,50.79055365,4,,293.2265962,129.2265962,53.61953007,2,,0.144446012,-54.85555399,53.01302129,-1,,89.4044878,89.4044878,50.79055365,2,,0.141876772,-7.047850342,0.10967035,4.478064358,0.036383287,8.210590256,0.001454992,0.001513381,275.8231244,220.8231244,50.88126131,4,,304.8383021,304.8383021,56.05212063,5,,1,,,,,,,,,,4.146146855,0.298299261,0.078577568,2.764097903,0.033859571,-1,3.104512152,1.566645343,1.382048952,,,,-0.776722102,203.1622146,0,0,152.3716609,0,-53.01302129,152.6437839,112.1042413,50.79055365,1
SMCI,43.68999863,1,1,0,1,1,0.8056,0.1944,0.867143994,0.79832636,0.769075536,0,44,0,0,44,0,0,0,175,1529,0,0,44,1,1,1,1,0.819704502,-11.50166621,0.855371446,-1.004349338,0.821757066,-0.866702845,0.819704502,-11.50166621,0.850660455,-0.683024974,0.818670019,4.984207321,0.819704502,-11.50166621,0.769075536,1.857369427,,,0.000807647,,,0.536947936,,,0.584716144,,,0.000807647,,,0.655142465,,,21.88995349,,,0.000807647,,,4.64E-05,0.000733011,0.000651211,4.64E-05,0.00099176,0.009467143,4.64E-05,9.826379855,9.826379855,39.15146312,0,,0,204.9740934,160.9740934,,37.39034276,4,,20.9463394,20.9463394,37.39034276,1,8.488372841,8.488372841,39.15146312,0,,183.0588185,8.058818453,37.39034276,0,,1678.998184,149.9981839,45.83941945,3,,2.857474159,2.857474159,39.15146312,0,,0.819670684,-12.03038116,0.838483389,-10.10848424,0.000582172,0.001913577,4.30E-05,5.18E-07,8.142629595,8.142629595,39.21007812,0,,0.104360128,0.104360128,38.88308548,0,,1,,,,,,,,,,0,0.06304485,0.011737091,0,0,1.164483873,0,0,0,,,,0.001025885,0,0,0,0,0,45.83941945,0,0,0,1
SNA,368.8999939,0,0,1,0,0,0.1136,0.8864,0.264120923,0.158995816,0.557196171,0,0,0,0,0,0,0,0,0,0,0,369,0,1,1,1,1,0.131912912,-6.577009639,0.21340032,0.644169332,0.158914195,0.984051633,0.131912912,-6.577009639,0.197727847,0.498401407,0.13036029,-12.87243577,0.131912912,-6.577009639,0.557196171,1.645490062,0,0,0.037794096,0,0,1.378258805,0,0,1.632471874,0,0,0.037794096,0,0,1.281745684,0,0,0.001643437,0,0,0.037794096,0,0,0.001386203,0.001158895,0.001106496,0.001386203,0.001355565,4.41E-07,0.001386203,293.7019631,293.7019631,358.7118624,1,0,0,324.0655406,324.0655406,0,362.3915201,1,0,35.59068444,35.59068444,363.0509961,0,253.7100951,253.7100951,358.7118624,1,0,250.2098827,250.2098827,361.6817374,1,0,0.078265586,0.078265586,360.7644276,0,0,85.4074219,85.4074219,358.7118624,0,0,0.131901748,-6.974522937,0.165879049,4.865342996,0.031005856,11.28107914,0.001390473,0.002234424,263.5922313,263.5922313,358.804775,1,0,450.0769436,81.07694365,371.9281568,0,0,1,0,0,0,0,0,0,0,0,0,0.675891497,0.006483658,0,0.675891497,0.003881312,0,0.760062034,0,0,0,0,0,0,358.7118624,0,0,358.7118624,0,0,358.804775,0,0,1
SNDK,1719.98999,1,1,0,1,1,0.302267003,0.697732997,0.326034063,0.111498258,2.787249297,0,1720,3440,0,5160,0,0,0,0,0,0,0,5160,1,1,1,1,0.306727305,-7.828698177,0.320762846,0.33084002,0.190873506,0.800140454,0.306727305,-7.828698177,0.319449988,0.234653159,0.306751013,-4.684471945,0.306727305,-7.828698177,1.036381153,2.124675044,0,0,0.002739843,0,0,1.28316192,0,0,1.827595092,0,0,0.002739843,0,0,1.193438992,0,0,0.029295937,0,0,0.002739843,0,0,0.000258786,0.002999818,0.003532424,0.000258786,0.002690113,2.15E-05,0.000258786,54.83028305,54.83028305,1535.55615,0,0,0,838.8485334,-4321.151467,0,2003.303622,-2,0,113.6211951,113.6211951,1611.59592,0,47.36432871,47.36432871,1535.55615,0,0,496.5403948,496.5403948,1541.421697,0,0,3.814066029,3.814066029,1518.312045,0,0,15.94443928,15.94443928,1535.55615,0,0,0.306341681,-8.256848332,0.314553879,4.671275518,0.001984245,33.7966396,0.00025443,0.012946104,48.23234992,48.23234992,1536.081085,0,0,2607.715759,2607.715759,1793.922403,1,0,1,0,0,0,0,0,0,0,0,0,0,-0.003420472,0,0,0,0,0,0.340950234,0,0,0,0,201.4540807,0,0,0,0,0,0,0,0,0,1
SNPS,489.8999939,1,1,0,1,1,0.9512,0.0488,0.997613365,0.636401674,0.775084995,0,0,0,0,0,0,0,0,490,1470,0,0,0,1,1,1,1,0.961177034,-12.51462368,0.988299709,-5.219444574,0.819636573,-0.855028779,0.961177034,-12.51462368,0.985236144,-3.373739679,0.960763574,3.950713787,0.961177034,-12.51462368,0.775084995,1.863378886,,,0.000414269,,,0.038830951,,,0.58733343,,,0.000414269,,,0.122482549,,,11.69183182,,,0.000414269,,,2.41E-05,5.37E-05,0.000662847,2.41E-05,0.000187197,0.00512126,2.41E-05,5.100898939,5.100898939,465.4344534,0,,0,15.01612011,15.01612011,,454.7659139,0,,21.32060724,21.32060724,454.5601761,0,4.406336072,4.406336072,465.4344534,0,,34.55277254,-455.4472275,492.5030652,-1,,908.2556947,-561.7443053,520.1944799,-1,,1.483322151,1.483322151,465.4344534,0,,0.960816951,-13.06796149,0.975947812,-17.62299842,0.000293572,1.72E-05,2.19E-05,4.71E-09,4.160972836,4.160972836,466.4200494,0,,0.000947964,0.000947964,469.0720232,0,,1,,,,,,,,,,0,0,0,0,-0.177845616,-0.243877179,0,0,0,,,,0,0,0,0,0,0,0,0,0,0,1
SO,83.72000122,0,0,1,0,0,0.0688,0.9312,0.19451074,0.046861925,0.525601322,0,0,1172,0,1172,0,0,0,0,0,0,0,1172,1,1,1,1,0.081514535,-6.216152225,0.146190912,0.993320578,0.071843738,2.037921261,0.081514535,-6.216152225,0.132875671,0.768865815,0.080465584,-15.64013863,0.081514535,-6.216152225,0.525601322,1.613895213,0,0,0.051028792,0,0,1.608743653,0,0,2.652366669,0,0,0.051028792,0,0,1.444868216,0,0,0.000560791,0,0,0.051028792,0,0,0.001742028,0.001251734,0.001660412,0.001742028,0.001442833,1.40E-07,0.001742028,369.0924514,369.0924514,81.73020544,5,0,81.73020544,350.0263853,-821.9736147,0,85.60132577,-10,0,53.40752844,53.40752844,82.99366751,1,318.8350528,318.8350528,81.73020544,4,0,266.3178414,266.3178414,82.54587305,3,0,0.02474498,0.02474498,82.14634343,0,0,107.3306912,107.3306912,81.73020544,1,0,0.081452713,-6.603667036,0.106972787,4.453121992,0.042389717,8.427411858,0.001755372,0.001587742,332.7662507,332.7662507,81.74836313,4,0,319.816617,319.816617,83.85789338,4,0,1,0,0,0,0,0,0,0,0,0,3.01879285,-0.154169652,0.064892548,2.41503428,0.027710374,0,2.725526145,1.239393467,0.60375857,0,0,0,0.005256115,245.1906163,0,0,163.4604109,0,0,245.2450894,83.85789338,81.73020544,1
SOLV,87.84999847,0,0,1,0,0,0.336025848,0.663974152,0.394944708,0.829076621,0.275645548,0,0,0,0,0,0,0,0,0,0,0,176,0,1,1,1,1,0.349044414,-8.131692907,0.383182092,0.202803124,0.453565249,0.084127441,0.349044414,-8.131692907,0.378222616,0.149176076,0.347924788,-3.131524586,0.349044414,-8.131692907,0.275645548,1.363939439,0,0,0.080147087,0,0,1.064968752,0,0,1.026455121,0,0,0.080147087,0,0,1.047389467,0,0,0.378343145,0,0,0.080147087,0,0,0.001467744,0.000422638,0.000322325,0.001467744,0.000635496,4.85E-05,0.001467744,310.9784715,310.9784715,84.71169425,4,0,84.71169425,118.18347,118.18347,0,84.76631227,1,0,10.36763922,10.36763922,84.31245289,0,268.6341512,268.6341512,84.71169425,3,0,117.2997067,117.2997067,84.59525111,1,0,8.610107126,8.610107126,84.31245289,0,0,90.4313653,90.4313653,84.71169425,1,0,0.349170362,-8.571686246,0.366390009,4.187865259,0.069916359,3.668627894,0.001449744,0.000447704,274.8281486,274.8281486,84.73109861,3,0,90.18042529,-85.81957471,91.54375889,-1,0,1,0,0,0,0,0,0,0,0,0,4,0.000642642,0,3,0.000347711,0,3,-0.274034616,1,0,0,0,0,338.846777,0,0,254.1350828,0,0,254.1932958,0,84.71169425,1
SONY,23.81999969,0,0,1,0,0,0.518,0.482,0.482895784,0.542677824,0.607720556,71,596,0,0,596,0,24,834,619,786,95,0,667,1,1,1,1,0.509062001,-9.277434833,0.488884917,0.018506803,0.514238818,-0.025645473,0.509062001,-9.277434833,0.491347706,0.010125458,0.509684754,1.656500614,0.509062001,-9.277434833,0.607720556,1.696014447,,,0.007438448,,,1.009824743,,,0.986543344,,,0.007438448,,,1.005363419,,,2.399110138,,,0.007438448,,,0.000305138,0.000958318,0.000756956,0.000305138,0.001162869,0.000725636,0.000305138,64.65118757,-6.348812432,23.33603902,0,,0,267.9775139,-328.0224861,,24.86433732,-13,,24.34766772,24.34766772,22.98698649,1,55.84797177,-778.1520282,23.33603902,-33,,214.6421329,-404.3578671,24.86433732,-16,,128.6915428,-657.3084572,24.86433732,-26,,18.80032123,-5.199678769,23.33603902,0,,0.50909552,-9.747312075,0.498008292,1.994590834,0.005803348,2.868257066,0.000294704,0.000614227,55.86707836,-39.13292164,23.33603902,-2,,123.7228278,123.7228278,23.59814284,5,,0,,,,,,,,,,0,-6.96E-05,1.03E-05,-33,-2.56E-05,-1.114747678,-2,0.310811922,0,,,,-2.117349761,0,0,0,-770.0892876,0,-24.86433732,-46.67207804,0,0,1
SPCX,158.9600067,1,1,0,1,1,0.984375,0.015625,0.807692308,0.425,0.37460912,0,0,0,0,0,0,0,0,0,159,0,0,0,1,1,1,1,0.932607781,-12.31006497,0.833508493,-0.865049286,0.640204396,-0.268384934,0.932607781,-12.31006497,0.84586234,-0.660752417,0.936953398,4.236546826,0.932607781,-12.31006497,0.37460912,1.462903011,0,0,0.009250944,0,0,0.719582214,0,0,0.902939474,0,0,0.009250944,0,0,0.777738211,0,0,5.011218573,0,0,0.009250944,0,0,0.000219552,0.000377941,0.000377864,0.000219552,0.000580644,0.000847103,0.000219552,46.51764698,46.51764698,142.2479019,0,0,0,105.6847925,105.6847925,0,136.9911674,1,0,12.15408811,12.15408811,136.9911674,0,40.18358104,40.18358104,142.2479019,0,0,107.1751403,107.1751403,136.9911674,1,0,150.2337285,-8.766271475,176.3765965,0,0,13.5271561,13.5271561,142.2479019,0,0,0.931881959,-12.85525747,0.87746599,-12.08591137,0.007518164,0.010074412,0.000207906,1.47E-06,39.41281261,39.41281261,142.3646269,0,0,0.296711488,0.296711488,142.1335408,0,0,1,0,0,0,0,0,0,0,0,0,0,0.011692348,0,0,0.006821777,0,0,0,0,0,0,0,0,0,0,0,0,0,0,0,0,0,1
SPGI,386.269989,0,0,1,0,0,0.0568,0.9432,0.068416866,0.117573222,0.618208575,0,0,0,0,0,0,0,0,0,0,0,0,0,1,1,1,1,0.059299894,-6.057093168,0.066036625,2.013201819,0.074559047,1.978297015,0.059299894,-6.057093168,0.065057271,1.43160103,0.059090209,-16.8867862,0.059299894,-6.057093168,0.618208575,1.706502466,0,0,0.039274147,0,0,2.932770465,0,0,2.878567565,0,0,0.039274147,0,0,2.149237978,0,0,0.000120354,0,0,0.039274147,0,0,0.001648277,0.002852686,0.002265209,0.001648277,0.002531744,3.73E-08,0.001648277,349.2288907,349.2288907,369.0211395,1,0,0,797.7055059,797.7055059,0,382.282639,2,0,72.86095383,72.86095383,382.198421,0,301.6762099,301.6762099,369.0211395,1,0,467.3086671,467.3086671,381.1705869,1,0,0.00661447,0.00661447,376.00461,0,0,101.5544428,101.5544428,369.0211395,0,0,0.05931739,-6.440948065,0.062707694,3.960683363,0.031989789,8.304280638,0.001666188,0.00180685,315.8595987,315.8595987,369.9328398,1,0,363.951304,363.951304,386.6797155,1,0,1,0,0,0,0,0,0,0,0,0,0.573255901,0.126655674,0,0.573255901,0.032023149,0,0.648215812,0.245109573,0,0,0,0,0,369.0211395,0,0,369.0211395,0,0,369.9328398,0,0,0
SPOT,472.8900146,0,0,1,0,0,0.081450094,0.918549906,0.079513564,0.361966236,0.524452337,0,0,473,0,473,0,0,0,0,946,0,0,473,1,1,1,1,0.081086502,-6.21308746,0.07993035,1.728482058,0.111139455,1.402622244,0.081086502,-6.21308746,0.08001802,1.213949563,0.08107141,-15.60533848,0.081086502,-6.21308746,0.524452337,1.612746228,,,0.051330332,,,2.284410602,,,1.954954876,,,0.051330332,,,1.786383494,,,0.000576583,,,0.051330332,,,0.001747709,0.001772401,0.001220256,0.001747709,0.00178011,1.43E-07,0.001747709,370.2961581,370.2961581,443.0579802,1,,0,495.6220276,22.62202763,,463.1855293,0,,39.2498076,39.2498076,461.9746566,0,319.8748571,319.8748571,443.0579802,1,,328.5722785,328.5722785,461.2526727,1,,0.025370607,-945.9746294,470.132891,-2,,107.6807246,107.6807246,443.0579802,0,,0.081131548,-6.601306124,0.080412418,4.176453936,0.042637631,7.360206231,0.001760477,0.001384132,333.7339984,333.7339984,443.3879466,1,,278.8037318,278.8037318,474.1291169,1,,1,,,,,,,,,,0.603163372,0,0,0.603163372,0.023026149,-2,0.680894415,0.272543242,0,,,,-1.029023259,443.0579802,0,0,443.0579802,0,-940.265782,443.3879466,0,0,1
SPSC,82.34999847,0,0,1,0,0,0.5956,0.4044,0.541368337,0.919665272,0.408148794,0,0,0,0,0,0,0,82,165,247,82,0,0,1,1,1,1,0.581832847,-9.798481366,0.550610459,-0.084889364,0.656468432,-0.304330781,0.581832847,-9.798481366,0.55423066,-0.064015675,0.582677063,3.131638188,0.581832847,-9.798481366,0.408148794,1.496442685,,,0.019260919,,,0.966360702,,,0.884552933,,,0.019260919,,,0.974525955,,,3.533660774,,,0.019260919,,,0.000497124,0.000555739,0.000406222,0.000497124,0.00077807,0.000653063,0.000497124,105.3281284,105.3281284,78.06221765,1,,0,155.403,155.403,,76.97151339,2,,13.06622816,13.06622816,76.97151339,0,90.98614522,8.986145223,78.06221765,0,,143.6159823,-21.38401765,87.59738739,0,,115.8207279,-131.1792721,87.59738739,-1,,30.62902203,30.62902203,78.06221765,0,,0.582001384,-10.28325037,0.564490654,0.359928058,0.01584212,1.1561363,0.000480878,0.000179229,91.16013963,9.160139629,78.06587353,0,,36.10185673,36.10185673,78.73002819,0,,1,,,,,,,,,,1,0.000225194,0,0,0,-0.15323684,0,0,0,,,,0,78.06221765,0,0,0,0,0,0,0,0,1
SPY,769.6400146,0,0,1,0,0,0.4076,0.5924,0.388225935,0.69790795,0.888866603,0,0,770,0,770,0,0,0,770,0,0,0,770,1,1,1,1,0.403027648,-8.51821826,0.391769569,0.18674792,0.469316934,0.055386036,0.403027648,-8.51821826,0.393019994,0.129648863,0.403246094,-1.258505188,0.403027648,-8.51821826,0.888866603,1.977160494,,,0.003007809,,,1.135756454,,,1.038476298,,,0.003007809,,,1.092399515,,,0.424062337,,,0.003007809,,,0.000217672,0.001990971,0.001494383,0.000217672,0.001989857,0.000234537,0.000217672,46.11938682,46.11938682,752.7516693,0,,0,556.7416083,-213.2583917,,786.5350123,0,,48.06716735,48.06716735,750.1460337,0,39.8395499,39.8395499,752.7516693,0,,367.2873591,-402.7126409,786.5350123,-1,,41.59513763,41.59513763,750.1460337,0,,13.41134355,13.41134355,752.7516693,0,,0.40315404,-8.968525664,0.396775197,3.804568657,0.002212791,13.37555544,0.000211085,0.004255288,40.0154714,40.0154714,752.8588859,0,,857.1368218,857.1368218,770.5221172,1,,1,0.010156761,0.011237512,0.005809996,0.009733042,0.010156761,0.380575545,0.010424479,0.007843962,0.010156761,0,0,0,0,-0.000262638,0,0,0.226167854,0,-0.239599729,0.239599729,0.000789645,0,0,0,0,0,0,0,0,0,0,1
SRE,78.37999725,1,1,0,1,1,0.0996,0.9004,0.150357995,0.022594142,0.413650972,235,157,157,0,314,0,0,78,78,0,78,235,549,1,1,1,1,0.107751448,-6.404011142,0.136927163,1.061578531,0.047417912,2.773499995,0.107751448,-6.404011142,0.132929869,0.768556051,0.107375782,-14.12266578,0.107751448,-6.404011142,0.413650972,1.501944863,0,0,0.073910456,0,0,1.54004029,0,0,3.089938531,0,0,0.073910456,0,0,1.366999931,0,0,0.003200182,0,0,0.073910456,0,0,0.001933715,0.000898754,0.001440538,0.001933715,0.00110335,6.00E-07,0.001933715,409.7061146,174.7061146,75.77452131,2,0,151.5490426,251.3213731,-62.67862691,0,80.53093851,-1,0,46.33522219,46.33522219,77.86673733,1,353.9185649,275.9185649,75.77452131,4,0,203.6560146,125.6560146,76.98094024,2,0,0.106416268,0.106416268,76.29713127,0,0,119.1409911,119.1409911,75.77452131,2,0,0.107453438,-6.794800971,0.122077568,4.585288393,0.063047998,6.456683363,0.001942874,0.001010467,368.3110308,290.3110308,75.83741556,4,0,203.5370022,-31.46299785,80.53093851,0,0,1,0,0,0,0,0,0,0,0,0,1.28160496,-0.017608578,0.120192222,2.563209919,0.0184587,0,2.885582515,0,1.28160496,0,0,0,0.551321328,75.77452131,0,0,227.3235639,0,0,227.5122467,0,75.77452131,1
SRGHY,18.62999916,0,0,1,0,0,0.2304,0.7696,0.167859984,0.50209205,0.330541338,0,0,0,0,0,0,0,0,0,223,0,0,0,1,1,1,1,0.211488887,-7.146781576,0.176573141,0.810052098,0.248229223,0.564941195,0.211488887,-7.146781576,0.180296952,0.556004494,0.212685112,-8.741203347,0.211488887,-7.146781576,0.330541338,1.418835229,0,0,0.082068301,0,0,1.327617002,0,0,1.218519896,0,0,0.082068301,0,0,1.214716286,0,0,0.046982034,0,0,0.082068301,0,0,0.001739255,0.000616977,0.000449829,0.001739255,0.000828362,7.04E-06,0.001739255,368.5049422,368.5049422,17.96912962,21,0,107.8147777,172.5270981,172.5270981,0,18.22484343,9,0,14.46884037,14.46884037,18.14823987,1,318.3275417,318.3275417,17.96912962,18,0,152.8988269,152.8988269,18.1648691,8,0,1.248781318,-221.7512187,18.20278015,-12,0,107.1598458,107.1598458,17.96912962,6,0,0.211597734,-7.5603761,0.191121008,4.957021581,0.071012895,5.664088363,0.001731772,0.000765319,328.2923434,328.2923434,17.97386382,18,0,154.1571847,154.1571847,19.08708329,8,0,1,0,0,0,0,0,0,0,0,0,16.75947226,0.092275931,0.004986852,14.36526194,0.038642625,-12,16.0760494,3.071507869,4.788420647,0,0,0,2.323409371,305.4752035,0,0,251.5678147,0,-218.4333618,287.5818211,57.26124987,89.8456481,1
SSL,13.93999958,1,1,0,1,1,0.712,0.288,0.564041368,0.746861925,0.228646118,0,70,335,0,405,0,28,0,0,0,0,0,405,1,1,1,1,0.669441666,-10.42576927,0.58598686,-0.146377865,0.666631813,-0.327700038,0.669441666,-10.42576927,0.59542828,-0.114804789,0.672336695,4.360282373,0.669441666,-10.42576927,0.228646118,1.316940009,0,0,0.056680354,0,0,0.960501805,0,0,0.913730707,0,0,0.056680354,0,0,0.968887274,0,0,3.321555295,0,0,0.056680354,0,0,0.000911655,0.000331282,0.000248503,0.000911655,0.00052989,0.000371285,0.000911655,193.1571244,193.1571244,13.05131092,15,0,26.10262185,92.63741898,-312.362581,0,15.14008822,-21,0,7.993166109,7.993166109,12.87901903,1,166.8559239,166.8559239,13.05131092,13,0,97.8070469,97.8070469,12.87901903,8,0,65.84748679,65.84748679,14.47723681,5,0,56.16936245,28.16936245,13.05131092,2,0,0.669541778,-10.92676857,0.621866501,-1.33508277,0.049377612,0.692419842,0.000886428,7.72E-05,168.0402389,168.0402389,13.06993865,13,0,15.54806661,15.54806661,12.87901903,1,0,1,0,0,0,0,0,0,0,0,0,15,-0.007030564,0.001677927,13,0.001647517,1.485317373,13,0.027850719,2,0,0,0,-0.073064554,195.7696639,0,0,169.667042,0,14.47723681,169.9092024,0,26.10262185,1
STE,208.5399933,0,0,1,0,0,0.0748,0.9252,0.195704057,0.136401674,0.589450936,209,417,0,0,417,0,0,209,417,0,417,0,626,1,1,1,1,0.088078215,-6.263148827,0.151769527,0.955404207,0.116790929,1.339358819,0.088078215,-6.263148827,0.13884843,0.735879223,0.086928541,-15.27040487,0.088078215,-6.263148827,0.589450936,1.677744827,,,0.039129851,,,1.639472281,,,1.999809501,,,0.039129851,,,1.463427214,,,0.000370122,,,0.039129851,,,0.001542104,0.00148987,0.001467771,0.001542104,0.001639275,1.07E-07,0.001542104,326.7335512,117.7335512,201.8431667,1,,0,416.6171707,-0.382829288,,214.5964506,0,,47.21118521,47.21118521,205.5716944,0,282.2439437,73.24394371,201.8431667,0,,302.5770737,-114.4229263,214.5964506,-1,,0.019025491,0.019025491,203.0524658,0,,95.012883,95.012883,201.8431667,0,,0.088080404,-6.652387857,0.113635189,4.513667678,0.03199161,10.33565654,0.00155385,0.002152336,294.5636447,-122.4363553,207.2149534,-1,,433.5419772,433.5419772,209.0167183,2,,1,,,,,,,,,,0.612922394,0,0,0,-0.008461222,0,-0.691472878,0.636662372,0,,,,-0.410562498,201.8431667,0,0,0,0,0,-207.2149534,209.0167183,0,1
STLA,4.400000095,0,0,1,0,0,0.1148,0.8852,0.062052506,0.008786611,0.269610612,18,0,35,0,35,0,4,242,216,0,31,440,53,1,1,1,1,0.093447845,-6.301595918,0.067058125,1.989379382,0.020664371,4.491842408,0.093447845,-6.301595918,0.070048808,1.35146698,0.095352973,-14.7934755,0.093447845,-6.301595918,0.269610612,1.357904503,,,0.145449359,,,1.837922963,,,3.95209737,,,0.145449359,,,1.512057738,,,0.010824362,,,0.145449359,,,0.002620273,0.000716561,0.001218667,0.002620273,0.000905463,1.36E-06,0.002620273,555.1707751,537.1707751,4.096954666,131,,155.6842773,200.3742065,165.3742065,,4.3200811,38,,39.19868746,39.19868746,4.468032353,9,479.5760595,237.5760595,4.096954666,58,,167.130158,-48.86984199,4.70166954,-10,,0.24207333,0.24207333,4.172149249,0,,161.4415652,157.4415652,4.096954666,38,,0.092836355,-6.687349328,0.077649568,4.144433889,0.129257887,3.553593395,0.002631802,0.000428731,498.9111614,467.9111614,4.097571911,114,,86.35873766,-353.6412623,4.70166954,-75,,1,,,,,,,,,,81.28163368,2.349843006,2.837341156,35.98728819,-0.285384843,0,79.65864184,-20.12851436,23.57787847,,,,0.092648204,331.8533279,8.6401622,13.40409706,147.490368,0,0,327.8057529,-94.03339081,98.32691198,1
STLD,231.9900055,0,0,0,0,0,0.3372,0.6628,0.382259348,0.436401674,0.816109317,0,0,2552,0,2552,0,0,2784,3480,0,1624,464,2552,1,1,1,1,0.34727954,-8.119056233,0.373397023,0.221471271,0.382610353,0.220493035,0.34727954,-8.119056233,0.369763427,0.16063507,0.346474825,-3.1839088,0.34727954,-8.119056233,0.816109317,1.904403208,0,0,0.005353302,0,0,1.153343202,0,0,1.152616652,0,0,0.005353302,0,0,1.109019267,0,0,0.128609533,0,0,0.005353302,0,0,0.000337217,0.001740163,0.001422296,0.000337217,0.001807869,6.14E-05,0.000337217,71.44796902,71.44796902,221.0848218,0,0,0,486.6073494,-2065.392651,0,245.9330236,-8,0,45.74845682,45.74845682,221.2511775,0,61.71927085,-2722.280729,228.6594544,-12,0,333.696138,-3146.303862,245.9330236,-13,0,10.88463753,10.88463753,219.8560125,0,0,20.77679961,20.77679961,221.0848218,0,0,0.347316551,-8.5580587,0.360760855,4.250765512,0.004034659,15.4592885,0.000329908,0.004464626,62.54074549,-1561.459255,228.6594544,-7,0,899.3034083,435.3034083,233.3464284,2,0,1,0,0,0,0,0,0,0,0,0,0,-0.006131191,0,-12,-0.005241361,0,-7,0.564656482,0,0,0,0,-5.217574185,0,0,0,-2743.913453,0,0,-1600.616181,233.3464284,0,1
STN,67.44999695,0,0,1,0,0,0.106,0.894,0.118138425,0.019665272,0.593068225,270,0,540,0,540,0,0,674,540,0,202,337,810,1,1,1,1,0.107817195,-6.404481899,0.115070881,1.255788643,0.041985634,3.010052655,0.107817195,-6.404481899,0.114606513,0.886101634,0.108001654,-14.08806208,0.107817195,-6.404481899,0.593068225,1.681362116,,,0.03587208,,,1.920360856,,,4.778067363,,,0.03587208,,,1.584742881,,,0.000662019,,,0.03587208,,,0.00142503,0.001760231,0.003537993,0.00142503,0.001786525,1.94E-07,0.00142503,301.9283705,31.92837046,64.94318871,0,,64.94318871,492.2188769,-47.78112311,,69.9898351,-1,,113.8003184,113.8003184,67.00657952,2,260.8163553,-413.1836447,67.2673939,-6,,329.7563576,-210.2436424,69.9898351,-3,,0.034319596,0.034319596,65.55680947,0,,87.79963009,87.79963009,64.94318871,1,,0.107473669,-6.794949687,0.112007849,4.499206708,0.029284857,10.35849463,0.00143503,0.002169114,272.0388369,70.03883692,64.98468429,1,,436.9216714,99.92167136,67.65441458,1,,1,,,,,,,,,,0,-0.024640705,0.283138031,-3.845380163,-0.03680513,0,0.721427207,0.316294703,0.640896694,,,,0.046012459,0,0,0,-269.0695756,0,0,64.98468429,0,64.94318871,1
STRL,533.4199829,1,1,0,1,1,0.5772,0.4228,0.756165473,0.088702929,1.036904542,0,1067,6401,0,7468,0,0,0,3734,4267,0,0,7468,1,1,1,1,0.605857006,-9.970496748,0.710198519,-0.405019137,0.200570565,0.753442729,0.605857006,-9.970496748,0.699343168,-0.265686692,0.605990128,3.512976627,0.605857006,-9.970496748,1.036381153,2.124675044,,,0.00054542,,,0.736953808,,,1.764396417,,,0.00054542,,,0.818545328,,,14.11792795,,,0.00054542,,,5.15E-05,0.001722875,0.003410272,5.15E-05,0.001845071,0.010363835,5.15E-05,10.91505286,10.91505286,490.7246984,0,,0,481.7728859,-6986.227114,,568.9665773,-12,,109.6921471,109.6921471,508.6349923,0,9.428806909,9.428806909,490.7246984,0,,340.5627125,-3393.437288,575.9019484,-6,,1838.026552,-2428.973448,587.904775,-4,,3.174056158,3.174056158,490.7246984,0,,0.603327797,-10.44002297,0.661057738,-2.644262641,0.000382876,0.136317818,4.91E-05,5.22E-05,9.306828272,9.306828272,491.1249695,0,,10.51814991,10.51814991,485.4708631,0,,1,,,,,,,,,,0,-0.030757594,0,0,-0.006617758,-0.771312799,0,0,0,,,,168.4348773,0,0,0,0,0,-587.904775,0,0,0,1
STT,175.9600067,0,0,1,0,0,0.096,0.904,0.196499602,0.692050209,0.535293987,0,0,0,0,0,0,0,0,0,0,0,0,0,1,1,1,1,0.109802414,-6.418696266,0.165646866,0.869891983,0.181337287,0.849738026,0.109802414,-6.418696266,0.155354634,0.65527531,0.10859934,-14.05504596,0.109802414,-6.418696266,0.535293987,1.623587878,0,0,0.044567653,0,0,1.524372872,0,0,1.509556217,0,0,0.044567653,0,0,1.37378761,0,0,0.001100913,0,0,0.044567653,0,0,0.001555551,0.001214845,0.000968487,0.001555551,0.001396392,2.80E-07,0.001555551,329.5825687,329.5825687,167.7147208,2,0,167.7147208,339.7110047,339.7110047,0,172.2389516,2,0,31.15158323,31.15158323,172.2185151,0,284.7050253,284.7050253,167.7147208,2,0,257.7456485,257.7456485,171.4319958,2,0,0.049736094,0.049736094,169.1225066,0,0,95.84136651,95.84136651,167.7147208,1,0,0.109847754,-6.812401823,0.133942819,4.67630877,0.036825977,9.64383632,0.001562976,0.001845213,296.2935885,296.2935885,167.819085,2,0,371.6786898,371.6786898,177.3422733,2,0,1,0,0,0,0,0,0,0,0,0,1.28748943,0.023647252,0,1.28748943,0.013418304,0,1.450275581,0.683370741,0.643744715,0,0,0,0,167.7147208,0,0,167.7147208,0,0,167.819085,177.3422733,167.7147208,1
STX,848.9899902,0,0,1,0,0,0.3004,0.6996,0.298727128,0.732635983,1.025112171,0,0,0,0,0,0,0,0,0,3396,0,0,0,1,1,1,1,0.300317964,-7.782806657,0.299244007,0.381409177,0.379072314,0.227750131,0.300317964,-7.782806657,0.299213452,0.268166525,0.300206888,-4.943786927,0.300317964,-7.782806657,1.025112171,2.113406062,0,0,0.00295611,0,0,1.330305783,0,0,1.185809456,0,0,0.00295611,0,0,1.222220456,0,0,0.024737371,0,0,0.00295611,0,0,0.000273771,0.003044558,0.002242531,0.000273771,0.002711948,1.78E-05,0.000273771,58.00526526,58.00526526,775.4856455,0,0,0,851.359497,851.359497,0,783.2266932,1,0,72.13151459,72.13151459,777.0138901,0,50.10699012,50.10699012,775.4856455,0,0,500.5707988,500.5707988,778.5949987,1,0,3.15388931,-3392.846111,824.0584935,-4,0,16.86771212,16.86771212,775.4856455,0,0,0.300443622,-8.213491111,0.299599466,4.770784021,0.002141684,35.51595193,0.00026868,0.013419264,50.9336796,50.9336796,775.6386772,0,0,2703.023919,2703.023919,875.2876598,3,0,1,0,0,0,0,0,0,0,0,0,0,0.002273015,0,0,0.001123645,-1.527564324,0,1.066892821,0,0,0,0,-55.62543932,0,0,0,0,0,-1648.116987,0,875.2876598,0,1
STZ,112.8700027,0,0,1,0,0,0.02,0.98,0.044152745,0.015899582,0.056181218,0,0,0,0,0,0,0,0,0,0,0,564,0,1,1,1,1,0.023048813,-5.797531805,0.036247957,3.056841249,0.021856712,4.372601608,0.023048813,-5.797531805,0.033795638,2.242600609,0.022801213,-19.08692417,0.023048813,-5.797531805,0.056181218,1.144475109,0,0,0.45732802,0,0,1.510602899,0,0,1.804106737,0,0,0.45732802,0,0,1.353413924,0,0,0.076100061,0,0,0.45732802,0,0,0.004375304,0.000297133,0.000275957,0.004375304,0.000488481,4.90E-06,0.004375304,927.018205,927.018205,108.1978423,9,0,216.3956845,83.08814345,83.08814345,0,112.0102087,1,0,8.876225409,8.876225409,112.8110945,0,800.7909597,800.7909597,108.1978423,7,0,90.16378546,90.16378546,111.6052326,1,0,0.868385647,0.868385647,109.5402005,0,0,269.5733937,269.5733937,108.1978423,2,0,0.023037005,-6.17424733,0.028658897,3.475239037,0.434660213,1.598347042,0.004382162,0.000124033,830.7273335,830.7273335,108.2269802,8,0,24.98385363,-539.0161464,117.3964081,-5,0,1,0,0,0,0,0,0,0,0,0,4.726599614,0.14600435,0,3.676244144,0.078582148,0,4.765166261,-0.943537997,1.05035547,0,0,0,0,540.9892113,0,0,432.791369,0,0,541.1349008,-117.3964081,108.1978423,1
SW,42.54000092,0,0,1,0,0,0.1452,0.8548,0.088738559,0.348953975,0.407738302,0,0,0,0,0,0,0,0,0,0,0,85,0,1,1,1,1,0.125895999,-6.533927939,0.095462309,1.486640491,0.145482609,1.079629564,0.125895999,-6.533927939,0.098460823,1.017019195,0.127078746,-13.04834736,0.125895999,-6.533927939,0.407738302,1.496032193,0,0,0.071936368,0,0,1.820012135,0,0,1.544796974,0,0,0.071936368,0,0,1.506323644,0,0,0.005215667,0,0,0.071936368,0,0,0.00185479,0.001045512,0.000708635,0.00185479,0.001201685,9.63E-07,0.00185479,392.9840307,392.9840307,40.10137883,10,0,120.3041365,292.3598357,292.3598357,0,41.547576,7,0,22.79341052,22.79341052,41.32631541,1,339.4734401,339.4734401,40.10137883,8,0,221.8068068,221.8068068,41.32893024,5,0,0.170766412,0.170766412,40.54206318,0,0,114.2782723,114.2782723,40.10137883,3,0,0.125974352,-6.930950058,0.107458247,4.457653639,0.061304603,6.023183773,0.001858767,0.000933078,352.3668308,352.3668308,40.11656183,9,0,187.9486147,102.9486147,43.0618523,2,0,1,0,0,0,0,0,0,0,0,0,6.670658486,0.241729682,0.0182125,5.336526789,0.080806878,0,6.755353411,0.620958624,2.001197546,0,0,0,0,280.7096518,0,0,200.5068941,0,0,280.8159328,43.0618523,80.20275765,1
SWK,91.33999634,0,0,1,0,0,0.4404,0.5596,0.511137629,0.776150628,0.179657084,0,0,0,0,0,0,0,0,0,0,0,457,0,1,1,1,1,0.456080444,-8.898081589,0.497074827,0.004868783,0.549223351,-0.089251731,0.456080444,-8.898081589,0.491218189,0.010277097,0.454771493,0.26578341,0.456080444,-8.898081589,0.179657084,1.267950975,0,0,0.120944433,0,0,1.001156528,0,0,0.979034344,0,0,0.120944433,0,0,1.002442784,0,0,1.065130753,0,0,0.120944433,0,0,0.001690639,0.000296709,0.000227935,0.001690639,0.000490033,0.000102562,0.001690639,358.2043754,358.2043754,86.70534516,4,0,86.70534516,82.96972707,82.96972707,0,84.9894523,1,0,7.331588352,7.331588352,84.9894523,0,309.4295495,309.4295495,86.70534516,4,0,90.45021909,90.45021909,84.9894523,1,0,18.1893968,18.1893968,87.43504109,0,0,104.1644798,104.1644798,86.70534516,1,0,0.45619299,-9.35842029,0.477033519,2.436941181,0.108423601,1.783424118,0.001665573,0.000180282,315.7429776,315.7429776,86.75941092,4,0,36.31400023,-420.6859998,97.11179534,-4,0,1,0,0,0,0,0,0,0,0,0,4,3.70E-07,0,4,1.65E-06,0,4,-0.371167645,1,0,0,0,0,346.8213806,0,0,346.8213806,0,0,347.0376437,0,86.70534516,1
SWKS,85.02999878,0,0,1,0,0,0.6268,0.3732,0.558472554,0.892050209,0.2880082,0,0,0,0,0,0,0,0,0,85,0,0,0,1,1,1,1,0.609050106,-9.993359661,0.569840237,-0.117973467,0.671123799,-0.338276005,0.609050106,-9.993359661,0.574407234,-0.088531824,0.61018675,3.577004066,0.609050106,-9.993359661,0.2880082,1.376302091,0,0,0.041094473,0,0,0.963020331,0,0,0.897586806,0,0,0.041094473,0,0,0.972118968,0,0,3.134582595,0,0,0.041094473,0,0,0.000778125,0.000396228,0.00029248,0.000778125,0.000605797,0.000416765,0.000778125,164.8653642,164.8653642,80.31227658,2,0,80.31227658,110.7985241,110.7985241,0,79.61193718,1,0,9.407689326,9.407689326,79.61193718,0,142.4165054,142.4165054,80.31227658,2,0,111.8178061,111.8178061,79.61193718,1,0,73.91320346,-11.08679654,90.55553148,0,0,47.9422254,47.9422254,80.31227658,1,0,0.609208945,-10.48325587,0.587219383,-0.280030082,0.035142128,0.914441593,0.00075622,0.000114224,143.3567717,143.3567717,80.34063503,2,0,23.00792907,23.00792907,79.61193718,0,0,1,0,0,0,0,0,0,0,0,0,2,0.000217465,0,2,0.000122467,0,2,0,1,0,0,0,-0.025809776,160.6245532,0,0,160.6245532,0,0,160.6812701,0,80.31227658,1
SYF,71.76999664,0,0,1,0,0,0.158,0.842,0.194112967,0.280334728,0.501701814,0,0,0,0,0,0,0,0,0,0,0,215,0,1,1,1,1,0.165609954,-6.818283835,0.186561268,0.760155825,0.201238149,0.750353987,0.165609954,-6.818283835,0.183511729,0.544752794,0.164983787,-11.06889263,0.165609954,-6.818283835,0.501701814,1.589995705,0,0,0.042347253,0,0,1.422631122,0,0,1.416179342,0,0,0.042347253,0,0,1.287392596,0,0,0.005898884,0,0,0.042347253,0,0,0.001367994,0.001042782,0.000833941,0.001367994,0.001230025,1.38E-06,0.001367994,289.8439766,289.8439766,67.84380448,4,0,67.84380448,291.5964508,291.5964508,0,69.52207926,4,0,26.82388673,26.82388673,69.50619441,0,250.3774305,250.3774305,67.84380448,4,0,227.0378307,227.0378307,69.20433098,3,0,0.245448433,0.245448433,68.47442247,0,0,84.28553398,84.28553398,67.84380448,1,0,0.165647804,-7.222593569,0.176168361,4.908867781,0.035107419,9.741505855,0.001367332,0.001765999,259.2054675,259.2054675,67.94901267,4,0,355.7226838,140.7226838,72.50633392,2,0,1,0,0,0,0,0,0,0,0,0,2.905562153,0.036114805,0,2.905562153,0.013910419,0,3.260366116,0.753030715,0.726390538,0,0,0,0.06031419,203.5314134,0,0,203.5314134,0,0,203.847038,72.50633392,67.84380448,1
SYK,275.4299927,0,0,1,0,0,0.1068,0.8932,0.163086714,0.031380753,0.495914547,551,0,3030,0,3030,0,551,826,551,0,1102,551,3581,1,1,1,1,0.116002824,-6.463091824,0.148341742,0.978437021,0.061327439,2.303807857,0.116002824,-6.463091824,0.143690349,0.710732501,0.115480392,-13.67699607,0.116002824,-6.463091824,0.495914547,1.584208438,,,0.051120444,,,1.568569526,,,2.886218443,,,0.051120444,,,1.386797696,,,0.001849983,,,0.051120444,,,0.001629268,0.001133102,0.001674377,0.001629268,0.001310772,4.28E-07,0.001629268,345.2013482,-205.7986518,273.9173119,-1,,-547.8346237,316.8528381,-2713.147162,,285.7432483,-9,,53.8567038,53.8567038,272.7913873,0,298.1970768,-527.8029232,273.9173119,-2,,241.9420551,-309.0579449,285.7432483,-1,,0.075879884,0.075879884,266.7641519,0,,100.3832486,-450.6167514,273.9173119,-2,,0.115769035,-6.855929755,0.131692468,4.659911415,0.04266785,8.533117395,0.001637067,0.001532446,310.3391084,-791.6608916,273.9173119,-3,,308.6784517,-242.3215483,285.7432483,-1,,0,,,,,,,,,,-0.652680561,-0.134625798,0,-1.305361123,-0.007892823,0,-2.20330185,-0.33929335,-1.305361123,,,,-12.44420415,-273.9173119,0,0,-273.9173119,0,0,-547.8346237,0,-273.9173119,1
SYY,77.48999786,0,0,1,0,0,0.0912,0.9088,0.165075577,0.266527197,0.389477551,0,0,0,0,0,0,0,232,310,0,232,0,0,1,1,1,1,0.102450616,-6.366056655,0.144254717,1.007016063,0.146572782,1.071362347,0.102450616,-6.366056655,0.136992981,0.745884203,0.10149303,-14.4494477,0.102450616,-6.366056655,0.389477551,1.477771442,,,0.083228202,,,1.481826117,,,1.519535471,,,0.083228202,,,1.338157964,,,0.003542164,,,0.083228202,,,0.002050579,0.000810423,0.000662818,0.002050579,0.001029408,6.23E-07,0.002050579,434.4666658,434.4666658,75.44603976,6,,150.8920795,226.6212643,226.6212643,,76.37688621,3,,21.31968087,21.31968087,76.41377562,0,375.3076006,143.3076006,75.44603976,2,,190.0078296,-119.9921704,79.83386012,-2,,0.110502924,0.110502924,75.87984497,0,,126.3412659,126.3412659,75.44603976,2,,0.102479196,-6.758234817,0.121244709,4.578476358,0.071409213,5.977820555,0.002058553,0.00089716,390.2403114,158.2403114,75.4599078,2,,180.7137873,180.7137873,77.83262766,2,,1,0.000687875,0.000756832,0.026619145,0.000632043,0.000687875,0.050398495,0.000696475,0.000553667,0.000687875,3.799376001,0.047535063,0,1.266458667,-0.017385726,0,1.427304307,0.65507643,1.266458667,0.034074422,0.034074422,4.59E-08,0,301.784159,0,0,75.44603976,0,0,75.4599078,77.83262766,75.44603976,1
T,24.29999924,0,0,1,0,0,0.1526,0.8474,0.085123309,0.507531381,0.312625401,0,97,0,0,97,0,24,0,0,122,0,0,97,1,1,1,1,0.128118851,-6.549843785,0.09253272,1.527490482,0.151455212,1.035488961,0.128118851,-6.549843785,0.095889634,1.040967005,0.129576147,-12.91439246,0.128118851,-6.549843785,0.312625401,1.400919292,0,0,0.109904877,0,0,1.673572923,0,0,1.417781043,0,0,0.109904877,0,0,1.420401828,0,0,0.012857708,0,0,0.109904877,0,0,0.002222179,0.000739196,0.000496817,0.002222179,0.000932858,1.83E-06,0.002222179,470.8244732,470.8244732,23.28149601,20,0,116.40748,206.7036973,109.7036973,0,23.98338088,5,0,15.98022875,15.98022875,23.87082322,1,406.7147546,406.7147546,23.28149601,17,0,172.1867651,172.1867651,23.90442871,7,0,0.325088814,-121.6749112,24.18942725,-5,0,136.913979,112.913979,23.28149601,5,0,0.128212921,-6.947406001,0.106149829,4.445396823,0.096118866,4.475735361,0.002224728,0.000585241,421.7420993,421.7420993,23.28552949,18,0,117.8842164,117.8842164,24.34391024,5,0,1,0,0,0,0,0,0,0,0,0,13.40639175,0.182283373,0.016753709,11.39543299,0.118520096,-5,13.5749391,1.543871321,3.351597938,0,0,0,-40.67222579,302.6594481,0,0,256.0964561,0,-120.9471363,325.9974128,48.68782049,69.84448802,1
TAP,36.86000061,0,0,1,0,0,0.208,0.792,0.247016706,0.266108787,-0.141211822,0,0,0,0,0,0,0,0,0,0,0,1474,0,1,1,1,1,0.216381127,-7.18181051,0.239022918,0.552069438,0.238651555,0.598378798,0.216381127,-7.18181051,0.235820862,0.395608754,0.21571836,-8.599345075,0.216381127,-7.18181051,-0.088293891,1,0,0,1,0,0,1,0,0,1,0,0,1,0,0,1,0,0,1,0,0,1,0,0,0.005805939,0.000114635,8.80E-05,0.005805939,0.000242041,3.78E-05,0.005805939,1230.134172,1230.134172,35.48133838,35,0,354.8133838,32.05566034,32.05566034,0,35.96169954,1,0,2.829306854,2.829306854,35.97145762,0,1062.633203,1062.633203,35.48133838,30,0,44.67596577,44.67596577,35.89199011,1,0,6.709922371,6.709922371,35.56824105,0,0,357.7183724,357.7183724,35.48133838,10,0,0.216398662,-7.595668207,0.227932839,4.999349449,1,1,0.005789448,5.48E-05,1097.506756,1097.506756,35.50298111,31,0,11.03425289,-1462.965747,38.42905762,-38,0,1,0,0,0,0,0,0,0,0,0,28.20693871,0.004762198,0,24.17737603,0.002445411,0,27.94561626,-14.83988761,8.059125345,0,0,0,0,993.4774746,0,0,851.5521211,0,0,994.083471,-576.4358643,283.850707,1
TCEHY,53.11000061,0,0,1,0,0,0.1372,0.8628,0.112967383,0.158995816,0.390651459,0,0,0,0,0,0,0,53,53,425,53,53,0,1,1,1,1,0.13044251,-6.566481413,0.116693538,1.239430919,0.134436794,1.169264514,0.13044251,-6.566481413,0.118269693,0.860333153,0.130898802,-12.84365041,0.13044251,-6.566481413,0.390651459,1.47894535,,,0.076561868,,,1.624216507,,,1.580225226,,,0.076561868,,,1.400281814,,,0.006564389,,,0.076561868,,,0.001891885,0.000891125,0.000691538,0.001891885,0.001079733,1.16E-06,0.001891885,400.8434758,400.8434758,51.26855253,8,,102.5371051,249.1879887,249.1879887,,52.26391848,5,,22.24348132,22.24348132,52.17572965,0,346.2627055,293.2627055,51.26855253,6,,199.2969483,146.2969483,52.06582474,3,,0.205426479,-424.7945735,52.27349701,-8,,116.5637692,116.5637692,51.26855253,2,,0.130467285,-6.963978058,0.122669406,4.590095364,0.065532558,6.026934431,0.00189532,0.000906387,359.2961299,306.2961299,51.27290997,6,,182.5722853,129.5722853,54.59022562,2,,1,,,,,,,,,,5.389834768,0.120014766,0,4.042376076,0.034695616,-8,4.54659285,0.658405483,1.347458692,,,,0.017573936,256.3427626,0,0,205.0742101,0,-418.1879761,256.3645498,54.59022562,51.26855253,1
TCOM,38.09000015,0,0,1,0,0,0.0604,0.9396,0.129276054,0.084937238,0.175836909,0,0,152,0,152,0,0,0,0,0,0,686,152,1,1,1,1,0.0694114,-6.129492562,0.107328176,1.339095952,0.083238426,1.807461434,0.0694114,-6.129492562,0.100294629,1.000519746,0.068653497,-16.32452077,0.0694114,-6.129492562,0.175836909,1.2641308,0,0,0.237720489,0,0,1.368703168,0,0,1.527513783,0,0,0.237720489,0,0,1.264284806,0,0,0.021791854,0,0,0.237720489,0,0,0.003286105,0.00040077,0.000351258,0.003286105,0.000612535,2.07E-06,0.003286105,696.2440809,696.2440809,36.20453549,19,0,217.227213,112.0685734,-39.93142663,0,40.36583538,-1,0,11.29828282,11.29828282,37.53013276,0,601.4401473,601.4401473,36.20453549,17,0,113.061525,113.061525,37.09538166,3,0,0.36775032,0.36775032,36.60853672,0,0,202.4651498,202.4651498,36.20453549,6,0,0.069407199,-6.515119257,0.085631989,4.235279568,0.217176533,2.698470237,0.003295081,0.000270666,624.6491712,624.6491712,36.26485873,17,0,54.51992038,-631.4800796,40.36583538,-16,0,1,0,0,0,0,0,0,0,0,0,11.15379535,-0.028018406,0,9.979711628,0.046923739,0,11.27492566,-4.484398255,3.522251163,0,0,0,0,398.2498904,0,0,362.0453549,0,0,398.913446,-161.4633415,144.818142,1
TDG,1090.380005,0,0,1,0,0,0.082,0.918,0.172235481,0.039748954,0.700221324,0,0,0,0,0,0,0,1090,1090,0,1090,0,0,1,1,1,1,0.09373401,-6.303644883,0.143429883,1.0129385,0.067871108,2.131352598,0.09373401,-6.303644883,0.134571591,0.759265868,0.09284503,-14.93486327,0.09373401,-6.303644883,0.700221324,1.788515215,,,0.025608024,,,1.80201962,,,3.452636379,,,0.025608024,,,1.554923556,,,0.000169456,,,0.025608024,,,0.001278642,0.002114943,0.00329355,0.001278642,0.002104768,6.32E-08,0.001278642,270.9125083,270.9125083,1052.299366,0,,0,591.4081314,591.4081314,,1068.993894,1,,105.9377425,105.9377425,1077.671205,0,234.0237617,-855.9762383,1086.178136,-1,,388.4976956,-701.5023044,1140.464542,-1,,0.011202314,0.011202314,1059.425264,0,,78.78033447,78.78033447,1052.299366,0,,0.093626897,-6.693160679,0.115295194,4.528200638,0.020418611,13.91032667,0.001289836,0.003416385,244.5143724,-845.4856276,1086.178136,-1,,688.1577665,688.1577665,1095.485792,1,,1,,,,,,,,,,0,0.016031944,0,-0.620874044,-0.009007573,0,-0.699974998,0.320384391,0,,,,0,0,0,0,-1086.178136,0,0,-1086.178136,0,0,1
TDOC,5.519999981,0,0,1,0,0,0.0376,0.9624,0.106603023,0.20334728,0.115864064,66,6,0,0,6,0,0,50,50,0,66,602,72,1,1,1,1,0.044686501,-5.952459816,0.080305168,1.721826232,0.074904907,1.970931768,0.044686501,-5.952459816,0.07278829,1.310926503,0.044056114,-17.785495,0.044686501,-5.952459816,0.115864064,1.204157955,0,0,0.330929096,0,0,1.376964983,0,0,1.442187053,0,0,0.330929096,0,0,1.275763242,0,0,0.036728631,0,0,0.330929096,0,0,0.003821422,0.000331935,0.000271717,0.003821422,0.000535249,2.89E-06,0.003821422,809.6642905,743.6642905,5.127599043,145,0,235.869556,92.82012379,86.82012379,0,5.338183306,16,0,8.739846924,8.739846924,5.351379796,2,699.4165171,649.4165171,5.127599043,127,0,98.7960743,48.7960743,5.320606457,9,0,0.51192175,0.51192175,5.202808771,0,0,235.4473185,235.4473185,5.127599043,46,0,0.044700473,-6.333497649,0.058595902,3.906984042,0.308312762,2.066469439,0.003830699,0.00018284,726.186319,660.186319,5.12871425,129,0,36.82915228,-565.1708477,6.05129401,-93,0,1,0,0,0,0,0,0,0,0,0,80.27512173,0.741171393,0.121392876,70.3099342,0.241668042,0,80.85315356,-22.18126188,25.46659034,0,0,0,0,410.2079234,5.338183306,0,358.931933,0,0,415.4258543,-133.1284682,128.1899761,0
TDY,617.1699829,1,1,0,1,1,0.4032,0.5968,0.466984885,0.119246862,0.774845107,0,0,617,0,617,0,0,0,0,0,0,617,617,1,1,1,1,0.415141295,-8.604953183,0.45255617,0.079503102,0.223889484,0.653865805,0.415141295,-8.604953183,0.448540763,0.060690208,0.414922414,-0.894470121,0.415141295,-8.604953183,0.774845107,1.863138998,0,0,0.004726637,0,0,1.050715977,0,0,1.502118283,0,0,0.004726637,0,0,1.038487422,0,0,0.573157121,0,0,0.004726637,0,0,0.000274555,0.001452288,0.00169435,0.000274555,0.001586574,0.000250927,0.000274555,58.17138741,58.17138741,599.9671029,0,0,0,406.1078035,-210.8921965,0,640.1173864,0,0,54.49915079,54.49915079,604.7547777,0,50.25049228,50.25049228,599.9671029,0,0,292.8494212,292.8494212,597.9853079,0,0,44.50197117,44.50197117,597.9853079,0,0,16.91601981,16.91601981,599.9671029,0,0,0.414397456,-9.051177142,0.43531803,3.212099668,0.003580654,7.379971734,0.000267573,0.002014181,50.72390045,50.72390045,600.0409365,0,0,405.7135988,-211.2864012,640.1173864,0,0,1,0,0,0,0,0,0,0,0,0,0,0,0,0,0,0,0,0,0,0,0,0,0,0,0,0,0,0,0,0,0,0,1
TEAM,187.8899994,0,0,1,0,0,0.604,0.396,0.629673827,0.993723849,0.613006643,0,0,0,0,0,0,0,0,0,564,0,0,0,1,1,1,1,0.610481196,-10.00360641,0.625206189,-0.218780475,0.712528965,-0.444479847,0.610481196,-10.00360641,0.623050132,-0.150885567,0.609846844,3.571870597,0.610481196,-10.00360641,0.613006643,1.701300534,0,0,0.004913119,0,0,0.890245147,0,0,0.78962789,0,0,0.004913119,0,0,0.922950634,0,0,6.672982798,0,0,0.004913119,0,0,0.000203879,0.000855422,0.000613647,0.000203879,0.001077427,0.00204318,0.000203879,43.19699229,43.19699229,172.1935019,0,0,0,239.2044623,239.2044623,0,171.48238,1,0,19.73807471,19.73807471,171.48238,0,37.31508263,37.31508263,172.1935019,0,0,198.8712477,198.8712477,171.48238,1,0,362.3579625,-201.6420375,204.3382301,-1,0,12.56152225,12.56152225,172.1935019,0,0,0.610639632,-10.493773,0.618101962,-1.215797027,0.003786484,0.524103548,0.00019476,0.00011314,36.9206069,36.9206069,172.3168274,0,0,22.78959769,22.78959769,171.48238,0,0,1,0,0,0,0,0,0,0,0,0,0,0.000747889,0,0,0.000355726,-0.199347806,0,0,0,0,0,0,0,0,0,0,0,0,0,0,0,0,0
TECH,72.40000153,0,0,1,0,0,0.6002,0.3998,0.436754177,0.980962343,0.471341243,72,290,0,0,290,0,0,72,145,1158,72,72,362,1,1,1,1,0.550590512,-9.574783124,0.459434518,0.067852484,0.610587595,-0.206697395,0.550590512,-9.574783124,0.469205607,0.03613229,0.553779772,2.598607556,0.550590512,-9.574783124,0.471341243,1.559635134,,,0.014185562,,,1.030616499,,,0.912226421,,,0.014185562,,,1.016188705,,,3.17388402,,,0.014185562,,,0.000426694,0.000699356,0.000496353,0.000426694,0.000917035,0.000690245,0.000426694,90.40584004,18.40584004,68.30870977,0,,0,195.563086,-94.43691398,,77.13579017,-1,,15.96529839,15.96529839,67.34683083,0,78.09574723,6.095747226,68.30870977,0,,169.2661607,24.26616067,67.34683083,0,,122.4150434,-1035.584957,77.13579017,-13,,26.28967692,26.28967692,68.30870977,0,,0.550819625,-10.05403014,0.497453981,2.006733821,0.011464123,2.439752674,0.000412476,0.000420825,78.19322461,6.193224606,68.35355578,0,,84.76629827,12.76629827,71.33009323,0,,1,,,,,,,,,,0,-7.19E-05,0,0,0,-1.371654625,0,0,0,,,,-0.135836587,0,0,0,0,0,-77.13579017,0,0,0,1
TECK,68.55999756,1,1,0,1,1,0.67,0.33,0.685361973,0.638075314,0.54386581,0,0,0,0,0,0,0,0,0,0,0,0,0,1,1,1,1,0.673602005,-10.45555772,0.682502097,-0.338250105,0.66302293,-0.319315559,0.673602005,-10.45555772,0.681387307,-0.235989457,0.673361851,4.370611887,0.673602005,-10.45555772,0.54386581,1.632159701,0,0,0.005962767,0,0,0.847291815,0,0,0.855187955,0,0,0.005962767,0,0,0.890820613,0,0,8.509478993,0,0,0.005962767,0,0,0.000212215,0.000689624,0.000560637,0.000212215,0.000919706,0.002213038,0.000212215,44.96309054,44.96309054,64.82717031,1,0,0,192.8417679,192.8417679,0,64.31091012,3,0,18.03302127,18.03302127,64.31091012,0,38.84070047,38.84070047,64.82717031,1,0,169.7591295,169.7591295,64.31091012,3,0,392.4824308,392.4824308,70.2744781,6,0,13.07509696,13.07509696,64.82717031,0,0,0.673570835,-10.95638656,0.678379156,-3.262038239,0.004665414,0.202283331,0.000202343,3.92E-05,38.358201,38.358201,64.83164948,1,0,7.902774745,7.902774745,64.31091012,0,0,1,0,0,0,0,0,0,0,0,0,1,0.005363116,0,1,0.002610517,1.790835775,1,0,0,0,0,0,0.011032909,64.82717031,0,0,64.82717031,0,140.5489562,64.83164948,0,0,1
TEL,220.3600006,1,1,0,1,1,0.7452,0.2548,0.910103421,0.345606695,0.640826674,0,0,220,0,220,0,0,0,0,441,0,0,220,1,1,1,1,0.777743261,-11.20121953,0.873775361,-1.150078475,0.551257469,-0.092997608,0.777743261,-11.20121953,0.861325491,-0.736808096,0.775904661,4.979032173,0.777743261,-11.20121953,0.640826674,1.729120565,0,0,0.002168038,0,0,0.532699475,0,0,0.950348335,0,0,0.002168038,0,0,0.667987616,0,0,15.28057516,0,0,0.002168038,0,0,9.55E-05,0.000546182,0.000789333,9.55E-05,0.000818154,0.00498706,9.55E-05,20.24111749,20.24111749,211.6820533,0,0,0,152.7305538,-67.26944622,0,224.3024959,0,0,25.389053,25.389053,210.0123957,0,17.48498984,17.48498984,211.6820533,0,0,151.0146988,151.0146988,210.0123957,1,0,884.4552745,443.4552745,223.0893621,2,0,5.886040538,5.886040538,211.6820533,0,0,0.777012009,-11.71679298,0.827364969,-9.566774245,0.001634747,0.005306147,8.99E-05,1.19E-06,17.03877919,17.03877919,211.6899156,0,0,0.24059018,0.24059018,211.4688321,0,0,1,0,0,0,0,0,0,0,0,0,0,0,0,0,0.008482596,0.774711293,0,0,0,0,0,0,0,0,0,0,0,0,223.0893621,0,0,0,1
TER,449.0400085,1,1,0,1,1,0.8872,0.1128,0.99522673,0.657322176,0.89158716,0,449,0,0,449,0,0,0,0,2694,0,0,449,1,1,1,1,0.910600347,-12.15248955,0.973420647,-3.657655734,0.814633096,-0.828302635,0.910600347,-12.15248955,0.965282596,-2.206437124,0.909077086,4.513559387,0.910600347,-12.15248955,0.89158716,1.979881051,,,0.000248368,,,0.082223564,,,0.567927702,,,0.000248368,,,0.221556492,,,21.82218285,,,0.000248368,,,1.81E-05,0.000144932,0.000821877,1.81E-05,0.000405222,0.012134715,1.81E-05,3.827717709,3.827717709,422.363162,0,-1,0,40.52789633,-408.4721037,,451.9009972,-1,0,26.43585801,26.43585801,407.3936051,0,3.306517306,3.306517306,422.363162,0,,74.79578721,74.79578721,407.3936051,0,,2152.092218,-541.9077818,483.3663014,-1,,1.113085857,1.113085857,422.363162,0,0,0.910321367,-12.6967634,0.943566774,-15.71677576,0.000171255,2.18E-05,1.64E-05,6.95E-09,3.114481554,3.114481554,422.3674455,0,,0.001399811,0.001399811,425.0693229,0,,1,0.13174848,0.146790266,0.055559155,0.126696546,0.13174848,4.965415733,0.133870362,0.098473974,0.13174848,0,-0.20903821,0,0,0,-0.318315912,0,0,0,0.848650694,0.848650694,0.440194744,45.74911949,0,0,0,0,0,0,0,0,0,1
TFC,46.45000076,0,0,1,0,0,0.052,0.948,0.131662689,0.162343096,0.353429197,0,0,0,0,0,0,0,0,0,0,0,0,0,1,1,1,1,0.06103882,-6.069544054,0.103376295,1.385317082,0.092257213,1.656201119,0.06103882,-6.069544054,0.094865859,1.050778938,0.060247557,-16.81835173,0.06103882,-6.069544054,0.353429197,1.441723088,0,0,0.10855744,0,0,1.659975757,0,0,1.832906466,0,0,0.10855744,0,0,1.468756174,0,0,0.002127498,0,0,0.10855744,0,0,0.002441011,0.00082244,0.000722519,0.002441011,0.001050202,3.40E-07,0.002441011,517.1895035,517.1895035,44.08587034,12,0,132.257611,229.981429,229.981429,0,45.68009615,5,0,23.2399909,23.2399909,45.81298034,1,446.7665,446.7665,44.08587034,10,0,193.8460403,193.8460403,45.60276352,4,0,0.060224168,0.060224168,45.05384889,0,0,150.3967548,150.3967548,44.08587034,3,0,0.061052287,-6.453701466,0.078180955,4.150639824,0.094324378,4.56521618,0.00245666,0.00064285,465.7094074,465.7094074,44.15737635,11,0,129.4883449,129.4883449,46.55615831,3,0,1,0,0,0,0,0,0,0,0,0,6.907380942,0.149929954,0.042859409,5.756150785,0.069008524,0,7.158638886,0.807553638,1.726845235,0,0,0,0.022558294,308.6010924,0,0,264.515222,0,0,309.1016344,46.55615831,88.17174068,1
TGT,156,0,0,1,0,0,0.3708,0.6292,0.323786794,0.625523013,0.504512203,0,0,0,0,0,0,0,0,0,0,0,156,0,1,1,1,1,0.358438604,-8.198956252,0.331497768,0.307067535,0.410930641,0.164252806,0.358438604,-8.198956252,0.334588189,0.211155519,0.359213629,-2.729434109,0.358438604,-8.198956252,0.504512203,1.592806094,0,0,0.022002658,0,0,1.153659551,0,0,1.079458188,0,0,0.022002658,0,0,1.103285255,0,0,0.280678833,0,0,0.022002658,0,0,0.000715439,0.000851623,0.000640276,0.000715439,0.001059648,6.63E-05,0.000715439,151.5837969,151.5837969,149.4017208,1,0,0,238.1421063,238.1421063,0,150.2207806,2,0,20.59462088,20.59462088,149.3939472,0,130.94342,130.94342,149.4017208,1,0,195.5896724,195.5896724,149.8221749,1,0,11.76028878,11.76028878,148.3385289,0,0,44.07999577,44.07999577,149.4017208,0,0,0.358562248,-8.640726941,0.343348082,4.429287191,0.017912884,7.860272113,0.000702738,0.001431466,133.2181345,133.2181345,149.4166011,1,0,288.338299,132.338299,156.8777023,1,0,1,0,0,0,0,0,0,0,0,0,1,0.002946577,0,1,0.000696666,0,1,0.306540391,0,0,0,0,0,149.4017208,0,0,149.4017208,0,0,149.4166011,0,0,1
TJX,132.6799927,1,1,0,1,1,0.3068,0.6932,0.543754972,0.048953975,0.672013048,133,0,3317,133,3450,0,0,1990,2654,0,2388,398,3583,1,1,1,1,0.339402594,-8.062656514,0.472602541,0.045703294,0.112446763,1.387547564,0.339402594,-8.062656514,0.453410088,0.054867955,0.33809893,-3.489804765,0.339402594,-8.062656514,0.672013048,1.760306939,,,0.010468997,,,1.026181543,,,2.191621678,,,0.010468997,,,1.031513541,,,0.138977478,,,0.010468997,,,0.000492861,0.001130159,0.001958716,0.000492861,0.001332071,4.87E-05,0.000492861,104.4250742,-28.57492578,132.3104117,0,,0,316.0298603,-3133.97014,,136.4619214,-23,,63.00254359,63.00254359,131.0471338,0,90.20605524,-1899.793945,132.3104117,-14,,245.8734186,-2408.126581,136.4619214,-18,,8.630336371,8.630336371,129.0671681,0,,30.36641729,30.36641729,129.2373912,0,,0.337936936,-8.48910821,0.402129215,3.729376015,0.008225712,8.239322316,0.000486745,0.001942242,92.27239929,-2295.727601,132.3104117,-17,,391.2230298,-6.776970238,136.4619214,0,,1,,,,,,,,,,0,-0.000750659,0,-14,-0.000846701,0,-17,0,0,,,,0,0,0,0,-1852.345763,0,0,-2249.276998,0,0,1
TKLF,1.5,0,0,1,0,0,0.101455479,0.898544521,0.272419628,0.247164461,-0.363935593,0,0,0,0,0,0,0,0,0,0,0,7,0,0,0,0,0,0.119836409,-6.490540672,0.20933441,0.660288831,0.172434647,0.899809583,0.119836409,-6.490540672,0.190934624,0.519892666,0.118228571,-13.52706763,0.119836409,-6.490540672,-0.088293891,1,0,0,1,0,0,1,0,0,1,0,0,1,0,0,1,0,0,1,0,0,1,0,0,0,0,0,0,0,0,0,0,0,1.472139615,0,0,0,0,0,0,1.497133607,0,0,0,0,1.5,0,0,0,1.472139615,0,0,0,0,1.494067804,0,0,0,0,1.483574644,0,0,0,0,1.472139615,0,0,0.119852485,-6.885947603,0.15543028,4.812476215,1,1,0,0,0,0,1.472820916,0,0,0,-7,1.717117843,-4,0,0,0,0,0,0,0,0,0,0,0,0,0,0,0,0,0,0,-1.447495458,0,0,0,0,0.004650246,0,0,0,0,0,0,0,-1.717117843,0,1
TKO,175.5800018,0,0,1,0,0,0.0788,0.9212,0.095863166,0.116317992,0.80320741,0,351,2283,0,2634,0,0,351,176,351,0,0,2634,1,1,1,1,0.082408588,-6.222553728,0.09231002,1.530676719,0.095154122,1.612307419,0.082408588,-6.222553728,0.090885264,1.090525584,0.082117557,-15.54531443,0.082408588,-6.222553728,0.80320741,1.891501301,0,0,0.018947669,0,0,2.652781536,0,0,2.79445684,0,0,0.018947669,0,0,2.003847779,0,0,4.98E-05,0,0,0.018947669,0,0,0.001163904,0.003895121,0.003353499,0.001163904,0.003201484,2.31E-08,0.001163904,246.6024219,246.6024219,166.786598,1,0,0,1089.204929,-1544.795071,0,185.2208216,-8,0,107.8660313,107.8660313,172.3951383,1,213.0238533,-137.9761467,174.9363469,-1,0,590.9292271,414.9292271,171.82734,2,0,0.004100885,-350.9958991,174.9363469,-2,0,71.71105314,71.71105314,166.786598,0,0,0.082420798,-6.610783525,0.087419799,4.254927446,0.01479419,15.05886321,0.001176365,0.004273354,223.0037211,223.0037211,166.8133803,1,0,860.7757603,860.7757603,175.9282045,5,0,1,0,0,0,0,0,0,0,0,0,0.605002733,-0.292871402,0.040617738,-0.605002733,0.037163939,-2,0.682850919,1.414406841,0,0,0,0,1.735256488,166.786598,0,0,-174.9363469,0,-349.8726939,166.8133803,175.9282045,0,1
TLK,12.55000019,0,0,1,0,0,0.0188,0.9812,0.018695306,0.034728033,-0.024754295,0,0,0,0,0,0,0,0,0,0,0,0,0,1,1,1,1,0.018790326,-5.767040611,0.018724628,4.346022595,0.02240604,4.319732958,0.018790326,-5.767040611,0.018724852,3.055046348,0.018785335,-19.33687413,0.018790326,-5.767040611,-0.024754295,1.063539596,,,0.700987925,,,1.30698928,,,1.304874311,,,0.700987925,,,1.207073406,,,0.303855974,,,0.700987925,,,0.005112119,0.000191703,0.000147758,0.005112119,0.000350621,1.46E-05,0.005112119,1083.131044,1083.131044,11.93774398,91,,310.3813434,53.60658733,53.60658733,,12.6611241,4,,4.752681958,4.752681958,12.66014058,0,935.6467255,935.6467255,11.93774398,78,,64.71762228,64.71762228,12.5154653,5,,2.598114367,2.598114367,12.12827082,0,,314.9704177,314.9704177,11.93774398,26,,0.018796447,-6.143074561,0.01874814,3.316511404,0.684936407,1.226673066,0.005108088,7.88E-05,968.341148,968.341148,11.94401273,81,,15.86773511,15.86773511,12.56433688,1,,1,,,,,,,,,,47.28979568,1.180494525,0,40.53411059,0.729164702,0,47.76135266,0.171863248,13.5113702,,,,0.000329076,561.0739668,12.6611241,0,489.447503,12.5154653,0,573.312611,0,167.1284157,1
TM,181.4900055,0,0,1,0,0,0.0716,0.9284,0.045743835,0.209623431,0.41017633,0,726,0,0,726,0,0,0,181,0,0,363,726,1,1,1,1,0.063030465,-6.083804432,0.048951136,2.508671359,0.075471965,1.95896405,0.063030465,-6.083804432,0.050363835,1.728704291,0.063557801,-16.62320725,0.063030465,-6.083804432,0.41017633,1.498470221,,,0.085386893,,,2.75831207,,,2.208453941,,,0.085386893,,,2.012072629,,,0.001202721,,,0.085386893,,,0.002214904,0.001594878,0.001019857,0.002214904,0.001612909,2.23E-07,0.002214904,469.2831239,469.2831239,175.5895917,3,,175.5895917,445.9808827,-280.0191173,,188.6985508,-1,,32.80391491,32.80391491,179.8065658,0,405.3832828,405.3832828,175.5895917,2,,297.7104723,116.7104723,179.7263369,1,,0.039631474,0.039631474,177.1013005,0,,136.4657605,136.4657605,175.5895917,1,,0.063071313,-6.46854353,0.054576748,3.853187386,0.073082351,4.751219645,0.002230752,0.000739132,422.8840422,422.8840422,175.6561588,2,,148.8823229,-214.1176771,188.6985508,-1,,1,,,,,,,,,,1.734969205,-0.098334875,0,1.156646136,0.046694039,0,1.307564231,-0.231985204,0.578323068,,,,-2.736061854,351.1791834,0,0,175.5895917,0,0,175.6561588,0,175.5895917,1
TME,7.739999771,0,0,1,0,0,0.155544148,0.844455852,0.201325178,0.313384113,0.152980506,0,0,0,0,0,0,0,201,224,387,201,372,0,1,1,1,1,0.164790789,-6.812418532,0.191342294,0.737699415,0.207967141,0.720059332,0.164790789,-6.812418532,0.187383009,0.531599083,0.164025782,-11.11750522,0.164790789,-6.812418532,0.152980506,1.241274397,,,0.229368237,,,1.17286012,,,1.168396867,,,0.229368237,,,1.12176022,,,0.09045327,,,0.229368237,,,0.002963602,0.000319247,0.000249311,0.002963602,0.0005149,8.01E-06,0.002963602,627.9135639,627.9135639,7.305332457,86,,182.6333114,89.27215229,89.27215229,,7.479476149,12,,8.019151268,8.019151268,7.478590073,1,542.4138413,341.4138413,7.305332457,47,,95.04015736,-128.9598426,8.232076374,-16,,1.420699287,-385.5793007,7.622442169,-51,,182.5948935,182.5948935,7.305332457,25,,0.164833662,-7.216608733,0.177975383,4.915637324,0.210180699,2.893477101,0.002958514,0.000276877,560.8459865,359.8459865,7.317959921,49,,55.77089424,-316.2291058,8.232076374,-38,,1,,,,,,,,,,62.3621559,0.10203758,0.008101335,34.08164334,-0.070649396,-51,39.87332248,-14.34707237,18.12853369,,,,0.063267931,452.9306124,0,0,248.3813036,0,-388.7445506,292.7183969,-115.2490692,131.4959842,1
TMO,654.7999878,0,0,1,0,0,0.5812,0.4188,0.451471758,0.946861925,0.676118484,0,0,0,0,0,0,0,0,0,0,0,0,0,1,1,1,1,0.543674816,-9.52526605,0.470551447,0.049142089,0.608166503,-0.201834321,0.543674816,-9.52526605,0.478616115,0.025053524,0.546101535,2.445743734,0.543674816,-9.52526605,0.676118484,1.764412375,,,0.004477839,,,1.028296704,,,0.891718213,,,0.004477839,,,1.014327503,,,4.009780852,,,0.004477839,,,0.000212634,0.001143093,0.000804603,0.000212634,0.001318944,0.001416947,0.000212634,45.05184493,45.05184493,631.1013602,0,,0,319.6466463,319.6466463,,626.9097443,1,,25.88022688,25.88022688,626.9097443,0,38.91736963,38.91736963,631.1013602,0,,243.4503329,243.4503329,626.9097443,0,,251.2955788,251.2955788,647.7036394,0,,13.10090639,13.10090639,631.1013602,0,,0.543883543,-10.00304231,0.501671049,1.913734974,0.003413884,2.964334624,0.000203956,0.000702991,38.66390429,38.66390429,631.1485254,0,,141.6025341,141.6025341,645.552365,0,,1,,,,,,,,,,0,3.77E-05,0,0,0,0,0,0,0,,,,-22.90125213,0,0,0,0,0,0,0,0,0,1
TMUS,163.6399994,0,0,1,0,0,0.1044,0.8956,0.103023071,0.063179916,0.623264677,0,0,0,0,0,0,164,1473,818,0,1636,0,0,1,1,1,1,0.103938077,-6.376707028,0.103185948,1.387612448,0.084478554,1.785221377,0.103938077,-6.376707028,0.103344563,0.974085655,0.104016106,-14.30895389,0.103938077,-6.376707028,0.623264677,1.711558568,,,0.032488457,,,2.107935501,,,2.610092917,,,0.032488457,,,1.687887785,,,0.000457518,,,0.032488457,,,0.001378503,0.002074788,0.002079006,0.001378503,0.002005779,1.43E-07,0.001378503,292.0705957,292.0705957,156.2524493,2,,0,580.1796576,580.1796576,,161.157647,4,,66.8716834,66.8716834,161.5361207,0,252.3008624,-1220.699138,162.5998076,-8,,370.2262402,-447.7737598,169.815255,-3,,0.025438925,0.025438925,157.9870173,0,,84.9330264,-79.0669736,162.5998076,0,,0.103891199,-6.768614591,0.103586419,4.420986659,0.026318498,10.76023805,0.001387571,0.002359162,263.0420294,-1372.957971,162.5998076,-8,,475.2027444,475.2027444,164.3497205,3,,0,,,,,,,,,,1.270699766,0.120341769,0,-5.082799065,-0.044477009,0,-5.726767935,0.916177643,0,,,,0,156.2524493,0,0,-812.9990378,0,0,-975.5988453,164.3497205,0,1
TOST,29.79000092,0,0,1,0,0,0.192954363,0.807045637,0.33570863,0.502194908,0.056086055,0,0,0,0,0,0,0,0,0,0,0,626,0,1,1,1,1,0.215429618,-7.174997608,0.296603078,0.387917742,0.299466829,0.411892523,0.215429618,-7.174997608,0.282765728,0.297528962,0.213528817,-8.701671244,0.215429618,-7.174997608,0.056086055,1.144379946,,,0.379978197,,,1.053708382,,,1.057120861,,,0.379978197,,,1.040941546,,,0.309272311,,,0.379978197,,,0.003634172,0.000207193,0.000161643,0.003634172,0.00037561,1.99E-05,0.003634172,769.9906848,769.9906848,27.61101255,28,,220.8881004,57.93815842,57.93815842,,28.10768097,2,,5.199273617,5.199273617,28.14043653,0,665.1450599,665.1450599,27.61101255,24,,69.32995388,69.32995388,28.06378544,2,,3.527983673,3.527983673,27.72634616,0,,223.9103838,223.9103838,27.61101255,8,,0.215484798,-7.588950299,0.25237688,4.967562746,0.35934646,1.954120475,0.003621625,0.000151609,686.552161,686.552161,27.62328613,25,,30.53841433,-595.4615857,31.76513825,-19,,1,,,,,,,,,,22.52275842,0.004702505,0,19.30522151,0.002766359,0,22.4969401,-7.325889267,6.435073835,,,,0,635.0532886,0,0,524.6092384,0,0,607.7122949,-222.3559677,165.6660753,1
TPL,340.1900024,1,1,0,1,1,0.2692,0.7308,0.265712013,0.205857741,0.805434019,0,1361,340,0,1701,0,0,340,680,680,0,340,1701,1,1,1,1,0.268193758,-7.552794125,0.266233015,0.468536778,0.241778003,0.587257658,0.268193758,-7.552794125,0.26655848,0.328708908,0.268320856,-6.256305932,0.268193758,-7.552794125,0.805434019,1.89372791,0,0,0.008044099,0,0,1.348756297,0,0,1.454979493,0,0,0.008044099,0,0,1.233550003,0,0,0.018408414,0,0,0.008044099,0,0,0.000496284,0.001989744,0.001754496,0.000496284,0.001977681,8.59E-06,0.000496284,105.1501725,105.1501725,319.0980364,0,0,0,556.3983718,-1144.601628,0,362.9419793,-3,0,56.43376197,56.43376197,326.1288628,0,90.83242061,-249.1675794,336.3864339,-1,0,365.039895,-314.960105,362.9419793,-1,0,1.52388018,-678.4761198,336.3864339,-2,0,30.57727312,30.57727312,319.0980364,0,0,0.268137533,-7.976005815,0.267202573,4.924995615,0.006139222,23.21602513,0.000490529,0.006608199,92.98962242,92.98962242,319.1648052,0,0,1331.080365,991.0803646,343.7369753,3,0,1,0,0,0,0,0,0,0,0,0,0,-0.010290315,0,-0.891323423,-0.001688274,-1.223167622,0,1.136980397,0,0,0,0,0,0,0,0,-336.3864339,0,-336.3864339,0,343.7369753,0,1
TPR,118.1200027,1,1,0,1,1,0.3324,0.6676,0.473747017,0.127615063,0.55030689,118,0,709,0,709,0,0,236,472,0,118,0,827,1,1,1,1,0.357208749,-8.190150363,0.438912045,0.102828565,0.225636253,0.647026541,0.357208749,-8.190150363,0.427311432,0.086419817,0.355688859,-2.853886105,0.357208749,-8.190150363,0.55030689,1.638600781,0,0,0.017515905,0,0,1.052092603,0,0,1.376479746,0,0,0.017515905,0,0,1.043601588,0,0,0.244296945,0,0,0.017515905,0,0,0.000632545,0.000869916,0.000917072,0.000632545,0.001090079,6.45E-05,0.000632545,134.0206367,16.02063673,113.3188697,0,0,0,243.2572531,-465.7427469,0,124.4169364,-4,0,29.49781335,29.49781335,114.6721696,0,115.771744,-120.228256,116.6980984,-1,0,201.2066142,-270.7933858,124.4169364,-2,0,11.4436867,11.4436867,112.5188027,0,0,38.97269512,38.97269512,113.3188697,0,0,0.356720345,-8.627186929,0.39748496,3.794732494,0.014115621,6.514307578,0.000622199,0.001276383,117.9503122,-0.049687807,116.6980984,0,0,257.0999968,257.0999968,117.9728265,2,0,1,0,0,0,0,0,0,0,0,0,0,-0.000660857,0,-1,-0.000233387,0,0,0.449999834,0,0,0,0,0,0,0,0,-116.6980984,0,0,0,0,0,1
TREX,43.56000137,0,0,1,0,0,0.302,0.698,0.337311058,0.433263598,0.469252232,0,0,0,0,0,0,0,0,0,0,0,0,0,1,1,1,1,0.310049509,-7.852485488,0.330493653,0.309254397,0.351683217,0.286105332,0.310049509,-7.852485488,0.327636301,0.221795231,0.309387852,-4.580953896,0.310049509,-7.852485488,0.469252232,1.557546123,0,0,0.030821977,0,0,1.146867377,0,0,1.135163379,0,0,0.030821977,0,0,1.103271698,0,0,0.131352104,0,0,0.030821977,0,0,0.00092252,0.000774079,0.000614271,0.00092252,0.000991678,2.84E-05,0.00092252,195.4591727,195.4591727,41.20298256,5,0,41.20298256,216.458195,216.458195,0,41.37955533,5,0,19.75814554,19.75814554,41.34172098,0,168.8445142,168.8445142,41.20298256,4,0,183.0436788,183.0436788,41.33097121,4,0,5.039532984,5.039532984,41.09955112,0,0,56.83878939,56.83878939,41.20298256,1,0,0.310101438,-8.284486683,0.320619007,4.625817978,0.025452227,7.765986831,0.000910734,0.001334906,172.6479322,172.6479322,41.21526814,4,0,268.8882689,268.8882689,44.12321691,6,0,1,0,0,0,0,0,0,0,0,0,4.817306902,0.007471741,0,3.853845522,0.00307457,0,4,2.006080497,0.96346138,0,0,0,0,206.0149128,0,0,164.8119302,0,0,164.8610726,88.24643383,41.20298256,0
TRGP,281.7399902,0,0,1,0,0,0.3276,0.6724,0.346062053,0.420083682,0.716511917,0,0,0,0,0,0,0,0,0,0,0,282,0,1,1,1,1,0.332033231,-8.009891136,0.342684383,0.28317964,0.362120592,0.263378145,0.332033231,-8.009891136,0.341214338,0.201235784,0.331658826,-3.728820375,0.332033231,-8.009891136,0.716511917,1.804805808,0,0,0.008831201,0,0,1.181995685,0,0,1.168256441,0,0,0.008831201,0,0,1.126167496,0,0,0.110615708,0,0,0.008831201,0,0,0.000456002,0.001438501,0.001156636,0.000456002,0.001565878,4.27E-05,0.000456002,96.61556629,96.61556629,267.8693534,0,0,0,402.2527012,402.2527012,0,270.2465177,1,0,37.20344902,37.20344902,270.132112,0,83.45992737,83.45992737,267.8693534,0,0,289.02935,289.02935,268.9862068,1,0,7.578139454,7.578139454,266.4591528,0,0,28.09544187,28.09544187,267.8693534,0,0,0.332076802,-8.446029776,0.33760728,4.482827047,0.006826224,14.11021046,0.000447585,0.003547524,84.84870553,84.84870553,267.9056031,0,0,714.572937,432.572937,283.4080831,2,0,1,0,0,0,0,0,0,0,0,0,0,0.00125298,0,0,0.000632748,0,0,0.627991823,0,0,0,0,0,0,0,0,0,0,0,0,283.4080831,0,1
TRMB,57.52000046,0,0,1,0,0,0.342,0.658,0.306682578,0.372384937,0.378789463,0,863,173,0,1036,0,58,0,0,0,0,0,1036,1,1,1,1,0.332750721,-8.015028435,0.312519914,0.349720504,0.339220094,0.314153005,0.332750721,-8.015028435,0.314938728,0.241901564,0.333387123,-3.664351261,0.332750721,-8.015028435,0.378789463,1.467083354,0,0,0.046329768,0,0,1.143438084,0,0,1.127956295,0,0,0.046329768,0,0,1.097149157,0,0,0.245499822,0,0,0.046329768,0,0,0.001111216,0.000607455,0.000477585,0.001111216,0.00082606,4.20E-05,0.001111216,235.4390156,235.4390156,54.87729655,4,0,0,169.8646441,-866.1353559,0,59.98153561,-14,0,15.361618,15.361618,55.34922426,0,203.3805099,203.3805099,54.87729655,4,0,152.4739354,152.4739354,55.21640316,3,0,7.443061872,7.443061872,54.23730084,0,0,68.46477675,10.46477675,54.87729655,0,0,0.332787265,-8.451252463,0.321553729,4.618550612,0.039196614,5.871916485,0.001096726,0.000864911,207.9065466,207.9065466,54.88121451,4,0,174.2178615,174.2178615,57.87097876,3,0,1,0,0,0,0,0,0,0,0,0,4,-0.026754094,0,4,0.002742955,0,4,0.999891082,0,0,0,0,-6.317107684,219.5091862,0,0,219.5091862,0,0,219.524858,57.87097876,0,1
TROW,104.6200027,0,0,1,0,0,0.2536,0.7464,0.328560064,0.40041841,0.426750241,0,0,0,0,0,0,0,0,0,0,0,0,0,1,1,1,1,0.268655726,-7.556101864,0.312136249,0.35061346,0.318473705,0.363402569,0.268655726,-7.556101864,0.305697745,0.257139039,0.267435612,-6.2939055,0.268655726,-7.556101864,0.426750241,1.515044132,0,0,0.043319973,0,0,1.156803337,0,0,1.162965983,0,0,0.043319973,0,0,1.112741752,0,0,0.073184703,0,0,0.043319973,0,0,0.001170395,0.000698968,0.000561829,0.001170395,0.000921521,1.42E-05,0.001170395,247.9777288,247.9777288,100.6207815,2,0,100.6207815,195.454566,195.454566,0,101.6128804,2,0,18.07135537,18.07135537,101.6770628,0,214.2118918,214.2118918,100.6207815,2,0,170.09422,170.09422,101.2390506,2,0,2.518217624,2.518217624,100.1438911,0,0,72.11098721,72.11098721,100.6207815,1,0,0.268698031,-7.980126092,0.290276834,4.823764934,0.036323148,7.418723015,0.001160002,0.001187338,219.9018166,219.9018166,100.6793711,2,0,239.1638959,239.1638959,105.3636091,2,0,1,0,0,0,0,0,0,0,0,0,1.784208606,0.003841556,0,1.784208606,0.002066265,0,1.990075389,0.727147129,0.892104303,0,0,0,0,201.241563,0,0,201.241563,0,0,201.3587421,105.3636091,100.6207815,1
TRV,360.3800049,0,0,1,0,0,0.1776,0.8224,0.160302307,0.621757322,0.682913817,0,0,0,0,0,0,0,0,0,0,0,0,0,1,1,1,1,0.173289976,-6.873273559,0.163295166,0.883580513,0.227305673,0.640561989,0.173289976,-6.873273559,0.164401492,0.61656476,0.173515433,-10.63920529,0.173289976,-6.873273559,0.682913817,1.771207708,0,0,0.019659653,0,0,1.657166275,0,0,1.442221616,0,0,0.019659653,0,0,1.422571883,0,0,0.002283547,0,0,0.019659653,0,0,0.000946931,0.001870718,0.001321997,0.000946931,0.001870963,8.19E-07,0.000946931,200.6312412,200.6312412,348.5520831,1,0,0,523.114861,523.114861,0,354.630922,1,0,42.5223224,42.5223224,353.7684627,0,173.312329,173.312329,348.5520831,0,0,345.3419316,345.3419316,353.9609773,1,0,0.14529244,0.14529244,351.3447652,0,0,58.34280737,58.34280737,348.5520831,0,0,0.173383901,-7.279462391,0.167685759,4.873598578,0.015585888,16.21682578,0.000945977,0.003884156,179.3289949,179.3289949,348.7007788,1,0,782.3802273,782.3802273,362.8627769,2,0,1,0,0,0,0,0,0,0,0,0,0.738154522,0.012198664,0,0,0.005939877,0,0.827977699,0.742248847,0,0,0,0,0,348.5520831,0,0,0,0,0,348.7007788,362.8627769,0,1
TS,55.99000168,1,1,0,1,1,0.5132,0.4868,0.510739857,0.344351464,0.443768598,0,0,0,0,0,0,0,0,56,0,0,0,0,1,1,1,1,0.512139162,-9.299467615,0.510872636,-0.018102836,0.436563599,0.115584297,0.512139162,-9.299467615,0.511270783,-0.013191843,0.512381675,1.718587251,0.512139162,-9.299467615,0.443768598,1.532062489,0,0,0.018924629,0,0,0.992306807,0,0,1.050545947,0,0,0.018924629,0,0,0.99438797,0,0,2.081679165,0,0,0.018924629,0,0,0.000532877,0.000626979,0.000531303,0.000532877,0.000851198,0.000422031,0.000532877,112.9033013,112.9033013,54.33767371,2,0,54.33767371,175.3242106,175.3242106,0,54.1813944,3,0,17.08947295,17.08947295,54.21528123,0,97.52984623,97.52984623,54.33767371,2,0,157.1140194,101.1140194,54.1813944,2,0,74.84722617,74.84722617,55.46736107,1,0,32.8318537,32.8318537,54.33767371,1,0,0.511963846,-9.768397428,0.511658091,1.687816806,0.015493364,2.05453127,0.000518038,0.000338437,98.20461244,98.20461244,54.34090299,2,0,68.17084843,68.17084843,55.44400522,1,0,1,0,0,0,0,0,0,0,0,0,2,1.54E-05,0,2,5.44E-06,0.046149096,2,0.044511337,1,0,0,0,0,108.6753474,0,0,108.6753474,0,0,108.681806,0,54.33767371,0
TSCO,31.09000015,0,0,1,0,0,0.1188,0.8812,0.091885442,0.048117155,0.492085889,249,342,0,0,342,0,62,404,280,0,373,435,591,1,1,1,1,0.110636443,-6.424667997,0.095651755,1.484065067,0.073526805,2.000581877,0.110636443,-6.424667997,0.097443745,1.026375902,0.111291694,-13.90667501,0.110636443,-6.424667997,0.492085889,1.58037978,,,0.052847394,,,1.972308953,,,2.498265461,,,0.052847394,,,1.599572678,,,0.001721428,,,0.052847394,,,0.001669291,0.001411028,0.001435007,0.001669291,0.00150109,3.94E-07,0.001669291,353.6813171,104.6813171,29.92271927,3,,29.92271927,394.5702102,52.57021024,,30.49562314,2,,46.15732586,46.15732586,30.60192106,2,305.5223725,-98.47762752,30.9201358,-3,,277.0707926,-2.929207409,32.41321868,0,,0.069937949,0.069937949,30.04872811,0,,102.8491915,40.84919155,29.92271927,1,,0.110544397,-6.817522919,0.102155262,4.407129744,0.044150859,7.515667565,0.001677202,0.001341322,317.947462,-55.05253797,30.9201358,-2,,270.1806278,-164.8193722,32.41321868,-5,,1,,,,,,,,,,1.934829322,0.068826535,0.125072745,-1.934829322,0,0,-1.452456836,-1.51740567,0.644943107,,,,-2.095845907,59.84543854,0,0,-61.84027159,0,0,-30.9201358,-64.82643735,29.92271927,1
TSLA,370.5899963,1,1,0,1,1,0.6044,0.3956,0.562052506,0.410460251,0.845326635,0,741,0,0,741,0,0,0,371,0,0,0,741,1,1,1,1,0.59304091,-9.878732218,0.568918611,-0.116371091,0.507062474,-0.012714356,0.59304091,-9.878732218,0.572127054,-0.085730844,0.594032589,3.322815111,0.59304091,-9.878732218,0.845326635,1.933620526,,,0.00148257,,,0.926135785,,,0.991651273,,,0.00148257,,,0.945037738,,,8.944554381,,,0.00148257,,,9.88E-05,0.001485122,0.001302491,9.88E-05,0.001611594,0.004531971,9.88E-05,20.93419366,20.93419366,345.1695078,0,,0,415.2893125,-325.7106875,,400.1384139,-1,,41.89489833,41.89489833,342.1519879,0,18.08369344,18.08369344,345.1695078,0,,297.4676399,-73.53236005,400.7771833,0,,803.7452637,803.7452637,368.86908,2,,6.087584471,6.087584471,345.1695078,0,,0.592868335,-10.36313441,0.58005025,-0.073711473,0.0010772,0.952557397,9.38E-05,0.000286122,17.77593627,17.77593627,345.7439924,0,,57.63315111,57.63315111,342.1519879,0,,1,,,,,,,,,,0,-0.000211597,0,0,0,0.345034383,0,0,0,,,,149.2849142,0,0,0,0,0,0,0,0,0,1
TSM,472.7799988,1,1,0,1,1,0.9332,0.0668,0.947096261,0.721757322,1.028271752,0,473,0,0,473,0,0,0,0,2364,0,0,473,1,1,1,1,0.936028212,-12.3345556,0.94421856,-2.285508142,0.848966525,-1.038515711,0.936028212,-12.3345556,0.943431659,-1.590226113,0.936004257,4.247000944,0.936028212,-12.3345556,1.028271752,2.116565643,,,9.63E-05,,,0.180204654,,,0.45901441,,,9.63E-05,,,0.303509228,,,24.15229009,,,9.63E-05,,,8.96E-06,0.000414892,0.000873394,8.96E-06,0.000676433,0.017465172,8.96E-06,1.899438752,1.899438752,451.9108899,0,,0,116.0174538,-356.9825462,,479.1199758,-1,,28.09289618,28.09289618,449.0221825,0,1.640802061,1.640802061,451.9108899,0,,124.8558442,124.8558442,449.0221825,0,,3097.448927,733.4489274,479.3882276,2,,0.552349617,0.552349617,451.9108899,0,,0.935827849,-12.8842641,0.940629983,-15.54804017,6.37E-05,8.65E-06,8.05E-06,3.28E-09,1.525425887,1.525425887,451.9649429,0,,0.000660945,0.000660945,453.6430462,0,,1,,,,,,,,,,0,-0.081617929,0,0,0,0.563656782,0,0,0,,,,14.64881545,0,0,0,0,0,479.3882276,0,0,0,1
TSN,51.88999939,1,1,0,1,1,0.3288,0.6712,0.426412092,0.074895397,0.103037157,0,208,52,0,260,0,52,0,0,0,0,415,260,1,1,1,1,0.34585516,-8.108857533,0.402705252,0.166698525,0.15443121,1.014500127,0.34585516,-8.108857533,0.395968496,0.125829011,0.345369878,-3.223941192,0.34585516,-8.108857533,0.103037157,1.191331048,0,0,0.241804073,0,0,1.029614142,0,0,1.194359149,0,0,0.241804073,0,0,1.022273468,0,0,0.568690298,0,0,0.241804073,0,0,0.002683736,0.000237792,0.000215358,0.002683736,0.00041551,4.28E-05,0.002683736,568.6169914,568.6169914,50.26038796,11,0,100.5207759,66.49440443,-193.5055956,0,53.66224269,-4,0,6.927046131,6.927046131,51.03452634,0,491.1913744,491.1913744,50.26038796,10,0,76.6947349,76.6947349,50.1251878,2,0,7.599297436,7.599297436,50.03711467,0,0,165.3516741,113.3516741,50.26038796,2,0,0.344948576,-8.540651479,0.375377876,4.082179671,0.224198785,2.043516572,0.002665642,0.00017588,505.3262811,505.3262811,50.27879653,10,0,35.42730103,-379.572699,53.66224269,-7,0,1,0,0,0,0,0,0,0,0,0,11,-0.001736775,0,10,0.000494779,0,10,-1.822645876,2,0,0,0,-1.238895374,552.8642675,0,0,502.6038796,0,0,502.7879653,-107.3244854,100.5207759,1
TT,463.9100037,1,1,0,1,1,0.7124,0.2876,0.826968974,0.254811715,0.987822189,0,0,464,0,464,0,0,0,0,0,0,0,464,1,1,1,1,0.734672027,-10.89282518,0.801696966,-0.70649266,0.447339874,0.095584748,0.734672027,-10.89282518,0.793985783,-0.473653861,0.73390628,4.831552489,0.734672027,-10.89282518,0.987822189,2.07611608,0,0,0.000350133,0,0,0.596848423,0,0,1.072320027,0,0,0.000350133,0,0,0.70750993,0,0,34.10498891,0,0,0.000350133,0,0,3.04E-05,0.001272049,0.001885166,3.04E-05,0.001489268,0.022859018,3.04E-05,6.432294659,6.432294659,444.8323881,0,0,0,355.7071199,-108.2928801,0,475.5257271,0,0,60.63678416,60.63678416,441.0468463,0,5.556442565,5.556442565,444.8323881,0,0,274.8886741,274.8886741,441.0468463,1,0,4054.047712,4054.047712,468.0474509,9,0,1.870486999,1.870486999,444.8323881,0,0,0.733664361,-11.39814009,0.770394606,-6.94623408,0.000242059,0.006255988,2.82E-05,2.26E-06,5.350464552,5.350464552,444.8987363,0,0,0.454747292,0.454747292,442.8215694,0,0,1,0,0,0,0,0,0,0,0,0,0,0,0,0,0.003505437,3.28273586,0,0,0,0,0,0,0,0,0,0,0,0,1404.142353,0,0,0,1
TTAN,67.08999634,0,0,1,0,0,0.497716895,0.502283105,0.865044248,0.460365854,-0.10481082,201,134,0,0,134,0,67,134,134,0,0,604,335,1,1,1,1,0.554806309,-9.60496865,0.763487453,-0.56044788,0.558097146,-0.105646798,0.554806309,-9.60496865,0.728633922,-0.319203075,0.55026179,2.529154488,0.554806309,-9.60496865,-0.088293891,1,,,1,,,1,,,1,,,1,,,1,,,1,,,1,,,0.005805939,0.000114635,8.80E-05,0.005805939,0.000242041,3.78E-05,0.005805939,1230.134172,1029.134172,62.10198184,17,,310.5099092,32.05566034,-101.9443397,,70.44910756,-1,,2.829306854,2.829306854,61.49251401,0,1062.633203,928.6332028,62.10198184,15,,44.67596577,-89.32403423,71.92197533,-1,,6.709922371,6.709922371,65.76979604,0,,357.7183724,290.7183724,62.10198184,5,,0.55464472,-10.0821488,0.650288331,-2.272268125,1,1,0.005789448,5.48E-05,1097.506756,1097.506756,62.10967241,18,,11.03425289,-592.9657471,68.46010615,-9,,1,,,,,,,,,,17,-0.004907841,0,15,-0.001592041,0,18,-0.726075342,5,,,,-0.041191058,1055.733691,0,0,931.5297275,0,0,1117.974103,-68.46010615,310.5099092,1
TTC,98.63999939,1,1,0,1,1,0.7532,0.2468,0.848050915,0.621338912,0.470269632,0,99,0,0,99,0,0,0,0,0,0,0,99,1,1,1,1,0.773903336,-11.17372527,0.829014701,-0.839913084,0.724770934,-0.479578854,0.773903336,-11.17372527,0.821736685,-0.563283252,0.772474762,4.97227932,0.773903336,-11.17372527,0.470269632,1.558563523,,,0.007023431,,,0.688855554,,,0.808301531,,,0.007023431,,,0.778827921,,,9.084061886,,,0.007023431,,,0.000210724,0.00046616,0.000438568,0.000210724,0.000701406,0.001970235,0.000210724,44.64722345,44.64722345,95.87059681,0,,0,130.3537854,31.35378542,,95.23178651,0,,14.10665142,14.10665142,95.23178651,0,38.56784335,38.56784335,95.87059681,0,,129.4653223,129.4653223,95.23178651,1,,349.4211956,349.4211956,99.32634936,4,,12.983244,12.983244,95.87059681,0,,0.773741708,-11.69275267,0.80269484,-8.400116126,0.005578533,0.024048708,0.000200148,4.14E-06,37.94209345,37.94209345,95.87383434,0,,0.834062941,0.834062941,95.45745812,0,,1,,,,,,,,,,0,0,0,0,0.004957625,1.545222602,0,0,0,,,,0,0,0,0,0,0,198.6526987,0,0,0,1
TTD,11.94999981,0,0,1,0,0,0.0444,0.9556,0.068814638,0.076150628,0.557974721,84,478,0,0,478,0,155,358,323,0,131,287,562,1,1,1,1,0.048623775,-5.980651089,0.062662523,2.095800938,0.060194912,2.33632534,0.048623775,-5.980651089,0.060405349,1.514641889,0.048276143,-17.53140452,0.048623775,-5.980651089,0.557974721,1.646268612,,,0.050720656,,,2.842774204,,,3.204911686,,,0.050720656,,,2.127752091,,,0.000160117,,,0.050720656,,,0.00186358,0.002394847,0.002176519,0.00186358,0.002253449,4.31E-08,0.00186358,394.8463078,310.8463078,11.10223723,28,,-35.35948037,669.6785458,191.6785458,,11.67116521,16,,70.00821103,70.00821103,11.71507067,6,341.0821406,-16.91785936,11.78649346,-1,,415.9411536,92.94115359,11.60531782,8,,0.007639497,0.007639497,11.3642925,0,,114.8198154,-40.18018457,11.78649346,-3,,0.048630333,-6.362386441,0.055249796,3.862286257,0.041931355,6.857845083,0.001884092,0.001359981,357.1677322,226.1677322,11.10424728,20,,273.9390558,-13.06094421,12.73703773,-1,,0,,,,,,,,,,15.64858201,1.098095393,0.511726509,-0.558877929,0.286767506,0,12.64998788,-0.233082111,-1.676633787,,,,-0.416495249,177.6357956,11.67116521,11.71507067,-11.78649346,0,0,144.3552146,0,-23.57298691,1
TTWO,202.7299957,0,0,1,0,0,0.0968,0.9032,0.123309467,0.088702929,0.61086246,0,0,203,0,203,0,0,0,0,0,0,0,203,1,1,1,1,0.102110085,-6.363618418,0.117500533,1.231427549,0.100514898,1.536260304,0.102110085,-6.363618418,0.11529718,0.88114538,0.101711912,-14.43723941,0.102110085,-6.363618418,0.61086246,1.699156351,0,0,0.034267534,0,0,1.920948322,0,0,2.257866945,0,0,0.034267534,0,0,1.595398012,0,0,0.000474314,0,0,0.034267534,0,0,0.001415376,0.001836519,0.001745616,0.001415376,0.001855482,1.45E-07,0.001415376,299.8830828,299.8830828,192.8719051,2,0,0,513.551515,310.551515,0,198.6696991,2,0,56.14810507,56.14810507,199.3943299,0,259.0495638,259.0495638,192.8719051,1,0,342.4844845,342.4844845,198.0461497,2,0,0.02562883,0.02562883,195.47539,0,0,87.20486815,87.20486815,192.8719051,0,0,0.102092025,-6.755388688,0.109843688,4.479647185,0.027840965,10.74890309,0.001424609,0.002312859,270.063342,270.063342,193.001368,1,0,465.8759258,465.8759258,203.4303283,2,0,1,0,0,0,0,0,0,0,0,0,1.26548873,0.047387932,0,0.632744365,0.024263037,0,0.713051193,0.627101216,0,0,0,0,0,192.8719051,0,0,192.8719051,0,0,193.001368,203.4303283,0,1
TXN,293.7999878,1,1,0,1,1,0.9328,0.0672,0.975735879,0.872803347,0.698507558,0,0,1763,0,1763,0,0,0,0,0,0,0,1763,1,1,1,1,0.942748022,-12.38267012,0.967632955,-3.273289463,0.92338428,-1.935225095,0.942748022,-12.38267012,0.9644527,-2.174832484,0.94206265,4.179033904,0.942748022,-12.38267012,0.698507558,1.786801449,0,0,0.000756175,0,0,0.149582682,0,0,0.325218787,0,0,0.000756175,0,0,0.282993384,0,0,11.30929122,0,0,0.000756175,0,0,3.76E-05,0.000174886,0.000309017,3.76E-05,0.000381978,0.004199684,3.76E-05,7.971397099,7.971397099,283.5172249,0,0,0,48.90387857,-1714.096121,0,295.8636131,-6,0,9.939590483,9.939590483,282.4707246,0,6.885973435,6.885973435,283.5172249,0,0,70.50549037,70.50549037,282.4707246,0,0,744.8141192,744.8141192,296.2640068,3,0,2.318052178,2.318052178,283.5172249,0,0,0.942681721,-12.9346476,0.956002033,-16.43889941,0.000548886,7.18E-05,3.45E-05,1.76E-08,6.547096766,6.547096766,283.5791966,0,0,0.003543393,0.003543393,284.0281583,0,0,1,0,0,0,0,0,0,0,0,0,0,-1.004477241,0,0,0,0.818640205,0,0,0,0,0,0,0,0,-295.8636131,0,0,0,296.2640068,0,0,0,1
TXT,77.26000214,1,1,0,1,1,0.1152,0.8848,0.219570406,0.083682008,0.370412094,0,0,0,0,0,0,0,0,0,0,0,232,0,1,1,1,1,0.130119618,-6.564169473,0.188640256,0.750283849,0.117513698,1.331612508,0.130119618,-6.564169473,0.178509621,0.562394869,0.128944755,-12.94821179,0.130119618,-6.564169473,0.370412094,1.458705985,0,0,0.083885675,0,0,1.327462819,0,0,1.653261402,0,0,0.083885675,0,0,1.236558393,0,0,0.007532006,0,0,0.083885675,0,0,0.001969796,0.000689245,0.000683759,0.001969796,0.00091537,1.26E-06,0.001969796,417.3509256,417.3509256,74.65676005,6,0,149.3135201,192.7356799,192.7356799,0,75.74168643,3,0,21.99325014,21.99325014,76.14637861,0,360.5224218,360.5224218,74.65676005,5,0,168.9587679,168.9587679,75.53201892,2,0,0.223267191,0.223267191,74.89217901,0,0,121.3640733,121.3640733,74.65676005,2,0,0.130047063,-6.960888966,0.156189013,4.816609199,0.072216859,6.162666189,0.001973628,0.000894421,374.1409933,374.1409933,74.67897029,5,0,180.1619973,-51.83800275,79.89931973,-1,0,1,0,0,0,0,0,0,0,0,0,4.039530082,0.026387149,0,3.366275068,0.009884,0,3.785466812,-0.36249569,1.346510027,0,0,0,0,298.6270402,0,0,223.9702801,0,0,298.7158812,0,74.65676005,1
TYL,322.8099976,0,0,1,0,0,0.2048,0.7952,0.087907717,0.337238494,0.364127155,323,323,0,0,323,0,0,323,323,0,323,323,646,1,1,1,1,0.154920429,-6.741745766,0.097995832,1.452833952,0.158810135,0.984743132,0.154920429,-6.741745766,0.102792765,0.978778118,0.157674512,-11.44164798,0.154920429,-6.741745766,0.364127155,1.452421046,,,0.080763169,,,1.719861742,,,1.444173957,,,0.080763169,,,1.440962321,,,0.013976367,,,0.080763169,,,0.001866407,0.000877691,0.000586803,0.001866407,0.001053131,2.30E-06,0.001866407,395.4453815,72.44538153,307.5851184,0,,0,245.4316061,-77.5683939,,339.180729,0,,18.87465176,18.87465176,315.0936961,0,341.5996416,18.59964161,307.5851184,0,,194.3866146,-128.6133854,339.180729,0,,0.407314338,0.407314338,309.5074538,0,,114.9940238,114.9940238,307.5851184,0,,0.155027862,-7.144525318,0.118067394,4.551979136,0.069490557,5.468167759,0.001865711,0.00078483,353.6831357,30.68313573,307.6140964,0,,158.0872933,-164.9127067,339.180729,0,,1,,,,,,,,,,0,0,0,0,0,0,0,0,0,,,,-3.422385741,0,0,0,0,0,0,0,0,0,1
U,43.61000061,0,0,1,0,0,0.702927478,0.297072522,0.690837179,0.922110553,0.280552856,87,0,44,0,44,0,44,87,87,392,87,0,131,1,1,1,1,0.700259766,-10.64642995,0.693183322,-0.363130708,0.762972411,-0.604237815,0.700259766,-10.64642995,0.693922873,-0.256502678,0.700342924,4.612248818,0.700259766,-10.64642995,0.280552856,1.368846747,,,0.035343363,,,0.892247572,,,0.827197582,,,0.035343363,,,0.922623732,,,4.255027739,,,0.035343363,,,0.000655908,0.000359217,0.000263607,0.000655908,0.00056578,0.000553772,0.000655908,138.9706889,51.97068894,39.82828452,1,,0,100.4490353,56.44903533,,38.94360759,1,,8.478989631,8.478989631,38.94360759,0,120.0477734,33.04777336,39.82828452,1,,104.4315159,17.43151585,38.94360759,0,,98.21153643,-293.7884636,48.03281854,-6,,40.41215161,-3.58784839,42.80544349,0,,0.700382484,-11.15348168,0.696311316,-3.926883045,0.030141782,0.291440925,0.000634297,3.59E-05,120.2437868,33.24378684,39.88383897,1,,7.23076713,7.23076713,38.94360759,0,,0,,,,,,,,,,1,0.002060374,0,1,0,-1.994328671,1,0,0,,,,-0.328965144,39.82828452,0,0,39.82828452,0,-96.06563707,39.88383897,0,0,1
UAL,112.5100021,1,1,0,1,1,0.4788,0.5212,0.505966587,0.479079498,0.403727361,0,0,0,0,0,0,0,0,0,0,0,0,0,1,1,1,1,0.485121624,-9.106019342,0.500851833,-0.001417794,0.487341717,0.022795869,0.485121624,-9.106019342,0.49878964,0.001416128,0.484657362,1.052582757,0.485121624,-9.106019342,0.403727361,1.492021252,0,0,0.026157811,0,0,0.999432857,0,0,1.009163077,0,0,0.026157811,0,0,1.000566798,0,0,1.523745999,0,0,0.026157811,0,0,0.000667779,0.000567994,0.00045786,0.000667779,0.000791893,0.000278347,0.000667779,141.4857087,141.4857087,106.9015457,1,0,0,158.8298634,158.8298634,0,105.097622,2,0,14.72715785,14.72715785,105.097622,0,122.2203359,122.2203359,106.9015457,1,0,146.1673798,146.1673798,105.097622,1,0,49.36479726,49.36479726,109.3882776,0,0,41.14350985,41.14350985,106.9015457,0,0,0.485109136,-9.570985768,0.493442523,2.093878031,0.021717101,2.311339143,0.00065124,0.000355588,123.455726,123.455726,106.934396,1,0,71.62551762,71.62551762,110.8429498,1,0,1,0,0,0,0,0,0,0,0,0,1,6.28E-08,0,1,3.13E-08,0,1,0.068505081,0,0,0,0,0,106.9015457,0,0,106.9015457,0,0,106.934396,0,0,1
UBER,68.11000061,0,0,1,0,0,0.112134345,0.887865655,0.222580645,0.251728111,0.379824358,0,0,0,0,0,0,0,0,0,0,0,68,0,1,1,1,1,0.127634103,-6.546372938,0.189280845,0.74727555,0.174349067,0.888708994,0.127634103,-6.546372938,0.178152605,0.563683183,0.126315162,-13.08940388,0.127634103,-6.546372938,0.379824358,1.468118249,0,0,0.080969239,0,0,1.332344231,0,0,1.406701769,0,0,0.080969239,0,0,1.241653429,0,0,0.006564436,0,0,0.080969239,0,0,0.001947116,0.000709812,0.000597332,0.001947116,0.000936813,1.13E-06,0.001947116,412.5454647,412.5454647,64.02301452,6,0,128.046029,198.4870068,198.4870068,0,66.29086539,3,0,19.21331651,19.21331651,66.39764628,0,356.3712954,356.3712954,64.02301452,6,0,172.9167627,172.9167627,66.14734429,3,0,0.199573528,0.199573528,65.42536641,0,0,119.9666634,119.9666634,64.02301452,2,0,0.127656201,-6.943313497,0.154589816,4.807844256,0.069522574,6.335211149,0.001950897,0.000934852,369.8318294,369.8318294,64.15891485,6,0,188.3060336,120.3060336,68.8686776,2,0,1,0,0,0,0,0,0,0,0,0,4.017656123,0.026175973,0,4.017656123,0.014894003,0,4.519650217,0.7223552,1.339218708,0,0,0,0.390322568,256.0920581,0,0,256.0920581,0,0,320.7945742,68.8686776,64.02301452,1
UBSI,47.04000092,0,0,1,0,0,0.53,0.47,0.525855211,0.590376569,0.354362329,0,0,47,0,47,0,0,0,0,0,0,0,47,1,1,1,1,0.529087557,-9.420819815,0.526662595,-0.044472108,0.548510035,-0.087939767,0.529087557,-9.420819815,0.526919637,-0.031564627,0.529117919,2.090867908,0.529087557,-9.420819815,0.354362329,1.44265622,,,0.031663247,,,0.983833695,,,0.968285115,,,0.031663247,,,0.988498658,,,2.151733594,,,0.031663247,,,0.000713683,0.000488707,0.000382705,0.000713683,0.00070816,0.000344322,0.000713683,151.2117577,151.2117577,45.46895546,3,,45.46895546,136.658608,89.65860804,,45.16283084,2,,12.30980016,12.30980016,45.16283084,0,130.6220395,130.6220395,45.46895546,3,,130.711959,130.711959,45.16283084,3,,61.06549816,61.06549816,46.60741526,1,,43.97180818,43.97180818,45.46895546,1,,0.529127618,-9.894570033,0.527739808,1.307261065,0.026616565,1.614609115,0.000695069,0.000227741,131.7644086,131.7644086,45.49591296,3,,45.87350316,45.87350316,46.42638373,1,,1,,,,,,,,,,3,6.18E-05,0,3,4.67E-05,0.068308259,3,0.026702055,1,,,,0.184241824,136.4068664,0,0,136.4068664,0,0,136.4877389,0,45.46895546,1
UHS,175.7200012,0,0,1,0,0,0.5044,0.4956,0.391805887,0.668200837,0.29518922,0,0,0,0,0,0,0,0,0,0,0,0,0,1,1,1,1,0.471715972,-9.010033533,0.408307665,0.156582176,0.501532957,-0.002759341,0.471715972,-9.010033533,0.415347179,0.101229478,0.47387106,0.776854458,0.471715972,-9.010033533,0.29518922,1.383483111,0,0,0.053681022,0,0,1.05214112,0,0,0.999104707,0,0,0.053681022,0,0,1.033405361,0,0,1.286815173,0,0,0.053681022,0,0,0.001036219,0.000442004,0.000332581,0.001036219,0.000653988,0.000174631,0.001036219,219.5490797,219.5490797,167.5043722,1,0,0,123.5990528,123.5990528,0,166.9737108,1,0,10.69753929,10.69753929,166.0195416,0,189.6542239,189.6542239,167.5043722,1,0,120.7130345,120.7130345,166.2324513,1,0,30.97074964,30.97074964,171.4118192,0,0,63.84404338,63.84404338,167.5043722,0,0,0.471853166,-9.473539806,0.435336441,3.21178826,0.046182614,2.836469998,0.001015287,0.000359097,192.4681049,192.4681049,167.5306258,1,0,72.33231626,72.33231626,174.3787977,0,0,1,0,0,0,0,0,0,0,0,0,1,0.000383093,0,1,0.000160116,0,1,0,0,0,0,0,0,167.5043722,0,0,167.5043722,0,0,167.5306258,0,0,1
UL,59.70000076,0,0,1,0,0,0.0656,0.9344,0.04017502,0.375732218,0.314901216,0,0,0,0,0,0,60,298,298,0,298,239,0,1,1,1,1,0.056941456,-6.040206518,0.043216947,2.730642581,0.071988208,2.034666014,0.056941456,-6.040206518,0.044563282,1.880561803,0.057464314,-16.98310699,0.056941456,-6.040206518,0.314901216,1.403195107,,,0.129233922,,,2.521894088,,,1.992214607,,,0.129233922,,,1.890882782,,,0.00317306,,,0.129233922,,,0.00262874,0.001121146,0.000702771,0.00262874,0.001247833,4.55E-07,0.00262874,556.964694,556.964694,58.11086526,10,,116.2217305,313.5096663,313.5096663,,59.41603348,5,,22.60477687,22.60477687,59.24632275,0,481.1257097,183.1257097,58.11086526,3,,230.324653,-67.67534702,61.37454358,-1,,0.08074034,0.08074034,58.59192079,0,,161.96323,101.96323,58.11086526,2,,0.056985274,-6.423804447,0.04862271,3.771116934,0.113486014,3.587561986,0.002644285,0.000471074,501.2776439,203.2776439,58.12060109,3,,94.88770185,-144.1122981,61.37454358,-2,,1,,,,,,,,,,5.700639809,0.582531946,0,1.710191943,-0.055258011,0,1.93430923,-0.444416342,1.140127962,,,,-0.007431471,348.6651915,59.41603348,0,116.2217305,0,0,116.2412022,0,58.11086526,1
ULTA,543.6900024,0,0,1,0,0,0.452,0.548,0.426412092,0.520920502,0.410590961,0,0,0,0,0,0,0,0,0,0,0,0,0,1,1,1,1,0.445619205,-8.823178071,0.430868986,0.116740217,0.464824397,0.063552164,0.445619205,-8.823178071,0.432642885,0.079898287,0.446037406,0.022350452,0.445619205,-8.823178071,0.410590961,1.498884852,0,0,0.02812971,0,0,1.048381204,0,0,1.026054558,0,0,0.02812971,0,0,1.032865054,0,0,1.009086742,0,0,0.02812971,0,0,0.000730422,0.000606854,0.000474366,0.000730422,0.00082864,0.000187692,0.000730422,154.7582031,154.7582031,520.4852892,0,0,0,169.6964685,169.6964685,0,517.4938052,0,0,15.25809854,15.25809854,517.3599355,0,133.6855839,133.6855839,520.4852892,0,0,152.9501143,152.9501143,517.3599355,0,0,33.28714624,33.28714624,517.3599355,0,0,45.00310112,45.00310112,520.4852892,0,0,0.445672841,-9.28108562,0.437531263,3.174470404,0.023371126,3.613858744,0.000714188,0.000562598,135.3886662,135.3886662,520.875007,0,0,113.3233181,113.3233181,540.8830948,0,0,1,0,0,0,0,0,0,0,0,0,0,0,0,0,0,0,0,0,0,0,0,0,0,0,0,0,0,0,0,0,0,0,1
UNH,371.8999939,0,0,1,0,0,0.1608,0.8392,0.180588703,0.356903766,0.536287354,0,0,0,0,0,0,0,0,372,0,0,372,0,1,1,1,1,0.165364652,-6.816527446,0.176807014,0.808834253,0.20891721,0.715900437,0.165364652,-6.816527446,0.175161357,0.574636342,0.164963433,-11.06992471,0.165364652,-6.816527446,0.536287354,1.624581245,,,0.036599506,,,1.480658457,,,1.415369672,,,0.036599506,,,1.321598958,,,0.00464631,,,0.036599506,,,0.001280333,0.001182898,0.000910339,0.001280333,0.001345779,1.19E-06,0.001280333,271.2706648,271.2706648,355.1135015,1,,0,330.7776071,330.7776071,,363.3760083,1,,29.28126409,29.28126409,362.8069791,0,234.3331499,234.3331499,355.1135015,1,,248.4036382,-123.5963618,388.3581605,0,,0.210412797,0.210412797,358.4254972,0,,78.88448504,78.88448504,355.1135015,0,,0.165421543,-7.220930308,0.171237613,4.889067106,0.030078127,10.72331388,0.001279796,0.002054997,242.6110935,242.6110935,355.2127689,1,,413.9352134,41.93521343,374.1202828,0,,1,,,,,,,,,,0.72601635,0.010222076,0,0.72601635,0,0,0.814716164,0,0,,,,0,355.1135015,0,0,355.1135015,0,0,355.2127689,0,0,1
UNP,278.2799988,0,0,1,0,0,0.2372,0.7628,0.377088305,0.346025105,0.628945024,0,0,0,0,0,0,0,0,0,0,0,0,0,1,1,1,1,0.260832667,-7.500087982,0.341091063,0.286530657,0.308558709,0.388251504,0.260832667,-7.500087982,0.328080266,0.221108312,0.258902759,-6.659541606,0.260832667,-7.500087982,0.628945024,1.717238915,0,0,0.017328019,0,0,1.167578801,0,0,1.233597217,0,0,0.017328019,0,0,1.126997686,0,0,0.027298265,0,0,0.017328019,0,0,0.000744309,0.001164555,0.000996031,0.000744309,0.001352456,8.67E-06,0.000744309,157.7006175,157.7006175,268.9417625,1,0,0,325.6481729,325.6481729,0,271.2273036,1,0,32.03755695,32.03755695,271.8955465,0,136.227345,136.227345,268.9417625,1,0,249.6360245,249.6360245,270.7756795,1,0,1.53775781,1.53775781,267.3603158,0,0,45.85874411,45.85874411,268.9417625,0,0,0.260845055,-7.922398087,0.298457289,4.777648798,0.013790421,13.24154665,0.000737032,0.002928115,139.7193073,139.7193073,269.5134655,1,0,589.8061426,589.8061426,279.77842,2,0,1,0,0,0,0,0,0,0,0,0,0.878926871,0.00128281,0,0.878926871,0.000763889,0,0.980693616,0.713310251,0,0,0,0,0,268.9417625,0,0,268.9417625,0,0,269.5134655,279.77842,0,1
UPS,93.01999664,0,0,1,0,0,0.1032,0.8968,0.108194113,0.088702929,0.222538558,0,0,0,0,0,0,0,0,0,0,0,558,0,1,1,1,1,0.104337371,-6.379566012,0.107237314,1.3401289,0.098935603,1.558003397,0.104337371,-6.379566012,0.106875847,0.944949787,0.10426542,-14.29509885,0.104337371,-6.379566012,0.222538558,1.310832449,0,0,0.177868885,0,0,1.437236962,0,0,1.524540307,0,0,0.177868885,0,0,1.291445805,0,0,0.020876197,0,0,0.177868885,0,0,0.002812071,0.000486576,0.000406795,0.002812071,0.000696645,2.29E-06,0.002812071,595.8080235,595.8080235,88.94381608,7,0,177.8876322,136.0627944,136.0627944,0,91.66845208,1,0,13.08465918,13.08465918,91.78854904,0,514.6799452,514.6799452,88.94381608,6,0,128.5865638,128.5865638,91.43503909,1,0,0.406354712,0.406354712,89.89466914,0,0,173.2587235,173.2587235,88.94381608,2,0,0.104322885,-6.771787962,0.105888846,4.442935638,0.159954108,3.328546056,0.002817152,0.000366632,534.0480063,534.0480063,88.96983508,6,0,73.85017349,-484.1498265,96.70840178,-5,0,1,0,0,0,0,0,0,0,0,0,4.451438085,0.028061648,0,3.815518359,0.013952033,0,4.299104269,-1.542162272,1.271839453,0,0,0,0,355.7752643,0,0,355.7752643,0,0,355.8793403,-193.4168036,88.94381608,1
UPST,22.80999947,0,0,1,0,0,0.047883414,0.952116586,0.316838488,0.347107438,0.497962799,0,0,0,0,0,0,433,0,0,0,0,411,0,1,1,1,1,0.060427444,-6.065166542,0.158104902,0.914909849,0.113931685,1.370753097,0.060427444,-6.065166542,0.130797243,0.780896956,0.059258981,-16.87679993,0.060427444,-6.065166542,0.497962799,1.58625669,0,0,0.060911817,0,0,1.525188978,0,0,1.882186049,0,0,0.060911817,0,0,1.433742074,0,0,0.000415276,0,0,0.060911817,0,0,0.001950636,0.001107475,0.001097709,0.001950636,0.001360337,9.65E-08,0.001950636,413.2913108,413.2913108,20.51774351,20,0,-311.3599218,309.6867508,309.6867508,0,21.41269281,14,0,35.30805666,35.30805666,21.66384218,2,357.0155836,357.0155836,20.51774351,17,0,251.0907864,251.0907864,21.33404714,12,0,0.017120015,0.017120015,20.89373088,0,0,120.1835527,-312.8164473,22.23999441,-14,0,0.060442635,-6.449219851,0.090304691,4.286092934,0.051020823,7.224691373,0.001967976,0.001301802,373.0695458,373.0695458,20.5377648,18,0,262.2201357,-148.7798643,25.26652789,-6,0,0,0,0,0,0,0,0,0,0,0,11.49570162,0.183106882,0.058717627,9.771346377,0.11433751,0,11.69787282,-1.72224306,-8.046991134,0,0,0,0,225.6951786,0,0,205.1774351,0,0,246.4531776,-50.53305578,-177.9199553,0
URI,1081.040039,1,1,0,1,1,0.6532,0.3468,0.780429594,0.666945607,0.840519004,0,0,0,0,0,0,0,0,0,0,0,0,0,1,1,1,1,0.680133564,-10.50232433,0.754016885,-0.52948016,0.694821093,-0.396939793,0.680133564,-10.50232433,0.743700554,-0.349792345,0.67809619,4.417224587,0.680133564,-10.50232433,0.840519004,1.928812895,0,0,0.001008767,0,0,0.706227381,0,0,0.770472259,0,0,0.001008767,0,0,0.794708223,0,0,18.20499014,0,0,0.001008767,0,0,6.66E-05,0.00112126,0.001001705,6.66E-05,0.001345281,0.009134077,6.66E-05,14.11336283,14.11336283,1041.218218,0,0,0,313.5414576,313.5414576,0,1034.4812,0,0,32.22006942,32.22006942,1034.4812,0,12.19161965,12.19161965,1041.218218,0,0,248.3116615,248.3116615,1034.4812,0,0,1619.928931,1619.928931,1091.828104,1,0,4.104112619,4.104112619,1041.218218,0,0,0.680088333,-11.00429734,0.717891037,-4.76106936,0.000725409,0.043824205,6.25E-05,1.31E-05,11.84881892,11.84881892,1041.397663,0,0,2.634542072,2.634542072,1034.588243,0,0,1,0,0,0,0,0,0,0,0,0,0,0,0,0,0,0.304873016,0,0,0,0,0,0,0,0,0,0,0,0,0,0,0,0,0
USB,57.50999832,0,0,1,0,0,0.072,0.928,0.155529037,0.331380753,0.373032843,0,0,0,0,0,0,0,0,0,0,0,0,0,1,1,1,1,0.082927695,-6.226270591,0.128884618,1.127007657,0.131144762,1.198253024,0.082927695,-6.226270591,0.120230274,0.847048643,0.081976528,-15.55340101,0.082927695,-6.226270591,0.373032843,1.461326734,0,0,0.09424071,0,0,1.533456645,0,0,1.575465821,0,0,0.09424071,0,0,1.378951533,0,0,0.002739168,0,0,0.09424071,0,0,0.002227703,0.00080194,0.000656397,0.002227703,0.001026217,4.61E-07,0.002227703,471.9949712,471.9949712,55.2116799,9,0,110.4233598,224.2488864,224.2488864,0,56.53590127,4,0,21.11315269,21.11315269,56.56967607,0,407.725872,407.725872,55.2116799,7,0,189.418904,189.418904,56.42126542,3,0,0.081771221,0.081771221,55.73805796,0,0,137.2543554,137.2543554,55.2116799,2,0,0.08295571,-6.614715719,0.102473036,4.410220684,0.081328591,5.32809648,0.002239104,0.000776886,424.4674089,424.4674089,55.23077193,8,0,156.4870656,156.4870656,57.78190892,3,0,1,0,0,0,0,0,0,0,0,0,5.451531395,0.079384141,0,4.240079974,0.03363241,0,5.469308005,0.911720929,1.211451421,0,0,0,0,276.0583995,0,0,220.8467196,0,0,276.1538596,57.78190892,55.2116799,1
UVV,42.20000076,1,1,0,0,0,0.046,0.954,0.178202068,0.041004184,0.225845613,211,127,169,0,296,0,42,169,127,0,169,295,507,1,1,1,1,0.056084549,-6.034070983,0.11740125,1.232407548,0.05721957,2.426003531,0.056084549,-6.034070983,0.103066234,0.976447687,0.05521214,-17.11687901,0.056084549,-6.034070983,0.225845613,1.314139504,,,0.192357421,,,1.400279219,,,1.940102282,,,0.192357421,,,1.305711381,,,0.009315975,,,0.192357421,,,0.003069625,0.000478867,0.000523056,0.003069625,0.000709615,1.03E-06,0.003069625,650.3773,439.3773,40.95601519,11,,163.8240608,133.9071896,-162.0928104,,43.39423481,-4,,16.82421105,16.82421105,41.81310714,0,561.8188073,392.8188073,40.95601519,10,,130.9805077,3.98050767,41.55767186,0,,0.183142071,0.183142071,41.20976904,0,,189.1272631,147.1272631,40.95601519,4,,0.056054302,-6.416960779,0.077954764,4.148000961,0.173253628,3.10545281,0.003083154,0.00034429,584.4741443,415.4741443,40.95709287,10,,69.34991136,-225.6500886,43.39423481,-5,,1,,,,,,,,,,6.25797092,-0.094926773,0,5.689064472,0,0,6.433966505,-1.344211873,2.275625789,,,,0,245.7360912,0,0,245.7360912,0,0,245.7425572,-43.39423481,81.91203038,1
V,360.6600037,0,0,1,0,0,0.1188,0.8812,0.143198091,0.484518828,0.753249977,0,0,0,0,0,0,0,0,0,0,0,0,0,1,1,1,1,0.124103767,-6.52109538,0.138243158,1.051445262,0.175427325,0.882539609,0.124103767,-6.52109538,0.136152016,0.750489326,0.123639022,-13.23366318,0.124103767,-6.52109538,0.753249977,1.841543868,,,0.018651872,,,1.900309895,,,1.714090229,,,0.018651872,,,1.581307432,,,0.000309507,,,0.018651872,,,0.001037672,0.002506882,0.001843205,0.001037672,0.002333908,1.29E-07,0.001037672,219.8569881,219.8569881,348.0917726,1,,0,701.00742,701.00742,,355.4116435,2,,59.28710079,59.28710079,354.8346973,0,189.920206,189.920206,348.0917726,1,,430.7922178,430.7922178,354.6079855,1,,0.022953676,0.022953676,351.2619625,0,,63.93358198,63.93358198,348.0917726,0,,0.124162116,-6.917628133,0.131227751,4.656474747,0.014640943,17.17171243,0.001042887,0.004547689,197.7002218,197.7002218,348.0918846,1,,916.0346572,916.0346572,362.528358,3,,1,,,,,,,,,,0.664448202,0.034548036,0,0.664448202,0.008800535,0,0.747712172,1.016379237,0,,,,0,348.0917726,0,0,348.0917726,0,0,348.0918846,362.528358,0,1
VEEV,273.3299866,0,0,1,0,0,0.5884,0.4116,0.535003978,0.942259414,0.681587034,0,0,0,0,0,0,0,0,0,820,0,0,0,1,1,1,1,0.574873682,-9.748653049,0.544121446,-0.073867634,0.654550326,-0.300002526,0.574873682,-9.748653049,0.547675892,-0.056164299,0.575693871,3.008949552,0.574873682,-9.748653049,0.681587034,1.769880925,,,0.003827185,,,0.958704928,,,0.842589725,,,0.003827185,,,0.96844374,,,5.572513563,,,0.003827185,,,0.000183831,0.001079009,0.000769982,0.000183831,0.001270872,0.001993299,0.000183831,38.94912409,38.94912409,261.7038651,0,-3,0,301.7267577,301.7267577,,258.0236926,1,-3,24.76662396,24.76662396,258.0236926,0,33.64562453,33.64562453,261.7038651,0,,234.5772439,234.5772439,258.0236926,1,,353.5115982,-466.4884018,285.3175455,-2,,11.32625822,11.32625822,261.7038651,0,-2,0.575049299,-10.2321449,0.557783681,0.540875011,0.002904026,1.361779337,0.000175716,0.000325535,33.31054829,33.31054829,261.719697,0,,65.57206783,65.57206783,265.0397406,0,,1,0.00138737,0.001552747,0.041571001,0.001296099,0.00138737,0.194139926,0.001376308,0.00102957,0.00138737,0,8.53E-05,0,0,4.93E-05,-0.282930544,0,0,0,0.071398885,0.071398885,1.86E-06,-4.210812508,0,0,0,0,0,0,0,0,0,1
VGK,86.37999725,0,0,1,0,0,0.0768,0.9232,0.108989658,0.224686192,0.578330331,173,346,259,0,605,0,86,691,691,0,605,259,778,1,1,1,1,0.082837631,-6.225625722,0.101452788,1.408818201,0.114426051,1.365237438,0.082837631,-6.225625722,0.098548147,1.01622279,0.082329608,-15.53315839,0.082837631,-6.225625722,0.578330331,1.666624222,,,0.041583551,,,2.053662034,,,2.008450435,,,0.041583551,,,1.680492256,,,0.000358228,,,0.041583551,,,0.00159896,0.001817262,0.001434462,0.00159896,0.001845719,1.01E-07,0.00159896,338.7798179,165.7798179,84.24233909,2,,0,508.1668107,-96.83318934,,88.54066542,-1,,46.13979883,46.13979883,85.6362469,1,292.6499329,-398.3500671,85.53170447,-5,,340.6823854,-350.3176146,88.54066542,-4,,0.017938522,0.017938522,84.73972147,0,,98.51589187,12.51589187,84.24233909,0,,0.082866385,-6.614059081,0.091832902,4.302332438,0.034099846,9.003668297,0.001611586,0.001843053,305.5086006,-299.4913994,85.53170447,-4,,371.2435738,112.2435738,86.93719445,1,,1,,,,,,,,,,1.211200488,-0.031012011,0.02912302,-3.028001221,-0.064544297,0,-2.734111095,0.289219756,0,,,,0,84.24233909,0,0,-256.5951134,0,0,-256.5951134,0,0,1
VKSAX,17.03000069,0,0,1,0,0,0.100280505,0.899719495,,0.129374076,0.41110245,0,0,3185,0,3185,0,0,0,0,0,0,0,3185,1,1,1,1,,,,,,,,,,,,,,,0.41110245,1.499396341,,,,,,,,,,,,,,,,,,,,,,,,,,,,,,,,,,0,,,,,,,0,,,,,0,,,,0,,,,,0,,,,,0,,,,,0,,,,,,,,,,,,,0,,,,,0,,0,,,,,,,,,,,,,,,,,,,,,,,,,,,,,,,,
VLO,406.2999878,0,0,1,0,0,0.8,0.2,0.791964996,0.968200837,0.800113068,0,0,0,0,0,0,0,0,0,0,0,0,0,1,1,1,1,0.798289757,-11.34833449,0.793568282,-0.672085743,0.849592062,-1.043029599,0.798289757,-11.34833449,0.79403708,-0.473802433,0.798322067,4.999990863,0.798289757,-11.34833449,0.800113068,1.888406959,0,0,0.000735826,0,0,0.652289051,0,0,0.515257266,0,0,0.000735826,0,0,0.739920801,0,0,24.0146045,0,0,0.000735826,0,0,4.49E-05,0.000951513,0.0006142,4.49E-05,0.001176431,0.011085881,4.49E-05,9.518855782,9.518855782,390.7727066,0,0,0,266.0745161,266.0745161,0,387.430647,1,0,19.75586752,19.75586752,387.430647,0,8.222722721,8.222722721,390.7727066,0,0,217.1453958,217.1453958,387.430647,1,0,1966.081335,1966.081335,410.5672864,5,0,2.76804732,2.76804732,390.7727066,0,0,0.798391156,-11.87395323,0.795637839,-8.075344266,0.00052681,0.005894311,4.16E-05,1.67E-06,7.887729091,7.887729091,390.7800061,0,0,0.335502585,0.335502585,390.0998873,0,0,1,0,0,0,0,0,0,0,0,0,0,0.007057801,0,0,0.003507637,1.953117862,0,0,0,0,0,0,0,0,0,0,0,0,821.1345728,0,0,0,1
VLTO,94.68000031,0,0,1,0,0,0.300813008,0.699186992,0.29787234,0.568471338,0.422812979,95,0,0,0,0,0,0,95,473,0,0,95,95,1,1,1,1,0.300353706,-7.783062573,0.298569706,0.383064208,0.359775636,0.268428068,0.300353706,-7.783062573,0.298663339,0.269115546,0.300293658,-4.940326215,0.300353706,-7.783062573,0.422812979,1.51110687,,,0.040228551,,,1.171336202,,,1.117192107,,,0.040228551,,,1.117509234,,,0.130083832,,,0.040228551,,,0.001076456,0.000700419,0.000533988,0.001076456,0.000918367,2.50E-05,0.001076456,228.0742566,133.0742566,91.40268301,1,,91.40268301,195.8602523,195.8602523,,92.80319353,2,,17.17584646,17.17584646,92.46725034,0,197.0185719,102.0185719,91.40268301,1,,169.511891,-303.488109,97.71623339,-3,,4.430466137,4.430466137,90.05192395,0,,66.32313266,66.32313266,91.40268301,1,,0.300454647,-8.213572156,0.299281132,4.772707779,0.033677985,7.173374442,0.001064084,0.001140387,201.7186909,201.7186909,91.46745299,2,,229.7066169,134.7066169,95.09897221,1,,1,,,,,,,,,,0.946500985,0.004585568,0,0.946500985,-0.003394836,0,2,0.355917805,0.946500985,,,,0,91.40268301,0,0,91.40268301,0,0,182.934906,0,91.40268301,1
VMC,243.0599976,0,0,1,0,0,0.1004,0.8996,0.226332538,0.028451883,0.439064744,0,0,0,0,0,0,0,0,0,0,0,486,0,1,1,1,1,0.115451755,-6.45914611,0.183589842,0.774562225,0.058446233,2.388259395,0.115451755,-6.45914611,0.171442967,0.588662894,0.114427545,-13.73459475,0.115451755,-6.45914611,0.439064744,1.527358635,0,0,0.064848218,0,0,1.388269458,0,0,2.749785894,0,0,0.064848218,0,0,1.283155399,0,0,0.00297608,0,0,0.064848218,0,0,0.001805322,0.000866439,0.001373253,0.001805322,0.001088429,5.96E-07,0.001805322,382.5028329,382.5028329,232.5470545,2,0,0,242.2850045,242.2850045,0,237.384261,1,0,44.17098985,44.17098985,240.7600886,0,330.4194125,330.4194125,232.5470545,1,0,200.901965,200.901965,236.5549228,1,0,0.105718649,0.105718649,235.0570863,0,0,111.2303795,111.2303795,232.5470545,0,0,0.115180344,-6.85160223,0.144604305,4.74848813,0.054917311,7.472084443,0.00181316,0.001221125,343.7209869,343.7209869,232.8391964,1,0,245.9695271,-240.0304729,251.2363926,-1,0,1,0,0,0,0,0,0,0,0,0,1.303767765,0.009374166,0,0.651883882,0.005414438,0,0.73350708,-0.35231468,0,0,0,0,0,232.5470545,0,0,232.5470545,0,0,232.8391964,0,0,1
VRSK,163.8800049,0,0,1,0,0,0.0632,0.9368,0.03540175,0.070711297,0.430579099,0,164,0,0,164,0,0,164,164,0,0,0,164,1,1,1,1,0.053093177,-6.012652458,0.038448599,2.946014579,0.051990578,2.600365404,0.053093177,-6.012652458,0.03984737,2.02417787,0.05371296,-17.20615052,0.053093177,-6.012652458,0.430579099,1.51887299,0,0,0.081016701,0,0,3.42582256,0,0,2.964982418,0,0,0.081016701,0,0,2.330406701,0,0,0.00075286,0,0,0.081016701,0,0,0.002209409,0.002090972,0.001447284,0.002209409,0.001944413,1.48E-07,0.002209409,468.1188269,468.1188269,156.7750253,3,0,156.7750253,584.7051924,420.7051924,0,162.6294679,3,0,46.55219426,46.55219426,162.4000631,0,404.377522,240.377522,156.7750253,2,0,358.8992562,194.8992562,162.0583135,1,0,0.026163795,0.026163795,158.2684186,0,0,136.1271873,136.1271873,156.7750253,1,0,0.053113365,-6.395341655,0.044076003,3.706535374,0.069041187,4.70777512,0.002227868,0.000758385,422.337273,422.337273,156.8648498,3,0,152.7605003,152.7605003,163.4343756,1,0,1,0,0,0,0,0,0,0,0,0,1.694624512,0.406828214,0,1.129749674,0.064020251,0,1.91720601,0.21466257,0.564874837,0,0,0,0,313.5500505,0,0,156.7750253,0,0,313.7296996,0,156.7750253,1
VRSN,288.3200073,0,0,1,0,0,0.342,0.658,0.295544948,0.474058577,0.631525023,0,0,1730,0,1730,0,0,0,0,1153,0,0,1730,1,1,1,1,0.329596502,-7.992443917,0.303044438,0.372166276,0.359297606,0.269461404,0.329596502,-7.992443917,0.3061166,0.256436523,0.330406928,-3.775668043,0.329596502,-7.992443917,0.631525023,1.719818914,0,0,0.013119508,0,0,1.223597912,0,0,1.157320123,0,0,0.013119508,0,0,1.149175531,0,0,0.129090837,0,0,0.013119508,0,0,0.000566676,0.001227782,0.000940213,0.000566676,0.001385214,4.12E-05,0.000566676,120.0646451,120.0646451,277.4763407,0,0,0,343.3284724,-1386.671528,0,299.9845741,-5,0,30.2421534,30.2421534,278.5985935,0,103.7160671,103.7160671,277.4763407,0,0,255.6825611,255.6825611,278.7922253,1,0,7.314992247,-1145.685008,289.313197,-4,0,34.91434543,34.91434543,277.4763407,0,0,0.329682877,-8.428431793,0.314722894,4.67004863,0.010357381,12.58101725,0.000556979,0.002792851,105.586617,105.586617,277.526285,0,0,562.5601291,562.5601291,289.6839693,2,0,1,0,0,0,0,0,0,0,0,0,0,-0.010820917,0,0,0.001027495,-0.890979323,0,0.681542319,0,0,0,0,-1.558006606,0,0,0,0,0,-289.313197,0,289.6839693,0,1
VRTS,133.8099976,0,0,1,0,0,0.1592,0.8408,0.339697693,0.206276151,0.34905154,401,0,937,0,937,0,0,669,803,0,669,268,1338,1,1,1,1,0.182855272,-6.94176203,0.282263786,0.424577204,0.212943413,0.698584569,0.182855272,-6.94176203,0.263873842,0.334118107,0.18087481,-10.27323591,0.182855272,-6.94176203,0.34905154,1.437345431,0,0,0.080583843,0,0,1.166532583,0,0,1.288456586,0,0,0.080583843,0,0,1.128870266,0,0,0.024062298,0,0,0.080583843,0,0,0.001791719,0.000570972,0.000501608,0.001791719,0.000799939,3.79E-06,0.001791719,379.6208331,-21.37916693,132.3909148,0,0,126.9807528,159.6628119,-777.3371881,0,140.8355087,-6,0,16.13431634,16.13431634,129.6361802,0,327.9298396,-341.0701604,132.3909148,-3,0,147.6524986,-655.3475014,140.8355087,-5,0,0.673041715,0.673041715,127.5525129,0,0,110.3923049,110.3923049,126.9807528,1,0,0.18283538,-7.34894116,0.225438173,4.999905361,0.069517214,6.134665005,0.001788071,0.000857098,338.9648619,-330.0351381,132.3909148,-2,0,172.6441441,-95.35585589,140.8355087,-1,0,1,0,0,0,0,0,0,0,0,0,0,-0.016899919,0,-2.258815316,-0.008721477,0,-1.687716755,-0.390610213,0.752938439,0,0,0,0,0,0,0,-264.7818297,0,0,-264.7818297,0,126.9807528,0
VRTX,504.730011,0,0,1,0,0,0.1,0.9,0.120922832,0.411297071,0.704265165,0,0,0,0,0,0,0,0,0,1009,0,0,0,1,1,1,1,0.104534993,-6.380981005,0.116661224,1.239753194,0.148012318,1.060592544,0.104534993,-6.380981005,0.114866197,0.884232673,0.104138038,-14.30217718,0.104534993,-6.380981005,0.704265165,1.792559056,,,0.024131848,,,2.061790562,,,1.857086252,,,0.024131848,,,1.675442494,,,0.000237016,,,0.024131848,,,0.001215049,0.002441788,0.001787997,0.001215049,0.002283121,8.91E-08,0.001215049,257.4386436,257.4386436,483.3091814,1,,0,682.8049146,682.8049146,,495.8932972,1,,57.51132376,57.51132376,495.1169567,0,222.3845631,222.3845631,483.3091814,0,,421.4179988,421.4179988,494.5585047,1,,0.015808394,-1008.984192,501.6484713,-2,,74.86218552,74.86218552,483.3091814,0,,0.104584195,-6.773708876,0.11063999,4.486887673,0.019188653,13.71851174,0.001223445,0.00338897,231.9286503,231.9286503,483.5400831,0,,682.6355835,682.6355835,506.7757115,1,,1,,,,,,,,,,0.636201853,0.024015437,0,0,0.012216678,-2,0,0.314565015,0,,,,0,483.3091814,0,0,0,0,-1003.296943,0,0,0,1
VST,140.0200043,1,1,0,1,1,0.319455564,0.680544436,0.380175159,0.131490787,0.813752934,0,560,0,0,560,0,0,280,140,280,0,0,560,1,1,1,1,0.331429518,-8.005568493,0.366853062,0.234200072,0.21944887,0.671610282,0.331429518,-8.005568493,0.362478916,0.170696008,0.330854431,-3.758907473,0.331429518,-8.005568493,0.813752934,1.902046825,0,0,0.005816685,0,0,1.162501779,0,0,1.540025215,0,0,0.005816685,0,0,1.115994219,0,0,0.089214065,0,0,0.005816685,0,0,0.000364732,0.001745315,0.001890725,0.000364732,0.001812583,4.24E-05,0.000364732,77.27759667,77.27759667,129.8120363,1,0,0,488.0478363,-71.95216368,0,151.1204349,0,0,60.81557544,60.81557544,132.8289595,0,66.75510844,-213.2448916,137.6739145,-2,0,334.5661186,194.5661186,129.814063,1,0,7.513777684,-272.4862223,140.8809325,-2,0,22.47203332,22.47203332,129.8120363,0,0,0.331057221,-8.43853474,0.349989987,4.364053674,0.004403339,16.54003111,0.000358227,0.004761505,67.90912438,67.90912438,129.8326116,1,0,959.1033694,959.1033694,141.5932226,7,0,1,0,0,0,0,0,0,0,0,0,1,0,0,-2,0.000455268,-0.441543293,1,2.083042989,0,0,0,0,0.237136742,129.8120363,0,0,-275.347829,0,0,129.8326116,283.1864452,0,1
VT,159.1300049,0,0,1,0,0,0.2992,0.7008,0.306682578,0.574058577,0.77062876,1750,0,0,0,0,0,1432,0,0,0,0,477,1750,1,1,1,1,0.301249146,-7.789474007,0.305492654,0.36628671,0.363887045,0.259594618,0.301249146,-7.789474007,0.304803793,0.258642305,0.301003738,-4.912028056,0.301249146,-7.789474007,0.77062876,1.858922651,,,0.007990905,,,1.254951214,,,1.174623782,,,0.007990905,,,1.173930451,,,0.047575224,,,0.007990905,,,0.00046029,0.001718927,0.001312695,0.00046029,0.001781509,2.06E-05,0.00046029,97.52399951,-1652.476,158.0882182,-10,,-1422.793963,480.6689951,480.6689951,,156.2709888,3,,42.22311311,42.22311311,156.0549878,0,84.24466396,84.24466396,155.7234021,1,,328.8305496,328.8305496,156.1269924,2,,3.661126257,3.661126257,155.0894013,0,,28.35961082,-1403.640389,158.0882182,-9,,0.301347937,-8.22013882,0.303395138,4.747221346,0.006118354,18.97767842,0.000452971,0.005149292,85.86979607,85.86979607,155.7477145,1,,1037.214795,560.2147954,160.669095,3,,0,,,,,,,,,,-9.480610204,0.006289029,0,0.94806102,0.002090495,0,1,1.05638018,-8.532549184,,,,,-1422.793963,0,0,155.7234021,0,0,155.7477145,160.669095,-1422.793963,
VTI,377.9899902,0,0,1,0,0,0.3748,0.6252,0.375894988,0.641422594,0.85071984,0,0,0,0,0,0,0,0,0,0,0,0,0,1,1,1,1,0.375352503,-8.320061459,0.375890942,0.216673175,0.440131775,0.108936685,0.375352503,-8.320061459,0.375673537,0.152604948,0.375209162,-2.177155851,0.375352503,-8.320061459,0.85071984,1.939013731,0,0,0.004048642,0,0,1.154279714,0,0,1.074801115,0,0,0.004048642,0,0,1.106334017,0,0,0.236532921,0,0,0.004048642,0,0,0.000272614,0.001871709,0.001427918,0.000272614,0.00190228,0.000121166,0.000272614,57.7600368,57.7600368,369.6194373,0,0,0,523.3917945,523.3917945,0,369.926794,1,0,45.92929576,45.92929576,367.5327119,0,49.89515314,49.89515314,369.6194373,0,0,351.1223354,351.1223354,369.145181,1,0,21.48874799,21.48874799,367.1949191,0,0,16.79640061,16.79640061,369.6194373,0,0,0.375462097,-8.764959418,0.375516437,4.08049979,0.003015541,14.90986594,0.000265524,0.00451082,50.33541414,50.33541414,369.737683,0,0,908.6082175,908.6082175,379.0854036,2,0,1,0,0,0,0,0,0,0,0,0,0,0.000733551,0,0,0.000363879,0,0,0.520327454,0,0,0,0,0.237136742,0,0,0,0,0,0,0,379.0854036,0,1
VTRS,17.60000038,1,1,0,1,1,0.72,0.28,0.60938743,0.886610879,0.034931312,18,0,18,0,18,0,0,0,0,0,0,0,36,1,1,1,1,0.689851065,-10.57190261,0.62684462,-0.221937688,0.72590001,-0.482918661,0.689851065,-10.57190261,0.634129829,-0.165988949,0.691869809,4.542638136,0.689851065,-10.57190261,0.034931312,1.123225203,,,0.292731519,,,0.974539634,,,0.945428351,,,0.292731519,,,0.980896223,,,1.695323532,,,0.292731519,,,0.002612912,0.000177842,0.000133917,0.002612912,0.000334919,0.000101326,0.002612912,553.6111005,535.6111005,16.97672986,32,,152.7905687,49.73041222,31.73041222,,16.79481423,2,,4.307474503,4.307474503,16.79481423,0,478.2287577,478.2287577,16.97672986,28,,61.81932764,61.81932764,16.79481423,4,,17.97016452,17.97016452,17.69891637,1,,160.9880177,160.9880177,16.97672986,9,,0.689996298,-11.07713179,0.654437489,-2.414488709,0.276040094,0.755350264,0.002576637,5.58E-05,488.4535984,488.4535984,16.98146473,29,,11.24944487,11.24944487,16.79481423,1,,1,,,,,,,,,,32,0.001539261,0,28,0.001722021,0.322430644,29,0.091089933,9,,,,0.223260071,543.2553554,0,0,475.348436,0,0,492.462477,0,152.7905687,1
VYLR,377.9899902,0,0,1,0,0,0.3748,0.6252,0.375894988,0.641422594,0.85071984,269,0,1076,0,1076,0,0,0,0,0,0,0,1345,1,1,1,1,0.375352503,-8.320061459,0.375890942,0.216673175,0.440131775,0.108936685,0.375352503,-8.320061459,0.375673537,0.152604948,0.375209162,-2.177155851,0.375352503,-8.320061459,0.85071984,1.939013731,0,0,0.004048642,0,0,1.154279714,0,0,1.074801115,0,0,0.004048642,0,0,1.106334017,0,0,0.236532921,0,0,0.004048642,0,0,0.000272614,0.001871709,0.001427918,0.000272614,0.00190228,0.000121166,0.000272614,57.7600368,57.7600368,369.6194373,0,0,0,523.3917945,523.3917945,0,369.926794,1,0,45.92929576,45.92929576,367.5327119,0,49.89515314,49.89515314,369.6194373,0,0,351.1223354,351.1223354,369.145181,1,0,21.48874799,21.48874799,367.1949191,0,0,16.79640061,16.79640061,369.6194373,0,0,0.375462097,-8.764959418,0.375516437,4.08049979,0.003015541,14.90986594,0.000265524,0.00451082,50.33541414,50.33541414,369.737683,0,0,908.6082175,908.6082175,379.0854036,2,0,1,0,0,0,0,0,0,0,0,0,0,0.000733551,0,0,0.000363879,0,0,0.520327454,0,0,0,0,0.237136742,0,0,0,0,0,0,0,379.0854036,0,1
VZ,45.91999817,0,0,1,0,0,0.0876,0.9124,0.052505967,0.338912134,0.304663054,0,0,138,0,138,0,0,0,0,0,0,0,138,1,1,1,1,0.075462837,-6.172821462,0.05661993,2.260686096,0.091969959,1.660668509,0.075462837,-6.172821462,0.058454117,1.552213247,0.076196309,-15.88620865,0.075462837,-6.172821462,0.304663054,1.392956945,0,0,0.12927017,0,0,2.115426504,0,0,1.733934924,0,0,0.12927017,0,0,1.672715163,0,0,0.005168634,0,0,0.12927017,0,0,0.002559167,0.00091329,0.000593569,0.002559167,0.001080182,7.21E-07,0.002559167,542.2238269,542.2238269,44.41687502,12,0,177.6675001,255.3861721,117.3861721,0,45.55375256,3,0,19.09226208,19.09226208,45.40883854,0,468.3920299,468.3920299,44.41687502,11,0,199.3797553,199.3797553,45.40895678,4,0,0.127783182,0.127783182,44.76549588,0,0,157.6766415,157.6766415,44.41687502,4,0,0.075517733,-6.560038411,0.06399495,3.977216721,0.113700717,3.736555174,0.002570729,0.000481452,487.3335316,487.3335316,44.43465669,11,0,96.97824867,96.97824867,45.90597957,2,0,1,0,0,0,0,0,0,0,0,0,7.144448401,0.239564139,0,6.549077701,0.150585373,0,7.396486616,0.494320401,2.3814828,0,0,0,-25.58357105,310.9181251,0,0,310.9181251,0,0,311.0425968,0,88.83375004,1
WAB,287.5400085,0,0,1,0,0,0.4108,0.5892,0.421638823,0.360669456,0.580183225,0,0,0,0,0,0,0,0,0,0,0,0,0,1,1,1,1,0.413272422,-8.591571872,0.41957224,0.136523664,0.39461005,0.1962864,0.413272422,-8.591571872,0.418814775,0.096910559,0.413130276,-0.949635438,0.413272422,-8.591571872,0.580183225,1.668477116,0,0,0.012300409,0,0,1.072388074,0,0,1.105702884,0,0,0.012300409,0,0,1.050860771,0,0,0.615002396,0,0,0.012300409,0,0,0.000474921,0.000953172,0.000793314,0.000474921,0.001157985,0.00017441,0.000474921,100.6239895,100.6239895,277.83948,0,0,0,266.5385566,266.5385566,0,276.4207565,1,0,25.51711304,25.51711304,277.8399933,0,86.92254441,86.92254441,277.83948,0,0,213.7406723,213.7406723,275.8478106,1,0,30.931592,30.931592,275.8478106,0,0,29.26107619,29.26107619,277.83948,0,0,0.413226574,-9.042569869,0.416678221,3.513464797,0.00976458,6.041077229,0.000463594,0.001240161,87.88366785,87.88366785,277.8470793,0,0,249.8038926,249.8038926,286.9590852,1,0,1,0,0,0,0,0,0,0,0,0,0,0.00029123,0,0,0.000146745,0,0,0.192881795,0,0,0,0,0,0,0,0,0,0,0,0,0,0,1
WAT,425.2099915,0,0,1,0,0,0.5216,0.4784,0.41646778,0.917573222,0.473081238,0,0,0,0,0,0,0,0,0,0,0,0,0,1,1,1,1,0.491858931,-9.154259129,0.432336954,0.114191099,0.561885482,-0.112691616,0.491858931,-9.154259129,0.438960058,0.072225856,0.493767962,1.278224495,0.491858931,-9.154259129,0.473081238,1.561375129,0,0,0.016927173,0,0,1.052196387,0,0,0.951028112,0,0,0.016927173,0,0,1.032704875,0,0,1.767444218,0,0,0.016927173,0,0,0.000511266,0.000717192,0.000519836,0.000511266,0.000935022,0.000386068,0.000511266,108.324481,108.324481,406.7781298,0,0,0,200.5506481,200.5506481,0,401.2761085,0,0,16.72065017,16.72065017,401.1429789,0,93.57450009,93.57450009,406.7781298,0,0,172.5860999,172.5860999,401.1429789,0,0,68.4691471,68.4691471,416.3974114,0,0,31.50035006,31.50035006,406.7781298,0,0,0.492056331,-9.622055297,0.457863732,2.810442576,0.013742396,3.498170993,0.00049672,0.000605128,94.1632098,94.1632098,407.1618347,0,0,121.8900194,121.8900194,420.8973487,0,0,1,0,0,0,0,0,0,0,0,0,0,0,0,0,0,0,0,0,0,0,0,0,0,0,0,0,0,0,0,0,0,0,1
WBD,30.94000053,1,1,0,1,1,0.9564,0.0436,0.673826571,0.728870293,0.262178475,0,0,0,0,0,0,0,0,0,0,0,0,0,1,1,1,1,0.867606731,-11.84465095,0.711470113,-0.408272591,0.767548285,-0.621061356,0.867606731,-11.84465095,0.728340989,-0.318631163,0.873652665,4.77588352,0.867606731,-11.84465095,0.262178475,1.350472366,0,0,0.028473602,0,0,0.884557898,0,0,0.829775052,0,0,0.028473602,0,0,0.908705568,0,0,4.199373599,0,0,0.028473602,0,0,0.000502638,0.000337377,0.000250176,0.000502638,0.000535387,0.000518226,0.000502638,106.4965455,106.4965455,29.57916724,4,0,29.57916724,94.34182767,94.34182767,0,29.22961839,3,0,8.046959264,8.046959264,29.22961839,0,91.99546506,91.99546506,29.57916724,3,0,98.82168471,98.82168471,29.22961839,3,0,91.90734021,91.90734021,31.40259785,3,0,30.96879332,30.96879332,29.57916724,1,0,0.867592346,-12.38265809,0.776307362,-7.206135209,0.024223683,0.114736709,0.000482213,1.36E-05,91.41318634,91.41318634,29.58244401,3,0,2.749095158,2.749095158,29.47995413,0,0,1,0,0,0,0,0,0,0,0,0,4,0.00781343,0,3,0.004759023,1.069174846,3,0,1,0,0,0,0.245622205,118.316669,0,0,88.73750172,0,31.40259785,88.74733203,0,29.57916724,1
WDAY,186.1399994,0,0,1,0,0,0.3696,0.6304,0.243436754,0.917573222,0.37818771,0,0,0,0,0,0,0,0,0,0,0,0,0,1,1,1,1,0.328629589,-7.985520723,0.259507639,0.488049026,0.386905846,0.211757857,0.328629589,-7.985520723,0.266549006,0.328727866,0.331175773,-3.746882009,0.328629589,-7.985520723,0.37818771,1.466481601,0,0,0.047010473,0,0,1.205455386,0,0,1.084452116,0,0,0.047010473,0,0,1.134121955,0,0,0.238221596,0,0,0.047010473,0,0,0.001125832,0.000639352,0.000458393,0.001125832,0.000852861,4.07E-05,0.001125832,238.5357586,238.5357586,176.1564597,1,0,0,178.7839878,178.7839878,0,178.9427238,1,0,14.74431389,14.74431389,176.5537146,0,206.0555856,206.0555856,176.1564597,1,0,157.4208116,157.4208116,178.1879061,1,0,7.210750878,7.210750878,175.1042557,0,0,69.36529794,69.36529794,176.1564597,0,0,0.328825472,-8.422128927,0.287404113,4.838689376,0.039773781,6.376184972,0.001111,0.000938194,210.6124908,210.6124908,176.2179274,1,0,188.9791581,188.9791581,188.3649063,1,0,1,0,0,0,0,0,0,0,0,0,0.996383457,0.003721748,0,0.996383457,0.001688469,0,1,0.365826795,0,0,0,0,0,176.1564597,0,0,176.1564597,0,0,176.2179274,0,0,1
WDC,415.2900085,0,0,1,0,0,0.1608,0.8392,0.11893397,0.126778243,0.721981805,0,0,2907,0,2907,0,0,0,415,831,0,0,2907,1,1,1,1,0.148077359,-6.692748697,0.124749689,1.163202993,0.133027228,1.181538597,0.148077359,-6.692748697,0.127332198,0.801637223,0.148956414,-11.89183903,0.148077359,-6.692748697,0.721981805,1.810275696,0,0,0.018835596,0,0,1.994386982,0,0,2.01620801,0,0,0.018835596,0,0,1.609228673,0,0,0.000860877,0,0,0.018835596,0,0,0.000983537,0.002456756,0.002021074,0.000983537,0.002257688,3.37E-07,0.000983537,208.3870971,208.3870971,375.6318106,1,0,0,686.9905865,-2220.009414,0,463.3123219,-5,0,65.00829005,65.00829005,398.9317413,0,180.0121104,180.0121104,375.6318106,0,0,416.7235609,1.723560909,393.9218318,0,0,0.059684075,-830.9403159,402.7790844,-2,0,60.598181,60.598181,375.6318106,0,0,0.14807466,-7.09341163,0.134590464,4.680952809,0.014849458,16.08758575,0.000985842,0.004076378,186.8863049,186.8863049,375.7203443,0,0,821.099162,821.099162,430.3390683,2,0,1,0,0,0,0,0,0,0,0,0,0.69988883,-0.105706344,0,0,0,-2,0,0.684728725,0,0,0,0,-43.82203872,375.6318106,0,0,0,0,-805.5581688,0,430.3390683,0,1
WEC,101.5899963,0,0,1,0,0,0.126,0.874,0.225536993,0.030543933,0.511681208,102,102,0,0,102,0,0,0,102,0,0,0,204,1,1,1,1,0.140210268,-6.63641954,0.196271728,0.715425455,0.064070676,2.228450499,0.140210268,-6.63641954,0.187577143,0.530950445,0.139390542,-12.39280406,0.140210268,-6.63641954,0.511681208,1.599975099,0,0,0.044199669,0,0,1.399676902,0,0,2.850074518,0,0,0.044199669,0,0,1.283435379,0,0,0.00295437,0,0,0.044199669,0,0,0.001461285,0.001051964,0.001721924,0.001461285,0.001249173,7.10E-07,0.001461285,309.6099785,207.6099785,99.32217535,2,0,99.32217535,294.164006,192.164006,0,99.99468343,2,0,55.38606152,55.38606152,100.7888183,1,267.4519988,267.4519988,99.32217535,3,0,230.572124,128.572124,99.81450701,1,0,0.125993295,0.125993295,99.56026886,0,0,90.0334127,90.0334127,99.32217535,1,0,0.139834626,-7.032838322,0.166154184,4.866617053,0.036686366,9.847837979,0.001466052,0.001814336,277.9196838,277.9196838,99.33197105,3,0,365.4591368,365.4591368,101.9372932,4,0,1,0,0,0,0,0,0,0,0,0,1.37631451,0.015994799,0.077593619,2.064471765,0.004404818,0,2.318475697,1.480247596,0.688157255,0,0,0,0,99.32217535,0,0,198.6443507,0,0,198.6639421,101.9372932,99.32217535,1
WFC,80.44999695,0,0,1,0,0,0.0728,0.9272,0.11734288,0.369037657,0.435462039,0,0,0,0,0,0,0,0,0,0,0,80,0,1,1,1,1,0.080317447,-6.207580953,0.10585417,1.356022541,0.122825672,1.276886107,0.080317447,-6.207580953,0.101622358,0.988861452,0.079674145,-15.68564504,0.080317447,-6.207580953,0.435462039,1.52375593,,,0.073204502,,,1.770261472,,,1.712230167,,,0.073204502,,,1.516624254,,,0.001351618,,,0.073204502,,,0.002020219,0.001094455,0.000846855,0.002020219,0.001277503,2.68E-07,0.002020219,428.0342237,428.0342237,75.99870792,6,0,151.9974158,306.0459917,306.0459917,,78.99269528,4,0,27.23926422,27.23926422,78.93167481,0,369.7510307,369.7510307,75.99870792,5,,235.8012921,235.8012921,78.75867957,3,,0.047569125,0.047569125,77.68890359,0,,124.4707361,124.4707361,75.99870792,2,0,0.080351401,-6.595571186,0.092194357,4.306146114,0.062168215,6.132823654,0.002032728,0.000996167,385.3447003,385.3447003,76.01190512,5,,200.6564875,120.6564875,80.73934195,1,,1,0.015365883,0.016978618,0.026548432,0.0146653,0.015365883,2.235837189,0.015770691,0.011954942,0.015365883,3.612568246,0.114924821,0,3.010473538,0.045836577,0,3.398559318,0.289732724,1.204189415,0.164043407,0.164043407,0.000118794,0,303.9948317,0,0,227.9961238,0,0,228.0357154,0,75.99870792,1
WING,106.8899994,1,1,0,1,1,0.3792,0.6208,0.496420048,0.064853556,0.559866646,107,641,534,0,1175,0,0,855,641,0,428,321,1282,1,1,1,1,0.398479539,-8.485653348,0.466787447,0.055462633,0.143433228,1.095437325,0.398479539,-8.485653348,0.459351095,0.04779638,0.398351657,-1.414344232,0.398479539,-8.485653348,0.559866646,1.648160537,,,0.014408454,,,1.028100012,,,1.728659129,,,0.014408454,,,1.024169389,,,0.493273737,,,0.014408454,,,0.000531651,0.000870095,0.001179508,0.000531651,0.001088367,0.000133305,0.000531651,112.6436579,5.643657916,99.47301117,0,,0,243.3072982,-931.6927018,,115.8818584,-8,,37.93913386,37.93913386,102.6159248,0,97.30555715,-757.6944428,104.9407092,-7,,200.8905896,-440.1094104,115.8818584,-4,,23.64160002,23.64160002,98.53255481,0,,32.75635039,32.75635039,99.47301117,0,,0.397007482,-8.923341701,0.434377323,3.227974834,0.011578151,5.017287195,0.0005227,0.000997933,99.08842048,-328.9115795,104.9407092,-3,,201.0122538,-119.9877462,115.8818584,-1,,1,,,,,,,,,,0,-0.000384513,0,-7,-0.000142781,0,-3,-0.162809711,0,,,,-16.5683178,0,0,0,-734.5849644,0,0,-314.8221276,0,0,1
WIT,1.720000029,1,1,0,1,1,0.4544,0.5456,0.431980907,0.120083682,0.069518709,0,15,0,0,15,0,0,0,14,0,0,0,15,0,0,0,0,0.4464889,-8.829405172,0.434418201,0.11058491,0.226676122,0.642991667,0.4464889,-8.829405172,0.437028908,0.07456533,0.447864088,0.073767724,0.4464889,-8.829405172,0.069518709,1.1578126,,,0.274228075,,,1.016336289,,,1.098800576,,,0.274228075,,,1.010986156,,,1.010868004,,,0.274228075,,,0,0,0,0,0,0,0,0,0,1.697280043,0,,0,0,-15,,1.815253549,-8,,0,0,1.710769847,0,0,0,1.697280043,0,,0,-14,1.815253549,-8,,0,0,1.691887489,0,,0,0,1.697280043,0,,0.445640936,-9.280851082,0.440874899,3.116878896,0.256674473,1.578893314,0,0,0,0,1.697845231,0,,0,0,1.743368612,0,,0,,,,,,,,,,0,-0.001528628,0,0,-0.000694999,0,0,0,0,,,,0.002179878,0,0,0,0,0,0,0,0,0,1
WK,71.23000336,0,0,1,0,0,0.4768,0.5232,0.488464598,0.749372385,0.530964355,0,0,0,0,0,0,0,214,214,0,142,0,0,1,1,1,1,0.47990238,-9.06864903,0.486546097,0.022404843,0.552344264,-0.095001855,0.47990238,-9.06864903,0.485518088,0.016954506,0.479560051,0.923441059,0.47990238,-9.06864903,0.530964355,1.619258246,0,0,0.012641121,0,0,1.010856935,0,0,0.955244577,0,0,0.012641121,0,0,1.00820501,0,0,1.560598183,0,0,0.012641121,0,0,0.000436876,0.000797039,0.000606184,0.000436876,0.001016723,0.000393383,0.000436876,92.5631149,92.5631149,66.50462692,1,0,0,222.878516,222.878516,0,65.80973068,3,0,19.49802904,19.49802904,65.80973068,0,79.95927719,-134.0407228,70.76655908,-2,0,187.6665596,-26.33344041,76.4026773,0,0,69.76644317,69.76644317,68.75855337,1,0,26.91700431,26.91700431,66.50462692,0,0,0.480020645,-9.533579767,0.483304494,2.308376863,0.010103413,3.042149004,0.00042413,0.000578075,80.40243512,-61.59756488,70.76655908,-1,0,116.4408907,116.4408907,70.08885967,2,0,1,0,0,0,0,0,0,0,0,0,1,2.35E-05,0,-2,0,0.013324115,-1,0.166518867,0,0,0,0,0,66.50462692,0,0,-141.5331182,0,0,-70.76655908,0,0,0
WM,204.4499969,0,0,1,0,0,0.0332,0.9668,0.076770088,0.018828452,0.783338659,409,613,0,0,613,0,204,818,818,0,204,204,1022,1,1,1,1,0.03844035,-5.907736748,0.061991291,2.112991457,0.03052124,3.662961182,0.03844035,-5.907736748,0.057572411,1.569770894,0.038027255,-18.15096783,0.03844035,-5.907736748,0.783338659,1.87163255,,,0.024648609,,,3.760103334,,,9.934212659,,,0.024648609,,,2.675001059,,,1.15E-05,,,0.024648609,,,0.001456064,0.005292616,0.00994158,0.001456064,0.004142206,5.10E-09,0.001456064,308.5038061,-100.4961939,203.7741722,0,,-203.7741722,1479.991042,866.991042,,202.5457684,4,,319.7730875,319.7730875,203.7436417,2,266.4964481,-551.5035519,203.7741722,-3,,764.5675321,-53.43246788,209.9363678,0,,0.000905339,0.000905339,200.5344585,0,,89.71174195,-114.2882581,203.7741722,-1,,0.038404302,-6.287213862,0.048333855,3.767063228,0.019430811,10.60405991,0.001479418,0.002928287,280.4535047,76.45350471,198.5847949,0,,589.8407614,385.8407614,204.1128896,2,,0,,,,,,,,,,0,0.279045806,0.419290144,-1.636000945,0,0,0,0.443461418,-0.545333648,,,,-0.686245064,0,0,0,-407.5483444,0,0,0,0,-203.7741722,1
WMB,70.54000092,1,1,0,0,0,0.3328,0.6672,0.38902148,0.175732218,0.598541881,0,0,0,0,0,0,0,0,0,0,0,0,0,1,1,1,1,0.344309145,-8.097787906,0.377068853,0.214416741,0.261937514,0.520101671,0.344309145,-8.097787906,0.372904109,0.156353568,0.343657253,-3.286182851,0.344309145,-8.097787906,0.598541881,1.686835772,0,0,0.014494813,0,0,1.118634502,0,0,1.312504931,0,0,0.014494813,0,0,1.085184652,0,0,0.179389596,0,0,0.014494813,0,0,0.000582779,0.001038778,0.000984902,0.000582779,0.001235189,5.31E-05,0.000582779,123.4764797,123.4764797,68.09859591,2,0,68.09859591,290.4766449,290.4766449,0,68.16163603,4,0,31.67958508,31.67958508,68.88344088,0,106.66333,106.66333,68.09859591,2,0,227.9908683,227.9908683,67.9541745,3,0,9.419406004,9.419406004,67.38660596,0,0,35.90649408,35.90649408,68.09859591,1,0,0.344060255,-8.534121337,0.361436719,4.243347313,0.01153807,9.194937154,0.000572998,0.001941678,108.6233292,108.6233292,68.1061507,2,0,391.1096028,391.1096028,70.6227937,6,0,1,0,0,0,0,0,0,0,0,0,2,0.002873409,0,2,0.001145927,0,2,1.688062164,1,0,0,0,12.70184108,136.1971918,0,0,136.1971918,0,0,136.2123014,141.2455874,68.09859591,1
WMS,127.2699966,0,0,1,0,0,0.184,0.816,0.256563246,0.168200837,0.641131963,0,0,0,0,0,0,0,0,0,509,0,0,0,1,1,1,1,0.197523022,-7.046784587,0.239522041,0.550418573,0.195309325,0.778341935,0.197523022,-7.046784587,0.233226932,0.401815589,0.196488816,-9.511126062,0.197523022,-7.046784587,0.641131963,1.729425854,0,0,0.021064746,0,0,1.351903369,0,0,1.531683598,0,0,0.021064746,0,0,1.246214244,0,0,0.005461156,0,0,0.021064746,0,0,0.000928811,0.001387099,0.001273094,0.000928811,0.001527167,1.78E-06,0.000928811,196.7920752,196.7920752,121.6910737,2,0,0,387.8788223,387.8788223,0,123.0460554,3,0,40.94935793,40.94935793,123.4901092,0,169.9959223,169.9959223,121.6910737,1,0,281.8840714,281.8840714,122.8974897,2,0,0.316316945,-508.6836831,126.3157776,-4,0,57.22639239,57.22639239,121.6910737,0,0,0.19748016,-7.456596404,0.218071757,4.998641266,0.016829112,15.45918128,0.000925964,0.003481463,175.5352542,175.5352542,121.7151826,1,0,701.2663145,701.2663145,128.6037131,5,0,1,0,0,0,0,0,0,0,0,0,1.551786657,0.014201278,0,0.775893328,0.005045493,-4,0.868762968,1.952063633,0,0,0,0,0,243.3821473,0,0,121.6910737,0,-505.2631103,121.7151826,257.2074263,0,0
WMT,104.2600021,1,1,0,1,1,0.1226,0.8774,0.086316627,0.017364017,0.851772928,0,6047,0,0,6047,0,0,0,313,2606,0,0,6047,1,1,1,1,0.110136492,-6.421088299,0.090668531,1.554529568,0.037308377,3.247060678,0.110136492,-6.421088299,0.093164468,1.067449489,0.111358195,-13.9030176,0.110136492,-6.421088299,0.851772928,1.940066819,,,0.014187427,,,2.801686592,,,8.601184237,,,0.014187427,,,2.028755811,,,9.97E-05,,,0.014187427,,,0.000957226,0.004552922,0.00994158,0.000957226,0.003493945,5.12E-08,0.000957226,202.812379,202.812379,101.074984,2,,101.074984,1273.147871,-4773.852129,,107.4632609,-44,,319.7730875,319.7730875,103.8116739,3,175.1964726,175.1964726,101.074984,2,,644.9115543,331.9115543,102.806988,3,,0.009072498,-2605.990928,104.0040335,-25,,58.97707401,58.97707401,101.074984,1,,0.109735489,-6.811576555,0.099138237,4.377381148,0.010952534,18.19212135,0.000966545,0.005511548,183.2281912,183.2281912,101.141157,2,,1110.183592,1110.183592,104.3902889,11,,1,0.005665384,0.006332606,0.009416583,0.005445857,0.005665384,0.390540405,0.005724762,0.004182523,0.005665384,1.288449217,-1.661386497,0.494222018,1.288449217,0.053411644,-25,1.449924224,3.293376919,0.644224608,-0.192404422,0.192404422,0.000263679,0.355311002,101.074984,-214.9265218,0,101.074984,0,-2600.100839,101.141157,313.1708668,101.074984,1
WPM,136.2799988,0,0,1,0,0,0.2204,0.7796,0.140015911,0.450627615,0.665802207,0,0,0,0,0,0,0,0,136,136,0,0,0,1,1,1,1,0.193608063,-7.018753089,0.149917936,0.96774327,0.219542226,0.671231813,0.193608063,-7.018753089,0.15430628,0.659989491,0.19527165,-9.569834246,0.193608063,-7.018753089,0.665802207,1.754096098,,,0.01936643,,,1.722586417,,,1.458197651,,,0.01936643,,,1.449014287,,,0.004617954,,,0.01936643,,,0.000899887,0.001870487,0.001284484,0.000899887,0.001851741,1.59E-06,0.000899887,190.6637036,190.6637036,128.4478719,1,,0,523.0501481,523.0501481,,132.8092774,4,,41.31571893,41.31571893,132.199567,0,164.7020192,164.7020192,128.4478719,1,,341.7938763,205.7938763,132.3155118,2,,0.282808679,-135.7171913,133.5983955,-1,,55.44428508,55.44428508,128.4478719,0,,0.193716294,-7.428927851,0.167360068,4.872129661,0.0153796,15.45466956,0.00089694,0.003610024,170.0331736,170.0331736,128.5306213,1,,727.1620762,727.1620762,138.719039,5,,1,,,,,,,,,,0.769732733,0.05853294,0,0.769732733,0.013612067,-1,0.862327641,1.854503706,0,,,,-0.00456788,128.4478719,0,0,128.4478719,0,-133.5983955,128.5306213,277.438078,0,1
WRB,68.98000336,0,0,1,0,0,0.3856,0.6144,0.375099443,0.210878661,0.784370139,0,0,0,0,0,0,0,0,0,0,0,0,0,1,1,1,1,0.382418877,-8.370657403,0.376570247,0.215371126,0.295926038,0.421338758,0.382418877,-8.370657403,0.377596568,0.150016324,0.382855855,-1.920369629,0.382418877,-8.370657403,0.784370139,1.87266403,0,0,0.005240006,0,0,1.144669178,0,0,1.302560496,0,0,0.005240006,0,0,1.098685589,0,0,0.299761838,0,0,0.005240006,0,0,0.000310174,0.00161476,0.001500296,0.000310174,0.001704079,0.000133895,0.000310174,65.71817375,65.71817375,67.2179797,1,0,0,451.5404389,451.5404389,0,67.23194821,7,0,48.25734404,48.25734404,67.55242057,1,56.76967199,56.76967199,67.2179797,1,0,314.5384936,314.5384936,67.11495004,5,0,23.74631235,23.74631235,66.78434566,0,0,19.11059678,19.11059678,67.2179797,0,0,0.382202713,-8.814510361,0.379503218,4.031507177,0.003966429,12.54364966,0.00030268,0.003468829,57.37902407,57.37902407,67.22246615,1,0,698.7213795,698.7213795,68.9748755,10,0,1,0,0,0,0,0,0,0,0,0,1,0.005073329,0.002773849,1,0.001758195,0,1,2.539539081,0,0,0,0,0,67.2179797,0,0,67.2179797,0,0,67.22246615,206.9246265,0,1
WSM,232.3000031,0,0,1,0,0,0.538,0.462,0.557677009,0.658577406,0.77154946,0,0,0,0,0,0,0,0,0,0,0,0,0,1,1,1,1,0.542830958,-9.51922394,0.554158762,-0.090943515,0.582470764,-0.151552386,0.542830958,-9.51922394,0.5525897,-0.0620456,0.542411506,2.370602029,0.542830958,-9.51922394,0.77154946,1.859843351,0,0,0.002721411,0,0,0.94513288,0,0,0.910249007,0,0,0.002721411,0,0,0.962232845,0,0,4.353326302,0,0,0.002721411,0,0,0.000157046,0.001297131,0.001019311,0.000157046,0.001462388,0.001892649,0.000157046,33.27404385,33.27404385,219.5650817,0,0,0,362.7208675,362.7208675,0,218.4410873,2,0,32.78637241,32.78637241,218.4410873,0,28.74329044,28.74329044,219.5650817,0,0,269.9272312,269.9272312,218.4410873,1,0,335.6612986,335.6612986,229.0097369,1,0,9.675966314,9.675966314,219.5650817,0,0,0.542892322,-9.995755747,0.548773138,0.77830488,0.00202479,1.62081994,0.00015021,0.000440346,28.47540231,28.47540231,219.7470253,0,0,88.69831358,88.69831358,224.5358156,0,0,1,0,0,0,0,0,0,0,0,0,0,0.00025846,0,0,6.02E-05,0.087808656,0,0,0,0,0,0,0,0,0,0,0,0,0,0,0,0,1
WST,364.980011,0,0,1,0,0,0.5224,0.4776,0.402147971,0.810460251,0.650407113,0,0,0,0,0,0,0,0,0,0,0,0,0,1,1,1,1,0.48735333,-9.121998582,0.419678798,0.136335584,0.538368075,-0.069369162,0.48735333,-9.121998582,0.427124409,0.086649408,0.489628281,1.17652037,0.48735333,-9.121998582,0.650407113,1.738701004,0,0,0.006436781,0,0,1.078328796,0,0,0.962356091,0,0,0.006436781,0,0,1.049096277,0,0,1.917032581,0,0,0.006436781,0,0,0.000289493,0.001130335,0.00081762,0.000289493,0.001306132,0.000639406,0.000289493,61.33630878,61.33630878,350.3909743,0,0,0,316.0790963,316.0790963,0,349.2728472,1,0,26.29892287,26.29892287,348.6393182,0,52.98446277,52.98446277,350.3909743,0,0,241.0855697,241.0855697,348.6393182,1,0,113.3986719,113.3986719,358.2000259,0,0,17.836367,17.836367,350.3909743,0,0,0.487532626,-9.588801088,0.448410189,2.9838104,0.004972001,5.209374377,0.000279649,0.001189476,53.01305648,53.01305648,350.4143917,0,0,239.5945388,239.5945388,362.300135,1,0,1,0,0,0,0,0,0,0,0,0,0,0.000290428,0,0,0.000117314,0,0,0.13911132,0,0,0,0,0,0,0,0,0,0,0,0,0,0,1
WTW,288.6099854,0,0,1,0,0,0.032,0.968,0.038186158,0.290376569,0.497230371,0,0,0,0,0,0,0,0,0,0,0,0,0,1,1,1,1,0.033366399,-5.871406756,0.036948933,3.020674766,0.050632345,2.649601128,0.033366399,-5.871406756,0.036414952,2.142714968,0.03324307,-18.44305706,0.033366399,-5.871406756,0.497230371,1.585524262,0,0,0.066788783,0,0,4.023992885,0,0,3.391394573,0,0,0.066788783,0,0,2.684809353,0,0,0.000203329,0,0,0.066788783,0,0,0.002135187,0.00291652,0.001974153,0.002135187,0.002543872,4.72E-08,0.002135187,452.3930275,452.3930275,278.072826,2,0,0,815.5557861,815.5557861,0,287.054978,3,0,63.49905034,63.49905034,286.629558,0,390.793023,390.793023,278.072826,1,0,469.547268,469.547268,286.2495929,2,0,0.008367154,0.008367154,282.538528,0,0,131.5541842,131.5541842,278.072826,0,0,0.033385511,-6.250320227,0.035171372,3.575262595,0.056086111,5.196018083,0.002159251,0.000935144,409.329645,409.329645,278.1815073,1,0,188.364809,188.364809,287.8983276,1,0,1,0,0,0,0,0,0,0,0,0,1.077294291,0.427709815,0,0.538647145,0.143475857,0,0.610414109,0.199726604,0,0,0,0,0,278.072826,0,0,278.072826,0,0,278.1815073,0,0,1
WYNN,75.87999725,0,0,1,0,0,0.0076,0.9924,0.054892601,0.070292887,0.20055238,0,0,152,0,152,0,0,304,0,0,0,455,152,1,1,1,1,0.009629023,-5.701444768,0.02598941,3.701830733,0.018737328,4.698671291,0.009629023,-5.701444768,0.021311426,2.877129013,0.009439212,-19.92357623,0.009629023,-5.701444768,0.20055238,1.288846271,0,0,0.235339271,0,0,2.558267131,0,0,3.294570735,0,0,0.235339271,0,0,2.075213759,0,0,0.006373817,0,0,0.235339271,0,0,0.00349488,0.000809425,0.000820195,0.00349488,0.001064749,6.55E-07,0.00349488,740.4781538,740.4781538,72.13548955,10,0,216.4064687,226.3420774,74.34207744,0,75.61029705,1,0,26.38174256,26.38174256,76.3242099,0,639.6510967,335.6510967,72.13548955,5,0,196.5310988,196.5310988,75.28336804,3,0,0.116077348,0.116077348,73.15427684,0,0,215.3282512,215.3282512,72.13548955,3,0,0.009631635,-6.075703115,0.014525562,3.246496738,0.214018204,2.279122009,0.003516168,0.000240317,666.5605692,666.5605692,72.21701986,9,0,48.40681819,-406.5931818,80.29136948,-5,0,1,0,0,0,0,0,0,0,0,0,5.079136319,0.214117981,0,2.53956816,0.38802522,0,5.191054923,-0.823417271,1.523740896,0,0,0,0,360.6774478,0,0,216.4064687,0,0,361.0850993,-80.29136948,144.2709791,1
XEL,71.40000153,1,1,0,0,0,0.1696,0.8304,0.253381066,0.093723849,0.511523182,0,0,0,0,0,0,0,0,0,0,0,0,0,1,1,1,1,0.184098057,-6.9506605,0.232371884,0.574550035,0.143655135,1.093708568,0.184098057,-6.9506605,0.225084482,0.421966056,0.18306943,-10.16493988,0.184098057,-6.9506605,0.511523182,1.599817073,0,0,0.038157195,0,0,1.309931584,0,0,1.671835201,0,0,0.038157195,0,0,1.219300498,0,0,0.008426309,0,0,0.038157195,0,0,0.001261054,0.000984124,0.00100966,0.001261054,0.001186403,2.03E-06,0.001261054,267.1859449,267.1859449,69.4912226,4,0,69.4912226,275.1938475,275.1938475,0,70.03667595,4,0,32.47594956,32.47594956,70.31648007,0,230.8046251,230.8046251,69.4912226,3,0,218.9860915,218.9860915,69.9116668,3,0,0.359212317,0.359212317,69.68105801,0,0,77.69666392,77.69666392,69.4912226,1,0,0.183952416,-7.357152609,0.207375243,4.989077314,0.031522704,10.42611809,0.001259191,0.001920387,238.7051245,238.7051245,69.49203796,3,0,386.8208419,386.8208419,71.62126331,5,0,1,0,0,0,0,0,0,0,0,0,3.019480087,0.020631734,0,2.264610065,0.008346345,0,2.53723568,1.944600972,0.754870022,0,0,0,0.001924983,208.4736678,0,0,138.9824452,0,0,208.4761139,143.2425266,69.4912226,1
XOM,164.0099945,0,0,1,0,0,0.6088,0.3912,0.6141607,0.745606695,0.518564171,0,164,328,0,492,0,0,0,0,328,0,0,492,1,1,1,1,0.610298835,-10.00230069,0.613328881,-0.196244883,0.653164762,-0.296891445,0.610298835,-10.00230069,0.612833424,-0.13729965,0.610115733,3.575932293,0.610298835,-10.00230069,0.518564171,1.606858062,0,0,0.008704643,0,0,0.911125007,0,0,0.868654428,0,0,0.008704643,0,0,0.936956351,0,0,5.452072864,0,0,0.008704643,0,0,0.000292393,0.000696643,0.000534132,0.000292393,0.000923609,0.001333364,0.000292393,61.95078534,61.95078534,158.7605072,0,0,0,194.8043883,-297.1956117,0,169.6620715,-2,0,17.18046465,17.18046465,157.6838303,0,53.51526926,53.51526926,158.7605072,0,0,170.4794894,170.4794894,157.6838303,1,0,236.4721909,-91.52780915,170.3221404,-1,0,18.01505446,18.01505446,158.7605072,0,0,0.610375366,-10.49183035,0.611831893,-1.019636014,0.006901108,0.616563635,0.00028069,0.000114859,53.21041266,53.21041266,158.8690701,0,0,23.13593287,23.13593287,157.6838303,0,0,1,0,0,0,0,0,0,0,0,0,0,-0.001203502,0,0,0.00029455,-0.199801434,0,0,0,0,0,0,0,0,0,0,0,0,0,0,0,0,1
XPEV,9.25,0,0,1,0,0,0.034914361,0.965085639,0.152088773,0.117897727,0.225356002,0,0,0,0,0,0,0,0,0,0,0,56,0,1,1,1,1,0.043011875,-5.940469329,0.095038064,1.492436437,0.069589833,2.089978382,0.043011875,-5.940469329,0.082211081,1.187073271,0.042276559,-17.89307018,0.043011875,-5.940469329,0.225356002,1.313649893,,,0.197776808,,,1.502530595,,,1.768560315,,,0.197776808,,,1.382432731,,,0.007586397,,,0.197776808,,,0.003151757,0.00051307,0.00047608,0.003151757,0.000750482,8.40E-07,0.003151757,667.7791001,667.7791001,8.555896627,78,,196.7856224,143.4713123,143.4713123,,8.980940516,16,,15.31321676,15.31321676,9.059668398,2,576.8510948,576.8510948,8.555896627,67,,138.5237717,138.5237717,8.940002795,15,,0.148921907,0.148921907,8.719578724,0,,194.1876409,194.1876409,8.555896627,23,,0.043018522,-6.321133457,0.060857654,3.936689522,0.17826842,2.926965053,0.00316754,0.00032419,600.4711658,600.4711658,8.558235291,70,,65.30115514,9.301155143,9.367297715,1,,1,,,,,,,,,,43.00868307,0.55684163,0.136500301,36.94335597,0.330267879,0,43.70267144,0.242148819,12.68204757,,,,0.016050595,367.9035549,8.980940516,0,316.5681752,0,0,376.5623528,0,111.2266561,1
XYL,101.7900009,0,0,1,0,0,0.0636,0.9364,0.134049324,0.089958159,0.424441191,0,0,0,0,0,0,0,0,0,0,0,102,0,1,1,1,1,0.072942283,-6.154774039,0.111836449,1.289494766,0.087543127,1.732316648,0.072942283,-6.154774039,0.104669928,0.962971725,0.072157561,-16.12033383,0.072942283,-6.154774039,0.424441191,1.512735082,0,0,0.078270859,0,0,1.705309814,0,0,2.048359722,0,0,0.078270859,0,0,1.48972659,0,0,0.001265209,0,0,0.078270859,0,0,0.002102776,0.001024119,0.000983394,0.002102776,0.001228164,2.44E-07,0.002102776,445.5259185,445.5259185,98.53543562,5,0,98.53543562,286.3777659,286.3777659,0,100.299475,3,0,31.63108448,31.63108448,100.5905937,0,384.8609724,384.8609724,98.53543562,4,0,226.6942093,226.6942093,100.0272651,2,0,0.043274178,0.043274178,99.44387268,0,0,129.5572548,129.5572548,98.53543562,1,0,0.072938411,-6.541077551,0.089660881,4.279195572,0.066704797,5.878147974,0.002116945,0.000937079,401.3096333,401.3096333,98.53765142,4,0,188.7545846,86.75458461,101.8582282,1,0,1,0,0,0,0,0,0,0,0,0,2.959472147,0.077943598,0,2.367577717,0.028978579,0,2.67410597,0.286117418,0.591894429,0,0,0,0,295.6063069,0,0,197.0708712,0,0,295.6129543,0,98.53543562,1
XYZ,74.33000183,0,0,1,0,0,0.1892,0.8108,0.278440732,0.437238494,0.612570746,0,0,0,0,0,0,74,0,0,0,0,372,0,1,1,1,1,0.205389306,-7.103107971,0.25689526,0.495815484,0.272105731,0.488862428,0.205389306,-7.103107971,0.248760383,0.366041122,0.20404007,-9.149551155,0.205389306,-7.103107971,0.612570746,1.700864637,0,0,0.022989411,0,0,1.301276643,0,0,1.29647986,0,0,0.022989411,0,0,1.214603742,0,0,0.007753099,0,0,0.022989411,0,0,0.000953086,0.001249095,0.00100648,0.000953086,0.001416819,2.37E-06,0.000953086,201.935256,201.935256,69.24729882,3,0,0,349.2883,349.2883,0,70.90099729,5,0,32.37366051,32.37366051,70.89152243,0,174.438783,174.438783,69.24729882,3,0,261.5162209,261.5162209,70.61623957,4,0,0.420586384,0.420586384,69.83332347,0,0,58.72200997,-15.27799003,72.81604723,0,0,0.205444071,-7.515139907,0.230040435,4.998491805,0.018470751,14.22331614,0.000949051,0.003068401,179.9118464,179.9118464,69.25890294,3,0,618.0636812,246.0636812,75.45452488,3,0,0,0,0,0,0,0,0,0,0,0,2.365037946,0.019205703,0,2.365037946,0.008374131,0,2.647374742,1.17116814,0,0,0,0,-0.33841888,138.4945976,0,0,138.4945976,0,0,207.7767088,75.45452488,0,1
YTRA,0.882000029,0,0,1,0,0,0.133687653,0.866312347,0.073577236,0.417808219,-0.08787122,0,0,0,0,0,0,0,0,0,0,0,0,0,0,0,0,0,0.111684797,-6.432174314,0.080096742,1.725521606,0.130779232,1.201542341,0.111684797,-6.432174314,0.083059532,1.176962059,0.112991053,-13.8133248,0.111684797,-6.432174314,-0.08787122,1.000422671,0,0,0.997285569,0,0,1.00072944,0,0,1.000507879,0,0,0.997285569,0,0,1.000497487,0,0,0.99417974,0,0,0.997285569,0,0,0,0,0,0,0,0,0,0,0,0.880377782,0,0,0,0,0,0,0.893743088,0,0,0,0,0.889377798,0,0,0,0.880377782,0,0,0,0,0.890510423,0,0,0,0,0.882000029,0,0,0,0,0.880377782,0,0,0.111766214,-6.826504614,0.092133483,4.305504567,0.997119398,1.001821085,0,0,0,0,0.88077674,0,0,0,0,0.951467258,0,0,0,0,0,0,0,0,0,0,0,0,0,0,0,0,0,0,0,0,0,0,0,0,0.008863575,0,0,0,0,0,0,0,0,0,1
YUM,136.1199951,0,0,1,0,0,0.0908,0.9092,0.069610183,0.015481172,0.512872303,0,0,817,0,817,0,0,681,681,0,544,408,817,1,1,1,1,0.083854588,-6.232907238,0.072314543,1.874621105,0.032146677,3.554226785,0.083854588,-6.232907238,0.073882612,1.295351623,0.084574899,-15.40466549,0.083854588,-6.232907238,0.512872303,1.601166194,0,0,0.053182262,0,0,2.416800559,0,0,5.328603078,0,0,0.053182262,0,0,1.839996675,0,0,0.000709129,0,0,0.053182262,0,0,0.001763108,0.001821826,0.003229209,0.001763108,0.001794827,1.71E-07,0.001763108,373.5587344,373.5587344,132.1644911,3,0,132.1644911,509.4430299,-307.5569701,0,141.3453995,-2,0,103.8682255,103.8682255,135.557277,1,322.6931854,-358.3068146,135.5652123,-3,0,331.2888047,-349.7111953,141.3453995,-2,0,0.030330516,0.030330516,133.1066548,0,0,108.6294695,108.6294695,132.1644911,1,0,0.083601246,-6.619461123,0.077492809,4.142598818,0.044334429,7.029072759,0.001777109,0.001297504,336.8869536,-207.1130464,135.5652123,-2,0,261.354523,-146.645477,141.3453995,-1,0,1,0,0,0,0,0,0,0,0,0,1.821053092,-0.109818884,0.197383251,-1.821053092,-0.052435495,0,-1.369289549,-0.268142578,0.607017697,0,0,0,8.611622301,264.3289823,0,0,-271.1304246,0,0,-135.5652123,0,132.1644911,1
YUMC,39.97999954,0,0,1,0,0,0.03935743,0.96064257,0.093051118,0.128151261,0.333150179,360,80,40,0,120,0,0,240,40,0,40,40,480,1,1,1,1,0.045834181,-5.960677317,0.074827651,1.823972137,0.069291471,2.097053737,0.045834181,-5.960677317,0.069163449,1.365067097,0.045269763,-17.71227451,0.045834181,-5.960677317,0.333150179,1.42144407,,,0.122921284,,,1.899218167,,,2.090655847,,,0.122921284,,,1.616167585,,,0.001971552,,,0.122921284,,,0.002622815,0.000889125,0.000777621,0.002622815,0.001108138,2.98E-07,0.002622815,555.7094033,195.7094033,38.32834372,5,,153.3133749,248.6287903,128.6287903,,39.46184465,3,,25.01236055,25.01236055,39.55048255,1,480.0413454,240.0413454,38.32834372,6,,204.5398509,164.5398509,39.34691566,4,,0.052783985,0.052783985,38.97193915,0,,161.5981962,161.5981962,38.32834372,4,,0.045845429,-6.341914334,0.057827707,3.8968016,0.107498114,3.936929476,0.002641397,0.000534477,500.7302068,460.7302068,38.380714,12,,107.65899,67.65898997,40.08211443,2,,1,,,,,,,,,,2.775755787,0.155947235,0.068713037,3.330906945,0.116463011,0,7.541227016,0.47453321,2.22060463,,,,0.232247941,114.9850312,0,0,114.9850312,0,0,307.045712,0,76.65668744,1
ZBH,88.29000092,0,0,1,0,0,0.1204,0.8796,0.08353222,0.428870293,0.049367674,0,0,0,0,0,0,0,0,0,0,0,706,0,1,1,1,1,0.108882001,-6.412106013,0.088462577,1.587641282,0.135715182,1.158306332,0.108882001,-6.412106013,0.090582835,1.093653992,0.109595248,-14.00009566,0.108882001,-6.412106013,0.049367674,1.137661565,0,0,0.437359087,0,0,1.227237699,0,0,1.161128573,0,0,0.437359087,0,0,1.151486724,0,0,0.164365792,0,0,0.437359087,0,0,0.004092801,0.000235696,0.000173312,0.004092801,0.000408317,1.03E-05,0.004092801,867.1628618,867.1628618,84.90965276,10,0,254.7289583,65.90855233,65.90855233,0,86.94172553,1,0,5.57460393,5.57460393,86.64190736,0,749.0858072,749.0858072,84.90965276,9,0,75.36713929,75.36713929,86.65235137,1,0,1.832039467,1.832039467,85.63942207,0,0,252.1676859,252.1676859,84.90965276,3,0,0.108952843,-6.805823242,0.096830682,4.354136628,0.415704607,1.753430794,0.00408944,0.000133987,775.2358174,775.2358174,84.93204181,9,0,26.98885958,-679.0111404,91.74921576,-7,0,1,0,0,0,0,0,0,0,0,0,6.424234924,0.039384451,0,5.781811432,0.018688735,0,6.513641719,-2.07358657,1.927270477,0,0,0,0,509.4579165,0,0,509.4579165,0,0,594.5242927,-183.4984315,169.8193055,1
ZBRA,375.8599854,0,0,1,0,0,0.7916,0.2084,0.766109785,0.972384937,0.620100447,0,0,0,0,0,0,0,0,0,0,0,0,0,1,1,1,1,0.78552612,-11.25694557,0.770748463,-0.585419077,0.837883249,-0.963110277,0.78552612,-11.25694557,0.77246834,-0.415799933,0.785867606,4.993310139,0.78552612,-11.25694557,0.620100447,1.708394338,,,0.002408619,,,0.730867206,,,0.597024272,,,0.002408619,,,0.80036829,,,14.50055533,,,0.002408619,,,0.000101502,0.000714068,0.000471951,0.000101502,0.00094591,0.004513172,0.000101502,21.50564837,21.50564837,359.7827659,0,,0,199.6771111,199.6771111,,354.0880964,1,,15.18040456,15.18040456,354.0880964,0,18.57733613,18.57733613,359.7827659,0,,174.5958827,174.5958827,354.0880964,0,,800.4111636,800.4111636,379.9204695,2,,6.253761343,6.253761343,359.7827659,0,,0.785640714,-11.78022345,0.777408357,-7.254839411,0.001819952,0.020540477,9.52E-05,4.48E-06,18.05180435,18.05180435,359.8874934,0,,0.9028043,0.9028043,355.959061,0,,1,,,,,,,,,,0,0.00535493,0,0,0,0.779160817,0,0,0,,,,0,0,0,0,0,0,379.9204695,0,0,0,1
ZG,28.09499931,0,0,1,0,0,0.1136,0.8864,0.109785203,0.144769874,0.228992759,0,0,0,0,0,0,28,0,0,0,253,365,0,1,1,1,1,0.112694361,-6.439402894,0.110481412,1.304071488,0.121522028,1.289969186,0.112694361,-6.439402894,0.110736617,0.914760111,0.112743631,-13.826902,0.112694361,-6.439402894,0.228992759,1.31728665,0,0,0.169562726,0,0,1.432424216,0,0,1.426868291,0,0,0.169562726,0,0,1.28670431,0,0,0.022140751,0,0,0.169562726,0,0,0.00272993,0.000494571,0.000388478,0.00272993,0.000704255,2.48E-06,0.00272993,578.4044121,578.4044121,26.30937989,22,0,131.5468995,138.2984219,138.2984219,0,27.25480028,5,0,12.49548535,12.49548535,27.24572273,0,499.646093,499.646093,26.30937989,19,0,129.9912373,129.9912373,27.07906165,5,0,0.439379533,0.439379533,26.6421772,0,0,168.1978191,140.1978191,26.30937989,5,0,0.112713191,-6.833465937,0.111476431,4.494438498,0.152113869,3.450608637,0.002733706,0.000384925,518.2291619,265.2291619,26.32617388,10,0,77.53495941,-287.4650406,29.92861123,-10,0,1,0,0,0,0,0,0,0,0,0,14.25390644,0.132859566,0,12.31019192,0.065373911,0,7.296290111,-3.15624647,3.23952419,0,0,0,0,368.3313185,0,0,315.7125587,0,0,184.2832171,-89.78583369,78.92813968,0
ZM,92.87999725,0,0,1,0,0,0.483610962,0.516389038,0.545066667,0.521987436,0.365960545,0,0,0,0,0,0,0,0,0,0,0,279,0,1,1,1,1,0.49728476,-9.193108611,0.532931217,-0.054989738,0.515828775,-0.028513231,0.49728476,-9.193108611,0.528064836,-0.032913667,0.496242397,1.338362041,0.49728476,-9.193108611,0.365960545,1.454254436,,,0.03197637,,,0.979617302,,,0.989378792,,,0.03197637,,,0.987749704,,,1.650713618,,,0.03197637,,,0.000742421,0.000502454,0.000404093,0.000742421,0.000724601,0.000272604,0.000742421,157.30047,157.30047,88.62437283,2,,88.62437283,140.5029377,140.5029377,,88.02482652,2,,12.99775294,12.99775294,88.02482652,0,135.8816835,135.8816835,88.62437283,2,,133.7466183,133.7466183,88.02482652,2,,48.34626512,48.34626512,91.19863858,1,,45.74238272,45.74238272,88.62437283,1,,0.497283523,-9.660480903,0.515777323,1.592310874,0.026842042,1.815407282,0.000724413,0.00026141,137.3270539,137.3270539,88.69151526,2,,52.65541982,-226.3445802,97.97444188,-2,,1,,,,,,,,,,2,9.45E-05,0,2,3.39E-05,0.027987702,2,-0.079232935,1,,,,0,177.2487457,0,0,177.2487457,0,0,177.3830305,0,88.62437283,1
ZTS,69.69000244,0,0,1,0,0,0.1128,0.8872,0.124105012,0.00460251,0.275821535,0,0,279,0,279,0,70,0,0,0,0,348,279,1,1,1,1,0.110462563,-6.423422996,0.118195519,1.224603652,0.012113021,5.5789468,0.110462563,-6.423422996,0.119930185,0.849059921,0.112340613,-13.84902789,0.110462563,-6.423422996,0.275821535,1.364115426,0,0,0.136079973,0,0,1.462645819,0,0,5.653627944,0,0,0.136079973,0,0,1.301657369,0,0,0.013565727,0,0,0.136079973,0,0,0.00249324,0.000580757,0.001776276,0.00249324,0.000790073,1.74E-06,0.00249324,528.2556828,528.2556828,66.44247667,8,0,66.44247667,162.3989561,-116.6010439,0,72.44157261,-2,0,57.13429449,57.13429449,70.01675501,1,456.3258553,456.3258553,66.44247667,7,0,145.8314898,145.8314898,68.26121447,2,0,0.30887748,0.30887748,67.06238164,0,0,153.6147579,83.61475795,66.44247667,1,0,0.108694928,-6.803927286,0.116708863,4.540403181,0.120915725,4.095231476,0.002508566,0.000499931,475.5492663,475.5492663,66.46486818,7,0,100.7005107,-247.2994893,72.44157261,-3,0,1,0,0,0,0,0,0,0,0,0,5.157545373,-0.046864191,0.486322616,4.512852201,0.022528211,0,5.063343525,-0.966340361,0.644693172,0,0,0,-0.025465095,332.2123833,0,0,332.2123833,0,0,332.3243409,-72.44157261,66.44247667,1